begin_version
3
end_version
begin_metric
1
end_metric
40
begin_variable
var0
-1
14
first b0 s12
first b1 s12
first b10 s12
first b11 s12
first b12 s12
first b13 s12
first b2 s12
first b3 s12
first b4 s12
first b5 s12
first b6 s12
first b7 s12
first b8 s12
first b9 s12
end_variable
begin_variable
var1
-1
14
first b0 s13
first b1 s13
first b10 s13
first b11 s13
first b12 s13
first b13 s13
first b2 s13
first b3 s13
first b4 s13
first b5 s13
first b6 s13
first b7 s13
first b8 s13
first b9 s13
end_variable
begin_variable
var2
-1
5
first b0 s12
first b0 s13
on b0 a1
on b0 a2
on b0 a3
end_variable
begin_variable
var3
-1
5
first b1 s12
first b1 s13
on b1 a1
on b1 a2
on b1 a3
end_variable
begin_variable
var4
-1
5
first b10 s12
first b10 s13
on b10 a1
on b10 a2
on b10 a3
end_variable
begin_variable
var5
-1
5
first b12 s12
first b12 s13
on b12 a1
on b12 a2
on b12 a3
end_variable
begin_variable
var6
-1
5
first b13 s12
first b13 s13
on b13 a1
on b13 a2
on b13 a3
end_variable
begin_variable
var7
-1
5
first b3 s12
first b3 s13
on b3 a1
on b3 a2
on b3 a3
end_variable
begin_variable
var8
-1
5
first b4 s12
first b4 s13
on b4 a1
on b4 a2
on b4 a3
end_variable
begin_variable
var9
-1
5
first b5 s12
first b5 s13
on b5 a1
on b5 a2
on b5 a3
end_variable
begin_variable
var10
-1
5
first b6 s12
first b6 s13
on b6 a1
on b6 a2
on b6 a3
end_variable
begin_variable
var11
-1
5
first b7 s12
first b7 s13
on b7 a1
on b7 a2
on b7 a3
end_variable
begin_variable
var12
-1
5
first b8 s12
first b8 s13
on b8 a1
on b8 a2
on b8 a3
end_variable
begin_variable
var13
-1
5
first b9 s12
first b9 s13
on b9 a1
on b9 a2
on b9 a3
end_variable
begin_variable
var14
-1
2
not-occupied ta1-1-gasoleo
occupied ta1-1-gasoleo
end_variable
begin_variable
var15
-1
2
not-occupied ta1-1-lco
occupied ta1-1-lco
end_variable
begin_variable
var16
-1
2
not-occupied ta1-1-oca1
occupied ta1-1-oca1
end_variable
begin_variable
var17
-1
2
not-occupied ta1-1-rat-a
occupied ta1-1-rat-a
end_variable
begin_variable
var18
-1
2
not-occupied ta1-2-lco
occupied ta1-2-lco
end_variable
begin_variable
var19
-1
2
not-occupied ta1-2-oca1
occupied ta1-2-oca1
end_variable
begin_variable
var20
-1
2
not-occupied ta1-2-rat-a
occupied ta1-2-rat-a
end_variable
begin_variable
var21
-1
2
not-occupied ta1-3-lco
occupied ta1-3-lco
end_variable
begin_variable
var22
-1
2
not-occupied ta2-1-gasoleo
occupied ta2-1-gasoleo
end_variable
begin_variable
var23
-1
2
not-occupied ta2-1-lco
occupied ta2-1-lco
end_variable
begin_variable
var24
-1
2
not-occupied ta2-1-oca1
occupied ta2-1-oca1
end_variable
begin_variable
var25
-1
2
not-occupied ta2-1-rat-a
occupied ta2-1-rat-a
end_variable
begin_variable
var26
-1
2
not-occupied ta2-2-lco
occupied ta2-2-lco
end_variable
begin_variable
var27
-1
2
not-occupied ta2-2-oca1
occupied ta2-2-oca1
end_variable
begin_variable
var28
-1
2
not-occupied ta2-2-rat-a
occupied ta2-2-rat-a
end_variable
begin_variable
var29
-1
2
not-occupied ta2-3-lco
occupied ta2-3-lco
end_variable
begin_variable
var30
-1
2
not-occupied ta3-1-gasoleo
occupied ta3-1-gasoleo
end_variable
begin_variable
var31
-1
2
not-occupied ta3-1-lco
occupied ta3-1-lco
end_variable
begin_variable
var32
-1
2
not-occupied ta3-1-oca1
occupied ta3-1-oca1
end_variable
begin_variable
var33
-1
2
not-occupied ta3-1-rat-a
occupied ta3-1-rat-a
end_variable
begin_variable
var34
-1
2
not-occupied ta3-2-lco
occupied ta3-2-lco
end_variable
begin_variable
var35
-1
2
not-occupied ta3-2-oca1
occupied ta3-2-oca1
end_variable
begin_variable
var36
-1
2
not-occupied ta3-2-rat-a
occupied ta3-2-rat-a
end_variable
begin_variable
var37
-1
2
not-occupied ta3-3-lco
occupied ta3-3-lco
end_variable
begin_variable
var38
-1
4
first b11 s12
first b11 s13
on b11 a1
on b11 a2
end_variable
begin_variable
var39
-1
4
first b2 s12
first b2 s13
on b2 a1
on b2 a3
end_variable
40
begin_mutex_group
2
14 0
14 1
end_mutex_group
begin_mutex_group
2
15 0
15 1
end_mutex_group
begin_mutex_group
2
16 0
16 1
end_mutex_group
begin_mutex_group
2
17 0
17 1
end_mutex_group
begin_mutex_group
2
18 0
18 1
end_mutex_group
begin_mutex_group
2
19 0
19 1
end_mutex_group
begin_mutex_group
2
20 0
20 1
end_mutex_group
begin_mutex_group
2
21 0
21 1
end_mutex_group
begin_mutex_group
2
22 0
22 1
end_mutex_group
begin_mutex_group
2
23 0
23 1
end_mutex_group
begin_mutex_group
2
24 0
24 1
end_mutex_group
begin_mutex_group
2
25 0
25 1
end_mutex_group
begin_mutex_group
2
26 0
26 1
end_mutex_group
begin_mutex_group
2
27 0
27 1
end_mutex_group
begin_mutex_group
2
28 0
28 1
end_mutex_group
begin_mutex_group
2
29 0
29 1
end_mutex_group
begin_mutex_group
2
30 0
30 1
end_mutex_group
begin_mutex_group
2
31 0
31 1
end_mutex_group
begin_mutex_group
2
32 0
32 1
end_mutex_group
begin_mutex_group
2
33 0
33 1
end_mutex_group
begin_mutex_group
2
34 0
34 1
end_mutex_group
begin_mutex_group
2
35 0
35 1
end_mutex_group
begin_mutex_group
2
36 0
36 1
end_mutex_group
begin_mutex_group
2
37 0
37 1
end_mutex_group
begin_mutex_group
4
0 3
1 3
38 2
38 3
end_mutex_group
begin_mutex_group
4
0 6
1 6
39 2
39 3
end_mutex_group
begin_mutex_group
5
0 0
1 0
2 2
2 3
2 4
end_mutex_group
begin_mutex_group
5
0 1
1 1
3 2
3 3
3 4
end_mutex_group
begin_mutex_group
5
0 2
1 2
4 2
4 3
4 4
end_mutex_group
begin_mutex_group
5
0 4
1 4
5 2
5 3
5 4
end_mutex_group
begin_mutex_group
5
0 5
1 5
6 2
6 3
6 4
end_mutex_group
begin_mutex_group
5
0 7
1 7
7 2
7 3
7 4
end_mutex_group
begin_mutex_group
5
0 8
1 8
8 2
8 3
8 4
end_mutex_group
begin_mutex_group
5
0 9
1 9
9 2
9 3
9 4
end_mutex_group
begin_mutex_group
5
0 10
1 10
10 2
10 3
10 4
end_mutex_group
begin_mutex_group
5
0 11
1 11
11 2
11 3
11 4
end_mutex_group
begin_mutex_group
5
0 12
1 12
12 2
12 3
12 4
end_mutex_group
begin_mutex_group
5
0 13
1 13
13 2
13 3
13 4
end_mutex_group
begin_mutex_group
14
0 0
0 1
0 2
0 3
0 4
0 5
0 6
0 7
0 8
0 9
0 10
0 11
0 12
0 13
end_mutex_group
begin_mutex_group
14
1 0
1 1
1 2
1 3
1 4
1 5
1 6
1 7
1 8
1 9
1 10
1 11
1 12
1 13
end_mutex_group
begin_state
6
11
2
3
3
4
3
4
3
3
3
1
4
3
0
1
0
0
0
0
0
0
1
1
1
1
1
1
1
1
0
1
0
1
0
0
1
0
3
0
end_state
begin_goal
8
2 3
4 4
5 3
8 2
9 2
10 2
12 3
13 4
end_goal
3040
begin_operator
pop-unitarypipe s12 b0 a1 a2 b1 lco lco ta1-1-lco ta2-1-lco
0
5
0 0 1 0
0 2 3 0
0 3 0 2
0 15 0 1
0 23 1 0
1
end_operator
begin_operator
pop-unitarypipe s12 b0 a1 a2 b1 lco lco ta1-1-lco ta2-2-lco
0
5
0 0 1 0
0 2 3 0
0 3 0 2
0 15 0 1
0 26 1 0
1
end_operator
begin_operator
pop-unitarypipe s12 b0 a1 a2 b1 lco lco ta1-1-lco ta2-3-lco
0
5
0 0 1 0
0 2 3 0
0 3 0 2
0 15 0 1
0 29 1 0
1
end_operator
begin_operator
pop-unitarypipe s12 b0 a1 a2 b1 lco lco ta1-2-lco ta2-1-lco
0
5
0 0 1 0
0 2 3 0
0 3 0 2
0 18 0 1
0 23 1 0
1
end_operator
begin_operator
pop-unitarypipe s12 b0 a1 a2 b1 lco lco ta1-2-lco ta2-2-lco
0
5
0 0 1 0
0 2 3 0
0 3 0 2
0 18 0 1
0 26 1 0
1
end_operator
begin_operator
pop-unitarypipe s12 b0 a1 a2 b1 lco lco ta1-2-lco ta2-3-lco
0
5
0 0 1 0
0 2 3 0
0 3 0 2
0 18 0 1
0 29 1 0
1
end_operator
begin_operator
pop-unitarypipe s12 b0 a1 a2 b1 lco lco ta1-3-lco ta2-1-lco
0
5
0 0 1 0
0 2 3 0
0 3 0 2
0 21 0 1
0 23 1 0
1
end_operator
begin_operator
pop-unitarypipe s12 b0 a1 a2 b1 lco lco ta1-3-lco ta2-2-lco
0
5
0 0 1 0
0 2 3 0
0 3 0 2
0 21 0 1
0 26 1 0
1
end_operator
begin_operator
pop-unitarypipe s12 b0 a1 a2 b1 lco lco ta1-3-lco ta2-3-lco
0
5
0 0 1 0
0 2 3 0
0 3 0 2
0 21 0 1
0 29 1 0
1
end_operator
begin_operator
pop-unitarypipe s12 b0 a1 a2 b10 lco oca1 ta1-1-oca1 ta2-1-lco
0
5
0 0 2 0
0 2 3 0
0 4 0 2
0 16 0 1
0 23 1 0
1
end_operator
begin_operator
pop-unitarypipe s12 b0 a1 a2 b10 lco oca1 ta1-1-oca1 ta2-2-lco
0
5
0 0 2 0
0 2 3 0
0 4 0 2
0 16 0 1
0 26 1 0
1
end_operator
begin_operator
pop-unitarypipe s12 b0 a1 a2 b10 lco oca1 ta1-1-oca1 ta2-3-lco
0
5
0 0 2 0
0 2 3 0
0 4 0 2
0 16 0 1
0 29 1 0
1
end_operator
begin_operator
pop-unitarypipe s12 b0 a1 a2 b10 lco oca1 ta1-2-oca1 ta2-1-lco
0
5
0 0 2 0
0 2 3 0
0 4 0 2
0 19 0 1
0 23 1 0
1
end_operator
begin_operator
pop-unitarypipe s12 b0 a1 a2 b10 lco oca1 ta1-2-oca1 ta2-2-lco
0
5
0 0 2 0
0 2 3 0
0 4 0 2
0 19 0 1
0 26 1 0
1
end_operator
begin_operator
pop-unitarypipe s12 b0 a1 a2 b10 lco oca1 ta1-2-oca1 ta2-3-lco
0
5
0 0 2 0
0 2 3 0
0 4 0 2
0 19 0 1
0 29 1 0
1
end_operator
begin_operator
pop-unitarypipe s12 b0 a1 a2 b11 lco gasoleo ta1-1-gasoleo ta2-1-lco
0
5
0 0 3 0
0 2 3 0
0 14 0 1
0 23 1 0
0 38 0 2
1
end_operator
begin_operator
pop-unitarypipe s12 b0 a1 a2 b11 lco gasoleo ta1-1-gasoleo ta2-2-lco
0
5
0 0 3 0
0 2 3 0
0 14 0 1
0 26 1 0
0 38 0 2
1
end_operator
begin_operator
pop-unitarypipe s12 b0 a1 a2 b11 lco gasoleo ta1-1-gasoleo ta2-3-lco
0
5
0 0 3 0
0 2 3 0
0 14 0 1
0 29 1 0
0 38 0 2
1
end_operator
begin_operator
pop-unitarypipe s12 b0 a1 a2 b12 lco rat-a ta1-1-rat-a ta2-1-lco
0
5
0 0 4 0
0 2 3 0
0 5 0 2
0 17 0 1
0 23 1 0
1
end_operator
begin_operator
pop-unitarypipe s12 b0 a1 a2 b12 lco rat-a ta1-1-rat-a ta2-2-lco
0
5
0 0 4 0
0 2 3 0
0 5 0 2
0 17 0 1
0 26 1 0
1
end_operator
begin_operator
pop-unitarypipe s12 b0 a1 a2 b12 lco rat-a ta1-1-rat-a ta2-3-lco
0
5
0 0 4 0
0 2 3 0
0 5 0 2
0 17 0 1
0 29 1 0
1
end_operator
begin_operator
pop-unitarypipe s12 b0 a1 a2 b12 lco rat-a ta1-2-rat-a ta2-1-lco
0
5
0 0 4 0
0 2 3 0
0 5 0 2
0 20 0 1
0 23 1 0
1
end_operator
begin_operator
pop-unitarypipe s12 b0 a1 a2 b12 lco rat-a ta1-2-rat-a ta2-2-lco
0
5
0 0 4 0
0 2 3 0
0 5 0 2
0 20 0 1
0 26 1 0
1
end_operator
begin_operator
pop-unitarypipe s12 b0 a1 a2 b12 lco rat-a ta1-2-rat-a ta2-3-lco
0
5
0 0 4 0
0 2 3 0
0 5 0 2
0 20 0 1
0 29 1 0
1
end_operator
begin_operator
pop-unitarypipe s12 b0 a1 a2 b13 lco rat-a ta1-1-rat-a ta2-1-lco
0
5
0 0 5 0
0 2 3 0
0 6 0 2
0 17 0 1
0 23 1 0
1
end_operator
begin_operator
pop-unitarypipe s12 b0 a1 a2 b13 lco rat-a ta1-1-rat-a ta2-2-lco
0
5
0 0 5 0
0 2 3 0
0 6 0 2
0 17 0 1
0 26 1 0
1
end_operator
begin_operator
pop-unitarypipe s12 b0 a1 a2 b13 lco rat-a ta1-1-rat-a ta2-3-lco
0
5
0 0 5 0
0 2 3 0
0 6 0 2
0 17 0 1
0 29 1 0
1
end_operator
begin_operator
pop-unitarypipe s12 b0 a1 a2 b13 lco rat-a ta1-2-rat-a ta2-1-lco
0
5
0 0 5 0
0 2 3 0
0 6 0 2
0 20 0 1
0 23 1 0
1
end_operator
begin_operator
pop-unitarypipe s12 b0 a1 a2 b13 lco rat-a ta1-2-rat-a ta2-2-lco
0
5
0 0 5 0
0 2 3 0
0 6 0 2
0 20 0 1
0 26 1 0
1
end_operator
begin_operator
pop-unitarypipe s12 b0 a1 a2 b13 lco rat-a ta1-2-rat-a ta2-3-lco
0
5
0 0 5 0
0 2 3 0
0 6 0 2
0 20 0 1
0 29 1 0
1
end_operator
begin_operator
pop-unitarypipe s12 b0 a1 a2 b2 lco gasoleo ta1-1-gasoleo ta2-1-lco
0
5
0 0 6 0
0 2 3 0
0 14 0 1
0 23 1 0
0 39 0 2
1
end_operator
begin_operator
pop-unitarypipe s12 b0 a1 a2 b2 lco gasoleo ta1-1-gasoleo ta2-2-lco
0
5
0 0 6 0
0 2 3 0
0 14 0 1
0 26 1 0
0 39 0 2
1
end_operator
begin_operator
pop-unitarypipe s12 b0 a1 a2 b2 lco gasoleo ta1-1-gasoleo ta2-3-lco
0
5
0 0 6 0
0 2 3 0
0 14 0 1
0 29 1 0
0 39 0 2
1
end_operator
begin_operator
pop-unitarypipe s12 b0 a1 a2 b3 lco lco ta1-1-lco ta2-1-lco
0
5
0 0 7 0
0 2 3 0
0 7 0 2
0 15 0 1
0 23 1 0
1
end_operator
begin_operator
pop-unitarypipe s12 b0 a1 a2 b3 lco lco ta1-1-lco ta2-2-lco
0
5
0 0 7 0
0 2 3 0
0 7 0 2
0 15 0 1
0 26 1 0
1
end_operator
begin_operator
pop-unitarypipe s12 b0 a1 a2 b3 lco lco ta1-1-lco ta2-3-lco
0
5
0 0 7 0
0 2 3 0
0 7 0 2
0 15 0 1
0 29 1 0
1
end_operator
begin_operator
pop-unitarypipe s12 b0 a1 a2 b3 lco lco ta1-2-lco ta2-1-lco
0
5
0 0 7 0
0 2 3 0
0 7 0 2
0 18 0 1
0 23 1 0
1
end_operator
begin_operator
pop-unitarypipe s12 b0 a1 a2 b3 lco lco ta1-2-lco ta2-2-lco
0
5
0 0 7 0
0 2 3 0
0 7 0 2
0 18 0 1
0 26 1 0
1
end_operator
begin_operator
pop-unitarypipe s12 b0 a1 a2 b3 lco lco ta1-2-lco ta2-3-lco
0
5
0 0 7 0
0 2 3 0
0 7 0 2
0 18 0 1
0 29 1 0
1
end_operator
begin_operator
pop-unitarypipe s12 b0 a1 a2 b3 lco lco ta1-3-lco ta2-1-lco
0
5
0 0 7 0
0 2 3 0
0 7 0 2
0 21 0 1
0 23 1 0
1
end_operator
begin_operator
pop-unitarypipe s12 b0 a1 a2 b3 lco lco ta1-3-lco ta2-2-lco
0
5
0 0 7 0
0 2 3 0
0 7 0 2
0 21 0 1
0 26 1 0
1
end_operator
begin_operator
pop-unitarypipe s12 b0 a1 a2 b3 lco lco ta1-3-lco ta2-3-lco
0
5
0 0 7 0
0 2 3 0
0 7 0 2
0 21 0 1
0 29 1 0
1
end_operator
begin_operator
pop-unitarypipe s12 b0 a1 a2 b4 lco lco ta1-1-lco ta2-1-lco
0
5
0 0 8 0
0 2 3 0
0 8 0 2
0 15 0 1
0 23 1 0
1
end_operator
begin_operator
pop-unitarypipe s12 b0 a1 a2 b4 lco lco ta1-1-lco ta2-2-lco
0
5
0 0 8 0
0 2 3 0
0 8 0 2
0 15 0 1
0 26 1 0
1
end_operator
begin_operator
pop-unitarypipe s12 b0 a1 a2 b4 lco lco ta1-1-lco ta2-3-lco
0
5
0 0 8 0
0 2 3 0
0 8 0 2
0 15 0 1
0 29 1 0
1
end_operator
begin_operator
pop-unitarypipe s12 b0 a1 a2 b4 lco lco ta1-2-lco ta2-1-lco
0
5
0 0 8 0
0 2 3 0
0 8 0 2
0 18 0 1
0 23 1 0
1
end_operator
begin_operator
pop-unitarypipe s12 b0 a1 a2 b4 lco lco ta1-2-lco ta2-2-lco
0
5
0 0 8 0
0 2 3 0
0 8 0 2
0 18 0 1
0 26 1 0
1
end_operator
begin_operator
pop-unitarypipe s12 b0 a1 a2 b4 lco lco ta1-2-lco ta2-3-lco
0
5
0 0 8 0
0 2 3 0
0 8 0 2
0 18 0 1
0 29 1 0
1
end_operator
begin_operator
pop-unitarypipe s12 b0 a1 a2 b4 lco lco ta1-3-lco ta2-1-lco
0
5
0 0 8 0
0 2 3 0
0 8 0 2
0 21 0 1
0 23 1 0
1
end_operator
begin_operator
pop-unitarypipe s12 b0 a1 a2 b4 lco lco ta1-3-lco ta2-2-lco
0
5
0 0 8 0
0 2 3 0
0 8 0 2
0 21 0 1
0 26 1 0
1
end_operator
begin_operator
pop-unitarypipe s12 b0 a1 a2 b4 lco lco ta1-3-lco ta2-3-lco
0
5
0 0 8 0
0 2 3 0
0 8 0 2
0 21 0 1
0 29 1 0
1
end_operator
begin_operator
pop-unitarypipe s12 b0 a1 a2 b5 lco oca1 ta1-1-oca1 ta2-1-lco
0
5
0 0 9 0
0 2 3 0
0 9 0 2
0 16 0 1
0 23 1 0
1
end_operator
begin_operator
pop-unitarypipe s12 b0 a1 a2 b5 lco oca1 ta1-1-oca1 ta2-2-lco
0
5
0 0 9 0
0 2 3 0
0 9 0 2
0 16 0 1
0 26 1 0
1
end_operator
begin_operator
pop-unitarypipe s12 b0 a1 a2 b5 lco oca1 ta1-1-oca1 ta2-3-lco
0
5
0 0 9 0
0 2 3 0
0 9 0 2
0 16 0 1
0 29 1 0
1
end_operator
begin_operator
pop-unitarypipe s12 b0 a1 a2 b5 lco oca1 ta1-2-oca1 ta2-1-lco
0
5
0 0 9 0
0 2 3 0
0 9 0 2
0 19 0 1
0 23 1 0
1
end_operator
begin_operator
pop-unitarypipe s12 b0 a1 a2 b5 lco oca1 ta1-2-oca1 ta2-2-lco
0
5
0 0 9 0
0 2 3 0
0 9 0 2
0 19 0 1
0 26 1 0
1
end_operator
begin_operator
pop-unitarypipe s12 b0 a1 a2 b5 lco oca1 ta1-2-oca1 ta2-3-lco
0
5
0 0 9 0
0 2 3 0
0 9 0 2
0 19 0 1
0 29 1 0
1
end_operator
begin_operator
pop-unitarypipe s12 b0 a1 a2 b6 lco lco ta1-1-lco ta2-1-lco
0
5
0 0 10 0
0 2 3 0
0 10 0 2
0 15 0 1
0 23 1 0
1
end_operator
begin_operator
pop-unitarypipe s12 b0 a1 a2 b6 lco lco ta1-1-lco ta2-2-lco
0
5
0 0 10 0
0 2 3 0
0 10 0 2
0 15 0 1
0 26 1 0
1
end_operator
begin_operator
pop-unitarypipe s12 b0 a1 a2 b6 lco lco ta1-1-lco ta2-3-lco
0
5
0 0 10 0
0 2 3 0
0 10 0 2
0 15 0 1
0 29 1 0
1
end_operator
begin_operator
pop-unitarypipe s12 b0 a1 a2 b6 lco lco ta1-2-lco ta2-1-lco
0
5
0 0 10 0
0 2 3 0
0 10 0 2
0 18 0 1
0 23 1 0
1
end_operator
begin_operator
pop-unitarypipe s12 b0 a1 a2 b6 lco lco ta1-2-lco ta2-2-lco
0
5
0 0 10 0
0 2 3 0
0 10 0 2
0 18 0 1
0 26 1 0
1
end_operator
begin_operator
pop-unitarypipe s12 b0 a1 a2 b6 lco lco ta1-2-lco ta2-3-lco
0
5
0 0 10 0
0 2 3 0
0 10 0 2
0 18 0 1
0 29 1 0
1
end_operator
begin_operator
pop-unitarypipe s12 b0 a1 a2 b6 lco lco ta1-3-lco ta2-1-lco
0
5
0 0 10 0
0 2 3 0
0 10 0 2
0 21 0 1
0 23 1 0
1
end_operator
begin_operator
pop-unitarypipe s12 b0 a1 a2 b6 lco lco ta1-3-lco ta2-2-lco
0
5
0 0 10 0
0 2 3 0
0 10 0 2
0 21 0 1
0 26 1 0
1
end_operator
begin_operator
pop-unitarypipe s12 b0 a1 a2 b6 lco lco ta1-3-lco ta2-3-lco
0
5
0 0 10 0
0 2 3 0
0 10 0 2
0 21 0 1
0 29 1 0
1
end_operator
begin_operator
pop-unitarypipe s12 b0 a1 a2 b7 lco oca1 ta1-1-oca1 ta2-1-lco
0
5
0 0 11 0
0 2 3 0
0 11 0 2
0 16 0 1
0 23 1 0
1
end_operator
begin_operator
pop-unitarypipe s12 b0 a1 a2 b7 lco oca1 ta1-1-oca1 ta2-2-lco
0
5
0 0 11 0
0 2 3 0
0 11 0 2
0 16 0 1
0 26 1 0
1
end_operator
begin_operator
pop-unitarypipe s12 b0 a1 a2 b7 lco oca1 ta1-1-oca1 ta2-3-lco
0
5
0 0 11 0
0 2 3 0
0 11 0 2
0 16 0 1
0 29 1 0
1
end_operator
begin_operator
pop-unitarypipe s12 b0 a1 a2 b7 lco oca1 ta1-2-oca1 ta2-1-lco
0
5
0 0 11 0
0 2 3 0
0 11 0 2
0 19 0 1
0 23 1 0
1
end_operator
begin_operator
pop-unitarypipe s12 b0 a1 a2 b7 lco oca1 ta1-2-oca1 ta2-2-lco
0
5
0 0 11 0
0 2 3 0
0 11 0 2
0 19 0 1
0 26 1 0
1
end_operator
begin_operator
pop-unitarypipe s12 b0 a1 a2 b7 lco oca1 ta1-2-oca1 ta2-3-lco
0
5
0 0 11 0
0 2 3 0
0 11 0 2
0 19 0 1
0 29 1 0
1
end_operator
begin_operator
pop-unitarypipe s12 b0 a1 a2 b8 lco rat-a ta1-1-rat-a ta2-1-lco
0
5
0 0 12 0
0 2 3 0
0 12 0 2
0 17 0 1
0 23 1 0
1
end_operator
begin_operator
pop-unitarypipe s12 b0 a1 a2 b8 lco rat-a ta1-1-rat-a ta2-2-lco
0
5
0 0 12 0
0 2 3 0
0 12 0 2
0 17 0 1
0 26 1 0
1
end_operator
begin_operator
pop-unitarypipe s12 b0 a1 a2 b8 lco rat-a ta1-1-rat-a ta2-3-lco
0
5
0 0 12 0
0 2 3 0
0 12 0 2
0 17 0 1
0 29 1 0
1
end_operator
begin_operator
pop-unitarypipe s12 b0 a1 a2 b8 lco rat-a ta1-2-rat-a ta2-1-lco
0
5
0 0 12 0
0 2 3 0
0 12 0 2
0 20 0 1
0 23 1 0
1
end_operator
begin_operator
pop-unitarypipe s12 b0 a1 a2 b8 lco rat-a ta1-2-rat-a ta2-2-lco
0
5
0 0 12 0
0 2 3 0
0 12 0 2
0 20 0 1
0 26 1 0
1
end_operator
begin_operator
pop-unitarypipe s12 b0 a1 a2 b8 lco rat-a ta1-2-rat-a ta2-3-lco
0
5
0 0 12 0
0 2 3 0
0 12 0 2
0 20 0 1
0 29 1 0
1
end_operator
begin_operator
pop-unitarypipe s12 b0 a1 a2 b9 lco rat-a ta1-1-rat-a ta2-1-lco
0
5
0 0 13 0
0 2 3 0
0 13 0 2
0 17 0 1
0 23 1 0
1
end_operator
begin_operator
pop-unitarypipe s12 b0 a1 a2 b9 lco rat-a ta1-1-rat-a ta2-2-lco
0
5
0 0 13 0
0 2 3 0
0 13 0 2
0 17 0 1
0 26 1 0
1
end_operator
begin_operator
pop-unitarypipe s12 b0 a1 a2 b9 lco rat-a ta1-1-rat-a ta2-3-lco
0
5
0 0 13 0
0 2 3 0
0 13 0 2
0 17 0 1
0 29 1 0
1
end_operator
begin_operator
pop-unitarypipe s12 b0 a1 a2 b9 lco rat-a ta1-2-rat-a ta2-1-lco
0
5
0 0 13 0
0 2 3 0
0 13 0 2
0 20 0 1
0 23 1 0
1
end_operator
begin_operator
pop-unitarypipe s12 b0 a1 a2 b9 lco rat-a ta1-2-rat-a ta2-2-lco
0
5
0 0 13 0
0 2 3 0
0 13 0 2
0 20 0 1
0 26 1 0
1
end_operator
begin_operator
pop-unitarypipe s12 b0 a1 a2 b9 lco rat-a ta1-2-rat-a ta2-3-lco
0
5
0 0 13 0
0 2 3 0
0 13 0 2
0 20 0 1
0 29 1 0
1
end_operator
begin_operator
pop-unitarypipe s12 b1 a1 a2 b0 lco lco ta1-1-lco ta2-1-lco
0
5
0 0 0 1
0 2 0 2
0 3 3 0
0 15 0 1
0 23 1 0
1
end_operator
begin_operator
pop-unitarypipe s12 b1 a1 a2 b0 lco lco ta1-1-lco ta2-2-lco
0
5
0 0 0 1
0 2 0 2
0 3 3 0
0 15 0 1
0 26 1 0
1
end_operator
begin_operator
pop-unitarypipe s12 b1 a1 a2 b0 lco lco ta1-1-lco ta2-3-lco
0
5
0 0 0 1
0 2 0 2
0 3 3 0
0 15 0 1
0 29 1 0
1
end_operator
begin_operator
pop-unitarypipe s12 b1 a1 a2 b0 lco lco ta1-2-lco ta2-1-lco
0
5
0 0 0 1
0 2 0 2
0 3 3 0
0 18 0 1
0 23 1 0
1
end_operator
begin_operator
pop-unitarypipe s12 b1 a1 a2 b0 lco lco ta1-2-lco ta2-2-lco
0
5
0 0 0 1
0 2 0 2
0 3 3 0
0 18 0 1
0 26 1 0
1
end_operator
begin_operator
pop-unitarypipe s12 b1 a1 a2 b0 lco lco ta1-2-lco ta2-3-lco
0
5
0 0 0 1
0 2 0 2
0 3 3 0
0 18 0 1
0 29 1 0
1
end_operator
begin_operator
pop-unitarypipe s12 b1 a1 a2 b0 lco lco ta1-3-lco ta2-1-lco
0
5
0 0 0 1
0 2 0 2
0 3 3 0
0 21 0 1
0 23 1 0
1
end_operator
begin_operator
pop-unitarypipe s12 b1 a1 a2 b0 lco lco ta1-3-lco ta2-2-lco
0
5
0 0 0 1
0 2 0 2
0 3 3 0
0 21 0 1
0 26 1 0
1
end_operator
begin_operator
pop-unitarypipe s12 b1 a1 a2 b0 lco lco ta1-3-lco ta2-3-lco
0
5
0 0 0 1
0 2 0 2
0 3 3 0
0 21 0 1
0 29 1 0
1
end_operator
begin_operator
pop-unitarypipe s12 b1 a1 a2 b10 lco oca1 ta1-1-oca1 ta2-1-lco
0
5
0 0 2 1
0 3 3 0
0 4 0 2
0 16 0 1
0 23 1 0
1
end_operator
begin_operator
pop-unitarypipe s12 b1 a1 a2 b10 lco oca1 ta1-1-oca1 ta2-2-lco
0
5
0 0 2 1
0 3 3 0
0 4 0 2
0 16 0 1
0 26 1 0
1
end_operator
begin_operator
pop-unitarypipe s12 b1 a1 a2 b10 lco oca1 ta1-1-oca1 ta2-3-lco
0
5
0 0 2 1
0 3 3 0
0 4 0 2
0 16 0 1
0 29 1 0
1
end_operator
begin_operator
pop-unitarypipe s12 b1 a1 a2 b10 lco oca1 ta1-2-oca1 ta2-1-lco
0
5
0 0 2 1
0 3 3 0
0 4 0 2
0 19 0 1
0 23 1 0
1
end_operator
begin_operator
pop-unitarypipe s12 b1 a1 a2 b10 lco oca1 ta1-2-oca1 ta2-2-lco
0
5
0 0 2 1
0 3 3 0
0 4 0 2
0 19 0 1
0 26 1 0
1
end_operator
begin_operator
pop-unitarypipe s12 b1 a1 a2 b10 lco oca1 ta1-2-oca1 ta2-3-lco
0
5
0 0 2 1
0 3 3 0
0 4 0 2
0 19 0 1
0 29 1 0
1
end_operator
begin_operator
pop-unitarypipe s12 b1 a1 a2 b11 lco gasoleo ta1-1-gasoleo ta2-1-lco
0
5
0 0 3 1
0 3 3 0
0 14 0 1
0 23 1 0
0 38 0 2
1
end_operator
begin_operator
pop-unitarypipe s12 b1 a1 a2 b11 lco gasoleo ta1-1-gasoleo ta2-2-lco
0
5
0 0 3 1
0 3 3 0
0 14 0 1
0 26 1 0
0 38 0 2
1
end_operator
begin_operator
pop-unitarypipe s12 b1 a1 a2 b11 lco gasoleo ta1-1-gasoleo ta2-3-lco
0
5
0 0 3 1
0 3 3 0
0 14 0 1
0 29 1 0
0 38 0 2
1
end_operator
begin_operator
pop-unitarypipe s12 b1 a1 a2 b12 lco rat-a ta1-1-rat-a ta2-1-lco
0
5
0 0 4 1
0 3 3 0
0 5 0 2
0 17 0 1
0 23 1 0
1
end_operator
begin_operator
pop-unitarypipe s12 b1 a1 a2 b12 lco rat-a ta1-1-rat-a ta2-2-lco
0
5
0 0 4 1
0 3 3 0
0 5 0 2
0 17 0 1
0 26 1 0
1
end_operator
begin_operator
pop-unitarypipe s12 b1 a1 a2 b12 lco rat-a ta1-1-rat-a ta2-3-lco
0
5
0 0 4 1
0 3 3 0
0 5 0 2
0 17 0 1
0 29 1 0
1
end_operator
begin_operator
pop-unitarypipe s12 b1 a1 a2 b12 lco rat-a ta1-2-rat-a ta2-1-lco
0
5
0 0 4 1
0 3 3 0
0 5 0 2
0 20 0 1
0 23 1 0
1
end_operator
begin_operator
pop-unitarypipe s12 b1 a1 a2 b12 lco rat-a ta1-2-rat-a ta2-2-lco
0
5
0 0 4 1
0 3 3 0
0 5 0 2
0 20 0 1
0 26 1 0
1
end_operator
begin_operator
pop-unitarypipe s12 b1 a1 a2 b12 lco rat-a ta1-2-rat-a ta2-3-lco
0
5
0 0 4 1
0 3 3 0
0 5 0 2
0 20 0 1
0 29 1 0
1
end_operator
begin_operator
pop-unitarypipe s12 b1 a1 a2 b13 lco rat-a ta1-1-rat-a ta2-1-lco
0
5
0 0 5 1
0 3 3 0
0 6 0 2
0 17 0 1
0 23 1 0
1
end_operator
begin_operator
pop-unitarypipe s12 b1 a1 a2 b13 lco rat-a ta1-1-rat-a ta2-2-lco
0
5
0 0 5 1
0 3 3 0
0 6 0 2
0 17 0 1
0 26 1 0
1
end_operator
begin_operator
pop-unitarypipe s12 b1 a1 a2 b13 lco rat-a ta1-1-rat-a ta2-3-lco
0
5
0 0 5 1
0 3 3 0
0 6 0 2
0 17 0 1
0 29 1 0
1
end_operator
begin_operator
pop-unitarypipe s12 b1 a1 a2 b13 lco rat-a ta1-2-rat-a ta2-1-lco
0
5
0 0 5 1
0 3 3 0
0 6 0 2
0 20 0 1
0 23 1 0
1
end_operator
begin_operator
pop-unitarypipe s12 b1 a1 a2 b13 lco rat-a ta1-2-rat-a ta2-2-lco
0
5
0 0 5 1
0 3 3 0
0 6 0 2
0 20 0 1
0 26 1 0
1
end_operator
begin_operator
pop-unitarypipe s12 b1 a1 a2 b13 lco rat-a ta1-2-rat-a ta2-3-lco
0
5
0 0 5 1
0 3 3 0
0 6 0 2
0 20 0 1
0 29 1 0
1
end_operator
begin_operator
pop-unitarypipe s12 b1 a1 a2 b2 lco gasoleo ta1-1-gasoleo ta2-1-lco
0
5
0 0 6 1
0 3 3 0
0 14 0 1
0 23 1 0
0 39 0 2
1
end_operator
begin_operator
pop-unitarypipe s12 b1 a1 a2 b2 lco gasoleo ta1-1-gasoleo ta2-2-lco
0
5
0 0 6 1
0 3 3 0
0 14 0 1
0 26 1 0
0 39 0 2
1
end_operator
begin_operator
pop-unitarypipe s12 b1 a1 a2 b2 lco gasoleo ta1-1-gasoleo ta2-3-lco
0
5
0 0 6 1
0 3 3 0
0 14 0 1
0 29 1 0
0 39 0 2
1
end_operator
begin_operator
pop-unitarypipe s12 b1 a1 a2 b3 lco lco ta1-1-lco ta2-1-lco
0
5
0 0 7 1
0 3 3 0
0 7 0 2
0 15 0 1
0 23 1 0
1
end_operator
begin_operator
pop-unitarypipe s12 b1 a1 a2 b3 lco lco ta1-1-lco ta2-2-lco
0
5
0 0 7 1
0 3 3 0
0 7 0 2
0 15 0 1
0 26 1 0
1
end_operator
begin_operator
pop-unitarypipe s12 b1 a1 a2 b3 lco lco ta1-1-lco ta2-3-lco
0
5
0 0 7 1
0 3 3 0
0 7 0 2
0 15 0 1
0 29 1 0
1
end_operator
begin_operator
pop-unitarypipe s12 b1 a1 a2 b3 lco lco ta1-2-lco ta2-1-lco
0
5
0 0 7 1
0 3 3 0
0 7 0 2
0 18 0 1
0 23 1 0
1
end_operator
begin_operator
pop-unitarypipe s12 b1 a1 a2 b3 lco lco ta1-2-lco ta2-2-lco
0
5
0 0 7 1
0 3 3 0
0 7 0 2
0 18 0 1
0 26 1 0
1
end_operator
begin_operator
pop-unitarypipe s12 b1 a1 a2 b3 lco lco ta1-2-lco ta2-3-lco
0
5
0 0 7 1
0 3 3 0
0 7 0 2
0 18 0 1
0 29 1 0
1
end_operator
begin_operator
pop-unitarypipe s12 b1 a1 a2 b3 lco lco ta1-3-lco ta2-1-lco
0
5
0 0 7 1
0 3 3 0
0 7 0 2
0 21 0 1
0 23 1 0
1
end_operator
begin_operator
pop-unitarypipe s12 b1 a1 a2 b3 lco lco ta1-3-lco ta2-2-lco
0
5
0 0 7 1
0 3 3 0
0 7 0 2
0 21 0 1
0 26 1 0
1
end_operator
begin_operator
pop-unitarypipe s12 b1 a1 a2 b3 lco lco ta1-3-lco ta2-3-lco
0
5
0 0 7 1
0 3 3 0
0 7 0 2
0 21 0 1
0 29 1 0
1
end_operator
begin_operator
pop-unitarypipe s12 b1 a1 a2 b4 lco lco ta1-1-lco ta2-1-lco
0
5
0 0 8 1
0 3 3 0
0 8 0 2
0 15 0 1
0 23 1 0
1
end_operator
begin_operator
pop-unitarypipe s12 b1 a1 a2 b4 lco lco ta1-1-lco ta2-2-lco
0
5
0 0 8 1
0 3 3 0
0 8 0 2
0 15 0 1
0 26 1 0
1
end_operator
begin_operator
pop-unitarypipe s12 b1 a1 a2 b4 lco lco ta1-1-lco ta2-3-lco
0
5
0 0 8 1
0 3 3 0
0 8 0 2
0 15 0 1
0 29 1 0
1
end_operator
begin_operator
pop-unitarypipe s12 b1 a1 a2 b4 lco lco ta1-2-lco ta2-1-lco
0
5
0 0 8 1
0 3 3 0
0 8 0 2
0 18 0 1
0 23 1 0
1
end_operator
begin_operator
pop-unitarypipe s12 b1 a1 a2 b4 lco lco ta1-2-lco ta2-2-lco
0
5
0 0 8 1
0 3 3 0
0 8 0 2
0 18 0 1
0 26 1 0
1
end_operator
begin_operator
pop-unitarypipe s12 b1 a1 a2 b4 lco lco ta1-2-lco ta2-3-lco
0
5
0 0 8 1
0 3 3 0
0 8 0 2
0 18 0 1
0 29 1 0
1
end_operator
begin_operator
pop-unitarypipe s12 b1 a1 a2 b4 lco lco ta1-3-lco ta2-1-lco
0
5
0 0 8 1
0 3 3 0
0 8 0 2
0 21 0 1
0 23 1 0
1
end_operator
begin_operator
pop-unitarypipe s12 b1 a1 a2 b4 lco lco ta1-3-lco ta2-2-lco
0
5
0 0 8 1
0 3 3 0
0 8 0 2
0 21 0 1
0 26 1 0
1
end_operator
begin_operator
pop-unitarypipe s12 b1 a1 a2 b4 lco lco ta1-3-lco ta2-3-lco
0
5
0 0 8 1
0 3 3 0
0 8 0 2
0 21 0 1
0 29 1 0
1
end_operator
begin_operator
pop-unitarypipe s12 b1 a1 a2 b5 lco oca1 ta1-1-oca1 ta2-1-lco
0
5
0 0 9 1
0 3 3 0
0 9 0 2
0 16 0 1
0 23 1 0
1
end_operator
begin_operator
pop-unitarypipe s12 b1 a1 a2 b5 lco oca1 ta1-1-oca1 ta2-2-lco
0
5
0 0 9 1
0 3 3 0
0 9 0 2
0 16 0 1
0 26 1 0
1
end_operator
begin_operator
pop-unitarypipe s12 b1 a1 a2 b5 lco oca1 ta1-1-oca1 ta2-3-lco
0
5
0 0 9 1
0 3 3 0
0 9 0 2
0 16 0 1
0 29 1 0
1
end_operator
begin_operator
pop-unitarypipe s12 b1 a1 a2 b5 lco oca1 ta1-2-oca1 ta2-1-lco
0
5
0 0 9 1
0 3 3 0
0 9 0 2
0 19 0 1
0 23 1 0
1
end_operator
begin_operator
pop-unitarypipe s12 b1 a1 a2 b5 lco oca1 ta1-2-oca1 ta2-2-lco
0
5
0 0 9 1
0 3 3 0
0 9 0 2
0 19 0 1
0 26 1 0
1
end_operator
begin_operator
pop-unitarypipe s12 b1 a1 a2 b5 lco oca1 ta1-2-oca1 ta2-3-lco
0
5
0 0 9 1
0 3 3 0
0 9 0 2
0 19 0 1
0 29 1 0
1
end_operator
begin_operator
pop-unitarypipe s12 b1 a1 a2 b6 lco lco ta1-1-lco ta2-1-lco
0
5
0 0 10 1
0 3 3 0
0 10 0 2
0 15 0 1
0 23 1 0
1
end_operator
begin_operator
pop-unitarypipe s12 b1 a1 a2 b6 lco lco ta1-1-lco ta2-2-lco
0
5
0 0 10 1
0 3 3 0
0 10 0 2
0 15 0 1
0 26 1 0
1
end_operator
begin_operator
pop-unitarypipe s12 b1 a1 a2 b6 lco lco ta1-1-lco ta2-3-lco
0
5
0 0 10 1
0 3 3 0
0 10 0 2
0 15 0 1
0 29 1 0
1
end_operator
begin_operator
pop-unitarypipe s12 b1 a1 a2 b6 lco lco ta1-2-lco ta2-1-lco
0
5
0 0 10 1
0 3 3 0
0 10 0 2
0 18 0 1
0 23 1 0
1
end_operator
begin_operator
pop-unitarypipe s12 b1 a1 a2 b6 lco lco ta1-2-lco ta2-2-lco
0
5
0 0 10 1
0 3 3 0
0 10 0 2
0 18 0 1
0 26 1 0
1
end_operator
begin_operator
pop-unitarypipe s12 b1 a1 a2 b6 lco lco ta1-2-lco ta2-3-lco
0
5
0 0 10 1
0 3 3 0
0 10 0 2
0 18 0 1
0 29 1 0
1
end_operator
begin_operator
pop-unitarypipe s12 b1 a1 a2 b6 lco lco ta1-3-lco ta2-1-lco
0
5
0 0 10 1
0 3 3 0
0 10 0 2
0 21 0 1
0 23 1 0
1
end_operator
begin_operator
pop-unitarypipe s12 b1 a1 a2 b6 lco lco ta1-3-lco ta2-2-lco
0
5
0 0 10 1
0 3 3 0
0 10 0 2
0 21 0 1
0 26 1 0
1
end_operator
begin_operator
pop-unitarypipe s12 b1 a1 a2 b6 lco lco ta1-3-lco ta2-3-lco
0
5
0 0 10 1
0 3 3 0
0 10 0 2
0 21 0 1
0 29 1 0
1
end_operator
begin_operator
pop-unitarypipe s12 b1 a1 a2 b7 lco oca1 ta1-1-oca1 ta2-1-lco
0
5
0 0 11 1
0 3 3 0
0 11 0 2
0 16 0 1
0 23 1 0
1
end_operator
begin_operator
pop-unitarypipe s12 b1 a1 a2 b7 lco oca1 ta1-1-oca1 ta2-2-lco
0
5
0 0 11 1
0 3 3 0
0 11 0 2
0 16 0 1
0 26 1 0
1
end_operator
begin_operator
pop-unitarypipe s12 b1 a1 a2 b7 lco oca1 ta1-1-oca1 ta2-3-lco
0
5
0 0 11 1
0 3 3 0
0 11 0 2
0 16 0 1
0 29 1 0
1
end_operator
begin_operator
pop-unitarypipe s12 b1 a1 a2 b7 lco oca1 ta1-2-oca1 ta2-1-lco
0
5
0 0 11 1
0 3 3 0
0 11 0 2
0 19 0 1
0 23 1 0
1
end_operator
begin_operator
pop-unitarypipe s12 b1 a1 a2 b7 lco oca1 ta1-2-oca1 ta2-2-lco
0
5
0 0 11 1
0 3 3 0
0 11 0 2
0 19 0 1
0 26 1 0
1
end_operator
begin_operator
pop-unitarypipe s12 b1 a1 a2 b7 lco oca1 ta1-2-oca1 ta2-3-lco
0
5
0 0 11 1
0 3 3 0
0 11 0 2
0 19 0 1
0 29 1 0
1
end_operator
begin_operator
pop-unitarypipe s12 b1 a1 a2 b8 lco rat-a ta1-1-rat-a ta2-1-lco
0
5
0 0 12 1
0 3 3 0
0 12 0 2
0 17 0 1
0 23 1 0
1
end_operator
begin_operator
pop-unitarypipe s12 b1 a1 a2 b8 lco rat-a ta1-1-rat-a ta2-2-lco
0
5
0 0 12 1
0 3 3 0
0 12 0 2
0 17 0 1
0 26 1 0
1
end_operator
begin_operator
pop-unitarypipe s12 b1 a1 a2 b8 lco rat-a ta1-1-rat-a ta2-3-lco
0
5
0 0 12 1
0 3 3 0
0 12 0 2
0 17 0 1
0 29 1 0
1
end_operator
begin_operator
pop-unitarypipe s12 b1 a1 a2 b8 lco rat-a ta1-2-rat-a ta2-1-lco
0
5
0 0 12 1
0 3 3 0
0 12 0 2
0 20 0 1
0 23 1 0
1
end_operator
begin_operator
pop-unitarypipe s12 b1 a1 a2 b8 lco rat-a ta1-2-rat-a ta2-2-lco
0
5
0 0 12 1
0 3 3 0
0 12 0 2
0 20 0 1
0 26 1 0
1
end_operator
begin_operator
pop-unitarypipe s12 b1 a1 a2 b8 lco rat-a ta1-2-rat-a ta2-3-lco
0
5
0 0 12 1
0 3 3 0
0 12 0 2
0 20 0 1
0 29 1 0
1
end_operator
begin_operator
pop-unitarypipe s12 b1 a1 a2 b9 lco rat-a ta1-1-rat-a ta2-1-lco
0
5
0 0 13 1
0 3 3 0
0 13 0 2
0 17 0 1
0 23 1 0
1
end_operator
begin_operator
pop-unitarypipe s12 b1 a1 a2 b9 lco rat-a ta1-1-rat-a ta2-2-lco
0
5
0 0 13 1
0 3 3 0
0 13 0 2
0 17 0 1
0 26 1 0
1
end_operator
begin_operator
pop-unitarypipe s12 b1 a1 a2 b9 lco rat-a ta1-1-rat-a ta2-3-lco
0
5
0 0 13 1
0 3 3 0
0 13 0 2
0 17 0 1
0 29 1 0
1
end_operator
begin_operator
pop-unitarypipe s12 b1 a1 a2 b9 lco rat-a ta1-2-rat-a ta2-1-lco
0
5
0 0 13 1
0 3 3 0
0 13 0 2
0 20 0 1
0 23 1 0
1
end_operator
begin_operator
pop-unitarypipe s12 b1 a1 a2 b9 lco rat-a ta1-2-rat-a ta2-2-lco
0
5
0 0 13 1
0 3 3 0
0 13 0 2
0 20 0 1
0 26 1 0
1
end_operator
begin_operator
pop-unitarypipe s12 b1 a1 a2 b9 lco rat-a ta1-2-rat-a ta2-3-lco
0
5
0 0 13 1
0 3 3 0
0 13 0 2
0 20 0 1
0 29 1 0
1
end_operator
begin_operator
pop-unitarypipe s12 b10 a1 a2 b0 oca1 lco ta1-1-lco ta2-1-oca1
0
5
0 0 0 2
0 2 0 2
0 4 3 0
0 15 0 1
0 24 1 0
1
end_operator
begin_operator
pop-unitarypipe s12 b10 a1 a2 b0 oca1 lco ta1-1-lco ta2-2-oca1
0
5
0 0 0 2
0 2 0 2
0 4 3 0
0 15 0 1
0 27 1 0
1
end_operator
begin_operator
pop-unitarypipe s12 b10 a1 a2 b0 oca1 lco ta1-2-lco ta2-1-oca1
0
5
0 0 0 2
0 2 0 2
0 4 3 0
0 18 0 1
0 24 1 0
1
end_operator
begin_operator
pop-unitarypipe s12 b10 a1 a2 b0 oca1 lco ta1-2-lco ta2-2-oca1
0
5
0 0 0 2
0 2 0 2
0 4 3 0
0 18 0 1
0 27 1 0
1
end_operator
begin_operator
pop-unitarypipe s12 b10 a1 a2 b0 oca1 lco ta1-3-lco ta2-1-oca1
0
5
0 0 0 2
0 2 0 2
0 4 3 0
0 21 0 1
0 24 1 0
1
end_operator
begin_operator
pop-unitarypipe s12 b10 a1 a2 b0 oca1 lco ta1-3-lco ta2-2-oca1
0
5
0 0 0 2
0 2 0 2
0 4 3 0
0 21 0 1
0 27 1 0
1
end_operator
begin_operator
pop-unitarypipe s12 b10 a1 a2 b1 oca1 lco ta1-1-lco ta2-1-oca1
0
5
0 0 1 2
0 3 0 2
0 4 3 0
0 15 0 1
0 24 1 0
1
end_operator
begin_operator
pop-unitarypipe s12 b10 a1 a2 b1 oca1 lco ta1-1-lco ta2-2-oca1
0
5
0 0 1 2
0 3 0 2
0 4 3 0
0 15 0 1
0 27 1 0
1
end_operator
begin_operator
pop-unitarypipe s12 b10 a1 a2 b1 oca1 lco ta1-2-lco ta2-1-oca1
0
5
0 0 1 2
0 3 0 2
0 4 3 0
0 18 0 1
0 24 1 0
1
end_operator
begin_operator
pop-unitarypipe s12 b10 a1 a2 b1 oca1 lco ta1-2-lco ta2-2-oca1
0
5
0 0 1 2
0 3 0 2
0 4 3 0
0 18 0 1
0 27 1 0
1
end_operator
begin_operator
pop-unitarypipe s12 b10 a1 a2 b1 oca1 lco ta1-3-lco ta2-1-oca1
0
5
0 0 1 2
0 3 0 2
0 4 3 0
0 21 0 1
0 24 1 0
1
end_operator
begin_operator
pop-unitarypipe s12 b10 a1 a2 b1 oca1 lco ta1-3-lco ta2-2-oca1
0
5
0 0 1 2
0 3 0 2
0 4 3 0
0 21 0 1
0 27 1 0
1
end_operator
begin_operator
pop-unitarypipe s12 b10 a1 a2 b11 oca1 gasoleo ta1-1-gasoleo ta2-1-oca1
0
5
0 0 3 2
0 4 3 0
0 14 0 1
0 24 1 0
0 38 0 2
1
end_operator
begin_operator
pop-unitarypipe s12 b10 a1 a2 b11 oca1 gasoleo ta1-1-gasoleo ta2-2-oca1
0
5
0 0 3 2
0 4 3 0
0 14 0 1
0 27 1 0
0 38 0 2
1
end_operator
begin_operator
pop-unitarypipe s12 b10 a1 a2 b2 oca1 gasoleo ta1-1-gasoleo ta2-1-oca1
0
5
0 0 6 2
0 4 3 0
0 14 0 1
0 24 1 0
0 39 0 2
1
end_operator
begin_operator
pop-unitarypipe s12 b10 a1 a2 b2 oca1 gasoleo ta1-1-gasoleo ta2-2-oca1
0
5
0 0 6 2
0 4 3 0
0 14 0 1
0 27 1 0
0 39 0 2
1
end_operator
begin_operator
pop-unitarypipe s12 b10 a1 a2 b3 oca1 lco ta1-1-lco ta2-1-oca1
0
5
0 0 7 2
0 4 3 0
0 7 0 2
0 15 0 1
0 24 1 0
1
end_operator
begin_operator
pop-unitarypipe s12 b10 a1 a2 b3 oca1 lco ta1-1-lco ta2-2-oca1
0
5
0 0 7 2
0 4 3 0
0 7 0 2
0 15 0 1
0 27 1 0
1
end_operator
begin_operator
pop-unitarypipe s12 b10 a1 a2 b3 oca1 lco ta1-2-lco ta2-1-oca1
0
5
0 0 7 2
0 4 3 0
0 7 0 2
0 18 0 1
0 24 1 0
1
end_operator
begin_operator
pop-unitarypipe s12 b10 a1 a2 b3 oca1 lco ta1-2-lco ta2-2-oca1
0
5
0 0 7 2
0 4 3 0
0 7 0 2
0 18 0 1
0 27 1 0
1
end_operator
begin_operator
pop-unitarypipe s12 b10 a1 a2 b3 oca1 lco ta1-3-lco ta2-1-oca1
0
5
0 0 7 2
0 4 3 0
0 7 0 2
0 21 0 1
0 24 1 0
1
end_operator
begin_operator
pop-unitarypipe s12 b10 a1 a2 b3 oca1 lco ta1-3-lco ta2-2-oca1
0
5
0 0 7 2
0 4 3 0
0 7 0 2
0 21 0 1
0 27 1 0
1
end_operator
begin_operator
pop-unitarypipe s12 b10 a1 a2 b4 oca1 lco ta1-1-lco ta2-1-oca1
0
5
0 0 8 2
0 4 3 0
0 8 0 2
0 15 0 1
0 24 1 0
1
end_operator
begin_operator
pop-unitarypipe s12 b10 a1 a2 b4 oca1 lco ta1-1-lco ta2-2-oca1
0
5
0 0 8 2
0 4 3 0
0 8 0 2
0 15 0 1
0 27 1 0
1
end_operator
begin_operator
pop-unitarypipe s12 b10 a1 a2 b4 oca1 lco ta1-2-lco ta2-1-oca1
0
5
0 0 8 2
0 4 3 0
0 8 0 2
0 18 0 1
0 24 1 0
1
end_operator
begin_operator
pop-unitarypipe s12 b10 a1 a2 b4 oca1 lco ta1-2-lco ta2-2-oca1
0
5
0 0 8 2
0 4 3 0
0 8 0 2
0 18 0 1
0 27 1 0
1
end_operator
begin_operator
pop-unitarypipe s12 b10 a1 a2 b4 oca1 lco ta1-3-lco ta2-1-oca1
0
5
0 0 8 2
0 4 3 0
0 8 0 2
0 21 0 1
0 24 1 0
1
end_operator
begin_operator
pop-unitarypipe s12 b10 a1 a2 b4 oca1 lco ta1-3-lco ta2-2-oca1
0
5
0 0 8 2
0 4 3 0
0 8 0 2
0 21 0 1
0 27 1 0
1
end_operator
begin_operator
pop-unitarypipe s12 b10 a1 a2 b5 oca1 oca1 ta1-1-oca1 ta2-1-oca1
0
5
0 0 9 2
0 4 3 0
0 9 0 2
0 16 0 1
0 24 1 0
1
end_operator
begin_operator
pop-unitarypipe s12 b10 a1 a2 b5 oca1 oca1 ta1-1-oca1 ta2-2-oca1
0
5
0 0 9 2
0 4 3 0
0 9 0 2
0 16 0 1
0 27 1 0
1
end_operator
begin_operator
pop-unitarypipe s12 b10 a1 a2 b5 oca1 oca1 ta1-2-oca1 ta2-1-oca1
0
5
0 0 9 2
0 4 3 0
0 9 0 2
0 19 0 1
0 24 1 0
1
end_operator
begin_operator
pop-unitarypipe s12 b10 a1 a2 b5 oca1 oca1 ta1-2-oca1 ta2-2-oca1
0
5
0 0 9 2
0 4 3 0
0 9 0 2
0 19 0 1
0 27 1 0
1
end_operator
begin_operator
pop-unitarypipe s12 b10 a1 a2 b6 oca1 lco ta1-1-lco ta2-1-oca1
0
5
0 0 10 2
0 4 3 0
0 10 0 2
0 15 0 1
0 24 1 0
1
end_operator
begin_operator
pop-unitarypipe s12 b10 a1 a2 b6 oca1 lco ta1-1-lco ta2-2-oca1
0
5
0 0 10 2
0 4 3 0
0 10 0 2
0 15 0 1
0 27 1 0
1
end_operator
begin_operator
pop-unitarypipe s12 b10 a1 a2 b6 oca1 lco ta1-2-lco ta2-1-oca1
0
5
0 0 10 2
0 4 3 0
0 10 0 2
0 18 0 1
0 24 1 0
1
end_operator
begin_operator
pop-unitarypipe s12 b10 a1 a2 b6 oca1 lco ta1-2-lco ta2-2-oca1
0
5
0 0 10 2
0 4 3 0
0 10 0 2
0 18 0 1
0 27 1 0
1
end_operator
begin_operator
pop-unitarypipe s12 b10 a1 a2 b6 oca1 lco ta1-3-lco ta2-1-oca1
0
5
0 0 10 2
0 4 3 0
0 10 0 2
0 21 0 1
0 24 1 0
1
end_operator
begin_operator
pop-unitarypipe s12 b10 a1 a2 b6 oca1 lco ta1-3-lco ta2-2-oca1
0
5
0 0 10 2
0 4 3 0
0 10 0 2
0 21 0 1
0 27 1 0
1
end_operator
begin_operator
pop-unitarypipe s12 b10 a1 a2 b7 oca1 oca1 ta1-1-oca1 ta2-1-oca1
0
5
0 0 11 2
0 4 3 0
0 11 0 2
0 16 0 1
0 24 1 0
1
end_operator
begin_operator
pop-unitarypipe s12 b10 a1 a2 b7 oca1 oca1 ta1-1-oca1 ta2-2-oca1
0
5
0 0 11 2
0 4 3 0
0 11 0 2
0 16 0 1
0 27 1 0
1
end_operator
begin_operator
pop-unitarypipe s12 b10 a1 a2 b7 oca1 oca1 ta1-2-oca1 ta2-1-oca1
0
5
0 0 11 2
0 4 3 0
0 11 0 2
0 19 0 1
0 24 1 0
1
end_operator
begin_operator
pop-unitarypipe s12 b10 a1 a2 b7 oca1 oca1 ta1-2-oca1 ta2-2-oca1
0
5
0 0 11 2
0 4 3 0
0 11 0 2
0 19 0 1
0 27 1 0
1
end_operator
begin_operator
pop-unitarypipe s12 b11 a1 a2 b0 gasoleo lco ta1-1-lco ta2-1-gasoleo
0
5
0 0 0 3
0 2 0 2
0 15 0 1
0 22 1 0
0 38 3 0
1
end_operator
begin_operator
pop-unitarypipe s12 b11 a1 a2 b0 gasoleo lco ta1-2-lco ta2-1-gasoleo
0
5
0 0 0 3
0 2 0 2
0 18 0 1
0 22 1 0
0 38 3 0
1
end_operator
begin_operator
pop-unitarypipe s12 b11 a1 a2 b0 gasoleo lco ta1-3-lco ta2-1-gasoleo
0
5
0 0 0 3
0 2 0 2
0 21 0 1
0 22 1 0
0 38 3 0
1
end_operator
begin_operator
pop-unitarypipe s12 b11 a1 a2 b1 gasoleo lco ta1-1-lco ta2-1-gasoleo
0
5
0 0 1 3
0 3 0 2
0 15 0 1
0 22 1 0
0 38 3 0
1
end_operator
begin_operator
pop-unitarypipe s12 b11 a1 a2 b1 gasoleo lco ta1-2-lco ta2-1-gasoleo
0
5
0 0 1 3
0 3 0 2
0 18 0 1
0 22 1 0
0 38 3 0
1
end_operator
begin_operator
pop-unitarypipe s12 b11 a1 a2 b1 gasoleo lco ta1-3-lco ta2-1-gasoleo
0
5
0 0 1 3
0 3 0 2
0 21 0 1
0 22 1 0
0 38 3 0
1
end_operator
begin_operator
pop-unitarypipe s12 b11 a1 a2 b10 gasoleo oca1 ta1-1-oca1 ta2-1-gasoleo
0
5
0 0 2 3
0 4 0 2
0 16 0 1
0 22 1 0
0 38 3 0
1
end_operator
begin_operator
pop-unitarypipe s12 b11 a1 a2 b10 gasoleo oca1 ta1-2-oca1 ta2-1-gasoleo
0
5
0 0 2 3
0 4 0 2
0 19 0 1
0 22 1 0
0 38 3 0
1
end_operator
begin_operator
pop-unitarypipe s12 b11 a1 a2 b12 gasoleo rat-a ta1-1-rat-a ta2-1-gasoleo
0
5
0 0 4 3
0 5 0 2
0 17 0 1
0 22 1 0
0 38 3 0
1
end_operator
begin_operator
pop-unitarypipe s12 b11 a1 a2 b12 gasoleo rat-a ta1-2-rat-a ta2-1-gasoleo
0
5
0 0 4 3
0 5 0 2
0 20 0 1
0 22 1 0
0 38 3 0
1
end_operator
begin_operator
pop-unitarypipe s12 b11 a1 a2 b13 gasoleo rat-a ta1-1-rat-a ta2-1-gasoleo
0
5
0 0 5 3
0 6 0 2
0 17 0 1
0 22 1 0
0 38 3 0
1
end_operator
begin_operator
pop-unitarypipe s12 b11 a1 a2 b13 gasoleo rat-a ta1-2-rat-a ta2-1-gasoleo
0
5
0 0 5 3
0 6 0 2
0 20 0 1
0 22 1 0
0 38 3 0
1
end_operator
begin_operator
pop-unitarypipe s12 b11 a1 a2 b2 gasoleo gasoleo ta1-1-gasoleo ta2-1-gasoleo
0
5
0 0 6 3
0 14 0 1
0 22 1 0
0 38 3 0
0 39 0 2
1
end_operator
begin_operator
pop-unitarypipe s12 b11 a1 a2 b3 gasoleo lco ta1-1-lco ta2-1-gasoleo
0
5
0 0 7 3
0 7 0 2
0 15 0 1
0 22 1 0
0 38 3 0
1
end_operator
begin_operator
pop-unitarypipe s12 b11 a1 a2 b3 gasoleo lco ta1-2-lco ta2-1-gasoleo
0
5
0 0 7 3
0 7 0 2
0 18 0 1
0 22 1 0
0 38 3 0
1
end_operator
begin_operator
pop-unitarypipe s12 b11 a1 a2 b3 gasoleo lco ta1-3-lco ta2-1-gasoleo
0
5
0 0 7 3
0 7 0 2
0 21 0 1
0 22 1 0
0 38 3 0
1
end_operator
begin_operator
pop-unitarypipe s12 b11 a1 a2 b4 gasoleo lco ta1-1-lco ta2-1-gasoleo
0
5
0 0 8 3
0 8 0 2
0 15 0 1
0 22 1 0
0 38 3 0
1
end_operator
begin_operator
pop-unitarypipe s12 b11 a1 a2 b4 gasoleo lco ta1-2-lco ta2-1-gasoleo
0
5
0 0 8 3
0 8 0 2
0 18 0 1
0 22 1 0
0 38 3 0
1
end_operator
begin_operator
pop-unitarypipe s12 b11 a1 a2 b4 gasoleo lco ta1-3-lco ta2-1-gasoleo
0
5
0 0 8 3
0 8 0 2
0 21 0 1
0 22 1 0
0 38 3 0
1
end_operator
begin_operator
pop-unitarypipe s12 b11 a1 a2 b5 gasoleo oca1 ta1-1-oca1 ta2-1-gasoleo
0
5
0 0 9 3
0 9 0 2
0 16 0 1
0 22 1 0
0 38 3 0
1
end_operator
begin_operator
pop-unitarypipe s12 b11 a1 a2 b5 gasoleo oca1 ta1-2-oca1 ta2-1-gasoleo
0
5
0 0 9 3
0 9 0 2
0 19 0 1
0 22 1 0
0 38 3 0
1
end_operator
begin_operator
pop-unitarypipe s12 b11 a1 a2 b6 gasoleo lco ta1-1-lco ta2-1-gasoleo
0
5
0 0 10 3
0 10 0 2
0 15 0 1
0 22 1 0
0 38 3 0
1
end_operator
begin_operator
pop-unitarypipe s12 b11 a1 a2 b6 gasoleo lco ta1-2-lco ta2-1-gasoleo
0
5
0 0 10 3
0 10 0 2
0 18 0 1
0 22 1 0
0 38 3 0
1
end_operator
begin_operator
pop-unitarypipe s12 b11 a1 a2 b6 gasoleo lco ta1-3-lco ta2-1-gasoleo
0
5
0 0 10 3
0 10 0 2
0 21 0 1
0 22 1 0
0 38 3 0
1
end_operator
begin_operator
pop-unitarypipe s12 b11 a1 a2 b7 gasoleo oca1 ta1-1-oca1 ta2-1-gasoleo
0
5
0 0 11 3
0 11 0 2
0 16 0 1
0 22 1 0
0 38 3 0
1
end_operator
begin_operator
pop-unitarypipe s12 b11 a1 a2 b7 gasoleo oca1 ta1-2-oca1 ta2-1-gasoleo
0
5
0 0 11 3
0 11 0 2
0 19 0 1
0 22 1 0
0 38 3 0
1
end_operator
begin_operator
pop-unitarypipe s12 b11 a1 a2 b8 gasoleo rat-a ta1-1-rat-a ta2-1-gasoleo
0
5
0 0 12 3
0 12 0 2
0 17 0 1
0 22 1 0
0 38 3 0
1
end_operator
begin_operator
pop-unitarypipe s12 b11 a1 a2 b8 gasoleo rat-a ta1-2-rat-a ta2-1-gasoleo
0
5
0 0 12 3
0 12 0 2
0 20 0 1
0 22 1 0
0 38 3 0
1
end_operator
begin_operator
pop-unitarypipe s12 b11 a1 a2 b9 gasoleo rat-a ta1-1-rat-a ta2-1-gasoleo
0
5
0 0 13 3
0 13 0 2
0 17 0 1
0 22 1 0
0 38 3 0
1
end_operator
begin_operator
pop-unitarypipe s12 b11 a1 a2 b9 gasoleo rat-a ta1-2-rat-a ta2-1-gasoleo
0
5
0 0 13 3
0 13 0 2
0 20 0 1
0 22 1 0
0 38 3 0
1
end_operator
begin_operator
pop-unitarypipe s12 b12 a1 a2 b0 rat-a lco ta1-1-lco ta2-1-rat-a
0
5
0 0 0 4
0 2 0 2
0 5 3 0
0 15 0 1
0 25 1 0
1
end_operator
begin_operator
pop-unitarypipe s12 b12 a1 a2 b0 rat-a lco ta1-1-lco ta2-2-rat-a
0
5
0 0 0 4
0 2 0 2
0 5 3 0
0 15 0 1
0 28 1 0
1
end_operator
begin_operator
pop-unitarypipe s12 b12 a1 a2 b0 rat-a lco ta1-2-lco ta2-1-rat-a
0
5
0 0 0 4
0 2 0 2
0 5 3 0
0 18 0 1
0 25 1 0
1
end_operator
begin_operator
pop-unitarypipe s12 b12 a1 a2 b0 rat-a lco ta1-2-lco ta2-2-rat-a
0
5
0 0 0 4
0 2 0 2
0 5 3 0
0 18 0 1
0 28 1 0
1
end_operator
begin_operator
pop-unitarypipe s12 b12 a1 a2 b0 rat-a lco ta1-3-lco ta2-1-rat-a
0
5
0 0 0 4
0 2 0 2
0 5 3 0
0 21 0 1
0 25 1 0
1
end_operator
begin_operator
pop-unitarypipe s12 b12 a1 a2 b0 rat-a lco ta1-3-lco ta2-2-rat-a
0
5
0 0 0 4
0 2 0 2
0 5 3 0
0 21 0 1
0 28 1 0
1
end_operator
begin_operator
pop-unitarypipe s12 b12 a1 a2 b1 rat-a lco ta1-1-lco ta2-1-rat-a
0
5
0 0 1 4
0 3 0 2
0 5 3 0
0 15 0 1
0 25 1 0
1
end_operator
begin_operator
pop-unitarypipe s12 b12 a1 a2 b1 rat-a lco ta1-1-lco ta2-2-rat-a
0
5
0 0 1 4
0 3 0 2
0 5 3 0
0 15 0 1
0 28 1 0
1
end_operator
begin_operator
pop-unitarypipe s12 b12 a1 a2 b1 rat-a lco ta1-2-lco ta2-1-rat-a
0
5
0 0 1 4
0 3 0 2
0 5 3 0
0 18 0 1
0 25 1 0
1
end_operator
begin_operator
pop-unitarypipe s12 b12 a1 a2 b1 rat-a lco ta1-2-lco ta2-2-rat-a
0
5
0 0 1 4
0 3 0 2
0 5 3 0
0 18 0 1
0 28 1 0
1
end_operator
begin_operator
pop-unitarypipe s12 b12 a1 a2 b1 rat-a lco ta1-3-lco ta2-1-rat-a
0
5
0 0 1 4
0 3 0 2
0 5 3 0
0 21 0 1
0 25 1 0
1
end_operator
begin_operator
pop-unitarypipe s12 b12 a1 a2 b1 rat-a lco ta1-3-lco ta2-2-rat-a
0
5
0 0 1 4
0 3 0 2
0 5 3 0
0 21 0 1
0 28 1 0
1
end_operator
begin_operator
pop-unitarypipe s12 b12 a1 a2 b11 rat-a gasoleo ta1-1-gasoleo ta2-1-rat-a
0
5
0 0 3 4
0 5 3 0
0 14 0 1
0 25 1 0
0 38 0 2
1
end_operator
begin_operator
pop-unitarypipe s12 b12 a1 a2 b11 rat-a gasoleo ta1-1-gasoleo ta2-2-rat-a
0
5
0 0 3 4
0 5 3 0
0 14 0 1
0 28 1 0
0 38 0 2
1
end_operator
begin_operator
pop-unitarypipe s12 b12 a1 a2 b13 rat-a rat-a ta1-1-rat-a ta2-1-rat-a
0
5
0 0 5 4
0 5 3 0
0 6 0 2
0 17 0 1
0 25 1 0
1
end_operator
begin_operator
pop-unitarypipe s12 b12 a1 a2 b13 rat-a rat-a ta1-1-rat-a ta2-2-rat-a
0
5
0 0 5 4
0 5 3 0
0 6 0 2
0 17 0 1
0 28 1 0
1
end_operator
begin_operator
pop-unitarypipe s12 b12 a1 a2 b13 rat-a rat-a ta1-2-rat-a ta2-1-rat-a
0
5
0 0 5 4
0 5 3 0
0 6 0 2
0 20 0 1
0 25 1 0
1
end_operator
begin_operator
pop-unitarypipe s12 b12 a1 a2 b13 rat-a rat-a ta1-2-rat-a ta2-2-rat-a
0
5
0 0 5 4
0 5 3 0
0 6 0 2
0 20 0 1
0 28 1 0
1
end_operator
begin_operator
pop-unitarypipe s12 b12 a1 a2 b2 rat-a gasoleo ta1-1-gasoleo ta2-1-rat-a
0
5
0 0 6 4
0 5 3 0
0 14 0 1
0 25 1 0
0 39 0 2
1
end_operator
begin_operator
pop-unitarypipe s12 b12 a1 a2 b2 rat-a gasoleo ta1-1-gasoleo ta2-2-rat-a
0
5
0 0 6 4
0 5 3 0
0 14 0 1
0 28 1 0
0 39 0 2
1
end_operator
begin_operator
pop-unitarypipe s12 b12 a1 a2 b3 rat-a lco ta1-1-lco ta2-1-rat-a
0
5
0 0 7 4
0 5 3 0
0 7 0 2
0 15 0 1
0 25 1 0
1
end_operator
begin_operator
pop-unitarypipe s12 b12 a1 a2 b3 rat-a lco ta1-1-lco ta2-2-rat-a
0
5
0 0 7 4
0 5 3 0
0 7 0 2
0 15 0 1
0 28 1 0
1
end_operator
begin_operator
pop-unitarypipe s12 b12 a1 a2 b3 rat-a lco ta1-2-lco ta2-1-rat-a
0
5
0 0 7 4
0 5 3 0
0 7 0 2
0 18 0 1
0 25 1 0
1
end_operator
begin_operator
pop-unitarypipe s12 b12 a1 a2 b3 rat-a lco ta1-2-lco ta2-2-rat-a
0
5
0 0 7 4
0 5 3 0
0 7 0 2
0 18 0 1
0 28 1 0
1
end_operator
begin_operator
pop-unitarypipe s12 b12 a1 a2 b3 rat-a lco ta1-3-lco ta2-1-rat-a
0
5
0 0 7 4
0 5 3 0
0 7 0 2
0 21 0 1
0 25 1 0
1
end_operator
begin_operator
pop-unitarypipe s12 b12 a1 a2 b3 rat-a lco ta1-3-lco ta2-2-rat-a
0
5
0 0 7 4
0 5 3 0
0 7 0 2
0 21 0 1
0 28 1 0
1
end_operator
begin_operator
pop-unitarypipe s12 b12 a1 a2 b4 rat-a lco ta1-1-lco ta2-1-rat-a
0
5
0 0 8 4
0 5 3 0
0 8 0 2
0 15 0 1
0 25 1 0
1
end_operator
begin_operator
pop-unitarypipe s12 b12 a1 a2 b4 rat-a lco ta1-1-lco ta2-2-rat-a
0
5
0 0 8 4
0 5 3 0
0 8 0 2
0 15 0 1
0 28 1 0
1
end_operator
begin_operator
pop-unitarypipe s12 b12 a1 a2 b4 rat-a lco ta1-2-lco ta2-1-rat-a
0
5
0 0 8 4
0 5 3 0
0 8 0 2
0 18 0 1
0 25 1 0
1
end_operator
begin_operator
pop-unitarypipe s12 b12 a1 a2 b4 rat-a lco ta1-2-lco ta2-2-rat-a
0
5
0 0 8 4
0 5 3 0
0 8 0 2
0 18 0 1
0 28 1 0
1
end_operator
begin_operator
pop-unitarypipe s12 b12 a1 a2 b4 rat-a lco ta1-3-lco ta2-1-rat-a
0
5
0 0 8 4
0 5 3 0
0 8 0 2
0 21 0 1
0 25 1 0
1
end_operator
begin_operator
pop-unitarypipe s12 b12 a1 a2 b4 rat-a lco ta1-3-lco ta2-2-rat-a
0
5
0 0 8 4
0 5 3 0
0 8 0 2
0 21 0 1
0 28 1 0
1
end_operator
begin_operator
pop-unitarypipe s12 b12 a1 a2 b6 rat-a lco ta1-1-lco ta2-1-rat-a
0
5
0 0 10 4
0 5 3 0
0 10 0 2
0 15 0 1
0 25 1 0
1
end_operator
begin_operator
pop-unitarypipe s12 b12 a1 a2 b6 rat-a lco ta1-1-lco ta2-2-rat-a
0
5
0 0 10 4
0 5 3 0
0 10 0 2
0 15 0 1
0 28 1 0
1
end_operator
begin_operator
pop-unitarypipe s12 b12 a1 a2 b6 rat-a lco ta1-2-lco ta2-1-rat-a
0
5
0 0 10 4
0 5 3 0
0 10 0 2
0 18 0 1
0 25 1 0
1
end_operator
begin_operator
pop-unitarypipe s12 b12 a1 a2 b6 rat-a lco ta1-2-lco ta2-2-rat-a
0
5
0 0 10 4
0 5 3 0
0 10 0 2
0 18 0 1
0 28 1 0
1
end_operator
begin_operator
pop-unitarypipe s12 b12 a1 a2 b6 rat-a lco ta1-3-lco ta2-1-rat-a
0
5
0 0 10 4
0 5 3 0
0 10 0 2
0 21 0 1
0 25 1 0
1
end_operator
begin_operator
pop-unitarypipe s12 b12 a1 a2 b6 rat-a lco ta1-3-lco ta2-2-rat-a
0
5
0 0 10 4
0 5 3 0
0 10 0 2
0 21 0 1
0 28 1 0
1
end_operator
begin_operator
pop-unitarypipe s12 b12 a1 a2 b8 rat-a rat-a ta1-1-rat-a ta2-1-rat-a
0
5
0 0 12 4
0 5 3 0
0 12 0 2
0 17 0 1
0 25 1 0
1
end_operator
begin_operator
pop-unitarypipe s12 b12 a1 a2 b8 rat-a rat-a ta1-1-rat-a ta2-2-rat-a
0
5
0 0 12 4
0 5 3 0
0 12 0 2
0 17 0 1
0 28 1 0
1
end_operator
begin_operator
pop-unitarypipe s12 b12 a1 a2 b8 rat-a rat-a ta1-2-rat-a ta2-1-rat-a
0
5
0 0 12 4
0 5 3 0
0 12 0 2
0 20 0 1
0 25 1 0
1
end_operator
begin_operator
pop-unitarypipe s12 b12 a1 a2 b8 rat-a rat-a ta1-2-rat-a ta2-2-rat-a
0
5
0 0 12 4
0 5 3 0
0 12 0 2
0 20 0 1
0 28 1 0
1
end_operator
begin_operator
pop-unitarypipe s12 b12 a1 a2 b9 rat-a rat-a ta1-1-rat-a ta2-1-rat-a
0
5
0 0 13 4
0 5 3 0
0 13 0 2
0 17 0 1
0 25 1 0
1
end_operator
begin_operator
pop-unitarypipe s12 b12 a1 a2 b9 rat-a rat-a ta1-1-rat-a ta2-2-rat-a
0
5
0 0 13 4
0 5 3 0
0 13 0 2
0 17 0 1
0 28 1 0
1
end_operator
begin_operator
pop-unitarypipe s12 b12 a1 a2 b9 rat-a rat-a ta1-2-rat-a ta2-1-rat-a
0
5
0 0 13 4
0 5 3 0
0 13 0 2
0 20 0 1
0 25 1 0
1
end_operator
begin_operator
pop-unitarypipe s12 b12 a1 a2 b9 rat-a rat-a ta1-2-rat-a ta2-2-rat-a
0
5
0 0 13 4
0 5 3 0
0 13 0 2
0 20 0 1
0 28 1 0
1
end_operator
begin_operator
pop-unitarypipe s12 b13 a1 a2 b0 rat-a lco ta1-1-lco ta2-1-rat-a
0
5
0 0 0 5
0 2 0 2
0 6 3 0
0 15 0 1
0 25 1 0
1
end_operator
begin_operator
pop-unitarypipe s12 b13 a1 a2 b0 rat-a lco ta1-1-lco ta2-2-rat-a
0
5
0 0 0 5
0 2 0 2
0 6 3 0
0 15 0 1
0 28 1 0
1
end_operator
begin_operator
pop-unitarypipe s12 b13 a1 a2 b0 rat-a lco ta1-2-lco ta2-1-rat-a
0
5
0 0 0 5
0 2 0 2
0 6 3 0
0 18 0 1
0 25 1 0
1
end_operator
begin_operator
pop-unitarypipe s12 b13 a1 a2 b0 rat-a lco ta1-2-lco ta2-2-rat-a
0
5
0 0 0 5
0 2 0 2
0 6 3 0
0 18 0 1
0 28 1 0
1
end_operator
begin_operator
pop-unitarypipe s12 b13 a1 a2 b0 rat-a lco ta1-3-lco ta2-1-rat-a
0
5
0 0 0 5
0 2 0 2
0 6 3 0
0 21 0 1
0 25 1 0
1
end_operator
begin_operator
pop-unitarypipe s12 b13 a1 a2 b0 rat-a lco ta1-3-lco ta2-2-rat-a
0
5
0 0 0 5
0 2 0 2
0 6 3 0
0 21 0 1
0 28 1 0
1
end_operator
begin_operator
pop-unitarypipe s12 b13 a1 a2 b1 rat-a lco ta1-1-lco ta2-1-rat-a
0
5
0 0 1 5
0 3 0 2
0 6 3 0
0 15 0 1
0 25 1 0
1
end_operator
begin_operator
pop-unitarypipe s12 b13 a1 a2 b1 rat-a lco ta1-1-lco ta2-2-rat-a
0
5
0 0 1 5
0 3 0 2
0 6 3 0
0 15 0 1
0 28 1 0
1
end_operator
begin_operator
pop-unitarypipe s12 b13 a1 a2 b1 rat-a lco ta1-2-lco ta2-1-rat-a
0
5
0 0 1 5
0 3 0 2
0 6 3 0
0 18 0 1
0 25 1 0
1
end_operator
begin_operator
pop-unitarypipe s12 b13 a1 a2 b1 rat-a lco ta1-2-lco ta2-2-rat-a
0
5
0 0 1 5
0 3 0 2
0 6 3 0
0 18 0 1
0 28 1 0
1
end_operator
begin_operator
pop-unitarypipe s12 b13 a1 a2 b1 rat-a lco ta1-3-lco ta2-1-rat-a
0
5
0 0 1 5
0 3 0 2
0 6 3 0
0 21 0 1
0 25 1 0
1
end_operator
begin_operator
pop-unitarypipe s12 b13 a1 a2 b1 rat-a lco ta1-3-lco ta2-2-rat-a
0
5
0 0 1 5
0 3 0 2
0 6 3 0
0 21 0 1
0 28 1 0
1
end_operator
begin_operator
pop-unitarypipe s12 b13 a1 a2 b11 rat-a gasoleo ta1-1-gasoleo ta2-1-rat-a
0
5
0 0 3 5
0 6 3 0
0 14 0 1
0 25 1 0
0 38 0 2
1
end_operator
begin_operator
pop-unitarypipe s12 b13 a1 a2 b11 rat-a gasoleo ta1-1-gasoleo ta2-2-rat-a
0
5
0 0 3 5
0 6 3 0
0 14 0 1
0 28 1 0
0 38 0 2
1
end_operator
begin_operator
pop-unitarypipe s12 b13 a1 a2 b12 rat-a rat-a ta1-1-rat-a ta2-1-rat-a
0
5
0 0 4 5
0 5 0 2
0 6 3 0
0 17 0 1
0 25 1 0
1
end_operator
begin_operator
pop-unitarypipe s12 b13 a1 a2 b12 rat-a rat-a ta1-1-rat-a ta2-2-rat-a
0
5
0 0 4 5
0 5 0 2
0 6 3 0
0 17 0 1
0 28 1 0
1
end_operator
begin_operator
pop-unitarypipe s12 b13 a1 a2 b12 rat-a rat-a ta1-2-rat-a ta2-1-rat-a
0
5
0 0 4 5
0 5 0 2
0 6 3 0
0 20 0 1
0 25 1 0
1
end_operator
begin_operator
pop-unitarypipe s12 b13 a1 a2 b12 rat-a rat-a ta1-2-rat-a ta2-2-rat-a
0
5
0 0 4 5
0 5 0 2
0 6 3 0
0 20 0 1
0 28 1 0
1
end_operator
begin_operator
pop-unitarypipe s12 b13 a1 a2 b2 rat-a gasoleo ta1-1-gasoleo ta2-1-rat-a
0
5
0 0 6 5
0 6 3 0
0 14 0 1
0 25 1 0
0 39 0 2
1
end_operator
begin_operator
pop-unitarypipe s12 b13 a1 a2 b2 rat-a gasoleo ta1-1-gasoleo ta2-2-rat-a
0
5
0 0 6 5
0 6 3 0
0 14 0 1
0 28 1 0
0 39 0 2
1
end_operator
begin_operator
pop-unitarypipe s12 b13 a1 a2 b3 rat-a lco ta1-1-lco ta2-1-rat-a
0
5
0 0 7 5
0 6 3 0
0 7 0 2
0 15 0 1
0 25 1 0
1
end_operator
begin_operator
pop-unitarypipe s12 b13 a1 a2 b3 rat-a lco ta1-1-lco ta2-2-rat-a
0
5
0 0 7 5
0 6 3 0
0 7 0 2
0 15 0 1
0 28 1 0
1
end_operator
begin_operator
pop-unitarypipe s12 b13 a1 a2 b3 rat-a lco ta1-2-lco ta2-1-rat-a
0
5
0 0 7 5
0 6 3 0
0 7 0 2
0 18 0 1
0 25 1 0
1
end_operator
begin_operator
pop-unitarypipe s12 b13 a1 a2 b3 rat-a lco ta1-2-lco ta2-2-rat-a
0
5
0 0 7 5
0 6 3 0
0 7 0 2
0 18 0 1
0 28 1 0
1
end_operator
begin_operator
pop-unitarypipe s12 b13 a1 a2 b3 rat-a lco ta1-3-lco ta2-1-rat-a
0
5
0 0 7 5
0 6 3 0
0 7 0 2
0 21 0 1
0 25 1 0
1
end_operator
begin_operator
pop-unitarypipe s12 b13 a1 a2 b3 rat-a lco ta1-3-lco ta2-2-rat-a
0
5
0 0 7 5
0 6 3 0
0 7 0 2
0 21 0 1
0 28 1 0
1
end_operator
begin_operator
pop-unitarypipe s12 b13 a1 a2 b4 rat-a lco ta1-1-lco ta2-1-rat-a
0
5
0 0 8 5
0 6 3 0
0 8 0 2
0 15 0 1
0 25 1 0
1
end_operator
begin_operator
pop-unitarypipe s12 b13 a1 a2 b4 rat-a lco ta1-1-lco ta2-2-rat-a
0
5
0 0 8 5
0 6 3 0
0 8 0 2
0 15 0 1
0 28 1 0
1
end_operator
begin_operator
pop-unitarypipe s12 b13 a1 a2 b4 rat-a lco ta1-2-lco ta2-1-rat-a
0
5
0 0 8 5
0 6 3 0
0 8 0 2
0 18 0 1
0 25 1 0
1
end_operator
begin_operator
pop-unitarypipe s12 b13 a1 a2 b4 rat-a lco ta1-2-lco ta2-2-rat-a
0
5
0 0 8 5
0 6 3 0
0 8 0 2
0 18 0 1
0 28 1 0
1
end_operator
begin_operator
pop-unitarypipe s12 b13 a1 a2 b4 rat-a lco ta1-3-lco ta2-1-rat-a
0
5
0 0 8 5
0 6 3 0
0 8 0 2
0 21 0 1
0 25 1 0
1
end_operator
begin_operator
pop-unitarypipe s12 b13 a1 a2 b4 rat-a lco ta1-3-lco ta2-2-rat-a
0
5
0 0 8 5
0 6 3 0
0 8 0 2
0 21 0 1
0 28 1 0
1
end_operator
begin_operator
pop-unitarypipe s12 b13 a1 a2 b6 rat-a lco ta1-1-lco ta2-1-rat-a
0
5
0 0 10 5
0 6 3 0
0 10 0 2
0 15 0 1
0 25 1 0
1
end_operator
begin_operator
pop-unitarypipe s12 b13 a1 a2 b6 rat-a lco ta1-1-lco ta2-2-rat-a
0
5
0 0 10 5
0 6 3 0
0 10 0 2
0 15 0 1
0 28 1 0
1
end_operator
begin_operator
pop-unitarypipe s12 b13 a1 a2 b6 rat-a lco ta1-2-lco ta2-1-rat-a
0
5
0 0 10 5
0 6 3 0
0 10 0 2
0 18 0 1
0 25 1 0
1
end_operator
begin_operator
pop-unitarypipe s12 b13 a1 a2 b6 rat-a lco ta1-2-lco ta2-2-rat-a
0
5
0 0 10 5
0 6 3 0
0 10 0 2
0 18 0 1
0 28 1 0
1
end_operator
begin_operator
pop-unitarypipe s12 b13 a1 a2 b6 rat-a lco ta1-3-lco ta2-1-rat-a
0
5
0 0 10 5
0 6 3 0
0 10 0 2
0 21 0 1
0 25 1 0
1
end_operator
begin_operator
pop-unitarypipe s12 b13 a1 a2 b6 rat-a lco ta1-3-lco ta2-2-rat-a
0
5
0 0 10 5
0 6 3 0
0 10 0 2
0 21 0 1
0 28 1 0
1
end_operator
begin_operator
pop-unitarypipe s12 b13 a1 a2 b8 rat-a rat-a ta1-1-rat-a ta2-1-rat-a
0
5
0 0 12 5
0 6 3 0
0 12 0 2
0 17 0 1
0 25 1 0
1
end_operator
begin_operator
pop-unitarypipe s12 b13 a1 a2 b8 rat-a rat-a ta1-1-rat-a ta2-2-rat-a
0
5
0 0 12 5
0 6 3 0
0 12 0 2
0 17 0 1
0 28 1 0
1
end_operator
begin_operator
pop-unitarypipe s12 b13 a1 a2 b8 rat-a rat-a ta1-2-rat-a ta2-1-rat-a
0
5
0 0 12 5
0 6 3 0
0 12 0 2
0 20 0 1
0 25 1 0
1
end_operator
begin_operator
pop-unitarypipe s12 b13 a1 a2 b8 rat-a rat-a ta1-2-rat-a ta2-2-rat-a
0
5
0 0 12 5
0 6 3 0
0 12 0 2
0 20 0 1
0 28 1 0
1
end_operator
begin_operator
pop-unitarypipe s12 b13 a1 a2 b9 rat-a rat-a ta1-1-rat-a ta2-1-rat-a
0
5
0 0 13 5
0 6 3 0
0 13 0 2
0 17 0 1
0 25 1 0
1
end_operator
begin_operator
pop-unitarypipe s12 b13 a1 a2 b9 rat-a rat-a ta1-1-rat-a ta2-2-rat-a
0
5
0 0 13 5
0 6 3 0
0 13 0 2
0 17 0 1
0 28 1 0
1
end_operator
begin_operator
pop-unitarypipe s12 b13 a1 a2 b9 rat-a rat-a ta1-2-rat-a ta2-1-rat-a
0
5
0 0 13 5
0 6 3 0
0 13 0 2
0 20 0 1
0 25 1 0
1
end_operator
begin_operator
pop-unitarypipe s12 b13 a1 a2 b9 rat-a rat-a ta1-2-rat-a ta2-2-rat-a
0
5
0 0 13 5
0 6 3 0
0 13 0 2
0 20 0 1
0 28 1 0
1
end_operator
begin_operator
pop-unitarypipe s12 b3 a1 a2 b0 lco lco ta1-1-lco ta2-1-lco
0
5
0 0 0 7
0 2 0 2
0 7 3 0
0 15 0 1
0 23 1 0
1
end_operator
begin_operator
pop-unitarypipe s12 b3 a1 a2 b0 lco lco ta1-1-lco ta2-2-lco
0
5
0 0 0 7
0 2 0 2
0 7 3 0
0 15 0 1
0 26 1 0
1
end_operator
begin_operator
pop-unitarypipe s12 b3 a1 a2 b0 lco lco ta1-1-lco ta2-3-lco
0
5
0 0 0 7
0 2 0 2
0 7 3 0
0 15 0 1
0 29 1 0
1
end_operator
begin_operator
pop-unitarypipe s12 b3 a1 a2 b0 lco lco ta1-2-lco ta2-1-lco
0
5
0 0 0 7
0 2 0 2
0 7 3 0
0 18 0 1
0 23 1 0
1
end_operator
begin_operator
pop-unitarypipe s12 b3 a1 a2 b0 lco lco ta1-2-lco ta2-2-lco
0
5
0 0 0 7
0 2 0 2
0 7 3 0
0 18 0 1
0 26 1 0
1
end_operator
begin_operator
pop-unitarypipe s12 b3 a1 a2 b0 lco lco ta1-2-lco ta2-3-lco
0
5
0 0 0 7
0 2 0 2
0 7 3 0
0 18 0 1
0 29 1 0
1
end_operator
begin_operator
pop-unitarypipe s12 b3 a1 a2 b0 lco lco ta1-3-lco ta2-1-lco
0
5
0 0 0 7
0 2 0 2
0 7 3 0
0 21 0 1
0 23 1 0
1
end_operator
begin_operator
pop-unitarypipe s12 b3 a1 a2 b0 lco lco ta1-3-lco ta2-2-lco
0
5
0 0 0 7
0 2 0 2
0 7 3 0
0 21 0 1
0 26 1 0
1
end_operator
begin_operator
pop-unitarypipe s12 b3 a1 a2 b0 lco lco ta1-3-lco ta2-3-lco
0
5
0 0 0 7
0 2 0 2
0 7 3 0
0 21 0 1
0 29 1 0
1
end_operator
begin_operator
pop-unitarypipe s12 b3 a1 a2 b1 lco lco ta1-1-lco ta2-1-lco
0
5
0 0 1 7
0 3 0 2
0 7 3 0
0 15 0 1
0 23 1 0
1
end_operator
begin_operator
pop-unitarypipe s12 b3 a1 a2 b1 lco lco ta1-1-lco ta2-2-lco
0
5
0 0 1 7
0 3 0 2
0 7 3 0
0 15 0 1
0 26 1 0
1
end_operator
begin_operator
pop-unitarypipe s12 b3 a1 a2 b1 lco lco ta1-1-lco ta2-3-lco
0
5
0 0 1 7
0 3 0 2
0 7 3 0
0 15 0 1
0 29 1 0
1
end_operator
begin_operator
pop-unitarypipe s12 b3 a1 a2 b1 lco lco ta1-2-lco ta2-1-lco
0
5
0 0 1 7
0 3 0 2
0 7 3 0
0 18 0 1
0 23 1 0
1
end_operator
begin_operator
pop-unitarypipe s12 b3 a1 a2 b1 lco lco ta1-2-lco ta2-2-lco
0
5
0 0 1 7
0 3 0 2
0 7 3 0
0 18 0 1
0 26 1 0
1
end_operator
begin_operator
pop-unitarypipe s12 b3 a1 a2 b1 lco lco ta1-2-lco ta2-3-lco
0
5
0 0 1 7
0 3 0 2
0 7 3 0
0 18 0 1
0 29 1 0
1
end_operator
begin_operator
pop-unitarypipe s12 b3 a1 a2 b1 lco lco ta1-3-lco ta2-1-lco
0
5
0 0 1 7
0 3 0 2
0 7 3 0
0 21 0 1
0 23 1 0
1
end_operator
begin_operator
pop-unitarypipe s12 b3 a1 a2 b1 lco lco ta1-3-lco ta2-2-lco
0
5
0 0 1 7
0 3 0 2
0 7 3 0
0 21 0 1
0 26 1 0
1
end_operator
begin_operator
pop-unitarypipe s12 b3 a1 a2 b1 lco lco ta1-3-lco ta2-3-lco
0
5
0 0 1 7
0 3 0 2
0 7 3 0
0 21 0 1
0 29 1 0
1
end_operator
begin_operator
pop-unitarypipe s12 b3 a1 a2 b10 lco oca1 ta1-1-oca1 ta2-1-lco
0
5
0 0 2 7
0 4 0 2
0 7 3 0
0 16 0 1
0 23 1 0
1
end_operator
begin_operator
pop-unitarypipe s12 b3 a1 a2 b10 lco oca1 ta1-1-oca1 ta2-2-lco
0
5
0 0 2 7
0 4 0 2
0 7 3 0
0 16 0 1
0 26 1 0
1
end_operator
begin_operator
pop-unitarypipe s12 b3 a1 a2 b10 lco oca1 ta1-1-oca1 ta2-3-lco
0
5
0 0 2 7
0 4 0 2
0 7 3 0
0 16 0 1
0 29 1 0
1
end_operator
begin_operator
pop-unitarypipe s12 b3 a1 a2 b10 lco oca1 ta1-2-oca1 ta2-1-lco
0
5
0 0 2 7
0 4 0 2
0 7 3 0
0 19 0 1
0 23 1 0
1
end_operator
begin_operator
pop-unitarypipe s12 b3 a1 a2 b10 lco oca1 ta1-2-oca1 ta2-2-lco
0
5
0 0 2 7
0 4 0 2
0 7 3 0
0 19 0 1
0 26 1 0
1
end_operator
begin_operator
pop-unitarypipe s12 b3 a1 a2 b10 lco oca1 ta1-2-oca1 ta2-3-lco
0
5
0 0 2 7
0 4 0 2
0 7 3 0
0 19 0 1
0 29 1 0
1
end_operator
begin_operator
pop-unitarypipe s12 b3 a1 a2 b11 lco gasoleo ta1-1-gasoleo ta2-1-lco
0
5
0 0 3 7
0 7 3 0
0 14 0 1
0 23 1 0
0 38 0 2
1
end_operator
begin_operator
pop-unitarypipe s12 b3 a1 a2 b11 lco gasoleo ta1-1-gasoleo ta2-2-lco
0
5
0 0 3 7
0 7 3 0
0 14 0 1
0 26 1 0
0 38 0 2
1
end_operator
begin_operator
pop-unitarypipe s12 b3 a1 a2 b11 lco gasoleo ta1-1-gasoleo ta2-3-lco
0
5
0 0 3 7
0 7 3 0
0 14 0 1
0 29 1 0
0 38 0 2
1
end_operator
begin_operator
pop-unitarypipe s12 b3 a1 a2 b12 lco rat-a ta1-1-rat-a ta2-1-lco
0
5
0 0 4 7
0 5 0 2
0 7 3 0
0 17 0 1
0 23 1 0
1
end_operator
begin_operator
pop-unitarypipe s12 b3 a1 a2 b12 lco rat-a ta1-1-rat-a ta2-2-lco
0
5
0 0 4 7
0 5 0 2
0 7 3 0
0 17 0 1
0 26 1 0
1
end_operator
begin_operator
pop-unitarypipe s12 b3 a1 a2 b12 lco rat-a ta1-1-rat-a ta2-3-lco
0
5
0 0 4 7
0 5 0 2
0 7 3 0
0 17 0 1
0 29 1 0
1
end_operator
begin_operator
pop-unitarypipe s12 b3 a1 a2 b12 lco rat-a ta1-2-rat-a ta2-1-lco
0
5
0 0 4 7
0 5 0 2
0 7 3 0
0 20 0 1
0 23 1 0
1
end_operator
begin_operator
pop-unitarypipe s12 b3 a1 a2 b12 lco rat-a ta1-2-rat-a ta2-2-lco
0
5
0 0 4 7
0 5 0 2
0 7 3 0
0 20 0 1
0 26 1 0
1
end_operator
begin_operator
pop-unitarypipe s12 b3 a1 a2 b12 lco rat-a ta1-2-rat-a ta2-3-lco
0
5
0 0 4 7
0 5 0 2
0 7 3 0
0 20 0 1
0 29 1 0
1
end_operator
begin_operator
pop-unitarypipe s12 b3 a1 a2 b13 lco rat-a ta1-1-rat-a ta2-1-lco
0
5
0 0 5 7
0 6 0 2
0 7 3 0
0 17 0 1
0 23 1 0
1
end_operator
begin_operator
pop-unitarypipe s12 b3 a1 a2 b13 lco rat-a ta1-1-rat-a ta2-2-lco
0
5
0 0 5 7
0 6 0 2
0 7 3 0
0 17 0 1
0 26 1 0
1
end_operator
begin_operator
pop-unitarypipe s12 b3 a1 a2 b13 lco rat-a ta1-1-rat-a ta2-3-lco
0
5
0 0 5 7
0 6 0 2
0 7 3 0
0 17 0 1
0 29 1 0
1
end_operator
begin_operator
pop-unitarypipe s12 b3 a1 a2 b13 lco rat-a ta1-2-rat-a ta2-1-lco
0
5
0 0 5 7
0 6 0 2
0 7 3 0
0 20 0 1
0 23 1 0
1
end_operator
begin_operator
pop-unitarypipe s12 b3 a1 a2 b13 lco rat-a ta1-2-rat-a ta2-2-lco
0
5
0 0 5 7
0 6 0 2
0 7 3 0
0 20 0 1
0 26 1 0
1
end_operator
begin_operator
pop-unitarypipe s12 b3 a1 a2 b13 lco rat-a ta1-2-rat-a ta2-3-lco
0
5
0 0 5 7
0 6 0 2
0 7 3 0
0 20 0 1
0 29 1 0
1
end_operator
begin_operator
pop-unitarypipe s12 b3 a1 a2 b2 lco gasoleo ta1-1-gasoleo ta2-1-lco
0
5
0 0 6 7
0 7 3 0
0 14 0 1
0 23 1 0
0 39 0 2
1
end_operator
begin_operator
pop-unitarypipe s12 b3 a1 a2 b2 lco gasoleo ta1-1-gasoleo ta2-2-lco
0
5
0 0 6 7
0 7 3 0
0 14 0 1
0 26 1 0
0 39 0 2
1
end_operator
begin_operator
pop-unitarypipe s12 b3 a1 a2 b2 lco gasoleo ta1-1-gasoleo ta2-3-lco
0
5
0 0 6 7
0 7 3 0
0 14 0 1
0 29 1 0
0 39 0 2
1
end_operator
begin_operator
pop-unitarypipe s12 b3 a1 a2 b4 lco lco ta1-1-lco ta2-1-lco
0
5
0 0 8 7
0 7 3 0
0 8 0 2
0 15 0 1
0 23 1 0
1
end_operator
begin_operator
pop-unitarypipe s12 b3 a1 a2 b4 lco lco ta1-1-lco ta2-2-lco
0
5
0 0 8 7
0 7 3 0
0 8 0 2
0 15 0 1
0 26 1 0
1
end_operator
begin_operator
pop-unitarypipe s12 b3 a1 a2 b4 lco lco ta1-1-lco ta2-3-lco
0
5
0 0 8 7
0 7 3 0
0 8 0 2
0 15 0 1
0 29 1 0
1
end_operator
begin_operator
pop-unitarypipe s12 b3 a1 a2 b4 lco lco ta1-2-lco ta2-1-lco
0
5
0 0 8 7
0 7 3 0
0 8 0 2
0 18 0 1
0 23 1 0
1
end_operator
begin_operator
pop-unitarypipe s12 b3 a1 a2 b4 lco lco ta1-2-lco ta2-2-lco
0
5
0 0 8 7
0 7 3 0
0 8 0 2
0 18 0 1
0 26 1 0
1
end_operator
begin_operator
pop-unitarypipe s12 b3 a1 a2 b4 lco lco ta1-2-lco ta2-3-lco
0
5
0 0 8 7
0 7 3 0
0 8 0 2
0 18 0 1
0 29 1 0
1
end_operator
begin_operator
pop-unitarypipe s12 b3 a1 a2 b4 lco lco ta1-3-lco ta2-1-lco
0
5
0 0 8 7
0 7 3 0
0 8 0 2
0 21 0 1
0 23 1 0
1
end_operator
begin_operator
pop-unitarypipe s12 b3 a1 a2 b4 lco lco ta1-3-lco ta2-2-lco
0
5
0 0 8 7
0 7 3 0
0 8 0 2
0 21 0 1
0 26 1 0
1
end_operator
begin_operator
pop-unitarypipe s12 b3 a1 a2 b4 lco lco ta1-3-lco ta2-3-lco
0
5
0 0 8 7
0 7 3 0
0 8 0 2
0 21 0 1
0 29 1 0
1
end_operator
begin_operator
pop-unitarypipe s12 b3 a1 a2 b5 lco oca1 ta1-1-oca1 ta2-1-lco
0
5
0 0 9 7
0 7 3 0
0 9 0 2
0 16 0 1
0 23 1 0
1
end_operator
begin_operator
pop-unitarypipe s12 b3 a1 a2 b5 lco oca1 ta1-1-oca1 ta2-2-lco
0
5
0 0 9 7
0 7 3 0
0 9 0 2
0 16 0 1
0 26 1 0
1
end_operator
begin_operator
pop-unitarypipe s12 b3 a1 a2 b5 lco oca1 ta1-1-oca1 ta2-3-lco
0
5
0 0 9 7
0 7 3 0
0 9 0 2
0 16 0 1
0 29 1 0
1
end_operator
begin_operator
pop-unitarypipe s12 b3 a1 a2 b5 lco oca1 ta1-2-oca1 ta2-1-lco
0
5
0 0 9 7
0 7 3 0
0 9 0 2
0 19 0 1
0 23 1 0
1
end_operator
begin_operator
pop-unitarypipe s12 b3 a1 a2 b5 lco oca1 ta1-2-oca1 ta2-2-lco
0
5
0 0 9 7
0 7 3 0
0 9 0 2
0 19 0 1
0 26 1 0
1
end_operator
begin_operator
pop-unitarypipe s12 b3 a1 a2 b5 lco oca1 ta1-2-oca1 ta2-3-lco
0
5
0 0 9 7
0 7 3 0
0 9 0 2
0 19 0 1
0 29 1 0
1
end_operator
begin_operator
pop-unitarypipe s12 b3 a1 a2 b6 lco lco ta1-1-lco ta2-1-lco
0
5
0 0 10 7
0 7 3 0
0 10 0 2
0 15 0 1
0 23 1 0
1
end_operator
begin_operator
pop-unitarypipe s12 b3 a1 a2 b6 lco lco ta1-1-lco ta2-2-lco
0
5
0 0 10 7
0 7 3 0
0 10 0 2
0 15 0 1
0 26 1 0
1
end_operator
begin_operator
pop-unitarypipe s12 b3 a1 a2 b6 lco lco ta1-1-lco ta2-3-lco
0
5
0 0 10 7
0 7 3 0
0 10 0 2
0 15 0 1
0 29 1 0
1
end_operator
begin_operator
pop-unitarypipe s12 b3 a1 a2 b6 lco lco ta1-2-lco ta2-1-lco
0
5
0 0 10 7
0 7 3 0
0 10 0 2
0 18 0 1
0 23 1 0
1
end_operator
begin_operator
pop-unitarypipe s12 b3 a1 a2 b6 lco lco ta1-2-lco ta2-2-lco
0
5
0 0 10 7
0 7 3 0
0 10 0 2
0 18 0 1
0 26 1 0
1
end_operator
begin_operator
pop-unitarypipe s12 b3 a1 a2 b6 lco lco ta1-2-lco ta2-3-lco
0
5
0 0 10 7
0 7 3 0
0 10 0 2
0 18 0 1
0 29 1 0
1
end_operator
begin_operator
pop-unitarypipe s12 b3 a1 a2 b6 lco lco ta1-3-lco ta2-1-lco
0
5
0 0 10 7
0 7 3 0
0 10 0 2
0 21 0 1
0 23 1 0
1
end_operator
begin_operator
pop-unitarypipe s12 b3 a1 a2 b6 lco lco ta1-3-lco ta2-2-lco
0
5
0 0 10 7
0 7 3 0
0 10 0 2
0 21 0 1
0 26 1 0
1
end_operator
begin_operator
pop-unitarypipe s12 b3 a1 a2 b6 lco lco ta1-3-lco ta2-3-lco
0
5
0 0 10 7
0 7 3 0
0 10 0 2
0 21 0 1
0 29 1 0
1
end_operator
begin_operator
pop-unitarypipe s12 b3 a1 a2 b7 lco oca1 ta1-1-oca1 ta2-1-lco
0
5
0 0 11 7
0 7 3 0
0 11 0 2
0 16 0 1
0 23 1 0
1
end_operator
begin_operator
pop-unitarypipe s12 b3 a1 a2 b7 lco oca1 ta1-1-oca1 ta2-2-lco
0
5
0 0 11 7
0 7 3 0
0 11 0 2
0 16 0 1
0 26 1 0
1
end_operator
begin_operator
pop-unitarypipe s12 b3 a1 a2 b7 lco oca1 ta1-1-oca1 ta2-3-lco
0
5
0 0 11 7
0 7 3 0
0 11 0 2
0 16 0 1
0 29 1 0
1
end_operator
begin_operator
pop-unitarypipe s12 b3 a1 a2 b7 lco oca1 ta1-2-oca1 ta2-1-lco
0
5
0 0 11 7
0 7 3 0
0 11 0 2
0 19 0 1
0 23 1 0
1
end_operator
begin_operator
pop-unitarypipe s12 b3 a1 a2 b7 lco oca1 ta1-2-oca1 ta2-2-lco
0
5
0 0 11 7
0 7 3 0
0 11 0 2
0 19 0 1
0 26 1 0
1
end_operator
begin_operator
pop-unitarypipe s12 b3 a1 a2 b7 lco oca1 ta1-2-oca1 ta2-3-lco
0
5
0 0 11 7
0 7 3 0
0 11 0 2
0 19 0 1
0 29 1 0
1
end_operator
begin_operator
pop-unitarypipe s12 b3 a1 a2 b8 lco rat-a ta1-1-rat-a ta2-1-lco
0
5
0 0 12 7
0 7 3 0
0 12 0 2
0 17 0 1
0 23 1 0
1
end_operator
begin_operator
pop-unitarypipe s12 b3 a1 a2 b8 lco rat-a ta1-1-rat-a ta2-2-lco
0
5
0 0 12 7
0 7 3 0
0 12 0 2
0 17 0 1
0 26 1 0
1
end_operator
begin_operator
pop-unitarypipe s12 b3 a1 a2 b8 lco rat-a ta1-1-rat-a ta2-3-lco
0
5
0 0 12 7
0 7 3 0
0 12 0 2
0 17 0 1
0 29 1 0
1
end_operator
begin_operator
pop-unitarypipe s12 b3 a1 a2 b8 lco rat-a ta1-2-rat-a ta2-1-lco
0
5
0 0 12 7
0 7 3 0
0 12 0 2
0 20 0 1
0 23 1 0
1
end_operator
begin_operator
pop-unitarypipe s12 b3 a1 a2 b8 lco rat-a ta1-2-rat-a ta2-2-lco
0
5
0 0 12 7
0 7 3 0
0 12 0 2
0 20 0 1
0 26 1 0
1
end_operator
begin_operator
pop-unitarypipe s12 b3 a1 a2 b8 lco rat-a ta1-2-rat-a ta2-3-lco
0
5
0 0 12 7
0 7 3 0
0 12 0 2
0 20 0 1
0 29 1 0
1
end_operator
begin_operator
pop-unitarypipe s12 b3 a1 a2 b9 lco rat-a ta1-1-rat-a ta2-1-lco
0
5
0 0 13 7
0 7 3 0
0 13 0 2
0 17 0 1
0 23 1 0
1
end_operator
begin_operator
pop-unitarypipe s12 b3 a1 a2 b9 lco rat-a ta1-1-rat-a ta2-2-lco
0
5
0 0 13 7
0 7 3 0
0 13 0 2
0 17 0 1
0 26 1 0
1
end_operator
begin_operator
pop-unitarypipe s12 b3 a1 a2 b9 lco rat-a ta1-1-rat-a ta2-3-lco
0
5
0 0 13 7
0 7 3 0
0 13 0 2
0 17 0 1
0 29 1 0
1
end_operator
begin_operator
pop-unitarypipe s12 b3 a1 a2 b9 lco rat-a ta1-2-rat-a ta2-1-lco
0
5
0 0 13 7
0 7 3 0
0 13 0 2
0 20 0 1
0 23 1 0
1
end_operator
begin_operator
pop-unitarypipe s12 b3 a1 a2 b9 lco rat-a ta1-2-rat-a ta2-2-lco
0
5
0 0 13 7
0 7 3 0
0 13 0 2
0 20 0 1
0 26 1 0
1
end_operator
begin_operator
pop-unitarypipe s12 b3 a1 a2 b9 lco rat-a ta1-2-rat-a ta2-3-lco
0
5
0 0 13 7
0 7 3 0
0 13 0 2
0 20 0 1
0 29 1 0
1
end_operator
begin_operator
pop-unitarypipe s12 b4 a1 a2 b0 lco lco ta1-1-lco ta2-1-lco
0
5
0 0 0 8
0 2 0 2
0 8 3 0
0 15 0 1
0 23 1 0
1
end_operator
begin_operator
pop-unitarypipe s12 b4 a1 a2 b0 lco lco ta1-1-lco ta2-2-lco
0
5
0 0 0 8
0 2 0 2
0 8 3 0
0 15 0 1
0 26 1 0
1
end_operator
begin_operator
pop-unitarypipe s12 b4 a1 a2 b0 lco lco ta1-1-lco ta2-3-lco
0
5
0 0 0 8
0 2 0 2
0 8 3 0
0 15 0 1
0 29 1 0
1
end_operator
begin_operator
pop-unitarypipe s12 b4 a1 a2 b0 lco lco ta1-2-lco ta2-1-lco
0
5
0 0 0 8
0 2 0 2
0 8 3 0
0 18 0 1
0 23 1 0
1
end_operator
begin_operator
pop-unitarypipe s12 b4 a1 a2 b0 lco lco ta1-2-lco ta2-2-lco
0
5
0 0 0 8
0 2 0 2
0 8 3 0
0 18 0 1
0 26 1 0
1
end_operator
begin_operator
pop-unitarypipe s12 b4 a1 a2 b0 lco lco ta1-2-lco ta2-3-lco
0
5
0 0 0 8
0 2 0 2
0 8 3 0
0 18 0 1
0 29 1 0
1
end_operator
begin_operator
pop-unitarypipe s12 b4 a1 a2 b0 lco lco ta1-3-lco ta2-1-lco
0
5
0 0 0 8
0 2 0 2
0 8 3 0
0 21 0 1
0 23 1 0
1
end_operator
begin_operator
pop-unitarypipe s12 b4 a1 a2 b0 lco lco ta1-3-lco ta2-2-lco
0
5
0 0 0 8
0 2 0 2
0 8 3 0
0 21 0 1
0 26 1 0
1
end_operator
begin_operator
pop-unitarypipe s12 b4 a1 a2 b0 lco lco ta1-3-lco ta2-3-lco
0
5
0 0 0 8
0 2 0 2
0 8 3 0
0 21 0 1
0 29 1 0
1
end_operator
begin_operator
pop-unitarypipe s12 b4 a1 a2 b1 lco lco ta1-1-lco ta2-1-lco
0
5
0 0 1 8
0 3 0 2
0 8 3 0
0 15 0 1
0 23 1 0
1
end_operator
begin_operator
pop-unitarypipe s12 b4 a1 a2 b1 lco lco ta1-1-lco ta2-2-lco
0
5
0 0 1 8
0 3 0 2
0 8 3 0
0 15 0 1
0 26 1 0
1
end_operator
begin_operator
pop-unitarypipe s12 b4 a1 a2 b1 lco lco ta1-1-lco ta2-3-lco
0
5
0 0 1 8
0 3 0 2
0 8 3 0
0 15 0 1
0 29 1 0
1
end_operator
begin_operator
pop-unitarypipe s12 b4 a1 a2 b1 lco lco ta1-2-lco ta2-1-lco
0
5
0 0 1 8
0 3 0 2
0 8 3 0
0 18 0 1
0 23 1 0
1
end_operator
begin_operator
pop-unitarypipe s12 b4 a1 a2 b1 lco lco ta1-2-lco ta2-2-lco
0
5
0 0 1 8
0 3 0 2
0 8 3 0
0 18 0 1
0 26 1 0
1
end_operator
begin_operator
pop-unitarypipe s12 b4 a1 a2 b1 lco lco ta1-2-lco ta2-3-lco
0
5
0 0 1 8
0 3 0 2
0 8 3 0
0 18 0 1
0 29 1 0
1
end_operator
begin_operator
pop-unitarypipe s12 b4 a1 a2 b1 lco lco ta1-3-lco ta2-1-lco
0
5
0 0 1 8
0 3 0 2
0 8 3 0
0 21 0 1
0 23 1 0
1
end_operator
begin_operator
pop-unitarypipe s12 b4 a1 a2 b1 lco lco ta1-3-lco ta2-2-lco
0
5
0 0 1 8
0 3 0 2
0 8 3 0
0 21 0 1
0 26 1 0
1
end_operator
begin_operator
pop-unitarypipe s12 b4 a1 a2 b1 lco lco ta1-3-lco ta2-3-lco
0
5
0 0 1 8
0 3 0 2
0 8 3 0
0 21 0 1
0 29 1 0
1
end_operator
begin_operator
pop-unitarypipe s12 b4 a1 a2 b10 lco oca1 ta1-1-oca1 ta2-1-lco
0
5
0 0 2 8
0 4 0 2
0 8 3 0
0 16 0 1
0 23 1 0
1
end_operator
begin_operator
pop-unitarypipe s12 b4 a1 a2 b10 lco oca1 ta1-1-oca1 ta2-2-lco
0
5
0 0 2 8
0 4 0 2
0 8 3 0
0 16 0 1
0 26 1 0
1
end_operator
begin_operator
pop-unitarypipe s12 b4 a1 a2 b10 lco oca1 ta1-1-oca1 ta2-3-lco
0
5
0 0 2 8
0 4 0 2
0 8 3 0
0 16 0 1
0 29 1 0
1
end_operator
begin_operator
pop-unitarypipe s12 b4 a1 a2 b10 lco oca1 ta1-2-oca1 ta2-1-lco
0
5
0 0 2 8
0 4 0 2
0 8 3 0
0 19 0 1
0 23 1 0
1
end_operator
begin_operator
pop-unitarypipe s12 b4 a1 a2 b10 lco oca1 ta1-2-oca1 ta2-2-lco
0
5
0 0 2 8
0 4 0 2
0 8 3 0
0 19 0 1
0 26 1 0
1
end_operator
begin_operator
pop-unitarypipe s12 b4 a1 a2 b10 lco oca1 ta1-2-oca1 ta2-3-lco
0
5
0 0 2 8
0 4 0 2
0 8 3 0
0 19 0 1
0 29 1 0
1
end_operator
begin_operator
pop-unitarypipe s12 b4 a1 a2 b11 lco gasoleo ta1-1-gasoleo ta2-1-lco
0
5
0 0 3 8
0 8 3 0
0 14 0 1
0 23 1 0
0 38 0 2
1
end_operator
begin_operator
pop-unitarypipe s12 b4 a1 a2 b11 lco gasoleo ta1-1-gasoleo ta2-2-lco
0
5
0 0 3 8
0 8 3 0
0 14 0 1
0 26 1 0
0 38 0 2
1
end_operator
begin_operator
pop-unitarypipe s12 b4 a1 a2 b11 lco gasoleo ta1-1-gasoleo ta2-3-lco
0
5
0 0 3 8
0 8 3 0
0 14 0 1
0 29 1 0
0 38 0 2
1
end_operator
begin_operator
pop-unitarypipe s12 b4 a1 a2 b12 lco rat-a ta1-1-rat-a ta2-1-lco
0
5
0 0 4 8
0 5 0 2
0 8 3 0
0 17 0 1
0 23 1 0
1
end_operator
begin_operator
pop-unitarypipe s12 b4 a1 a2 b12 lco rat-a ta1-1-rat-a ta2-2-lco
0
5
0 0 4 8
0 5 0 2
0 8 3 0
0 17 0 1
0 26 1 0
1
end_operator
begin_operator
pop-unitarypipe s12 b4 a1 a2 b12 lco rat-a ta1-1-rat-a ta2-3-lco
0
5
0 0 4 8
0 5 0 2
0 8 3 0
0 17 0 1
0 29 1 0
1
end_operator
begin_operator
pop-unitarypipe s12 b4 a1 a2 b12 lco rat-a ta1-2-rat-a ta2-1-lco
0
5
0 0 4 8
0 5 0 2
0 8 3 0
0 20 0 1
0 23 1 0
1
end_operator
begin_operator
pop-unitarypipe s12 b4 a1 a2 b12 lco rat-a ta1-2-rat-a ta2-2-lco
0
5
0 0 4 8
0 5 0 2
0 8 3 0
0 20 0 1
0 26 1 0
1
end_operator
begin_operator
pop-unitarypipe s12 b4 a1 a2 b12 lco rat-a ta1-2-rat-a ta2-3-lco
0
5
0 0 4 8
0 5 0 2
0 8 3 0
0 20 0 1
0 29 1 0
1
end_operator
begin_operator
pop-unitarypipe s12 b4 a1 a2 b13 lco rat-a ta1-1-rat-a ta2-1-lco
0
5
0 0 5 8
0 6 0 2
0 8 3 0
0 17 0 1
0 23 1 0
1
end_operator
begin_operator
pop-unitarypipe s12 b4 a1 a2 b13 lco rat-a ta1-1-rat-a ta2-2-lco
0
5
0 0 5 8
0 6 0 2
0 8 3 0
0 17 0 1
0 26 1 0
1
end_operator
begin_operator
pop-unitarypipe s12 b4 a1 a2 b13 lco rat-a ta1-1-rat-a ta2-3-lco
0
5
0 0 5 8
0 6 0 2
0 8 3 0
0 17 0 1
0 29 1 0
1
end_operator
begin_operator
pop-unitarypipe s12 b4 a1 a2 b13 lco rat-a ta1-2-rat-a ta2-1-lco
0
5
0 0 5 8
0 6 0 2
0 8 3 0
0 20 0 1
0 23 1 0
1
end_operator
begin_operator
pop-unitarypipe s12 b4 a1 a2 b13 lco rat-a ta1-2-rat-a ta2-2-lco
0
5
0 0 5 8
0 6 0 2
0 8 3 0
0 20 0 1
0 26 1 0
1
end_operator
begin_operator
pop-unitarypipe s12 b4 a1 a2 b13 lco rat-a ta1-2-rat-a ta2-3-lco
0
5
0 0 5 8
0 6 0 2
0 8 3 0
0 20 0 1
0 29 1 0
1
end_operator
begin_operator
pop-unitarypipe s12 b4 a1 a2 b2 lco gasoleo ta1-1-gasoleo ta2-1-lco
0
5
0 0 6 8
0 8 3 0
0 14 0 1
0 23 1 0
0 39 0 2
1
end_operator
begin_operator
pop-unitarypipe s12 b4 a1 a2 b2 lco gasoleo ta1-1-gasoleo ta2-2-lco
0
5
0 0 6 8
0 8 3 0
0 14 0 1
0 26 1 0
0 39 0 2
1
end_operator
begin_operator
pop-unitarypipe s12 b4 a1 a2 b2 lco gasoleo ta1-1-gasoleo ta2-3-lco
0
5
0 0 6 8
0 8 3 0
0 14 0 1
0 29 1 0
0 39 0 2
1
end_operator
begin_operator
pop-unitarypipe s12 b4 a1 a2 b3 lco lco ta1-1-lco ta2-1-lco
0
5
0 0 7 8
0 7 0 2
0 8 3 0
0 15 0 1
0 23 1 0
1
end_operator
begin_operator
pop-unitarypipe s12 b4 a1 a2 b3 lco lco ta1-1-lco ta2-2-lco
0
5
0 0 7 8
0 7 0 2
0 8 3 0
0 15 0 1
0 26 1 0
1
end_operator
begin_operator
pop-unitarypipe s12 b4 a1 a2 b3 lco lco ta1-1-lco ta2-3-lco
0
5
0 0 7 8
0 7 0 2
0 8 3 0
0 15 0 1
0 29 1 0
1
end_operator
begin_operator
pop-unitarypipe s12 b4 a1 a2 b3 lco lco ta1-2-lco ta2-1-lco
0
5
0 0 7 8
0 7 0 2
0 8 3 0
0 18 0 1
0 23 1 0
1
end_operator
begin_operator
pop-unitarypipe s12 b4 a1 a2 b3 lco lco ta1-2-lco ta2-2-lco
0
5
0 0 7 8
0 7 0 2
0 8 3 0
0 18 0 1
0 26 1 0
1
end_operator
begin_operator
pop-unitarypipe s12 b4 a1 a2 b3 lco lco ta1-2-lco ta2-3-lco
0
5
0 0 7 8
0 7 0 2
0 8 3 0
0 18 0 1
0 29 1 0
1
end_operator
begin_operator
pop-unitarypipe s12 b4 a1 a2 b3 lco lco ta1-3-lco ta2-1-lco
0
5
0 0 7 8
0 7 0 2
0 8 3 0
0 21 0 1
0 23 1 0
1
end_operator
begin_operator
pop-unitarypipe s12 b4 a1 a2 b3 lco lco ta1-3-lco ta2-2-lco
0
5
0 0 7 8
0 7 0 2
0 8 3 0
0 21 0 1
0 26 1 0
1
end_operator
begin_operator
pop-unitarypipe s12 b4 a1 a2 b3 lco lco ta1-3-lco ta2-3-lco
0
5
0 0 7 8
0 7 0 2
0 8 3 0
0 21 0 1
0 29 1 0
1
end_operator
begin_operator
pop-unitarypipe s12 b4 a1 a2 b5 lco oca1 ta1-1-oca1 ta2-1-lco
0
5
0 0 9 8
0 8 3 0
0 9 0 2
0 16 0 1
0 23 1 0
1
end_operator
begin_operator
pop-unitarypipe s12 b4 a1 a2 b5 lco oca1 ta1-1-oca1 ta2-2-lco
0
5
0 0 9 8
0 8 3 0
0 9 0 2
0 16 0 1
0 26 1 0
1
end_operator
begin_operator
pop-unitarypipe s12 b4 a1 a2 b5 lco oca1 ta1-1-oca1 ta2-3-lco
0
5
0 0 9 8
0 8 3 0
0 9 0 2
0 16 0 1
0 29 1 0
1
end_operator
begin_operator
pop-unitarypipe s12 b4 a1 a2 b5 lco oca1 ta1-2-oca1 ta2-1-lco
0
5
0 0 9 8
0 8 3 0
0 9 0 2
0 19 0 1
0 23 1 0
1
end_operator
begin_operator
pop-unitarypipe s12 b4 a1 a2 b5 lco oca1 ta1-2-oca1 ta2-2-lco
0
5
0 0 9 8
0 8 3 0
0 9 0 2
0 19 0 1
0 26 1 0
1
end_operator
begin_operator
pop-unitarypipe s12 b4 a1 a2 b5 lco oca1 ta1-2-oca1 ta2-3-lco
0
5
0 0 9 8
0 8 3 0
0 9 0 2
0 19 0 1
0 29 1 0
1
end_operator
begin_operator
pop-unitarypipe s12 b4 a1 a2 b6 lco lco ta1-1-lco ta2-1-lco
0
5
0 0 10 8
0 8 3 0
0 10 0 2
0 15 0 1
0 23 1 0
1
end_operator
begin_operator
pop-unitarypipe s12 b4 a1 a2 b6 lco lco ta1-1-lco ta2-2-lco
0
5
0 0 10 8
0 8 3 0
0 10 0 2
0 15 0 1
0 26 1 0
1
end_operator
begin_operator
pop-unitarypipe s12 b4 a1 a2 b6 lco lco ta1-1-lco ta2-3-lco
0
5
0 0 10 8
0 8 3 0
0 10 0 2
0 15 0 1
0 29 1 0
1
end_operator
begin_operator
pop-unitarypipe s12 b4 a1 a2 b6 lco lco ta1-2-lco ta2-1-lco
0
5
0 0 10 8
0 8 3 0
0 10 0 2
0 18 0 1
0 23 1 0
1
end_operator
begin_operator
pop-unitarypipe s12 b4 a1 a2 b6 lco lco ta1-2-lco ta2-2-lco
0
5
0 0 10 8
0 8 3 0
0 10 0 2
0 18 0 1
0 26 1 0
1
end_operator
begin_operator
pop-unitarypipe s12 b4 a1 a2 b6 lco lco ta1-2-lco ta2-3-lco
0
5
0 0 10 8
0 8 3 0
0 10 0 2
0 18 0 1
0 29 1 0
1
end_operator
begin_operator
pop-unitarypipe s12 b4 a1 a2 b6 lco lco ta1-3-lco ta2-1-lco
0
5
0 0 10 8
0 8 3 0
0 10 0 2
0 21 0 1
0 23 1 0
1
end_operator
begin_operator
pop-unitarypipe s12 b4 a1 a2 b6 lco lco ta1-3-lco ta2-2-lco
0
5
0 0 10 8
0 8 3 0
0 10 0 2
0 21 0 1
0 26 1 0
1
end_operator
begin_operator
pop-unitarypipe s12 b4 a1 a2 b6 lco lco ta1-3-lco ta2-3-lco
0
5
0 0 10 8
0 8 3 0
0 10 0 2
0 21 0 1
0 29 1 0
1
end_operator
begin_operator
pop-unitarypipe s12 b4 a1 a2 b7 lco oca1 ta1-1-oca1 ta2-1-lco
0
5
0 0 11 8
0 8 3 0
0 11 0 2
0 16 0 1
0 23 1 0
1
end_operator
begin_operator
pop-unitarypipe s12 b4 a1 a2 b7 lco oca1 ta1-1-oca1 ta2-2-lco
0
5
0 0 11 8
0 8 3 0
0 11 0 2
0 16 0 1
0 26 1 0
1
end_operator
begin_operator
pop-unitarypipe s12 b4 a1 a2 b7 lco oca1 ta1-1-oca1 ta2-3-lco
0
5
0 0 11 8
0 8 3 0
0 11 0 2
0 16 0 1
0 29 1 0
1
end_operator
begin_operator
pop-unitarypipe s12 b4 a1 a2 b7 lco oca1 ta1-2-oca1 ta2-1-lco
0
5
0 0 11 8
0 8 3 0
0 11 0 2
0 19 0 1
0 23 1 0
1
end_operator
begin_operator
pop-unitarypipe s12 b4 a1 a2 b7 lco oca1 ta1-2-oca1 ta2-2-lco
0
5
0 0 11 8
0 8 3 0
0 11 0 2
0 19 0 1
0 26 1 0
1
end_operator
begin_operator
pop-unitarypipe s12 b4 a1 a2 b7 lco oca1 ta1-2-oca1 ta2-3-lco
0
5
0 0 11 8
0 8 3 0
0 11 0 2
0 19 0 1
0 29 1 0
1
end_operator
begin_operator
pop-unitarypipe s12 b4 a1 a2 b8 lco rat-a ta1-1-rat-a ta2-1-lco
0
5
0 0 12 8
0 8 3 0
0 12 0 2
0 17 0 1
0 23 1 0
1
end_operator
begin_operator
pop-unitarypipe s12 b4 a1 a2 b8 lco rat-a ta1-1-rat-a ta2-2-lco
0
5
0 0 12 8
0 8 3 0
0 12 0 2
0 17 0 1
0 26 1 0
1
end_operator
begin_operator
pop-unitarypipe s12 b4 a1 a2 b8 lco rat-a ta1-1-rat-a ta2-3-lco
0
5
0 0 12 8
0 8 3 0
0 12 0 2
0 17 0 1
0 29 1 0
1
end_operator
begin_operator
pop-unitarypipe s12 b4 a1 a2 b8 lco rat-a ta1-2-rat-a ta2-1-lco
0
5
0 0 12 8
0 8 3 0
0 12 0 2
0 20 0 1
0 23 1 0
1
end_operator
begin_operator
pop-unitarypipe s12 b4 a1 a2 b8 lco rat-a ta1-2-rat-a ta2-2-lco
0
5
0 0 12 8
0 8 3 0
0 12 0 2
0 20 0 1
0 26 1 0
1
end_operator
begin_operator
pop-unitarypipe s12 b4 a1 a2 b8 lco rat-a ta1-2-rat-a ta2-3-lco
0
5
0 0 12 8
0 8 3 0
0 12 0 2
0 20 0 1
0 29 1 0
1
end_operator
begin_operator
pop-unitarypipe s12 b4 a1 a2 b9 lco rat-a ta1-1-rat-a ta2-1-lco
0
5
0 0 13 8
0 8 3 0
0 13 0 2
0 17 0 1
0 23 1 0
1
end_operator
begin_operator
pop-unitarypipe s12 b4 a1 a2 b9 lco rat-a ta1-1-rat-a ta2-2-lco
0
5
0 0 13 8
0 8 3 0
0 13 0 2
0 17 0 1
0 26 1 0
1
end_operator
begin_operator
pop-unitarypipe s12 b4 a1 a2 b9 lco rat-a ta1-1-rat-a ta2-3-lco
0
5
0 0 13 8
0 8 3 0
0 13 0 2
0 17 0 1
0 29 1 0
1
end_operator
begin_operator
pop-unitarypipe s12 b4 a1 a2 b9 lco rat-a ta1-2-rat-a ta2-1-lco
0
5
0 0 13 8
0 8 3 0
0 13 0 2
0 20 0 1
0 23 1 0
1
end_operator
begin_operator
pop-unitarypipe s12 b4 a1 a2 b9 lco rat-a ta1-2-rat-a ta2-2-lco
0
5
0 0 13 8
0 8 3 0
0 13 0 2
0 20 0 1
0 26 1 0
1
end_operator
begin_operator
pop-unitarypipe s12 b4 a1 a2 b9 lco rat-a ta1-2-rat-a ta2-3-lco
0
5
0 0 13 8
0 8 3 0
0 13 0 2
0 20 0 1
0 29 1 0
1
end_operator
begin_operator
pop-unitarypipe s12 b5 a1 a2 b0 oca1 lco ta1-1-lco ta2-1-oca1
0
5
0 0 0 9
0 2 0 2
0 9 3 0
0 15 0 1
0 24 1 0
1
end_operator
begin_operator
pop-unitarypipe s12 b5 a1 a2 b0 oca1 lco ta1-1-lco ta2-2-oca1
0
5
0 0 0 9
0 2 0 2
0 9 3 0
0 15 0 1
0 27 1 0
1
end_operator
begin_operator
pop-unitarypipe s12 b5 a1 a2 b0 oca1 lco ta1-2-lco ta2-1-oca1
0
5
0 0 0 9
0 2 0 2
0 9 3 0
0 18 0 1
0 24 1 0
1
end_operator
begin_operator
pop-unitarypipe s12 b5 a1 a2 b0 oca1 lco ta1-2-lco ta2-2-oca1
0
5
0 0 0 9
0 2 0 2
0 9 3 0
0 18 0 1
0 27 1 0
1
end_operator
begin_operator
pop-unitarypipe s12 b5 a1 a2 b0 oca1 lco ta1-3-lco ta2-1-oca1
0
5
0 0 0 9
0 2 0 2
0 9 3 0
0 21 0 1
0 24 1 0
1
end_operator
begin_operator
pop-unitarypipe s12 b5 a1 a2 b0 oca1 lco ta1-3-lco ta2-2-oca1
0
5
0 0 0 9
0 2 0 2
0 9 3 0
0 21 0 1
0 27 1 0
1
end_operator
begin_operator
pop-unitarypipe s12 b5 a1 a2 b1 oca1 lco ta1-1-lco ta2-1-oca1
0
5
0 0 1 9
0 3 0 2
0 9 3 0
0 15 0 1
0 24 1 0
1
end_operator
begin_operator
pop-unitarypipe s12 b5 a1 a2 b1 oca1 lco ta1-1-lco ta2-2-oca1
0
5
0 0 1 9
0 3 0 2
0 9 3 0
0 15 0 1
0 27 1 0
1
end_operator
begin_operator
pop-unitarypipe s12 b5 a1 a2 b1 oca1 lco ta1-2-lco ta2-1-oca1
0
5
0 0 1 9
0 3 0 2
0 9 3 0
0 18 0 1
0 24 1 0
1
end_operator
begin_operator
pop-unitarypipe s12 b5 a1 a2 b1 oca1 lco ta1-2-lco ta2-2-oca1
0
5
0 0 1 9
0 3 0 2
0 9 3 0
0 18 0 1
0 27 1 0
1
end_operator
begin_operator
pop-unitarypipe s12 b5 a1 a2 b1 oca1 lco ta1-3-lco ta2-1-oca1
0
5
0 0 1 9
0 3 0 2
0 9 3 0
0 21 0 1
0 24 1 0
1
end_operator
begin_operator
pop-unitarypipe s12 b5 a1 a2 b1 oca1 lco ta1-3-lco ta2-2-oca1
0
5
0 0 1 9
0 3 0 2
0 9 3 0
0 21 0 1
0 27 1 0
1
end_operator
begin_operator
pop-unitarypipe s12 b5 a1 a2 b10 oca1 oca1 ta1-1-oca1 ta2-1-oca1
0
5
0 0 2 9
0 4 0 2
0 9 3 0
0 16 0 1
0 24 1 0
1
end_operator
begin_operator
pop-unitarypipe s12 b5 a1 a2 b10 oca1 oca1 ta1-1-oca1 ta2-2-oca1
0
5
0 0 2 9
0 4 0 2
0 9 3 0
0 16 0 1
0 27 1 0
1
end_operator
begin_operator
pop-unitarypipe s12 b5 a1 a2 b10 oca1 oca1 ta1-2-oca1 ta2-1-oca1
0
5
0 0 2 9
0 4 0 2
0 9 3 0
0 19 0 1
0 24 1 0
1
end_operator
begin_operator
pop-unitarypipe s12 b5 a1 a2 b10 oca1 oca1 ta1-2-oca1 ta2-2-oca1
0
5
0 0 2 9
0 4 0 2
0 9 3 0
0 19 0 1
0 27 1 0
1
end_operator
begin_operator
pop-unitarypipe s12 b5 a1 a2 b11 oca1 gasoleo ta1-1-gasoleo ta2-1-oca1
0
5
0 0 3 9
0 9 3 0
0 14 0 1
0 24 1 0
0 38 0 2
1
end_operator
begin_operator
pop-unitarypipe s12 b5 a1 a2 b11 oca1 gasoleo ta1-1-gasoleo ta2-2-oca1
0
5
0 0 3 9
0 9 3 0
0 14 0 1
0 27 1 0
0 38 0 2
1
end_operator
begin_operator
pop-unitarypipe s12 b5 a1 a2 b2 oca1 gasoleo ta1-1-gasoleo ta2-1-oca1
0
5
0 0 6 9
0 9 3 0
0 14 0 1
0 24 1 0
0 39 0 2
1
end_operator
begin_operator
pop-unitarypipe s12 b5 a1 a2 b2 oca1 gasoleo ta1-1-gasoleo ta2-2-oca1
0
5
0 0 6 9
0 9 3 0
0 14 0 1
0 27 1 0
0 39 0 2
1
end_operator
begin_operator
pop-unitarypipe s12 b5 a1 a2 b3 oca1 lco ta1-1-lco ta2-1-oca1
0
5
0 0 7 9
0 7 0 2
0 9 3 0
0 15 0 1
0 24 1 0
1
end_operator
begin_operator
pop-unitarypipe s12 b5 a1 a2 b3 oca1 lco ta1-1-lco ta2-2-oca1
0
5
0 0 7 9
0 7 0 2
0 9 3 0
0 15 0 1
0 27 1 0
1
end_operator
begin_operator
pop-unitarypipe s12 b5 a1 a2 b3 oca1 lco ta1-2-lco ta2-1-oca1
0
5
0 0 7 9
0 7 0 2
0 9 3 0
0 18 0 1
0 24 1 0
1
end_operator
begin_operator
pop-unitarypipe s12 b5 a1 a2 b3 oca1 lco ta1-2-lco ta2-2-oca1
0
5
0 0 7 9
0 7 0 2
0 9 3 0
0 18 0 1
0 27 1 0
1
end_operator
begin_operator
pop-unitarypipe s12 b5 a1 a2 b3 oca1 lco ta1-3-lco ta2-1-oca1
0
5
0 0 7 9
0 7 0 2
0 9 3 0
0 21 0 1
0 24 1 0
1
end_operator
begin_operator
pop-unitarypipe s12 b5 a1 a2 b3 oca1 lco ta1-3-lco ta2-2-oca1
0
5
0 0 7 9
0 7 0 2
0 9 3 0
0 21 0 1
0 27 1 0
1
end_operator
begin_operator
pop-unitarypipe s12 b5 a1 a2 b4 oca1 lco ta1-1-lco ta2-1-oca1
0
5
0 0 8 9
0 8 0 2
0 9 3 0
0 15 0 1
0 24 1 0
1
end_operator
begin_operator
pop-unitarypipe s12 b5 a1 a2 b4 oca1 lco ta1-1-lco ta2-2-oca1
0
5
0 0 8 9
0 8 0 2
0 9 3 0
0 15 0 1
0 27 1 0
1
end_operator
begin_operator
pop-unitarypipe s12 b5 a1 a2 b4 oca1 lco ta1-2-lco ta2-1-oca1
0
5
0 0 8 9
0 8 0 2
0 9 3 0
0 18 0 1
0 24 1 0
1
end_operator
begin_operator
pop-unitarypipe s12 b5 a1 a2 b4 oca1 lco ta1-2-lco ta2-2-oca1
0
5
0 0 8 9
0 8 0 2
0 9 3 0
0 18 0 1
0 27 1 0
1
end_operator
begin_operator
pop-unitarypipe s12 b5 a1 a2 b4 oca1 lco ta1-3-lco ta2-1-oca1
0
5
0 0 8 9
0 8 0 2
0 9 3 0
0 21 0 1
0 24 1 0
1
end_operator
begin_operator
pop-unitarypipe s12 b5 a1 a2 b4 oca1 lco ta1-3-lco ta2-2-oca1
0
5
0 0 8 9
0 8 0 2
0 9 3 0
0 21 0 1
0 27 1 0
1
end_operator
begin_operator
pop-unitarypipe s12 b5 a1 a2 b6 oca1 lco ta1-1-lco ta2-1-oca1
0
5
0 0 10 9
0 9 3 0
0 10 0 2
0 15 0 1
0 24 1 0
1
end_operator
begin_operator
pop-unitarypipe s12 b5 a1 a2 b6 oca1 lco ta1-1-lco ta2-2-oca1
0
5
0 0 10 9
0 9 3 0
0 10 0 2
0 15 0 1
0 27 1 0
1
end_operator
begin_operator
pop-unitarypipe s12 b5 a1 a2 b6 oca1 lco ta1-2-lco ta2-1-oca1
0
5
0 0 10 9
0 9 3 0
0 10 0 2
0 18 0 1
0 24 1 0
1
end_operator
begin_operator
pop-unitarypipe s12 b5 a1 a2 b6 oca1 lco ta1-2-lco ta2-2-oca1
0
5
0 0 10 9
0 9 3 0
0 10 0 2
0 18 0 1
0 27 1 0
1
end_operator
begin_operator
pop-unitarypipe s12 b5 a1 a2 b6 oca1 lco ta1-3-lco ta2-1-oca1
0
5
0 0 10 9
0 9 3 0
0 10 0 2
0 21 0 1
0 24 1 0
1
end_operator
begin_operator
pop-unitarypipe s12 b5 a1 a2 b6 oca1 lco ta1-3-lco ta2-2-oca1
0
5
0 0 10 9
0 9 3 0
0 10 0 2
0 21 0 1
0 27 1 0
1
end_operator
begin_operator
pop-unitarypipe s12 b5 a1 a2 b7 oca1 oca1 ta1-1-oca1 ta2-1-oca1
0
5
0 0 11 9
0 9 3 0
0 11 0 2
0 16 0 1
0 24 1 0
1
end_operator
begin_operator
pop-unitarypipe s12 b5 a1 a2 b7 oca1 oca1 ta1-1-oca1 ta2-2-oca1
0
5
0 0 11 9
0 9 3 0
0 11 0 2
0 16 0 1
0 27 1 0
1
end_operator
begin_operator
pop-unitarypipe s12 b5 a1 a2 b7 oca1 oca1 ta1-2-oca1 ta2-1-oca1
0
5
0 0 11 9
0 9 3 0
0 11 0 2
0 19 0 1
0 24 1 0
1
end_operator
begin_operator
pop-unitarypipe s12 b5 a1 a2 b7 oca1 oca1 ta1-2-oca1 ta2-2-oca1
0
5
0 0 11 9
0 9 3 0
0 11 0 2
0 19 0 1
0 27 1 0
1
end_operator
begin_operator
pop-unitarypipe s12 b6 a1 a2 b0 lco lco ta1-1-lco ta2-1-lco
0
5
0 0 0 10
0 2 0 2
0 10 3 0
0 15 0 1
0 23 1 0
1
end_operator
begin_operator
pop-unitarypipe s12 b6 a1 a2 b0 lco lco ta1-1-lco ta2-2-lco
0
5
0 0 0 10
0 2 0 2
0 10 3 0
0 15 0 1
0 26 1 0
1
end_operator
begin_operator
pop-unitarypipe s12 b6 a1 a2 b0 lco lco ta1-1-lco ta2-3-lco
0
5
0 0 0 10
0 2 0 2
0 10 3 0
0 15 0 1
0 29 1 0
1
end_operator
begin_operator
pop-unitarypipe s12 b6 a1 a2 b0 lco lco ta1-2-lco ta2-1-lco
0
5
0 0 0 10
0 2 0 2
0 10 3 0
0 18 0 1
0 23 1 0
1
end_operator
begin_operator
pop-unitarypipe s12 b6 a1 a2 b0 lco lco ta1-2-lco ta2-2-lco
0
5
0 0 0 10
0 2 0 2
0 10 3 0
0 18 0 1
0 26 1 0
1
end_operator
begin_operator
pop-unitarypipe s12 b6 a1 a2 b0 lco lco ta1-2-lco ta2-3-lco
0
5
0 0 0 10
0 2 0 2
0 10 3 0
0 18 0 1
0 29 1 0
1
end_operator
begin_operator
pop-unitarypipe s12 b6 a1 a2 b0 lco lco ta1-3-lco ta2-1-lco
0
5
0 0 0 10
0 2 0 2
0 10 3 0
0 21 0 1
0 23 1 0
1
end_operator
begin_operator
pop-unitarypipe s12 b6 a1 a2 b0 lco lco ta1-3-lco ta2-2-lco
0
5
0 0 0 10
0 2 0 2
0 10 3 0
0 21 0 1
0 26 1 0
1
end_operator
begin_operator
pop-unitarypipe s12 b6 a1 a2 b0 lco lco ta1-3-lco ta2-3-lco
0
5
0 0 0 10
0 2 0 2
0 10 3 0
0 21 0 1
0 29 1 0
1
end_operator
begin_operator
pop-unitarypipe s12 b6 a1 a2 b1 lco lco ta1-1-lco ta2-1-lco
0
5
0 0 1 10
0 3 0 2
0 10 3 0
0 15 0 1
0 23 1 0
1
end_operator
begin_operator
pop-unitarypipe s12 b6 a1 a2 b1 lco lco ta1-1-lco ta2-2-lco
0
5
0 0 1 10
0 3 0 2
0 10 3 0
0 15 0 1
0 26 1 0
1
end_operator
begin_operator
pop-unitarypipe s12 b6 a1 a2 b1 lco lco ta1-1-lco ta2-3-lco
0
5
0 0 1 10
0 3 0 2
0 10 3 0
0 15 0 1
0 29 1 0
1
end_operator
begin_operator
pop-unitarypipe s12 b6 a1 a2 b1 lco lco ta1-2-lco ta2-1-lco
0
5
0 0 1 10
0 3 0 2
0 10 3 0
0 18 0 1
0 23 1 0
1
end_operator
begin_operator
pop-unitarypipe s12 b6 a1 a2 b1 lco lco ta1-2-lco ta2-2-lco
0
5
0 0 1 10
0 3 0 2
0 10 3 0
0 18 0 1
0 26 1 0
1
end_operator
begin_operator
pop-unitarypipe s12 b6 a1 a2 b1 lco lco ta1-2-lco ta2-3-lco
0
5
0 0 1 10
0 3 0 2
0 10 3 0
0 18 0 1
0 29 1 0
1
end_operator
begin_operator
pop-unitarypipe s12 b6 a1 a2 b1 lco lco ta1-3-lco ta2-1-lco
0
5
0 0 1 10
0 3 0 2
0 10 3 0
0 21 0 1
0 23 1 0
1
end_operator
begin_operator
pop-unitarypipe s12 b6 a1 a2 b1 lco lco ta1-3-lco ta2-2-lco
0
5
0 0 1 10
0 3 0 2
0 10 3 0
0 21 0 1
0 26 1 0
1
end_operator
begin_operator
pop-unitarypipe s12 b6 a1 a2 b1 lco lco ta1-3-lco ta2-3-lco
0
5
0 0 1 10
0 3 0 2
0 10 3 0
0 21 0 1
0 29 1 0
1
end_operator
begin_operator
pop-unitarypipe s12 b6 a1 a2 b10 lco oca1 ta1-1-oca1 ta2-1-lco
0
5
0 0 2 10
0 4 0 2
0 10 3 0
0 16 0 1
0 23 1 0
1
end_operator
begin_operator
pop-unitarypipe s12 b6 a1 a2 b10 lco oca1 ta1-1-oca1 ta2-2-lco
0
5
0 0 2 10
0 4 0 2
0 10 3 0
0 16 0 1
0 26 1 0
1
end_operator
begin_operator
pop-unitarypipe s12 b6 a1 a2 b10 lco oca1 ta1-1-oca1 ta2-3-lco
0
5
0 0 2 10
0 4 0 2
0 10 3 0
0 16 0 1
0 29 1 0
1
end_operator
begin_operator
pop-unitarypipe s12 b6 a1 a2 b10 lco oca1 ta1-2-oca1 ta2-1-lco
0
5
0 0 2 10
0 4 0 2
0 10 3 0
0 19 0 1
0 23 1 0
1
end_operator
begin_operator
pop-unitarypipe s12 b6 a1 a2 b10 lco oca1 ta1-2-oca1 ta2-2-lco
0
5
0 0 2 10
0 4 0 2
0 10 3 0
0 19 0 1
0 26 1 0
1
end_operator
begin_operator
pop-unitarypipe s12 b6 a1 a2 b10 lco oca1 ta1-2-oca1 ta2-3-lco
0
5
0 0 2 10
0 4 0 2
0 10 3 0
0 19 0 1
0 29 1 0
1
end_operator
begin_operator
pop-unitarypipe s12 b6 a1 a2 b11 lco gasoleo ta1-1-gasoleo ta2-1-lco
0
5
0 0 3 10
0 10 3 0
0 14 0 1
0 23 1 0
0 38 0 2
1
end_operator
begin_operator
pop-unitarypipe s12 b6 a1 a2 b11 lco gasoleo ta1-1-gasoleo ta2-2-lco
0
5
0 0 3 10
0 10 3 0
0 14 0 1
0 26 1 0
0 38 0 2
1
end_operator
begin_operator
pop-unitarypipe s12 b6 a1 a2 b11 lco gasoleo ta1-1-gasoleo ta2-3-lco
0
5
0 0 3 10
0 10 3 0
0 14 0 1
0 29 1 0
0 38 0 2
1
end_operator
begin_operator
pop-unitarypipe s12 b6 a1 a2 b12 lco rat-a ta1-1-rat-a ta2-1-lco
0
5
0 0 4 10
0 5 0 2
0 10 3 0
0 17 0 1
0 23 1 0
1
end_operator
begin_operator
pop-unitarypipe s12 b6 a1 a2 b12 lco rat-a ta1-1-rat-a ta2-2-lco
0
5
0 0 4 10
0 5 0 2
0 10 3 0
0 17 0 1
0 26 1 0
1
end_operator
begin_operator
pop-unitarypipe s12 b6 a1 a2 b12 lco rat-a ta1-1-rat-a ta2-3-lco
0
5
0 0 4 10
0 5 0 2
0 10 3 0
0 17 0 1
0 29 1 0
1
end_operator
begin_operator
pop-unitarypipe s12 b6 a1 a2 b12 lco rat-a ta1-2-rat-a ta2-1-lco
0
5
0 0 4 10
0 5 0 2
0 10 3 0
0 20 0 1
0 23 1 0
1
end_operator
begin_operator
pop-unitarypipe s12 b6 a1 a2 b12 lco rat-a ta1-2-rat-a ta2-2-lco
0
5
0 0 4 10
0 5 0 2
0 10 3 0
0 20 0 1
0 26 1 0
1
end_operator
begin_operator
pop-unitarypipe s12 b6 a1 a2 b12 lco rat-a ta1-2-rat-a ta2-3-lco
0
5
0 0 4 10
0 5 0 2
0 10 3 0
0 20 0 1
0 29 1 0
1
end_operator
begin_operator
pop-unitarypipe s12 b6 a1 a2 b13 lco rat-a ta1-1-rat-a ta2-1-lco
0
5
0 0 5 10
0 6 0 2
0 10 3 0
0 17 0 1
0 23 1 0
1
end_operator
begin_operator
pop-unitarypipe s12 b6 a1 a2 b13 lco rat-a ta1-1-rat-a ta2-2-lco
0
5
0 0 5 10
0 6 0 2
0 10 3 0
0 17 0 1
0 26 1 0
1
end_operator
begin_operator
pop-unitarypipe s12 b6 a1 a2 b13 lco rat-a ta1-1-rat-a ta2-3-lco
0
5
0 0 5 10
0 6 0 2
0 10 3 0
0 17 0 1
0 29 1 0
1
end_operator
begin_operator
pop-unitarypipe s12 b6 a1 a2 b13 lco rat-a ta1-2-rat-a ta2-1-lco
0
5
0 0 5 10
0 6 0 2
0 10 3 0
0 20 0 1
0 23 1 0
1
end_operator
begin_operator
pop-unitarypipe s12 b6 a1 a2 b13 lco rat-a ta1-2-rat-a ta2-2-lco
0
5
0 0 5 10
0 6 0 2
0 10 3 0
0 20 0 1
0 26 1 0
1
end_operator
begin_operator
pop-unitarypipe s12 b6 a1 a2 b13 lco rat-a ta1-2-rat-a ta2-3-lco
0
5
0 0 5 10
0 6 0 2
0 10 3 0
0 20 0 1
0 29 1 0
1
end_operator
begin_operator
pop-unitarypipe s12 b6 a1 a2 b2 lco gasoleo ta1-1-gasoleo ta2-1-lco
0
5
0 0 6 10
0 10 3 0
0 14 0 1
0 23 1 0
0 39 0 2
1
end_operator
begin_operator
pop-unitarypipe s12 b6 a1 a2 b2 lco gasoleo ta1-1-gasoleo ta2-2-lco
0
5
0 0 6 10
0 10 3 0
0 14 0 1
0 26 1 0
0 39 0 2
1
end_operator
begin_operator
pop-unitarypipe s12 b6 a1 a2 b2 lco gasoleo ta1-1-gasoleo ta2-3-lco
0
5
0 0 6 10
0 10 3 0
0 14 0 1
0 29 1 0
0 39 0 2
1
end_operator
begin_operator
pop-unitarypipe s12 b6 a1 a2 b3 lco lco ta1-1-lco ta2-1-lco
0
5
0 0 7 10
0 7 0 2
0 10 3 0
0 15 0 1
0 23 1 0
1
end_operator
begin_operator
pop-unitarypipe s12 b6 a1 a2 b3 lco lco ta1-1-lco ta2-2-lco
0
5
0 0 7 10
0 7 0 2
0 10 3 0
0 15 0 1
0 26 1 0
1
end_operator
begin_operator
pop-unitarypipe s12 b6 a1 a2 b3 lco lco ta1-1-lco ta2-3-lco
0
5
0 0 7 10
0 7 0 2
0 10 3 0
0 15 0 1
0 29 1 0
1
end_operator
begin_operator
pop-unitarypipe s12 b6 a1 a2 b3 lco lco ta1-2-lco ta2-1-lco
0
5
0 0 7 10
0 7 0 2
0 10 3 0
0 18 0 1
0 23 1 0
1
end_operator
begin_operator
pop-unitarypipe s12 b6 a1 a2 b3 lco lco ta1-2-lco ta2-2-lco
0
5
0 0 7 10
0 7 0 2
0 10 3 0
0 18 0 1
0 26 1 0
1
end_operator
begin_operator
pop-unitarypipe s12 b6 a1 a2 b3 lco lco ta1-2-lco ta2-3-lco
0
5
0 0 7 10
0 7 0 2
0 10 3 0
0 18 0 1
0 29 1 0
1
end_operator
begin_operator
pop-unitarypipe s12 b6 a1 a2 b3 lco lco ta1-3-lco ta2-1-lco
0
5
0 0 7 10
0 7 0 2
0 10 3 0
0 21 0 1
0 23 1 0
1
end_operator
begin_operator
pop-unitarypipe s12 b6 a1 a2 b3 lco lco ta1-3-lco ta2-2-lco
0
5
0 0 7 10
0 7 0 2
0 10 3 0
0 21 0 1
0 26 1 0
1
end_operator
begin_operator
pop-unitarypipe s12 b6 a1 a2 b3 lco lco ta1-3-lco ta2-3-lco
0
5
0 0 7 10
0 7 0 2
0 10 3 0
0 21 0 1
0 29 1 0
1
end_operator
begin_operator
pop-unitarypipe s12 b6 a1 a2 b4 lco lco ta1-1-lco ta2-1-lco
0
5
0 0 8 10
0 8 0 2
0 10 3 0
0 15 0 1
0 23 1 0
1
end_operator
begin_operator
pop-unitarypipe s12 b6 a1 a2 b4 lco lco ta1-1-lco ta2-2-lco
0
5
0 0 8 10
0 8 0 2
0 10 3 0
0 15 0 1
0 26 1 0
1
end_operator
begin_operator
pop-unitarypipe s12 b6 a1 a2 b4 lco lco ta1-1-lco ta2-3-lco
0
5
0 0 8 10
0 8 0 2
0 10 3 0
0 15 0 1
0 29 1 0
1
end_operator
begin_operator
pop-unitarypipe s12 b6 a1 a2 b4 lco lco ta1-2-lco ta2-1-lco
0
5
0 0 8 10
0 8 0 2
0 10 3 0
0 18 0 1
0 23 1 0
1
end_operator
begin_operator
pop-unitarypipe s12 b6 a1 a2 b4 lco lco ta1-2-lco ta2-2-lco
0
5
0 0 8 10
0 8 0 2
0 10 3 0
0 18 0 1
0 26 1 0
1
end_operator
begin_operator
pop-unitarypipe s12 b6 a1 a2 b4 lco lco ta1-2-lco ta2-3-lco
0
5
0 0 8 10
0 8 0 2
0 10 3 0
0 18 0 1
0 29 1 0
1
end_operator
begin_operator
pop-unitarypipe s12 b6 a1 a2 b4 lco lco ta1-3-lco ta2-1-lco
0
5
0 0 8 10
0 8 0 2
0 10 3 0
0 21 0 1
0 23 1 0
1
end_operator
begin_operator
pop-unitarypipe s12 b6 a1 a2 b4 lco lco ta1-3-lco ta2-2-lco
0
5
0 0 8 10
0 8 0 2
0 10 3 0
0 21 0 1
0 26 1 0
1
end_operator
begin_operator
pop-unitarypipe s12 b6 a1 a2 b4 lco lco ta1-3-lco ta2-3-lco
0
5
0 0 8 10
0 8 0 2
0 10 3 0
0 21 0 1
0 29 1 0
1
end_operator
begin_operator
pop-unitarypipe s12 b6 a1 a2 b5 lco oca1 ta1-1-oca1 ta2-1-lco
0
5
0 0 9 10
0 9 0 2
0 10 3 0
0 16 0 1
0 23 1 0
1
end_operator
begin_operator
pop-unitarypipe s12 b6 a1 a2 b5 lco oca1 ta1-1-oca1 ta2-2-lco
0
5
0 0 9 10
0 9 0 2
0 10 3 0
0 16 0 1
0 26 1 0
1
end_operator
begin_operator
pop-unitarypipe s12 b6 a1 a2 b5 lco oca1 ta1-1-oca1 ta2-3-lco
0
5
0 0 9 10
0 9 0 2
0 10 3 0
0 16 0 1
0 29 1 0
1
end_operator
begin_operator
pop-unitarypipe s12 b6 a1 a2 b5 lco oca1 ta1-2-oca1 ta2-1-lco
0
5
0 0 9 10
0 9 0 2
0 10 3 0
0 19 0 1
0 23 1 0
1
end_operator
begin_operator
pop-unitarypipe s12 b6 a1 a2 b5 lco oca1 ta1-2-oca1 ta2-2-lco
0
5
0 0 9 10
0 9 0 2
0 10 3 0
0 19 0 1
0 26 1 0
1
end_operator
begin_operator
pop-unitarypipe s12 b6 a1 a2 b5 lco oca1 ta1-2-oca1 ta2-3-lco
0
5
0 0 9 10
0 9 0 2
0 10 3 0
0 19 0 1
0 29 1 0
1
end_operator
begin_operator
pop-unitarypipe s12 b6 a1 a2 b7 lco oca1 ta1-1-oca1 ta2-1-lco
0
5
0 0 11 10
0 10 3 0
0 11 0 2
0 16 0 1
0 23 1 0
1
end_operator
begin_operator
pop-unitarypipe s12 b6 a1 a2 b7 lco oca1 ta1-1-oca1 ta2-2-lco
0
5
0 0 11 10
0 10 3 0
0 11 0 2
0 16 0 1
0 26 1 0
1
end_operator
begin_operator
pop-unitarypipe s12 b6 a1 a2 b7 lco oca1 ta1-1-oca1 ta2-3-lco
0
5
0 0 11 10
0 10 3 0
0 11 0 2
0 16 0 1
0 29 1 0
1
end_operator
begin_operator
pop-unitarypipe s12 b6 a1 a2 b7 lco oca1 ta1-2-oca1 ta2-1-lco
0
5
0 0 11 10
0 10 3 0
0 11 0 2
0 19 0 1
0 23 1 0
1
end_operator
begin_operator
pop-unitarypipe s12 b6 a1 a2 b7 lco oca1 ta1-2-oca1 ta2-2-lco
0
5
0 0 11 10
0 10 3 0
0 11 0 2
0 19 0 1
0 26 1 0
1
end_operator
begin_operator
pop-unitarypipe s12 b6 a1 a2 b7 lco oca1 ta1-2-oca1 ta2-3-lco
0
5
0 0 11 10
0 10 3 0
0 11 0 2
0 19 0 1
0 29 1 0
1
end_operator
begin_operator
pop-unitarypipe s12 b6 a1 a2 b8 lco rat-a ta1-1-rat-a ta2-1-lco
0
5
0 0 12 10
0 10 3 0
0 12 0 2
0 17 0 1
0 23 1 0
1
end_operator
begin_operator
pop-unitarypipe s12 b6 a1 a2 b8 lco rat-a ta1-1-rat-a ta2-2-lco
0
5
0 0 12 10
0 10 3 0
0 12 0 2
0 17 0 1
0 26 1 0
1
end_operator
begin_operator
pop-unitarypipe s12 b6 a1 a2 b8 lco rat-a ta1-1-rat-a ta2-3-lco
0
5
0 0 12 10
0 10 3 0
0 12 0 2
0 17 0 1
0 29 1 0
1
end_operator
begin_operator
pop-unitarypipe s12 b6 a1 a2 b8 lco rat-a ta1-2-rat-a ta2-1-lco
0
5
0 0 12 10
0 10 3 0
0 12 0 2
0 20 0 1
0 23 1 0
1
end_operator
begin_operator
pop-unitarypipe s12 b6 a1 a2 b8 lco rat-a ta1-2-rat-a ta2-2-lco
0
5
0 0 12 10
0 10 3 0
0 12 0 2
0 20 0 1
0 26 1 0
1
end_operator
begin_operator
pop-unitarypipe s12 b6 a1 a2 b8 lco rat-a ta1-2-rat-a ta2-3-lco
0
5
0 0 12 10
0 10 3 0
0 12 0 2
0 20 0 1
0 29 1 0
1
end_operator
begin_operator
pop-unitarypipe s12 b6 a1 a2 b9 lco rat-a ta1-1-rat-a ta2-1-lco
0
5
0 0 13 10
0 10 3 0
0 13 0 2
0 17 0 1
0 23 1 0
1
end_operator
begin_operator
pop-unitarypipe s12 b6 a1 a2 b9 lco rat-a ta1-1-rat-a ta2-2-lco
0
5
0 0 13 10
0 10 3 0
0 13 0 2
0 17 0 1
0 26 1 0
1
end_operator
begin_operator
pop-unitarypipe s12 b6 a1 a2 b9 lco rat-a ta1-1-rat-a ta2-3-lco
0
5
0 0 13 10
0 10 3 0
0 13 0 2
0 17 0 1
0 29 1 0
1
end_operator
begin_operator
pop-unitarypipe s12 b6 a1 a2 b9 lco rat-a ta1-2-rat-a ta2-1-lco
0
5
0 0 13 10
0 10 3 0
0 13 0 2
0 20 0 1
0 23 1 0
1
end_operator
begin_operator
pop-unitarypipe s12 b6 a1 a2 b9 lco rat-a ta1-2-rat-a ta2-2-lco
0
5
0 0 13 10
0 10 3 0
0 13 0 2
0 20 0 1
0 26 1 0
1
end_operator
begin_operator
pop-unitarypipe s12 b6 a1 a2 b9 lco rat-a ta1-2-rat-a ta2-3-lco
0
5
0 0 13 10
0 10 3 0
0 13 0 2
0 20 0 1
0 29 1 0
1
end_operator
begin_operator
pop-unitarypipe s12 b7 a1 a2 b0 oca1 lco ta1-1-lco ta2-1-oca1
0
5
0 0 0 11
0 2 0 2
0 11 3 0
0 15 0 1
0 24 1 0
1
end_operator
begin_operator
pop-unitarypipe s12 b7 a1 a2 b0 oca1 lco ta1-1-lco ta2-2-oca1
0
5
0 0 0 11
0 2 0 2
0 11 3 0
0 15 0 1
0 27 1 0
1
end_operator
begin_operator
pop-unitarypipe s12 b7 a1 a2 b0 oca1 lco ta1-2-lco ta2-1-oca1
0
5
0 0 0 11
0 2 0 2
0 11 3 0
0 18 0 1
0 24 1 0
1
end_operator
begin_operator
pop-unitarypipe s12 b7 a1 a2 b0 oca1 lco ta1-2-lco ta2-2-oca1
0
5
0 0 0 11
0 2 0 2
0 11 3 0
0 18 0 1
0 27 1 0
1
end_operator
begin_operator
pop-unitarypipe s12 b7 a1 a2 b0 oca1 lco ta1-3-lco ta2-1-oca1
0
5
0 0 0 11
0 2 0 2
0 11 3 0
0 21 0 1
0 24 1 0
1
end_operator
begin_operator
pop-unitarypipe s12 b7 a1 a2 b0 oca1 lco ta1-3-lco ta2-2-oca1
0
5
0 0 0 11
0 2 0 2
0 11 3 0
0 21 0 1
0 27 1 0
1
end_operator
begin_operator
pop-unitarypipe s12 b7 a1 a2 b1 oca1 lco ta1-1-lco ta2-1-oca1
0
5
0 0 1 11
0 3 0 2
0 11 3 0
0 15 0 1
0 24 1 0
1
end_operator
begin_operator
pop-unitarypipe s12 b7 a1 a2 b1 oca1 lco ta1-1-lco ta2-2-oca1
0
5
0 0 1 11
0 3 0 2
0 11 3 0
0 15 0 1
0 27 1 0
1
end_operator
begin_operator
pop-unitarypipe s12 b7 a1 a2 b1 oca1 lco ta1-2-lco ta2-1-oca1
0
5
0 0 1 11
0 3 0 2
0 11 3 0
0 18 0 1
0 24 1 0
1
end_operator
begin_operator
pop-unitarypipe s12 b7 a1 a2 b1 oca1 lco ta1-2-lco ta2-2-oca1
0
5
0 0 1 11
0 3 0 2
0 11 3 0
0 18 0 1
0 27 1 0
1
end_operator
begin_operator
pop-unitarypipe s12 b7 a1 a2 b1 oca1 lco ta1-3-lco ta2-1-oca1
0
5
0 0 1 11
0 3 0 2
0 11 3 0
0 21 0 1
0 24 1 0
1
end_operator
begin_operator
pop-unitarypipe s12 b7 a1 a2 b1 oca1 lco ta1-3-lco ta2-2-oca1
0
5
0 0 1 11
0 3 0 2
0 11 3 0
0 21 0 1
0 27 1 0
1
end_operator
begin_operator
pop-unitarypipe s12 b7 a1 a2 b10 oca1 oca1 ta1-1-oca1 ta2-1-oca1
0
5
0 0 2 11
0 4 0 2
0 11 3 0
0 16 0 1
0 24 1 0
1
end_operator
begin_operator
pop-unitarypipe s12 b7 a1 a2 b10 oca1 oca1 ta1-1-oca1 ta2-2-oca1
0
5
0 0 2 11
0 4 0 2
0 11 3 0
0 16 0 1
0 27 1 0
1
end_operator
begin_operator
pop-unitarypipe s12 b7 a1 a2 b10 oca1 oca1 ta1-2-oca1 ta2-1-oca1
0
5
0 0 2 11
0 4 0 2
0 11 3 0
0 19 0 1
0 24 1 0
1
end_operator
begin_operator
pop-unitarypipe s12 b7 a1 a2 b10 oca1 oca1 ta1-2-oca1 ta2-2-oca1
0
5
0 0 2 11
0 4 0 2
0 11 3 0
0 19 0 1
0 27 1 0
1
end_operator
begin_operator
pop-unitarypipe s12 b7 a1 a2 b11 oca1 gasoleo ta1-1-gasoleo ta2-1-oca1
0
5
0 0 3 11
0 11 3 0
0 14 0 1
0 24 1 0
0 38 0 2
1
end_operator
begin_operator
pop-unitarypipe s12 b7 a1 a2 b11 oca1 gasoleo ta1-1-gasoleo ta2-2-oca1
0
5
0 0 3 11
0 11 3 0
0 14 0 1
0 27 1 0
0 38 0 2
1
end_operator
begin_operator
pop-unitarypipe s12 b7 a1 a2 b2 oca1 gasoleo ta1-1-gasoleo ta2-1-oca1
0
5
0 0 6 11
0 11 3 0
0 14 0 1
0 24 1 0
0 39 0 2
1
end_operator
begin_operator
pop-unitarypipe s12 b7 a1 a2 b2 oca1 gasoleo ta1-1-gasoleo ta2-2-oca1
0
5
0 0 6 11
0 11 3 0
0 14 0 1
0 27 1 0
0 39 0 2
1
end_operator
begin_operator
pop-unitarypipe s12 b7 a1 a2 b3 oca1 lco ta1-1-lco ta2-1-oca1
0
5
0 0 7 11
0 7 0 2
0 11 3 0
0 15 0 1
0 24 1 0
1
end_operator
begin_operator
pop-unitarypipe s12 b7 a1 a2 b3 oca1 lco ta1-1-lco ta2-2-oca1
0
5
0 0 7 11
0 7 0 2
0 11 3 0
0 15 0 1
0 27 1 0
1
end_operator
begin_operator
pop-unitarypipe s12 b7 a1 a2 b3 oca1 lco ta1-2-lco ta2-1-oca1
0
5
0 0 7 11
0 7 0 2
0 11 3 0
0 18 0 1
0 24 1 0
1
end_operator
begin_operator
pop-unitarypipe s12 b7 a1 a2 b3 oca1 lco ta1-2-lco ta2-2-oca1
0
5
0 0 7 11
0 7 0 2
0 11 3 0
0 18 0 1
0 27 1 0
1
end_operator
begin_operator
pop-unitarypipe s12 b7 a1 a2 b3 oca1 lco ta1-3-lco ta2-1-oca1
0
5
0 0 7 11
0 7 0 2
0 11 3 0
0 21 0 1
0 24 1 0
1
end_operator
begin_operator
pop-unitarypipe s12 b7 a1 a2 b3 oca1 lco ta1-3-lco ta2-2-oca1
0
5
0 0 7 11
0 7 0 2
0 11 3 0
0 21 0 1
0 27 1 0
1
end_operator
begin_operator
pop-unitarypipe s12 b7 a1 a2 b4 oca1 lco ta1-1-lco ta2-1-oca1
0
5
0 0 8 11
0 8 0 2
0 11 3 0
0 15 0 1
0 24 1 0
1
end_operator
begin_operator
pop-unitarypipe s12 b7 a1 a2 b4 oca1 lco ta1-1-lco ta2-2-oca1
0
5
0 0 8 11
0 8 0 2
0 11 3 0
0 15 0 1
0 27 1 0
1
end_operator
begin_operator
pop-unitarypipe s12 b7 a1 a2 b4 oca1 lco ta1-2-lco ta2-1-oca1
0
5
0 0 8 11
0 8 0 2
0 11 3 0
0 18 0 1
0 24 1 0
1
end_operator
begin_operator
pop-unitarypipe s12 b7 a1 a2 b4 oca1 lco ta1-2-lco ta2-2-oca1
0
5
0 0 8 11
0 8 0 2
0 11 3 0
0 18 0 1
0 27 1 0
1
end_operator
begin_operator
pop-unitarypipe s12 b7 a1 a2 b4 oca1 lco ta1-3-lco ta2-1-oca1
0
5
0 0 8 11
0 8 0 2
0 11 3 0
0 21 0 1
0 24 1 0
1
end_operator
begin_operator
pop-unitarypipe s12 b7 a1 a2 b4 oca1 lco ta1-3-lco ta2-2-oca1
0
5
0 0 8 11
0 8 0 2
0 11 3 0
0 21 0 1
0 27 1 0
1
end_operator
begin_operator
pop-unitarypipe s12 b7 a1 a2 b5 oca1 oca1 ta1-1-oca1 ta2-1-oca1
0
5
0 0 9 11
0 9 0 2
0 11 3 0
0 16 0 1
0 24 1 0
1
end_operator
begin_operator
pop-unitarypipe s12 b7 a1 a2 b5 oca1 oca1 ta1-1-oca1 ta2-2-oca1
0
5
0 0 9 11
0 9 0 2
0 11 3 0
0 16 0 1
0 27 1 0
1
end_operator
begin_operator
pop-unitarypipe s12 b7 a1 a2 b5 oca1 oca1 ta1-2-oca1 ta2-1-oca1
0
5
0 0 9 11
0 9 0 2
0 11 3 0
0 19 0 1
0 24 1 0
1
end_operator
begin_operator
pop-unitarypipe s12 b7 a1 a2 b5 oca1 oca1 ta1-2-oca1 ta2-2-oca1
0
5
0 0 9 11
0 9 0 2
0 11 3 0
0 19 0 1
0 27 1 0
1
end_operator
begin_operator
pop-unitarypipe s12 b7 a1 a2 b6 oca1 lco ta1-1-lco ta2-1-oca1
0
5
0 0 10 11
0 10 0 2
0 11 3 0
0 15 0 1
0 24 1 0
1
end_operator
begin_operator
pop-unitarypipe s12 b7 a1 a2 b6 oca1 lco ta1-1-lco ta2-2-oca1
0
5
0 0 10 11
0 10 0 2
0 11 3 0
0 15 0 1
0 27 1 0
1
end_operator
begin_operator
pop-unitarypipe s12 b7 a1 a2 b6 oca1 lco ta1-2-lco ta2-1-oca1
0
5
0 0 10 11
0 10 0 2
0 11 3 0
0 18 0 1
0 24 1 0
1
end_operator
begin_operator
pop-unitarypipe s12 b7 a1 a2 b6 oca1 lco ta1-2-lco ta2-2-oca1
0
5
0 0 10 11
0 10 0 2
0 11 3 0
0 18 0 1
0 27 1 0
1
end_operator
begin_operator
pop-unitarypipe s12 b7 a1 a2 b6 oca1 lco ta1-3-lco ta2-1-oca1
0
5
0 0 10 11
0 10 0 2
0 11 3 0
0 21 0 1
0 24 1 0
1
end_operator
begin_operator
pop-unitarypipe s12 b7 a1 a2 b6 oca1 lco ta1-3-lco ta2-2-oca1
0
5
0 0 10 11
0 10 0 2
0 11 3 0
0 21 0 1
0 27 1 0
1
end_operator
begin_operator
pop-unitarypipe s12 b8 a1 a2 b0 rat-a lco ta1-1-lco ta2-1-rat-a
0
5
0 0 0 12
0 2 0 2
0 12 3 0
0 15 0 1
0 25 1 0
1
end_operator
begin_operator
pop-unitarypipe s12 b8 a1 a2 b0 rat-a lco ta1-1-lco ta2-2-rat-a
0
5
0 0 0 12
0 2 0 2
0 12 3 0
0 15 0 1
0 28 1 0
1
end_operator
begin_operator
pop-unitarypipe s12 b8 a1 a2 b0 rat-a lco ta1-2-lco ta2-1-rat-a
0
5
0 0 0 12
0 2 0 2
0 12 3 0
0 18 0 1
0 25 1 0
1
end_operator
begin_operator
pop-unitarypipe s12 b8 a1 a2 b0 rat-a lco ta1-2-lco ta2-2-rat-a
0
5
0 0 0 12
0 2 0 2
0 12 3 0
0 18 0 1
0 28 1 0
1
end_operator
begin_operator
pop-unitarypipe s12 b8 a1 a2 b0 rat-a lco ta1-3-lco ta2-1-rat-a
0
5
0 0 0 12
0 2 0 2
0 12 3 0
0 21 0 1
0 25 1 0
1
end_operator
begin_operator
pop-unitarypipe s12 b8 a1 a2 b0 rat-a lco ta1-3-lco ta2-2-rat-a
0
5
0 0 0 12
0 2 0 2
0 12 3 0
0 21 0 1
0 28 1 0
1
end_operator
begin_operator
pop-unitarypipe s12 b8 a1 a2 b1 rat-a lco ta1-1-lco ta2-1-rat-a
0
5
0 0 1 12
0 3 0 2
0 12 3 0
0 15 0 1
0 25 1 0
1
end_operator
begin_operator
pop-unitarypipe s12 b8 a1 a2 b1 rat-a lco ta1-1-lco ta2-2-rat-a
0
5
0 0 1 12
0 3 0 2
0 12 3 0
0 15 0 1
0 28 1 0
1
end_operator
begin_operator
pop-unitarypipe s12 b8 a1 a2 b1 rat-a lco ta1-2-lco ta2-1-rat-a
0
5
0 0 1 12
0 3 0 2
0 12 3 0
0 18 0 1
0 25 1 0
1
end_operator
begin_operator
pop-unitarypipe s12 b8 a1 a2 b1 rat-a lco ta1-2-lco ta2-2-rat-a
0
5
0 0 1 12
0 3 0 2
0 12 3 0
0 18 0 1
0 28 1 0
1
end_operator
begin_operator
pop-unitarypipe s12 b8 a1 a2 b1 rat-a lco ta1-3-lco ta2-1-rat-a
0
5
0 0 1 12
0 3 0 2
0 12 3 0
0 21 0 1
0 25 1 0
1
end_operator
begin_operator
pop-unitarypipe s12 b8 a1 a2 b1 rat-a lco ta1-3-lco ta2-2-rat-a
0
5
0 0 1 12
0 3 0 2
0 12 3 0
0 21 0 1
0 28 1 0
1
end_operator
begin_operator
pop-unitarypipe s12 b8 a1 a2 b11 rat-a gasoleo ta1-1-gasoleo ta2-1-rat-a
0
5
0 0 3 12
0 12 3 0
0 14 0 1
0 25 1 0
0 38 0 2
1
end_operator
begin_operator
pop-unitarypipe s12 b8 a1 a2 b11 rat-a gasoleo ta1-1-gasoleo ta2-2-rat-a
0
5
0 0 3 12
0 12 3 0
0 14 0 1
0 28 1 0
0 38 0 2
1
end_operator
begin_operator
pop-unitarypipe s12 b8 a1 a2 b12 rat-a rat-a ta1-1-rat-a ta2-1-rat-a
0
5
0 0 4 12
0 5 0 2
0 12 3 0
0 17 0 1
0 25 1 0
1
end_operator
begin_operator
pop-unitarypipe s12 b8 a1 a2 b12 rat-a rat-a ta1-1-rat-a ta2-2-rat-a
0
5
0 0 4 12
0 5 0 2
0 12 3 0
0 17 0 1
0 28 1 0
1
end_operator
begin_operator
pop-unitarypipe s12 b8 a1 a2 b12 rat-a rat-a ta1-2-rat-a ta2-1-rat-a
0
5
0 0 4 12
0 5 0 2
0 12 3 0
0 20 0 1
0 25 1 0
1
end_operator
begin_operator
pop-unitarypipe s12 b8 a1 a2 b12 rat-a rat-a ta1-2-rat-a ta2-2-rat-a
0
5
0 0 4 12
0 5 0 2
0 12 3 0
0 20 0 1
0 28 1 0
1
end_operator
begin_operator
pop-unitarypipe s12 b8 a1 a2 b13 rat-a rat-a ta1-1-rat-a ta2-1-rat-a
0
5
0 0 5 12
0 6 0 2
0 12 3 0
0 17 0 1
0 25 1 0
1
end_operator
begin_operator
pop-unitarypipe s12 b8 a1 a2 b13 rat-a rat-a ta1-1-rat-a ta2-2-rat-a
0
5
0 0 5 12
0 6 0 2
0 12 3 0
0 17 0 1
0 28 1 0
1
end_operator
begin_operator
pop-unitarypipe s12 b8 a1 a2 b13 rat-a rat-a ta1-2-rat-a ta2-1-rat-a
0
5
0 0 5 12
0 6 0 2
0 12 3 0
0 20 0 1
0 25 1 0
1
end_operator
begin_operator
pop-unitarypipe s12 b8 a1 a2 b13 rat-a rat-a ta1-2-rat-a ta2-2-rat-a
0
5
0 0 5 12
0 6 0 2
0 12 3 0
0 20 0 1
0 28 1 0
1
end_operator
begin_operator
pop-unitarypipe s12 b8 a1 a2 b2 rat-a gasoleo ta1-1-gasoleo ta2-1-rat-a
0
5
0 0 6 12
0 12 3 0
0 14 0 1
0 25 1 0
0 39 0 2
1
end_operator
begin_operator
pop-unitarypipe s12 b8 a1 a2 b2 rat-a gasoleo ta1-1-gasoleo ta2-2-rat-a
0
5
0 0 6 12
0 12 3 0
0 14 0 1
0 28 1 0
0 39 0 2
1
end_operator
begin_operator
pop-unitarypipe s12 b8 a1 a2 b3 rat-a lco ta1-1-lco ta2-1-rat-a
0
5
0 0 7 12
0 7 0 2
0 12 3 0
0 15 0 1
0 25 1 0
1
end_operator
begin_operator
pop-unitarypipe s12 b8 a1 a2 b3 rat-a lco ta1-1-lco ta2-2-rat-a
0
5
0 0 7 12
0 7 0 2
0 12 3 0
0 15 0 1
0 28 1 0
1
end_operator
begin_operator
pop-unitarypipe s12 b8 a1 a2 b3 rat-a lco ta1-2-lco ta2-1-rat-a
0
5
0 0 7 12
0 7 0 2
0 12 3 0
0 18 0 1
0 25 1 0
1
end_operator
begin_operator
pop-unitarypipe s12 b8 a1 a2 b3 rat-a lco ta1-2-lco ta2-2-rat-a
0
5
0 0 7 12
0 7 0 2
0 12 3 0
0 18 0 1
0 28 1 0
1
end_operator
begin_operator
pop-unitarypipe s12 b8 a1 a2 b3 rat-a lco ta1-3-lco ta2-1-rat-a
0
5
0 0 7 12
0 7 0 2
0 12 3 0
0 21 0 1
0 25 1 0
1
end_operator
begin_operator
pop-unitarypipe s12 b8 a1 a2 b3 rat-a lco ta1-3-lco ta2-2-rat-a
0
5
0 0 7 12
0 7 0 2
0 12 3 0
0 21 0 1
0 28 1 0
1
end_operator
begin_operator
pop-unitarypipe s12 b8 a1 a2 b4 rat-a lco ta1-1-lco ta2-1-rat-a
0
5
0 0 8 12
0 8 0 2
0 12 3 0
0 15 0 1
0 25 1 0
1
end_operator
begin_operator
pop-unitarypipe s12 b8 a1 a2 b4 rat-a lco ta1-1-lco ta2-2-rat-a
0
5
0 0 8 12
0 8 0 2
0 12 3 0
0 15 0 1
0 28 1 0
1
end_operator
begin_operator
pop-unitarypipe s12 b8 a1 a2 b4 rat-a lco ta1-2-lco ta2-1-rat-a
0
5
0 0 8 12
0 8 0 2
0 12 3 0
0 18 0 1
0 25 1 0
1
end_operator
begin_operator
pop-unitarypipe s12 b8 a1 a2 b4 rat-a lco ta1-2-lco ta2-2-rat-a
0
5
0 0 8 12
0 8 0 2
0 12 3 0
0 18 0 1
0 28 1 0
1
end_operator
begin_operator
pop-unitarypipe s12 b8 a1 a2 b4 rat-a lco ta1-3-lco ta2-1-rat-a
0
5
0 0 8 12
0 8 0 2
0 12 3 0
0 21 0 1
0 25 1 0
1
end_operator
begin_operator
pop-unitarypipe s12 b8 a1 a2 b4 rat-a lco ta1-3-lco ta2-2-rat-a
0
5
0 0 8 12
0 8 0 2
0 12 3 0
0 21 0 1
0 28 1 0
1
end_operator
begin_operator
pop-unitarypipe s12 b8 a1 a2 b6 rat-a lco ta1-1-lco ta2-1-rat-a
0
5
0 0 10 12
0 10 0 2
0 12 3 0
0 15 0 1
0 25 1 0
1
end_operator
begin_operator
pop-unitarypipe s12 b8 a1 a2 b6 rat-a lco ta1-1-lco ta2-2-rat-a
0
5
0 0 10 12
0 10 0 2
0 12 3 0
0 15 0 1
0 28 1 0
1
end_operator
begin_operator
pop-unitarypipe s12 b8 a1 a2 b6 rat-a lco ta1-2-lco ta2-1-rat-a
0
5
0 0 10 12
0 10 0 2
0 12 3 0
0 18 0 1
0 25 1 0
1
end_operator
begin_operator
pop-unitarypipe s12 b8 a1 a2 b6 rat-a lco ta1-2-lco ta2-2-rat-a
0
5
0 0 10 12
0 10 0 2
0 12 3 0
0 18 0 1
0 28 1 0
1
end_operator
begin_operator
pop-unitarypipe s12 b8 a1 a2 b6 rat-a lco ta1-3-lco ta2-1-rat-a
0
5
0 0 10 12
0 10 0 2
0 12 3 0
0 21 0 1
0 25 1 0
1
end_operator
begin_operator
pop-unitarypipe s12 b8 a1 a2 b6 rat-a lco ta1-3-lco ta2-2-rat-a
0
5
0 0 10 12
0 10 0 2
0 12 3 0
0 21 0 1
0 28 1 0
1
end_operator
begin_operator
pop-unitarypipe s12 b8 a1 a2 b9 rat-a rat-a ta1-1-rat-a ta2-1-rat-a
0
5
0 0 13 12
0 12 3 0
0 13 0 2
0 17 0 1
0 25 1 0
1
end_operator
begin_operator
pop-unitarypipe s12 b8 a1 a2 b9 rat-a rat-a ta1-1-rat-a ta2-2-rat-a
0
5
0 0 13 12
0 12 3 0
0 13 0 2
0 17 0 1
0 28 1 0
1
end_operator
begin_operator
pop-unitarypipe s12 b8 a1 a2 b9 rat-a rat-a ta1-2-rat-a ta2-1-rat-a
0
5
0 0 13 12
0 12 3 0
0 13 0 2
0 20 0 1
0 25 1 0
1
end_operator
begin_operator
pop-unitarypipe s12 b8 a1 a2 b9 rat-a rat-a ta1-2-rat-a ta2-2-rat-a
0
5
0 0 13 12
0 12 3 0
0 13 0 2
0 20 0 1
0 28 1 0
1
end_operator
begin_operator
pop-unitarypipe s12 b9 a1 a2 b0 rat-a lco ta1-1-lco ta2-1-rat-a
0
5
0 0 0 13
0 2 0 2
0 13 3 0
0 15 0 1
0 25 1 0
1
end_operator
begin_operator
pop-unitarypipe s12 b9 a1 a2 b0 rat-a lco ta1-1-lco ta2-2-rat-a
0
5
0 0 0 13
0 2 0 2
0 13 3 0
0 15 0 1
0 28 1 0
1
end_operator
begin_operator
pop-unitarypipe s12 b9 a1 a2 b0 rat-a lco ta1-2-lco ta2-1-rat-a
0
5
0 0 0 13
0 2 0 2
0 13 3 0
0 18 0 1
0 25 1 0
1
end_operator
begin_operator
pop-unitarypipe s12 b9 a1 a2 b0 rat-a lco ta1-2-lco ta2-2-rat-a
0
5
0 0 0 13
0 2 0 2
0 13 3 0
0 18 0 1
0 28 1 0
1
end_operator
begin_operator
pop-unitarypipe s12 b9 a1 a2 b0 rat-a lco ta1-3-lco ta2-1-rat-a
0
5
0 0 0 13
0 2 0 2
0 13 3 0
0 21 0 1
0 25 1 0
1
end_operator
begin_operator
pop-unitarypipe s12 b9 a1 a2 b0 rat-a lco ta1-3-lco ta2-2-rat-a
0
5
0 0 0 13
0 2 0 2
0 13 3 0
0 21 0 1
0 28 1 0
1
end_operator
begin_operator
pop-unitarypipe s12 b9 a1 a2 b1 rat-a lco ta1-1-lco ta2-1-rat-a
0
5
0 0 1 13
0 3 0 2
0 13 3 0
0 15 0 1
0 25 1 0
1
end_operator
begin_operator
pop-unitarypipe s12 b9 a1 a2 b1 rat-a lco ta1-1-lco ta2-2-rat-a
0
5
0 0 1 13
0 3 0 2
0 13 3 0
0 15 0 1
0 28 1 0
1
end_operator
begin_operator
pop-unitarypipe s12 b9 a1 a2 b1 rat-a lco ta1-2-lco ta2-1-rat-a
0
5
0 0 1 13
0 3 0 2
0 13 3 0
0 18 0 1
0 25 1 0
1
end_operator
begin_operator
pop-unitarypipe s12 b9 a1 a2 b1 rat-a lco ta1-2-lco ta2-2-rat-a
0
5
0 0 1 13
0 3 0 2
0 13 3 0
0 18 0 1
0 28 1 0
1
end_operator
begin_operator
pop-unitarypipe s12 b9 a1 a2 b1 rat-a lco ta1-3-lco ta2-1-rat-a
0
5
0 0 1 13
0 3 0 2
0 13 3 0
0 21 0 1
0 25 1 0
1
end_operator
begin_operator
pop-unitarypipe s12 b9 a1 a2 b1 rat-a lco ta1-3-lco ta2-2-rat-a
0
5
0 0 1 13
0 3 0 2
0 13 3 0
0 21 0 1
0 28 1 0
1
end_operator
begin_operator
pop-unitarypipe s12 b9 a1 a2 b11 rat-a gasoleo ta1-1-gasoleo ta2-1-rat-a
0
5
0 0 3 13
0 13 3 0
0 14 0 1
0 25 1 0
0 38 0 2
1
end_operator
begin_operator
pop-unitarypipe s12 b9 a1 a2 b11 rat-a gasoleo ta1-1-gasoleo ta2-2-rat-a
0
5
0 0 3 13
0 13 3 0
0 14 0 1
0 28 1 0
0 38 0 2
1
end_operator
begin_operator
pop-unitarypipe s12 b9 a1 a2 b12 rat-a rat-a ta1-1-rat-a ta2-1-rat-a
0
5
0 0 4 13
0 5 0 2
0 13 3 0
0 17 0 1
0 25 1 0
1
end_operator
begin_operator
pop-unitarypipe s12 b9 a1 a2 b12 rat-a rat-a ta1-1-rat-a ta2-2-rat-a
0
5
0 0 4 13
0 5 0 2
0 13 3 0
0 17 0 1
0 28 1 0
1
end_operator
begin_operator
pop-unitarypipe s12 b9 a1 a2 b12 rat-a rat-a ta1-2-rat-a ta2-1-rat-a
0
5
0 0 4 13
0 5 0 2
0 13 3 0
0 20 0 1
0 25 1 0
1
end_operator
begin_operator
pop-unitarypipe s12 b9 a1 a2 b12 rat-a rat-a ta1-2-rat-a ta2-2-rat-a
0
5
0 0 4 13
0 5 0 2
0 13 3 0
0 20 0 1
0 28 1 0
1
end_operator
begin_operator
pop-unitarypipe s12 b9 a1 a2 b13 rat-a rat-a ta1-1-rat-a ta2-1-rat-a
0
5
0 0 5 13
0 6 0 2
0 13 3 0
0 17 0 1
0 25 1 0
1
end_operator
begin_operator
pop-unitarypipe s12 b9 a1 a2 b13 rat-a rat-a ta1-1-rat-a ta2-2-rat-a
0
5
0 0 5 13
0 6 0 2
0 13 3 0
0 17 0 1
0 28 1 0
1
end_operator
begin_operator
pop-unitarypipe s12 b9 a1 a2 b13 rat-a rat-a ta1-2-rat-a ta2-1-rat-a
0
5
0 0 5 13
0 6 0 2
0 13 3 0
0 20 0 1
0 25 1 0
1
end_operator
begin_operator
pop-unitarypipe s12 b9 a1 a2 b13 rat-a rat-a ta1-2-rat-a ta2-2-rat-a
0
5
0 0 5 13
0 6 0 2
0 13 3 0
0 20 0 1
0 28 1 0
1
end_operator
begin_operator
pop-unitarypipe s12 b9 a1 a2 b2 rat-a gasoleo ta1-1-gasoleo ta2-1-rat-a
0
5
0 0 6 13
0 13 3 0
0 14 0 1
0 25 1 0
0 39 0 2
1
end_operator
begin_operator
pop-unitarypipe s12 b9 a1 a2 b2 rat-a gasoleo ta1-1-gasoleo ta2-2-rat-a
0
5
0 0 6 13
0 13 3 0
0 14 0 1
0 28 1 0
0 39 0 2
1
end_operator
begin_operator
pop-unitarypipe s12 b9 a1 a2 b3 rat-a lco ta1-1-lco ta2-1-rat-a
0
5
0 0 7 13
0 7 0 2
0 13 3 0
0 15 0 1
0 25 1 0
1
end_operator
begin_operator
pop-unitarypipe s12 b9 a1 a2 b3 rat-a lco ta1-1-lco ta2-2-rat-a
0
5
0 0 7 13
0 7 0 2
0 13 3 0
0 15 0 1
0 28 1 0
1
end_operator
begin_operator
pop-unitarypipe s12 b9 a1 a2 b3 rat-a lco ta1-2-lco ta2-1-rat-a
0
5
0 0 7 13
0 7 0 2
0 13 3 0
0 18 0 1
0 25 1 0
1
end_operator
begin_operator
pop-unitarypipe s12 b9 a1 a2 b3 rat-a lco ta1-2-lco ta2-2-rat-a
0
5
0 0 7 13
0 7 0 2
0 13 3 0
0 18 0 1
0 28 1 0
1
end_operator
begin_operator
pop-unitarypipe s12 b9 a1 a2 b3 rat-a lco ta1-3-lco ta2-1-rat-a
0
5
0 0 7 13
0 7 0 2
0 13 3 0
0 21 0 1
0 25 1 0
1
end_operator
begin_operator
pop-unitarypipe s12 b9 a1 a2 b3 rat-a lco ta1-3-lco ta2-2-rat-a
0
5
0 0 7 13
0 7 0 2
0 13 3 0
0 21 0 1
0 28 1 0
1
end_operator
begin_operator
pop-unitarypipe s12 b9 a1 a2 b4 rat-a lco ta1-1-lco ta2-1-rat-a
0
5
0 0 8 13
0 8 0 2
0 13 3 0
0 15 0 1
0 25 1 0
1
end_operator
begin_operator
pop-unitarypipe s12 b9 a1 a2 b4 rat-a lco ta1-1-lco ta2-2-rat-a
0
5
0 0 8 13
0 8 0 2
0 13 3 0
0 15 0 1
0 28 1 0
1
end_operator
begin_operator
pop-unitarypipe s12 b9 a1 a2 b4 rat-a lco ta1-2-lco ta2-1-rat-a
0
5
0 0 8 13
0 8 0 2
0 13 3 0
0 18 0 1
0 25 1 0
1
end_operator
begin_operator
pop-unitarypipe s12 b9 a1 a2 b4 rat-a lco ta1-2-lco ta2-2-rat-a
0
5
0 0 8 13
0 8 0 2
0 13 3 0
0 18 0 1
0 28 1 0
1
end_operator
begin_operator
pop-unitarypipe s12 b9 a1 a2 b4 rat-a lco ta1-3-lco ta2-1-rat-a
0
5
0 0 8 13
0 8 0 2
0 13 3 0
0 21 0 1
0 25 1 0
1
end_operator
begin_operator
pop-unitarypipe s12 b9 a1 a2 b4 rat-a lco ta1-3-lco ta2-2-rat-a
0
5
0 0 8 13
0 8 0 2
0 13 3 0
0 21 0 1
0 28 1 0
1
end_operator
begin_operator
pop-unitarypipe s12 b9 a1 a2 b6 rat-a lco ta1-1-lco ta2-1-rat-a
0
5
0 0 10 13
0 10 0 2
0 13 3 0
0 15 0 1
0 25 1 0
1
end_operator
begin_operator
pop-unitarypipe s12 b9 a1 a2 b6 rat-a lco ta1-1-lco ta2-2-rat-a
0
5
0 0 10 13
0 10 0 2
0 13 3 0
0 15 0 1
0 28 1 0
1
end_operator
begin_operator
pop-unitarypipe s12 b9 a1 a2 b6 rat-a lco ta1-2-lco ta2-1-rat-a
0
5
0 0 10 13
0 10 0 2
0 13 3 0
0 18 0 1
0 25 1 0
1
end_operator
begin_operator
pop-unitarypipe s12 b9 a1 a2 b6 rat-a lco ta1-2-lco ta2-2-rat-a
0
5
0 0 10 13
0 10 0 2
0 13 3 0
0 18 0 1
0 28 1 0
1
end_operator
begin_operator
pop-unitarypipe s12 b9 a1 a2 b6 rat-a lco ta1-3-lco ta2-1-rat-a
0
5
0 0 10 13
0 10 0 2
0 13 3 0
0 21 0 1
0 25 1 0
1
end_operator
begin_operator
pop-unitarypipe s12 b9 a1 a2 b6 rat-a lco ta1-3-lco ta2-2-rat-a
0
5
0 0 10 13
0 10 0 2
0 13 3 0
0 21 0 1
0 28 1 0
1
end_operator
begin_operator
pop-unitarypipe s12 b9 a1 a2 b8 rat-a rat-a ta1-1-rat-a ta2-1-rat-a
0
5
0 0 12 13
0 12 0 2
0 13 3 0
0 17 0 1
0 25 1 0
1
end_operator
begin_operator
pop-unitarypipe s12 b9 a1 a2 b8 rat-a rat-a ta1-1-rat-a ta2-2-rat-a
0
5
0 0 12 13
0 12 0 2
0 13 3 0
0 17 0 1
0 28 1 0
1
end_operator
begin_operator
pop-unitarypipe s12 b9 a1 a2 b8 rat-a rat-a ta1-2-rat-a ta2-1-rat-a
0
5
0 0 12 13
0 12 0 2
0 13 3 0
0 20 0 1
0 25 1 0
1
end_operator
begin_operator
pop-unitarypipe s12 b9 a1 a2 b8 rat-a rat-a ta1-2-rat-a ta2-2-rat-a
0
5
0 0 12 13
0 12 0 2
0 13 3 0
0 20 0 1
0 28 1 0
1
end_operator
begin_operator
pop-unitarypipe s13 b0 a1 a3 b1 lco lco ta1-1-lco ta3-1-lco
0
5
0 1 1 0
0 2 4 1
0 3 1 2
0 15 0 1
0 31 1 0
1
end_operator
begin_operator
pop-unitarypipe s13 b0 a1 a3 b1 lco lco ta1-1-lco ta3-2-lco
0
5
0 1 1 0
0 2 4 1
0 3 1 2
0 15 0 1
0 34 1 0
1
end_operator
begin_operator
pop-unitarypipe s13 b0 a1 a3 b1 lco lco ta1-1-lco ta3-3-lco
0
5
0 1 1 0
0 2 4 1
0 3 1 2
0 15 0 1
0 37 1 0
1
end_operator
begin_operator
pop-unitarypipe s13 b0 a1 a3 b1 lco lco ta1-2-lco ta3-1-lco
0
5
0 1 1 0
0 2 4 1
0 3 1 2
0 18 0 1
0 31 1 0
1
end_operator
begin_operator
pop-unitarypipe s13 b0 a1 a3 b1 lco lco ta1-2-lco ta3-2-lco
0
5
0 1 1 0
0 2 4 1
0 3 1 2
0 18 0 1
0 34 1 0
1
end_operator
begin_operator
pop-unitarypipe s13 b0 a1 a3 b1 lco lco ta1-2-lco ta3-3-lco
0
5
0 1 1 0
0 2 4 1
0 3 1 2
0 18 0 1
0 37 1 0
1
end_operator
begin_operator
pop-unitarypipe s13 b0 a1 a3 b1 lco lco ta1-3-lco ta3-1-lco
0
5
0 1 1 0
0 2 4 1
0 3 1 2
0 21 0 1
0 31 1 0
1
end_operator
begin_operator
pop-unitarypipe s13 b0 a1 a3 b1 lco lco ta1-3-lco ta3-2-lco
0
5
0 1 1 0
0 2 4 1
0 3 1 2
0 21 0 1
0 34 1 0
1
end_operator
begin_operator
pop-unitarypipe s13 b0 a1 a3 b1 lco lco ta1-3-lco ta3-3-lco
0
5
0 1 1 0
0 2 4 1
0 3 1 2
0 21 0 1
0 37 1 0
1
end_operator
begin_operator
pop-unitarypipe s13 b0 a1 a3 b10 lco oca1 ta1-1-oca1 ta3-1-lco
0
5
0 1 2 0
0 2 4 1
0 4 1 2
0 16 0 1
0 31 1 0
1
end_operator
begin_operator
pop-unitarypipe s13 b0 a1 a3 b10 lco oca1 ta1-1-oca1 ta3-2-lco
0
5
0 1 2 0
0 2 4 1
0 4 1 2
0 16 0 1
0 34 1 0
1
end_operator
begin_operator
pop-unitarypipe s13 b0 a1 a3 b10 lco oca1 ta1-1-oca1 ta3-3-lco
0
5
0 1 2 0
0 2 4 1
0 4 1 2
0 16 0 1
0 37 1 0
1
end_operator
begin_operator
pop-unitarypipe s13 b0 a1 a3 b10 lco oca1 ta1-2-oca1 ta3-1-lco
0
5
0 1 2 0
0 2 4 1
0 4 1 2
0 19 0 1
0 31 1 0
1
end_operator
begin_operator
pop-unitarypipe s13 b0 a1 a3 b10 lco oca1 ta1-2-oca1 ta3-2-lco
0
5
0 1 2 0
0 2 4 1
0 4 1 2
0 19 0 1
0 34 1 0
1
end_operator
begin_operator
pop-unitarypipe s13 b0 a1 a3 b10 lco oca1 ta1-2-oca1 ta3-3-lco
0
5
0 1 2 0
0 2 4 1
0 4 1 2
0 19 0 1
0 37 1 0
1
end_operator
begin_operator
pop-unitarypipe s13 b0 a1 a3 b11 lco gasoleo ta1-1-gasoleo ta3-1-lco
0
5
0 1 3 0
0 2 4 1
0 14 0 1
0 31 1 0
0 38 1 2
1
end_operator
begin_operator
pop-unitarypipe s13 b0 a1 a3 b11 lco gasoleo ta1-1-gasoleo ta3-2-lco
0
5
0 1 3 0
0 2 4 1
0 14 0 1
0 34 1 0
0 38 1 2
1
end_operator
begin_operator
pop-unitarypipe s13 b0 a1 a3 b11 lco gasoleo ta1-1-gasoleo ta3-3-lco
0
5
0 1 3 0
0 2 4 1
0 14 0 1
0 37 1 0
0 38 1 2
1
end_operator
begin_operator
pop-unitarypipe s13 b0 a1 a3 b12 lco rat-a ta1-1-rat-a ta3-1-lco
0
5
0 1 4 0
0 2 4 1
0 5 1 2
0 17 0 1
0 31 1 0
1
end_operator
begin_operator
pop-unitarypipe s13 b0 a1 a3 b12 lco rat-a ta1-1-rat-a ta3-2-lco
0
5
0 1 4 0
0 2 4 1
0 5 1 2
0 17 0 1
0 34 1 0
1
end_operator
begin_operator
pop-unitarypipe s13 b0 a1 a3 b12 lco rat-a ta1-1-rat-a ta3-3-lco
0
5
0 1 4 0
0 2 4 1
0 5 1 2
0 17 0 1
0 37 1 0
1
end_operator
begin_operator
pop-unitarypipe s13 b0 a1 a3 b12 lco rat-a ta1-2-rat-a ta3-1-lco
0
5
0 1 4 0
0 2 4 1
0 5 1 2
0 20 0 1
0 31 1 0
1
end_operator
begin_operator
pop-unitarypipe s13 b0 a1 a3 b12 lco rat-a ta1-2-rat-a ta3-2-lco
0
5
0 1 4 0
0 2 4 1
0 5 1 2
0 20 0 1
0 34 1 0
1
end_operator
begin_operator
pop-unitarypipe s13 b0 a1 a3 b12 lco rat-a ta1-2-rat-a ta3-3-lco
0
5
0 1 4 0
0 2 4 1
0 5 1 2
0 20 0 1
0 37 1 0
1
end_operator
begin_operator
pop-unitarypipe s13 b0 a1 a3 b13 lco rat-a ta1-1-rat-a ta3-1-lco
0
5
0 1 5 0
0 2 4 1
0 6 1 2
0 17 0 1
0 31 1 0
1
end_operator
begin_operator
pop-unitarypipe s13 b0 a1 a3 b13 lco rat-a ta1-1-rat-a ta3-2-lco
0
5
0 1 5 0
0 2 4 1
0 6 1 2
0 17 0 1
0 34 1 0
1
end_operator
begin_operator
pop-unitarypipe s13 b0 a1 a3 b13 lco rat-a ta1-1-rat-a ta3-3-lco
0
5
0 1 5 0
0 2 4 1
0 6 1 2
0 17 0 1
0 37 1 0
1
end_operator
begin_operator
pop-unitarypipe s13 b0 a1 a3 b13 lco rat-a ta1-2-rat-a ta3-1-lco
0
5
0 1 5 0
0 2 4 1
0 6 1 2
0 20 0 1
0 31 1 0
1
end_operator
begin_operator
pop-unitarypipe s13 b0 a1 a3 b13 lco rat-a ta1-2-rat-a ta3-2-lco
0
5
0 1 5 0
0 2 4 1
0 6 1 2
0 20 0 1
0 34 1 0
1
end_operator
begin_operator
pop-unitarypipe s13 b0 a1 a3 b13 lco rat-a ta1-2-rat-a ta3-3-lco
0
5
0 1 5 0
0 2 4 1
0 6 1 2
0 20 0 1
0 37 1 0
1
end_operator
begin_operator
pop-unitarypipe s13 b0 a1 a3 b2 lco gasoleo ta1-1-gasoleo ta3-1-lco
0
5
0 1 6 0
0 2 4 1
0 14 0 1
0 31 1 0
0 39 1 2
1
end_operator
begin_operator
pop-unitarypipe s13 b0 a1 a3 b2 lco gasoleo ta1-1-gasoleo ta3-2-lco
0
5
0 1 6 0
0 2 4 1
0 14 0 1
0 34 1 0
0 39 1 2
1
end_operator
begin_operator
pop-unitarypipe s13 b0 a1 a3 b2 lco gasoleo ta1-1-gasoleo ta3-3-lco
0
5
0 1 6 0
0 2 4 1
0 14 0 1
0 37 1 0
0 39 1 2
1
end_operator
begin_operator
pop-unitarypipe s13 b0 a1 a3 b3 lco lco ta1-1-lco ta3-1-lco
0
5
0 1 7 0
0 2 4 1
0 7 1 2
0 15 0 1
0 31 1 0
1
end_operator
begin_operator
pop-unitarypipe s13 b0 a1 a3 b3 lco lco ta1-1-lco ta3-2-lco
0
5
0 1 7 0
0 2 4 1
0 7 1 2
0 15 0 1
0 34 1 0
1
end_operator
begin_operator
pop-unitarypipe s13 b0 a1 a3 b3 lco lco ta1-1-lco ta3-3-lco
0
5
0 1 7 0
0 2 4 1
0 7 1 2
0 15 0 1
0 37 1 0
1
end_operator
begin_operator
pop-unitarypipe s13 b0 a1 a3 b3 lco lco ta1-2-lco ta3-1-lco
0
5
0 1 7 0
0 2 4 1
0 7 1 2
0 18 0 1
0 31 1 0
1
end_operator
begin_operator
pop-unitarypipe s13 b0 a1 a3 b3 lco lco ta1-2-lco ta3-2-lco
0
5
0 1 7 0
0 2 4 1
0 7 1 2
0 18 0 1
0 34 1 0
1
end_operator
begin_operator
pop-unitarypipe s13 b0 a1 a3 b3 lco lco ta1-2-lco ta3-3-lco
0
5
0 1 7 0
0 2 4 1
0 7 1 2
0 18 0 1
0 37 1 0
1
end_operator
begin_operator
pop-unitarypipe s13 b0 a1 a3 b3 lco lco ta1-3-lco ta3-1-lco
0
5
0 1 7 0
0 2 4 1
0 7 1 2
0 21 0 1
0 31 1 0
1
end_operator
begin_operator
pop-unitarypipe s13 b0 a1 a3 b3 lco lco ta1-3-lco ta3-2-lco
0
5
0 1 7 0
0 2 4 1
0 7 1 2
0 21 0 1
0 34 1 0
1
end_operator
begin_operator
pop-unitarypipe s13 b0 a1 a3 b3 lco lco ta1-3-lco ta3-3-lco
0
5
0 1 7 0
0 2 4 1
0 7 1 2
0 21 0 1
0 37 1 0
1
end_operator
begin_operator
pop-unitarypipe s13 b0 a1 a3 b4 lco lco ta1-1-lco ta3-1-lco
0
5
0 1 8 0
0 2 4 1
0 8 1 2
0 15 0 1
0 31 1 0
1
end_operator
begin_operator
pop-unitarypipe s13 b0 a1 a3 b4 lco lco ta1-1-lco ta3-2-lco
0
5
0 1 8 0
0 2 4 1
0 8 1 2
0 15 0 1
0 34 1 0
1
end_operator
begin_operator
pop-unitarypipe s13 b0 a1 a3 b4 lco lco ta1-1-lco ta3-3-lco
0
5
0 1 8 0
0 2 4 1
0 8 1 2
0 15 0 1
0 37 1 0
1
end_operator
begin_operator
pop-unitarypipe s13 b0 a1 a3 b4 lco lco ta1-2-lco ta3-1-lco
0
5
0 1 8 0
0 2 4 1
0 8 1 2
0 18 0 1
0 31 1 0
1
end_operator
begin_operator
pop-unitarypipe s13 b0 a1 a3 b4 lco lco ta1-2-lco ta3-2-lco
0
5
0 1 8 0
0 2 4 1
0 8 1 2
0 18 0 1
0 34 1 0
1
end_operator
begin_operator
pop-unitarypipe s13 b0 a1 a3 b4 lco lco ta1-2-lco ta3-3-lco
0
5
0 1 8 0
0 2 4 1
0 8 1 2
0 18 0 1
0 37 1 0
1
end_operator
begin_operator
pop-unitarypipe s13 b0 a1 a3 b4 lco lco ta1-3-lco ta3-1-lco
0
5
0 1 8 0
0 2 4 1
0 8 1 2
0 21 0 1
0 31 1 0
1
end_operator
begin_operator
pop-unitarypipe s13 b0 a1 a3 b4 lco lco ta1-3-lco ta3-2-lco
0
5
0 1 8 0
0 2 4 1
0 8 1 2
0 21 0 1
0 34 1 0
1
end_operator
begin_operator
pop-unitarypipe s13 b0 a1 a3 b4 lco lco ta1-3-lco ta3-3-lco
0
5
0 1 8 0
0 2 4 1
0 8 1 2
0 21 0 1
0 37 1 0
1
end_operator
begin_operator
pop-unitarypipe s13 b0 a1 a3 b5 lco oca1 ta1-1-oca1 ta3-1-lco
0
5
0 1 9 0
0 2 4 1
0 9 1 2
0 16 0 1
0 31 1 0
1
end_operator
begin_operator
pop-unitarypipe s13 b0 a1 a3 b5 lco oca1 ta1-1-oca1 ta3-2-lco
0
5
0 1 9 0
0 2 4 1
0 9 1 2
0 16 0 1
0 34 1 0
1
end_operator
begin_operator
pop-unitarypipe s13 b0 a1 a3 b5 lco oca1 ta1-1-oca1 ta3-3-lco
0
5
0 1 9 0
0 2 4 1
0 9 1 2
0 16 0 1
0 37 1 0
1
end_operator
begin_operator
pop-unitarypipe s13 b0 a1 a3 b5 lco oca1 ta1-2-oca1 ta3-1-lco
0
5
0 1 9 0
0 2 4 1
0 9 1 2
0 19 0 1
0 31 1 0
1
end_operator
begin_operator
pop-unitarypipe s13 b0 a1 a3 b5 lco oca1 ta1-2-oca1 ta3-2-lco
0
5
0 1 9 0
0 2 4 1
0 9 1 2
0 19 0 1
0 34 1 0
1
end_operator
begin_operator
pop-unitarypipe s13 b0 a1 a3 b5 lco oca1 ta1-2-oca1 ta3-3-lco
0
5
0 1 9 0
0 2 4 1
0 9 1 2
0 19 0 1
0 37 1 0
1
end_operator
begin_operator
pop-unitarypipe s13 b0 a1 a3 b6 lco lco ta1-1-lco ta3-1-lco
0
5
0 1 10 0
0 2 4 1
0 10 1 2
0 15 0 1
0 31 1 0
1
end_operator
begin_operator
pop-unitarypipe s13 b0 a1 a3 b6 lco lco ta1-1-lco ta3-2-lco
0
5
0 1 10 0
0 2 4 1
0 10 1 2
0 15 0 1
0 34 1 0
1
end_operator
begin_operator
pop-unitarypipe s13 b0 a1 a3 b6 lco lco ta1-1-lco ta3-3-lco
0
5
0 1 10 0
0 2 4 1
0 10 1 2
0 15 0 1
0 37 1 0
1
end_operator
begin_operator
pop-unitarypipe s13 b0 a1 a3 b6 lco lco ta1-2-lco ta3-1-lco
0
5
0 1 10 0
0 2 4 1
0 10 1 2
0 18 0 1
0 31 1 0
1
end_operator
begin_operator
pop-unitarypipe s13 b0 a1 a3 b6 lco lco ta1-2-lco ta3-2-lco
0
5
0 1 10 0
0 2 4 1
0 10 1 2
0 18 0 1
0 34 1 0
1
end_operator
begin_operator
pop-unitarypipe s13 b0 a1 a3 b6 lco lco ta1-2-lco ta3-3-lco
0
5
0 1 10 0
0 2 4 1
0 10 1 2
0 18 0 1
0 37 1 0
1
end_operator
begin_operator
pop-unitarypipe s13 b0 a1 a3 b6 lco lco ta1-3-lco ta3-1-lco
0
5
0 1 10 0
0 2 4 1
0 10 1 2
0 21 0 1
0 31 1 0
1
end_operator
begin_operator
pop-unitarypipe s13 b0 a1 a3 b6 lco lco ta1-3-lco ta3-2-lco
0
5
0 1 10 0
0 2 4 1
0 10 1 2
0 21 0 1
0 34 1 0
1
end_operator
begin_operator
pop-unitarypipe s13 b0 a1 a3 b6 lco lco ta1-3-lco ta3-3-lco
0
5
0 1 10 0
0 2 4 1
0 10 1 2
0 21 0 1
0 37 1 0
1
end_operator
begin_operator
pop-unitarypipe s13 b0 a1 a3 b7 lco oca1 ta1-1-oca1 ta3-1-lco
0
5
0 1 11 0
0 2 4 1
0 11 1 2
0 16 0 1
0 31 1 0
1
end_operator
begin_operator
pop-unitarypipe s13 b0 a1 a3 b7 lco oca1 ta1-1-oca1 ta3-2-lco
0
5
0 1 11 0
0 2 4 1
0 11 1 2
0 16 0 1
0 34 1 0
1
end_operator
begin_operator
pop-unitarypipe s13 b0 a1 a3 b7 lco oca1 ta1-1-oca1 ta3-3-lco
0
5
0 1 11 0
0 2 4 1
0 11 1 2
0 16 0 1
0 37 1 0
1
end_operator
begin_operator
pop-unitarypipe s13 b0 a1 a3 b7 lco oca1 ta1-2-oca1 ta3-1-lco
0
5
0 1 11 0
0 2 4 1
0 11 1 2
0 19 0 1
0 31 1 0
1
end_operator
begin_operator
pop-unitarypipe s13 b0 a1 a3 b7 lco oca1 ta1-2-oca1 ta3-2-lco
0
5
0 1 11 0
0 2 4 1
0 11 1 2
0 19 0 1
0 34 1 0
1
end_operator
begin_operator
pop-unitarypipe s13 b0 a1 a3 b7 lco oca1 ta1-2-oca1 ta3-3-lco
0
5
0 1 11 0
0 2 4 1
0 11 1 2
0 19 0 1
0 37 1 0
1
end_operator
begin_operator
pop-unitarypipe s13 b0 a1 a3 b8 lco rat-a ta1-1-rat-a ta3-1-lco
0
5
0 1 12 0
0 2 4 1
0 12 1 2
0 17 0 1
0 31 1 0
1
end_operator
begin_operator
pop-unitarypipe s13 b0 a1 a3 b8 lco rat-a ta1-1-rat-a ta3-2-lco
0
5
0 1 12 0
0 2 4 1
0 12 1 2
0 17 0 1
0 34 1 0
1
end_operator
begin_operator
pop-unitarypipe s13 b0 a1 a3 b8 lco rat-a ta1-1-rat-a ta3-3-lco
0
5
0 1 12 0
0 2 4 1
0 12 1 2
0 17 0 1
0 37 1 0
1
end_operator
begin_operator
pop-unitarypipe s13 b0 a1 a3 b8 lco rat-a ta1-2-rat-a ta3-1-lco
0
5
0 1 12 0
0 2 4 1
0 12 1 2
0 20 0 1
0 31 1 0
1
end_operator
begin_operator
pop-unitarypipe s13 b0 a1 a3 b8 lco rat-a ta1-2-rat-a ta3-2-lco
0
5
0 1 12 0
0 2 4 1
0 12 1 2
0 20 0 1
0 34 1 0
1
end_operator
begin_operator
pop-unitarypipe s13 b0 a1 a3 b8 lco rat-a ta1-2-rat-a ta3-3-lco
0
5
0 1 12 0
0 2 4 1
0 12 1 2
0 20 0 1
0 37 1 0
1
end_operator
begin_operator
pop-unitarypipe s13 b0 a1 a3 b9 lco rat-a ta1-1-rat-a ta3-1-lco
0
5
0 1 13 0
0 2 4 1
0 13 1 2
0 17 0 1
0 31 1 0
1
end_operator
begin_operator
pop-unitarypipe s13 b0 a1 a3 b9 lco rat-a ta1-1-rat-a ta3-2-lco
0
5
0 1 13 0
0 2 4 1
0 13 1 2
0 17 0 1
0 34 1 0
1
end_operator
begin_operator
pop-unitarypipe s13 b0 a1 a3 b9 lco rat-a ta1-1-rat-a ta3-3-lco
0
5
0 1 13 0
0 2 4 1
0 13 1 2
0 17 0 1
0 37 1 0
1
end_operator
begin_operator
pop-unitarypipe s13 b0 a1 a3 b9 lco rat-a ta1-2-rat-a ta3-1-lco
0
5
0 1 13 0
0 2 4 1
0 13 1 2
0 20 0 1
0 31 1 0
1
end_operator
begin_operator
pop-unitarypipe s13 b0 a1 a3 b9 lco rat-a ta1-2-rat-a ta3-2-lco
0
5
0 1 13 0
0 2 4 1
0 13 1 2
0 20 0 1
0 34 1 0
1
end_operator
begin_operator
pop-unitarypipe s13 b0 a1 a3 b9 lco rat-a ta1-2-rat-a ta3-3-lco
0
5
0 1 13 0
0 2 4 1
0 13 1 2
0 20 0 1
0 37 1 0
1
end_operator
begin_operator
pop-unitarypipe s13 b1 a1 a3 b0 lco lco ta1-1-lco ta3-1-lco
0
5
0 1 0 1
0 2 1 2
0 3 4 1
0 15 0 1
0 31 1 0
1
end_operator
begin_operator
pop-unitarypipe s13 b1 a1 a3 b0 lco lco ta1-1-lco ta3-2-lco
0
5
0 1 0 1
0 2 1 2
0 3 4 1
0 15 0 1
0 34 1 0
1
end_operator
begin_operator
pop-unitarypipe s13 b1 a1 a3 b0 lco lco ta1-1-lco ta3-3-lco
0
5
0 1 0 1
0 2 1 2
0 3 4 1
0 15 0 1
0 37 1 0
1
end_operator
begin_operator
pop-unitarypipe s13 b1 a1 a3 b0 lco lco ta1-2-lco ta3-1-lco
0
5
0 1 0 1
0 2 1 2
0 3 4 1
0 18 0 1
0 31 1 0
1
end_operator
begin_operator
pop-unitarypipe s13 b1 a1 a3 b0 lco lco ta1-2-lco ta3-2-lco
0
5
0 1 0 1
0 2 1 2
0 3 4 1
0 18 0 1
0 34 1 0
1
end_operator
begin_operator
pop-unitarypipe s13 b1 a1 a3 b0 lco lco ta1-2-lco ta3-3-lco
0
5
0 1 0 1
0 2 1 2
0 3 4 1
0 18 0 1
0 37 1 0
1
end_operator
begin_operator
pop-unitarypipe s13 b1 a1 a3 b0 lco lco ta1-3-lco ta3-1-lco
0
5
0 1 0 1
0 2 1 2
0 3 4 1
0 21 0 1
0 31 1 0
1
end_operator
begin_operator
pop-unitarypipe s13 b1 a1 a3 b0 lco lco ta1-3-lco ta3-2-lco
0
5
0 1 0 1
0 2 1 2
0 3 4 1
0 21 0 1
0 34 1 0
1
end_operator
begin_operator
pop-unitarypipe s13 b1 a1 a3 b0 lco lco ta1-3-lco ta3-3-lco
0
5
0 1 0 1
0 2 1 2
0 3 4 1
0 21 0 1
0 37 1 0
1
end_operator
begin_operator
pop-unitarypipe s13 b1 a1 a3 b10 lco oca1 ta1-1-oca1 ta3-1-lco
0
5
0 1 2 1
0 3 4 1
0 4 1 2
0 16 0 1
0 31 1 0
1
end_operator
begin_operator
pop-unitarypipe s13 b1 a1 a3 b10 lco oca1 ta1-1-oca1 ta3-2-lco
0
5
0 1 2 1
0 3 4 1
0 4 1 2
0 16 0 1
0 34 1 0
1
end_operator
begin_operator
pop-unitarypipe s13 b1 a1 a3 b10 lco oca1 ta1-1-oca1 ta3-3-lco
0
5
0 1 2 1
0 3 4 1
0 4 1 2
0 16 0 1
0 37 1 0
1
end_operator
begin_operator
pop-unitarypipe s13 b1 a1 a3 b10 lco oca1 ta1-2-oca1 ta3-1-lco
0
5
0 1 2 1
0 3 4 1
0 4 1 2
0 19 0 1
0 31 1 0
1
end_operator
begin_operator
pop-unitarypipe s13 b1 a1 a3 b10 lco oca1 ta1-2-oca1 ta3-2-lco
0
5
0 1 2 1
0 3 4 1
0 4 1 2
0 19 0 1
0 34 1 0
1
end_operator
begin_operator
pop-unitarypipe s13 b1 a1 a3 b10 lco oca1 ta1-2-oca1 ta3-3-lco
0
5
0 1 2 1
0 3 4 1
0 4 1 2
0 19 0 1
0 37 1 0
1
end_operator
begin_operator
pop-unitarypipe s13 b1 a1 a3 b11 lco gasoleo ta1-1-gasoleo ta3-1-lco
0
5
0 1 3 1
0 3 4 1
0 14 0 1
0 31 1 0
0 38 1 2
1
end_operator
begin_operator
pop-unitarypipe s13 b1 a1 a3 b11 lco gasoleo ta1-1-gasoleo ta3-2-lco
0
5
0 1 3 1
0 3 4 1
0 14 0 1
0 34 1 0
0 38 1 2
1
end_operator
begin_operator
pop-unitarypipe s13 b1 a1 a3 b11 lco gasoleo ta1-1-gasoleo ta3-3-lco
0
5
0 1 3 1
0 3 4 1
0 14 0 1
0 37 1 0
0 38 1 2
1
end_operator
begin_operator
pop-unitarypipe s13 b1 a1 a3 b12 lco rat-a ta1-1-rat-a ta3-1-lco
0
5
0 1 4 1
0 3 4 1
0 5 1 2
0 17 0 1
0 31 1 0
1
end_operator
begin_operator
pop-unitarypipe s13 b1 a1 a3 b12 lco rat-a ta1-1-rat-a ta3-2-lco
0
5
0 1 4 1
0 3 4 1
0 5 1 2
0 17 0 1
0 34 1 0
1
end_operator
begin_operator
pop-unitarypipe s13 b1 a1 a3 b12 lco rat-a ta1-1-rat-a ta3-3-lco
0
5
0 1 4 1
0 3 4 1
0 5 1 2
0 17 0 1
0 37 1 0
1
end_operator
begin_operator
pop-unitarypipe s13 b1 a1 a3 b12 lco rat-a ta1-2-rat-a ta3-1-lco
0
5
0 1 4 1
0 3 4 1
0 5 1 2
0 20 0 1
0 31 1 0
1
end_operator
begin_operator
pop-unitarypipe s13 b1 a1 a3 b12 lco rat-a ta1-2-rat-a ta3-2-lco
0
5
0 1 4 1
0 3 4 1
0 5 1 2
0 20 0 1
0 34 1 0
1
end_operator
begin_operator
pop-unitarypipe s13 b1 a1 a3 b12 lco rat-a ta1-2-rat-a ta3-3-lco
0
5
0 1 4 1
0 3 4 1
0 5 1 2
0 20 0 1
0 37 1 0
1
end_operator
begin_operator
pop-unitarypipe s13 b1 a1 a3 b13 lco rat-a ta1-1-rat-a ta3-1-lco
0
5
0 1 5 1
0 3 4 1
0 6 1 2
0 17 0 1
0 31 1 0
1
end_operator
begin_operator
pop-unitarypipe s13 b1 a1 a3 b13 lco rat-a ta1-1-rat-a ta3-2-lco
0
5
0 1 5 1
0 3 4 1
0 6 1 2
0 17 0 1
0 34 1 0
1
end_operator
begin_operator
pop-unitarypipe s13 b1 a1 a3 b13 lco rat-a ta1-1-rat-a ta3-3-lco
0
5
0 1 5 1
0 3 4 1
0 6 1 2
0 17 0 1
0 37 1 0
1
end_operator
begin_operator
pop-unitarypipe s13 b1 a1 a3 b13 lco rat-a ta1-2-rat-a ta3-1-lco
0
5
0 1 5 1
0 3 4 1
0 6 1 2
0 20 0 1
0 31 1 0
1
end_operator
begin_operator
pop-unitarypipe s13 b1 a1 a3 b13 lco rat-a ta1-2-rat-a ta3-2-lco
0
5
0 1 5 1
0 3 4 1
0 6 1 2
0 20 0 1
0 34 1 0
1
end_operator
begin_operator
pop-unitarypipe s13 b1 a1 a3 b13 lco rat-a ta1-2-rat-a ta3-3-lco
0
5
0 1 5 1
0 3 4 1
0 6 1 2
0 20 0 1
0 37 1 0
1
end_operator
begin_operator
pop-unitarypipe s13 b1 a1 a3 b2 lco gasoleo ta1-1-gasoleo ta3-1-lco
0
5
0 1 6 1
0 3 4 1
0 14 0 1
0 31 1 0
0 39 1 2
1
end_operator
begin_operator
pop-unitarypipe s13 b1 a1 a3 b2 lco gasoleo ta1-1-gasoleo ta3-2-lco
0
5
0 1 6 1
0 3 4 1
0 14 0 1
0 34 1 0
0 39 1 2
1
end_operator
begin_operator
pop-unitarypipe s13 b1 a1 a3 b2 lco gasoleo ta1-1-gasoleo ta3-3-lco
0
5
0 1 6 1
0 3 4 1
0 14 0 1
0 37 1 0
0 39 1 2
1
end_operator
begin_operator
pop-unitarypipe s13 b1 a1 a3 b3 lco lco ta1-1-lco ta3-1-lco
0
5
0 1 7 1
0 3 4 1
0 7 1 2
0 15 0 1
0 31 1 0
1
end_operator
begin_operator
pop-unitarypipe s13 b1 a1 a3 b3 lco lco ta1-1-lco ta3-2-lco
0
5
0 1 7 1
0 3 4 1
0 7 1 2
0 15 0 1
0 34 1 0
1
end_operator
begin_operator
pop-unitarypipe s13 b1 a1 a3 b3 lco lco ta1-1-lco ta3-3-lco
0
5
0 1 7 1
0 3 4 1
0 7 1 2
0 15 0 1
0 37 1 0
1
end_operator
begin_operator
pop-unitarypipe s13 b1 a1 a3 b3 lco lco ta1-2-lco ta3-1-lco
0
5
0 1 7 1
0 3 4 1
0 7 1 2
0 18 0 1
0 31 1 0
1
end_operator
begin_operator
pop-unitarypipe s13 b1 a1 a3 b3 lco lco ta1-2-lco ta3-2-lco
0
5
0 1 7 1
0 3 4 1
0 7 1 2
0 18 0 1
0 34 1 0
1
end_operator
begin_operator
pop-unitarypipe s13 b1 a1 a3 b3 lco lco ta1-2-lco ta3-3-lco
0
5
0 1 7 1
0 3 4 1
0 7 1 2
0 18 0 1
0 37 1 0
1
end_operator
begin_operator
pop-unitarypipe s13 b1 a1 a3 b3 lco lco ta1-3-lco ta3-1-lco
0
5
0 1 7 1
0 3 4 1
0 7 1 2
0 21 0 1
0 31 1 0
1
end_operator
begin_operator
pop-unitarypipe s13 b1 a1 a3 b3 lco lco ta1-3-lco ta3-2-lco
0
5
0 1 7 1
0 3 4 1
0 7 1 2
0 21 0 1
0 34 1 0
1
end_operator
begin_operator
pop-unitarypipe s13 b1 a1 a3 b3 lco lco ta1-3-lco ta3-3-lco
0
5
0 1 7 1
0 3 4 1
0 7 1 2
0 21 0 1
0 37 1 0
1
end_operator
begin_operator
pop-unitarypipe s13 b1 a1 a3 b4 lco lco ta1-1-lco ta3-1-lco
0
5
0 1 8 1
0 3 4 1
0 8 1 2
0 15 0 1
0 31 1 0
1
end_operator
begin_operator
pop-unitarypipe s13 b1 a1 a3 b4 lco lco ta1-1-lco ta3-2-lco
0
5
0 1 8 1
0 3 4 1
0 8 1 2
0 15 0 1
0 34 1 0
1
end_operator
begin_operator
pop-unitarypipe s13 b1 a1 a3 b4 lco lco ta1-1-lco ta3-3-lco
0
5
0 1 8 1
0 3 4 1
0 8 1 2
0 15 0 1
0 37 1 0
1
end_operator
begin_operator
pop-unitarypipe s13 b1 a1 a3 b4 lco lco ta1-2-lco ta3-1-lco
0
5
0 1 8 1
0 3 4 1
0 8 1 2
0 18 0 1
0 31 1 0
1
end_operator
begin_operator
pop-unitarypipe s13 b1 a1 a3 b4 lco lco ta1-2-lco ta3-2-lco
0
5
0 1 8 1
0 3 4 1
0 8 1 2
0 18 0 1
0 34 1 0
1
end_operator
begin_operator
pop-unitarypipe s13 b1 a1 a3 b4 lco lco ta1-2-lco ta3-3-lco
0
5
0 1 8 1
0 3 4 1
0 8 1 2
0 18 0 1
0 37 1 0
1
end_operator
begin_operator
pop-unitarypipe s13 b1 a1 a3 b4 lco lco ta1-3-lco ta3-1-lco
0
5
0 1 8 1
0 3 4 1
0 8 1 2
0 21 0 1
0 31 1 0
1
end_operator
begin_operator
pop-unitarypipe s13 b1 a1 a3 b4 lco lco ta1-3-lco ta3-2-lco
0
5
0 1 8 1
0 3 4 1
0 8 1 2
0 21 0 1
0 34 1 0
1
end_operator
begin_operator
pop-unitarypipe s13 b1 a1 a3 b4 lco lco ta1-3-lco ta3-3-lco
0
5
0 1 8 1
0 3 4 1
0 8 1 2
0 21 0 1
0 37 1 0
1
end_operator
begin_operator
pop-unitarypipe s13 b1 a1 a3 b5 lco oca1 ta1-1-oca1 ta3-1-lco
0
5
0 1 9 1
0 3 4 1
0 9 1 2
0 16 0 1
0 31 1 0
1
end_operator
begin_operator
pop-unitarypipe s13 b1 a1 a3 b5 lco oca1 ta1-1-oca1 ta3-2-lco
0
5
0 1 9 1
0 3 4 1
0 9 1 2
0 16 0 1
0 34 1 0
1
end_operator
begin_operator
pop-unitarypipe s13 b1 a1 a3 b5 lco oca1 ta1-1-oca1 ta3-3-lco
0
5
0 1 9 1
0 3 4 1
0 9 1 2
0 16 0 1
0 37 1 0
1
end_operator
begin_operator
pop-unitarypipe s13 b1 a1 a3 b5 lco oca1 ta1-2-oca1 ta3-1-lco
0
5
0 1 9 1
0 3 4 1
0 9 1 2
0 19 0 1
0 31 1 0
1
end_operator
begin_operator
pop-unitarypipe s13 b1 a1 a3 b5 lco oca1 ta1-2-oca1 ta3-2-lco
0
5
0 1 9 1
0 3 4 1
0 9 1 2
0 19 0 1
0 34 1 0
1
end_operator
begin_operator
pop-unitarypipe s13 b1 a1 a3 b5 lco oca1 ta1-2-oca1 ta3-3-lco
0
5
0 1 9 1
0 3 4 1
0 9 1 2
0 19 0 1
0 37 1 0
1
end_operator
begin_operator
pop-unitarypipe s13 b1 a1 a3 b6 lco lco ta1-1-lco ta3-1-lco
0
5
0 1 10 1
0 3 4 1
0 10 1 2
0 15 0 1
0 31 1 0
1
end_operator
begin_operator
pop-unitarypipe s13 b1 a1 a3 b6 lco lco ta1-1-lco ta3-2-lco
0
5
0 1 10 1
0 3 4 1
0 10 1 2
0 15 0 1
0 34 1 0
1
end_operator
begin_operator
pop-unitarypipe s13 b1 a1 a3 b6 lco lco ta1-1-lco ta3-3-lco
0
5
0 1 10 1
0 3 4 1
0 10 1 2
0 15 0 1
0 37 1 0
1
end_operator
begin_operator
pop-unitarypipe s13 b1 a1 a3 b6 lco lco ta1-2-lco ta3-1-lco
0
5
0 1 10 1
0 3 4 1
0 10 1 2
0 18 0 1
0 31 1 0
1
end_operator
begin_operator
pop-unitarypipe s13 b1 a1 a3 b6 lco lco ta1-2-lco ta3-2-lco
0
5
0 1 10 1
0 3 4 1
0 10 1 2
0 18 0 1
0 34 1 0
1
end_operator
begin_operator
pop-unitarypipe s13 b1 a1 a3 b6 lco lco ta1-2-lco ta3-3-lco
0
5
0 1 10 1
0 3 4 1
0 10 1 2
0 18 0 1
0 37 1 0
1
end_operator
begin_operator
pop-unitarypipe s13 b1 a1 a3 b6 lco lco ta1-3-lco ta3-1-lco
0
5
0 1 10 1
0 3 4 1
0 10 1 2
0 21 0 1
0 31 1 0
1
end_operator
begin_operator
pop-unitarypipe s13 b1 a1 a3 b6 lco lco ta1-3-lco ta3-2-lco
0
5
0 1 10 1
0 3 4 1
0 10 1 2
0 21 0 1
0 34 1 0
1
end_operator
begin_operator
pop-unitarypipe s13 b1 a1 a3 b6 lco lco ta1-3-lco ta3-3-lco
0
5
0 1 10 1
0 3 4 1
0 10 1 2
0 21 0 1
0 37 1 0
1
end_operator
begin_operator
pop-unitarypipe s13 b1 a1 a3 b7 lco oca1 ta1-1-oca1 ta3-1-lco
0
5
0 1 11 1
0 3 4 1
0 11 1 2
0 16 0 1
0 31 1 0
1
end_operator
begin_operator
pop-unitarypipe s13 b1 a1 a3 b7 lco oca1 ta1-1-oca1 ta3-2-lco
0
5
0 1 11 1
0 3 4 1
0 11 1 2
0 16 0 1
0 34 1 0
1
end_operator
begin_operator
pop-unitarypipe s13 b1 a1 a3 b7 lco oca1 ta1-1-oca1 ta3-3-lco
0
5
0 1 11 1
0 3 4 1
0 11 1 2
0 16 0 1
0 37 1 0
1
end_operator
begin_operator
pop-unitarypipe s13 b1 a1 a3 b7 lco oca1 ta1-2-oca1 ta3-1-lco
0
5
0 1 11 1
0 3 4 1
0 11 1 2
0 19 0 1
0 31 1 0
1
end_operator
begin_operator
pop-unitarypipe s13 b1 a1 a3 b7 lco oca1 ta1-2-oca1 ta3-2-lco
0
5
0 1 11 1
0 3 4 1
0 11 1 2
0 19 0 1
0 34 1 0
1
end_operator
begin_operator
pop-unitarypipe s13 b1 a1 a3 b7 lco oca1 ta1-2-oca1 ta3-3-lco
0
5
0 1 11 1
0 3 4 1
0 11 1 2
0 19 0 1
0 37 1 0
1
end_operator
begin_operator
pop-unitarypipe s13 b1 a1 a3 b8 lco rat-a ta1-1-rat-a ta3-1-lco
0
5
0 1 12 1
0 3 4 1
0 12 1 2
0 17 0 1
0 31 1 0
1
end_operator
begin_operator
pop-unitarypipe s13 b1 a1 a3 b8 lco rat-a ta1-1-rat-a ta3-2-lco
0
5
0 1 12 1
0 3 4 1
0 12 1 2
0 17 0 1
0 34 1 0
1
end_operator
begin_operator
pop-unitarypipe s13 b1 a1 a3 b8 lco rat-a ta1-1-rat-a ta3-3-lco
0
5
0 1 12 1
0 3 4 1
0 12 1 2
0 17 0 1
0 37 1 0
1
end_operator
begin_operator
pop-unitarypipe s13 b1 a1 a3 b8 lco rat-a ta1-2-rat-a ta3-1-lco
0
5
0 1 12 1
0 3 4 1
0 12 1 2
0 20 0 1
0 31 1 0
1
end_operator
begin_operator
pop-unitarypipe s13 b1 a1 a3 b8 lco rat-a ta1-2-rat-a ta3-2-lco
0
5
0 1 12 1
0 3 4 1
0 12 1 2
0 20 0 1
0 34 1 0
1
end_operator
begin_operator
pop-unitarypipe s13 b1 a1 a3 b8 lco rat-a ta1-2-rat-a ta3-3-lco
0
5
0 1 12 1
0 3 4 1
0 12 1 2
0 20 0 1
0 37 1 0
1
end_operator
begin_operator
pop-unitarypipe s13 b1 a1 a3 b9 lco rat-a ta1-1-rat-a ta3-1-lco
0
5
0 1 13 1
0 3 4 1
0 13 1 2
0 17 0 1
0 31 1 0
1
end_operator
begin_operator
pop-unitarypipe s13 b1 a1 a3 b9 lco rat-a ta1-1-rat-a ta3-2-lco
0
5
0 1 13 1
0 3 4 1
0 13 1 2
0 17 0 1
0 34 1 0
1
end_operator
begin_operator
pop-unitarypipe s13 b1 a1 a3 b9 lco rat-a ta1-1-rat-a ta3-3-lco
0
5
0 1 13 1
0 3 4 1
0 13 1 2
0 17 0 1
0 37 1 0
1
end_operator
begin_operator
pop-unitarypipe s13 b1 a1 a3 b9 lco rat-a ta1-2-rat-a ta3-1-lco
0
5
0 1 13 1
0 3 4 1
0 13 1 2
0 20 0 1
0 31 1 0
1
end_operator
begin_operator
pop-unitarypipe s13 b1 a1 a3 b9 lco rat-a ta1-2-rat-a ta3-2-lco
0
5
0 1 13 1
0 3 4 1
0 13 1 2
0 20 0 1
0 34 1 0
1
end_operator
begin_operator
pop-unitarypipe s13 b1 a1 a3 b9 lco rat-a ta1-2-rat-a ta3-3-lco
0
5
0 1 13 1
0 3 4 1
0 13 1 2
0 20 0 1
0 37 1 0
1
end_operator
begin_operator
pop-unitarypipe s13 b10 a1 a3 b0 oca1 lco ta1-1-lco ta3-1-oca1
0
5
0 1 0 2
0 2 1 2
0 4 4 1
0 15 0 1
0 32 1 0
1
end_operator
begin_operator
pop-unitarypipe s13 b10 a1 a3 b0 oca1 lco ta1-1-lco ta3-2-oca1
0
5
0 1 0 2
0 2 1 2
0 4 4 1
0 15 0 1
0 35 1 0
1
end_operator
begin_operator
pop-unitarypipe s13 b10 a1 a3 b0 oca1 lco ta1-2-lco ta3-1-oca1
0
5
0 1 0 2
0 2 1 2
0 4 4 1
0 18 0 1
0 32 1 0
1
end_operator
begin_operator
pop-unitarypipe s13 b10 a1 a3 b0 oca1 lco ta1-2-lco ta3-2-oca1
0
5
0 1 0 2
0 2 1 2
0 4 4 1
0 18 0 1
0 35 1 0
1
end_operator
begin_operator
pop-unitarypipe s13 b10 a1 a3 b0 oca1 lco ta1-3-lco ta3-1-oca1
0
5
0 1 0 2
0 2 1 2
0 4 4 1
0 21 0 1
0 32 1 0
1
end_operator
begin_operator
pop-unitarypipe s13 b10 a1 a3 b0 oca1 lco ta1-3-lco ta3-2-oca1
0
5
0 1 0 2
0 2 1 2
0 4 4 1
0 21 0 1
0 35 1 0
1
end_operator
begin_operator
pop-unitarypipe s13 b10 a1 a3 b1 oca1 lco ta1-1-lco ta3-1-oca1
0
5
0 1 1 2
0 3 1 2
0 4 4 1
0 15 0 1
0 32 1 0
1
end_operator
begin_operator
pop-unitarypipe s13 b10 a1 a3 b1 oca1 lco ta1-1-lco ta3-2-oca1
0
5
0 1 1 2
0 3 1 2
0 4 4 1
0 15 0 1
0 35 1 0
1
end_operator
begin_operator
pop-unitarypipe s13 b10 a1 a3 b1 oca1 lco ta1-2-lco ta3-1-oca1
0
5
0 1 1 2
0 3 1 2
0 4 4 1
0 18 0 1
0 32 1 0
1
end_operator
begin_operator
pop-unitarypipe s13 b10 a1 a3 b1 oca1 lco ta1-2-lco ta3-2-oca1
0
5
0 1 1 2
0 3 1 2
0 4 4 1
0 18 0 1
0 35 1 0
1
end_operator
begin_operator
pop-unitarypipe s13 b10 a1 a3 b1 oca1 lco ta1-3-lco ta3-1-oca1
0
5
0 1 1 2
0 3 1 2
0 4 4 1
0 21 0 1
0 32 1 0
1
end_operator
begin_operator
pop-unitarypipe s13 b10 a1 a3 b1 oca1 lco ta1-3-lco ta3-2-oca1
0
5
0 1 1 2
0 3 1 2
0 4 4 1
0 21 0 1
0 35 1 0
1
end_operator
begin_operator
pop-unitarypipe s13 b10 a1 a3 b11 oca1 gasoleo ta1-1-gasoleo ta3-1-oca1
0
5
0 1 3 2
0 4 4 1
0 14 0 1
0 32 1 0
0 38 1 2
1
end_operator
begin_operator
pop-unitarypipe s13 b10 a1 a3 b11 oca1 gasoleo ta1-1-gasoleo ta3-2-oca1
0
5
0 1 3 2
0 4 4 1
0 14 0 1
0 35 1 0
0 38 1 2
1
end_operator
begin_operator
pop-unitarypipe s13 b10 a1 a3 b2 oca1 gasoleo ta1-1-gasoleo ta3-1-oca1
0
5
0 1 6 2
0 4 4 1
0 14 0 1
0 32 1 0
0 39 1 2
1
end_operator
begin_operator
pop-unitarypipe s13 b10 a1 a3 b2 oca1 gasoleo ta1-1-gasoleo ta3-2-oca1
0
5
0 1 6 2
0 4 4 1
0 14 0 1
0 35 1 0
0 39 1 2
1
end_operator
begin_operator
pop-unitarypipe s13 b10 a1 a3 b3 oca1 lco ta1-1-lco ta3-1-oca1
0
5
0 1 7 2
0 4 4 1
0 7 1 2
0 15 0 1
0 32 1 0
1
end_operator
begin_operator
pop-unitarypipe s13 b10 a1 a3 b3 oca1 lco ta1-1-lco ta3-2-oca1
0
5
0 1 7 2
0 4 4 1
0 7 1 2
0 15 0 1
0 35 1 0
1
end_operator
begin_operator
pop-unitarypipe s13 b10 a1 a3 b3 oca1 lco ta1-2-lco ta3-1-oca1
0
5
0 1 7 2
0 4 4 1
0 7 1 2
0 18 0 1
0 32 1 0
1
end_operator
begin_operator
pop-unitarypipe s13 b10 a1 a3 b3 oca1 lco ta1-2-lco ta3-2-oca1
0
5
0 1 7 2
0 4 4 1
0 7 1 2
0 18 0 1
0 35 1 0
1
end_operator
begin_operator
pop-unitarypipe s13 b10 a1 a3 b3 oca1 lco ta1-3-lco ta3-1-oca1
0
5
0 1 7 2
0 4 4 1
0 7 1 2
0 21 0 1
0 32 1 0
1
end_operator
begin_operator
pop-unitarypipe s13 b10 a1 a3 b3 oca1 lco ta1-3-lco ta3-2-oca1
0
5
0 1 7 2
0 4 4 1
0 7 1 2
0 21 0 1
0 35 1 0
1
end_operator
begin_operator
pop-unitarypipe s13 b10 a1 a3 b4 oca1 lco ta1-1-lco ta3-1-oca1
0
5
0 1 8 2
0 4 4 1
0 8 1 2
0 15 0 1
0 32 1 0
1
end_operator
begin_operator
pop-unitarypipe s13 b10 a1 a3 b4 oca1 lco ta1-1-lco ta3-2-oca1
0
5
0 1 8 2
0 4 4 1
0 8 1 2
0 15 0 1
0 35 1 0
1
end_operator
begin_operator
pop-unitarypipe s13 b10 a1 a3 b4 oca1 lco ta1-2-lco ta3-1-oca1
0
5
0 1 8 2
0 4 4 1
0 8 1 2
0 18 0 1
0 32 1 0
1
end_operator
begin_operator
pop-unitarypipe s13 b10 a1 a3 b4 oca1 lco ta1-2-lco ta3-2-oca1
0
5
0 1 8 2
0 4 4 1
0 8 1 2
0 18 0 1
0 35 1 0
1
end_operator
begin_operator
pop-unitarypipe s13 b10 a1 a3 b4 oca1 lco ta1-3-lco ta3-1-oca1
0
5
0 1 8 2
0 4 4 1
0 8 1 2
0 21 0 1
0 32 1 0
1
end_operator
begin_operator
pop-unitarypipe s13 b10 a1 a3 b4 oca1 lco ta1-3-lco ta3-2-oca1
0
5
0 1 8 2
0 4 4 1
0 8 1 2
0 21 0 1
0 35 1 0
1
end_operator
begin_operator
pop-unitarypipe s13 b10 a1 a3 b5 oca1 oca1 ta1-1-oca1 ta3-1-oca1
0
5
0 1 9 2
0 4 4 1
0 9 1 2
0 16 0 1
0 32 1 0
1
end_operator
begin_operator
pop-unitarypipe s13 b10 a1 a3 b5 oca1 oca1 ta1-1-oca1 ta3-2-oca1
0
5
0 1 9 2
0 4 4 1
0 9 1 2
0 16 0 1
0 35 1 0
1
end_operator
begin_operator
pop-unitarypipe s13 b10 a1 a3 b5 oca1 oca1 ta1-2-oca1 ta3-1-oca1
0
5
0 1 9 2
0 4 4 1
0 9 1 2
0 19 0 1
0 32 1 0
1
end_operator
begin_operator
pop-unitarypipe s13 b10 a1 a3 b5 oca1 oca1 ta1-2-oca1 ta3-2-oca1
0
5
0 1 9 2
0 4 4 1
0 9 1 2
0 19 0 1
0 35 1 0
1
end_operator
begin_operator
pop-unitarypipe s13 b10 a1 a3 b6 oca1 lco ta1-1-lco ta3-1-oca1
0
5
0 1 10 2
0 4 4 1
0 10 1 2
0 15 0 1
0 32 1 0
1
end_operator
begin_operator
pop-unitarypipe s13 b10 a1 a3 b6 oca1 lco ta1-1-lco ta3-2-oca1
0
5
0 1 10 2
0 4 4 1
0 10 1 2
0 15 0 1
0 35 1 0
1
end_operator
begin_operator
pop-unitarypipe s13 b10 a1 a3 b6 oca1 lco ta1-2-lco ta3-1-oca1
0
5
0 1 10 2
0 4 4 1
0 10 1 2
0 18 0 1
0 32 1 0
1
end_operator
begin_operator
pop-unitarypipe s13 b10 a1 a3 b6 oca1 lco ta1-2-lco ta3-2-oca1
0
5
0 1 10 2
0 4 4 1
0 10 1 2
0 18 0 1
0 35 1 0
1
end_operator
begin_operator
pop-unitarypipe s13 b10 a1 a3 b6 oca1 lco ta1-3-lco ta3-1-oca1
0
5
0 1 10 2
0 4 4 1
0 10 1 2
0 21 0 1
0 32 1 0
1
end_operator
begin_operator
pop-unitarypipe s13 b10 a1 a3 b6 oca1 lco ta1-3-lco ta3-2-oca1
0
5
0 1 10 2
0 4 4 1
0 10 1 2
0 21 0 1
0 35 1 0
1
end_operator
begin_operator
pop-unitarypipe s13 b10 a1 a3 b7 oca1 oca1 ta1-1-oca1 ta3-1-oca1
0
5
0 1 11 2
0 4 4 1
0 11 1 2
0 16 0 1
0 32 1 0
1
end_operator
begin_operator
pop-unitarypipe s13 b10 a1 a3 b7 oca1 oca1 ta1-1-oca1 ta3-2-oca1
0
5
0 1 11 2
0 4 4 1
0 11 1 2
0 16 0 1
0 35 1 0
1
end_operator
begin_operator
pop-unitarypipe s13 b10 a1 a3 b7 oca1 oca1 ta1-2-oca1 ta3-1-oca1
0
5
0 1 11 2
0 4 4 1
0 11 1 2
0 19 0 1
0 32 1 0
1
end_operator
begin_operator
pop-unitarypipe s13 b10 a1 a3 b7 oca1 oca1 ta1-2-oca1 ta3-2-oca1
0
5
0 1 11 2
0 4 4 1
0 11 1 2
0 19 0 1
0 35 1 0
1
end_operator
begin_operator
pop-unitarypipe s13 b12 a1 a3 b0 rat-a lco ta1-1-lco ta3-1-rat-a
0
5
0 1 0 4
0 2 1 2
0 5 4 1
0 15 0 1
0 33 1 0
1
end_operator
begin_operator
pop-unitarypipe s13 b12 a1 a3 b0 rat-a lco ta1-1-lco ta3-2-rat-a
0
5
0 1 0 4
0 2 1 2
0 5 4 1
0 15 0 1
0 36 1 0
1
end_operator
begin_operator
pop-unitarypipe s13 b12 a1 a3 b0 rat-a lco ta1-2-lco ta3-1-rat-a
0
5
0 1 0 4
0 2 1 2
0 5 4 1
0 18 0 1
0 33 1 0
1
end_operator
begin_operator
pop-unitarypipe s13 b12 a1 a3 b0 rat-a lco ta1-2-lco ta3-2-rat-a
0
5
0 1 0 4
0 2 1 2
0 5 4 1
0 18 0 1
0 36 1 0
1
end_operator
begin_operator
pop-unitarypipe s13 b12 a1 a3 b0 rat-a lco ta1-3-lco ta3-1-rat-a
0
5
0 1 0 4
0 2 1 2
0 5 4 1
0 21 0 1
0 33 1 0
1
end_operator
begin_operator
pop-unitarypipe s13 b12 a1 a3 b0 rat-a lco ta1-3-lco ta3-2-rat-a
0
5
0 1 0 4
0 2 1 2
0 5 4 1
0 21 0 1
0 36 1 0
1
end_operator
begin_operator
pop-unitarypipe s13 b12 a1 a3 b1 rat-a lco ta1-1-lco ta3-1-rat-a
0
5
0 1 1 4
0 3 1 2
0 5 4 1
0 15 0 1
0 33 1 0
1
end_operator
begin_operator
pop-unitarypipe s13 b12 a1 a3 b1 rat-a lco ta1-1-lco ta3-2-rat-a
0
5
0 1 1 4
0 3 1 2
0 5 4 1
0 15 0 1
0 36 1 0
1
end_operator
begin_operator
pop-unitarypipe s13 b12 a1 a3 b1 rat-a lco ta1-2-lco ta3-1-rat-a
0
5
0 1 1 4
0 3 1 2
0 5 4 1
0 18 0 1
0 33 1 0
1
end_operator
begin_operator
pop-unitarypipe s13 b12 a1 a3 b1 rat-a lco ta1-2-lco ta3-2-rat-a
0
5
0 1 1 4
0 3 1 2
0 5 4 1
0 18 0 1
0 36 1 0
1
end_operator
begin_operator
pop-unitarypipe s13 b12 a1 a3 b1 rat-a lco ta1-3-lco ta3-1-rat-a
0
5
0 1 1 4
0 3 1 2
0 5 4 1
0 21 0 1
0 33 1 0
1
end_operator
begin_operator
pop-unitarypipe s13 b12 a1 a3 b1 rat-a lco ta1-3-lco ta3-2-rat-a
0
5
0 1 1 4
0 3 1 2
0 5 4 1
0 21 0 1
0 36 1 0
1
end_operator
begin_operator
pop-unitarypipe s13 b12 a1 a3 b11 rat-a gasoleo ta1-1-gasoleo ta3-1-rat-a
0
5
0 1 3 4
0 5 4 1
0 14 0 1
0 33 1 0
0 38 1 2
1
end_operator
begin_operator
pop-unitarypipe s13 b12 a1 a3 b11 rat-a gasoleo ta1-1-gasoleo ta3-2-rat-a
0
5
0 1 3 4
0 5 4 1
0 14 0 1
0 36 1 0
0 38 1 2
1
end_operator
begin_operator
pop-unitarypipe s13 b12 a1 a3 b13 rat-a rat-a ta1-1-rat-a ta3-1-rat-a
0
5
0 1 5 4
0 5 4 1
0 6 1 2
0 17 0 1
0 33 1 0
1
end_operator
begin_operator
pop-unitarypipe s13 b12 a1 a3 b13 rat-a rat-a ta1-1-rat-a ta3-2-rat-a
0
5
0 1 5 4
0 5 4 1
0 6 1 2
0 17 0 1
0 36 1 0
1
end_operator
begin_operator
pop-unitarypipe s13 b12 a1 a3 b13 rat-a rat-a ta1-2-rat-a ta3-1-rat-a
0
5
0 1 5 4
0 5 4 1
0 6 1 2
0 20 0 1
0 33 1 0
1
end_operator
begin_operator
pop-unitarypipe s13 b12 a1 a3 b13 rat-a rat-a ta1-2-rat-a ta3-2-rat-a
0
5
0 1 5 4
0 5 4 1
0 6 1 2
0 20 0 1
0 36 1 0
1
end_operator
begin_operator
pop-unitarypipe s13 b12 a1 a3 b2 rat-a gasoleo ta1-1-gasoleo ta3-1-rat-a
0
5
0 1 6 4
0 5 4 1
0 14 0 1
0 33 1 0
0 39 1 2
1
end_operator
begin_operator
pop-unitarypipe s13 b12 a1 a3 b2 rat-a gasoleo ta1-1-gasoleo ta3-2-rat-a
0
5
0 1 6 4
0 5 4 1
0 14 0 1
0 36 1 0
0 39 1 2
1
end_operator
begin_operator
pop-unitarypipe s13 b12 a1 a3 b3 rat-a lco ta1-1-lco ta3-1-rat-a
0
5
0 1 7 4
0 5 4 1
0 7 1 2
0 15 0 1
0 33 1 0
1
end_operator
begin_operator
pop-unitarypipe s13 b12 a1 a3 b3 rat-a lco ta1-1-lco ta3-2-rat-a
0
5
0 1 7 4
0 5 4 1
0 7 1 2
0 15 0 1
0 36 1 0
1
end_operator
begin_operator
pop-unitarypipe s13 b12 a1 a3 b3 rat-a lco ta1-2-lco ta3-1-rat-a
0
5
0 1 7 4
0 5 4 1
0 7 1 2
0 18 0 1
0 33 1 0
1
end_operator
begin_operator
pop-unitarypipe s13 b12 a1 a3 b3 rat-a lco ta1-2-lco ta3-2-rat-a
0
5
0 1 7 4
0 5 4 1
0 7 1 2
0 18 0 1
0 36 1 0
1
end_operator
begin_operator
pop-unitarypipe s13 b12 a1 a3 b3 rat-a lco ta1-3-lco ta3-1-rat-a
0
5
0 1 7 4
0 5 4 1
0 7 1 2
0 21 0 1
0 33 1 0
1
end_operator
begin_operator
pop-unitarypipe s13 b12 a1 a3 b3 rat-a lco ta1-3-lco ta3-2-rat-a
0
5
0 1 7 4
0 5 4 1
0 7 1 2
0 21 0 1
0 36 1 0
1
end_operator
begin_operator
pop-unitarypipe s13 b12 a1 a3 b4 rat-a lco ta1-1-lco ta3-1-rat-a
0
5
0 1 8 4
0 5 4 1
0 8 1 2
0 15 0 1
0 33 1 0
1
end_operator
begin_operator
pop-unitarypipe s13 b12 a1 a3 b4 rat-a lco ta1-1-lco ta3-2-rat-a
0
5
0 1 8 4
0 5 4 1
0 8 1 2
0 15 0 1
0 36 1 0
1
end_operator
begin_operator
pop-unitarypipe s13 b12 a1 a3 b4 rat-a lco ta1-2-lco ta3-1-rat-a
0
5
0 1 8 4
0 5 4 1
0 8 1 2
0 18 0 1
0 33 1 0
1
end_operator
begin_operator
pop-unitarypipe s13 b12 a1 a3 b4 rat-a lco ta1-2-lco ta3-2-rat-a
0
5
0 1 8 4
0 5 4 1
0 8 1 2
0 18 0 1
0 36 1 0
1
end_operator
begin_operator
pop-unitarypipe s13 b12 a1 a3 b4 rat-a lco ta1-3-lco ta3-1-rat-a
0
5
0 1 8 4
0 5 4 1
0 8 1 2
0 21 0 1
0 33 1 0
1
end_operator
begin_operator
pop-unitarypipe s13 b12 a1 a3 b4 rat-a lco ta1-3-lco ta3-2-rat-a
0
5
0 1 8 4
0 5 4 1
0 8 1 2
0 21 0 1
0 36 1 0
1
end_operator
begin_operator
pop-unitarypipe s13 b12 a1 a3 b6 rat-a lco ta1-1-lco ta3-1-rat-a
0
5
0 1 10 4
0 5 4 1
0 10 1 2
0 15 0 1
0 33 1 0
1
end_operator
begin_operator
pop-unitarypipe s13 b12 a1 a3 b6 rat-a lco ta1-1-lco ta3-2-rat-a
0
5
0 1 10 4
0 5 4 1
0 10 1 2
0 15 0 1
0 36 1 0
1
end_operator
begin_operator
pop-unitarypipe s13 b12 a1 a3 b6 rat-a lco ta1-2-lco ta3-1-rat-a
0
5
0 1 10 4
0 5 4 1
0 10 1 2
0 18 0 1
0 33 1 0
1
end_operator
begin_operator
pop-unitarypipe s13 b12 a1 a3 b6 rat-a lco ta1-2-lco ta3-2-rat-a
0
5
0 1 10 4
0 5 4 1
0 10 1 2
0 18 0 1
0 36 1 0
1
end_operator
begin_operator
pop-unitarypipe s13 b12 a1 a3 b6 rat-a lco ta1-3-lco ta3-1-rat-a
0
5
0 1 10 4
0 5 4 1
0 10 1 2
0 21 0 1
0 33 1 0
1
end_operator
begin_operator
pop-unitarypipe s13 b12 a1 a3 b6 rat-a lco ta1-3-lco ta3-2-rat-a
0
5
0 1 10 4
0 5 4 1
0 10 1 2
0 21 0 1
0 36 1 0
1
end_operator
begin_operator
pop-unitarypipe s13 b12 a1 a3 b8 rat-a rat-a ta1-1-rat-a ta3-1-rat-a
0
5
0 1 12 4
0 5 4 1
0 12 1 2
0 17 0 1
0 33 1 0
1
end_operator
begin_operator
pop-unitarypipe s13 b12 a1 a3 b8 rat-a rat-a ta1-1-rat-a ta3-2-rat-a
0
5
0 1 12 4
0 5 4 1
0 12 1 2
0 17 0 1
0 36 1 0
1
end_operator
begin_operator
pop-unitarypipe s13 b12 a1 a3 b8 rat-a rat-a ta1-2-rat-a ta3-1-rat-a
0
5
0 1 12 4
0 5 4 1
0 12 1 2
0 20 0 1
0 33 1 0
1
end_operator
begin_operator
pop-unitarypipe s13 b12 a1 a3 b8 rat-a rat-a ta1-2-rat-a ta3-2-rat-a
0
5
0 1 12 4
0 5 4 1
0 12 1 2
0 20 0 1
0 36 1 0
1
end_operator
begin_operator
pop-unitarypipe s13 b12 a1 a3 b9 rat-a rat-a ta1-1-rat-a ta3-1-rat-a
0
5
0 1 13 4
0 5 4 1
0 13 1 2
0 17 0 1
0 33 1 0
1
end_operator
begin_operator
pop-unitarypipe s13 b12 a1 a3 b9 rat-a rat-a ta1-1-rat-a ta3-2-rat-a
0
5
0 1 13 4
0 5 4 1
0 13 1 2
0 17 0 1
0 36 1 0
1
end_operator
begin_operator
pop-unitarypipe s13 b12 a1 a3 b9 rat-a rat-a ta1-2-rat-a ta3-1-rat-a
0
5
0 1 13 4
0 5 4 1
0 13 1 2
0 20 0 1
0 33 1 0
1
end_operator
begin_operator
pop-unitarypipe s13 b12 a1 a3 b9 rat-a rat-a ta1-2-rat-a ta3-2-rat-a
0
5
0 1 13 4
0 5 4 1
0 13 1 2
0 20 0 1
0 36 1 0
1
end_operator
begin_operator
pop-unitarypipe s13 b13 a1 a3 b0 rat-a lco ta1-1-lco ta3-1-rat-a
0
5
0 1 0 5
0 2 1 2
0 6 4 1
0 15 0 1
0 33 1 0
1
end_operator
begin_operator
pop-unitarypipe s13 b13 a1 a3 b0 rat-a lco ta1-1-lco ta3-2-rat-a
0
5
0 1 0 5
0 2 1 2
0 6 4 1
0 15 0 1
0 36 1 0
1
end_operator
begin_operator
pop-unitarypipe s13 b13 a1 a3 b0 rat-a lco ta1-2-lco ta3-1-rat-a
0
5
0 1 0 5
0 2 1 2
0 6 4 1
0 18 0 1
0 33 1 0
1
end_operator
begin_operator
pop-unitarypipe s13 b13 a1 a3 b0 rat-a lco ta1-2-lco ta3-2-rat-a
0
5
0 1 0 5
0 2 1 2
0 6 4 1
0 18 0 1
0 36 1 0
1
end_operator
begin_operator
pop-unitarypipe s13 b13 a1 a3 b0 rat-a lco ta1-3-lco ta3-1-rat-a
0
5
0 1 0 5
0 2 1 2
0 6 4 1
0 21 0 1
0 33 1 0
1
end_operator
begin_operator
pop-unitarypipe s13 b13 a1 a3 b0 rat-a lco ta1-3-lco ta3-2-rat-a
0
5
0 1 0 5
0 2 1 2
0 6 4 1
0 21 0 1
0 36 1 0
1
end_operator
begin_operator
pop-unitarypipe s13 b13 a1 a3 b1 rat-a lco ta1-1-lco ta3-1-rat-a
0
5
0 1 1 5
0 3 1 2
0 6 4 1
0 15 0 1
0 33 1 0
1
end_operator
begin_operator
pop-unitarypipe s13 b13 a1 a3 b1 rat-a lco ta1-1-lco ta3-2-rat-a
0
5
0 1 1 5
0 3 1 2
0 6 4 1
0 15 0 1
0 36 1 0
1
end_operator
begin_operator
pop-unitarypipe s13 b13 a1 a3 b1 rat-a lco ta1-2-lco ta3-1-rat-a
0
5
0 1 1 5
0 3 1 2
0 6 4 1
0 18 0 1
0 33 1 0
1
end_operator
begin_operator
pop-unitarypipe s13 b13 a1 a3 b1 rat-a lco ta1-2-lco ta3-2-rat-a
0
5
0 1 1 5
0 3 1 2
0 6 4 1
0 18 0 1
0 36 1 0
1
end_operator
begin_operator
pop-unitarypipe s13 b13 a1 a3 b1 rat-a lco ta1-3-lco ta3-1-rat-a
0
5
0 1 1 5
0 3 1 2
0 6 4 1
0 21 0 1
0 33 1 0
1
end_operator
begin_operator
pop-unitarypipe s13 b13 a1 a3 b1 rat-a lco ta1-3-lco ta3-2-rat-a
0
5
0 1 1 5
0 3 1 2
0 6 4 1
0 21 0 1
0 36 1 0
1
end_operator
begin_operator
pop-unitarypipe s13 b13 a1 a3 b11 rat-a gasoleo ta1-1-gasoleo ta3-1-rat-a
0
5
0 1 3 5
0 6 4 1
0 14 0 1
0 33 1 0
0 38 1 2
1
end_operator
begin_operator
pop-unitarypipe s13 b13 a1 a3 b11 rat-a gasoleo ta1-1-gasoleo ta3-2-rat-a
0
5
0 1 3 5
0 6 4 1
0 14 0 1
0 36 1 0
0 38 1 2
1
end_operator
begin_operator
pop-unitarypipe s13 b13 a1 a3 b12 rat-a rat-a ta1-1-rat-a ta3-1-rat-a
0
5
0 1 4 5
0 5 1 2
0 6 4 1
0 17 0 1
0 33 1 0
1
end_operator
begin_operator
pop-unitarypipe s13 b13 a1 a3 b12 rat-a rat-a ta1-1-rat-a ta3-2-rat-a
0
5
0 1 4 5
0 5 1 2
0 6 4 1
0 17 0 1
0 36 1 0
1
end_operator
begin_operator
pop-unitarypipe s13 b13 a1 a3 b12 rat-a rat-a ta1-2-rat-a ta3-1-rat-a
0
5
0 1 4 5
0 5 1 2
0 6 4 1
0 20 0 1
0 33 1 0
1
end_operator
begin_operator
pop-unitarypipe s13 b13 a1 a3 b12 rat-a rat-a ta1-2-rat-a ta3-2-rat-a
0
5
0 1 4 5
0 5 1 2
0 6 4 1
0 20 0 1
0 36 1 0
1
end_operator
begin_operator
pop-unitarypipe s13 b13 a1 a3 b2 rat-a gasoleo ta1-1-gasoleo ta3-1-rat-a
0
5
0 1 6 5
0 6 4 1
0 14 0 1
0 33 1 0
0 39 1 2
1
end_operator
begin_operator
pop-unitarypipe s13 b13 a1 a3 b2 rat-a gasoleo ta1-1-gasoleo ta3-2-rat-a
0
5
0 1 6 5
0 6 4 1
0 14 0 1
0 36 1 0
0 39 1 2
1
end_operator
begin_operator
pop-unitarypipe s13 b13 a1 a3 b3 rat-a lco ta1-1-lco ta3-1-rat-a
0
5
0 1 7 5
0 6 4 1
0 7 1 2
0 15 0 1
0 33 1 0
1
end_operator
begin_operator
pop-unitarypipe s13 b13 a1 a3 b3 rat-a lco ta1-1-lco ta3-2-rat-a
0
5
0 1 7 5
0 6 4 1
0 7 1 2
0 15 0 1
0 36 1 0
1
end_operator
begin_operator
pop-unitarypipe s13 b13 a1 a3 b3 rat-a lco ta1-2-lco ta3-1-rat-a
0
5
0 1 7 5
0 6 4 1
0 7 1 2
0 18 0 1
0 33 1 0
1
end_operator
begin_operator
pop-unitarypipe s13 b13 a1 a3 b3 rat-a lco ta1-2-lco ta3-2-rat-a
0
5
0 1 7 5
0 6 4 1
0 7 1 2
0 18 0 1
0 36 1 0
1
end_operator
begin_operator
pop-unitarypipe s13 b13 a1 a3 b3 rat-a lco ta1-3-lco ta3-1-rat-a
0
5
0 1 7 5
0 6 4 1
0 7 1 2
0 21 0 1
0 33 1 0
1
end_operator
begin_operator
pop-unitarypipe s13 b13 a1 a3 b3 rat-a lco ta1-3-lco ta3-2-rat-a
0
5
0 1 7 5
0 6 4 1
0 7 1 2
0 21 0 1
0 36 1 0
1
end_operator
begin_operator
pop-unitarypipe s13 b13 a1 a3 b4 rat-a lco ta1-1-lco ta3-1-rat-a
0
5
0 1 8 5
0 6 4 1
0 8 1 2
0 15 0 1
0 33 1 0
1
end_operator
begin_operator
pop-unitarypipe s13 b13 a1 a3 b4 rat-a lco ta1-1-lco ta3-2-rat-a
0
5
0 1 8 5
0 6 4 1
0 8 1 2
0 15 0 1
0 36 1 0
1
end_operator
begin_operator
pop-unitarypipe s13 b13 a1 a3 b4 rat-a lco ta1-2-lco ta3-1-rat-a
0
5
0 1 8 5
0 6 4 1
0 8 1 2
0 18 0 1
0 33 1 0
1
end_operator
begin_operator
pop-unitarypipe s13 b13 a1 a3 b4 rat-a lco ta1-2-lco ta3-2-rat-a
0
5
0 1 8 5
0 6 4 1
0 8 1 2
0 18 0 1
0 36 1 0
1
end_operator
begin_operator
pop-unitarypipe s13 b13 a1 a3 b4 rat-a lco ta1-3-lco ta3-1-rat-a
0
5
0 1 8 5
0 6 4 1
0 8 1 2
0 21 0 1
0 33 1 0
1
end_operator
begin_operator
pop-unitarypipe s13 b13 a1 a3 b4 rat-a lco ta1-3-lco ta3-2-rat-a
0
5
0 1 8 5
0 6 4 1
0 8 1 2
0 21 0 1
0 36 1 0
1
end_operator
begin_operator
pop-unitarypipe s13 b13 a1 a3 b6 rat-a lco ta1-1-lco ta3-1-rat-a
0
5
0 1 10 5
0 6 4 1
0 10 1 2
0 15 0 1
0 33 1 0
1
end_operator
begin_operator
pop-unitarypipe s13 b13 a1 a3 b6 rat-a lco ta1-1-lco ta3-2-rat-a
0
5
0 1 10 5
0 6 4 1
0 10 1 2
0 15 0 1
0 36 1 0
1
end_operator
begin_operator
pop-unitarypipe s13 b13 a1 a3 b6 rat-a lco ta1-2-lco ta3-1-rat-a
0
5
0 1 10 5
0 6 4 1
0 10 1 2
0 18 0 1
0 33 1 0
1
end_operator
begin_operator
pop-unitarypipe s13 b13 a1 a3 b6 rat-a lco ta1-2-lco ta3-2-rat-a
0
5
0 1 10 5
0 6 4 1
0 10 1 2
0 18 0 1
0 36 1 0
1
end_operator
begin_operator
pop-unitarypipe s13 b13 a1 a3 b6 rat-a lco ta1-3-lco ta3-1-rat-a
0
5
0 1 10 5
0 6 4 1
0 10 1 2
0 21 0 1
0 33 1 0
1
end_operator
begin_operator
pop-unitarypipe s13 b13 a1 a3 b6 rat-a lco ta1-3-lco ta3-2-rat-a
0
5
0 1 10 5
0 6 4 1
0 10 1 2
0 21 0 1
0 36 1 0
1
end_operator
begin_operator
pop-unitarypipe s13 b13 a1 a3 b8 rat-a rat-a ta1-1-rat-a ta3-1-rat-a
0
5
0 1 12 5
0 6 4 1
0 12 1 2
0 17 0 1
0 33 1 0
1
end_operator
begin_operator
pop-unitarypipe s13 b13 a1 a3 b8 rat-a rat-a ta1-1-rat-a ta3-2-rat-a
0
5
0 1 12 5
0 6 4 1
0 12 1 2
0 17 0 1
0 36 1 0
1
end_operator
begin_operator
pop-unitarypipe s13 b13 a1 a3 b8 rat-a rat-a ta1-2-rat-a ta3-1-rat-a
0
5
0 1 12 5
0 6 4 1
0 12 1 2
0 20 0 1
0 33 1 0
1
end_operator
begin_operator
pop-unitarypipe s13 b13 a1 a3 b8 rat-a rat-a ta1-2-rat-a ta3-2-rat-a
0
5
0 1 12 5
0 6 4 1
0 12 1 2
0 20 0 1
0 36 1 0
1
end_operator
begin_operator
pop-unitarypipe s13 b13 a1 a3 b9 rat-a rat-a ta1-1-rat-a ta3-1-rat-a
0
5
0 1 13 5
0 6 4 1
0 13 1 2
0 17 0 1
0 33 1 0
1
end_operator
begin_operator
pop-unitarypipe s13 b13 a1 a3 b9 rat-a rat-a ta1-1-rat-a ta3-2-rat-a
0
5
0 1 13 5
0 6 4 1
0 13 1 2
0 17 0 1
0 36 1 0
1
end_operator
begin_operator
pop-unitarypipe s13 b13 a1 a3 b9 rat-a rat-a ta1-2-rat-a ta3-1-rat-a
0
5
0 1 13 5
0 6 4 1
0 13 1 2
0 20 0 1
0 33 1 0
1
end_operator
begin_operator
pop-unitarypipe s13 b13 a1 a3 b9 rat-a rat-a ta1-2-rat-a ta3-2-rat-a
0
5
0 1 13 5
0 6 4 1
0 13 1 2
0 20 0 1
0 36 1 0
1
end_operator
begin_operator
pop-unitarypipe s13 b2 a1 a3 b0 gasoleo lco ta1-1-lco ta3-1-gasoleo
0
5
0 1 0 6
0 2 1 2
0 15 0 1
0 30 1 0
0 39 3 1
1
end_operator
begin_operator
pop-unitarypipe s13 b2 a1 a3 b0 gasoleo lco ta1-2-lco ta3-1-gasoleo
0
5
0 1 0 6
0 2 1 2
0 18 0 1
0 30 1 0
0 39 3 1
1
end_operator
begin_operator
pop-unitarypipe s13 b2 a1 a3 b0 gasoleo lco ta1-3-lco ta3-1-gasoleo
0
5
0 1 0 6
0 2 1 2
0 21 0 1
0 30 1 0
0 39 3 1
1
end_operator
begin_operator
pop-unitarypipe s13 b2 a1 a3 b1 gasoleo lco ta1-1-lco ta3-1-gasoleo
0
5
0 1 1 6
0 3 1 2
0 15 0 1
0 30 1 0
0 39 3 1
1
end_operator
begin_operator
pop-unitarypipe s13 b2 a1 a3 b1 gasoleo lco ta1-2-lco ta3-1-gasoleo
0
5
0 1 1 6
0 3 1 2
0 18 0 1
0 30 1 0
0 39 3 1
1
end_operator
begin_operator
pop-unitarypipe s13 b2 a1 a3 b1 gasoleo lco ta1-3-lco ta3-1-gasoleo
0
5
0 1 1 6
0 3 1 2
0 21 0 1
0 30 1 0
0 39 3 1
1
end_operator
begin_operator
pop-unitarypipe s13 b2 a1 a3 b10 gasoleo oca1 ta1-1-oca1 ta3-1-gasoleo
0
5
0 1 2 6
0 4 1 2
0 16 0 1
0 30 1 0
0 39 3 1
1
end_operator
begin_operator
pop-unitarypipe s13 b2 a1 a3 b10 gasoleo oca1 ta1-2-oca1 ta3-1-gasoleo
0
5
0 1 2 6
0 4 1 2
0 19 0 1
0 30 1 0
0 39 3 1
1
end_operator
begin_operator
pop-unitarypipe s13 b2 a1 a3 b11 gasoleo gasoleo ta1-1-gasoleo ta3-1-gasoleo
0
5
0 1 3 6
0 14 0 1
0 30 1 0
0 38 1 2
0 39 3 1
1
end_operator
begin_operator
pop-unitarypipe s13 b2 a1 a3 b12 gasoleo rat-a ta1-1-rat-a ta3-1-gasoleo
0
5
0 1 4 6
0 5 1 2
0 17 0 1
0 30 1 0
0 39 3 1
1
end_operator
begin_operator
pop-unitarypipe s13 b2 a1 a3 b12 gasoleo rat-a ta1-2-rat-a ta3-1-gasoleo
0
5
0 1 4 6
0 5 1 2
0 20 0 1
0 30 1 0
0 39 3 1
1
end_operator
begin_operator
pop-unitarypipe s13 b2 a1 a3 b13 gasoleo rat-a ta1-1-rat-a ta3-1-gasoleo
0
5
0 1 5 6
0 6 1 2
0 17 0 1
0 30 1 0
0 39 3 1
1
end_operator
begin_operator
pop-unitarypipe s13 b2 a1 a3 b13 gasoleo rat-a ta1-2-rat-a ta3-1-gasoleo
0
5
0 1 5 6
0 6 1 2
0 20 0 1
0 30 1 0
0 39 3 1
1
end_operator
begin_operator
pop-unitarypipe s13 b2 a1 a3 b3 gasoleo lco ta1-1-lco ta3-1-gasoleo
0
5
0 1 7 6
0 7 1 2
0 15 0 1
0 30 1 0
0 39 3 1
1
end_operator
begin_operator
pop-unitarypipe s13 b2 a1 a3 b3 gasoleo lco ta1-2-lco ta3-1-gasoleo
0
5
0 1 7 6
0 7 1 2
0 18 0 1
0 30 1 0
0 39 3 1
1
end_operator
begin_operator
pop-unitarypipe s13 b2 a1 a3 b3 gasoleo lco ta1-3-lco ta3-1-gasoleo
0
5
0 1 7 6
0 7 1 2
0 21 0 1
0 30 1 0
0 39 3 1
1
end_operator
begin_operator
pop-unitarypipe s13 b2 a1 a3 b4 gasoleo lco ta1-1-lco ta3-1-gasoleo
0
5
0 1 8 6
0 8 1 2
0 15 0 1
0 30 1 0
0 39 3 1
1
end_operator
begin_operator
pop-unitarypipe s13 b2 a1 a3 b4 gasoleo lco ta1-2-lco ta3-1-gasoleo
0
5
0 1 8 6
0 8 1 2
0 18 0 1
0 30 1 0
0 39 3 1
1
end_operator
begin_operator
pop-unitarypipe s13 b2 a1 a3 b4 gasoleo lco ta1-3-lco ta3-1-gasoleo
0
5
0 1 8 6
0 8 1 2
0 21 0 1
0 30 1 0
0 39 3 1
1
end_operator
begin_operator
pop-unitarypipe s13 b2 a1 a3 b5 gasoleo oca1 ta1-1-oca1 ta3-1-gasoleo
0
5
0 1 9 6
0 9 1 2
0 16 0 1
0 30 1 0
0 39 3 1
1
end_operator
begin_operator
pop-unitarypipe s13 b2 a1 a3 b5 gasoleo oca1 ta1-2-oca1 ta3-1-gasoleo
0
5
0 1 9 6
0 9 1 2
0 19 0 1
0 30 1 0
0 39 3 1
1
end_operator
begin_operator
pop-unitarypipe s13 b2 a1 a3 b6 gasoleo lco ta1-1-lco ta3-1-gasoleo
0
5
0 1 10 6
0 10 1 2
0 15 0 1
0 30 1 0
0 39 3 1
1
end_operator
begin_operator
pop-unitarypipe s13 b2 a1 a3 b6 gasoleo lco ta1-2-lco ta3-1-gasoleo
0
5
0 1 10 6
0 10 1 2
0 18 0 1
0 30 1 0
0 39 3 1
1
end_operator
begin_operator
pop-unitarypipe s13 b2 a1 a3 b6 gasoleo lco ta1-3-lco ta3-1-gasoleo
0
5
0 1 10 6
0 10 1 2
0 21 0 1
0 30 1 0
0 39 3 1
1
end_operator
begin_operator
pop-unitarypipe s13 b2 a1 a3 b7 gasoleo oca1 ta1-1-oca1 ta3-1-gasoleo
0
5
0 1 11 6
0 11 1 2
0 16 0 1
0 30 1 0
0 39 3 1
1
end_operator
begin_operator
pop-unitarypipe s13 b2 a1 a3 b7 gasoleo oca1 ta1-2-oca1 ta3-1-gasoleo
0
5
0 1 11 6
0 11 1 2
0 19 0 1
0 30 1 0
0 39 3 1
1
end_operator
begin_operator
pop-unitarypipe s13 b2 a1 a3 b8 gasoleo rat-a ta1-1-rat-a ta3-1-gasoleo
0
5
0 1 12 6
0 12 1 2
0 17 0 1
0 30 1 0
0 39 3 1
1
end_operator
begin_operator
pop-unitarypipe s13 b2 a1 a3 b8 gasoleo rat-a ta1-2-rat-a ta3-1-gasoleo
0
5
0 1 12 6
0 12 1 2
0 20 0 1
0 30 1 0
0 39 3 1
1
end_operator
begin_operator
pop-unitarypipe s13 b2 a1 a3 b9 gasoleo rat-a ta1-1-rat-a ta3-1-gasoleo
0
5
0 1 13 6
0 13 1 2
0 17 0 1
0 30 1 0
0 39 3 1
1
end_operator
begin_operator
pop-unitarypipe s13 b2 a1 a3 b9 gasoleo rat-a ta1-2-rat-a ta3-1-gasoleo
0
5
0 1 13 6
0 13 1 2
0 20 0 1
0 30 1 0
0 39 3 1
1
end_operator
begin_operator
pop-unitarypipe s13 b3 a1 a3 b0 lco lco ta1-1-lco ta3-1-lco
0
5
0 1 0 7
0 2 1 2
0 7 4 1
0 15 0 1
0 31 1 0
1
end_operator
begin_operator
pop-unitarypipe s13 b3 a1 a3 b0 lco lco ta1-1-lco ta3-2-lco
0
5
0 1 0 7
0 2 1 2
0 7 4 1
0 15 0 1
0 34 1 0
1
end_operator
begin_operator
pop-unitarypipe s13 b3 a1 a3 b0 lco lco ta1-1-lco ta3-3-lco
0
5
0 1 0 7
0 2 1 2
0 7 4 1
0 15 0 1
0 37 1 0
1
end_operator
begin_operator
pop-unitarypipe s13 b3 a1 a3 b0 lco lco ta1-2-lco ta3-1-lco
0
5
0 1 0 7
0 2 1 2
0 7 4 1
0 18 0 1
0 31 1 0
1
end_operator
begin_operator
pop-unitarypipe s13 b3 a1 a3 b0 lco lco ta1-2-lco ta3-2-lco
0
5
0 1 0 7
0 2 1 2
0 7 4 1
0 18 0 1
0 34 1 0
1
end_operator
begin_operator
pop-unitarypipe s13 b3 a1 a3 b0 lco lco ta1-2-lco ta3-3-lco
0
5
0 1 0 7
0 2 1 2
0 7 4 1
0 18 0 1
0 37 1 0
1
end_operator
begin_operator
pop-unitarypipe s13 b3 a1 a3 b0 lco lco ta1-3-lco ta3-1-lco
0
5
0 1 0 7
0 2 1 2
0 7 4 1
0 21 0 1
0 31 1 0
1
end_operator
begin_operator
pop-unitarypipe s13 b3 a1 a3 b0 lco lco ta1-3-lco ta3-2-lco
0
5
0 1 0 7
0 2 1 2
0 7 4 1
0 21 0 1
0 34 1 0
1
end_operator
begin_operator
pop-unitarypipe s13 b3 a1 a3 b0 lco lco ta1-3-lco ta3-3-lco
0
5
0 1 0 7
0 2 1 2
0 7 4 1
0 21 0 1
0 37 1 0
1
end_operator
begin_operator
pop-unitarypipe s13 b3 a1 a3 b1 lco lco ta1-1-lco ta3-1-lco
0
5
0 1 1 7
0 3 1 2
0 7 4 1
0 15 0 1
0 31 1 0
1
end_operator
begin_operator
pop-unitarypipe s13 b3 a1 a3 b1 lco lco ta1-1-lco ta3-2-lco
0
5
0 1 1 7
0 3 1 2
0 7 4 1
0 15 0 1
0 34 1 0
1
end_operator
begin_operator
pop-unitarypipe s13 b3 a1 a3 b1 lco lco ta1-1-lco ta3-3-lco
0
5
0 1 1 7
0 3 1 2
0 7 4 1
0 15 0 1
0 37 1 0
1
end_operator
begin_operator
pop-unitarypipe s13 b3 a1 a3 b1 lco lco ta1-2-lco ta3-1-lco
0
5
0 1 1 7
0 3 1 2
0 7 4 1
0 18 0 1
0 31 1 0
1
end_operator
begin_operator
pop-unitarypipe s13 b3 a1 a3 b1 lco lco ta1-2-lco ta3-2-lco
0
5
0 1 1 7
0 3 1 2
0 7 4 1
0 18 0 1
0 34 1 0
1
end_operator
begin_operator
pop-unitarypipe s13 b3 a1 a3 b1 lco lco ta1-2-lco ta3-3-lco
0
5
0 1 1 7
0 3 1 2
0 7 4 1
0 18 0 1
0 37 1 0
1
end_operator
begin_operator
pop-unitarypipe s13 b3 a1 a3 b1 lco lco ta1-3-lco ta3-1-lco
0
5
0 1 1 7
0 3 1 2
0 7 4 1
0 21 0 1
0 31 1 0
1
end_operator
begin_operator
pop-unitarypipe s13 b3 a1 a3 b1 lco lco ta1-3-lco ta3-2-lco
0
5
0 1 1 7
0 3 1 2
0 7 4 1
0 21 0 1
0 34 1 0
1
end_operator
begin_operator
pop-unitarypipe s13 b3 a1 a3 b1 lco lco ta1-3-lco ta3-3-lco
0
5
0 1 1 7
0 3 1 2
0 7 4 1
0 21 0 1
0 37 1 0
1
end_operator
begin_operator
pop-unitarypipe s13 b3 a1 a3 b10 lco oca1 ta1-1-oca1 ta3-1-lco
0
5
0 1 2 7
0 4 1 2
0 7 4 1
0 16 0 1
0 31 1 0
1
end_operator
begin_operator
pop-unitarypipe s13 b3 a1 a3 b10 lco oca1 ta1-1-oca1 ta3-2-lco
0
5
0 1 2 7
0 4 1 2
0 7 4 1
0 16 0 1
0 34 1 0
1
end_operator
begin_operator
pop-unitarypipe s13 b3 a1 a3 b10 lco oca1 ta1-1-oca1 ta3-3-lco
0
5
0 1 2 7
0 4 1 2
0 7 4 1
0 16 0 1
0 37 1 0
1
end_operator
begin_operator
pop-unitarypipe s13 b3 a1 a3 b10 lco oca1 ta1-2-oca1 ta3-1-lco
0
5
0 1 2 7
0 4 1 2
0 7 4 1
0 19 0 1
0 31 1 0
1
end_operator
begin_operator
pop-unitarypipe s13 b3 a1 a3 b10 lco oca1 ta1-2-oca1 ta3-2-lco
0
5
0 1 2 7
0 4 1 2
0 7 4 1
0 19 0 1
0 34 1 0
1
end_operator
begin_operator
pop-unitarypipe s13 b3 a1 a3 b10 lco oca1 ta1-2-oca1 ta3-3-lco
0
5
0 1 2 7
0 4 1 2
0 7 4 1
0 19 0 1
0 37 1 0
1
end_operator
begin_operator
pop-unitarypipe s13 b3 a1 a3 b11 lco gasoleo ta1-1-gasoleo ta3-1-lco
0
5
0 1 3 7
0 7 4 1
0 14 0 1
0 31 1 0
0 38 1 2
1
end_operator
begin_operator
pop-unitarypipe s13 b3 a1 a3 b11 lco gasoleo ta1-1-gasoleo ta3-2-lco
0
5
0 1 3 7
0 7 4 1
0 14 0 1
0 34 1 0
0 38 1 2
1
end_operator
begin_operator
pop-unitarypipe s13 b3 a1 a3 b11 lco gasoleo ta1-1-gasoleo ta3-3-lco
0
5
0 1 3 7
0 7 4 1
0 14 0 1
0 37 1 0
0 38 1 2
1
end_operator
begin_operator
pop-unitarypipe s13 b3 a1 a3 b12 lco rat-a ta1-1-rat-a ta3-1-lco
0
5
0 1 4 7
0 5 1 2
0 7 4 1
0 17 0 1
0 31 1 0
1
end_operator
begin_operator
pop-unitarypipe s13 b3 a1 a3 b12 lco rat-a ta1-1-rat-a ta3-2-lco
0
5
0 1 4 7
0 5 1 2
0 7 4 1
0 17 0 1
0 34 1 0
1
end_operator
begin_operator
pop-unitarypipe s13 b3 a1 a3 b12 lco rat-a ta1-1-rat-a ta3-3-lco
0
5
0 1 4 7
0 5 1 2
0 7 4 1
0 17 0 1
0 37 1 0
1
end_operator
begin_operator
pop-unitarypipe s13 b3 a1 a3 b12 lco rat-a ta1-2-rat-a ta3-1-lco
0
5
0 1 4 7
0 5 1 2
0 7 4 1
0 20 0 1
0 31 1 0
1
end_operator
begin_operator
pop-unitarypipe s13 b3 a1 a3 b12 lco rat-a ta1-2-rat-a ta3-2-lco
0
5
0 1 4 7
0 5 1 2
0 7 4 1
0 20 0 1
0 34 1 0
1
end_operator
begin_operator
pop-unitarypipe s13 b3 a1 a3 b12 lco rat-a ta1-2-rat-a ta3-3-lco
0
5
0 1 4 7
0 5 1 2
0 7 4 1
0 20 0 1
0 37 1 0
1
end_operator
begin_operator
pop-unitarypipe s13 b3 a1 a3 b13 lco rat-a ta1-1-rat-a ta3-1-lco
0
5
0 1 5 7
0 6 1 2
0 7 4 1
0 17 0 1
0 31 1 0
1
end_operator
begin_operator
pop-unitarypipe s13 b3 a1 a3 b13 lco rat-a ta1-1-rat-a ta3-2-lco
0
5
0 1 5 7
0 6 1 2
0 7 4 1
0 17 0 1
0 34 1 0
1
end_operator
begin_operator
pop-unitarypipe s13 b3 a1 a3 b13 lco rat-a ta1-1-rat-a ta3-3-lco
0
5
0 1 5 7
0 6 1 2
0 7 4 1
0 17 0 1
0 37 1 0
1
end_operator
begin_operator
pop-unitarypipe s13 b3 a1 a3 b13 lco rat-a ta1-2-rat-a ta3-1-lco
0
5
0 1 5 7
0 6 1 2
0 7 4 1
0 20 0 1
0 31 1 0
1
end_operator
begin_operator
pop-unitarypipe s13 b3 a1 a3 b13 lco rat-a ta1-2-rat-a ta3-2-lco
0
5
0 1 5 7
0 6 1 2
0 7 4 1
0 20 0 1
0 34 1 0
1
end_operator
begin_operator
pop-unitarypipe s13 b3 a1 a3 b13 lco rat-a ta1-2-rat-a ta3-3-lco
0
5
0 1 5 7
0 6 1 2
0 7 4 1
0 20 0 1
0 37 1 0
1
end_operator
begin_operator
pop-unitarypipe s13 b3 a1 a3 b2 lco gasoleo ta1-1-gasoleo ta3-1-lco
0
5
0 1 6 7
0 7 4 1
0 14 0 1
0 31 1 0
0 39 1 2
1
end_operator
begin_operator
pop-unitarypipe s13 b3 a1 a3 b2 lco gasoleo ta1-1-gasoleo ta3-2-lco
0
5
0 1 6 7
0 7 4 1
0 14 0 1
0 34 1 0
0 39 1 2
1
end_operator
begin_operator
pop-unitarypipe s13 b3 a1 a3 b2 lco gasoleo ta1-1-gasoleo ta3-3-lco
0
5
0 1 6 7
0 7 4 1
0 14 0 1
0 37 1 0
0 39 1 2
1
end_operator
begin_operator
pop-unitarypipe s13 b3 a1 a3 b4 lco lco ta1-1-lco ta3-1-lco
0
5
0 1 8 7
0 7 4 1
0 8 1 2
0 15 0 1
0 31 1 0
1
end_operator
begin_operator
pop-unitarypipe s13 b3 a1 a3 b4 lco lco ta1-1-lco ta3-2-lco
0
5
0 1 8 7
0 7 4 1
0 8 1 2
0 15 0 1
0 34 1 0
1
end_operator
begin_operator
pop-unitarypipe s13 b3 a1 a3 b4 lco lco ta1-1-lco ta3-3-lco
0
5
0 1 8 7
0 7 4 1
0 8 1 2
0 15 0 1
0 37 1 0
1
end_operator
begin_operator
pop-unitarypipe s13 b3 a1 a3 b4 lco lco ta1-2-lco ta3-1-lco
0
5
0 1 8 7
0 7 4 1
0 8 1 2
0 18 0 1
0 31 1 0
1
end_operator
begin_operator
pop-unitarypipe s13 b3 a1 a3 b4 lco lco ta1-2-lco ta3-2-lco
0
5
0 1 8 7
0 7 4 1
0 8 1 2
0 18 0 1
0 34 1 0
1
end_operator
begin_operator
pop-unitarypipe s13 b3 a1 a3 b4 lco lco ta1-2-lco ta3-3-lco
0
5
0 1 8 7
0 7 4 1
0 8 1 2
0 18 0 1
0 37 1 0
1
end_operator
begin_operator
pop-unitarypipe s13 b3 a1 a3 b4 lco lco ta1-3-lco ta3-1-lco
0
5
0 1 8 7
0 7 4 1
0 8 1 2
0 21 0 1
0 31 1 0
1
end_operator
begin_operator
pop-unitarypipe s13 b3 a1 a3 b4 lco lco ta1-3-lco ta3-2-lco
0
5
0 1 8 7
0 7 4 1
0 8 1 2
0 21 0 1
0 34 1 0
1
end_operator
begin_operator
pop-unitarypipe s13 b3 a1 a3 b4 lco lco ta1-3-lco ta3-3-lco
0
5
0 1 8 7
0 7 4 1
0 8 1 2
0 21 0 1
0 37 1 0
1
end_operator
begin_operator
pop-unitarypipe s13 b3 a1 a3 b5 lco oca1 ta1-1-oca1 ta3-1-lco
0
5
0 1 9 7
0 7 4 1
0 9 1 2
0 16 0 1
0 31 1 0
1
end_operator
begin_operator
pop-unitarypipe s13 b3 a1 a3 b5 lco oca1 ta1-1-oca1 ta3-2-lco
0
5
0 1 9 7
0 7 4 1
0 9 1 2
0 16 0 1
0 34 1 0
1
end_operator
begin_operator
pop-unitarypipe s13 b3 a1 a3 b5 lco oca1 ta1-1-oca1 ta3-3-lco
0
5
0 1 9 7
0 7 4 1
0 9 1 2
0 16 0 1
0 37 1 0
1
end_operator
begin_operator
pop-unitarypipe s13 b3 a1 a3 b5 lco oca1 ta1-2-oca1 ta3-1-lco
0
5
0 1 9 7
0 7 4 1
0 9 1 2
0 19 0 1
0 31 1 0
1
end_operator
begin_operator
pop-unitarypipe s13 b3 a1 a3 b5 lco oca1 ta1-2-oca1 ta3-2-lco
0
5
0 1 9 7
0 7 4 1
0 9 1 2
0 19 0 1
0 34 1 0
1
end_operator
begin_operator
pop-unitarypipe s13 b3 a1 a3 b5 lco oca1 ta1-2-oca1 ta3-3-lco
0
5
0 1 9 7
0 7 4 1
0 9 1 2
0 19 0 1
0 37 1 0
1
end_operator
begin_operator
pop-unitarypipe s13 b3 a1 a3 b6 lco lco ta1-1-lco ta3-1-lco
0
5
0 1 10 7
0 7 4 1
0 10 1 2
0 15 0 1
0 31 1 0
1
end_operator
begin_operator
pop-unitarypipe s13 b3 a1 a3 b6 lco lco ta1-1-lco ta3-2-lco
0
5
0 1 10 7
0 7 4 1
0 10 1 2
0 15 0 1
0 34 1 0
1
end_operator
begin_operator
pop-unitarypipe s13 b3 a1 a3 b6 lco lco ta1-1-lco ta3-3-lco
0
5
0 1 10 7
0 7 4 1
0 10 1 2
0 15 0 1
0 37 1 0
1
end_operator
begin_operator
pop-unitarypipe s13 b3 a1 a3 b6 lco lco ta1-2-lco ta3-1-lco
0
5
0 1 10 7
0 7 4 1
0 10 1 2
0 18 0 1
0 31 1 0
1
end_operator
begin_operator
pop-unitarypipe s13 b3 a1 a3 b6 lco lco ta1-2-lco ta3-2-lco
0
5
0 1 10 7
0 7 4 1
0 10 1 2
0 18 0 1
0 34 1 0
1
end_operator
begin_operator
pop-unitarypipe s13 b3 a1 a3 b6 lco lco ta1-2-lco ta3-3-lco
0
5
0 1 10 7
0 7 4 1
0 10 1 2
0 18 0 1
0 37 1 0
1
end_operator
begin_operator
pop-unitarypipe s13 b3 a1 a3 b6 lco lco ta1-3-lco ta3-1-lco
0
5
0 1 10 7
0 7 4 1
0 10 1 2
0 21 0 1
0 31 1 0
1
end_operator
begin_operator
pop-unitarypipe s13 b3 a1 a3 b6 lco lco ta1-3-lco ta3-2-lco
0
5
0 1 10 7
0 7 4 1
0 10 1 2
0 21 0 1
0 34 1 0
1
end_operator
begin_operator
pop-unitarypipe s13 b3 a1 a3 b6 lco lco ta1-3-lco ta3-3-lco
0
5
0 1 10 7
0 7 4 1
0 10 1 2
0 21 0 1
0 37 1 0
1
end_operator
begin_operator
pop-unitarypipe s13 b3 a1 a3 b7 lco oca1 ta1-1-oca1 ta3-1-lco
0
5
0 1 11 7
0 7 4 1
0 11 1 2
0 16 0 1
0 31 1 0
1
end_operator
begin_operator
pop-unitarypipe s13 b3 a1 a3 b7 lco oca1 ta1-1-oca1 ta3-2-lco
0
5
0 1 11 7
0 7 4 1
0 11 1 2
0 16 0 1
0 34 1 0
1
end_operator
begin_operator
pop-unitarypipe s13 b3 a1 a3 b7 lco oca1 ta1-1-oca1 ta3-3-lco
0
5
0 1 11 7
0 7 4 1
0 11 1 2
0 16 0 1
0 37 1 0
1
end_operator
begin_operator
pop-unitarypipe s13 b3 a1 a3 b7 lco oca1 ta1-2-oca1 ta3-1-lco
0
5
0 1 11 7
0 7 4 1
0 11 1 2
0 19 0 1
0 31 1 0
1
end_operator
begin_operator
pop-unitarypipe s13 b3 a1 a3 b7 lco oca1 ta1-2-oca1 ta3-2-lco
0
5
0 1 11 7
0 7 4 1
0 11 1 2
0 19 0 1
0 34 1 0
1
end_operator
begin_operator
pop-unitarypipe s13 b3 a1 a3 b7 lco oca1 ta1-2-oca1 ta3-3-lco
0
5
0 1 11 7
0 7 4 1
0 11 1 2
0 19 0 1
0 37 1 0
1
end_operator
begin_operator
pop-unitarypipe s13 b3 a1 a3 b8 lco rat-a ta1-1-rat-a ta3-1-lco
0
5
0 1 12 7
0 7 4 1
0 12 1 2
0 17 0 1
0 31 1 0
1
end_operator
begin_operator
pop-unitarypipe s13 b3 a1 a3 b8 lco rat-a ta1-1-rat-a ta3-2-lco
0
5
0 1 12 7
0 7 4 1
0 12 1 2
0 17 0 1
0 34 1 0
1
end_operator
begin_operator
pop-unitarypipe s13 b3 a1 a3 b8 lco rat-a ta1-1-rat-a ta3-3-lco
0
5
0 1 12 7
0 7 4 1
0 12 1 2
0 17 0 1
0 37 1 0
1
end_operator
begin_operator
pop-unitarypipe s13 b3 a1 a3 b8 lco rat-a ta1-2-rat-a ta3-1-lco
0
5
0 1 12 7
0 7 4 1
0 12 1 2
0 20 0 1
0 31 1 0
1
end_operator
begin_operator
pop-unitarypipe s13 b3 a1 a3 b8 lco rat-a ta1-2-rat-a ta3-2-lco
0
5
0 1 12 7
0 7 4 1
0 12 1 2
0 20 0 1
0 34 1 0
1
end_operator
begin_operator
pop-unitarypipe s13 b3 a1 a3 b8 lco rat-a ta1-2-rat-a ta3-3-lco
0
5
0 1 12 7
0 7 4 1
0 12 1 2
0 20 0 1
0 37 1 0
1
end_operator
begin_operator
pop-unitarypipe s13 b3 a1 a3 b9 lco rat-a ta1-1-rat-a ta3-1-lco
0
5
0 1 13 7
0 7 4 1
0 13 1 2
0 17 0 1
0 31 1 0
1
end_operator
begin_operator
pop-unitarypipe s13 b3 a1 a3 b9 lco rat-a ta1-1-rat-a ta3-2-lco
0
5
0 1 13 7
0 7 4 1
0 13 1 2
0 17 0 1
0 34 1 0
1
end_operator
begin_operator
pop-unitarypipe s13 b3 a1 a3 b9 lco rat-a ta1-1-rat-a ta3-3-lco
0
5
0 1 13 7
0 7 4 1
0 13 1 2
0 17 0 1
0 37 1 0
1
end_operator
begin_operator
pop-unitarypipe s13 b3 a1 a3 b9 lco rat-a ta1-2-rat-a ta3-1-lco
0
5
0 1 13 7
0 7 4 1
0 13 1 2
0 20 0 1
0 31 1 0
1
end_operator
begin_operator
pop-unitarypipe s13 b3 a1 a3 b9 lco rat-a ta1-2-rat-a ta3-2-lco
0
5
0 1 13 7
0 7 4 1
0 13 1 2
0 20 0 1
0 34 1 0
1
end_operator
begin_operator
pop-unitarypipe s13 b3 a1 a3 b9 lco rat-a ta1-2-rat-a ta3-3-lco
0
5
0 1 13 7
0 7 4 1
0 13 1 2
0 20 0 1
0 37 1 0
1
end_operator
begin_operator
pop-unitarypipe s13 b4 a1 a3 b0 lco lco ta1-1-lco ta3-1-lco
0
5
0 1 0 8
0 2 1 2
0 8 4 1
0 15 0 1
0 31 1 0
1
end_operator
begin_operator
pop-unitarypipe s13 b4 a1 a3 b0 lco lco ta1-1-lco ta3-2-lco
0
5
0 1 0 8
0 2 1 2
0 8 4 1
0 15 0 1
0 34 1 0
1
end_operator
begin_operator
pop-unitarypipe s13 b4 a1 a3 b0 lco lco ta1-1-lco ta3-3-lco
0
5
0 1 0 8
0 2 1 2
0 8 4 1
0 15 0 1
0 37 1 0
1
end_operator
begin_operator
pop-unitarypipe s13 b4 a1 a3 b0 lco lco ta1-2-lco ta3-1-lco
0
5
0 1 0 8
0 2 1 2
0 8 4 1
0 18 0 1
0 31 1 0
1
end_operator
begin_operator
pop-unitarypipe s13 b4 a1 a3 b0 lco lco ta1-2-lco ta3-2-lco
0
5
0 1 0 8
0 2 1 2
0 8 4 1
0 18 0 1
0 34 1 0
1
end_operator
begin_operator
pop-unitarypipe s13 b4 a1 a3 b0 lco lco ta1-2-lco ta3-3-lco
0
5
0 1 0 8
0 2 1 2
0 8 4 1
0 18 0 1
0 37 1 0
1
end_operator
begin_operator
pop-unitarypipe s13 b4 a1 a3 b0 lco lco ta1-3-lco ta3-1-lco
0
5
0 1 0 8
0 2 1 2
0 8 4 1
0 21 0 1
0 31 1 0
1
end_operator
begin_operator
pop-unitarypipe s13 b4 a1 a3 b0 lco lco ta1-3-lco ta3-2-lco
0
5
0 1 0 8
0 2 1 2
0 8 4 1
0 21 0 1
0 34 1 0
1
end_operator
begin_operator
pop-unitarypipe s13 b4 a1 a3 b0 lco lco ta1-3-lco ta3-3-lco
0
5
0 1 0 8
0 2 1 2
0 8 4 1
0 21 0 1
0 37 1 0
1
end_operator
begin_operator
pop-unitarypipe s13 b4 a1 a3 b1 lco lco ta1-1-lco ta3-1-lco
0
5
0 1 1 8
0 3 1 2
0 8 4 1
0 15 0 1
0 31 1 0
1
end_operator
begin_operator
pop-unitarypipe s13 b4 a1 a3 b1 lco lco ta1-1-lco ta3-2-lco
0
5
0 1 1 8
0 3 1 2
0 8 4 1
0 15 0 1
0 34 1 0
1
end_operator
begin_operator
pop-unitarypipe s13 b4 a1 a3 b1 lco lco ta1-1-lco ta3-3-lco
0
5
0 1 1 8
0 3 1 2
0 8 4 1
0 15 0 1
0 37 1 0
1
end_operator
begin_operator
pop-unitarypipe s13 b4 a1 a3 b1 lco lco ta1-2-lco ta3-1-lco
0
5
0 1 1 8
0 3 1 2
0 8 4 1
0 18 0 1
0 31 1 0
1
end_operator
begin_operator
pop-unitarypipe s13 b4 a1 a3 b1 lco lco ta1-2-lco ta3-2-lco
0
5
0 1 1 8
0 3 1 2
0 8 4 1
0 18 0 1
0 34 1 0
1
end_operator
begin_operator
pop-unitarypipe s13 b4 a1 a3 b1 lco lco ta1-2-lco ta3-3-lco
0
5
0 1 1 8
0 3 1 2
0 8 4 1
0 18 0 1
0 37 1 0
1
end_operator
begin_operator
pop-unitarypipe s13 b4 a1 a3 b1 lco lco ta1-3-lco ta3-1-lco
0
5
0 1 1 8
0 3 1 2
0 8 4 1
0 21 0 1
0 31 1 0
1
end_operator
begin_operator
pop-unitarypipe s13 b4 a1 a3 b1 lco lco ta1-3-lco ta3-2-lco
0
5
0 1 1 8
0 3 1 2
0 8 4 1
0 21 0 1
0 34 1 0
1
end_operator
begin_operator
pop-unitarypipe s13 b4 a1 a3 b1 lco lco ta1-3-lco ta3-3-lco
0
5
0 1 1 8
0 3 1 2
0 8 4 1
0 21 0 1
0 37 1 0
1
end_operator
begin_operator
pop-unitarypipe s13 b4 a1 a3 b10 lco oca1 ta1-1-oca1 ta3-1-lco
0
5
0 1 2 8
0 4 1 2
0 8 4 1
0 16 0 1
0 31 1 0
1
end_operator
begin_operator
pop-unitarypipe s13 b4 a1 a3 b10 lco oca1 ta1-1-oca1 ta3-2-lco
0
5
0 1 2 8
0 4 1 2
0 8 4 1
0 16 0 1
0 34 1 0
1
end_operator
begin_operator
pop-unitarypipe s13 b4 a1 a3 b10 lco oca1 ta1-1-oca1 ta3-3-lco
0
5
0 1 2 8
0 4 1 2
0 8 4 1
0 16 0 1
0 37 1 0
1
end_operator
begin_operator
pop-unitarypipe s13 b4 a1 a3 b10 lco oca1 ta1-2-oca1 ta3-1-lco
0
5
0 1 2 8
0 4 1 2
0 8 4 1
0 19 0 1
0 31 1 0
1
end_operator
begin_operator
pop-unitarypipe s13 b4 a1 a3 b10 lco oca1 ta1-2-oca1 ta3-2-lco
0
5
0 1 2 8
0 4 1 2
0 8 4 1
0 19 0 1
0 34 1 0
1
end_operator
begin_operator
pop-unitarypipe s13 b4 a1 a3 b10 lco oca1 ta1-2-oca1 ta3-3-lco
0
5
0 1 2 8
0 4 1 2
0 8 4 1
0 19 0 1
0 37 1 0
1
end_operator
begin_operator
pop-unitarypipe s13 b4 a1 a3 b11 lco gasoleo ta1-1-gasoleo ta3-1-lco
0
5
0 1 3 8
0 8 4 1
0 14 0 1
0 31 1 0
0 38 1 2
1
end_operator
begin_operator
pop-unitarypipe s13 b4 a1 a3 b11 lco gasoleo ta1-1-gasoleo ta3-2-lco
0
5
0 1 3 8
0 8 4 1
0 14 0 1
0 34 1 0
0 38 1 2
1
end_operator
begin_operator
pop-unitarypipe s13 b4 a1 a3 b11 lco gasoleo ta1-1-gasoleo ta3-3-lco
0
5
0 1 3 8
0 8 4 1
0 14 0 1
0 37 1 0
0 38 1 2
1
end_operator
begin_operator
pop-unitarypipe s13 b4 a1 a3 b12 lco rat-a ta1-1-rat-a ta3-1-lco
0
5
0 1 4 8
0 5 1 2
0 8 4 1
0 17 0 1
0 31 1 0
1
end_operator
begin_operator
pop-unitarypipe s13 b4 a1 a3 b12 lco rat-a ta1-1-rat-a ta3-2-lco
0
5
0 1 4 8
0 5 1 2
0 8 4 1
0 17 0 1
0 34 1 0
1
end_operator
begin_operator
pop-unitarypipe s13 b4 a1 a3 b12 lco rat-a ta1-1-rat-a ta3-3-lco
0
5
0 1 4 8
0 5 1 2
0 8 4 1
0 17 0 1
0 37 1 0
1
end_operator
begin_operator
pop-unitarypipe s13 b4 a1 a3 b12 lco rat-a ta1-2-rat-a ta3-1-lco
0
5
0 1 4 8
0 5 1 2
0 8 4 1
0 20 0 1
0 31 1 0
1
end_operator
begin_operator
pop-unitarypipe s13 b4 a1 a3 b12 lco rat-a ta1-2-rat-a ta3-2-lco
0
5
0 1 4 8
0 5 1 2
0 8 4 1
0 20 0 1
0 34 1 0
1
end_operator
begin_operator
pop-unitarypipe s13 b4 a1 a3 b12 lco rat-a ta1-2-rat-a ta3-3-lco
0
5
0 1 4 8
0 5 1 2
0 8 4 1
0 20 0 1
0 37 1 0
1
end_operator
begin_operator
pop-unitarypipe s13 b4 a1 a3 b13 lco rat-a ta1-1-rat-a ta3-1-lco
0
5
0 1 5 8
0 6 1 2
0 8 4 1
0 17 0 1
0 31 1 0
1
end_operator
begin_operator
pop-unitarypipe s13 b4 a1 a3 b13 lco rat-a ta1-1-rat-a ta3-2-lco
0
5
0 1 5 8
0 6 1 2
0 8 4 1
0 17 0 1
0 34 1 0
1
end_operator
begin_operator
pop-unitarypipe s13 b4 a1 a3 b13 lco rat-a ta1-1-rat-a ta3-3-lco
0
5
0 1 5 8
0 6 1 2
0 8 4 1
0 17 0 1
0 37 1 0
1
end_operator
begin_operator
pop-unitarypipe s13 b4 a1 a3 b13 lco rat-a ta1-2-rat-a ta3-1-lco
0
5
0 1 5 8
0 6 1 2
0 8 4 1
0 20 0 1
0 31 1 0
1
end_operator
begin_operator
pop-unitarypipe s13 b4 a1 a3 b13 lco rat-a ta1-2-rat-a ta3-2-lco
0
5
0 1 5 8
0 6 1 2
0 8 4 1
0 20 0 1
0 34 1 0
1
end_operator
begin_operator
pop-unitarypipe s13 b4 a1 a3 b13 lco rat-a ta1-2-rat-a ta3-3-lco
0
5
0 1 5 8
0 6 1 2
0 8 4 1
0 20 0 1
0 37 1 0
1
end_operator
begin_operator
pop-unitarypipe s13 b4 a1 a3 b2 lco gasoleo ta1-1-gasoleo ta3-1-lco
0
5
0 1 6 8
0 8 4 1
0 14 0 1
0 31 1 0
0 39 1 2
1
end_operator
begin_operator
pop-unitarypipe s13 b4 a1 a3 b2 lco gasoleo ta1-1-gasoleo ta3-2-lco
0
5
0 1 6 8
0 8 4 1
0 14 0 1
0 34 1 0
0 39 1 2
1
end_operator
begin_operator
pop-unitarypipe s13 b4 a1 a3 b2 lco gasoleo ta1-1-gasoleo ta3-3-lco
0
5
0 1 6 8
0 8 4 1
0 14 0 1
0 37 1 0
0 39 1 2
1
end_operator
begin_operator
pop-unitarypipe s13 b4 a1 a3 b3 lco lco ta1-1-lco ta3-1-lco
0
5
0 1 7 8
0 7 1 2
0 8 4 1
0 15 0 1
0 31 1 0
1
end_operator
begin_operator
pop-unitarypipe s13 b4 a1 a3 b3 lco lco ta1-1-lco ta3-2-lco
0
5
0 1 7 8
0 7 1 2
0 8 4 1
0 15 0 1
0 34 1 0
1
end_operator
begin_operator
pop-unitarypipe s13 b4 a1 a3 b3 lco lco ta1-1-lco ta3-3-lco
0
5
0 1 7 8
0 7 1 2
0 8 4 1
0 15 0 1
0 37 1 0
1
end_operator
begin_operator
pop-unitarypipe s13 b4 a1 a3 b3 lco lco ta1-2-lco ta3-1-lco
0
5
0 1 7 8
0 7 1 2
0 8 4 1
0 18 0 1
0 31 1 0
1
end_operator
begin_operator
pop-unitarypipe s13 b4 a1 a3 b3 lco lco ta1-2-lco ta3-2-lco
0
5
0 1 7 8
0 7 1 2
0 8 4 1
0 18 0 1
0 34 1 0
1
end_operator
begin_operator
pop-unitarypipe s13 b4 a1 a3 b3 lco lco ta1-2-lco ta3-3-lco
0
5
0 1 7 8
0 7 1 2
0 8 4 1
0 18 0 1
0 37 1 0
1
end_operator
begin_operator
pop-unitarypipe s13 b4 a1 a3 b3 lco lco ta1-3-lco ta3-1-lco
0
5
0 1 7 8
0 7 1 2
0 8 4 1
0 21 0 1
0 31 1 0
1
end_operator
begin_operator
pop-unitarypipe s13 b4 a1 a3 b3 lco lco ta1-3-lco ta3-2-lco
0
5
0 1 7 8
0 7 1 2
0 8 4 1
0 21 0 1
0 34 1 0
1
end_operator
begin_operator
pop-unitarypipe s13 b4 a1 a3 b3 lco lco ta1-3-lco ta3-3-lco
0
5
0 1 7 8
0 7 1 2
0 8 4 1
0 21 0 1
0 37 1 0
1
end_operator
begin_operator
pop-unitarypipe s13 b4 a1 a3 b5 lco oca1 ta1-1-oca1 ta3-1-lco
0
5
0 1 9 8
0 8 4 1
0 9 1 2
0 16 0 1
0 31 1 0
1
end_operator
begin_operator
pop-unitarypipe s13 b4 a1 a3 b5 lco oca1 ta1-1-oca1 ta3-2-lco
0
5
0 1 9 8
0 8 4 1
0 9 1 2
0 16 0 1
0 34 1 0
1
end_operator
begin_operator
pop-unitarypipe s13 b4 a1 a3 b5 lco oca1 ta1-1-oca1 ta3-3-lco
0
5
0 1 9 8
0 8 4 1
0 9 1 2
0 16 0 1
0 37 1 0
1
end_operator
begin_operator
pop-unitarypipe s13 b4 a1 a3 b5 lco oca1 ta1-2-oca1 ta3-1-lco
0
5
0 1 9 8
0 8 4 1
0 9 1 2
0 19 0 1
0 31 1 0
1
end_operator
begin_operator
pop-unitarypipe s13 b4 a1 a3 b5 lco oca1 ta1-2-oca1 ta3-2-lco
0
5
0 1 9 8
0 8 4 1
0 9 1 2
0 19 0 1
0 34 1 0
1
end_operator
begin_operator
pop-unitarypipe s13 b4 a1 a3 b5 lco oca1 ta1-2-oca1 ta3-3-lco
0
5
0 1 9 8
0 8 4 1
0 9 1 2
0 19 0 1
0 37 1 0
1
end_operator
begin_operator
pop-unitarypipe s13 b4 a1 a3 b6 lco lco ta1-1-lco ta3-1-lco
0
5
0 1 10 8
0 8 4 1
0 10 1 2
0 15 0 1
0 31 1 0
1
end_operator
begin_operator
pop-unitarypipe s13 b4 a1 a3 b6 lco lco ta1-1-lco ta3-2-lco
0
5
0 1 10 8
0 8 4 1
0 10 1 2
0 15 0 1
0 34 1 0
1
end_operator
begin_operator
pop-unitarypipe s13 b4 a1 a3 b6 lco lco ta1-1-lco ta3-3-lco
0
5
0 1 10 8
0 8 4 1
0 10 1 2
0 15 0 1
0 37 1 0
1
end_operator
begin_operator
pop-unitarypipe s13 b4 a1 a3 b6 lco lco ta1-2-lco ta3-1-lco
0
5
0 1 10 8
0 8 4 1
0 10 1 2
0 18 0 1
0 31 1 0
1
end_operator
begin_operator
pop-unitarypipe s13 b4 a1 a3 b6 lco lco ta1-2-lco ta3-2-lco
0
5
0 1 10 8
0 8 4 1
0 10 1 2
0 18 0 1
0 34 1 0
1
end_operator
begin_operator
pop-unitarypipe s13 b4 a1 a3 b6 lco lco ta1-2-lco ta3-3-lco
0
5
0 1 10 8
0 8 4 1
0 10 1 2
0 18 0 1
0 37 1 0
1
end_operator
begin_operator
pop-unitarypipe s13 b4 a1 a3 b6 lco lco ta1-3-lco ta3-1-lco
0
5
0 1 10 8
0 8 4 1
0 10 1 2
0 21 0 1
0 31 1 0
1
end_operator
begin_operator
pop-unitarypipe s13 b4 a1 a3 b6 lco lco ta1-3-lco ta3-2-lco
0
5
0 1 10 8
0 8 4 1
0 10 1 2
0 21 0 1
0 34 1 0
1
end_operator
begin_operator
pop-unitarypipe s13 b4 a1 a3 b6 lco lco ta1-3-lco ta3-3-lco
0
5
0 1 10 8
0 8 4 1
0 10 1 2
0 21 0 1
0 37 1 0
1
end_operator
begin_operator
pop-unitarypipe s13 b4 a1 a3 b7 lco oca1 ta1-1-oca1 ta3-1-lco
0
5
0 1 11 8
0 8 4 1
0 11 1 2
0 16 0 1
0 31 1 0
1
end_operator
begin_operator
pop-unitarypipe s13 b4 a1 a3 b7 lco oca1 ta1-1-oca1 ta3-2-lco
0
5
0 1 11 8
0 8 4 1
0 11 1 2
0 16 0 1
0 34 1 0
1
end_operator
begin_operator
pop-unitarypipe s13 b4 a1 a3 b7 lco oca1 ta1-1-oca1 ta3-3-lco
0
5
0 1 11 8
0 8 4 1
0 11 1 2
0 16 0 1
0 37 1 0
1
end_operator
begin_operator
pop-unitarypipe s13 b4 a1 a3 b7 lco oca1 ta1-2-oca1 ta3-1-lco
0
5
0 1 11 8
0 8 4 1
0 11 1 2
0 19 0 1
0 31 1 0
1
end_operator
begin_operator
pop-unitarypipe s13 b4 a1 a3 b7 lco oca1 ta1-2-oca1 ta3-2-lco
0
5
0 1 11 8
0 8 4 1
0 11 1 2
0 19 0 1
0 34 1 0
1
end_operator
begin_operator
pop-unitarypipe s13 b4 a1 a3 b7 lco oca1 ta1-2-oca1 ta3-3-lco
0
5
0 1 11 8
0 8 4 1
0 11 1 2
0 19 0 1
0 37 1 0
1
end_operator
begin_operator
pop-unitarypipe s13 b4 a1 a3 b8 lco rat-a ta1-1-rat-a ta3-1-lco
0
5
0 1 12 8
0 8 4 1
0 12 1 2
0 17 0 1
0 31 1 0
1
end_operator
begin_operator
pop-unitarypipe s13 b4 a1 a3 b8 lco rat-a ta1-1-rat-a ta3-2-lco
0
5
0 1 12 8
0 8 4 1
0 12 1 2
0 17 0 1
0 34 1 0
1
end_operator
begin_operator
pop-unitarypipe s13 b4 a1 a3 b8 lco rat-a ta1-1-rat-a ta3-3-lco
0
5
0 1 12 8
0 8 4 1
0 12 1 2
0 17 0 1
0 37 1 0
1
end_operator
begin_operator
pop-unitarypipe s13 b4 a1 a3 b8 lco rat-a ta1-2-rat-a ta3-1-lco
0
5
0 1 12 8
0 8 4 1
0 12 1 2
0 20 0 1
0 31 1 0
1
end_operator
begin_operator
pop-unitarypipe s13 b4 a1 a3 b8 lco rat-a ta1-2-rat-a ta3-2-lco
0
5
0 1 12 8
0 8 4 1
0 12 1 2
0 20 0 1
0 34 1 0
1
end_operator
begin_operator
pop-unitarypipe s13 b4 a1 a3 b8 lco rat-a ta1-2-rat-a ta3-3-lco
0
5
0 1 12 8
0 8 4 1
0 12 1 2
0 20 0 1
0 37 1 0
1
end_operator
begin_operator
pop-unitarypipe s13 b4 a1 a3 b9 lco rat-a ta1-1-rat-a ta3-1-lco
0
5
0 1 13 8
0 8 4 1
0 13 1 2
0 17 0 1
0 31 1 0
1
end_operator
begin_operator
pop-unitarypipe s13 b4 a1 a3 b9 lco rat-a ta1-1-rat-a ta3-2-lco
0
5
0 1 13 8
0 8 4 1
0 13 1 2
0 17 0 1
0 34 1 0
1
end_operator
begin_operator
pop-unitarypipe s13 b4 a1 a3 b9 lco rat-a ta1-1-rat-a ta3-3-lco
0
5
0 1 13 8
0 8 4 1
0 13 1 2
0 17 0 1
0 37 1 0
1
end_operator
begin_operator
pop-unitarypipe s13 b4 a1 a3 b9 lco rat-a ta1-2-rat-a ta3-1-lco
0
5
0 1 13 8
0 8 4 1
0 13 1 2
0 20 0 1
0 31 1 0
1
end_operator
begin_operator
pop-unitarypipe s13 b4 a1 a3 b9 lco rat-a ta1-2-rat-a ta3-2-lco
0
5
0 1 13 8
0 8 4 1
0 13 1 2
0 20 0 1
0 34 1 0
1
end_operator
begin_operator
pop-unitarypipe s13 b4 a1 a3 b9 lco rat-a ta1-2-rat-a ta3-3-lco
0
5
0 1 13 8
0 8 4 1
0 13 1 2
0 20 0 1
0 37 1 0
1
end_operator
begin_operator
pop-unitarypipe s13 b5 a1 a3 b0 oca1 lco ta1-1-lco ta3-1-oca1
0
5
0 1 0 9
0 2 1 2
0 9 4 1
0 15 0 1
0 32 1 0
1
end_operator
begin_operator
pop-unitarypipe s13 b5 a1 a3 b0 oca1 lco ta1-1-lco ta3-2-oca1
0
5
0 1 0 9
0 2 1 2
0 9 4 1
0 15 0 1
0 35 1 0
1
end_operator
begin_operator
pop-unitarypipe s13 b5 a1 a3 b0 oca1 lco ta1-2-lco ta3-1-oca1
0
5
0 1 0 9
0 2 1 2
0 9 4 1
0 18 0 1
0 32 1 0
1
end_operator
begin_operator
pop-unitarypipe s13 b5 a1 a3 b0 oca1 lco ta1-2-lco ta3-2-oca1
0
5
0 1 0 9
0 2 1 2
0 9 4 1
0 18 0 1
0 35 1 0
1
end_operator
begin_operator
pop-unitarypipe s13 b5 a1 a3 b0 oca1 lco ta1-3-lco ta3-1-oca1
0
5
0 1 0 9
0 2 1 2
0 9 4 1
0 21 0 1
0 32 1 0
1
end_operator
begin_operator
pop-unitarypipe s13 b5 a1 a3 b0 oca1 lco ta1-3-lco ta3-2-oca1
0
5
0 1 0 9
0 2 1 2
0 9 4 1
0 21 0 1
0 35 1 0
1
end_operator
begin_operator
pop-unitarypipe s13 b5 a1 a3 b1 oca1 lco ta1-1-lco ta3-1-oca1
0
5
0 1 1 9
0 3 1 2
0 9 4 1
0 15 0 1
0 32 1 0
1
end_operator
begin_operator
pop-unitarypipe s13 b5 a1 a3 b1 oca1 lco ta1-1-lco ta3-2-oca1
0
5
0 1 1 9
0 3 1 2
0 9 4 1
0 15 0 1
0 35 1 0
1
end_operator
begin_operator
pop-unitarypipe s13 b5 a1 a3 b1 oca1 lco ta1-2-lco ta3-1-oca1
0
5
0 1 1 9
0 3 1 2
0 9 4 1
0 18 0 1
0 32 1 0
1
end_operator
begin_operator
pop-unitarypipe s13 b5 a1 a3 b1 oca1 lco ta1-2-lco ta3-2-oca1
0
5
0 1 1 9
0 3 1 2
0 9 4 1
0 18 0 1
0 35 1 0
1
end_operator
begin_operator
pop-unitarypipe s13 b5 a1 a3 b1 oca1 lco ta1-3-lco ta3-1-oca1
0
5
0 1 1 9
0 3 1 2
0 9 4 1
0 21 0 1
0 32 1 0
1
end_operator
begin_operator
pop-unitarypipe s13 b5 a1 a3 b1 oca1 lco ta1-3-lco ta3-2-oca1
0
5
0 1 1 9
0 3 1 2
0 9 4 1
0 21 0 1
0 35 1 0
1
end_operator
begin_operator
pop-unitarypipe s13 b5 a1 a3 b10 oca1 oca1 ta1-1-oca1 ta3-1-oca1
0
5
0 1 2 9
0 4 1 2
0 9 4 1
0 16 0 1
0 32 1 0
1
end_operator
begin_operator
pop-unitarypipe s13 b5 a1 a3 b10 oca1 oca1 ta1-1-oca1 ta3-2-oca1
0
5
0 1 2 9
0 4 1 2
0 9 4 1
0 16 0 1
0 35 1 0
1
end_operator
begin_operator
pop-unitarypipe s13 b5 a1 a3 b10 oca1 oca1 ta1-2-oca1 ta3-1-oca1
0
5
0 1 2 9
0 4 1 2
0 9 4 1
0 19 0 1
0 32 1 0
1
end_operator
begin_operator
pop-unitarypipe s13 b5 a1 a3 b10 oca1 oca1 ta1-2-oca1 ta3-2-oca1
0
5
0 1 2 9
0 4 1 2
0 9 4 1
0 19 0 1
0 35 1 0
1
end_operator
begin_operator
pop-unitarypipe s13 b5 a1 a3 b11 oca1 gasoleo ta1-1-gasoleo ta3-1-oca1
0
5
0 1 3 9
0 9 4 1
0 14 0 1
0 32 1 0
0 38 1 2
1
end_operator
begin_operator
pop-unitarypipe s13 b5 a1 a3 b11 oca1 gasoleo ta1-1-gasoleo ta3-2-oca1
0
5
0 1 3 9
0 9 4 1
0 14 0 1
0 35 1 0
0 38 1 2
1
end_operator
begin_operator
pop-unitarypipe s13 b5 a1 a3 b2 oca1 gasoleo ta1-1-gasoleo ta3-1-oca1
0
5
0 1 6 9
0 9 4 1
0 14 0 1
0 32 1 0
0 39 1 2
1
end_operator
begin_operator
pop-unitarypipe s13 b5 a1 a3 b2 oca1 gasoleo ta1-1-gasoleo ta3-2-oca1
0
5
0 1 6 9
0 9 4 1
0 14 0 1
0 35 1 0
0 39 1 2
1
end_operator
begin_operator
pop-unitarypipe s13 b5 a1 a3 b3 oca1 lco ta1-1-lco ta3-1-oca1
0
5
0 1 7 9
0 7 1 2
0 9 4 1
0 15 0 1
0 32 1 0
1
end_operator
begin_operator
pop-unitarypipe s13 b5 a1 a3 b3 oca1 lco ta1-1-lco ta3-2-oca1
0
5
0 1 7 9
0 7 1 2
0 9 4 1
0 15 0 1
0 35 1 0
1
end_operator
begin_operator
pop-unitarypipe s13 b5 a1 a3 b3 oca1 lco ta1-2-lco ta3-1-oca1
0
5
0 1 7 9
0 7 1 2
0 9 4 1
0 18 0 1
0 32 1 0
1
end_operator
begin_operator
pop-unitarypipe s13 b5 a1 a3 b3 oca1 lco ta1-2-lco ta3-2-oca1
0
5
0 1 7 9
0 7 1 2
0 9 4 1
0 18 0 1
0 35 1 0
1
end_operator
begin_operator
pop-unitarypipe s13 b5 a1 a3 b3 oca1 lco ta1-3-lco ta3-1-oca1
0
5
0 1 7 9
0 7 1 2
0 9 4 1
0 21 0 1
0 32 1 0
1
end_operator
begin_operator
pop-unitarypipe s13 b5 a1 a3 b3 oca1 lco ta1-3-lco ta3-2-oca1
0
5
0 1 7 9
0 7 1 2
0 9 4 1
0 21 0 1
0 35 1 0
1
end_operator
begin_operator
pop-unitarypipe s13 b5 a1 a3 b4 oca1 lco ta1-1-lco ta3-1-oca1
0
5
0 1 8 9
0 8 1 2
0 9 4 1
0 15 0 1
0 32 1 0
1
end_operator
begin_operator
pop-unitarypipe s13 b5 a1 a3 b4 oca1 lco ta1-1-lco ta3-2-oca1
0
5
0 1 8 9
0 8 1 2
0 9 4 1
0 15 0 1
0 35 1 0
1
end_operator
begin_operator
pop-unitarypipe s13 b5 a1 a3 b4 oca1 lco ta1-2-lco ta3-1-oca1
0
5
0 1 8 9
0 8 1 2
0 9 4 1
0 18 0 1
0 32 1 0
1
end_operator
begin_operator
pop-unitarypipe s13 b5 a1 a3 b4 oca1 lco ta1-2-lco ta3-2-oca1
0
5
0 1 8 9
0 8 1 2
0 9 4 1
0 18 0 1
0 35 1 0
1
end_operator
begin_operator
pop-unitarypipe s13 b5 a1 a3 b4 oca1 lco ta1-3-lco ta3-1-oca1
0
5
0 1 8 9
0 8 1 2
0 9 4 1
0 21 0 1
0 32 1 0
1
end_operator
begin_operator
pop-unitarypipe s13 b5 a1 a3 b4 oca1 lco ta1-3-lco ta3-2-oca1
0
5
0 1 8 9
0 8 1 2
0 9 4 1
0 21 0 1
0 35 1 0
1
end_operator
begin_operator
pop-unitarypipe s13 b5 a1 a3 b6 oca1 lco ta1-1-lco ta3-1-oca1
0
5
0 1 10 9
0 9 4 1
0 10 1 2
0 15 0 1
0 32 1 0
1
end_operator
begin_operator
pop-unitarypipe s13 b5 a1 a3 b6 oca1 lco ta1-1-lco ta3-2-oca1
0
5
0 1 10 9
0 9 4 1
0 10 1 2
0 15 0 1
0 35 1 0
1
end_operator
begin_operator
pop-unitarypipe s13 b5 a1 a3 b6 oca1 lco ta1-2-lco ta3-1-oca1
0
5
0 1 10 9
0 9 4 1
0 10 1 2
0 18 0 1
0 32 1 0
1
end_operator
begin_operator
pop-unitarypipe s13 b5 a1 a3 b6 oca1 lco ta1-2-lco ta3-2-oca1
0
5
0 1 10 9
0 9 4 1
0 10 1 2
0 18 0 1
0 35 1 0
1
end_operator
begin_operator
pop-unitarypipe s13 b5 a1 a3 b6 oca1 lco ta1-3-lco ta3-1-oca1
0
5
0 1 10 9
0 9 4 1
0 10 1 2
0 21 0 1
0 32 1 0
1
end_operator
begin_operator
pop-unitarypipe s13 b5 a1 a3 b6 oca1 lco ta1-3-lco ta3-2-oca1
0
5
0 1 10 9
0 9 4 1
0 10 1 2
0 21 0 1
0 35 1 0
1
end_operator
begin_operator
pop-unitarypipe s13 b5 a1 a3 b7 oca1 oca1 ta1-1-oca1 ta3-1-oca1
0
5
0 1 11 9
0 9 4 1
0 11 1 2
0 16 0 1
0 32 1 0
1
end_operator
begin_operator
pop-unitarypipe s13 b5 a1 a3 b7 oca1 oca1 ta1-1-oca1 ta3-2-oca1
0
5
0 1 11 9
0 9 4 1
0 11 1 2
0 16 0 1
0 35 1 0
1
end_operator
begin_operator
pop-unitarypipe s13 b5 a1 a3 b7 oca1 oca1 ta1-2-oca1 ta3-1-oca1
0
5
0 1 11 9
0 9 4 1
0 11 1 2
0 19 0 1
0 32 1 0
1
end_operator
begin_operator
pop-unitarypipe s13 b5 a1 a3 b7 oca1 oca1 ta1-2-oca1 ta3-2-oca1
0
5
0 1 11 9
0 9 4 1
0 11 1 2
0 19 0 1
0 35 1 0
1
end_operator
begin_operator
pop-unitarypipe s13 b6 a1 a3 b0 lco lco ta1-1-lco ta3-1-lco
0
5
0 1 0 10
0 2 1 2
0 10 4 1
0 15 0 1
0 31 1 0
1
end_operator
begin_operator
pop-unitarypipe s13 b6 a1 a3 b0 lco lco ta1-1-lco ta3-2-lco
0
5
0 1 0 10
0 2 1 2
0 10 4 1
0 15 0 1
0 34 1 0
1
end_operator
begin_operator
pop-unitarypipe s13 b6 a1 a3 b0 lco lco ta1-1-lco ta3-3-lco
0
5
0 1 0 10
0 2 1 2
0 10 4 1
0 15 0 1
0 37 1 0
1
end_operator
begin_operator
pop-unitarypipe s13 b6 a1 a3 b0 lco lco ta1-2-lco ta3-1-lco
0
5
0 1 0 10
0 2 1 2
0 10 4 1
0 18 0 1
0 31 1 0
1
end_operator
begin_operator
pop-unitarypipe s13 b6 a1 a3 b0 lco lco ta1-2-lco ta3-2-lco
0
5
0 1 0 10
0 2 1 2
0 10 4 1
0 18 0 1
0 34 1 0
1
end_operator
begin_operator
pop-unitarypipe s13 b6 a1 a3 b0 lco lco ta1-2-lco ta3-3-lco
0
5
0 1 0 10
0 2 1 2
0 10 4 1
0 18 0 1
0 37 1 0
1
end_operator
begin_operator
pop-unitarypipe s13 b6 a1 a3 b0 lco lco ta1-3-lco ta3-1-lco
0
5
0 1 0 10
0 2 1 2
0 10 4 1
0 21 0 1
0 31 1 0
1
end_operator
begin_operator
pop-unitarypipe s13 b6 a1 a3 b0 lco lco ta1-3-lco ta3-2-lco
0
5
0 1 0 10
0 2 1 2
0 10 4 1
0 21 0 1
0 34 1 0
1
end_operator
begin_operator
pop-unitarypipe s13 b6 a1 a3 b0 lco lco ta1-3-lco ta3-3-lco
0
5
0 1 0 10
0 2 1 2
0 10 4 1
0 21 0 1
0 37 1 0
1
end_operator
begin_operator
pop-unitarypipe s13 b6 a1 a3 b1 lco lco ta1-1-lco ta3-1-lco
0
5
0 1 1 10
0 3 1 2
0 10 4 1
0 15 0 1
0 31 1 0
1
end_operator
begin_operator
pop-unitarypipe s13 b6 a1 a3 b1 lco lco ta1-1-lco ta3-2-lco
0
5
0 1 1 10
0 3 1 2
0 10 4 1
0 15 0 1
0 34 1 0
1
end_operator
begin_operator
pop-unitarypipe s13 b6 a1 a3 b1 lco lco ta1-1-lco ta3-3-lco
0
5
0 1 1 10
0 3 1 2
0 10 4 1
0 15 0 1
0 37 1 0
1
end_operator
begin_operator
pop-unitarypipe s13 b6 a1 a3 b1 lco lco ta1-2-lco ta3-1-lco
0
5
0 1 1 10
0 3 1 2
0 10 4 1
0 18 0 1
0 31 1 0
1
end_operator
begin_operator
pop-unitarypipe s13 b6 a1 a3 b1 lco lco ta1-2-lco ta3-2-lco
0
5
0 1 1 10
0 3 1 2
0 10 4 1
0 18 0 1
0 34 1 0
1
end_operator
begin_operator
pop-unitarypipe s13 b6 a1 a3 b1 lco lco ta1-2-lco ta3-3-lco
0
5
0 1 1 10
0 3 1 2
0 10 4 1
0 18 0 1
0 37 1 0
1
end_operator
begin_operator
pop-unitarypipe s13 b6 a1 a3 b1 lco lco ta1-3-lco ta3-1-lco
0
5
0 1 1 10
0 3 1 2
0 10 4 1
0 21 0 1
0 31 1 0
1
end_operator
begin_operator
pop-unitarypipe s13 b6 a1 a3 b1 lco lco ta1-3-lco ta3-2-lco
0
5
0 1 1 10
0 3 1 2
0 10 4 1
0 21 0 1
0 34 1 0
1
end_operator
begin_operator
pop-unitarypipe s13 b6 a1 a3 b1 lco lco ta1-3-lco ta3-3-lco
0
5
0 1 1 10
0 3 1 2
0 10 4 1
0 21 0 1
0 37 1 0
1
end_operator
begin_operator
pop-unitarypipe s13 b6 a1 a3 b10 lco oca1 ta1-1-oca1 ta3-1-lco
0
5
0 1 2 10
0 4 1 2
0 10 4 1
0 16 0 1
0 31 1 0
1
end_operator
begin_operator
pop-unitarypipe s13 b6 a1 a3 b10 lco oca1 ta1-1-oca1 ta3-2-lco
0
5
0 1 2 10
0 4 1 2
0 10 4 1
0 16 0 1
0 34 1 0
1
end_operator
begin_operator
pop-unitarypipe s13 b6 a1 a3 b10 lco oca1 ta1-1-oca1 ta3-3-lco
0
5
0 1 2 10
0 4 1 2
0 10 4 1
0 16 0 1
0 37 1 0
1
end_operator
begin_operator
pop-unitarypipe s13 b6 a1 a3 b10 lco oca1 ta1-2-oca1 ta3-1-lco
0
5
0 1 2 10
0 4 1 2
0 10 4 1
0 19 0 1
0 31 1 0
1
end_operator
begin_operator
pop-unitarypipe s13 b6 a1 a3 b10 lco oca1 ta1-2-oca1 ta3-2-lco
0
5
0 1 2 10
0 4 1 2
0 10 4 1
0 19 0 1
0 34 1 0
1
end_operator
begin_operator
pop-unitarypipe s13 b6 a1 a3 b10 lco oca1 ta1-2-oca1 ta3-3-lco
0
5
0 1 2 10
0 4 1 2
0 10 4 1
0 19 0 1
0 37 1 0
1
end_operator
begin_operator
pop-unitarypipe s13 b6 a1 a3 b11 lco gasoleo ta1-1-gasoleo ta3-1-lco
0
5
0 1 3 10
0 10 4 1
0 14 0 1
0 31 1 0
0 38 1 2
1
end_operator
begin_operator
pop-unitarypipe s13 b6 a1 a3 b11 lco gasoleo ta1-1-gasoleo ta3-2-lco
0
5
0 1 3 10
0 10 4 1
0 14 0 1
0 34 1 0
0 38 1 2
1
end_operator
begin_operator
pop-unitarypipe s13 b6 a1 a3 b11 lco gasoleo ta1-1-gasoleo ta3-3-lco
0
5
0 1 3 10
0 10 4 1
0 14 0 1
0 37 1 0
0 38 1 2
1
end_operator
begin_operator
pop-unitarypipe s13 b6 a1 a3 b12 lco rat-a ta1-1-rat-a ta3-1-lco
0
5
0 1 4 10
0 5 1 2
0 10 4 1
0 17 0 1
0 31 1 0
1
end_operator
begin_operator
pop-unitarypipe s13 b6 a1 a3 b12 lco rat-a ta1-1-rat-a ta3-2-lco
0
5
0 1 4 10
0 5 1 2
0 10 4 1
0 17 0 1
0 34 1 0
1
end_operator
begin_operator
pop-unitarypipe s13 b6 a1 a3 b12 lco rat-a ta1-1-rat-a ta3-3-lco
0
5
0 1 4 10
0 5 1 2
0 10 4 1
0 17 0 1
0 37 1 0
1
end_operator
begin_operator
pop-unitarypipe s13 b6 a1 a3 b12 lco rat-a ta1-2-rat-a ta3-1-lco
0
5
0 1 4 10
0 5 1 2
0 10 4 1
0 20 0 1
0 31 1 0
1
end_operator
begin_operator
pop-unitarypipe s13 b6 a1 a3 b12 lco rat-a ta1-2-rat-a ta3-2-lco
0
5
0 1 4 10
0 5 1 2
0 10 4 1
0 20 0 1
0 34 1 0
1
end_operator
begin_operator
pop-unitarypipe s13 b6 a1 a3 b12 lco rat-a ta1-2-rat-a ta3-3-lco
0
5
0 1 4 10
0 5 1 2
0 10 4 1
0 20 0 1
0 37 1 0
1
end_operator
begin_operator
pop-unitarypipe s13 b6 a1 a3 b13 lco rat-a ta1-1-rat-a ta3-1-lco
0
5
0 1 5 10
0 6 1 2
0 10 4 1
0 17 0 1
0 31 1 0
1
end_operator
begin_operator
pop-unitarypipe s13 b6 a1 a3 b13 lco rat-a ta1-1-rat-a ta3-2-lco
0
5
0 1 5 10
0 6 1 2
0 10 4 1
0 17 0 1
0 34 1 0
1
end_operator
begin_operator
pop-unitarypipe s13 b6 a1 a3 b13 lco rat-a ta1-1-rat-a ta3-3-lco
0
5
0 1 5 10
0 6 1 2
0 10 4 1
0 17 0 1
0 37 1 0
1
end_operator
begin_operator
pop-unitarypipe s13 b6 a1 a3 b13 lco rat-a ta1-2-rat-a ta3-1-lco
0
5
0 1 5 10
0 6 1 2
0 10 4 1
0 20 0 1
0 31 1 0
1
end_operator
begin_operator
pop-unitarypipe s13 b6 a1 a3 b13 lco rat-a ta1-2-rat-a ta3-2-lco
0
5
0 1 5 10
0 6 1 2
0 10 4 1
0 20 0 1
0 34 1 0
1
end_operator
begin_operator
pop-unitarypipe s13 b6 a1 a3 b13 lco rat-a ta1-2-rat-a ta3-3-lco
0
5
0 1 5 10
0 6 1 2
0 10 4 1
0 20 0 1
0 37 1 0
1
end_operator
begin_operator
pop-unitarypipe s13 b6 a1 a3 b2 lco gasoleo ta1-1-gasoleo ta3-1-lco
0
5
0 1 6 10
0 10 4 1
0 14 0 1
0 31 1 0
0 39 1 2
1
end_operator
begin_operator
pop-unitarypipe s13 b6 a1 a3 b2 lco gasoleo ta1-1-gasoleo ta3-2-lco
0
5
0 1 6 10
0 10 4 1
0 14 0 1
0 34 1 0
0 39 1 2
1
end_operator
begin_operator
pop-unitarypipe s13 b6 a1 a3 b2 lco gasoleo ta1-1-gasoleo ta3-3-lco
0
5
0 1 6 10
0 10 4 1
0 14 0 1
0 37 1 0
0 39 1 2
1
end_operator
begin_operator
pop-unitarypipe s13 b6 a1 a3 b3 lco lco ta1-1-lco ta3-1-lco
0
5
0 1 7 10
0 7 1 2
0 10 4 1
0 15 0 1
0 31 1 0
1
end_operator
begin_operator
pop-unitarypipe s13 b6 a1 a3 b3 lco lco ta1-1-lco ta3-2-lco
0
5
0 1 7 10
0 7 1 2
0 10 4 1
0 15 0 1
0 34 1 0
1
end_operator
begin_operator
pop-unitarypipe s13 b6 a1 a3 b3 lco lco ta1-1-lco ta3-3-lco
0
5
0 1 7 10
0 7 1 2
0 10 4 1
0 15 0 1
0 37 1 0
1
end_operator
begin_operator
pop-unitarypipe s13 b6 a1 a3 b3 lco lco ta1-2-lco ta3-1-lco
0
5
0 1 7 10
0 7 1 2
0 10 4 1
0 18 0 1
0 31 1 0
1
end_operator
begin_operator
pop-unitarypipe s13 b6 a1 a3 b3 lco lco ta1-2-lco ta3-2-lco
0
5
0 1 7 10
0 7 1 2
0 10 4 1
0 18 0 1
0 34 1 0
1
end_operator
begin_operator
pop-unitarypipe s13 b6 a1 a3 b3 lco lco ta1-2-lco ta3-3-lco
0
5
0 1 7 10
0 7 1 2
0 10 4 1
0 18 0 1
0 37 1 0
1
end_operator
begin_operator
pop-unitarypipe s13 b6 a1 a3 b3 lco lco ta1-3-lco ta3-1-lco
0
5
0 1 7 10
0 7 1 2
0 10 4 1
0 21 0 1
0 31 1 0
1
end_operator
begin_operator
pop-unitarypipe s13 b6 a1 a3 b3 lco lco ta1-3-lco ta3-2-lco
0
5
0 1 7 10
0 7 1 2
0 10 4 1
0 21 0 1
0 34 1 0
1
end_operator
begin_operator
pop-unitarypipe s13 b6 a1 a3 b3 lco lco ta1-3-lco ta3-3-lco
0
5
0 1 7 10
0 7 1 2
0 10 4 1
0 21 0 1
0 37 1 0
1
end_operator
begin_operator
pop-unitarypipe s13 b6 a1 a3 b4 lco lco ta1-1-lco ta3-1-lco
0
5
0 1 8 10
0 8 1 2
0 10 4 1
0 15 0 1
0 31 1 0
1
end_operator
begin_operator
pop-unitarypipe s13 b6 a1 a3 b4 lco lco ta1-1-lco ta3-2-lco
0
5
0 1 8 10
0 8 1 2
0 10 4 1
0 15 0 1
0 34 1 0
1
end_operator
begin_operator
pop-unitarypipe s13 b6 a1 a3 b4 lco lco ta1-1-lco ta3-3-lco
0
5
0 1 8 10
0 8 1 2
0 10 4 1
0 15 0 1
0 37 1 0
1
end_operator
begin_operator
pop-unitarypipe s13 b6 a1 a3 b4 lco lco ta1-2-lco ta3-1-lco
0
5
0 1 8 10
0 8 1 2
0 10 4 1
0 18 0 1
0 31 1 0
1
end_operator
begin_operator
pop-unitarypipe s13 b6 a1 a3 b4 lco lco ta1-2-lco ta3-2-lco
0
5
0 1 8 10
0 8 1 2
0 10 4 1
0 18 0 1
0 34 1 0
1
end_operator
begin_operator
pop-unitarypipe s13 b6 a1 a3 b4 lco lco ta1-2-lco ta3-3-lco
0
5
0 1 8 10
0 8 1 2
0 10 4 1
0 18 0 1
0 37 1 0
1
end_operator
begin_operator
pop-unitarypipe s13 b6 a1 a3 b4 lco lco ta1-3-lco ta3-1-lco
0
5
0 1 8 10
0 8 1 2
0 10 4 1
0 21 0 1
0 31 1 0
1
end_operator
begin_operator
pop-unitarypipe s13 b6 a1 a3 b4 lco lco ta1-3-lco ta3-2-lco
0
5
0 1 8 10
0 8 1 2
0 10 4 1
0 21 0 1
0 34 1 0
1
end_operator
begin_operator
pop-unitarypipe s13 b6 a1 a3 b4 lco lco ta1-3-lco ta3-3-lco
0
5
0 1 8 10
0 8 1 2
0 10 4 1
0 21 0 1
0 37 1 0
1
end_operator
begin_operator
pop-unitarypipe s13 b6 a1 a3 b5 lco oca1 ta1-1-oca1 ta3-1-lco
0
5
0 1 9 10
0 9 1 2
0 10 4 1
0 16 0 1
0 31 1 0
1
end_operator
begin_operator
pop-unitarypipe s13 b6 a1 a3 b5 lco oca1 ta1-1-oca1 ta3-2-lco
0
5
0 1 9 10
0 9 1 2
0 10 4 1
0 16 0 1
0 34 1 0
1
end_operator
begin_operator
pop-unitarypipe s13 b6 a1 a3 b5 lco oca1 ta1-1-oca1 ta3-3-lco
0
5
0 1 9 10
0 9 1 2
0 10 4 1
0 16 0 1
0 37 1 0
1
end_operator
begin_operator
pop-unitarypipe s13 b6 a1 a3 b5 lco oca1 ta1-2-oca1 ta3-1-lco
0
5
0 1 9 10
0 9 1 2
0 10 4 1
0 19 0 1
0 31 1 0
1
end_operator
begin_operator
pop-unitarypipe s13 b6 a1 a3 b5 lco oca1 ta1-2-oca1 ta3-2-lco
0
5
0 1 9 10
0 9 1 2
0 10 4 1
0 19 0 1
0 34 1 0
1
end_operator
begin_operator
pop-unitarypipe s13 b6 a1 a3 b5 lco oca1 ta1-2-oca1 ta3-3-lco
0
5
0 1 9 10
0 9 1 2
0 10 4 1
0 19 0 1
0 37 1 0
1
end_operator
begin_operator
pop-unitarypipe s13 b6 a1 a3 b7 lco oca1 ta1-1-oca1 ta3-1-lco
0
5
0 1 11 10
0 10 4 1
0 11 1 2
0 16 0 1
0 31 1 0
1
end_operator
begin_operator
pop-unitarypipe s13 b6 a1 a3 b7 lco oca1 ta1-1-oca1 ta3-2-lco
0
5
0 1 11 10
0 10 4 1
0 11 1 2
0 16 0 1
0 34 1 0
1
end_operator
begin_operator
pop-unitarypipe s13 b6 a1 a3 b7 lco oca1 ta1-1-oca1 ta3-3-lco
0
5
0 1 11 10
0 10 4 1
0 11 1 2
0 16 0 1
0 37 1 0
1
end_operator
begin_operator
pop-unitarypipe s13 b6 a1 a3 b7 lco oca1 ta1-2-oca1 ta3-1-lco
0
5
0 1 11 10
0 10 4 1
0 11 1 2
0 19 0 1
0 31 1 0
1
end_operator
begin_operator
pop-unitarypipe s13 b6 a1 a3 b7 lco oca1 ta1-2-oca1 ta3-2-lco
0
5
0 1 11 10
0 10 4 1
0 11 1 2
0 19 0 1
0 34 1 0
1
end_operator
begin_operator
pop-unitarypipe s13 b6 a1 a3 b7 lco oca1 ta1-2-oca1 ta3-3-lco
0
5
0 1 11 10
0 10 4 1
0 11 1 2
0 19 0 1
0 37 1 0
1
end_operator
begin_operator
pop-unitarypipe s13 b6 a1 a3 b8 lco rat-a ta1-1-rat-a ta3-1-lco
0
5
0 1 12 10
0 10 4 1
0 12 1 2
0 17 0 1
0 31 1 0
1
end_operator
begin_operator
pop-unitarypipe s13 b6 a1 a3 b8 lco rat-a ta1-1-rat-a ta3-2-lco
0
5
0 1 12 10
0 10 4 1
0 12 1 2
0 17 0 1
0 34 1 0
1
end_operator
begin_operator
pop-unitarypipe s13 b6 a1 a3 b8 lco rat-a ta1-1-rat-a ta3-3-lco
0
5
0 1 12 10
0 10 4 1
0 12 1 2
0 17 0 1
0 37 1 0
1
end_operator
begin_operator
pop-unitarypipe s13 b6 a1 a3 b8 lco rat-a ta1-2-rat-a ta3-1-lco
0
5
0 1 12 10
0 10 4 1
0 12 1 2
0 20 0 1
0 31 1 0
1
end_operator
begin_operator
pop-unitarypipe s13 b6 a1 a3 b8 lco rat-a ta1-2-rat-a ta3-2-lco
0
5
0 1 12 10
0 10 4 1
0 12 1 2
0 20 0 1
0 34 1 0
1
end_operator
begin_operator
pop-unitarypipe s13 b6 a1 a3 b8 lco rat-a ta1-2-rat-a ta3-3-lco
0
5
0 1 12 10
0 10 4 1
0 12 1 2
0 20 0 1
0 37 1 0
1
end_operator
begin_operator
pop-unitarypipe s13 b6 a1 a3 b9 lco rat-a ta1-1-rat-a ta3-1-lco
0
5
0 1 13 10
0 10 4 1
0 13 1 2
0 17 0 1
0 31 1 0
1
end_operator
begin_operator
pop-unitarypipe s13 b6 a1 a3 b9 lco rat-a ta1-1-rat-a ta3-2-lco
0
5
0 1 13 10
0 10 4 1
0 13 1 2
0 17 0 1
0 34 1 0
1
end_operator
begin_operator
pop-unitarypipe s13 b6 a1 a3 b9 lco rat-a ta1-1-rat-a ta3-3-lco
0
5
0 1 13 10
0 10 4 1
0 13 1 2
0 17 0 1
0 37 1 0
1
end_operator
begin_operator
pop-unitarypipe s13 b6 a1 a3 b9 lco rat-a ta1-2-rat-a ta3-1-lco
0
5
0 1 13 10
0 10 4 1
0 13 1 2
0 20 0 1
0 31 1 0
1
end_operator
begin_operator
pop-unitarypipe s13 b6 a1 a3 b9 lco rat-a ta1-2-rat-a ta3-2-lco
0
5
0 1 13 10
0 10 4 1
0 13 1 2
0 20 0 1
0 34 1 0
1
end_operator
begin_operator
pop-unitarypipe s13 b6 a1 a3 b9 lco rat-a ta1-2-rat-a ta3-3-lco
0
5
0 1 13 10
0 10 4 1
0 13 1 2
0 20 0 1
0 37 1 0
1
end_operator
begin_operator
pop-unitarypipe s13 b7 a1 a3 b0 oca1 lco ta1-1-lco ta3-1-oca1
0
5
0 1 0 11
0 2 1 2
0 11 4 1
0 15 0 1
0 32 1 0
1
end_operator
begin_operator
pop-unitarypipe s13 b7 a1 a3 b0 oca1 lco ta1-1-lco ta3-2-oca1
0
5
0 1 0 11
0 2 1 2
0 11 4 1
0 15 0 1
0 35 1 0
1
end_operator
begin_operator
pop-unitarypipe s13 b7 a1 a3 b0 oca1 lco ta1-2-lco ta3-1-oca1
0
5
0 1 0 11
0 2 1 2
0 11 4 1
0 18 0 1
0 32 1 0
1
end_operator
begin_operator
pop-unitarypipe s13 b7 a1 a3 b0 oca1 lco ta1-2-lco ta3-2-oca1
0
5
0 1 0 11
0 2 1 2
0 11 4 1
0 18 0 1
0 35 1 0
1
end_operator
begin_operator
pop-unitarypipe s13 b7 a1 a3 b0 oca1 lco ta1-3-lco ta3-1-oca1
0
5
0 1 0 11
0 2 1 2
0 11 4 1
0 21 0 1
0 32 1 0
1
end_operator
begin_operator
pop-unitarypipe s13 b7 a1 a3 b0 oca1 lco ta1-3-lco ta3-2-oca1
0
5
0 1 0 11
0 2 1 2
0 11 4 1
0 21 0 1
0 35 1 0
1
end_operator
begin_operator
pop-unitarypipe s13 b7 a1 a3 b1 oca1 lco ta1-1-lco ta3-1-oca1
0
5
0 1 1 11
0 3 1 2
0 11 4 1
0 15 0 1
0 32 1 0
1
end_operator
begin_operator
pop-unitarypipe s13 b7 a1 a3 b1 oca1 lco ta1-1-lco ta3-2-oca1
0
5
0 1 1 11
0 3 1 2
0 11 4 1
0 15 0 1
0 35 1 0
1
end_operator
begin_operator
pop-unitarypipe s13 b7 a1 a3 b1 oca1 lco ta1-2-lco ta3-1-oca1
0
5
0 1 1 11
0 3 1 2
0 11 4 1
0 18 0 1
0 32 1 0
1
end_operator
begin_operator
pop-unitarypipe s13 b7 a1 a3 b1 oca1 lco ta1-2-lco ta3-2-oca1
0
5
0 1 1 11
0 3 1 2
0 11 4 1
0 18 0 1
0 35 1 0
1
end_operator
begin_operator
pop-unitarypipe s13 b7 a1 a3 b1 oca1 lco ta1-3-lco ta3-1-oca1
0
5
0 1 1 11
0 3 1 2
0 11 4 1
0 21 0 1
0 32 1 0
1
end_operator
begin_operator
pop-unitarypipe s13 b7 a1 a3 b1 oca1 lco ta1-3-lco ta3-2-oca1
0
5
0 1 1 11
0 3 1 2
0 11 4 1
0 21 0 1
0 35 1 0
1
end_operator
begin_operator
pop-unitarypipe s13 b7 a1 a3 b10 oca1 oca1 ta1-1-oca1 ta3-1-oca1
0
5
0 1 2 11
0 4 1 2
0 11 4 1
0 16 0 1
0 32 1 0
1
end_operator
begin_operator
pop-unitarypipe s13 b7 a1 a3 b10 oca1 oca1 ta1-1-oca1 ta3-2-oca1
0
5
0 1 2 11
0 4 1 2
0 11 4 1
0 16 0 1
0 35 1 0
1
end_operator
begin_operator
pop-unitarypipe s13 b7 a1 a3 b10 oca1 oca1 ta1-2-oca1 ta3-1-oca1
0
5
0 1 2 11
0 4 1 2
0 11 4 1
0 19 0 1
0 32 1 0
1
end_operator
begin_operator
pop-unitarypipe s13 b7 a1 a3 b10 oca1 oca1 ta1-2-oca1 ta3-2-oca1
0
5
0 1 2 11
0 4 1 2
0 11 4 1
0 19 0 1
0 35 1 0
1
end_operator
begin_operator
pop-unitarypipe s13 b7 a1 a3 b11 oca1 gasoleo ta1-1-gasoleo ta3-1-oca1
0
5
0 1 3 11
0 11 4 1
0 14 0 1
0 32 1 0
0 38 1 2
1
end_operator
begin_operator
pop-unitarypipe s13 b7 a1 a3 b11 oca1 gasoleo ta1-1-gasoleo ta3-2-oca1
0
5
0 1 3 11
0 11 4 1
0 14 0 1
0 35 1 0
0 38 1 2
1
end_operator
begin_operator
pop-unitarypipe s13 b7 a1 a3 b2 oca1 gasoleo ta1-1-gasoleo ta3-1-oca1
0
5
0 1 6 11
0 11 4 1
0 14 0 1
0 32 1 0
0 39 1 2
1
end_operator
begin_operator
pop-unitarypipe s13 b7 a1 a3 b2 oca1 gasoleo ta1-1-gasoleo ta3-2-oca1
0
5
0 1 6 11
0 11 4 1
0 14 0 1
0 35 1 0
0 39 1 2
1
end_operator
begin_operator
pop-unitarypipe s13 b7 a1 a3 b3 oca1 lco ta1-1-lco ta3-1-oca1
0
5
0 1 7 11
0 7 1 2
0 11 4 1
0 15 0 1
0 32 1 0
1
end_operator
begin_operator
pop-unitarypipe s13 b7 a1 a3 b3 oca1 lco ta1-1-lco ta3-2-oca1
0
5
0 1 7 11
0 7 1 2
0 11 4 1
0 15 0 1
0 35 1 0
1
end_operator
begin_operator
pop-unitarypipe s13 b7 a1 a3 b3 oca1 lco ta1-2-lco ta3-1-oca1
0
5
0 1 7 11
0 7 1 2
0 11 4 1
0 18 0 1
0 32 1 0
1
end_operator
begin_operator
pop-unitarypipe s13 b7 a1 a3 b3 oca1 lco ta1-2-lco ta3-2-oca1
0
5
0 1 7 11
0 7 1 2
0 11 4 1
0 18 0 1
0 35 1 0
1
end_operator
begin_operator
pop-unitarypipe s13 b7 a1 a3 b3 oca1 lco ta1-3-lco ta3-1-oca1
0
5
0 1 7 11
0 7 1 2
0 11 4 1
0 21 0 1
0 32 1 0
1
end_operator
begin_operator
pop-unitarypipe s13 b7 a1 a3 b3 oca1 lco ta1-3-lco ta3-2-oca1
0
5
0 1 7 11
0 7 1 2
0 11 4 1
0 21 0 1
0 35 1 0
1
end_operator
begin_operator
pop-unitarypipe s13 b7 a1 a3 b4 oca1 lco ta1-1-lco ta3-1-oca1
0
5
0 1 8 11
0 8 1 2
0 11 4 1
0 15 0 1
0 32 1 0
1
end_operator
begin_operator
pop-unitarypipe s13 b7 a1 a3 b4 oca1 lco ta1-1-lco ta3-2-oca1
0
5
0 1 8 11
0 8 1 2
0 11 4 1
0 15 0 1
0 35 1 0
1
end_operator
begin_operator
pop-unitarypipe s13 b7 a1 a3 b4 oca1 lco ta1-2-lco ta3-1-oca1
0
5
0 1 8 11
0 8 1 2
0 11 4 1
0 18 0 1
0 32 1 0
1
end_operator
begin_operator
pop-unitarypipe s13 b7 a1 a3 b4 oca1 lco ta1-2-lco ta3-2-oca1
0
5
0 1 8 11
0 8 1 2
0 11 4 1
0 18 0 1
0 35 1 0
1
end_operator
begin_operator
pop-unitarypipe s13 b7 a1 a3 b4 oca1 lco ta1-3-lco ta3-1-oca1
0
5
0 1 8 11
0 8 1 2
0 11 4 1
0 21 0 1
0 32 1 0
1
end_operator
begin_operator
pop-unitarypipe s13 b7 a1 a3 b4 oca1 lco ta1-3-lco ta3-2-oca1
0
5
0 1 8 11
0 8 1 2
0 11 4 1
0 21 0 1
0 35 1 0
1
end_operator
begin_operator
pop-unitarypipe s13 b7 a1 a3 b5 oca1 oca1 ta1-1-oca1 ta3-1-oca1
0
5
0 1 9 11
0 9 1 2
0 11 4 1
0 16 0 1
0 32 1 0
1
end_operator
begin_operator
pop-unitarypipe s13 b7 a1 a3 b5 oca1 oca1 ta1-1-oca1 ta3-2-oca1
0
5
0 1 9 11
0 9 1 2
0 11 4 1
0 16 0 1
0 35 1 0
1
end_operator
begin_operator
pop-unitarypipe s13 b7 a1 a3 b5 oca1 oca1 ta1-2-oca1 ta3-1-oca1
0
5
0 1 9 11
0 9 1 2
0 11 4 1
0 19 0 1
0 32 1 0
1
end_operator
begin_operator
pop-unitarypipe s13 b7 a1 a3 b5 oca1 oca1 ta1-2-oca1 ta3-2-oca1
0
5
0 1 9 11
0 9 1 2
0 11 4 1
0 19 0 1
0 35 1 0
1
end_operator
begin_operator
pop-unitarypipe s13 b7 a1 a3 b6 oca1 lco ta1-1-lco ta3-1-oca1
0
5
0 1 10 11
0 10 1 2
0 11 4 1
0 15 0 1
0 32 1 0
1
end_operator
begin_operator
pop-unitarypipe s13 b7 a1 a3 b6 oca1 lco ta1-1-lco ta3-2-oca1
0
5
0 1 10 11
0 10 1 2
0 11 4 1
0 15 0 1
0 35 1 0
1
end_operator
begin_operator
pop-unitarypipe s13 b7 a1 a3 b6 oca1 lco ta1-2-lco ta3-1-oca1
0
5
0 1 10 11
0 10 1 2
0 11 4 1
0 18 0 1
0 32 1 0
1
end_operator
begin_operator
pop-unitarypipe s13 b7 a1 a3 b6 oca1 lco ta1-2-lco ta3-2-oca1
0
5
0 1 10 11
0 10 1 2
0 11 4 1
0 18 0 1
0 35 1 0
1
end_operator
begin_operator
pop-unitarypipe s13 b7 a1 a3 b6 oca1 lco ta1-3-lco ta3-1-oca1
0
5
0 1 10 11
0 10 1 2
0 11 4 1
0 21 0 1
0 32 1 0
1
end_operator
begin_operator
pop-unitarypipe s13 b7 a1 a3 b6 oca1 lco ta1-3-lco ta3-2-oca1
0
5
0 1 10 11
0 10 1 2
0 11 4 1
0 21 0 1
0 35 1 0
1
end_operator
begin_operator
pop-unitarypipe s13 b8 a1 a3 b0 rat-a lco ta1-1-lco ta3-1-rat-a
0
5
0 1 0 12
0 2 1 2
0 12 4 1
0 15 0 1
0 33 1 0
1
end_operator
begin_operator
pop-unitarypipe s13 b8 a1 a3 b0 rat-a lco ta1-1-lco ta3-2-rat-a
0
5
0 1 0 12
0 2 1 2
0 12 4 1
0 15 0 1
0 36 1 0
1
end_operator
begin_operator
pop-unitarypipe s13 b8 a1 a3 b0 rat-a lco ta1-2-lco ta3-1-rat-a
0
5
0 1 0 12
0 2 1 2
0 12 4 1
0 18 0 1
0 33 1 0
1
end_operator
begin_operator
pop-unitarypipe s13 b8 a1 a3 b0 rat-a lco ta1-2-lco ta3-2-rat-a
0
5
0 1 0 12
0 2 1 2
0 12 4 1
0 18 0 1
0 36 1 0
1
end_operator
begin_operator
pop-unitarypipe s13 b8 a1 a3 b0 rat-a lco ta1-3-lco ta3-1-rat-a
0
5
0 1 0 12
0 2 1 2
0 12 4 1
0 21 0 1
0 33 1 0
1
end_operator
begin_operator
pop-unitarypipe s13 b8 a1 a3 b0 rat-a lco ta1-3-lco ta3-2-rat-a
0
5
0 1 0 12
0 2 1 2
0 12 4 1
0 21 0 1
0 36 1 0
1
end_operator
begin_operator
pop-unitarypipe s13 b8 a1 a3 b1 rat-a lco ta1-1-lco ta3-1-rat-a
0
5
0 1 1 12
0 3 1 2
0 12 4 1
0 15 0 1
0 33 1 0
1
end_operator
begin_operator
pop-unitarypipe s13 b8 a1 a3 b1 rat-a lco ta1-1-lco ta3-2-rat-a
0
5
0 1 1 12
0 3 1 2
0 12 4 1
0 15 0 1
0 36 1 0
1
end_operator
begin_operator
pop-unitarypipe s13 b8 a1 a3 b1 rat-a lco ta1-2-lco ta3-1-rat-a
0
5
0 1 1 12
0 3 1 2
0 12 4 1
0 18 0 1
0 33 1 0
1
end_operator
begin_operator
pop-unitarypipe s13 b8 a1 a3 b1 rat-a lco ta1-2-lco ta3-2-rat-a
0
5
0 1 1 12
0 3 1 2
0 12 4 1
0 18 0 1
0 36 1 0
1
end_operator
begin_operator
pop-unitarypipe s13 b8 a1 a3 b1 rat-a lco ta1-3-lco ta3-1-rat-a
0
5
0 1 1 12
0 3 1 2
0 12 4 1
0 21 0 1
0 33 1 0
1
end_operator
begin_operator
pop-unitarypipe s13 b8 a1 a3 b1 rat-a lco ta1-3-lco ta3-2-rat-a
0
5
0 1 1 12
0 3 1 2
0 12 4 1
0 21 0 1
0 36 1 0
1
end_operator
begin_operator
pop-unitarypipe s13 b8 a1 a3 b11 rat-a gasoleo ta1-1-gasoleo ta3-1-rat-a
0
5
0 1 3 12
0 12 4 1
0 14 0 1
0 33 1 0
0 38 1 2
1
end_operator
begin_operator
pop-unitarypipe s13 b8 a1 a3 b11 rat-a gasoleo ta1-1-gasoleo ta3-2-rat-a
0
5
0 1 3 12
0 12 4 1
0 14 0 1
0 36 1 0
0 38 1 2
1
end_operator
begin_operator
pop-unitarypipe s13 b8 a1 a3 b12 rat-a rat-a ta1-1-rat-a ta3-1-rat-a
0
5
0 1 4 12
0 5 1 2
0 12 4 1
0 17 0 1
0 33 1 0
1
end_operator
begin_operator
pop-unitarypipe s13 b8 a1 a3 b12 rat-a rat-a ta1-1-rat-a ta3-2-rat-a
0
5
0 1 4 12
0 5 1 2
0 12 4 1
0 17 0 1
0 36 1 0
1
end_operator
begin_operator
pop-unitarypipe s13 b8 a1 a3 b12 rat-a rat-a ta1-2-rat-a ta3-1-rat-a
0
5
0 1 4 12
0 5 1 2
0 12 4 1
0 20 0 1
0 33 1 0
1
end_operator
begin_operator
pop-unitarypipe s13 b8 a1 a3 b12 rat-a rat-a ta1-2-rat-a ta3-2-rat-a
0
5
0 1 4 12
0 5 1 2
0 12 4 1
0 20 0 1
0 36 1 0
1
end_operator
begin_operator
pop-unitarypipe s13 b8 a1 a3 b13 rat-a rat-a ta1-1-rat-a ta3-1-rat-a
0
5
0 1 5 12
0 6 1 2
0 12 4 1
0 17 0 1
0 33 1 0
1
end_operator
begin_operator
pop-unitarypipe s13 b8 a1 a3 b13 rat-a rat-a ta1-1-rat-a ta3-2-rat-a
0
5
0 1 5 12
0 6 1 2
0 12 4 1
0 17 0 1
0 36 1 0
1
end_operator
begin_operator
pop-unitarypipe s13 b8 a1 a3 b13 rat-a rat-a ta1-2-rat-a ta3-1-rat-a
0
5
0 1 5 12
0 6 1 2
0 12 4 1
0 20 0 1
0 33 1 0
1
end_operator
begin_operator
pop-unitarypipe s13 b8 a1 a3 b13 rat-a rat-a ta1-2-rat-a ta3-2-rat-a
0
5
0 1 5 12
0 6 1 2
0 12 4 1
0 20 0 1
0 36 1 0
1
end_operator
begin_operator
pop-unitarypipe s13 b8 a1 a3 b2 rat-a gasoleo ta1-1-gasoleo ta3-1-rat-a
0
5
0 1 6 12
0 12 4 1
0 14 0 1
0 33 1 0
0 39 1 2
1
end_operator
begin_operator
pop-unitarypipe s13 b8 a1 a3 b2 rat-a gasoleo ta1-1-gasoleo ta3-2-rat-a
0
5
0 1 6 12
0 12 4 1
0 14 0 1
0 36 1 0
0 39 1 2
1
end_operator
begin_operator
pop-unitarypipe s13 b8 a1 a3 b3 rat-a lco ta1-1-lco ta3-1-rat-a
0
5
0 1 7 12
0 7 1 2
0 12 4 1
0 15 0 1
0 33 1 0
1
end_operator
begin_operator
pop-unitarypipe s13 b8 a1 a3 b3 rat-a lco ta1-1-lco ta3-2-rat-a
0
5
0 1 7 12
0 7 1 2
0 12 4 1
0 15 0 1
0 36 1 0
1
end_operator
begin_operator
pop-unitarypipe s13 b8 a1 a3 b3 rat-a lco ta1-2-lco ta3-1-rat-a
0
5
0 1 7 12
0 7 1 2
0 12 4 1
0 18 0 1
0 33 1 0
1
end_operator
begin_operator
pop-unitarypipe s13 b8 a1 a3 b3 rat-a lco ta1-2-lco ta3-2-rat-a
0
5
0 1 7 12
0 7 1 2
0 12 4 1
0 18 0 1
0 36 1 0
1
end_operator
begin_operator
pop-unitarypipe s13 b8 a1 a3 b3 rat-a lco ta1-3-lco ta3-1-rat-a
0
5
0 1 7 12
0 7 1 2
0 12 4 1
0 21 0 1
0 33 1 0
1
end_operator
begin_operator
pop-unitarypipe s13 b8 a1 a3 b3 rat-a lco ta1-3-lco ta3-2-rat-a
0
5
0 1 7 12
0 7 1 2
0 12 4 1
0 21 0 1
0 36 1 0
1
end_operator
begin_operator
pop-unitarypipe s13 b8 a1 a3 b4 rat-a lco ta1-1-lco ta3-1-rat-a
0
5
0 1 8 12
0 8 1 2
0 12 4 1
0 15 0 1
0 33 1 0
1
end_operator
begin_operator
pop-unitarypipe s13 b8 a1 a3 b4 rat-a lco ta1-1-lco ta3-2-rat-a
0
5
0 1 8 12
0 8 1 2
0 12 4 1
0 15 0 1
0 36 1 0
1
end_operator
begin_operator
pop-unitarypipe s13 b8 a1 a3 b4 rat-a lco ta1-2-lco ta3-1-rat-a
0
5
0 1 8 12
0 8 1 2
0 12 4 1
0 18 0 1
0 33 1 0
1
end_operator
begin_operator
pop-unitarypipe s13 b8 a1 a3 b4 rat-a lco ta1-2-lco ta3-2-rat-a
0
5
0 1 8 12
0 8 1 2
0 12 4 1
0 18 0 1
0 36 1 0
1
end_operator
begin_operator
pop-unitarypipe s13 b8 a1 a3 b4 rat-a lco ta1-3-lco ta3-1-rat-a
0
5
0 1 8 12
0 8 1 2
0 12 4 1
0 21 0 1
0 33 1 0
1
end_operator
begin_operator
pop-unitarypipe s13 b8 a1 a3 b4 rat-a lco ta1-3-lco ta3-2-rat-a
0
5
0 1 8 12
0 8 1 2
0 12 4 1
0 21 0 1
0 36 1 0
1
end_operator
begin_operator
pop-unitarypipe s13 b8 a1 a3 b6 rat-a lco ta1-1-lco ta3-1-rat-a
0
5
0 1 10 12
0 10 1 2
0 12 4 1
0 15 0 1
0 33 1 0
1
end_operator
begin_operator
pop-unitarypipe s13 b8 a1 a3 b6 rat-a lco ta1-1-lco ta3-2-rat-a
0
5
0 1 10 12
0 10 1 2
0 12 4 1
0 15 0 1
0 36 1 0
1
end_operator
begin_operator
pop-unitarypipe s13 b8 a1 a3 b6 rat-a lco ta1-2-lco ta3-1-rat-a
0
5
0 1 10 12
0 10 1 2
0 12 4 1
0 18 0 1
0 33 1 0
1
end_operator
begin_operator
pop-unitarypipe s13 b8 a1 a3 b6 rat-a lco ta1-2-lco ta3-2-rat-a
0
5
0 1 10 12
0 10 1 2
0 12 4 1
0 18 0 1
0 36 1 0
1
end_operator
begin_operator
pop-unitarypipe s13 b8 a1 a3 b6 rat-a lco ta1-3-lco ta3-1-rat-a
0
5
0 1 10 12
0 10 1 2
0 12 4 1
0 21 0 1
0 33 1 0
1
end_operator
begin_operator
pop-unitarypipe s13 b8 a1 a3 b6 rat-a lco ta1-3-lco ta3-2-rat-a
0
5
0 1 10 12
0 10 1 2
0 12 4 1
0 21 0 1
0 36 1 0
1
end_operator
begin_operator
pop-unitarypipe s13 b8 a1 a3 b9 rat-a rat-a ta1-1-rat-a ta3-1-rat-a
0
5
0 1 13 12
0 12 4 1
0 13 1 2
0 17 0 1
0 33 1 0
1
end_operator
begin_operator
pop-unitarypipe s13 b8 a1 a3 b9 rat-a rat-a ta1-1-rat-a ta3-2-rat-a
0
5
0 1 13 12
0 12 4 1
0 13 1 2
0 17 0 1
0 36 1 0
1
end_operator
begin_operator
pop-unitarypipe s13 b8 a1 a3 b9 rat-a rat-a ta1-2-rat-a ta3-1-rat-a
0
5
0 1 13 12
0 12 4 1
0 13 1 2
0 20 0 1
0 33 1 0
1
end_operator
begin_operator
pop-unitarypipe s13 b8 a1 a3 b9 rat-a rat-a ta1-2-rat-a ta3-2-rat-a
0
5
0 1 13 12
0 12 4 1
0 13 1 2
0 20 0 1
0 36 1 0
1
end_operator
begin_operator
pop-unitarypipe s13 b9 a1 a3 b0 rat-a lco ta1-1-lco ta3-1-rat-a
0
5
0 1 0 13
0 2 1 2
0 13 4 1
0 15 0 1
0 33 1 0
1
end_operator
begin_operator
pop-unitarypipe s13 b9 a1 a3 b0 rat-a lco ta1-1-lco ta3-2-rat-a
0
5
0 1 0 13
0 2 1 2
0 13 4 1
0 15 0 1
0 36 1 0
1
end_operator
begin_operator
pop-unitarypipe s13 b9 a1 a3 b0 rat-a lco ta1-2-lco ta3-1-rat-a
0
5
0 1 0 13
0 2 1 2
0 13 4 1
0 18 0 1
0 33 1 0
1
end_operator
begin_operator
pop-unitarypipe s13 b9 a1 a3 b0 rat-a lco ta1-2-lco ta3-2-rat-a
0
5
0 1 0 13
0 2 1 2
0 13 4 1
0 18 0 1
0 36 1 0
1
end_operator
begin_operator
pop-unitarypipe s13 b9 a1 a3 b0 rat-a lco ta1-3-lco ta3-1-rat-a
0
5
0 1 0 13
0 2 1 2
0 13 4 1
0 21 0 1
0 33 1 0
1
end_operator
begin_operator
pop-unitarypipe s13 b9 a1 a3 b0 rat-a lco ta1-3-lco ta3-2-rat-a
0
5
0 1 0 13
0 2 1 2
0 13 4 1
0 21 0 1
0 36 1 0
1
end_operator
begin_operator
pop-unitarypipe s13 b9 a1 a3 b1 rat-a lco ta1-1-lco ta3-1-rat-a
0
5
0 1 1 13
0 3 1 2
0 13 4 1
0 15 0 1
0 33 1 0
1
end_operator
begin_operator
pop-unitarypipe s13 b9 a1 a3 b1 rat-a lco ta1-1-lco ta3-2-rat-a
0
5
0 1 1 13
0 3 1 2
0 13 4 1
0 15 0 1
0 36 1 0
1
end_operator
begin_operator
pop-unitarypipe s13 b9 a1 a3 b1 rat-a lco ta1-2-lco ta3-1-rat-a
0
5
0 1 1 13
0 3 1 2
0 13 4 1
0 18 0 1
0 33 1 0
1
end_operator
begin_operator
pop-unitarypipe s13 b9 a1 a3 b1 rat-a lco ta1-2-lco ta3-2-rat-a
0
5
0 1 1 13
0 3 1 2
0 13 4 1
0 18 0 1
0 36 1 0
1
end_operator
begin_operator
pop-unitarypipe s13 b9 a1 a3 b1 rat-a lco ta1-3-lco ta3-1-rat-a
0
5
0 1 1 13
0 3 1 2
0 13 4 1
0 21 0 1
0 33 1 0
1
end_operator
begin_operator
pop-unitarypipe s13 b9 a1 a3 b1 rat-a lco ta1-3-lco ta3-2-rat-a
0
5
0 1 1 13
0 3 1 2
0 13 4 1
0 21 0 1
0 36 1 0
1
end_operator
begin_operator
pop-unitarypipe s13 b9 a1 a3 b11 rat-a gasoleo ta1-1-gasoleo ta3-1-rat-a
0
5
0 1 3 13
0 13 4 1
0 14 0 1
0 33 1 0
0 38 1 2
1
end_operator
begin_operator
pop-unitarypipe s13 b9 a1 a3 b11 rat-a gasoleo ta1-1-gasoleo ta3-2-rat-a
0
5
0 1 3 13
0 13 4 1
0 14 0 1
0 36 1 0
0 38 1 2
1
end_operator
begin_operator
pop-unitarypipe s13 b9 a1 a3 b12 rat-a rat-a ta1-1-rat-a ta3-1-rat-a
0
5
0 1 4 13
0 5 1 2
0 13 4 1
0 17 0 1
0 33 1 0
1
end_operator
begin_operator
pop-unitarypipe s13 b9 a1 a3 b12 rat-a rat-a ta1-1-rat-a ta3-2-rat-a
0
5
0 1 4 13
0 5 1 2
0 13 4 1
0 17 0 1
0 36 1 0
1
end_operator
begin_operator
pop-unitarypipe s13 b9 a1 a3 b12 rat-a rat-a ta1-2-rat-a ta3-1-rat-a
0
5
0 1 4 13
0 5 1 2
0 13 4 1
0 20 0 1
0 33 1 0
1
end_operator
begin_operator
pop-unitarypipe s13 b9 a1 a3 b12 rat-a rat-a ta1-2-rat-a ta3-2-rat-a
0
5
0 1 4 13
0 5 1 2
0 13 4 1
0 20 0 1
0 36 1 0
1
end_operator
begin_operator
pop-unitarypipe s13 b9 a1 a3 b13 rat-a rat-a ta1-1-rat-a ta3-1-rat-a
0
5
0 1 5 13
0 6 1 2
0 13 4 1
0 17 0 1
0 33 1 0
1
end_operator
begin_operator
pop-unitarypipe s13 b9 a1 a3 b13 rat-a rat-a ta1-1-rat-a ta3-2-rat-a
0
5
0 1 5 13
0 6 1 2
0 13 4 1
0 17 0 1
0 36 1 0
1
end_operator
begin_operator
pop-unitarypipe s13 b9 a1 a3 b13 rat-a rat-a ta1-2-rat-a ta3-1-rat-a
0
5
0 1 5 13
0 6 1 2
0 13 4 1
0 20 0 1
0 33 1 0
1
end_operator
begin_operator
pop-unitarypipe s13 b9 a1 a3 b13 rat-a rat-a ta1-2-rat-a ta3-2-rat-a
0
5
0 1 5 13
0 6 1 2
0 13 4 1
0 20 0 1
0 36 1 0
1
end_operator
begin_operator
pop-unitarypipe s13 b9 a1 a3 b2 rat-a gasoleo ta1-1-gasoleo ta3-1-rat-a
0
5
0 1 6 13
0 13 4 1
0 14 0 1
0 33 1 0
0 39 1 2
1
end_operator
begin_operator
pop-unitarypipe s13 b9 a1 a3 b2 rat-a gasoleo ta1-1-gasoleo ta3-2-rat-a
0
5
0 1 6 13
0 13 4 1
0 14 0 1
0 36 1 0
0 39 1 2
1
end_operator
begin_operator
pop-unitarypipe s13 b9 a1 a3 b3 rat-a lco ta1-1-lco ta3-1-rat-a
0
5
0 1 7 13
0 7 1 2
0 13 4 1
0 15 0 1
0 33 1 0
1
end_operator
begin_operator
pop-unitarypipe s13 b9 a1 a3 b3 rat-a lco ta1-1-lco ta3-2-rat-a
0
5
0 1 7 13
0 7 1 2
0 13 4 1
0 15 0 1
0 36 1 0
1
end_operator
begin_operator
pop-unitarypipe s13 b9 a1 a3 b3 rat-a lco ta1-2-lco ta3-1-rat-a
0
5
0 1 7 13
0 7 1 2
0 13 4 1
0 18 0 1
0 33 1 0
1
end_operator
begin_operator
pop-unitarypipe s13 b9 a1 a3 b3 rat-a lco ta1-2-lco ta3-2-rat-a
0
5
0 1 7 13
0 7 1 2
0 13 4 1
0 18 0 1
0 36 1 0
1
end_operator
begin_operator
pop-unitarypipe s13 b9 a1 a3 b3 rat-a lco ta1-3-lco ta3-1-rat-a
0
5
0 1 7 13
0 7 1 2
0 13 4 1
0 21 0 1
0 33 1 0
1
end_operator
begin_operator
pop-unitarypipe s13 b9 a1 a3 b3 rat-a lco ta1-3-lco ta3-2-rat-a
0
5
0 1 7 13
0 7 1 2
0 13 4 1
0 21 0 1
0 36 1 0
1
end_operator
begin_operator
pop-unitarypipe s13 b9 a1 a3 b4 rat-a lco ta1-1-lco ta3-1-rat-a
0
5
0 1 8 13
0 8 1 2
0 13 4 1
0 15 0 1
0 33 1 0
1
end_operator
begin_operator
pop-unitarypipe s13 b9 a1 a3 b4 rat-a lco ta1-1-lco ta3-2-rat-a
0
5
0 1 8 13
0 8 1 2
0 13 4 1
0 15 0 1
0 36 1 0
1
end_operator
begin_operator
pop-unitarypipe s13 b9 a1 a3 b4 rat-a lco ta1-2-lco ta3-1-rat-a
0
5
0 1 8 13
0 8 1 2
0 13 4 1
0 18 0 1
0 33 1 0
1
end_operator
begin_operator
pop-unitarypipe s13 b9 a1 a3 b4 rat-a lco ta1-2-lco ta3-2-rat-a
0
5
0 1 8 13
0 8 1 2
0 13 4 1
0 18 0 1
0 36 1 0
1
end_operator
begin_operator
pop-unitarypipe s13 b9 a1 a3 b4 rat-a lco ta1-3-lco ta3-1-rat-a
0
5
0 1 8 13
0 8 1 2
0 13 4 1
0 21 0 1
0 33 1 0
1
end_operator
begin_operator
pop-unitarypipe s13 b9 a1 a3 b4 rat-a lco ta1-3-lco ta3-2-rat-a
0
5
0 1 8 13
0 8 1 2
0 13 4 1
0 21 0 1
0 36 1 0
1
end_operator
begin_operator
pop-unitarypipe s13 b9 a1 a3 b6 rat-a lco ta1-1-lco ta3-1-rat-a
0
5
0 1 10 13
0 10 1 2
0 13 4 1
0 15 0 1
0 33 1 0
1
end_operator
begin_operator
pop-unitarypipe s13 b9 a1 a3 b6 rat-a lco ta1-1-lco ta3-2-rat-a
0
5
0 1 10 13
0 10 1 2
0 13 4 1
0 15 0 1
0 36 1 0
1
end_operator
begin_operator
pop-unitarypipe s13 b9 a1 a3 b6 rat-a lco ta1-2-lco ta3-1-rat-a
0
5
0 1 10 13
0 10 1 2
0 13 4 1
0 18 0 1
0 33 1 0
1
end_operator
begin_operator
pop-unitarypipe s13 b9 a1 a3 b6 rat-a lco ta1-2-lco ta3-2-rat-a
0
5
0 1 10 13
0 10 1 2
0 13 4 1
0 18 0 1
0 36 1 0
1
end_operator
begin_operator
pop-unitarypipe s13 b9 a1 a3 b6 rat-a lco ta1-3-lco ta3-1-rat-a
0
5
0 1 10 13
0 10 1 2
0 13 4 1
0 21 0 1
0 33 1 0
1
end_operator
begin_operator
pop-unitarypipe s13 b9 a1 a3 b6 rat-a lco ta1-3-lco ta3-2-rat-a
0
5
0 1 10 13
0 10 1 2
0 13 4 1
0 21 0 1
0 36 1 0
1
end_operator
begin_operator
pop-unitarypipe s13 b9 a1 a3 b8 rat-a rat-a ta1-1-rat-a ta3-1-rat-a
0
5
0 1 12 13
0 12 1 2
0 13 4 1
0 17 0 1
0 33 1 0
1
end_operator
begin_operator
pop-unitarypipe s13 b9 a1 a3 b8 rat-a rat-a ta1-1-rat-a ta3-2-rat-a
0
5
0 1 12 13
0 12 1 2
0 13 4 1
0 17 0 1
0 36 1 0
1
end_operator
begin_operator
pop-unitarypipe s13 b9 a1 a3 b8 rat-a rat-a ta1-2-rat-a ta3-1-rat-a
0
5
0 1 12 13
0 12 1 2
0 13 4 1
0 20 0 1
0 33 1 0
1
end_operator
begin_operator
pop-unitarypipe s13 b9 a1 a3 b8 rat-a rat-a ta1-2-rat-a ta3-2-rat-a
0
5
0 1 12 13
0 12 1 2
0 13 4 1
0 20 0 1
0 36 1 0
1
end_operator
begin_operator
push-unitarypipe s12 b0 a1 a2 b1 lco lco ta1-1-lco ta2-1-lco
0
5
0 0 1 0
0 2 2 0
0 3 0 3
0 15 1 0
0 23 0 1
1
end_operator
begin_operator
push-unitarypipe s12 b0 a1 a2 b1 lco lco ta1-1-lco ta2-2-lco
0
5
0 0 1 0
0 2 2 0
0 3 0 3
0 15 1 0
0 26 0 1
1
end_operator
begin_operator
push-unitarypipe s12 b0 a1 a2 b1 lco lco ta1-1-lco ta2-3-lco
0
5
0 0 1 0
0 2 2 0
0 3 0 3
0 15 1 0
0 29 0 1
1
end_operator
begin_operator
push-unitarypipe s12 b0 a1 a2 b1 lco lco ta1-2-lco ta2-1-lco
0
5
0 0 1 0
0 2 2 0
0 3 0 3
0 18 1 0
0 23 0 1
1
end_operator
begin_operator
push-unitarypipe s12 b0 a1 a2 b1 lco lco ta1-2-lco ta2-2-lco
0
5
0 0 1 0
0 2 2 0
0 3 0 3
0 18 1 0
0 26 0 1
1
end_operator
begin_operator
push-unitarypipe s12 b0 a1 a2 b1 lco lco ta1-2-lco ta2-3-lco
0
5
0 0 1 0
0 2 2 0
0 3 0 3
0 18 1 0
0 29 0 1
1
end_operator
begin_operator
push-unitarypipe s12 b0 a1 a2 b1 lco lco ta1-3-lco ta2-1-lco
0
5
0 0 1 0
0 2 2 0
0 3 0 3
0 21 1 0
0 23 0 1
1
end_operator
begin_operator
push-unitarypipe s12 b0 a1 a2 b1 lco lco ta1-3-lco ta2-2-lco
0
5
0 0 1 0
0 2 2 0
0 3 0 3
0 21 1 0
0 26 0 1
1
end_operator
begin_operator
push-unitarypipe s12 b0 a1 a2 b1 lco lco ta1-3-lco ta2-3-lco
0
5
0 0 1 0
0 2 2 0
0 3 0 3
0 21 1 0
0 29 0 1
1
end_operator
begin_operator
push-unitarypipe s12 b0 a1 a2 b10 lco oca1 ta1-1-lco ta2-1-oca1
0
5
0 0 2 0
0 2 2 0
0 4 0 3
0 15 1 0
0 24 0 1
1
end_operator
begin_operator
push-unitarypipe s12 b0 a1 a2 b10 lco oca1 ta1-1-lco ta2-2-oca1
0
5
0 0 2 0
0 2 2 0
0 4 0 3
0 15 1 0
0 27 0 1
1
end_operator
begin_operator
push-unitarypipe s12 b0 a1 a2 b10 lco oca1 ta1-2-lco ta2-1-oca1
0
5
0 0 2 0
0 2 2 0
0 4 0 3
0 18 1 0
0 24 0 1
1
end_operator
begin_operator
push-unitarypipe s12 b0 a1 a2 b10 lco oca1 ta1-2-lco ta2-2-oca1
0
5
0 0 2 0
0 2 2 0
0 4 0 3
0 18 1 0
0 27 0 1
1
end_operator
begin_operator
push-unitarypipe s12 b0 a1 a2 b10 lco oca1 ta1-3-lco ta2-1-oca1
0
5
0 0 2 0
0 2 2 0
0 4 0 3
0 21 1 0
0 24 0 1
1
end_operator
begin_operator
push-unitarypipe s12 b0 a1 a2 b10 lco oca1 ta1-3-lco ta2-2-oca1
0
5
0 0 2 0
0 2 2 0
0 4 0 3
0 21 1 0
0 27 0 1
1
end_operator
begin_operator
push-unitarypipe s12 b0 a1 a2 b11 lco gasoleo ta1-1-lco ta2-1-gasoleo
0
5
0 0 3 0
0 2 2 0
0 15 1 0
0 22 0 1
0 38 0 3
1
end_operator
begin_operator
push-unitarypipe s12 b0 a1 a2 b11 lco gasoleo ta1-2-lco ta2-1-gasoleo
0
5
0 0 3 0
0 2 2 0
0 18 1 0
0 22 0 1
0 38 0 3
1
end_operator
begin_operator
push-unitarypipe s12 b0 a1 a2 b11 lco gasoleo ta1-3-lco ta2-1-gasoleo
0
5
0 0 3 0
0 2 2 0
0 21 1 0
0 22 0 1
0 38 0 3
1
end_operator
begin_operator
push-unitarypipe s12 b0 a1 a2 b12 lco rat-a ta1-1-lco ta2-1-rat-a
0
5
0 0 4 0
0 2 2 0
0 5 0 3
0 15 1 0
0 25 0 1
1
end_operator
begin_operator
push-unitarypipe s12 b0 a1 a2 b12 lco rat-a ta1-1-lco ta2-2-rat-a
0
5
0 0 4 0
0 2 2 0
0 5 0 3
0 15 1 0
0 28 0 1
1
end_operator
begin_operator
push-unitarypipe s12 b0 a1 a2 b12 lco rat-a ta1-2-lco ta2-1-rat-a
0
5
0 0 4 0
0 2 2 0
0 5 0 3
0 18 1 0
0 25 0 1
1
end_operator
begin_operator
push-unitarypipe s12 b0 a1 a2 b12 lco rat-a ta1-2-lco ta2-2-rat-a
0
5
0 0 4 0
0 2 2 0
0 5 0 3
0 18 1 0
0 28 0 1
1
end_operator
begin_operator
push-unitarypipe s12 b0 a1 a2 b12 lco rat-a ta1-3-lco ta2-1-rat-a
0
5
0 0 4 0
0 2 2 0
0 5 0 3
0 21 1 0
0 25 0 1
1
end_operator
begin_operator
push-unitarypipe s12 b0 a1 a2 b12 lco rat-a ta1-3-lco ta2-2-rat-a
0
5
0 0 4 0
0 2 2 0
0 5 0 3
0 21 1 0
0 28 0 1
1
end_operator
begin_operator
push-unitarypipe s12 b0 a1 a2 b13 lco rat-a ta1-1-lco ta2-1-rat-a
0
5
0 0 5 0
0 2 2 0
0 6 0 3
0 15 1 0
0 25 0 1
1
end_operator
begin_operator
push-unitarypipe s12 b0 a1 a2 b13 lco rat-a ta1-1-lco ta2-2-rat-a
0
5
0 0 5 0
0 2 2 0
0 6 0 3
0 15 1 0
0 28 0 1
1
end_operator
begin_operator
push-unitarypipe s12 b0 a1 a2 b13 lco rat-a ta1-2-lco ta2-1-rat-a
0
5
0 0 5 0
0 2 2 0
0 6 0 3
0 18 1 0
0 25 0 1
1
end_operator
begin_operator
push-unitarypipe s12 b0 a1 a2 b13 lco rat-a ta1-2-lco ta2-2-rat-a
0
5
0 0 5 0
0 2 2 0
0 6 0 3
0 18 1 0
0 28 0 1
1
end_operator
begin_operator
push-unitarypipe s12 b0 a1 a2 b13 lco rat-a ta1-3-lco ta2-1-rat-a
0
5
0 0 5 0
0 2 2 0
0 6 0 3
0 21 1 0
0 25 0 1
1
end_operator
begin_operator
push-unitarypipe s12 b0 a1 a2 b13 lco rat-a ta1-3-lco ta2-2-rat-a
0
5
0 0 5 0
0 2 2 0
0 6 0 3
0 21 1 0
0 28 0 1
1
end_operator
begin_operator
push-unitarypipe s12 b0 a1 a2 b3 lco lco ta1-1-lco ta2-1-lco
0
5
0 0 7 0
0 2 2 0
0 7 0 3
0 15 1 0
0 23 0 1
1
end_operator
begin_operator
push-unitarypipe s12 b0 a1 a2 b3 lco lco ta1-1-lco ta2-2-lco
0
5
0 0 7 0
0 2 2 0
0 7 0 3
0 15 1 0
0 26 0 1
1
end_operator
begin_operator
push-unitarypipe s12 b0 a1 a2 b3 lco lco ta1-1-lco ta2-3-lco
0
5
0 0 7 0
0 2 2 0
0 7 0 3
0 15 1 0
0 29 0 1
1
end_operator
begin_operator
push-unitarypipe s12 b0 a1 a2 b3 lco lco ta1-2-lco ta2-1-lco
0
5
0 0 7 0
0 2 2 0
0 7 0 3
0 18 1 0
0 23 0 1
1
end_operator
begin_operator
push-unitarypipe s12 b0 a1 a2 b3 lco lco ta1-2-lco ta2-2-lco
0
5
0 0 7 0
0 2 2 0
0 7 0 3
0 18 1 0
0 26 0 1
1
end_operator
begin_operator
push-unitarypipe s12 b0 a1 a2 b3 lco lco ta1-2-lco ta2-3-lco
0
5
0 0 7 0
0 2 2 0
0 7 0 3
0 18 1 0
0 29 0 1
1
end_operator
begin_operator
push-unitarypipe s12 b0 a1 a2 b3 lco lco ta1-3-lco ta2-1-lco
0
5
0 0 7 0
0 2 2 0
0 7 0 3
0 21 1 0
0 23 0 1
1
end_operator
begin_operator
push-unitarypipe s12 b0 a1 a2 b3 lco lco ta1-3-lco ta2-2-lco
0
5
0 0 7 0
0 2 2 0
0 7 0 3
0 21 1 0
0 26 0 1
1
end_operator
begin_operator
push-unitarypipe s12 b0 a1 a2 b3 lco lco ta1-3-lco ta2-3-lco
0
5
0 0 7 0
0 2 2 0
0 7 0 3
0 21 1 0
0 29 0 1
1
end_operator
begin_operator
push-unitarypipe s12 b0 a1 a2 b4 lco lco ta1-1-lco ta2-1-lco
0
5
0 0 8 0
0 2 2 0
0 8 0 3
0 15 1 0
0 23 0 1
1
end_operator
begin_operator
push-unitarypipe s12 b0 a1 a2 b4 lco lco ta1-1-lco ta2-2-lco
0
5
0 0 8 0
0 2 2 0
0 8 0 3
0 15 1 0
0 26 0 1
1
end_operator
begin_operator
push-unitarypipe s12 b0 a1 a2 b4 lco lco ta1-1-lco ta2-3-lco
0
5
0 0 8 0
0 2 2 0
0 8 0 3
0 15 1 0
0 29 0 1
1
end_operator
begin_operator
push-unitarypipe s12 b0 a1 a2 b4 lco lco ta1-2-lco ta2-1-lco
0
5
0 0 8 0
0 2 2 0
0 8 0 3
0 18 1 0
0 23 0 1
1
end_operator
begin_operator
push-unitarypipe s12 b0 a1 a2 b4 lco lco ta1-2-lco ta2-2-lco
0
5
0 0 8 0
0 2 2 0
0 8 0 3
0 18 1 0
0 26 0 1
1
end_operator
begin_operator
push-unitarypipe s12 b0 a1 a2 b4 lco lco ta1-2-lco ta2-3-lco
0
5
0 0 8 0
0 2 2 0
0 8 0 3
0 18 1 0
0 29 0 1
1
end_operator
begin_operator
push-unitarypipe s12 b0 a1 a2 b4 lco lco ta1-3-lco ta2-1-lco
0
5
0 0 8 0
0 2 2 0
0 8 0 3
0 21 1 0
0 23 0 1
1
end_operator
begin_operator
push-unitarypipe s12 b0 a1 a2 b4 lco lco ta1-3-lco ta2-2-lco
0
5
0 0 8 0
0 2 2 0
0 8 0 3
0 21 1 0
0 26 0 1
1
end_operator
begin_operator
push-unitarypipe s12 b0 a1 a2 b4 lco lco ta1-3-lco ta2-3-lco
0
5
0 0 8 0
0 2 2 0
0 8 0 3
0 21 1 0
0 29 0 1
1
end_operator
begin_operator
push-unitarypipe s12 b0 a1 a2 b5 lco oca1 ta1-1-lco ta2-1-oca1
0
5
0 0 9 0
0 2 2 0
0 9 0 3
0 15 1 0
0 24 0 1
1
end_operator
begin_operator
push-unitarypipe s12 b0 a1 a2 b5 lco oca1 ta1-1-lco ta2-2-oca1
0
5
0 0 9 0
0 2 2 0
0 9 0 3
0 15 1 0
0 27 0 1
1
end_operator
begin_operator
push-unitarypipe s12 b0 a1 a2 b5 lco oca1 ta1-2-lco ta2-1-oca1
0
5
0 0 9 0
0 2 2 0
0 9 0 3
0 18 1 0
0 24 0 1
1
end_operator
begin_operator
push-unitarypipe s12 b0 a1 a2 b5 lco oca1 ta1-2-lco ta2-2-oca1
0
5
0 0 9 0
0 2 2 0
0 9 0 3
0 18 1 0
0 27 0 1
1
end_operator
begin_operator
push-unitarypipe s12 b0 a1 a2 b5 lco oca1 ta1-3-lco ta2-1-oca1
0
5
0 0 9 0
0 2 2 0
0 9 0 3
0 21 1 0
0 24 0 1
1
end_operator
begin_operator
push-unitarypipe s12 b0 a1 a2 b5 lco oca1 ta1-3-lco ta2-2-oca1
0
5
0 0 9 0
0 2 2 0
0 9 0 3
0 21 1 0
0 27 0 1
1
end_operator
begin_operator
push-unitarypipe s12 b0 a1 a2 b6 lco lco ta1-1-lco ta2-1-lco
0
5
0 0 10 0
0 2 2 0
0 10 0 3
0 15 1 0
0 23 0 1
1
end_operator
begin_operator
push-unitarypipe s12 b0 a1 a2 b6 lco lco ta1-1-lco ta2-2-lco
0
5
0 0 10 0
0 2 2 0
0 10 0 3
0 15 1 0
0 26 0 1
1
end_operator
begin_operator
push-unitarypipe s12 b0 a1 a2 b6 lco lco ta1-1-lco ta2-3-lco
0
5
0 0 10 0
0 2 2 0
0 10 0 3
0 15 1 0
0 29 0 1
1
end_operator
begin_operator
push-unitarypipe s12 b0 a1 a2 b6 lco lco ta1-2-lco ta2-1-lco
0
5
0 0 10 0
0 2 2 0
0 10 0 3
0 18 1 0
0 23 0 1
1
end_operator
begin_operator
push-unitarypipe s12 b0 a1 a2 b6 lco lco ta1-2-lco ta2-2-lco
0
5
0 0 10 0
0 2 2 0
0 10 0 3
0 18 1 0
0 26 0 1
1
end_operator
begin_operator
push-unitarypipe s12 b0 a1 a2 b6 lco lco ta1-2-lco ta2-3-lco
0
5
0 0 10 0
0 2 2 0
0 10 0 3
0 18 1 0
0 29 0 1
1
end_operator
begin_operator
push-unitarypipe s12 b0 a1 a2 b6 lco lco ta1-3-lco ta2-1-lco
0
5
0 0 10 0
0 2 2 0
0 10 0 3
0 21 1 0
0 23 0 1
1
end_operator
begin_operator
push-unitarypipe s12 b0 a1 a2 b6 lco lco ta1-3-lco ta2-2-lco
0
5
0 0 10 0
0 2 2 0
0 10 0 3
0 21 1 0
0 26 0 1
1
end_operator
begin_operator
push-unitarypipe s12 b0 a1 a2 b6 lco lco ta1-3-lco ta2-3-lco
0
5
0 0 10 0
0 2 2 0
0 10 0 3
0 21 1 0
0 29 0 1
1
end_operator
begin_operator
push-unitarypipe s12 b0 a1 a2 b7 lco oca1 ta1-1-lco ta2-1-oca1
0
5
0 0 11 0
0 2 2 0
0 11 0 3
0 15 1 0
0 24 0 1
1
end_operator
begin_operator
push-unitarypipe s12 b0 a1 a2 b7 lco oca1 ta1-1-lco ta2-2-oca1
0
5
0 0 11 0
0 2 2 0
0 11 0 3
0 15 1 0
0 27 0 1
1
end_operator
begin_operator
push-unitarypipe s12 b0 a1 a2 b7 lco oca1 ta1-2-lco ta2-1-oca1
0
5
0 0 11 0
0 2 2 0
0 11 0 3
0 18 1 0
0 24 0 1
1
end_operator
begin_operator
push-unitarypipe s12 b0 a1 a2 b7 lco oca1 ta1-2-lco ta2-2-oca1
0
5
0 0 11 0
0 2 2 0
0 11 0 3
0 18 1 0
0 27 0 1
1
end_operator
begin_operator
push-unitarypipe s12 b0 a1 a2 b7 lco oca1 ta1-3-lco ta2-1-oca1
0
5
0 0 11 0
0 2 2 0
0 11 0 3
0 21 1 0
0 24 0 1
1
end_operator
begin_operator
push-unitarypipe s12 b0 a1 a2 b7 lco oca1 ta1-3-lco ta2-2-oca1
0
5
0 0 11 0
0 2 2 0
0 11 0 3
0 21 1 0
0 27 0 1
1
end_operator
begin_operator
push-unitarypipe s12 b0 a1 a2 b8 lco rat-a ta1-1-lco ta2-1-rat-a
0
5
0 0 12 0
0 2 2 0
0 12 0 3
0 15 1 0
0 25 0 1
1
end_operator
begin_operator
push-unitarypipe s12 b0 a1 a2 b8 lco rat-a ta1-1-lco ta2-2-rat-a
0
5
0 0 12 0
0 2 2 0
0 12 0 3
0 15 1 0
0 28 0 1
1
end_operator
begin_operator
push-unitarypipe s12 b0 a1 a2 b8 lco rat-a ta1-2-lco ta2-1-rat-a
0
5
0 0 12 0
0 2 2 0
0 12 0 3
0 18 1 0
0 25 0 1
1
end_operator
begin_operator
push-unitarypipe s12 b0 a1 a2 b8 lco rat-a ta1-2-lco ta2-2-rat-a
0
5
0 0 12 0
0 2 2 0
0 12 0 3
0 18 1 0
0 28 0 1
1
end_operator
begin_operator
push-unitarypipe s12 b0 a1 a2 b8 lco rat-a ta1-3-lco ta2-1-rat-a
0
5
0 0 12 0
0 2 2 0
0 12 0 3
0 21 1 0
0 25 0 1
1
end_operator
begin_operator
push-unitarypipe s12 b0 a1 a2 b8 lco rat-a ta1-3-lco ta2-2-rat-a
0
5
0 0 12 0
0 2 2 0
0 12 0 3
0 21 1 0
0 28 0 1
1
end_operator
begin_operator
push-unitarypipe s12 b0 a1 a2 b9 lco rat-a ta1-1-lco ta2-1-rat-a
0
5
0 0 13 0
0 2 2 0
0 13 0 3
0 15 1 0
0 25 0 1
1
end_operator
begin_operator
push-unitarypipe s12 b0 a1 a2 b9 lco rat-a ta1-1-lco ta2-2-rat-a
0
5
0 0 13 0
0 2 2 0
0 13 0 3
0 15 1 0
0 28 0 1
1
end_operator
begin_operator
push-unitarypipe s12 b0 a1 a2 b9 lco rat-a ta1-2-lco ta2-1-rat-a
0
5
0 0 13 0
0 2 2 0
0 13 0 3
0 18 1 0
0 25 0 1
1
end_operator
begin_operator
push-unitarypipe s12 b0 a1 a2 b9 lco rat-a ta1-2-lco ta2-2-rat-a
0
5
0 0 13 0
0 2 2 0
0 13 0 3
0 18 1 0
0 28 0 1
1
end_operator
begin_operator
push-unitarypipe s12 b0 a1 a2 b9 lco rat-a ta1-3-lco ta2-1-rat-a
0
5
0 0 13 0
0 2 2 0
0 13 0 3
0 21 1 0
0 25 0 1
1
end_operator
begin_operator
push-unitarypipe s12 b0 a1 a2 b9 lco rat-a ta1-3-lco ta2-2-rat-a
0
5
0 0 13 0
0 2 2 0
0 13 0 3
0 21 1 0
0 28 0 1
1
end_operator
begin_operator
push-unitarypipe s12 b1 a1 a2 b0 lco lco ta1-1-lco ta2-1-lco
0
5
0 0 0 1
0 2 0 3
0 3 2 0
0 15 1 0
0 23 0 1
1
end_operator
begin_operator
push-unitarypipe s12 b1 a1 a2 b0 lco lco ta1-1-lco ta2-2-lco
0
5
0 0 0 1
0 2 0 3
0 3 2 0
0 15 1 0
0 26 0 1
1
end_operator
begin_operator
push-unitarypipe s12 b1 a1 a2 b0 lco lco ta1-1-lco ta2-3-lco
0
5
0 0 0 1
0 2 0 3
0 3 2 0
0 15 1 0
0 29 0 1
1
end_operator
begin_operator
push-unitarypipe s12 b1 a1 a2 b0 lco lco ta1-2-lco ta2-1-lco
0
5
0 0 0 1
0 2 0 3
0 3 2 0
0 18 1 0
0 23 0 1
1
end_operator
begin_operator
push-unitarypipe s12 b1 a1 a2 b0 lco lco ta1-2-lco ta2-2-lco
0
5
0 0 0 1
0 2 0 3
0 3 2 0
0 18 1 0
0 26 0 1
1
end_operator
begin_operator
push-unitarypipe s12 b1 a1 a2 b0 lco lco ta1-2-lco ta2-3-lco
0
5
0 0 0 1
0 2 0 3
0 3 2 0
0 18 1 0
0 29 0 1
1
end_operator
begin_operator
push-unitarypipe s12 b1 a1 a2 b0 lco lco ta1-3-lco ta2-1-lco
0
5
0 0 0 1
0 2 0 3
0 3 2 0
0 21 1 0
0 23 0 1
1
end_operator
begin_operator
push-unitarypipe s12 b1 a1 a2 b0 lco lco ta1-3-lco ta2-2-lco
0
5
0 0 0 1
0 2 0 3
0 3 2 0
0 21 1 0
0 26 0 1
1
end_operator
begin_operator
push-unitarypipe s12 b1 a1 a2 b0 lco lco ta1-3-lco ta2-3-lco
0
5
0 0 0 1
0 2 0 3
0 3 2 0
0 21 1 0
0 29 0 1
1
end_operator
begin_operator
push-unitarypipe s12 b1 a1 a2 b10 lco oca1 ta1-1-lco ta2-1-oca1
0
5
0 0 2 1
0 3 2 0
0 4 0 3
0 15 1 0
0 24 0 1
1
end_operator
begin_operator
push-unitarypipe s12 b1 a1 a2 b10 lco oca1 ta1-1-lco ta2-2-oca1
0
5
0 0 2 1
0 3 2 0
0 4 0 3
0 15 1 0
0 27 0 1
1
end_operator
begin_operator
push-unitarypipe s12 b1 a1 a2 b10 lco oca1 ta1-2-lco ta2-1-oca1
0
5
0 0 2 1
0 3 2 0
0 4 0 3
0 18 1 0
0 24 0 1
1
end_operator
begin_operator
push-unitarypipe s12 b1 a1 a2 b10 lco oca1 ta1-2-lco ta2-2-oca1
0
5
0 0 2 1
0 3 2 0
0 4 0 3
0 18 1 0
0 27 0 1
1
end_operator
begin_operator
push-unitarypipe s12 b1 a1 a2 b10 lco oca1 ta1-3-lco ta2-1-oca1
0
5
0 0 2 1
0 3 2 0
0 4 0 3
0 21 1 0
0 24 0 1
1
end_operator
begin_operator
push-unitarypipe s12 b1 a1 a2 b10 lco oca1 ta1-3-lco ta2-2-oca1
0
5
0 0 2 1
0 3 2 0
0 4 0 3
0 21 1 0
0 27 0 1
1
end_operator
begin_operator
push-unitarypipe s12 b1 a1 a2 b11 lco gasoleo ta1-1-lco ta2-1-gasoleo
0
5
0 0 3 1
0 3 2 0
0 15 1 0
0 22 0 1
0 38 0 3
1
end_operator
begin_operator
push-unitarypipe s12 b1 a1 a2 b11 lco gasoleo ta1-2-lco ta2-1-gasoleo
0
5
0 0 3 1
0 3 2 0
0 18 1 0
0 22 0 1
0 38 0 3
1
end_operator
begin_operator
push-unitarypipe s12 b1 a1 a2 b11 lco gasoleo ta1-3-lco ta2-1-gasoleo
0
5
0 0 3 1
0 3 2 0
0 21 1 0
0 22 0 1
0 38 0 3
1
end_operator
begin_operator
push-unitarypipe s12 b1 a1 a2 b12 lco rat-a ta1-1-lco ta2-1-rat-a
0
5
0 0 4 1
0 3 2 0
0 5 0 3
0 15 1 0
0 25 0 1
1
end_operator
begin_operator
push-unitarypipe s12 b1 a1 a2 b12 lco rat-a ta1-1-lco ta2-2-rat-a
0
5
0 0 4 1
0 3 2 0
0 5 0 3
0 15 1 0
0 28 0 1
1
end_operator
begin_operator
push-unitarypipe s12 b1 a1 a2 b12 lco rat-a ta1-2-lco ta2-1-rat-a
0
5
0 0 4 1
0 3 2 0
0 5 0 3
0 18 1 0
0 25 0 1
1
end_operator
begin_operator
push-unitarypipe s12 b1 a1 a2 b12 lco rat-a ta1-2-lco ta2-2-rat-a
0
5
0 0 4 1
0 3 2 0
0 5 0 3
0 18 1 0
0 28 0 1
1
end_operator
begin_operator
push-unitarypipe s12 b1 a1 a2 b12 lco rat-a ta1-3-lco ta2-1-rat-a
0
5
0 0 4 1
0 3 2 0
0 5 0 3
0 21 1 0
0 25 0 1
1
end_operator
begin_operator
push-unitarypipe s12 b1 a1 a2 b12 lco rat-a ta1-3-lco ta2-2-rat-a
0
5
0 0 4 1
0 3 2 0
0 5 0 3
0 21 1 0
0 28 0 1
1
end_operator
begin_operator
push-unitarypipe s12 b1 a1 a2 b13 lco rat-a ta1-1-lco ta2-1-rat-a
0
5
0 0 5 1
0 3 2 0
0 6 0 3
0 15 1 0
0 25 0 1
1
end_operator
begin_operator
push-unitarypipe s12 b1 a1 a2 b13 lco rat-a ta1-1-lco ta2-2-rat-a
0
5
0 0 5 1
0 3 2 0
0 6 0 3
0 15 1 0
0 28 0 1
1
end_operator
begin_operator
push-unitarypipe s12 b1 a1 a2 b13 lco rat-a ta1-2-lco ta2-1-rat-a
0
5
0 0 5 1
0 3 2 0
0 6 0 3
0 18 1 0
0 25 0 1
1
end_operator
begin_operator
push-unitarypipe s12 b1 a1 a2 b13 lco rat-a ta1-2-lco ta2-2-rat-a
0
5
0 0 5 1
0 3 2 0
0 6 0 3
0 18 1 0
0 28 0 1
1
end_operator
begin_operator
push-unitarypipe s12 b1 a1 a2 b13 lco rat-a ta1-3-lco ta2-1-rat-a
0
5
0 0 5 1
0 3 2 0
0 6 0 3
0 21 1 0
0 25 0 1
1
end_operator
begin_operator
push-unitarypipe s12 b1 a1 a2 b13 lco rat-a ta1-3-lco ta2-2-rat-a
0
5
0 0 5 1
0 3 2 0
0 6 0 3
0 21 1 0
0 28 0 1
1
end_operator
begin_operator
push-unitarypipe s12 b1 a1 a2 b3 lco lco ta1-1-lco ta2-1-lco
0
5
0 0 7 1
0 3 2 0
0 7 0 3
0 15 1 0
0 23 0 1
1
end_operator
begin_operator
push-unitarypipe s12 b1 a1 a2 b3 lco lco ta1-1-lco ta2-2-lco
0
5
0 0 7 1
0 3 2 0
0 7 0 3
0 15 1 0
0 26 0 1
1
end_operator
begin_operator
push-unitarypipe s12 b1 a1 a2 b3 lco lco ta1-1-lco ta2-3-lco
0
5
0 0 7 1
0 3 2 0
0 7 0 3
0 15 1 0
0 29 0 1
1
end_operator
begin_operator
push-unitarypipe s12 b1 a1 a2 b3 lco lco ta1-2-lco ta2-1-lco
0
5
0 0 7 1
0 3 2 0
0 7 0 3
0 18 1 0
0 23 0 1
1
end_operator
begin_operator
push-unitarypipe s12 b1 a1 a2 b3 lco lco ta1-2-lco ta2-2-lco
0
5
0 0 7 1
0 3 2 0
0 7 0 3
0 18 1 0
0 26 0 1
1
end_operator
begin_operator
push-unitarypipe s12 b1 a1 a2 b3 lco lco ta1-2-lco ta2-3-lco
0
5
0 0 7 1
0 3 2 0
0 7 0 3
0 18 1 0
0 29 0 1
1
end_operator
begin_operator
push-unitarypipe s12 b1 a1 a2 b3 lco lco ta1-3-lco ta2-1-lco
0
5
0 0 7 1
0 3 2 0
0 7 0 3
0 21 1 0
0 23 0 1
1
end_operator
begin_operator
push-unitarypipe s12 b1 a1 a2 b3 lco lco ta1-3-lco ta2-2-lco
0
5
0 0 7 1
0 3 2 0
0 7 0 3
0 21 1 0
0 26 0 1
1
end_operator
begin_operator
push-unitarypipe s12 b1 a1 a2 b3 lco lco ta1-3-lco ta2-3-lco
0
5
0 0 7 1
0 3 2 0
0 7 0 3
0 21 1 0
0 29 0 1
1
end_operator
begin_operator
push-unitarypipe s12 b1 a1 a2 b4 lco lco ta1-1-lco ta2-1-lco
0
5
0 0 8 1
0 3 2 0
0 8 0 3
0 15 1 0
0 23 0 1
1
end_operator
begin_operator
push-unitarypipe s12 b1 a1 a2 b4 lco lco ta1-1-lco ta2-2-lco
0
5
0 0 8 1
0 3 2 0
0 8 0 3
0 15 1 0
0 26 0 1
1
end_operator
begin_operator
push-unitarypipe s12 b1 a1 a2 b4 lco lco ta1-1-lco ta2-3-lco
0
5
0 0 8 1
0 3 2 0
0 8 0 3
0 15 1 0
0 29 0 1
1
end_operator
begin_operator
push-unitarypipe s12 b1 a1 a2 b4 lco lco ta1-2-lco ta2-1-lco
0
5
0 0 8 1
0 3 2 0
0 8 0 3
0 18 1 0
0 23 0 1
1
end_operator
begin_operator
push-unitarypipe s12 b1 a1 a2 b4 lco lco ta1-2-lco ta2-2-lco
0
5
0 0 8 1
0 3 2 0
0 8 0 3
0 18 1 0
0 26 0 1
1
end_operator
begin_operator
push-unitarypipe s12 b1 a1 a2 b4 lco lco ta1-2-lco ta2-3-lco
0
5
0 0 8 1
0 3 2 0
0 8 0 3
0 18 1 0
0 29 0 1
1
end_operator
begin_operator
push-unitarypipe s12 b1 a1 a2 b4 lco lco ta1-3-lco ta2-1-lco
0
5
0 0 8 1
0 3 2 0
0 8 0 3
0 21 1 0
0 23 0 1
1
end_operator
begin_operator
push-unitarypipe s12 b1 a1 a2 b4 lco lco ta1-3-lco ta2-2-lco
0
5
0 0 8 1
0 3 2 0
0 8 0 3
0 21 1 0
0 26 0 1
1
end_operator
begin_operator
push-unitarypipe s12 b1 a1 a2 b4 lco lco ta1-3-lco ta2-3-lco
0
5
0 0 8 1
0 3 2 0
0 8 0 3
0 21 1 0
0 29 0 1
1
end_operator
begin_operator
push-unitarypipe s12 b1 a1 a2 b5 lco oca1 ta1-1-lco ta2-1-oca1
0
5
0 0 9 1
0 3 2 0
0 9 0 3
0 15 1 0
0 24 0 1
1
end_operator
begin_operator
push-unitarypipe s12 b1 a1 a2 b5 lco oca1 ta1-1-lco ta2-2-oca1
0
5
0 0 9 1
0 3 2 0
0 9 0 3
0 15 1 0
0 27 0 1
1
end_operator
begin_operator
push-unitarypipe s12 b1 a1 a2 b5 lco oca1 ta1-2-lco ta2-1-oca1
0
5
0 0 9 1
0 3 2 0
0 9 0 3
0 18 1 0
0 24 0 1
1
end_operator
begin_operator
push-unitarypipe s12 b1 a1 a2 b5 lco oca1 ta1-2-lco ta2-2-oca1
0
5
0 0 9 1
0 3 2 0
0 9 0 3
0 18 1 0
0 27 0 1
1
end_operator
begin_operator
push-unitarypipe s12 b1 a1 a2 b5 lco oca1 ta1-3-lco ta2-1-oca1
0
5
0 0 9 1
0 3 2 0
0 9 0 3
0 21 1 0
0 24 0 1
1
end_operator
begin_operator
push-unitarypipe s12 b1 a1 a2 b5 lco oca1 ta1-3-lco ta2-2-oca1
0
5
0 0 9 1
0 3 2 0
0 9 0 3
0 21 1 0
0 27 0 1
1
end_operator
begin_operator
push-unitarypipe s12 b1 a1 a2 b6 lco lco ta1-1-lco ta2-1-lco
0
5
0 0 10 1
0 3 2 0
0 10 0 3
0 15 1 0
0 23 0 1
1
end_operator
begin_operator
push-unitarypipe s12 b1 a1 a2 b6 lco lco ta1-1-lco ta2-2-lco
0
5
0 0 10 1
0 3 2 0
0 10 0 3
0 15 1 0
0 26 0 1
1
end_operator
begin_operator
push-unitarypipe s12 b1 a1 a2 b6 lco lco ta1-1-lco ta2-3-lco
0
5
0 0 10 1
0 3 2 0
0 10 0 3
0 15 1 0
0 29 0 1
1
end_operator
begin_operator
push-unitarypipe s12 b1 a1 a2 b6 lco lco ta1-2-lco ta2-1-lco
0
5
0 0 10 1
0 3 2 0
0 10 0 3
0 18 1 0
0 23 0 1
1
end_operator
begin_operator
push-unitarypipe s12 b1 a1 a2 b6 lco lco ta1-2-lco ta2-2-lco
0
5
0 0 10 1
0 3 2 0
0 10 0 3
0 18 1 0
0 26 0 1
1
end_operator
begin_operator
push-unitarypipe s12 b1 a1 a2 b6 lco lco ta1-2-lco ta2-3-lco
0
5
0 0 10 1
0 3 2 0
0 10 0 3
0 18 1 0
0 29 0 1
1
end_operator
begin_operator
push-unitarypipe s12 b1 a1 a2 b6 lco lco ta1-3-lco ta2-1-lco
0
5
0 0 10 1
0 3 2 0
0 10 0 3
0 21 1 0
0 23 0 1
1
end_operator
begin_operator
push-unitarypipe s12 b1 a1 a2 b6 lco lco ta1-3-lco ta2-2-lco
0
5
0 0 10 1
0 3 2 0
0 10 0 3
0 21 1 0
0 26 0 1
1
end_operator
begin_operator
push-unitarypipe s12 b1 a1 a2 b6 lco lco ta1-3-lco ta2-3-lco
0
5
0 0 10 1
0 3 2 0
0 10 0 3
0 21 1 0
0 29 0 1
1
end_operator
begin_operator
push-unitarypipe s12 b1 a1 a2 b7 lco oca1 ta1-1-lco ta2-1-oca1
0
5
0 0 11 1
0 3 2 0
0 11 0 3
0 15 1 0
0 24 0 1
1
end_operator
begin_operator
push-unitarypipe s12 b1 a1 a2 b7 lco oca1 ta1-1-lco ta2-2-oca1
0
5
0 0 11 1
0 3 2 0
0 11 0 3
0 15 1 0
0 27 0 1
1
end_operator
begin_operator
push-unitarypipe s12 b1 a1 a2 b7 lco oca1 ta1-2-lco ta2-1-oca1
0
5
0 0 11 1
0 3 2 0
0 11 0 3
0 18 1 0
0 24 0 1
1
end_operator
begin_operator
push-unitarypipe s12 b1 a1 a2 b7 lco oca1 ta1-2-lco ta2-2-oca1
0
5
0 0 11 1
0 3 2 0
0 11 0 3
0 18 1 0
0 27 0 1
1
end_operator
begin_operator
push-unitarypipe s12 b1 a1 a2 b7 lco oca1 ta1-3-lco ta2-1-oca1
0
5
0 0 11 1
0 3 2 0
0 11 0 3
0 21 1 0
0 24 0 1
1
end_operator
begin_operator
push-unitarypipe s12 b1 a1 a2 b7 lco oca1 ta1-3-lco ta2-2-oca1
0
5
0 0 11 1
0 3 2 0
0 11 0 3
0 21 1 0
0 27 0 1
1
end_operator
begin_operator
push-unitarypipe s12 b1 a1 a2 b8 lco rat-a ta1-1-lco ta2-1-rat-a
0
5
0 0 12 1
0 3 2 0
0 12 0 3
0 15 1 0
0 25 0 1
1
end_operator
begin_operator
push-unitarypipe s12 b1 a1 a2 b8 lco rat-a ta1-1-lco ta2-2-rat-a
0
5
0 0 12 1
0 3 2 0
0 12 0 3
0 15 1 0
0 28 0 1
1
end_operator
begin_operator
push-unitarypipe s12 b1 a1 a2 b8 lco rat-a ta1-2-lco ta2-1-rat-a
0
5
0 0 12 1
0 3 2 0
0 12 0 3
0 18 1 0
0 25 0 1
1
end_operator
begin_operator
push-unitarypipe s12 b1 a1 a2 b8 lco rat-a ta1-2-lco ta2-2-rat-a
0
5
0 0 12 1
0 3 2 0
0 12 0 3
0 18 1 0
0 28 0 1
1
end_operator
begin_operator
push-unitarypipe s12 b1 a1 a2 b8 lco rat-a ta1-3-lco ta2-1-rat-a
0
5
0 0 12 1
0 3 2 0
0 12 0 3
0 21 1 0
0 25 0 1
1
end_operator
begin_operator
push-unitarypipe s12 b1 a1 a2 b8 lco rat-a ta1-3-lco ta2-2-rat-a
0
5
0 0 12 1
0 3 2 0
0 12 0 3
0 21 1 0
0 28 0 1
1
end_operator
begin_operator
push-unitarypipe s12 b1 a1 a2 b9 lco rat-a ta1-1-lco ta2-1-rat-a
0
5
0 0 13 1
0 3 2 0
0 13 0 3
0 15 1 0
0 25 0 1
1
end_operator
begin_operator
push-unitarypipe s12 b1 a1 a2 b9 lco rat-a ta1-1-lco ta2-2-rat-a
0
5
0 0 13 1
0 3 2 0
0 13 0 3
0 15 1 0
0 28 0 1
1
end_operator
begin_operator
push-unitarypipe s12 b1 a1 a2 b9 lco rat-a ta1-2-lco ta2-1-rat-a
0
5
0 0 13 1
0 3 2 0
0 13 0 3
0 18 1 0
0 25 0 1
1
end_operator
begin_operator
push-unitarypipe s12 b1 a1 a2 b9 lco rat-a ta1-2-lco ta2-2-rat-a
0
5
0 0 13 1
0 3 2 0
0 13 0 3
0 18 1 0
0 28 0 1
1
end_operator
begin_operator
push-unitarypipe s12 b1 a1 a2 b9 lco rat-a ta1-3-lco ta2-1-rat-a
0
5
0 0 13 1
0 3 2 0
0 13 0 3
0 21 1 0
0 25 0 1
1
end_operator
begin_operator
push-unitarypipe s12 b1 a1 a2 b9 lco rat-a ta1-3-lco ta2-2-rat-a
0
5
0 0 13 1
0 3 2 0
0 13 0 3
0 21 1 0
0 28 0 1
1
end_operator
begin_operator
push-unitarypipe s12 b10 a1 a2 b0 oca1 lco ta1-1-oca1 ta2-1-lco
0
5
0 0 0 2
0 2 0 3
0 4 2 0
0 16 1 0
0 23 0 1
1
end_operator
begin_operator
push-unitarypipe s12 b10 a1 a2 b0 oca1 lco ta1-1-oca1 ta2-2-lco
0
5
0 0 0 2
0 2 0 3
0 4 2 0
0 16 1 0
0 26 0 1
1
end_operator
begin_operator
push-unitarypipe s12 b10 a1 a2 b0 oca1 lco ta1-1-oca1 ta2-3-lco
0
5
0 0 0 2
0 2 0 3
0 4 2 0
0 16 1 0
0 29 0 1
1
end_operator
begin_operator
push-unitarypipe s12 b10 a1 a2 b0 oca1 lco ta1-2-oca1 ta2-1-lco
0
5
0 0 0 2
0 2 0 3
0 4 2 0
0 19 1 0
0 23 0 1
1
end_operator
begin_operator
push-unitarypipe s12 b10 a1 a2 b0 oca1 lco ta1-2-oca1 ta2-2-lco
0
5
0 0 0 2
0 2 0 3
0 4 2 0
0 19 1 0
0 26 0 1
1
end_operator
begin_operator
push-unitarypipe s12 b10 a1 a2 b0 oca1 lco ta1-2-oca1 ta2-3-lco
0
5
0 0 0 2
0 2 0 3
0 4 2 0
0 19 1 0
0 29 0 1
1
end_operator
begin_operator
push-unitarypipe s12 b10 a1 a2 b1 oca1 lco ta1-1-oca1 ta2-1-lco
0
5
0 0 1 2
0 3 0 3
0 4 2 0
0 16 1 0
0 23 0 1
1
end_operator
begin_operator
push-unitarypipe s12 b10 a1 a2 b1 oca1 lco ta1-1-oca1 ta2-2-lco
0
5
0 0 1 2
0 3 0 3
0 4 2 0
0 16 1 0
0 26 0 1
1
end_operator
begin_operator
push-unitarypipe s12 b10 a1 a2 b1 oca1 lco ta1-1-oca1 ta2-3-lco
0
5
0 0 1 2
0 3 0 3
0 4 2 0
0 16 1 0
0 29 0 1
1
end_operator
begin_operator
push-unitarypipe s12 b10 a1 a2 b1 oca1 lco ta1-2-oca1 ta2-1-lco
0
5
0 0 1 2
0 3 0 3
0 4 2 0
0 19 1 0
0 23 0 1
1
end_operator
begin_operator
push-unitarypipe s12 b10 a1 a2 b1 oca1 lco ta1-2-oca1 ta2-2-lco
0
5
0 0 1 2
0 3 0 3
0 4 2 0
0 19 1 0
0 26 0 1
1
end_operator
begin_operator
push-unitarypipe s12 b10 a1 a2 b1 oca1 lco ta1-2-oca1 ta2-3-lco
0
5
0 0 1 2
0 3 0 3
0 4 2 0
0 19 1 0
0 29 0 1
1
end_operator
begin_operator
push-unitarypipe s12 b10 a1 a2 b11 oca1 gasoleo ta1-1-oca1 ta2-1-gasoleo
0
5
0 0 3 2
0 4 2 0
0 16 1 0
0 22 0 1
0 38 0 3
1
end_operator
begin_operator
push-unitarypipe s12 b10 a1 a2 b11 oca1 gasoleo ta1-2-oca1 ta2-1-gasoleo
0
5
0 0 3 2
0 4 2 0
0 19 1 0
0 22 0 1
0 38 0 3
1
end_operator
begin_operator
push-unitarypipe s12 b10 a1 a2 b3 oca1 lco ta1-1-oca1 ta2-1-lco
0
5
0 0 7 2
0 4 2 0
0 7 0 3
0 16 1 0
0 23 0 1
1
end_operator
begin_operator
push-unitarypipe s12 b10 a1 a2 b3 oca1 lco ta1-1-oca1 ta2-2-lco
0
5
0 0 7 2
0 4 2 0
0 7 0 3
0 16 1 0
0 26 0 1
1
end_operator
begin_operator
push-unitarypipe s12 b10 a1 a2 b3 oca1 lco ta1-1-oca1 ta2-3-lco
0
5
0 0 7 2
0 4 2 0
0 7 0 3
0 16 1 0
0 29 0 1
1
end_operator
begin_operator
push-unitarypipe s12 b10 a1 a2 b3 oca1 lco ta1-2-oca1 ta2-1-lco
0
5
0 0 7 2
0 4 2 0
0 7 0 3
0 19 1 0
0 23 0 1
1
end_operator
begin_operator
push-unitarypipe s12 b10 a1 a2 b3 oca1 lco ta1-2-oca1 ta2-2-lco
0
5
0 0 7 2
0 4 2 0
0 7 0 3
0 19 1 0
0 26 0 1
1
end_operator
begin_operator
push-unitarypipe s12 b10 a1 a2 b3 oca1 lco ta1-2-oca1 ta2-3-lco
0
5
0 0 7 2
0 4 2 0
0 7 0 3
0 19 1 0
0 29 0 1
1
end_operator
begin_operator
push-unitarypipe s12 b10 a1 a2 b4 oca1 lco ta1-1-oca1 ta2-1-lco
0
5
0 0 8 2
0 4 2 0
0 8 0 3
0 16 1 0
0 23 0 1
1
end_operator
begin_operator
push-unitarypipe s12 b10 a1 a2 b4 oca1 lco ta1-1-oca1 ta2-2-lco
0
5
0 0 8 2
0 4 2 0
0 8 0 3
0 16 1 0
0 26 0 1
1
end_operator
begin_operator
push-unitarypipe s12 b10 a1 a2 b4 oca1 lco ta1-1-oca1 ta2-3-lco
0
5
0 0 8 2
0 4 2 0
0 8 0 3
0 16 1 0
0 29 0 1
1
end_operator
begin_operator
push-unitarypipe s12 b10 a1 a2 b4 oca1 lco ta1-2-oca1 ta2-1-lco
0
5
0 0 8 2
0 4 2 0
0 8 0 3
0 19 1 0
0 23 0 1
1
end_operator
begin_operator
push-unitarypipe s12 b10 a1 a2 b4 oca1 lco ta1-2-oca1 ta2-2-lco
0
5
0 0 8 2
0 4 2 0
0 8 0 3
0 19 1 0
0 26 0 1
1
end_operator
begin_operator
push-unitarypipe s12 b10 a1 a2 b4 oca1 lco ta1-2-oca1 ta2-3-lco
0
5
0 0 8 2
0 4 2 0
0 8 0 3
0 19 1 0
0 29 0 1
1
end_operator
begin_operator
push-unitarypipe s12 b10 a1 a2 b5 oca1 oca1 ta1-1-oca1 ta2-1-oca1
0
5
0 0 9 2
0 4 2 0
0 9 0 3
0 16 1 0
0 24 0 1
1
end_operator
begin_operator
push-unitarypipe s12 b10 a1 a2 b5 oca1 oca1 ta1-1-oca1 ta2-2-oca1
0
5
0 0 9 2
0 4 2 0
0 9 0 3
0 16 1 0
0 27 0 1
1
end_operator
begin_operator
push-unitarypipe s12 b10 a1 a2 b5 oca1 oca1 ta1-2-oca1 ta2-1-oca1
0
5
0 0 9 2
0 4 2 0
0 9 0 3
0 19 1 0
0 24 0 1
1
end_operator
begin_operator
push-unitarypipe s12 b10 a1 a2 b5 oca1 oca1 ta1-2-oca1 ta2-2-oca1
0
5
0 0 9 2
0 4 2 0
0 9 0 3
0 19 1 0
0 27 0 1
1
end_operator
begin_operator
push-unitarypipe s12 b10 a1 a2 b6 oca1 lco ta1-1-oca1 ta2-1-lco
0
5
0 0 10 2
0 4 2 0
0 10 0 3
0 16 1 0
0 23 0 1
1
end_operator
begin_operator
push-unitarypipe s12 b10 a1 a2 b6 oca1 lco ta1-1-oca1 ta2-2-lco
0
5
0 0 10 2
0 4 2 0
0 10 0 3
0 16 1 0
0 26 0 1
1
end_operator
begin_operator
push-unitarypipe s12 b10 a1 a2 b6 oca1 lco ta1-1-oca1 ta2-3-lco
0
5
0 0 10 2
0 4 2 0
0 10 0 3
0 16 1 0
0 29 0 1
1
end_operator
begin_operator
push-unitarypipe s12 b10 a1 a2 b6 oca1 lco ta1-2-oca1 ta2-1-lco
0
5
0 0 10 2
0 4 2 0
0 10 0 3
0 19 1 0
0 23 0 1
1
end_operator
begin_operator
push-unitarypipe s12 b10 a1 a2 b6 oca1 lco ta1-2-oca1 ta2-2-lco
0
5
0 0 10 2
0 4 2 0
0 10 0 3
0 19 1 0
0 26 0 1
1
end_operator
begin_operator
push-unitarypipe s12 b10 a1 a2 b6 oca1 lco ta1-2-oca1 ta2-3-lco
0
5
0 0 10 2
0 4 2 0
0 10 0 3
0 19 1 0
0 29 0 1
1
end_operator
begin_operator
push-unitarypipe s12 b10 a1 a2 b7 oca1 oca1 ta1-1-oca1 ta2-1-oca1
0
5
0 0 11 2
0 4 2 0
0 11 0 3
0 16 1 0
0 24 0 1
1
end_operator
begin_operator
push-unitarypipe s12 b10 a1 a2 b7 oca1 oca1 ta1-1-oca1 ta2-2-oca1
0
5
0 0 11 2
0 4 2 0
0 11 0 3
0 16 1 0
0 27 0 1
1
end_operator
begin_operator
push-unitarypipe s12 b10 a1 a2 b7 oca1 oca1 ta1-2-oca1 ta2-1-oca1
0
5
0 0 11 2
0 4 2 0
0 11 0 3
0 19 1 0
0 24 0 1
1
end_operator
begin_operator
push-unitarypipe s12 b10 a1 a2 b7 oca1 oca1 ta1-2-oca1 ta2-2-oca1
0
5
0 0 11 2
0 4 2 0
0 11 0 3
0 19 1 0
0 27 0 1
1
end_operator
begin_operator
push-unitarypipe s12 b11 a1 a2 b0 gasoleo lco ta1-1-gasoleo ta2-1-lco
0
5
0 0 0 3
0 2 0 3
0 14 1 0
0 23 0 1
0 38 2 0
1
end_operator
begin_operator
push-unitarypipe s12 b11 a1 a2 b0 gasoleo lco ta1-1-gasoleo ta2-2-lco
0
5
0 0 0 3
0 2 0 3
0 14 1 0
0 26 0 1
0 38 2 0
1
end_operator
begin_operator
push-unitarypipe s12 b11 a1 a2 b0 gasoleo lco ta1-1-gasoleo ta2-3-lco
0
5
0 0 0 3
0 2 0 3
0 14 1 0
0 29 0 1
0 38 2 0
1
end_operator
begin_operator
push-unitarypipe s12 b11 a1 a2 b1 gasoleo lco ta1-1-gasoleo ta2-1-lco
0
5
0 0 1 3
0 3 0 3
0 14 1 0
0 23 0 1
0 38 2 0
1
end_operator
begin_operator
push-unitarypipe s12 b11 a1 a2 b1 gasoleo lco ta1-1-gasoleo ta2-2-lco
0
5
0 0 1 3
0 3 0 3
0 14 1 0
0 26 0 1
0 38 2 0
1
end_operator
begin_operator
push-unitarypipe s12 b11 a1 a2 b1 gasoleo lco ta1-1-gasoleo ta2-3-lco
0
5
0 0 1 3
0 3 0 3
0 14 1 0
0 29 0 1
0 38 2 0
1
end_operator
begin_operator
push-unitarypipe s12 b11 a1 a2 b10 gasoleo oca1 ta1-1-gasoleo ta2-1-oca1
0
5
0 0 2 3
0 4 0 3
0 14 1 0
0 24 0 1
0 38 2 0
1
end_operator
begin_operator
push-unitarypipe s12 b11 a1 a2 b10 gasoleo oca1 ta1-1-gasoleo ta2-2-oca1
0
5
0 0 2 3
0 4 0 3
0 14 1 0
0 27 0 1
0 38 2 0
1
end_operator
begin_operator
push-unitarypipe s12 b11 a1 a2 b12 gasoleo rat-a ta1-1-gasoleo ta2-1-rat-a
0
5
0 0 4 3
0 5 0 3
0 14 1 0
0 25 0 1
0 38 2 0
1
end_operator
begin_operator
push-unitarypipe s12 b11 a1 a2 b12 gasoleo rat-a ta1-1-gasoleo ta2-2-rat-a
0
5
0 0 4 3
0 5 0 3
0 14 1 0
0 28 0 1
0 38 2 0
1
end_operator
begin_operator
push-unitarypipe s12 b11 a1 a2 b13 gasoleo rat-a ta1-1-gasoleo ta2-1-rat-a
0
5
0 0 5 3
0 6 0 3
0 14 1 0
0 25 0 1
0 38 2 0
1
end_operator
begin_operator
push-unitarypipe s12 b11 a1 a2 b13 gasoleo rat-a ta1-1-gasoleo ta2-2-rat-a
0
5
0 0 5 3
0 6 0 3
0 14 1 0
0 28 0 1
0 38 2 0
1
end_operator
begin_operator
push-unitarypipe s12 b11 a1 a2 b3 gasoleo lco ta1-1-gasoleo ta2-1-lco
0
5
0 0 7 3
0 7 0 3
0 14 1 0
0 23 0 1
0 38 2 0
1
end_operator
begin_operator
push-unitarypipe s12 b11 a1 a2 b3 gasoleo lco ta1-1-gasoleo ta2-2-lco
0
5
0 0 7 3
0 7 0 3
0 14 1 0
0 26 0 1
0 38 2 0
1
end_operator
begin_operator
push-unitarypipe s12 b11 a1 a2 b3 gasoleo lco ta1-1-gasoleo ta2-3-lco
0
5
0 0 7 3
0 7 0 3
0 14 1 0
0 29 0 1
0 38 2 0
1
end_operator
begin_operator
push-unitarypipe s12 b11 a1 a2 b4 gasoleo lco ta1-1-gasoleo ta2-1-lco
0
5
0 0 8 3
0 8 0 3
0 14 1 0
0 23 0 1
0 38 2 0
1
end_operator
begin_operator
push-unitarypipe s12 b11 a1 a2 b4 gasoleo lco ta1-1-gasoleo ta2-2-lco
0
5
0 0 8 3
0 8 0 3
0 14 1 0
0 26 0 1
0 38 2 0
1
end_operator
begin_operator
push-unitarypipe s12 b11 a1 a2 b4 gasoleo lco ta1-1-gasoleo ta2-3-lco
0
5
0 0 8 3
0 8 0 3
0 14 1 0
0 29 0 1
0 38 2 0
1
end_operator
begin_operator
push-unitarypipe s12 b11 a1 a2 b5 gasoleo oca1 ta1-1-gasoleo ta2-1-oca1
0
5
0 0 9 3
0 9 0 3
0 14 1 0
0 24 0 1
0 38 2 0
1
end_operator
begin_operator
push-unitarypipe s12 b11 a1 a2 b5 gasoleo oca1 ta1-1-gasoleo ta2-2-oca1
0
5
0 0 9 3
0 9 0 3
0 14 1 0
0 27 0 1
0 38 2 0
1
end_operator
begin_operator
push-unitarypipe s12 b11 a1 a2 b6 gasoleo lco ta1-1-gasoleo ta2-1-lco
0
5
0 0 10 3
0 10 0 3
0 14 1 0
0 23 0 1
0 38 2 0
1
end_operator
begin_operator
push-unitarypipe s12 b11 a1 a2 b6 gasoleo lco ta1-1-gasoleo ta2-2-lco
0
5
0 0 10 3
0 10 0 3
0 14 1 0
0 26 0 1
0 38 2 0
1
end_operator
begin_operator
push-unitarypipe s12 b11 a1 a2 b6 gasoleo lco ta1-1-gasoleo ta2-3-lco
0
5
0 0 10 3
0 10 0 3
0 14 1 0
0 29 0 1
0 38 2 0
1
end_operator
begin_operator
push-unitarypipe s12 b11 a1 a2 b7 gasoleo oca1 ta1-1-gasoleo ta2-1-oca1
0
5
0 0 11 3
0 11 0 3
0 14 1 0
0 24 0 1
0 38 2 0
1
end_operator
begin_operator
push-unitarypipe s12 b11 a1 a2 b7 gasoleo oca1 ta1-1-gasoleo ta2-2-oca1
0
5
0 0 11 3
0 11 0 3
0 14 1 0
0 27 0 1
0 38 2 0
1
end_operator
begin_operator
push-unitarypipe s12 b11 a1 a2 b8 gasoleo rat-a ta1-1-gasoleo ta2-1-rat-a
0
5
0 0 12 3
0 12 0 3
0 14 1 0
0 25 0 1
0 38 2 0
1
end_operator
begin_operator
push-unitarypipe s12 b11 a1 a2 b8 gasoleo rat-a ta1-1-gasoleo ta2-2-rat-a
0
5
0 0 12 3
0 12 0 3
0 14 1 0
0 28 0 1
0 38 2 0
1
end_operator
begin_operator
push-unitarypipe s12 b11 a1 a2 b9 gasoleo rat-a ta1-1-gasoleo ta2-1-rat-a
0
5
0 0 13 3
0 13 0 3
0 14 1 0
0 25 0 1
0 38 2 0
1
end_operator
begin_operator
push-unitarypipe s12 b11 a1 a2 b9 gasoleo rat-a ta1-1-gasoleo ta2-2-rat-a
0
5
0 0 13 3
0 13 0 3
0 14 1 0
0 28 0 1
0 38 2 0
1
end_operator
begin_operator
push-unitarypipe s12 b12 a1 a2 b0 rat-a lco ta1-1-rat-a ta2-1-lco
0
5
0 0 0 4
0 2 0 3
0 5 2 0
0 17 1 0
0 23 0 1
1
end_operator
begin_operator
push-unitarypipe s12 b12 a1 a2 b0 rat-a lco ta1-1-rat-a ta2-2-lco
0
5
0 0 0 4
0 2 0 3
0 5 2 0
0 17 1 0
0 26 0 1
1
end_operator
begin_operator
push-unitarypipe s12 b12 a1 a2 b0 rat-a lco ta1-1-rat-a ta2-3-lco
0
5
0 0 0 4
0 2 0 3
0 5 2 0
0 17 1 0
0 29 0 1
1
end_operator
begin_operator
push-unitarypipe s12 b12 a1 a2 b0 rat-a lco ta1-2-rat-a ta2-1-lco
0
5
0 0 0 4
0 2 0 3
0 5 2 0
0 20 1 0
0 23 0 1
1
end_operator
begin_operator
push-unitarypipe s12 b12 a1 a2 b0 rat-a lco ta1-2-rat-a ta2-2-lco
0
5
0 0 0 4
0 2 0 3
0 5 2 0
0 20 1 0
0 26 0 1
1
end_operator
begin_operator
push-unitarypipe s12 b12 a1 a2 b0 rat-a lco ta1-2-rat-a ta2-3-lco
0
5
0 0 0 4
0 2 0 3
0 5 2 0
0 20 1 0
0 29 0 1
1
end_operator
begin_operator
push-unitarypipe s12 b12 a1 a2 b1 rat-a lco ta1-1-rat-a ta2-1-lco
0
5
0 0 1 4
0 3 0 3
0 5 2 0
0 17 1 0
0 23 0 1
1
end_operator
begin_operator
push-unitarypipe s12 b12 a1 a2 b1 rat-a lco ta1-1-rat-a ta2-2-lco
0
5
0 0 1 4
0 3 0 3
0 5 2 0
0 17 1 0
0 26 0 1
1
end_operator
begin_operator
push-unitarypipe s12 b12 a1 a2 b1 rat-a lco ta1-1-rat-a ta2-3-lco
0
5
0 0 1 4
0 3 0 3
0 5 2 0
0 17 1 0
0 29 0 1
1
end_operator
begin_operator
push-unitarypipe s12 b12 a1 a2 b1 rat-a lco ta1-2-rat-a ta2-1-lco
0
5
0 0 1 4
0 3 0 3
0 5 2 0
0 20 1 0
0 23 0 1
1
end_operator
begin_operator
push-unitarypipe s12 b12 a1 a2 b1 rat-a lco ta1-2-rat-a ta2-2-lco
0
5
0 0 1 4
0 3 0 3
0 5 2 0
0 20 1 0
0 26 0 1
1
end_operator
begin_operator
push-unitarypipe s12 b12 a1 a2 b1 rat-a lco ta1-2-rat-a ta2-3-lco
0
5
0 0 1 4
0 3 0 3
0 5 2 0
0 20 1 0
0 29 0 1
1
end_operator
begin_operator
push-unitarypipe s12 b12 a1 a2 b11 rat-a gasoleo ta1-1-rat-a ta2-1-gasoleo
0
5
0 0 3 4
0 5 2 0
0 17 1 0
0 22 0 1
0 38 0 3
1
end_operator
begin_operator
push-unitarypipe s12 b12 a1 a2 b11 rat-a gasoleo ta1-2-rat-a ta2-1-gasoleo
0
5
0 0 3 4
0 5 2 0
0 20 1 0
0 22 0 1
0 38 0 3
1
end_operator
begin_operator
push-unitarypipe s12 b12 a1 a2 b13 rat-a rat-a ta1-1-rat-a ta2-1-rat-a
0
5
0 0 5 4
0 5 2 0
0 6 0 3
0 17 1 0
0 25 0 1
1
end_operator
begin_operator
push-unitarypipe s12 b12 a1 a2 b13 rat-a rat-a ta1-1-rat-a ta2-2-rat-a
0
5
0 0 5 4
0 5 2 0
0 6 0 3
0 17 1 0
0 28 0 1
1
end_operator
begin_operator
push-unitarypipe s12 b12 a1 a2 b13 rat-a rat-a ta1-2-rat-a ta2-1-rat-a
0
5
0 0 5 4
0 5 2 0
0 6 0 3
0 20 1 0
0 25 0 1
1
end_operator
begin_operator
push-unitarypipe s12 b12 a1 a2 b13 rat-a rat-a ta1-2-rat-a ta2-2-rat-a
0
5
0 0 5 4
0 5 2 0
0 6 0 3
0 20 1 0
0 28 0 1
1
end_operator
begin_operator
push-unitarypipe s12 b12 a1 a2 b3 rat-a lco ta1-1-rat-a ta2-1-lco
0
5
0 0 7 4
0 5 2 0
0 7 0 3
0 17 1 0
0 23 0 1
1
end_operator
begin_operator
push-unitarypipe s12 b12 a1 a2 b3 rat-a lco ta1-1-rat-a ta2-2-lco
0
5
0 0 7 4
0 5 2 0
0 7 0 3
0 17 1 0
0 26 0 1
1
end_operator
begin_operator
push-unitarypipe s12 b12 a1 a2 b3 rat-a lco ta1-1-rat-a ta2-3-lco
0
5
0 0 7 4
0 5 2 0
0 7 0 3
0 17 1 0
0 29 0 1
1
end_operator
begin_operator
push-unitarypipe s12 b12 a1 a2 b3 rat-a lco ta1-2-rat-a ta2-1-lco
0
5
0 0 7 4
0 5 2 0
0 7 0 3
0 20 1 0
0 23 0 1
1
end_operator
begin_operator
push-unitarypipe s12 b12 a1 a2 b3 rat-a lco ta1-2-rat-a ta2-2-lco
0
5
0 0 7 4
0 5 2 0
0 7 0 3
0 20 1 0
0 26 0 1
1
end_operator
begin_operator
push-unitarypipe s12 b12 a1 a2 b3 rat-a lco ta1-2-rat-a ta2-3-lco
0
5
0 0 7 4
0 5 2 0
0 7 0 3
0 20 1 0
0 29 0 1
1
end_operator
begin_operator
push-unitarypipe s12 b12 a1 a2 b4 rat-a lco ta1-1-rat-a ta2-1-lco
0
5
0 0 8 4
0 5 2 0
0 8 0 3
0 17 1 0
0 23 0 1
1
end_operator
begin_operator
push-unitarypipe s12 b12 a1 a2 b4 rat-a lco ta1-1-rat-a ta2-2-lco
0
5
0 0 8 4
0 5 2 0
0 8 0 3
0 17 1 0
0 26 0 1
1
end_operator
begin_operator
push-unitarypipe s12 b12 a1 a2 b4 rat-a lco ta1-1-rat-a ta2-3-lco
0
5
0 0 8 4
0 5 2 0
0 8 0 3
0 17 1 0
0 29 0 1
1
end_operator
begin_operator
push-unitarypipe s12 b12 a1 a2 b4 rat-a lco ta1-2-rat-a ta2-1-lco
0
5
0 0 8 4
0 5 2 0
0 8 0 3
0 20 1 0
0 23 0 1
1
end_operator
begin_operator
push-unitarypipe s12 b12 a1 a2 b4 rat-a lco ta1-2-rat-a ta2-2-lco
0
5
0 0 8 4
0 5 2 0
0 8 0 3
0 20 1 0
0 26 0 1
1
end_operator
begin_operator
push-unitarypipe s12 b12 a1 a2 b4 rat-a lco ta1-2-rat-a ta2-3-lco
0
5
0 0 8 4
0 5 2 0
0 8 0 3
0 20 1 0
0 29 0 1
1
end_operator
begin_operator
push-unitarypipe s12 b12 a1 a2 b6 rat-a lco ta1-1-rat-a ta2-1-lco
0
5
0 0 10 4
0 5 2 0
0 10 0 3
0 17 1 0
0 23 0 1
1
end_operator
begin_operator
push-unitarypipe s12 b12 a1 a2 b6 rat-a lco ta1-1-rat-a ta2-2-lco
0
5
0 0 10 4
0 5 2 0
0 10 0 3
0 17 1 0
0 26 0 1
1
end_operator
begin_operator
push-unitarypipe s12 b12 a1 a2 b6 rat-a lco ta1-1-rat-a ta2-3-lco
0
5
0 0 10 4
0 5 2 0
0 10 0 3
0 17 1 0
0 29 0 1
1
end_operator
begin_operator
push-unitarypipe s12 b12 a1 a2 b6 rat-a lco ta1-2-rat-a ta2-1-lco
0
5
0 0 10 4
0 5 2 0
0 10 0 3
0 20 1 0
0 23 0 1
1
end_operator
begin_operator
push-unitarypipe s12 b12 a1 a2 b6 rat-a lco ta1-2-rat-a ta2-2-lco
0
5
0 0 10 4
0 5 2 0
0 10 0 3
0 20 1 0
0 26 0 1
1
end_operator
begin_operator
push-unitarypipe s12 b12 a1 a2 b6 rat-a lco ta1-2-rat-a ta2-3-lco
0
5
0 0 10 4
0 5 2 0
0 10 0 3
0 20 1 0
0 29 0 1
1
end_operator
begin_operator
push-unitarypipe s12 b12 a1 a2 b8 rat-a rat-a ta1-1-rat-a ta2-1-rat-a
0
5
0 0 12 4
0 5 2 0
0 12 0 3
0 17 1 0
0 25 0 1
1
end_operator
begin_operator
push-unitarypipe s12 b12 a1 a2 b8 rat-a rat-a ta1-1-rat-a ta2-2-rat-a
0
5
0 0 12 4
0 5 2 0
0 12 0 3
0 17 1 0
0 28 0 1
1
end_operator
begin_operator
push-unitarypipe s12 b12 a1 a2 b8 rat-a rat-a ta1-2-rat-a ta2-1-rat-a
0
5
0 0 12 4
0 5 2 0
0 12 0 3
0 20 1 0
0 25 0 1
1
end_operator
begin_operator
push-unitarypipe s12 b12 a1 a2 b8 rat-a rat-a ta1-2-rat-a ta2-2-rat-a
0
5
0 0 12 4
0 5 2 0
0 12 0 3
0 20 1 0
0 28 0 1
1
end_operator
begin_operator
push-unitarypipe s12 b12 a1 a2 b9 rat-a rat-a ta1-1-rat-a ta2-1-rat-a
0
5
0 0 13 4
0 5 2 0
0 13 0 3
0 17 1 0
0 25 0 1
1
end_operator
begin_operator
push-unitarypipe s12 b12 a1 a2 b9 rat-a rat-a ta1-1-rat-a ta2-2-rat-a
0
5
0 0 13 4
0 5 2 0
0 13 0 3
0 17 1 0
0 28 0 1
1
end_operator
begin_operator
push-unitarypipe s12 b12 a1 a2 b9 rat-a rat-a ta1-2-rat-a ta2-1-rat-a
0
5
0 0 13 4
0 5 2 0
0 13 0 3
0 20 1 0
0 25 0 1
1
end_operator
begin_operator
push-unitarypipe s12 b12 a1 a2 b9 rat-a rat-a ta1-2-rat-a ta2-2-rat-a
0
5
0 0 13 4
0 5 2 0
0 13 0 3
0 20 1 0
0 28 0 1
1
end_operator
begin_operator
push-unitarypipe s12 b13 a1 a2 b0 rat-a lco ta1-1-rat-a ta2-1-lco
0
5
0 0 0 5
0 2 0 3
0 6 2 0
0 17 1 0
0 23 0 1
1
end_operator
begin_operator
push-unitarypipe s12 b13 a1 a2 b0 rat-a lco ta1-1-rat-a ta2-2-lco
0
5
0 0 0 5
0 2 0 3
0 6 2 0
0 17 1 0
0 26 0 1
1
end_operator
begin_operator
push-unitarypipe s12 b13 a1 a2 b0 rat-a lco ta1-1-rat-a ta2-3-lco
0
5
0 0 0 5
0 2 0 3
0 6 2 0
0 17 1 0
0 29 0 1
1
end_operator
begin_operator
push-unitarypipe s12 b13 a1 a2 b0 rat-a lco ta1-2-rat-a ta2-1-lco
0
5
0 0 0 5
0 2 0 3
0 6 2 0
0 20 1 0
0 23 0 1
1
end_operator
begin_operator
push-unitarypipe s12 b13 a1 a2 b0 rat-a lco ta1-2-rat-a ta2-2-lco
0
5
0 0 0 5
0 2 0 3
0 6 2 0
0 20 1 0
0 26 0 1
1
end_operator
begin_operator
push-unitarypipe s12 b13 a1 a2 b0 rat-a lco ta1-2-rat-a ta2-3-lco
0
5
0 0 0 5
0 2 0 3
0 6 2 0
0 20 1 0
0 29 0 1
1
end_operator
begin_operator
push-unitarypipe s12 b13 a1 a2 b1 rat-a lco ta1-1-rat-a ta2-1-lco
0
5
0 0 1 5
0 3 0 3
0 6 2 0
0 17 1 0
0 23 0 1
1
end_operator
begin_operator
push-unitarypipe s12 b13 a1 a2 b1 rat-a lco ta1-1-rat-a ta2-2-lco
0
5
0 0 1 5
0 3 0 3
0 6 2 0
0 17 1 0
0 26 0 1
1
end_operator
begin_operator
push-unitarypipe s12 b13 a1 a2 b1 rat-a lco ta1-1-rat-a ta2-3-lco
0
5
0 0 1 5
0 3 0 3
0 6 2 0
0 17 1 0
0 29 0 1
1
end_operator
begin_operator
push-unitarypipe s12 b13 a1 a2 b1 rat-a lco ta1-2-rat-a ta2-1-lco
0
5
0 0 1 5
0 3 0 3
0 6 2 0
0 20 1 0
0 23 0 1
1
end_operator
begin_operator
push-unitarypipe s12 b13 a1 a2 b1 rat-a lco ta1-2-rat-a ta2-2-lco
0
5
0 0 1 5
0 3 0 3
0 6 2 0
0 20 1 0
0 26 0 1
1
end_operator
begin_operator
push-unitarypipe s12 b13 a1 a2 b1 rat-a lco ta1-2-rat-a ta2-3-lco
0
5
0 0 1 5
0 3 0 3
0 6 2 0
0 20 1 0
0 29 0 1
1
end_operator
begin_operator
push-unitarypipe s12 b13 a1 a2 b11 rat-a gasoleo ta1-1-rat-a ta2-1-gasoleo
0
5
0 0 3 5
0 6 2 0
0 17 1 0
0 22 0 1
0 38 0 3
1
end_operator
begin_operator
push-unitarypipe s12 b13 a1 a2 b11 rat-a gasoleo ta1-2-rat-a ta2-1-gasoleo
0
5
0 0 3 5
0 6 2 0
0 20 1 0
0 22 0 1
0 38 0 3
1
end_operator
begin_operator
push-unitarypipe s12 b13 a1 a2 b12 rat-a rat-a ta1-1-rat-a ta2-1-rat-a
0
5
0 0 4 5
0 5 0 3
0 6 2 0
0 17 1 0
0 25 0 1
1
end_operator
begin_operator
push-unitarypipe s12 b13 a1 a2 b12 rat-a rat-a ta1-1-rat-a ta2-2-rat-a
0
5
0 0 4 5
0 5 0 3
0 6 2 0
0 17 1 0
0 28 0 1
1
end_operator
begin_operator
push-unitarypipe s12 b13 a1 a2 b12 rat-a rat-a ta1-2-rat-a ta2-1-rat-a
0
5
0 0 4 5
0 5 0 3
0 6 2 0
0 20 1 0
0 25 0 1
1
end_operator
begin_operator
push-unitarypipe s12 b13 a1 a2 b12 rat-a rat-a ta1-2-rat-a ta2-2-rat-a
0
5
0 0 4 5
0 5 0 3
0 6 2 0
0 20 1 0
0 28 0 1
1
end_operator
begin_operator
push-unitarypipe s12 b13 a1 a2 b3 rat-a lco ta1-1-rat-a ta2-1-lco
0
5
0 0 7 5
0 6 2 0
0 7 0 3
0 17 1 0
0 23 0 1
1
end_operator
begin_operator
push-unitarypipe s12 b13 a1 a2 b3 rat-a lco ta1-1-rat-a ta2-2-lco
0
5
0 0 7 5
0 6 2 0
0 7 0 3
0 17 1 0
0 26 0 1
1
end_operator
begin_operator
push-unitarypipe s12 b13 a1 a2 b3 rat-a lco ta1-1-rat-a ta2-3-lco
0
5
0 0 7 5
0 6 2 0
0 7 0 3
0 17 1 0
0 29 0 1
1
end_operator
begin_operator
push-unitarypipe s12 b13 a1 a2 b3 rat-a lco ta1-2-rat-a ta2-1-lco
0
5
0 0 7 5
0 6 2 0
0 7 0 3
0 20 1 0
0 23 0 1
1
end_operator
begin_operator
push-unitarypipe s12 b13 a1 a2 b3 rat-a lco ta1-2-rat-a ta2-2-lco
0
5
0 0 7 5
0 6 2 0
0 7 0 3
0 20 1 0
0 26 0 1
1
end_operator
begin_operator
push-unitarypipe s12 b13 a1 a2 b3 rat-a lco ta1-2-rat-a ta2-3-lco
0
5
0 0 7 5
0 6 2 0
0 7 0 3
0 20 1 0
0 29 0 1
1
end_operator
begin_operator
push-unitarypipe s12 b13 a1 a2 b4 rat-a lco ta1-1-rat-a ta2-1-lco
0
5
0 0 8 5
0 6 2 0
0 8 0 3
0 17 1 0
0 23 0 1
1
end_operator
begin_operator
push-unitarypipe s12 b13 a1 a2 b4 rat-a lco ta1-1-rat-a ta2-2-lco
0
5
0 0 8 5
0 6 2 0
0 8 0 3
0 17 1 0
0 26 0 1
1
end_operator
begin_operator
push-unitarypipe s12 b13 a1 a2 b4 rat-a lco ta1-1-rat-a ta2-3-lco
0
5
0 0 8 5
0 6 2 0
0 8 0 3
0 17 1 0
0 29 0 1
1
end_operator
begin_operator
push-unitarypipe s12 b13 a1 a2 b4 rat-a lco ta1-2-rat-a ta2-1-lco
0
5
0 0 8 5
0 6 2 0
0 8 0 3
0 20 1 0
0 23 0 1
1
end_operator
begin_operator
push-unitarypipe s12 b13 a1 a2 b4 rat-a lco ta1-2-rat-a ta2-2-lco
0
5
0 0 8 5
0 6 2 0
0 8 0 3
0 20 1 0
0 26 0 1
1
end_operator
begin_operator
push-unitarypipe s12 b13 a1 a2 b4 rat-a lco ta1-2-rat-a ta2-3-lco
0
5
0 0 8 5
0 6 2 0
0 8 0 3
0 20 1 0
0 29 0 1
1
end_operator
begin_operator
push-unitarypipe s12 b13 a1 a2 b6 rat-a lco ta1-1-rat-a ta2-1-lco
0
5
0 0 10 5
0 6 2 0
0 10 0 3
0 17 1 0
0 23 0 1
1
end_operator
begin_operator
push-unitarypipe s12 b13 a1 a2 b6 rat-a lco ta1-1-rat-a ta2-2-lco
0
5
0 0 10 5
0 6 2 0
0 10 0 3
0 17 1 0
0 26 0 1
1
end_operator
begin_operator
push-unitarypipe s12 b13 a1 a2 b6 rat-a lco ta1-1-rat-a ta2-3-lco
0
5
0 0 10 5
0 6 2 0
0 10 0 3
0 17 1 0
0 29 0 1
1
end_operator
begin_operator
push-unitarypipe s12 b13 a1 a2 b6 rat-a lco ta1-2-rat-a ta2-1-lco
0
5
0 0 10 5
0 6 2 0
0 10 0 3
0 20 1 0
0 23 0 1
1
end_operator
begin_operator
push-unitarypipe s12 b13 a1 a2 b6 rat-a lco ta1-2-rat-a ta2-2-lco
0
5
0 0 10 5
0 6 2 0
0 10 0 3
0 20 1 0
0 26 0 1
1
end_operator
begin_operator
push-unitarypipe s12 b13 a1 a2 b6 rat-a lco ta1-2-rat-a ta2-3-lco
0
5
0 0 10 5
0 6 2 0
0 10 0 3
0 20 1 0
0 29 0 1
1
end_operator
begin_operator
push-unitarypipe s12 b13 a1 a2 b8 rat-a rat-a ta1-1-rat-a ta2-1-rat-a
0
5
0 0 12 5
0 6 2 0
0 12 0 3
0 17 1 0
0 25 0 1
1
end_operator
begin_operator
push-unitarypipe s12 b13 a1 a2 b8 rat-a rat-a ta1-1-rat-a ta2-2-rat-a
0
5
0 0 12 5
0 6 2 0
0 12 0 3
0 17 1 0
0 28 0 1
1
end_operator
begin_operator
push-unitarypipe s12 b13 a1 a2 b8 rat-a rat-a ta1-2-rat-a ta2-1-rat-a
0
5
0 0 12 5
0 6 2 0
0 12 0 3
0 20 1 0
0 25 0 1
1
end_operator
begin_operator
push-unitarypipe s12 b13 a1 a2 b8 rat-a rat-a ta1-2-rat-a ta2-2-rat-a
0
5
0 0 12 5
0 6 2 0
0 12 0 3
0 20 1 0
0 28 0 1
1
end_operator
begin_operator
push-unitarypipe s12 b13 a1 a2 b9 rat-a rat-a ta1-1-rat-a ta2-1-rat-a
0
5
0 0 13 5
0 6 2 0
0 13 0 3
0 17 1 0
0 25 0 1
1
end_operator
begin_operator
push-unitarypipe s12 b13 a1 a2 b9 rat-a rat-a ta1-1-rat-a ta2-2-rat-a
0
5
0 0 13 5
0 6 2 0
0 13 0 3
0 17 1 0
0 28 0 1
1
end_operator
begin_operator
push-unitarypipe s12 b13 a1 a2 b9 rat-a rat-a ta1-2-rat-a ta2-1-rat-a
0
5
0 0 13 5
0 6 2 0
0 13 0 3
0 20 1 0
0 25 0 1
1
end_operator
begin_operator
push-unitarypipe s12 b13 a1 a2 b9 rat-a rat-a ta1-2-rat-a ta2-2-rat-a
0
5
0 0 13 5
0 6 2 0
0 13 0 3
0 20 1 0
0 28 0 1
1
end_operator
begin_operator
push-unitarypipe s12 b2 a1 a2 b0 gasoleo lco ta1-1-gasoleo ta2-1-lco
0
5
0 0 0 6
0 2 0 3
0 14 1 0
0 23 0 1
0 39 2 0
1
end_operator
begin_operator
push-unitarypipe s12 b2 a1 a2 b0 gasoleo lco ta1-1-gasoleo ta2-2-lco
0
5
0 0 0 6
0 2 0 3
0 14 1 0
0 26 0 1
0 39 2 0
1
end_operator
begin_operator
push-unitarypipe s12 b2 a1 a2 b0 gasoleo lco ta1-1-gasoleo ta2-3-lco
0
5
0 0 0 6
0 2 0 3
0 14 1 0
0 29 0 1
0 39 2 0
1
end_operator
begin_operator
push-unitarypipe s12 b2 a1 a2 b1 gasoleo lco ta1-1-gasoleo ta2-1-lco
0
5
0 0 1 6
0 3 0 3
0 14 1 0
0 23 0 1
0 39 2 0
1
end_operator
begin_operator
push-unitarypipe s12 b2 a1 a2 b1 gasoleo lco ta1-1-gasoleo ta2-2-lco
0
5
0 0 1 6
0 3 0 3
0 14 1 0
0 26 0 1
0 39 2 0
1
end_operator
begin_operator
push-unitarypipe s12 b2 a1 a2 b1 gasoleo lco ta1-1-gasoleo ta2-3-lco
0
5
0 0 1 6
0 3 0 3
0 14 1 0
0 29 0 1
0 39 2 0
1
end_operator
begin_operator
push-unitarypipe s12 b2 a1 a2 b10 gasoleo oca1 ta1-1-gasoleo ta2-1-oca1
0
5
0 0 2 6
0 4 0 3
0 14 1 0
0 24 0 1
0 39 2 0
1
end_operator
begin_operator
push-unitarypipe s12 b2 a1 a2 b10 gasoleo oca1 ta1-1-gasoleo ta2-2-oca1
0
5
0 0 2 6
0 4 0 3
0 14 1 0
0 27 0 1
0 39 2 0
1
end_operator
begin_operator
push-unitarypipe s12 b2 a1 a2 b11 gasoleo gasoleo ta1-1-gasoleo ta2-1-gasoleo
0
5
0 0 3 6
0 14 1 0
0 22 0 1
0 38 0 3
0 39 2 0
1
end_operator
begin_operator
push-unitarypipe s12 b2 a1 a2 b12 gasoleo rat-a ta1-1-gasoleo ta2-1-rat-a
0
5
0 0 4 6
0 5 0 3
0 14 1 0
0 25 0 1
0 39 2 0
1
end_operator
begin_operator
push-unitarypipe s12 b2 a1 a2 b12 gasoleo rat-a ta1-1-gasoleo ta2-2-rat-a
0
5
0 0 4 6
0 5 0 3
0 14 1 0
0 28 0 1
0 39 2 0
1
end_operator
begin_operator
push-unitarypipe s12 b2 a1 a2 b13 gasoleo rat-a ta1-1-gasoleo ta2-1-rat-a
0
5
0 0 5 6
0 6 0 3
0 14 1 0
0 25 0 1
0 39 2 0
1
end_operator
begin_operator
push-unitarypipe s12 b2 a1 a2 b13 gasoleo rat-a ta1-1-gasoleo ta2-2-rat-a
0
5
0 0 5 6
0 6 0 3
0 14 1 0
0 28 0 1
0 39 2 0
1
end_operator
begin_operator
push-unitarypipe s12 b2 a1 a2 b3 gasoleo lco ta1-1-gasoleo ta2-1-lco
0
5
0 0 7 6
0 7 0 3
0 14 1 0
0 23 0 1
0 39 2 0
1
end_operator
begin_operator
push-unitarypipe s12 b2 a1 a2 b3 gasoleo lco ta1-1-gasoleo ta2-2-lco
0
5
0 0 7 6
0 7 0 3
0 14 1 0
0 26 0 1
0 39 2 0
1
end_operator
begin_operator
push-unitarypipe s12 b2 a1 a2 b3 gasoleo lco ta1-1-gasoleo ta2-3-lco
0
5
0 0 7 6
0 7 0 3
0 14 1 0
0 29 0 1
0 39 2 0
1
end_operator
begin_operator
push-unitarypipe s12 b2 a1 a2 b4 gasoleo lco ta1-1-gasoleo ta2-1-lco
0
5
0 0 8 6
0 8 0 3
0 14 1 0
0 23 0 1
0 39 2 0
1
end_operator
begin_operator
push-unitarypipe s12 b2 a1 a2 b4 gasoleo lco ta1-1-gasoleo ta2-2-lco
0
5
0 0 8 6
0 8 0 3
0 14 1 0
0 26 0 1
0 39 2 0
1
end_operator
begin_operator
push-unitarypipe s12 b2 a1 a2 b4 gasoleo lco ta1-1-gasoleo ta2-3-lco
0
5
0 0 8 6
0 8 0 3
0 14 1 0
0 29 0 1
0 39 2 0
1
end_operator
begin_operator
push-unitarypipe s12 b2 a1 a2 b5 gasoleo oca1 ta1-1-gasoleo ta2-1-oca1
0
5
0 0 9 6
0 9 0 3
0 14 1 0
0 24 0 1
0 39 2 0
1
end_operator
begin_operator
push-unitarypipe s12 b2 a1 a2 b5 gasoleo oca1 ta1-1-gasoleo ta2-2-oca1
0
5
0 0 9 6
0 9 0 3
0 14 1 0
0 27 0 1
0 39 2 0
1
end_operator
begin_operator
push-unitarypipe s12 b2 a1 a2 b6 gasoleo lco ta1-1-gasoleo ta2-1-lco
0
5
0 0 10 6
0 10 0 3
0 14 1 0
0 23 0 1
0 39 2 0
1
end_operator
begin_operator
push-unitarypipe s12 b2 a1 a2 b6 gasoleo lco ta1-1-gasoleo ta2-2-lco
0
5
0 0 10 6
0 10 0 3
0 14 1 0
0 26 0 1
0 39 2 0
1
end_operator
begin_operator
push-unitarypipe s12 b2 a1 a2 b6 gasoleo lco ta1-1-gasoleo ta2-3-lco
0
5
0 0 10 6
0 10 0 3
0 14 1 0
0 29 0 1
0 39 2 0
1
end_operator
begin_operator
push-unitarypipe s12 b2 a1 a2 b7 gasoleo oca1 ta1-1-gasoleo ta2-1-oca1
0
5
0 0 11 6
0 11 0 3
0 14 1 0
0 24 0 1
0 39 2 0
1
end_operator
begin_operator
push-unitarypipe s12 b2 a1 a2 b7 gasoleo oca1 ta1-1-gasoleo ta2-2-oca1
0
5
0 0 11 6
0 11 0 3
0 14 1 0
0 27 0 1
0 39 2 0
1
end_operator
begin_operator
push-unitarypipe s12 b2 a1 a2 b8 gasoleo rat-a ta1-1-gasoleo ta2-1-rat-a
0
5
0 0 12 6
0 12 0 3
0 14 1 0
0 25 0 1
0 39 2 0
1
end_operator
begin_operator
push-unitarypipe s12 b2 a1 a2 b8 gasoleo rat-a ta1-1-gasoleo ta2-2-rat-a
0
5
0 0 12 6
0 12 0 3
0 14 1 0
0 28 0 1
0 39 2 0
1
end_operator
begin_operator
push-unitarypipe s12 b2 a1 a2 b9 gasoleo rat-a ta1-1-gasoleo ta2-1-rat-a
0
5
0 0 13 6
0 13 0 3
0 14 1 0
0 25 0 1
0 39 2 0
1
end_operator
begin_operator
push-unitarypipe s12 b2 a1 a2 b9 gasoleo rat-a ta1-1-gasoleo ta2-2-rat-a
0
5
0 0 13 6
0 13 0 3
0 14 1 0
0 28 0 1
0 39 2 0
1
end_operator
begin_operator
push-unitarypipe s12 b3 a1 a2 b0 lco lco ta1-1-lco ta2-1-lco
0
5
0 0 0 7
0 2 0 3
0 7 2 0
0 15 1 0
0 23 0 1
1
end_operator
begin_operator
push-unitarypipe s12 b3 a1 a2 b0 lco lco ta1-1-lco ta2-2-lco
0
5
0 0 0 7
0 2 0 3
0 7 2 0
0 15 1 0
0 26 0 1
1
end_operator
begin_operator
push-unitarypipe s12 b3 a1 a2 b0 lco lco ta1-1-lco ta2-3-lco
0
5
0 0 0 7
0 2 0 3
0 7 2 0
0 15 1 0
0 29 0 1
1
end_operator
begin_operator
push-unitarypipe s12 b3 a1 a2 b0 lco lco ta1-2-lco ta2-1-lco
0
5
0 0 0 7
0 2 0 3
0 7 2 0
0 18 1 0
0 23 0 1
1
end_operator
begin_operator
push-unitarypipe s12 b3 a1 a2 b0 lco lco ta1-2-lco ta2-2-lco
0
5
0 0 0 7
0 2 0 3
0 7 2 0
0 18 1 0
0 26 0 1
1
end_operator
begin_operator
push-unitarypipe s12 b3 a1 a2 b0 lco lco ta1-2-lco ta2-3-lco
0
5
0 0 0 7
0 2 0 3
0 7 2 0
0 18 1 0
0 29 0 1
1
end_operator
begin_operator
push-unitarypipe s12 b3 a1 a2 b0 lco lco ta1-3-lco ta2-1-lco
0
5
0 0 0 7
0 2 0 3
0 7 2 0
0 21 1 0
0 23 0 1
1
end_operator
begin_operator
push-unitarypipe s12 b3 a1 a2 b0 lco lco ta1-3-lco ta2-2-lco
0
5
0 0 0 7
0 2 0 3
0 7 2 0
0 21 1 0
0 26 0 1
1
end_operator
begin_operator
push-unitarypipe s12 b3 a1 a2 b0 lco lco ta1-3-lco ta2-3-lco
0
5
0 0 0 7
0 2 0 3
0 7 2 0
0 21 1 0
0 29 0 1
1
end_operator
begin_operator
push-unitarypipe s12 b3 a1 a2 b1 lco lco ta1-1-lco ta2-1-lco
0
5
0 0 1 7
0 3 0 3
0 7 2 0
0 15 1 0
0 23 0 1
1
end_operator
begin_operator
push-unitarypipe s12 b3 a1 a2 b1 lco lco ta1-1-lco ta2-2-lco
0
5
0 0 1 7
0 3 0 3
0 7 2 0
0 15 1 0
0 26 0 1
1
end_operator
begin_operator
push-unitarypipe s12 b3 a1 a2 b1 lco lco ta1-1-lco ta2-3-lco
0
5
0 0 1 7
0 3 0 3
0 7 2 0
0 15 1 0
0 29 0 1
1
end_operator
begin_operator
push-unitarypipe s12 b3 a1 a2 b1 lco lco ta1-2-lco ta2-1-lco
0
5
0 0 1 7
0 3 0 3
0 7 2 0
0 18 1 0
0 23 0 1
1
end_operator
begin_operator
push-unitarypipe s12 b3 a1 a2 b1 lco lco ta1-2-lco ta2-2-lco
0
5
0 0 1 7
0 3 0 3
0 7 2 0
0 18 1 0
0 26 0 1
1
end_operator
begin_operator
push-unitarypipe s12 b3 a1 a2 b1 lco lco ta1-2-lco ta2-3-lco
0
5
0 0 1 7
0 3 0 3
0 7 2 0
0 18 1 0
0 29 0 1
1
end_operator
begin_operator
push-unitarypipe s12 b3 a1 a2 b1 lco lco ta1-3-lco ta2-1-lco
0
5
0 0 1 7
0 3 0 3
0 7 2 0
0 21 1 0
0 23 0 1
1
end_operator
begin_operator
push-unitarypipe s12 b3 a1 a2 b1 lco lco ta1-3-lco ta2-2-lco
0
5
0 0 1 7
0 3 0 3
0 7 2 0
0 21 1 0
0 26 0 1
1
end_operator
begin_operator
push-unitarypipe s12 b3 a1 a2 b1 lco lco ta1-3-lco ta2-3-lco
0
5
0 0 1 7
0 3 0 3
0 7 2 0
0 21 1 0
0 29 0 1
1
end_operator
begin_operator
push-unitarypipe s12 b3 a1 a2 b10 lco oca1 ta1-1-lco ta2-1-oca1
0
5
0 0 2 7
0 4 0 3
0 7 2 0
0 15 1 0
0 24 0 1
1
end_operator
begin_operator
push-unitarypipe s12 b3 a1 a2 b10 lco oca1 ta1-1-lco ta2-2-oca1
0
5
0 0 2 7
0 4 0 3
0 7 2 0
0 15 1 0
0 27 0 1
1
end_operator
begin_operator
push-unitarypipe s12 b3 a1 a2 b10 lco oca1 ta1-2-lco ta2-1-oca1
0
5
0 0 2 7
0 4 0 3
0 7 2 0
0 18 1 0
0 24 0 1
1
end_operator
begin_operator
push-unitarypipe s12 b3 a1 a2 b10 lco oca1 ta1-2-lco ta2-2-oca1
0
5
0 0 2 7
0 4 0 3
0 7 2 0
0 18 1 0
0 27 0 1
1
end_operator
begin_operator
push-unitarypipe s12 b3 a1 a2 b10 lco oca1 ta1-3-lco ta2-1-oca1
0
5
0 0 2 7
0 4 0 3
0 7 2 0
0 21 1 0
0 24 0 1
1
end_operator
begin_operator
push-unitarypipe s12 b3 a1 a2 b10 lco oca1 ta1-3-lco ta2-2-oca1
0
5
0 0 2 7
0 4 0 3
0 7 2 0
0 21 1 0
0 27 0 1
1
end_operator
begin_operator
push-unitarypipe s12 b3 a1 a2 b11 lco gasoleo ta1-1-lco ta2-1-gasoleo
0
5
0 0 3 7
0 7 2 0
0 15 1 0
0 22 0 1
0 38 0 3
1
end_operator
begin_operator
push-unitarypipe s12 b3 a1 a2 b11 lco gasoleo ta1-2-lco ta2-1-gasoleo
0
5
0 0 3 7
0 7 2 0
0 18 1 0
0 22 0 1
0 38 0 3
1
end_operator
begin_operator
push-unitarypipe s12 b3 a1 a2 b11 lco gasoleo ta1-3-lco ta2-1-gasoleo
0
5
0 0 3 7
0 7 2 0
0 21 1 0
0 22 0 1
0 38 0 3
1
end_operator
begin_operator
push-unitarypipe s12 b3 a1 a2 b12 lco rat-a ta1-1-lco ta2-1-rat-a
0
5
0 0 4 7
0 5 0 3
0 7 2 0
0 15 1 0
0 25 0 1
1
end_operator
begin_operator
push-unitarypipe s12 b3 a1 a2 b12 lco rat-a ta1-1-lco ta2-2-rat-a
0
5
0 0 4 7
0 5 0 3
0 7 2 0
0 15 1 0
0 28 0 1
1
end_operator
begin_operator
push-unitarypipe s12 b3 a1 a2 b12 lco rat-a ta1-2-lco ta2-1-rat-a
0
5
0 0 4 7
0 5 0 3
0 7 2 0
0 18 1 0
0 25 0 1
1
end_operator
begin_operator
push-unitarypipe s12 b3 a1 a2 b12 lco rat-a ta1-2-lco ta2-2-rat-a
0
5
0 0 4 7
0 5 0 3
0 7 2 0
0 18 1 0
0 28 0 1
1
end_operator
begin_operator
push-unitarypipe s12 b3 a1 a2 b12 lco rat-a ta1-3-lco ta2-1-rat-a
0
5
0 0 4 7
0 5 0 3
0 7 2 0
0 21 1 0
0 25 0 1
1
end_operator
begin_operator
push-unitarypipe s12 b3 a1 a2 b12 lco rat-a ta1-3-lco ta2-2-rat-a
0
5
0 0 4 7
0 5 0 3
0 7 2 0
0 21 1 0
0 28 0 1
1
end_operator
begin_operator
push-unitarypipe s12 b3 a1 a2 b13 lco rat-a ta1-1-lco ta2-1-rat-a
0
5
0 0 5 7
0 6 0 3
0 7 2 0
0 15 1 0
0 25 0 1
1
end_operator
begin_operator
push-unitarypipe s12 b3 a1 a2 b13 lco rat-a ta1-1-lco ta2-2-rat-a
0
5
0 0 5 7
0 6 0 3
0 7 2 0
0 15 1 0
0 28 0 1
1
end_operator
begin_operator
push-unitarypipe s12 b3 a1 a2 b13 lco rat-a ta1-2-lco ta2-1-rat-a
0
5
0 0 5 7
0 6 0 3
0 7 2 0
0 18 1 0
0 25 0 1
1
end_operator
begin_operator
push-unitarypipe s12 b3 a1 a2 b13 lco rat-a ta1-2-lco ta2-2-rat-a
0
5
0 0 5 7
0 6 0 3
0 7 2 0
0 18 1 0
0 28 0 1
1
end_operator
begin_operator
push-unitarypipe s12 b3 a1 a2 b13 lco rat-a ta1-3-lco ta2-1-rat-a
0
5
0 0 5 7
0 6 0 3
0 7 2 0
0 21 1 0
0 25 0 1
1
end_operator
begin_operator
push-unitarypipe s12 b3 a1 a2 b13 lco rat-a ta1-3-lco ta2-2-rat-a
0
5
0 0 5 7
0 6 0 3
0 7 2 0
0 21 1 0
0 28 0 1
1
end_operator
begin_operator
push-unitarypipe s12 b3 a1 a2 b4 lco lco ta1-1-lco ta2-1-lco
0
5
0 0 8 7
0 7 2 0
0 8 0 3
0 15 1 0
0 23 0 1
1
end_operator
begin_operator
push-unitarypipe s12 b3 a1 a2 b4 lco lco ta1-1-lco ta2-2-lco
0
5
0 0 8 7
0 7 2 0
0 8 0 3
0 15 1 0
0 26 0 1
1
end_operator
begin_operator
push-unitarypipe s12 b3 a1 a2 b4 lco lco ta1-1-lco ta2-3-lco
0
5
0 0 8 7
0 7 2 0
0 8 0 3
0 15 1 0
0 29 0 1
1
end_operator
begin_operator
push-unitarypipe s12 b3 a1 a2 b4 lco lco ta1-2-lco ta2-1-lco
0
5
0 0 8 7
0 7 2 0
0 8 0 3
0 18 1 0
0 23 0 1
1
end_operator
begin_operator
push-unitarypipe s12 b3 a1 a2 b4 lco lco ta1-2-lco ta2-2-lco
0
5
0 0 8 7
0 7 2 0
0 8 0 3
0 18 1 0
0 26 0 1
1
end_operator
begin_operator
push-unitarypipe s12 b3 a1 a2 b4 lco lco ta1-2-lco ta2-3-lco
0
5
0 0 8 7
0 7 2 0
0 8 0 3
0 18 1 0
0 29 0 1
1
end_operator
begin_operator
push-unitarypipe s12 b3 a1 a2 b4 lco lco ta1-3-lco ta2-1-lco
0
5
0 0 8 7
0 7 2 0
0 8 0 3
0 21 1 0
0 23 0 1
1
end_operator
begin_operator
push-unitarypipe s12 b3 a1 a2 b4 lco lco ta1-3-lco ta2-2-lco
0
5
0 0 8 7
0 7 2 0
0 8 0 3
0 21 1 0
0 26 0 1
1
end_operator
begin_operator
push-unitarypipe s12 b3 a1 a2 b4 lco lco ta1-3-lco ta2-3-lco
0
5
0 0 8 7
0 7 2 0
0 8 0 3
0 21 1 0
0 29 0 1
1
end_operator
begin_operator
push-unitarypipe s12 b3 a1 a2 b5 lco oca1 ta1-1-lco ta2-1-oca1
0
5
0 0 9 7
0 7 2 0
0 9 0 3
0 15 1 0
0 24 0 1
1
end_operator
begin_operator
push-unitarypipe s12 b3 a1 a2 b5 lco oca1 ta1-1-lco ta2-2-oca1
0
5
0 0 9 7
0 7 2 0
0 9 0 3
0 15 1 0
0 27 0 1
1
end_operator
begin_operator
push-unitarypipe s12 b3 a1 a2 b5 lco oca1 ta1-2-lco ta2-1-oca1
0
5
0 0 9 7
0 7 2 0
0 9 0 3
0 18 1 0
0 24 0 1
1
end_operator
begin_operator
push-unitarypipe s12 b3 a1 a2 b5 lco oca1 ta1-2-lco ta2-2-oca1
0
5
0 0 9 7
0 7 2 0
0 9 0 3
0 18 1 0
0 27 0 1
1
end_operator
begin_operator
push-unitarypipe s12 b3 a1 a2 b5 lco oca1 ta1-3-lco ta2-1-oca1
0
5
0 0 9 7
0 7 2 0
0 9 0 3
0 21 1 0
0 24 0 1
1
end_operator
begin_operator
push-unitarypipe s12 b3 a1 a2 b5 lco oca1 ta1-3-lco ta2-2-oca1
0
5
0 0 9 7
0 7 2 0
0 9 0 3
0 21 1 0
0 27 0 1
1
end_operator
begin_operator
push-unitarypipe s12 b3 a1 a2 b6 lco lco ta1-1-lco ta2-1-lco
0
5
0 0 10 7
0 7 2 0
0 10 0 3
0 15 1 0
0 23 0 1
1
end_operator
begin_operator
push-unitarypipe s12 b3 a1 a2 b6 lco lco ta1-1-lco ta2-2-lco
0
5
0 0 10 7
0 7 2 0
0 10 0 3
0 15 1 0
0 26 0 1
1
end_operator
begin_operator
push-unitarypipe s12 b3 a1 a2 b6 lco lco ta1-1-lco ta2-3-lco
0
5
0 0 10 7
0 7 2 0
0 10 0 3
0 15 1 0
0 29 0 1
1
end_operator
begin_operator
push-unitarypipe s12 b3 a1 a2 b6 lco lco ta1-2-lco ta2-1-lco
0
5
0 0 10 7
0 7 2 0
0 10 0 3
0 18 1 0
0 23 0 1
1
end_operator
begin_operator
push-unitarypipe s12 b3 a1 a2 b6 lco lco ta1-2-lco ta2-2-lco
0
5
0 0 10 7
0 7 2 0
0 10 0 3
0 18 1 0
0 26 0 1
1
end_operator
begin_operator
push-unitarypipe s12 b3 a1 a2 b6 lco lco ta1-2-lco ta2-3-lco
0
5
0 0 10 7
0 7 2 0
0 10 0 3
0 18 1 0
0 29 0 1
1
end_operator
begin_operator
push-unitarypipe s12 b3 a1 a2 b6 lco lco ta1-3-lco ta2-1-lco
0
5
0 0 10 7
0 7 2 0
0 10 0 3
0 21 1 0
0 23 0 1
1
end_operator
begin_operator
push-unitarypipe s12 b3 a1 a2 b6 lco lco ta1-3-lco ta2-2-lco
0
5
0 0 10 7
0 7 2 0
0 10 0 3
0 21 1 0
0 26 0 1
1
end_operator
begin_operator
push-unitarypipe s12 b3 a1 a2 b6 lco lco ta1-3-lco ta2-3-lco
0
5
0 0 10 7
0 7 2 0
0 10 0 3
0 21 1 0
0 29 0 1
1
end_operator
begin_operator
push-unitarypipe s12 b3 a1 a2 b7 lco oca1 ta1-1-lco ta2-1-oca1
0
5
0 0 11 7
0 7 2 0
0 11 0 3
0 15 1 0
0 24 0 1
1
end_operator
begin_operator
push-unitarypipe s12 b3 a1 a2 b7 lco oca1 ta1-1-lco ta2-2-oca1
0
5
0 0 11 7
0 7 2 0
0 11 0 3
0 15 1 0
0 27 0 1
1
end_operator
begin_operator
push-unitarypipe s12 b3 a1 a2 b7 lco oca1 ta1-2-lco ta2-1-oca1
0
5
0 0 11 7
0 7 2 0
0 11 0 3
0 18 1 0
0 24 0 1
1
end_operator
begin_operator
push-unitarypipe s12 b3 a1 a2 b7 lco oca1 ta1-2-lco ta2-2-oca1
0
5
0 0 11 7
0 7 2 0
0 11 0 3
0 18 1 0
0 27 0 1
1
end_operator
begin_operator
push-unitarypipe s12 b3 a1 a2 b7 lco oca1 ta1-3-lco ta2-1-oca1
0
5
0 0 11 7
0 7 2 0
0 11 0 3
0 21 1 0
0 24 0 1
1
end_operator
begin_operator
push-unitarypipe s12 b3 a1 a2 b7 lco oca1 ta1-3-lco ta2-2-oca1
0
5
0 0 11 7
0 7 2 0
0 11 0 3
0 21 1 0
0 27 0 1
1
end_operator
begin_operator
push-unitarypipe s12 b3 a1 a2 b8 lco rat-a ta1-1-lco ta2-1-rat-a
0
5
0 0 12 7
0 7 2 0
0 12 0 3
0 15 1 0
0 25 0 1
1
end_operator
begin_operator
push-unitarypipe s12 b3 a1 a2 b8 lco rat-a ta1-1-lco ta2-2-rat-a
0
5
0 0 12 7
0 7 2 0
0 12 0 3
0 15 1 0
0 28 0 1
1
end_operator
begin_operator
push-unitarypipe s12 b3 a1 a2 b8 lco rat-a ta1-2-lco ta2-1-rat-a
0
5
0 0 12 7
0 7 2 0
0 12 0 3
0 18 1 0
0 25 0 1
1
end_operator
begin_operator
push-unitarypipe s12 b3 a1 a2 b8 lco rat-a ta1-2-lco ta2-2-rat-a
0
5
0 0 12 7
0 7 2 0
0 12 0 3
0 18 1 0
0 28 0 1
1
end_operator
begin_operator
push-unitarypipe s12 b3 a1 a2 b8 lco rat-a ta1-3-lco ta2-1-rat-a
0
5
0 0 12 7
0 7 2 0
0 12 0 3
0 21 1 0
0 25 0 1
1
end_operator
begin_operator
push-unitarypipe s12 b3 a1 a2 b8 lco rat-a ta1-3-lco ta2-2-rat-a
0
5
0 0 12 7
0 7 2 0
0 12 0 3
0 21 1 0
0 28 0 1
1
end_operator
begin_operator
push-unitarypipe s12 b3 a1 a2 b9 lco rat-a ta1-1-lco ta2-1-rat-a
0
5
0 0 13 7
0 7 2 0
0 13 0 3
0 15 1 0
0 25 0 1
1
end_operator
begin_operator
push-unitarypipe s12 b3 a1 a2 b9 lco rat-a ta1-1-lco ta2-2-rat-a
0
5
0 0 13 7
0 7 2 0
0 13 0 3
0 15 1 0
0 28 0 1
1
end_operator
begin_operator
push-unitarypipe s12 b3 a1 a2 b9 lco rat-a ta1-2-lco ta2-1-rat-a
0
5
0 0 13 7
0 7 2 0
0 13 0 3
0 18 1 0
0 25 0 1
1
end_operator
begin_operator
push-unitarypipe s12 b3 a1 a2 b9 lco rat-a ta1-2-lco ta2-2-rat-a
0
5
0 0 13 7
0 7 2 0
0 13 0 3
0 18 1 0
0 28 0 1
1
end_operator
begin_operator
push-unitarypipe s12 b3 a1 a2 b9 lco rat-a ta1-3-lco ta2-1-rat-a
0
5
0 0 13 7
0 7 2 0
0 13 0 3
0 21 1 0
0 25 0 1
1
end_operator
begin_operator
push-unitarypipe s12 b3 a1 a2 b9 lco rat-a ta1-3-lco ta2-2-rat-a
0
5
0 0 13 7
0 7 2 0
0 13 0 3
0 21 1 0
0 28 0 1
1
end_operator
begin_operator
push-unitarypipe s12 b4 a1 a2 b0 lco lco ta1-1-lco ta2-1-lco
0
5
0 0 0 8
0 2 0 3
0 8 2 0
0 15 1 0
0 23 0 1
1
end_operator
begin_operator
push-unitarypipe s12 b4 a1 a2 b0 lco lco ta1-1-lco ta2-2-lco
0
5
0 0 0 8
0 2 0 3
0 8 2 0
0 15 1 0
0 26 0 1
1
end_operator
begin_operator
push-unitarypipe s12 b4 a1 a2 b0 lco lco ta1-1-lco ta2-3-lco
0
5
0 0 0 8
0 2 0 3
0 8 2 0
0 15 1 0
0 29 0 1
1
end_operator
begin_operator
push-unitarypipe s12 b4 a1 a2 b0 lco lco ta1-2-lco ta2-1-lco
0
5
0 0 0 8
0 2 0 3
0 8 2 0
0 18 1 0
0 23 0 1
1
end_operator
begin_operator
push-unitarypipe s12 b4 a1 a2 b0 lco lco ta1-2-lco ta2-2-lco
0
5
0 0 0 8
0 2 0 3
0 8 2 0
0 18 1 0
0 26 0 1
1
end_operator
begin_operator
push-unitarypipe s12 b4 a1 a2 b0 lco lco ta1-2-lco ta2-3-lco
0
5
0 0 0 8
0 2 0 3
0 8 2 0
0 18 1 0
0 29 0 1
1
end_operator
begin_operator
push-unitarypipe s12 b4 a1 a2 b0 lco lco ta1-3-lco ta2-1-lco
0
5
0 0 0 8
0 2 0 3
0 8 2 0
0 21 1 0
0 23 0 1
1
end_operator
begin_operator
push-unitarypipe s12 b4 a1 a2 b0 lco lco ta1-3-lco ta2-2-lco
0
5
0 0 0 8
0 2 0 3
0 8 2 0
0 21 1 0
0 26 0 1
1
end_operator
begin_operator
push-unitarypipe s12 b4 a1 a2 b0 lco lco ta1-3-lco ta2-3-lco
0
5
0 0 0 8
0 2 0 3
0 8 2 0
0 21 1 0
0 29 0 1
1
end_operator
begin_operator
push-unitarypipe s12 b4 a1 a2 b1 lco lco ta1-1-lco ta2-1-lco
0
5
0 0 1 8
0 3 0 3
0 8 2 0
0 15 1 0
0 23 0 1
1
end_operator
begin_operator
push-unitarypipe s12 b4 a1 a2 b1 lco lco ta1-1-lco ta2-2-lco
0
5
0 0 1 8
0 3 0 3
0 8 2 0
0 15 1 0
0 26 0 1
1
end_operator
begin_operator
push-unitarypipe s12 b4 a1 a2 b1 lco lco ta1-1-lco ta2-3-lco
0
5
0 0 1 8
0 3 0 3
0 8 2 0
0 15 1 0
0 29 0 1
1
end_operator
begin_operator
push-unitarypipe s12 b4 a1 a2 b1 lco lco ta1-2-lco ta2-1-lco
0
5
0 0 1 8
0 3 0 3
0 8 2 0
0 18 1 0
0 23 0 1
1
end_operator
begin_operator
push-unitarypipe s12 b4 a1 a2 b1 lco lco ta1-2-lco ta2-2-lco
0
5
0 0 1 8
0 3 0 3
0 8 2 0
0 18 1 0
0 26 0 1
1
end_operator
begin_operator
push-unitarypipe s12 b4 a1 a2 b1 lco lco ta1-2-lco ta2-3-lco
0
5
0 0 1 8
0 3 0 3
0 8 2 0
0 18 1 0
0 29 0 1
1
end_operator
begin_operator
push-unitarypipe s12 b4 a1 a2 b1 lco lco ta1-3-lco ta2-1-lco
0
5
0 0 1 8
0 3 0 3
0 8 2 0
0 21 1 0
0 23 0 1
1
end_operator
begin_operator
push-unitarypipe s12 b4 a1 a2 b1 lco lco ta1-3-lco ta2-2-lco
0
5
0 0 1 8
0 3 0 3
0 8 2 0
0 21 1 0
0 26 0 1
1
end_operator
begin_operator
push-unitarypipe s12 b4 a1 a2 b1 lco lco ta1-3-lco ta2-3-lco
0
5
0 0 1 8
0 3 0 3
0 8 2 0
0 21 1 0
0 29 0 1
1
end_operator
begin_operator
push-unitarypipe s12 b4 a1 a2 b10 lco oca1 ta1-1-lco ta2-1-oca1
0
5
0 0 2 8
0 4 0 3
0 8 2 0
0 15 1 0
0 24 0 1
1
end_operator
begin_operator
push-unitarypipe s12 b4 a1 a2 b10 lco oca1 ta1-1-lco ta2-2-oca1
0
5
0 0 2 8
0 4 0 3
0 8 2 0
0 15 1 0
0 27 0 1
1
end_operator
begin_operator
push-unitarypipe s12 b4 a1 a2 b10 lco oca1 ta1-2-lco ta2-1-oca1
0
5
0 0 2 8
0 4 0 3
0 8 2 0
0 18 1 0
0 24 0 1
1
end_operator
begin_operator
push-unitarypipe s12 b4 a1 a2 b10 lco oca1 ta1-2-lco ta2-2-oca1
0
5
0 0 2 8
0 4 0 3
0 8 2 0
0 18 1 0
0 27 0 1
1
end_operator
begin_operator
push-unitarypipe s12 b4 a1 a2 b10 lco oca1 ta1-3-lco ta2-1-oca1
0
5
0 0 2 8
0 4 0 3
0 8 2 0
0 21 1 0
0 24 0 1
1
end_operator
begin_operator
push-unitarypipe s12 b4 a1 a2 b10 lco oca1 ta1-3-lco ta2-2-oca1
0
5
0 0 2 8
0 4 0 3
0 8 2 0
0 21 1 0
0 27 0 1
1
end_operator
begin_operator
push-unitarypipe s12 b4 a1 a2 b11 lco gasoleo ta1-1-lco ta2-1-gasoleo
0
5
0 0 3 8
0 8 2 0
0 15 1 0
0 22 0 1
0 38 0 3
1
end_operator
begin_operator
push-unitarypipe s12 b4 a1 a2 b11 lco gasoleo ta1-2-lco ta2-1-gasoleo
0
5
0 0 3 8
0 8 2 0
0 18 1 0
0 22 0 1
0 38 0 3
1
end_operator
begin_operator
push-unitarypipe s12 b4 a1 a2 b11 lco gasoleo ta1-3-lco ta2-1-gasoleo
0
5
0 0 3 8
0 8 2 0
0 21 1 0
0 22 0 1
0 38 0 3
1
end_operator
begin_operator
push-unitarypipe s12 b4 a1 a2 b12 lco rat-a ta1-1-lco ta2-1-rat-a
0
5
0 0 4 8
0 5 0 3
0 8 2 0
0 15 1 0
0 25 0 1
1
end_operator
begin_operator
push-unitarypipe s12 b4 a1 a2 b12 lco rat-a ta1-1-lco ta2-2-rat-a
0
5
0 0 4 8
0 5 0 3
0 8 2 0
0 15 1 0
0 28 0 1
1
end_operator
begin_operator
push-unitarypipe s12 b4 a1 a2 b12 lco rat-a ta1-2-lco ta2-1-rat-a
0
5
0 0 4 8
0 5 0 3
0 8 2 0
0 18 1 0
0 25 0 1
1
end_operator
begin_operator
push-unitarypipe s12 b4 a1 a2 b12 lco rat-a ta1-2-lco ta2-2-rat-a
0
5
0 0 4 8
0 5 0 3
0 8 2 0
0 18 1 0
0 28 0 1
1
end_operator
begin_operator
push-unitarypipe s12 b4 a1 a2 b12 lco rat-a ta1-3-lco ta2-1-rat-a
0
5
0 0 4 8
0 5 0 3
0 8 2 0
0 21 1 0
0 25 0 1
1
end_operator
begin_operator
push-unitarypipe s12 b4 a1 a2 b12 lco rat-a ta1-3-lco ta2-2-rat-a
0
5
0 0 4 8
0 5 0 3
0 8 2 0
0 21 1 0
0 28 0 1
1
end_operator
begin_operator
push-unitarypipe s12 b4 a1 a2 b13 lco rat-a ta1-1-lco ta2-1-rat-a
0
5
0 0 5 8
0 6 0 3
0 8 2 0
0 15 1 0
0 25 0 1
1
end_operator
begin_operator
push-unitarypipe s12 b4 a1 a2 b13 lco rat-a ta1-1-lco ta2-2-rat-a
0
5
0 0 5 8
0 6 0 3
0 8 2 0
0 15 1 0
0 28 0 1
1
end_operator
begin_operator
push-unitarypipe s12 b4 a1 a2 b13 lco rat-a ta1-2-lco ta2-1-rat-a
0
5
0 0 5 8
0 6 0 3
0 8 2 0
0 18 1 0
0 25 0 1
1
end_operator
begin_operator
push-unitarypipe s12 b4 a1 a2 b13 lco rat-a ta1-2-lco ta2-2-rat-a
0
5
0 0 5 8
0 6 0 3
0 8 2 0
0 18 1 0
0 28 0 1
1
end_operator
begin_operator
push-unitarypipe s12 b4 a1 a2 b13 lco rat-a ta1-3-lco ta2-1-rat-a
0
5
0 0 5 8
0 6 0 3
0 8 2 0
0 21 1 0
0 25 0 1
1
end_operator
begin_operator
push-unitarypipe s12 b4 a1 a2 b13 lco rat-a ta1-3-lco ta2-2-rat-a
0
5
0 0 5 8
0 6 0 3
0 8 2 0
0 21 1 0
0 28 0 1
1
end_operator
begin_operator
push-unitarypipe s12 b4 a1 a2 b3 lco lco ta1-1-lco ta2-1-lco
0
5
0 0 7 8
0 7 0 3
0 8 2 0
0 15 1 0
0 23 0 1
1
end_operator
begin_operator
push-unitarypipe s12 b4 a1 a2 b3 lco lco ta1-1-lco ta2-2-lco
0
5
0 0 7 8
0 7 0 3
0 8 2 0
0 15 1 0
0 26 0 1
1
end_operator
begin_operator
push-unitarypipe s12 b4 a1 a2 b3 lco lco ta1-1-lco ta2-3-lco
0
5
0 0 7 8
0 7 0 3
0 8 2 0
0 15 1 0
0 29 0 1
1
end_operator
begin_operator
push-unitarypipe s12 b4 a1 a2 b3 lco lco ta1-2-lco ta2-1-lco
0
5
0 0 7 8
0 7 0 3
0 8 2 0
0 18 1 0
0 23 0 1
1
end_operator
begin_operator
push-unitarypipe s12 b4 a1 a2 b3 lco lco ta1-2-lco ta2-2-lco
0
5
0 0 7 8
0 7 0 3
0 8 2 0
0 18 1 0
0 26 0 1
1
end_operator
begin_operator
push-unitarypipe s12 b4 a1 a2 b3 lco lco ta1-2-lco ta2-3-lco
0
5
0 0 7 8
0 7 0 3
0 8 2 0
0 18 1 0
0 29 0 1
1
end_operator
begin_operator
push-unitarypipe s12 b4 a1 a2 b3 lco lco ta1-3-lco ta2-1-lco
0
5
0 0 7 8
0 7 0 3
0 8 2 0
0 21 1 0
0 23 0 1
1
end_operator
begin_operator
push-unitarypipe s12 b4 a1 a2 b3 lco lco ta1-3-lco ta2-2-lco
0
5
0 0 7 8
0 7 0 3
0 8 2 0
0 21 1 0
0 26 0 1
1
end_operator
begin_operator
push-unitarypipe s12 b4 a1 a2 b3 lco lco ta1-3-lco ta2-3-lco
0
5
0 0 7 8
0 7 0 3
0 8 2 0
0 21 1 0
0 29 0 1
1
end_operator
begin_operator
push-unitarypipe s12 b4 a1 a2 b5 lco oca1 ta1-1-lco ta2-1-oca1
0
5
0 0 9 8
0 8 2 0
0 9 0 3
0 15 1 0
0 24 0 1
1
end_operator
begin_operator
push-unitarypipe s12 b4 a1 a2 b5 lco oca1 ta1-1-lco ta2-2-oca1
0
5
0 0 9 8
0 8 2 0
0 9 0 3
0 15 1 0
0 27 0 1
1
end_operator
begin_operator
push-unitarypipe s12 b4 a1 a2 b5 lco oca1 ta1-2-lco ta2-1-oca1
0
5
0 0 9 8
0 8 2 0
0 9 0 3
0 18 1 0
0 24 0 1
1
end_operator
begin_operator
push-unitarypipe s12 b4 a1 a2 b5 lco oca1 ta1-2-lco ta2-2-oca1
0
5
0 0 9 8
0 8 2 0
0 9 0 3
0 18 1 0
0 27 0 1
1
end_operator
begin_operator
push-unitarypipe s12 b4 a1 a2 b5 lco oca1 ta1-3-lco ta2-1-oca1
0
5
0 0 9 8
0 8 2 0
0 9 0 3
0 21 1 0
0 24 0 1
1
end_operator
begin_operator
push-unitarypipe s12 b4 a1 a2 b5 lco oca1 ta1-3-lco ta2-2-oca1
0
5
0 0 9 8
0 8 2 0
0 9 0 3
0 21 1 0
0 27 0 1
1
end_operator
begin_operator
push-unitarypipe s12 b4 a1 a2 b6 lco lco ta1-1-lco ta2-1-lco
0
5
0 0 10 8
0 8 2 0
0 10 0 3
0 15 1 0
0 23 0 1
1
end_operator
begin_operator
push-unitarypipe s12 b4 a1 a2 b6 lco lco ta1-1-lco ta2-2-lco
0
5
0 0 10 8
0 8 2 0
0 10 0 3
0 15 1 0
0 26 0 1
1
end_operator
begin_operator
push-unitarypipe s12 b4 a1 a2 b6 lco lco ta1-1-lco ta2-3-lco
0
5
0 0 10 8
0 8 2 0
0 10 0 3
0 15 1 0
0 29 0 1
1
end_operator
begin_operator
push-unitarypipe s12 b4 a1 a2 b6 lco lco ta1-2-lco ta2-1-lco
0
5
0 0 10 8
0 8 2 0
0 10 0 3
0 18 1 0
0 23 0 1
1
end_operator
begin_operator
push-unitarypipe s12 b4 a1 a2 b6 lco lco ta1-2-lco ta2-2-lco
0
5
0 0 10 8
0 8 2 0
0 10 0 3
0 18 1 0
0 26 0 1
1
end_operator
begin_operator
push-unitarypipe s12 b4 a1 a2 b6 lco lco ta1-2-lco ta2-3-lco
0
5
0 0 10 8
0 8 2 0
0 10 0 3
0 18 1 0
0 29 0 1
1
end_operator
begin_operator
push-unitarypipe s12 b4 a1 a2 b6 lco lco ta1-3-lco ta2-1-lco
0
5
0 0 10 8
0 8 2 0
0 10 0 3
0 21 1 0
0 23 0 1
1
end_operator
begin_operator
push-unitarypipe s12 b4 a1 a2 b6 lco lco ta1-3-lco ta2-2-lco
0
5
0 0 10 8
0 8 2 0
0 10 0 3
0 21 1 0
0 26 0 1
1
end_operator
begin_operator
push-unitarypipe s12 b4 a1 a2 b6 lco lco ta1-3-lco ta2-3-lco
0
5
0 0 10 8
0 8 2 0
0 10 0 3
0 21 1 0
0 29 0 1
1
end_operator
begin_operator
push-unitarypipe s12 b4 a1 a2 b7 lco oca1 ta1-1-lco ta2-1-oca1
0
5
0 0 11 8
0 8 2 0
0 11 0 3
0 15 1 0
0 24 0 1
1
end_operator
begin_operator
push-unitarypipe s12 b4 a1 a2 b7 lco oca1 ta1-1-lco ta2-2-oca1
0
5
0 0 11 8
0 8 2 0
0 11 0 3
0 15 1 0
0 27 0 1
1
end_operator
begin_operator
push-unitarypipe s12 b4 a1 a2 b7 lco oca1 ta1-2-lco ta2-1-oca1
0
5
0 0 11 8
0 8 2 0
0 11 0 3
0 18 1 0
0 24 0 1
1
end_operator
begin_operator
push-unitarypipe s12 b4 a1 a2 b7 lco oca1 ta1-2-lco ta2-2-oca1
0
5
0 0 11 8
0 8 2 0
0 11 0 3
0 18 1 0
0 27 0 1
1
end_operator
begin_operator
push-unitarypipe s12 b4 a1 a2 b7 lco oca1 ta1-3-lco ta2-1-oca1
0
5
0 0 11 8
0 8 2 0
0 11 0 3
0 21 1 0
0 24 0 1
1
end_operator
begin_operator
push-unitarypipe s12 b4 a1 a2 b7 lco oca1 ta1-3-lco ta2-2-oca1
0
5
0 0 11 8
0 8 2 0
0 11 0 3
0 21 1 0
0 27 0 1
1
end_operator
begin_operator
push-unitarypipe s12 b4 a1 a2 b8 lco rat-a ta1-1-lco ta2-1-rat-a
0
5
0 0 12 8
0 8 2 0
0 12 0 3
0 15 1 0
0 25 0 1
1
end_operator
begin_operator
push-unitarypipe s12 b4 a1 a2 b8 lco rat-a ta1-1-lco ta2-2-rat-a
0
5
0 0 12 8
0 8 2 0
0 12 0 3
0 15 1 0
0 28 0 1
1
end_operator
begin_operator
push-unitarypipe s12 b4 a1 a2 b8 lco rat-a ta1-2-lco ta2-1-rat-a
0
5
0 0 12 8
0 8 2 0
0 12 0 3
0 18 1 0
0 25 0 1
1
end_operator
begin_operator
push-unitarypipe s12 b4 a1 a2 b8 lco rat-a ta1-2-lco ta2-2-rat-a
0
5
0 0 12 8
0 8 2 0
0 12 0 3
0 18 1 0
0 28 0 1
1
end_operator
begin_operator
push-unitarypipe s12 b4 a1 a2 b8 lco rat-a ta1-3-lco ta2-1-rat-a
0
5
0 0 12 8
0 8 2 0
0 12 0 3
0 21 1 0
0 25 0 1
1
end_operator
begin_operator
push-unitarypipe s12 b4 a1 a2 b8 lco rat-a ta1-3-lco ta2-2-rat-a
0
5
0 0 12 8
0 8 2 0
0 12 0 3
0 21 1 0
0 28 0 1
1
end_operator
begin_operator
push-unitarypipe s12 b4 a1 a2 b9 lco rat-a ta1-1-lco ta2-1-rat-a
0
5
0 0 13 8
0 8 2 0
0 13 0 3
0 15 1 0
0 25 0 1
1
end_operator
begin_operator
push-unitarypipe s12 b4 a1 a2 b9 lco rat-a ta1-1-lco ta2-2-rat-a
0
5
0 0 13 8
0 8 2 0
0 13 0 3
0 15 1 0
0 28 0 1
1
end_operator
begin_operator
push-unitarypipe s12 b4 a1 a2 b9 lco rat-a ta1-2-lco ta2-1-rat-a
0
5
0 0 13 8
0 8 2 0
0 13 0 3
0 18 1 0
0 25 0 1
1
end_operator
begin_operator
push-unitarypipe s12 b4 a1 a2 b9 lco rat-a ta1-2-lco ta2-2-rat-a
0
5
0 0 13 8
0 8 2 0
0 13 0 3
0 18 1 0
0 28 0 1
1
end_operator
begin_operator
push-unitarypipe s12 b4 a1 a2 b9 lco rat-a ta1-3-lco ta2-1-rat-a
0
5
0 0 13 8
0 8 2 0
0 13 0 3
0 21 1 0
0 25 0 1
1
end_operator
begin_operator
push-unitarypipe s12 b4 a1 a2 b9 lco rat-a ta1-3-lco ta2-2-rat-a
0
5
0 0 13 8
0 8 2 0
0 13 0 3
0 21 1 0
0 28 0 1
1
end_operator
begin_operator
push-unitarypipe s12 b5 a1 a2 b0 oca1 lco ta1-1-oca1 ta2-1-lco
0
5
0 0 0 9
0 2 0 3
0 9 2 0
0 16 1 0
0 23 0 1
1
end_operator
begin_operator
push-unitarypipe s12 b5 a1 a2 b0 oca1 lco ta1-1-oca1 ta2-2-lco
0
5
0 0 0 9
0 2 0 3
0 9 2 0
0 16 1 0
0 26 0 1
1
end_operator
begin_operator
push-unitarypipe s12 b5 a1 a2 b0 oca1 lco ta1-1-oca1 ta2-3-lco
0
5
0 0 0 9
0 2 0 3
0 9 2 0
0 16 1 0
0 29 0 1
1
end_operator
begin_operator
push-unitarypipe s12 b5 a1 a2 b0 oca1 lco ta1-2-oca1 ta2-1-lco
0
5
0 0 0 9
0 2 0 3
0 9 2 0
0 19 1 0
0 23 0 1
1
end_operator
begin_operator
push-unitarypipe s12 b5 a1 a2 b0 oca1 lco ta1-2-oca1 ta2-2-lco
0
5
0 0 0 9
0 2 0 3
0 9 2 0
0 19 1 0
0 26 0 1
1
end_operator
begin_operator
push-unitarypipe s12 b5 a1 a2 b0 oca1 lco ta1-2-oca1 ta2-3-lco
0
5
0 0 0 9
0 2 0 3
0 9 2 0
0 19 1 0
0 29 0 1
1
end_operator
begin_operator
push-unitarypipe s12 b5 a1 a2 b1 oca1 lco ta1-1-oca1 ta2-1-lco
0
5
0 0 1 9
0 3 0 3
0 9 2 0
0 16 1 0
0 23 0 1
1
end_operator
begin_operator
push-unitarypipe s12 b5 a1 a2 b1 oca1 lco ta1-1-oca1 ta2-2-lco
0
5
0 0 1 9
0 3 0 3
0 9 2 0
0 16 1 0
0 26 0 1
1
end_operator
begin_operator
push-unitarypipe s12 b5 a1 a2 b1 oca1 lco ta1-1-oca1 ta2-3-lco
0
5
0 0 1 9
0 3 0 3
0 9 2 0
0 16 1 0
0 29 0 1
1
end_operator
begin_operator
push-unitarypipe s12 b5 a1 a2 b1 oca1 lco ta1-2-oca1 ta2-1-lco
0
5
0 0 1 9
0 3 0 3
0 9 2 0
0 19 1 0
0 23 0 1
1
end_operator
begin_operator
push-unitarypipe s12 b5 a1 a2 b1 oca1 lco ta1-2-oca1 ta2-2-lco
0
5
0 0 1 9
0 3 0 3
0 9 2 0
0 19 1 0
0 26 0 1
1
end_operator
begin_operator
push-unitarypipe s12 b5 a1 a2 b1 oca1 lco ta1-2-oca1 ta2-3-lco
0
5
0 0 1 9
0 3 0 3
0 9 2 0
0 19 1 0
0 29 0 1
1
end_operator
begin_operator
push-unitarypipe s12 b5 a1 a2 b10 oca1 oca1 ta1-1-oca1 ta2-1-oca1
0
5
0 0 2 9
0 4 0 3
0 9 2 0
0 16 1 0
0 24 0 1
1
end_operator
begin_operator
push-unitarypipe s12 b5 a1 a2 b10 oca1 oca1 ta1-1-oca1 ta2-2-oca1
0
5
0 0 2 9
0 4 0 3
0 9 2 0
0 16 1 0
0 27 0 1
1
end_operator
begin_operator
push-unitarypipe s12 b5 a1 a2 b10 oca1 oca1 ta1-2-oca1 ta2-1-oca1
0
5
0 0 2 9
0 4 0 3
0 9 2 0
0 19 1 0
0 24 0 1
1
end_operator
begin_operator
push-unitarypipe s12 b5 a1 a2 b10 oca1 oca1 ta1-2-oca1 ta2-2-oca1
0
5
0 0 2 9
0 4 0 3
0 9 2 0
0 19 1 0
0 27 0 1
1
end_operator
begin_operator
push-unitarypipe s12 b5 a1 a2 b11 oca1 gasoleo ta1-1-oca1 ta2-1-gasoleo
0
5
0 0 3 9
0 9 2 0
0 16 1 0
0 22 0 1
0 38 0 3
1
end_operator
begin_operator
push-unitarypipe s12 b5 a1 a2 b11 oca1 gasoleo ta1-2-oca1 ta2-1-gasoleo
0
5
0 0 3 9
0 9 2 0
0 19 1 0
0 22 0 1
0 38 0 3
1
end_operator
begin_operator
push-unitarypipe s12 b5 a1 a2 b3 oca1 lco ta1-1-oca1 ta2-1-lco
0
5
0 0 7 9
0 7 0 3
0 9 2 0
0 16 1 0
0 23 0 1
1
end_operator
begin_operator
push-unitarypipe s12 b5 a1 a2 b3 oca1 lco ta1-1-oca1 ta2-2-lco
0
5
0 0 7 9
0 7 0 3
0 9 2 0
0 16 1 0
0 26 0 1
1
end_operator
begin_operator
push-unitarypipe s12 b5 a1 a2 b3 oca1 lco ta1-1-oca1 ta2-3-lco
0
5
0 0 7 9
0 7 0 3
0 9 2 0
0 16 1 0
0 29 0 1
1
end_operator
begin_operator
push-unitarypipe s12 b5 a1 a2 b3 oca1 lco ta1-2-oca1 ta2-1-lco
0
5
0 0 7 9
0 7 0 3
0 9 2 0
0 19 1 0
0 23 0 1
1
end_operator
begin_operator
push-unitarypipe s12 b5 a1 a2 b3 oca1 lco ta1-2-oca1 ta2-2-lco
0
5
0 0 7 9
0 7 0 3
0 9 2 0
0 19 1 0
0 26 0 1
1
end_operator
begin_operator
push-unitarypipe s12 b5 a1 a2 b3 oca1 lco ta1-2-oca1 ta2-3-lco
0
5
0 0 7 9
0 7 0 3
0 9 2 0
0 19 1 0
0 29 0 1
1
end_operator
begin_operator
push-unitarypipe s12 b5 a1 a2 b4 oca1 lco ta1-1-oca1 ta2-1-lco
0
5
0 0 8 9
0 8 0 3
0 9 2 0
0 16 1 0
0 23 0 1
1
end_operator
begin_operator
push-unitarypipe s12 b5 a1 a2 b4 oca1 lco ta1-1-oca1 ta2-2-lco
0
5
0 0 8 9
0 8 0 3
0 9 2 0
0 16 1 0
0 26 0 1
1
end_operator
begin_operator
push-unitarypipe s12 b5 a1 a2 b4 oca1 lco ta1-1-oca1 ta2-3-lco
0
5
0 0 8 9
0 8 0 3
0 9 2 0
0 16 1 0
0 29 0 1
1
end_operator
begin_operator
push-unitarypipe s12 b5 a1 a2 b4 oca1 lco ta1-2-oca1 ta2-1-lco
0
5
0 0 8 9
0 8 0 3
0 9 2 0
0 19 1 0
0 23 0 1
1
end_operator
begin_operator
push-unitarypipe s12 b5 a1 a2 b4 oca1 lco ta1-2-oca1 ta2-2-lco
0
5
0 0 8 9
0 8 0 3
0 9 2 0
0 19 1 0
0 26 0 1
1
end_operator
begin_operator
push-unitarypipe s12 b5 a1 a2 b4 oca1 lco ta1-2-oca1 ta2-3-lco
0
5
0 0 8 9
0 8 0 3
0 9 2 0
0 19 1 0
0 29 0 1
1
end_operator
begin_operator
push-unitarypipe s12 b5 a1 a2 b6 oca1 lco ta1-1-oca1 ta2-1-lco
0
5
0 0 10 9
0 9 2 0
0 10 0 3
0 16 1 0
0 23 0 1
1
end_operator
begin_operator
push-unitarypipe s12 b5 a1 a2 b6 oca1 lco ta1-1-oca1 ta2-2-lco
0
5
0 0 10 9
0 9 2 0
0 10 0 3
0 16 1 0
0 26 0 1
1
end_operator
begin_operator
push-unitarypipe s12 b5 a1 a2 b6 oca1 lco ta1-1-oca1 ta2-3-lco
0
5
0 0 10 9
0 9 2 0
0 10 0 3
0 16 1 0
0 29 0 1
1
end_operator
begin_operator
push-unitarypipe s12 b5 a1 a2 b6 oca1 lco ta1-2-oca1 ta2-1-lco
0
5
0 0 10 9
0 9 2 0
0 10 0 3
0 19 1 0
0 23 0 1
1
end_operator
begin_operator
push-unitarypipe s12 b5 a1 a2 b6 oca1 lco ta1-2-oca1 ta2-2-lco
0
5
0 0 10 9
0 9 2 0
0 10 0 3
0 19 1 0
0 26 0 1
1
end_operator
begin_operator
push-unitarypipe s12 b5 a1 a2 b6 oca1 lco ta1-2-oca1 ta2-3-lco
0
5
0 0 10 9
0 9 2 0
0 10 0 3
0 19 1 0
0 29 0 1
1
end_operator
begin_operator
push-unitarypipe s12 b5 a1 a2 b7 oca1 oca1 ta1-1-oca1 ta2-1-oca1
0
5
0 0 11 9
0 9 2 0
0 11 0 3
0 16 1 0
0 24 0 1
1
end_operator
begin_operator
push-unitarypipe s12 b5 a1 a2 b7 oca1 oca1 ta1-1-oca1 ta2-2-oca1
0
5
0 0 11 9
0 9 2 0
0 11 0 3
0 16 1 0
0 27 0 1
1
end_operator
begin_operator
push-unitarypipe s12 b5 a1 a2 b7 oca1 oca1 ta1-2-oca1 ta2-1-oca1
0
5
0 0 11 9
0 9 2 0
0 11 0 3
0 19 1 0
0 24 0 1
1
end_operator
begin_operator
push-unitarypipe s12 b5 a1 a2 b7 oca1 oca1 ta1-2-oca1 ta2-2-oca1
0
5
0 0 11 9
0 9 2 0
0 11 0 3
0 19 1 0
0 27 0 1
1
end_operator
begin_operator
push-unitarypipe s12 b6 a1 a2 b0 lco lco ta1-1-lco ta2-1-lco
0
5
0 0 0 10
0 2 0 3
0 10 2 0
0 15 1 0
0 23 0 1
1
end_operator
begin_operator
push-unitarypipe s12 b6 a1 a2 b0 lco lco ta1-1-lco ta2-2-lco
0
5
0 0 0 10
0 2 0 3
0 10 2 0
0 15 1 0
0 26 0 1
1
end_operator
begin_operator
push-unitarypipe s12 b6 a1 a2 b0 lco lco ta1-1-lco ta2-3-lco
0
5
0 0 0 10
0 2 0 3
0 10 2 0
0 15 1 0
0 29 0 1
1
end_operator
begin_operator
push-unitarypipe s12 b6 a1 a2 b0 lco lco ta1-2-lco ta2-1-lco
0
5
0 0 0 10
0 2 0 3
0 10 2 0
0 18 1 0
0 23 0 1
1
end_operator
begin_operator
push-unitarypipe s12 b6 a1 a2 b0 lco lco ta1-2-lco ta2-2-lco
0
5
0 0 0 10
0 2 0 3
0 10 2 0
0 18 1 0
0 26 0 1
1
end_operator
begin_operator
push-unitarypipe s12 b6 a1 a2 b0 lco lco ta1-2-lco ta2-3-lco
0
5
0 0 0 10
0 2 0 3
0 10 2 0
0 18 1 0
0 29 0 1
1
end_operator
begin_operator
push-unitarypipe s12 b6 a1 a2 b0 lco lco ta1-3-lco ta2-1-lco
0
5
0 0 0 10
0 2 0 3
0 10 2 0
0 21 1 0
0 23 0 1
1
end_operator
begin_operator
push-unitarypipe s12 b6 a1 a2 b0 lco lco ta1-3-lco ta2-2-lco
0
5
0 0 0 10
0 2 0 3
0 10 2 0
0 21 1 0
0 26 0 1
1
end_operator
begin_operator
push-unitarypipe s12 b6 a1 a2 b0 lco lco ta1-3-lco ta2-3-lco
0
5
0 0 0 10
0 2 0 3
0 10 2 0
0 21 1 0
0 29 0 1
1
end_operator
begin_operator
push-unitarypipe s12 b6 a1 a2 b1 lco lco ta1-1-lco ta2-1-lco
0
5
0 0 1 10
0 3 0 3
0 10 2 0
0 15 1 0
0 23 0 1
1
end_operator
begin_operator
push-unitarypipe s12 b6 a1 a2 b1 lco lco ta1-1-lco ta2-2-lco
0
5
0 0 1 10
0 3 0 3
0 10 2 0
0 15 1 0
0 26 0 1
1
end_operator
begin_operator
push-unitarypipe s12 b6 a1 a2 b1 lco lco ta1-1-lco ta2-3-lco
0
5
0 0 1 10
0 3 0 3
0 10 2 0
0 15 1 0
0 29 0 1
1
end_operator
begin_operator
push-unitarypipe s12 b6 a1 a2 b1 lco lco ta1-2-lco ta2-1-lco
0
5
0 0 1 10
0 3 0 3
0 10 2 0
0 18 1 0
0 23 0 1
1
end_operator
begin_operator
push-unitarypipe s12 b6 a1 a2 b1 lco lco ta1-2-lco ta2-2-lco
0
5
0 0 1 10
0 3 0 3
0 10 2 0
0 18 1 0
0 26 0 1
1
end_operator
begin_operator
push-unitarypipe s12 b6 a1 a2 b1 lco lco ta1-2-lco ta2-3-lco
0
5
0 0 1 10
0 3 0 3
0 10 2 0
0 18 1 0
0 29 0 1
1
end_operator
begin_operator
push-unitarypipe s12 b6 a1 a2 b1 lco lco ta1-3-lco ta2-1-lco
0
5
0 0 1 10
0 3 0 3
0 10 2 0
0 21 1 0
0 23 0 1
1
end_operator
begin_operator
push-unitarypipe s12 b6 a1 a2 b1 lco lco ta1-3-lco ta2-2-lco
0
5
0 0 1 10
0 3 0 3
0 10 2 0
0 21 1 0
0 26 0 1
1
end_operator
begin_operator
push-unitarypipe s12 b6 a1 a2 b1 lco lco ta1-3-lco ta2-3-lco
0
5
0 0 1 10
0 3 0 3
0 10 2 0
0 21 1 0
0 29 0 1
1
end_operator
begin_operator
push-unitarypipe s12 b6 a1 a2 b10 lco oca1 ta1-1-lco ta2-1-oca1
0
5
0 0 2 10
0 4 0 3
0 10 2 0
0 15 1 0
0 24 0 1
1
end_operator
begin_operator
push-unitarypipe s12 b6 a1 a2 b10 lco oca1 ta1-1-lco ta2-2-oca1
0
5
0 0 2 10
0 4 0 3
0 10 2 0
0 15 1 0
0 27 0 1
1
end_operator
begin_operator
push-unitarypipe s12 b6 a1 a2 b10 lco oca1 ta1-2-lco ta2-1-oca1
0
5
0 0 2 10
0 4 0 3
0 10 2 0
0 18 1 0
0 24 0 1
1
end_operator
begin_operator
push-unitarypipe s12 b6 a1 a2 b10 lco oca1 ta1-2-lco ta2-2-oca1
0
5
0 0 2 10
0 4 0 3
0 10 2 0
0 18 1 0
0 27 0 1
1
end_operator
begin_operator
push-unitarypipe s12 b6 a1 a2 b10 lco oca1 ta1-3-lco ta2-1-oca1
0
5
0 0 2 10
0 4 0 3
0 10 2 0
0 21 1 0
0 24 0 1
1
end_operator
begin_operator
push-unitarypipe s12 b6 a1 a2 b10 lco oca1 ta1-3-lco ta2-2-oca1
0
5
0 0 2 10
0 4 0 3
0 10 2 0
0 21 1 0
0 27 0 1
1
end_operator
begin_operator
push-unitarypipe s12 b6 a1 a2 b11 lco gasoleo ta1-1-lco ta2-1-gasoleo
0
5
0 0 3 10
0 10 2 0
0 15 1 0
0 22 0 1
0 38 0 3
1
end_operator
begin_operator
push-unitarypipe s12 b6 a1 a2 b11 lco gasoleo ta1-2-lco ta2-1-gasoleo
0
5
0 0 3 10
0 10 2 0
0 18 1 0
0 22 0 1
0 38 0 3
1
end_operator
begin_operator
push-unitarypipe s12 b6 a1 a2 b11 lco gasoleo ta1-3-lco ta2-1-gasoleo
0
5
0 0 3 10
0 10 2 0
0 21 1 0
0 22 0 1
0 38 0 3
1
end_operator
begin_operator
push-unitarypipe s12 b6 a1 a2 b12 lco rat-a ta1-1-lco ta2-1-rat-a
0
5
0 0 4 10
0 5 0 3
0 10 2 0
0 15 1 0
0 25 0 1
1
end_operator
begin_operator
push-unitarypipe s12 b6 a1 a2 b12 lco rat-a ta1-1-lco ta2-2-rat-a
0
5
0 0 4 10
0 5 0 3
0 10 2 0
0 15 1 0
0 28 0 1
1
end_operator
begin_operator
push-unitarypipe s12 b6 a1 a2 b12 lco rat-a ta1-2-lco ta2-1-rat-a
0
5
0 0 4 10
0 5 0 3
0 10 2 0
0 18 1 0
0 25 0 1
1
end_operator
begin_operator
push-unitarypipe s12 b6 a1 a2 b12 lco rat-a ta1-2-lco ta2-2-rat-a
0
5
0 0 4 10
0 5 0 3
0 10 2 0
0 18 1 0
0 28 0 1
1
end_operator
begin_operator
push-unitarypipe s12 b6 a1 a2 b12 lco rat-a ta1-3-lco ta2-1-rat-a
0
5
0 0 4 10
0 5 0 3
0 10 2 0
0 21 1 0
0 25 0 1
1
end_operator
begin_operator
push-unitarypipe s12 b6 a1 a2 b12 lco rat-a ta1-3-lco ta2-2-rat-a
0
5
0 0 4 10
0 5 0 3
0 10 2 0
0 21 1 0
0 28 0 1
1
end_operator
begin_operator
push-unitarypipe s12 b6 a1 a2 b13 lco rat-a ta1-1-lco ta2-1-rat-a
0
5
0 0 5 10
0 6 0 3
0 10 2 0
0 15 1 0
0 25 0 1
1
end_operator
begin_operator
push-unitarypipe s12 b6 a1 a2 b13 lco rat-a ta1-1-lco ta2-2-rat-a
0
5
0 0 5 10
0 6 0 3
0 10 2 0
0 15 1 0
0 28 0 1
1
end_operator
begin_operator
push-unitarypipe s12 b6 a1 a2 b13 lco rat-a ta1-2-lco ta2-1-rat-a
0
5
0 0 5 10
0 6 0 3
0 10 2 0
0 18 1 0
0 25 0 1
1
end_operator
begin_operator
push-unitarypipe s12 b6 a1 a2 b13 lco rat-a ta1-2-lco ta2-2-rat-a
0
5
0 0 5 10
0 6 0 3
0 10 2 0
0 18 1 0
0 28 0 1
1
end_operator
begin_operator
push-unitarypipe s12 b6 a1 a2 b13 lco rat-a ta1-3-lco ta2-1-rat-a
0
5
0 0 5 10
0 6 0 3
0 10 2 0
0 21 1 0
0 25 0 1
1
end_operator
begin_operator
push-unitarypipe s12 b6 a1 a2 b13 lco rat-a ta1-3-lco ta2-2-rat-a
0
5
0 0 5 10
0 6 0 3
0 10 2 0
0 21 1 0
0 28 0 1
1
end_operator
begin_operator
push-unitarypipe s12 b6 a1 a2 b3 lco lco ta1-1-lco ta2-1-lco
0
5
0 0 7 10
0 7 0 3
0 10 2 0
0 15 1 0
0 23 0 1
1
end_operator
begin_operator
push-unitarypipe s12 b6 a1 a2 b3 lco lco ta1-1-lco ta2-2-lco
0
5
0 0 7 10
0 7 0 3
0 10 2 0
0 15 1 0
0 26 0 1
1
end_operator
begin_operator
push-unitarypipe s12 b6 a1 a2 b3 lco lco ta1-1-lco ta2-3-lco
0
5
0 0 7 10
0 7 0 3
0 10 2 0
0 15 1 0
0 29 0 1
1
end_operator
begin_operator
push-unitarypipe s12 b6 a1 a2 b3 lco lco ta1-2-lco ta2-1-lco
0
5
0 0 7 10
0 7 0 3
0 10 2 0
0 18 1 0
0 23 0 1
1
end_operator
begin_operator
push-unitarypipe s12 b6 a1 a2 b3 lco lco ta1-2-lco ta2-2-lco
0
5
0 0 7 10
0 7 0 3
0 10 2 0
0 18 1 0
0 26 0 1
1
end_operator
begin_operator
push-unitarypipe s12 b6 a1 a2 b3 lco lco ta1-2-lco ta2-3-lco
0
5
0 0 7 10
0 7 0 3
0 10 2 0
0 18 1 0
0 29 0 1
1
end_operator
begin_operator
push-unitarypipe s12 b6 a1 a2 b3 lco lco ta1-3-lco ta2-1-lco
0
5
0 0 7 10
0 7 0 3
0 10 2 0
0 21 1 0
0 23 0 1
1
end_operator
begin_operator
push-unitarypipe s12 b6 a1 a2 b3 lco lco ta1-3-lco ta2-2-lco
0
5
0 0 7 10
0 7 0 3
0 10 2 0
0 21 1 0
0 26 0 1
1
end_operator
begin_operator
push-unitarypipe s12 b6 a1 a2 b3 lco lco ta1-3-lco ta2-3-lco
0
5
0 0 7 10
0 7 0 3
0 10 2 0
0 21 1 0
0 29 0 1
1
end_operator
begin_operator
push-unitarypipe s12 b6 a1 a2 b4 lco lco ta1-1-lco ta2-1-lco
0
5
0 0 8 10
0 8 0 3
0 10 2 0
0 15 1 0
0 23 0 1
1
end_operator
begin_operator
push-unitarypipe s12 b6 a1 a2 b4 lco lco ta1-1-lco ta2-2-lco
0
5
0 0 8 10
0 8 0 3
0 10 2 0
0 15 1 0
0 26 0 1
1
end_operator
begin_operator
push-unitarypipe s12 b6 a1 a2 b4 lco lco ta1-1-lco ta2-3-lco
0
5
0 0 8 10
0 8 0 3
0 10 2 0
0 15 1 0
0 29 0 1
1
end_operator
begin_operator
push-unitarypipe s12 b6 a1 a2 b4 lco lco ta1-2-lco ta2-1-lco
0
5
0 0 8 10
0 8 0 3
0 10 2 0
0 18 1 0
0 23 0 1
1
end_operator
begin_operator
push-unitarypipe s12 b6 a1 a2 b4 lco lco ta1-2-lco ta2-2-lco
0
5
0 0 8 10
0 8 0 3
0 10 2 0
0 18 1 0
0 26 0 1
1
end_operator
begin_operator
push-unitarypipe s12 b6 a1 a2 b4 lco lco ta1-2-lco ta2-3-lco
0
5
0 0 8 10
0 8 0 3
0 10 2 0
0 18 1 0
0 29 0 1
1
end_operator
begin_operator
push-unitarypipe s12 b6 a1 a2 b4 lco lco ta1-3-lco ta2-1-lco
0
5
0 0 8 10
0 8 0 3
0 10 2 0
0 21 1 0
0 23 0 1
1
end_operator
begin_operator
push-unitarypipe s12 b6 a1 a2 b4 lco lco ta1-3-lco ta2-2-lco
0
5
0 0 8 10
0 8 0 3
0 10 2 0
0 21 1 0
0 26 0 1
1
end_operator
begin_operator
push-unitarypipe s12 b6 a1 a2 b4 lco lco ta1-3-lco ta2-3-lco
0
5
0 0 8 10
0 8 0 3
0 10 2 0
0 21 1 0
0 29 0 1
1
end_operator
begin_operator
push-unitarypipe s12 b6 a1 a2 b5 lco oca1 ta1-1-lco ta2-1-oca1
0
5
0 0 9 10
0 9 0 3
0 10 2 0
0 15 1 0
0 24 0 1
1
end_operator
begin_operator
push-unitarypipe s12 b6 a1 a2 b5 lco oca1 ta1-1-lco ta2-2-oca1
0
5
0 0 9 10
0 9 0 3
0 10 2 0
0 15 1 0
0 27 0 1
1
end_operator
begin_operator
push-unitarypipe s12 b6 a1 a2 b5 lco oca1 ta1-2-lco ta2-1-oca1
0
5
0 0 9 10
0 9 0 3
0 10 2 0
0 18 1 0
0 24 0 1
1
end_operator
begin_operator
push-unitarypipe s12 b6 a1 a2 b5 lco oca1 ta1-2-lco ta2-2-oca1
0
5
0 0 9 10
0 9 0 3
0 10 2 0
0 18 1 0
0 27 0 1
1
end_operator
begin_operator
push-unitarypipe s12 b6 a1 a2 b5 lco oca1 ta1-3-lco ta2-1-oca1
0
5
0 0 9 10
0 9 0 3
0 10 2 0
0 21 1 0
0 24 0 1
1
end_operator
begin_operator
push-unitarypipe s12 b6 a1 a2 b5 lco oca1 ta1-3-lco ta2-2-oca1
0
5
0 0 9 10
0 9 0 3
0 10 2 0
0 21 1 0
0 27 0 1
1
end_operator
begin_operator
push-unitarypipe s12 b6 a1 a2 b7 lco oca1 ta1-1-lco ta2-1-oca1
0
5
0 0 11 10
0 10 2 0
0 11 0 3
0 15 1 0
0 24 0 1
1
end_operator
begin_operator
push-unitarypipe s12 b6 a1 a2 b7 lco oca1 ta1-1-lco ta2-2-oca1
0
5
0 0 11 10
0 10 2 0
0 11 0 3
0 15 1 0
0 27 0 1
1
end_operator
begin_operator
push-unitarypipe s12 b6 a1 a2 b7 lco oca1 ta1-2-lco ta2-1-oca1
0
5
0 0 11 10
0 10 2 0
0 11 0 3
0 18 1 0
0 24 0 1
1
end_operator
begin_operator
push-unitarypipe s12 b6 a1 a2 b7 lco oca1 ta1-2-lco ta2-2-oca1
0
5
0 0 11 10
0 10 2 0
0 11 0 3
0 18 1 0
0 27 0 1
1
end_operator
begin_operator
push-unitarypipe s12 b6 a1 a2 b7 lco oca1 ta1-3-lco ta2-1-oca1
0
5
0 0 11 10
0 10 2 0
0 11 0 3
0 21 1 0
0 24 0 1
1
end_operator
begin_operator
push-unitarypipe s12 b6 a1 a2 b7 lco oca1 ta1-3-lco ta2-2-oca1
0
5
0 0 11 10
0 10 2 0
0 11 0 3
0 21 1 0
0 27 0 1
1
end_operator
begin_operator
push-unitarypipe s12 b6 a1 a2 b8 lco rat-a ta1-1-lco ta2-1-rat-a
0
5
0 0 12 10
0 10 2 0
0 12 0 3
0 15 1 0
0 25 0 1
1
end_operator
begin_operator
push-unitarypipe s12 b6 a1 a2 b8 lco rat-a ta1-1-lco ta2-2-rat-a
0
5
0 0 12 10
0 10 2 0
0 12 0 3
0 15 1 0
0 28 0 1
1
end_operator
begin_operator
push-unitarypipe s12 b6 a1 a2 b8 lco rat-a ta1-2-lco ta2-1-rat-a
0
5
0 0 12 10
0 10 2 0
0 12 0 3
0 18 1 0
0 25 0 1
1
end_operator
begin_operator
push-unitarypipe s12 b6 a1 a2 b8 lco rat-a ta1-2-lco ta2-2-rat-a
0
5
0 0 12 10
0 10 2 0
0 12 0 3
0 18 1 0
0 28 0 1
1
end_operator
begin_operator
push-unitarypipe s12 b6 a1 a2 b8 lco rat-a ta1-3-lco ta2-1-rat-a
0
5
0 0 12 10
0 10 2 0
0 12 0 3
0 21 1 0
0 25 0 1
1
end_operator
begin_operator
push-unitarypipe s12 b6 a1 a2 b8 lco rat-a ta1-3-lco ta2-2-rat-a
0
5
0 0 12 10
0 10 2 0
0 12 0 3
0 21 1 0
0 28 0 1
1
end_operator
begin_operator
push-unitarypipe s12 b6 a1 a2 b9 lco rat-a ta1-1-lco ta2-1-rat-a
0
5
0 0 13 10
0 10 2 0
0 13 0 3
0 15 1 0
0 25 0 1
1
end_operator
begin_operator
push-unitarypipe s12 b6 a1 a2 b9 lco rat-a ta1-1-lco ta2-2-rat-a
0
5
0 0 13 10
0 10 2 0
0 13 0 3
0 15 1 0
0 28 0 1
1
end_operator
begin_operator
push-unitarypipe s12 b6 a1 a2 b9 lco rat-a ta1-2-lco ta2-1-rat-a
0
5
0 0 13 10
0 10 2 0
0 13 0 3
0 18 1 0
0 25 0 1
1
end_operator
begin_operator
push-unitarypipe s12 b6 a1 a2 b9 lco rat-a ta1-2-lco ta2-2-rat-a
0
5
0 0 13 10
0 10 2 0
0 13 0 3
0 18 1 0
0 28 0 1
1
end_operator
begin_operator
push-unitarypipe s12 b6 a1 a2 b9 lco rat-a ta1-3-lco ta2-1-rat-a
0
5
0 0 13 10
0 10 2 0
0 13 0 3
0 21 1 0
0 25 0 1
1
end_operator
begin_operator
push-unitarypipe s12 b6 a1 a2 b9 lco rat-a ta1-3-lco ta2-2-rat-a
0
5
0 0 13 10
0 10 2 0
0 13 0 3
0 21 1 0
0 28 0 1
1
end_operator
begin_operator
push-unitarypipe s12 b7 a1 a2 b0 oca1 lco ta1-1-oca1 ta2-1-lco
0
5
0 0 0 11
0 2 0 3
0 11 2 0
0 16 1 0
0 23 0 1
1
end_operator
begin_operator
push-unitarypipe s12 b7 a1 a2 b0 oca1 lco ta1-1-oca1 ta2-2-lco
0
5
0 0 0 11
0 2 0 3
0 11 2 0
0 16 1 0
0 26 0 1
1
end_operator
begin_operator
push-unitarypipe s12 b7 a1 a2 b0 oca1 lco ta1-1-oca1 ta2-3-lco
0
5
0 0 0 11
0 2 0 3
0 11 2 0
0 16 1 0
0 29 0 1
1
end_operator
begin_operator
push-unitarypipe s12 b7 a1 a2 b0 oca1 lco ta1-2-oca1 ta2-1-lco
0
5
0 0 0 11
0 2 0 3
0 11 2 0
0 19 1 0
0 23 0 1
1
end_operator
begin_operator
push-unitarypipe s12 b7 a1 a2 b0 oca1 lco ta1-2-oca1 ta2-2-lco
0
5
0 0 0 11
0 2 0 3
0 11 2 0
0 19 1 0
0 26 0 1
1
end_operator
begin_operator
push-unitarypipe s12 b7 a1 a2 b0 oca1 lco ta1-2-oca1 ta2-3-lco
0
5
0 0 0 11
0 2 0 3
0 11 2 0
0 19 1 0
0 29 0 1
1
end_operator
begin_operator
push-unitarypipe s12 b7 a1 a2 b1 oca1 lco ta1-1-oca1 ta2-1-lco
0
5
0 0 1 11
0 3 0 3
0 11 2 0
0 16 1 0
0 23 0 1
1
end_operator
begin_operator
push-unitarypipe s12 b7 a1 a2 b1 oca1 lco ta1-1-oca1 ta2-2-lco
0
5
0 0 1 11
0 3 0 3
0 11 2 0
0 16 1 0
0 26 0 1
1
end_operator
begin_operator
push-unitarypipe s12 b7 a1 a2 b1 oca1 lco ta1-1-oca1 ta2-3-lco
0
5
0 0 1 11
0 3 0 3
0 11 2 0
0 16 1 0
0 29 0 1
1
end_operator
begin_operator
push-unitarypipe s12 b7 a1 a2 b1 oca1 lco ta1-2-oca1 ta2-1-lco
0
5
0 0 1 11
0 3 0 3
0 11 2 0
0 19 1 0
0 23 0 1
1
end_operator
begin_operator
push-unitarypipe s12 b7 a1 a2 b1 oca1 lco ta1-2-oca1 ta2-2-lco
0
5
0 0 1 11
0 3 0 3
0 11 2 0
0 19 1 0
0 26 0 1
1
end_operator
begin_operator
push-unitarypipe s12 b7 a1 a2 b1 oca1 lco ta1-2-oca1 ta2-3-lco
0
5
0 0 1 11
0 3 0 3
0 11 2 0
0 19 1 0
0 29 0 1
1
end_operator
begin_operator
push-unitarypipe s12 b7 a1 a2 b10 oca1 oca1 ta1-1-oca1 ta2-1-oca1
0
5
0 0 2 11
0 4 0 3
0 11 2 0
0 16 1 0
0 24 0 1
1
end_operator
begin_operator
push-unitarypipe s12 b7 a1 a2 b10 oca1 oca1 ta1-1-oca1 ta2-2-oca1
0
5
0 0 2 11
0 4 0 3
0 11 2 0
0 16 1 0
0 27 0 1
1
end_operator
begin_operator
push-unitarypipe s12 b7 a1 a2 b10 oca1 oca1 ta1-2-oca1 ta2-1-oca1
0
5
0 0 2 11
0 4 0 3
0 11 2 0
0 19 1 0
0 24 0 1
1
end_operator
begin_operator
push-unitarypipe s12 b7 a1 a2 b10 oca1 oca1 ta1-2-oca1 ta2-2-oca1
0
5
0 0 2 11
0 4 0 3
0 11 2 0
0 19 1 0
0 27 0 1
1
end_operator
begin_operator
push-unitarypipe s12 b7 a1 a2 b11 oca1 gasoleo ta1-1-oca1 ta2-1-gasoleo
0
5
0 0 3 11
0 11 2 0
0 16 1 0
0 22 0 1
0 38 0 3
1
end_operator
begin_operator
push-unitarypipe s12 b7 a1 a2 b11 oca1 gasoleo ta1-2-oca1 ta2-1-gasoleo
0
5
0 0 3 11
0 11 2 0
0 19 1 0
0 22 0 1
0 38 0 3
1
end_operator
begin_operator
push-unitarypipe s12 b7 a1 a2 b3 oca1 lco ta1-1-oca1 ta2-1-lco
0
5
0 0 7 11
0 7 0 3
0 11 2 0
0 16 1 0
0 23 0 1
1
end_operator
begin_operator
push-unitarypipe s12 b7 a1 a2 b3 oca1 lco ta1-1-oca1 ta2-2-lco
0
5
0 0 7 11
0 7 0 3
0 11 2 0
0 16 1 0
0 26 0 1
1
end_operator
begin_operator
push-unitarypipe s12 b7 a1 a2 b3 oca1 lco ta1-1-oca1 ta2-3-lco
0
5
0 0 7 11
0 7 0 3
0 11 2 0
0 16 1 0
0 29 0 1
1
end_operator
begin_operator
push-unitarypipe s12 b7 a1 a2 b3 oca1 lco ta1-2-oca1 ta2-1-lco
0
5
0 0 7 11
0 7 0 3
0 11 2 0
0 19 1 0
0 23 0 1
1
end_operator
begin_operator
push-unitarypipe s12 b7 a1 a2 b3 oca1 lco ta1-2-oca1 ta2-2-lco
0
5
0 0 7 11
0 7 0 3
0 11 2 0
0 19 1 0
0 26 0 1
1
end_operator
begin_operator
push-unitarypipe s12 b7 a1 a2 b3 oca1 lco ta1-2-oca1 ta2-3-lco
0
5
0 0 7 11
0 7 0 3
0 11 2 0
0 19 1 0
0 29 0 1
1
end_operator
begin_operator
push-unitarypipe s12 b7 a1 a2 b4 oca1 lco ta1-1-oca1 ta2-1-lco
0
5
0 0 8 11
0 8 0 3
0 11 2 0
0 16 1 0
0 23 0 1
1
end_operator
begin_operator
push-unitarypipe s12 b7 a1 a2 b4 oca1 lco ta1-1-oca1 ta2-2-lco
0
5
0 0 8 11
0 8 0 3
0 11 2 0
0 16 1 0
0 26 0 1
1
end_operator
begin_operator
push-unitarypipe s12 b7 a1 a2 b4 oca1 lco ta1-1-oca1 ta2-3-lco
0
5
0 0 8 11
0 8 0 3
0 11 2 0
0 16 1 0
0 29 0 1
1
end_operator
begin_operator
push-unitarypipe s12 b7 a1 a2 b4 oca1 lco ta1-2-oca1 ta2-1-lco
0
5
0 0 8 11
0 8 0 3
0 11 2 0
0 19 1 0
0 23 0 1
1
end_operator
begin_operator
push-unitarypipe s12 b7 a1 a2 b4 oca1 lco ta1-2-oca1 ta2-2-lco
0
5
0 0 8 11
0 8 0 3
0 11 2 0
0 19 1 0
0 26 0 1
1
end_operator
begin_operator
push-unitarypipe s12 b7 a1 a2 b4 oca1 lco ta1-2-oca1 ta2-3-lco
0
5
0 0 8 11
0 8 0 3
0 11 2 0
0 19 1 0
0 29 0 1
1
end_operator
begin_operator
push-unitarypipe s12 b7 a1 a2 b5 oca1 oca1 ta1-1-oca1 ta2-1-oca1
0
5
0 0 9 11
0 9 0 3
0 11 2 0
0 16 1 0
0 24 0 1
1
end_operator
begin_operator
push-unitarypipe s12 b7 a1 a2 b5 oca1 oca1 ta1-1-oca1 ta2-2-oca1
0
5
0 0 9 11
0 9 0 3
0 11 2 0
0 16 1 0
0 27 0 1
1
end_operator
begin_operator
push-unitarypipe s12 b7 a1 a2 b5 oca1 oca1 ta1-2-oca1 ta2-1-oca1
0
5
0 0 9 11
0 9 0 3
0 11 2 0
0 19 1 0
0 24 0 1
1
end_operator
begin_operator
push-unitarypipe s12 b7 a1 a2 b5 oca1 oca1 ta1-2-oca1 ta2-2-oca1
0
5
0 0 9 11
0 9 0 3
0 11 2 0
0 19 1 0
0 27 0 1
1
end_operator
begin_operator
push-unitarypipe s12 b7 a1 a2 b6 oca1 lco ta1-1-oca1 ta2-1-lco
0
5
0 0 10 11
0 10 0 3
0 11 2 0
0 16 1 0
0 23 0 1
1
end_operator
begin_operator
push-unitarypipe s12 b7 a1 a2 b6 oca1 lco ta1-1-oca1 ta2-2-lco
0
5
0 0 10 11
0 10 0 3
0 11 2 0
0 16 1 0
0 26 0 1
1
end_operator
begin_operator
push-unitarypipe s12 b7 a1 a2 b6 oca1 lco ta1-1-oca1 ta2-3-lco
0
5
0 0 10 11
0 10 0 3
0 11 2 0
0 16 1 0
0 29 0 1
1
end_operator
begin_operator
push-unitarypipe s12 b7 a1 a2 b6 oca1 lco ta1-2-oca1 ta2-1-lco
0
5
0 0 10 11
0 10 0 3
0 11 2 0
0 19 1 0
0 23 0 1
1
end_operator
begin_operator
push-unitarypipe s12 b7 a1 a2 b6 oca1 lco ta1-2-oca1 ta2-2-lco
0
5
0 0 10 11
0 10 0 3
0 11 2 0
0 19 1 0
0 26 0 1
1
end_operator
begin_operator
push-unitarypipe s12 b7 a1 a2 b6 oca1 lco ta1-2-oca1 ta2-3-lco
0
5
0 0 10 11
0 10 0 3
0 11 2 0
0 19 1 0
0 29 0 1
1
end_operator
begin_operator
push-unitarypipe s12 b8 a1 a2 b0 rat-a lco ta1-1-rat-a ta2-1-lco
0
5
0 0 0 12
0 2 0 3
0 12 2 0
0 17 1 0
0 23 0 1
1
end_operator
begin_operator
push-unitarypipe s12 b8 a1 a2 b0 rat-a lco ta1-1-rat-a ta2-2-lco
0
5
0 0 0 12
0 2 0 3
0 12 2 0
0 17 1 0
0 26 0 1
1
end_operator
begin_operator
push-unitarypipe s12 b8 a1 a2 b0 rat-a lco ta1-1-rat-a ta2-3-lco
0
5
0 0 0 12
0 2 0 3
0 12 2 0
0 17 1 0
0 29 0 1
1
end_operator
begin_operator
push-unitarypipe s12 b8 a1 a2 b0 rat-a lco ta1-2-rat-a ta2-1-lco
0
5
0 0 0 12
0 2 0 3
0 12 2 0
0 20 1 0
0 23 0 1
1
end_operator
begin_operator
push-unitarypipe s12 b8 a1 a2 b0 rat-a lco ta1-2-rat-a ta2-2-lco
0
5
0 0 0 12
0 2 0 3
0 12 2 0
0 20 1 0
0 26 0 1
1
end_operator
begin_operator
push-unitarypipe s12 b8 a1 a2 b0 rat-a lco ta1-2-rat-a ta2-3-lco
0
5
0 0 0 12
0 2 0 3
0 12 2 0
0 20 1 0
0 29 0 1
1
end_operator
begin_operator
push-unitarypipe s12 b8 a1 a2 b1 rat-a lco ta1-1-rat-a ta2-1-lco
0
5
0 0 1 12
0 3 0 3
0 12 2 0
0 17 1 0
0 23 0 1
1
end_operator
begin_operator
push-unitarypipe s12 b8 a1 a2 b1 rat-a lco ta1-1-rat-a ta2-2-lco
0
5
0 0 1 12
0 3 0 3
0 12 2 0
0 17 1 0
0 26 0 1
1
end_operator
begin_operator
push-unitarypipe s12 b8 a1 a2 b1 rat-a lco ta1-1-rat-a ta2-3-lco
0
5
0 0 1 12
0 3 0 3
0 12 2 0
0 17 1 0
0 29 0 1
1
end_operator
begin_operator
push-unitarypipe s12 b8 a1 a2 b1 rat-a lco ta1-2-rat-a ta2-1-lco
0
5
0 0 1 12
0 3 0 3
0 12 2 0
0 20 1 0
0 23 0 1
1
end_operator
begin_operator
push-unitarypipe s12 b8 a1 a2 b1 rat-a lco ta1-2-rat-a ta2-2-lco
0
5
0 0 1 12
0 3 0 3
0 12 2 0
0 20 1 0
0 26 0 1
1
end_operator
begin_operator
push-unitarypipe s12 b8 a1 a2 b1 rat-a lco ta1-2-rat-a ta2-3-lco
0
5
0 0 1 12
0 3 0 3
0 12 2 0
0 20 1 0
0 29 0 1
1
end_operator
begin_operator
push-unitarypipe s12 b8 a1 a2 b11 rat-a gasoleo ta1-1-rat-a ta2-1-gasoleo
0
5
0 0 3 12
0 12 2 0
0 17 1 0
0 22 0 1
0 38 0 3
1
end_operator
begin_operator
push-unitarypipe s12 b8 a1 a2 b11 rat-a gasoleo ta1-2-rat-a ta2-1-gasoleo
0
5
0 0 3 12
0 12 2 0
0 20 1 0
0 22 0 1
0 38 0 3
1
end_operator
begin_operator
push-unitarypipe s12 b8 a1 a2 b12 rat-a rat-a ta1-1-rat-a ta2-1-rat-a
0
5
0 0 4 12
0 5 0 3
0 12 2 0
0 17 1 0
0 25 0 1
1
end_operator
begin_operator
push-unitarypipe s12 b8 a1 a2 b12 rat-a rat-a ta1-1-rat-a ta2-2-rat-a
0
5
0 0 4 12
0 5 0 3
0 12 2 0
0 17 1 0
0 28 0 1
1
end_operator
begin_operator
push-unitarypipe s12 b8 a1 a2 b12 rat-a rat-a ta1-2-rat-a ta2-1-rat-a
0
5
0 0 4 12
0 5 0 3
0 12 2 0
0 20 1 0
0 25 0 1
1
end_operator
begin_operator
push-unitarypipe s12 b8 a1 a2 b12 rat-a rat-a ta1-2-rat-a ta2-2-rat-a
0
5
0 0 4 12
0 5 0 3
0 12 2 0
0 20 1 0
0 28 0 1
1
end_operator
begin_operator
push-unitarypipe s12 b8 a1 a2 b13 rat-a rat-a ta1-1-rat-a ta2-1-rat-a
0
5
0 0 5 12
0 6 0 3
0 12 2 0
0 17 1 0
0 25 0 1
1
end_operator
begin_operator
push-unitarypipe s12 b8 a1 a2 b13 rat-a rat-a ta1-1-rat-a ta2-2-rat-a
0
5
0 0 5 12
0 6 0 3
0 12 2 0
0 17 1 0
0 28 0 1
1
end_operator
begin_operator
push-unitarypipe s12 b8 a1 a2 b13 rat-a rat-a ta1-2-rat-a ta2-1-rat-a
0
5
0 0 5 12
0 6 0 3
0 12 2 0
0 20 1 0
0 25 0 1
1
end_operator
begin_operator
push-unitarypipe s12 b8 a1 a2 b13 rat-a rat-a ta1-2-rat-a ta2-2-rat-a
0
5
0 0 5 12
0 6 0 3
0 12 2 0
0 20 1 0
0 28 0 1
1
end_operator
begin_operator
push-unitarypipe s12 b8 a1 a2 b3 rat-a lco ta1-1-rat-a ta2-1-lco
0
5
0 0 7 12
0 7 0 3
0 12 2 0
0 17 1 0
0 23 0 1
1
end_operator
begin_operator
push-unitarypipe s12 b8 a1 a2 b3 rat-a lco ta1-1-rat-a ta2-2-lco
0
5
0 0 7 12
0 7 0 3
0 12 2 0
0 17 1 0
0 26 0 1
1
end_operator
begin_operator
push-unitarypipe s12 b8 a1 a2 b3 rat-a lco ta1-1-rat-a ta2-3-lco
0
5
0 0 7 12
0 7 0 3
0 12 2 0
0 17 1 0
0 29 0 1
1
end_operator
begin_operator
push-unitarypipe s12 b8 a1 a2 b3 rat-a lco ta1-2-rat-a ta2-1-lco
0
5
0 0 7 12
0 7 0 3
0 12 2 0
0 20 1 0
0 23 0 1
1
end_operator
begin_operator
push-unitarypipe s12 b8 a1 a2 b3 rat-a lco ta1-2-rat-a ta2-2-lco
0
5
0 0 7 12
0 7 0 3
0 12 2 0
0 20 1 0
0 26 0 1
1
end_operator
begin_operator
push-unitarypipe s12 b8 a1 a2 b3 rat-a lco ta1-2-rat-a ta2-3-lco
0
5
0 0 7 12
0 7 0 3
0 12 2 0
0 20 1 0
0 29 0 1
1
end_operator
begin_operator
push-unitarypipe s12 b8 a1 a2 b4 rat-a lco ta1-1-rat-a ta2-1-lco
0
5
0 0 8 12
0 8 0 3
0 12 2 0
0 17 1 0
0 23 0 1
1
end_operator
begin_operator
push-unitarypipe s12 b8 a1 a2 b4 rat-a lco ta1-1-rat-a ta2-2-lco
0
5
0 0 8 12
0 8 0 3
0 12 2 0
0 17 1 0
0 26 0 1
1
end_operator
begin_operator
push-unitarypipe s12 b8 a1 a2 b4 rat-a lco ta1-1-rat-a ta2-3-lco
0
5
0 0 8 12
0 8 0 3
0 12 2 0
0 17 1 0
0 29 0 1
1
end_operator
begin_operator
push-unitarypipe s12 b8 a1 a2 b4 rat-a lco ta1-2-rat-a ta2-1-lco
0
5
0 0 8 12
0 8 0 3
0 12 2 0
0 20 1 0
0 23 0 1
1
end_operator
begin_operator
push-unitarypipe s12 b8 a1 a2 b4 rat-a lco ta1-2-rat-a ta2-2-lco
0
5
0 0 8 12
0 8 0 3
0 12 2 0
0 20 1 0
0 26 0 1
1
end_operator
begin_operator
push-unitarypipe s12 b8 a1 a2 b4 rat-a lco ta1-2-rat-a ta2-3-lco
0
5
0 0 8 12
0 8 0 3
0 12 2 0
0 20 1 0
0 29 0 1
1
end_operator
begin_operator
push-unitarypipe s12 b8 a1 a2 b6 rat-a lco ta1-1-rat-a ta2-1-lco
0
5
0 0 10 12
0 10 0 3
0 12 2 0
0 17 1 0
0 23 0 1
1
end_operator
begin_operator
push-unitarypipe s12 b8 a1 a2 b6 rat-a lco ta1-1-rat-a ta2-2-lco
0
5
0 0 10 12
0 10 0 3
0 12 2 0
0 17 1 0
0 26 0 1
1
end_operator
begin_operator
push-unitarypipe s12 b8 a1 a2 b6 rat-a lco ta1-1-rat-a ta2-3-lco
0
5
0 0 10 12
0 10 0 3
0 12 2 0
0 17 1 0
0 29 0 1
1
end_operator
begin_operator
push-unitarypipe s12 b8 a1 a2 b6 rat-a lco ta1-2-rat-a ta2-1-lco
0
5
0 0 10 12
0 10 0 3
0 12 2 0
0 20 1 0
0 23 0 1
1
end_operator
begin_operator
push-unitarypipe s12 b8 a1 a2 b6 rat-a lco ta1-2-rat-a ta2-2-lco
0
5
0 0 10 12
0 10 0 3
0 12 2 0
0 20 1 0
0 26 0 1
1
end_operator
begin_operator
push-unitarypipe s12 b8 a1 a2 b6 rat-a lco ta1-2-rat-a ta2-3-lco
0
5
0 0 10 12
0 10 0 3
0 12 2 0
0 20 1 0
0 29 0 1
1
end_operator
begin_operator
push-unitarypipe s12 b8 a1 a2 b9 rat-a rat-a ta1-1-rat-a ta2-1-rat-a
0
5
0 0 13 12
0 12 2 0
0 13 0 3
0 17 1 0
0 25 0 1
1
end_operator
begin_operator
push-unitarypipe s12 b8 a1 a2 b9 rat-a rat-a ta1-1-rat-a ta2-2-rat-a
0
5
0 0 13 12
0 12 2 0
0 13 0 3
0 17 1 0
0 28 0 1
1
end_operator
begin_operator
push-unitarypipe s12 b8 a1 a2 b9 rat-a rat-a ta1-2-rat-a ta2-1-rat-a
0
5
0 0 13 12
0 12 2 0
0 13 0 3
0 20 1 0
0 25 0 1
1
end_operator
begin_operator
push-unitarypipe s12 b8 a1 a2 b9 rat-a rat-a ta1-2-rat-a ta2-2-rat-a
0
5
0 0 13 12
0 12 2 0
0 13 0 3
0 20 1 0
0 28 0 1
1
end_operator
begin_operator
push-unitarypipe s12 b9 a1 a2 b0 rat-a lco ta1-1-rat-a ta2-1-lco
0
5
0 0 0 13
0 2 0 3
0 13 2 0
0 17 1 0
0 23 0 1
1
end_operator
begin_operator
push-unitarypipe s12 b9 a1 a2 b0 rat-a lco ta1-1-rat-a ta2-2-lco
0
5
0 0 0 13
0 2 0 3
0 13 2 0
0 17 1 0
0 26 0 1
1
end_operator
begin_operator
push-unitarypipe s12 b9 a1 a2 b0 rat-a lco ta1-1-rat-a ta2-3-lco
0
5
0 0 0 13
0 2 0 3
0 13 2 0
0 17 1 0
0 29 0 1
1
end_operator
begin_operator
push-unitarypipe s12 b9 a1 a2 b0 rat-a lco ta1-2-rat-a ta2-1-lco
0
5
0 0 0 13
0 2 0 3
0 13 2 0
0 20 1 0
0 23 0 1
1
end_operator
begin_operator
push-unitarypipe s12 b9 a1 a2 b0 rat-a lco ta1-2-rat-a ta2-2-lco
0
5
0 0 0 13
0 2 0 3
0 13 2 0
0 20 1 0
0 26 0 1
1
end_operator
begin_operator
push-unitarypipe s12 b9 a1 a2 b0 rat-a lco ta1-2-rat-a ta2-3-lco
0
5
0 0 0 13
0 2 0 3
0 13 2 0
0 20 1 0
0 29 0 1
1
end_operator
begin_operator
push-unitarypipe s12 b9 a1 a2 b1 rat-a lco ta1-1-rat-a ta2-1-lco
0
5
0 0 1 13
0 3 0 3
0 13 2 0
0 17 1 0
0 23 0 1
1
end_operator
begin_operator
push-unitarypipe s12 b9 a1 a2 b1 rat-a lco ta1-1-rat-a ta2-2-lco
0
5
0 0 1 13
0 3 0 3
0 13 2 0
0 17 1 0
0 26 0 1
1
end_operator
begin_operator
push-unitarypipe s12 b9 a1 a2 b1 rat-a lco ta1-1-rat-a ta2-3-lco
0
5
0 0 1 13
0 3 0 3
0 13 2 0
0 17 1 0
0 29 0 1
1
end_operator
begin_operator
push-unitarypipe s12 b9 a1 a2 b1 rat-a lco ta1-2-rat-a ta2-1-lco
0
5
0 0 1 13
0 3 0 3
0 13 2 0
0 20 1 0
0 23 0 1
1
end_operator
begin_operator
push-unitarypipe s12 b9 a1 a2 b1 rat-a lco ta1-2-rat-a ta2-2-lco
0
5
0 0 1 13
0 3 0 3
0 13 2 0
0 20 1 0
0 26 0 1
1
end_operator
begin_operator
push-unitarypipe s12 b9 a1 a2 b1 rat-a lco ta1-2-rat-a ta2-3-lco
0
5
0 0 1 13
0 3 0 3
0 13 2 0
0 20 1 0
0 29 0 1
1
end_operator
begin_operator
push-unitarypipe s12 b9 a1 a2 b11 rat-a gasoleo ta1-1-rat-a ta2-1-gasoleo
0
5
0 0 3 13
0 13 2 0
0 17 1 0
0 22 0 1
0 38 0 3
1
end_operator
begin_operator
push-unitarypipe s12 b9 a1 a2 b11 rat-a gasoleo ta1-2-rat-a ta2-1-gasoleo
0
5
0 0 3 13
0 13 2 0
0 20 1 0
0 22 0 1
0 38 0 3
1
end_operator
begin_operator
push-unitarypipe s12 b9 a1 a2 b12 rat-a rat-a ta1-1-rat-a ta2-1-rat-a
0
5
0 0 4 13
0 5 0 3
0 13 2 0
0 17 1 0
0 25 0 1
1
end_operator
begin_operator
push-unitarypipe s12 b9 a1 a2 b12 rat-a rat-a ta1-1-rat-a ta2-2-rat-a
0
5
0 0 4 13
0 5 0 3
0 13 2 0
0 17 1 0
0 28 0 1
1
end_operator
begin_operator
push-unitarypipe s12 b9 a1 a2 b12 rat-a rat-a ta1-2-rat-a ta2-1-rat-a
0
5
0 0 4 13
0 5 0 3
0 13 2 0
0 20 1 0
0 25 0 1
1
end_operator
begin_operator
push-unitarypipe s12 b9 a1 a2 b12 rat-a rat-a ta1-2-rat-a ta2-2-rat-a
0
5
0 0 4 13
0 5 0 3
0 13 2 0
0 20 1 0
0 28 0 1
1
end_operator
begin_operator
push-unitarypipe s12 b9 a1 a2 b13 rat-a rat-a ta1-1-rat-a ta2-1-rat-a
0
5
0 0 5 13
0 6 0 3
0 13 2 0
0 17 1 0
0 25 0 1
1
end_operator
begin_operator
push-unitarypipe s12 b9 a1 a2 b13 rat-a rat-a ta1-1-rat-a ta2-2-rat-a
0
5
0 0 5 13
0 6 0 3
0 13 2 0
0 17 1 0
0 28 0 1
1
end_operator
begin_operator
push-unitarypipe s12 b9 a1 a2 b13 rat-a rat-a ta1-2-rat-a ta2-1-rat-a
0
5
0 0 5 13
0 6 0 3
0 13 2 0
0 20 1 0
0 25 0 1
1
end_operator
begin_operator
push-unitarypipe s12 b9 a1 a2 b13 rat-a rat-a ta1-2-rat-a ta2-2-rat-a
0
5
0 0 5 13
0 6 0 3
0 13 2 0
0 20 1 0
0 28 0 1
1
end_operator
begin_operator
push-unitarypipe s12 b9 a1 a2 b3 rat-a lco ta1-1-rat-a ta2-1-lco
0
5
0 0 7 13
0 7 0 3
0 13 2 0
0 17 1 0
0 23 0 1
1
end_operator
begin_operator
push-unitarypipe s12 b9 a1 a2 b3 rat-a lco ta1-1-rat-a ta2-2-lco
0
5
0 0 7 13
0 7 0 3
0 13 2 0
0 17 1 0
0 26 0 1
1
end_operator
begin_operator
push-unitarypipe s12 b9 a1 a2 b3 rat-a lco ta1-1-rat-a ta2-3-lco
0
5
0 0 7 13
0 7 0 3
0 13 2 0
0 17 1 0
0 29 0 1
1
end_operator
begin_operator
push-unitarypipe s12 b9 a1 a2 b3 rat-a lco ta1-2-rat-a ta2-1-lco
0
5
0 0 7 13
0 7 0 3
0 13 2 0
0 20 1 0
0 23 0 1
1
end_operator
begin_operator
push-unitarypipe s12 b9 a1 a2 b3 rat-a lco ta1-2-rat-a ta2-2-lco
0
5
0 0 7 13
0 7 0 3
0 13 2 0
0 20 1 0
0 26 0 1
1
end_operator
begin_operator
push-unitarypipe s12 b9 a1 a2 b3 rat-a lco ta1-2-rat-a ta2-3-lco
0
5
0 0 7 13
0 7 0 3
0 13 2 0
0 20 1 0
0 29 0 1
1
end_operator
begin_operator
push-unitarypipe s12 b9 a1 a2 b4 rat-a lco ta1-1-rat-a ta2-1-lco
0
5
0 0 8 13
0 8 0 3
0 13 2 0
0 17 1 0
0 23 0 1
1
end_operator
begin_operator
push-unitarypipe s12 b9 a1 a2 b4 rat-a lco ta1-1-rat-a ta2-2-lco
0
5
0 0 8 13
0 8 0 3
0 13 2 0
0 17 1 0
0 26 0 1
1
end_operator
begin_operator
push-unitarypipe s12 b9 a1 a2 b4 rat-a lco ta1-1-rat-a ta2-3-lco
0
5
0 0 8 13
0 8 0 3
0 13 2 0
0 17 1 0
0 29 0 1
1
end_operator
begin_operator
push-unitarypipe s12 b9 a1 a2 b4 rat-a lco ta1-2-rat-a ta2-1-lco
0
5
0 0 8 13
0 8 0 3
0 13 2 0
0 20 1 0
0 23 0 1
1
end_operator
begin_operator
push-unitarypipe s12 b9 a1 a2 b4 rat-a lco ta1-2-rat-a ta2-2-lco
0
5
0 0 8 13
0 8 0 3
0 13 2 0
0 20 1 0
0 26 0 1
1
end_operator
begin_operator
push-unitarypipe s12 b9 a1 a2 b4 rat-a lco ta1-2-rat-a ta2-3-lco
0
5
0 0 8 13
0 8 0 3
0 13 2 0
0 20 1 0
0 29 0 1
1
end_operator
begin_operator
push-unitarypipe s12 b9 a1 a2 b6 rat-a lco ta1-1-rat-a ta2-1-lco
0
5
0 0 10 13
0 10 0 3
0 13 2 0
0 17 1 0
0 23 0 1
1
end_operator
begin_operator
push-unitarypipe s12 b9 a1 a2 b6 rat-a lco ta1-1-rat-a ta2-2-lco
0
5
0 0 10 13
0 10 0 3
0 13 2 0
0 17 1 0
0 26 0 1
1
end_operator
begin_operator
push-unitarypipe s12 b9 a1 a2 b6 rat-a lco ta1-1-rat-a ta2-3-lco
0
5
0 0 10 13
0 10 0 3
0 13 2 0
0 17 1 0
0 29 0 1
1
end_operator
begin_operator
push-unitarypipe s12 b9 a1 a2 b6 rat-a lco ta1-2-rat-a ta2-1-lco
0
5
0 0 10 13
0 10 0 3
0 13 2 0
0 20 1 0
0 23 0 1
1
end_operator
begin_operator
push-unitarypipe s12 b9 a1 a2 b6 rat-a lco ta1-2-rat-a ta2-2-lco
0
5
0 0 10 13
0 10 0 3
0 13 2 0
0 20 1 0
0 26 0 1
1
end_operator
begin_operator
push-unitarypipe s12 b9 a1 a2 b6 rat-a lco ta1-2-rat-a ta2-3-lco
0
5
0 0 10 13
0 10 0 3
0 13 2 0
0 20 1 0
0 29 0 1
1
end_operator
begin_operator
push-unitarypipe s12 b9 a1 a2 b8 rat-a rat-a ta1-1-rat-a ta2-1-rat-a
0
5
0 0 12 13
0 12 0 3
0 13 2 0
0 17 1 0
0 25 0 1
1
end_operator
begin_operator
push-unitarypipe s12 b9 a1 a2 b8 rat-a rat-a ta1-1-rat-a ta2-2-rat-a
0
5
0 0 12 13
0 12 0 3
0 13 2 0
0 17 1 0
0 28 0 1
1
end_operator
begin_operator
push-unitarypipe s12 b9 a1 a2 b8 rat-a rat-a ta1-2-rat-a ta2-1-rat-a
0
5
0 0 12 13
0 12 0 3
0 13 2 0
0 20 1 0
0 25 0 1
1
end_operator
begin_operator
push-unitarypipe s12 b9 a1 a2 b8 rat-a rat-a ta1-2-rat-a ta2-2-rat-a
0
5
0 0 12 13
0 12 0 3
0 13 2 0
0 20 1 0
0 28 0 1
1
end_operator
begin_operator
push-unitarypipe s13 b0 a1 a3 b1 lco lco ta1-1-lco ta3-1-lco
0
5
0 1 1 0
0 2 2 1
0 3 1 4
0 15 1 0
0 31 0 1
1
end_operator
begin_operator
push-unitarypipe s13 b0 a1 a3 b1 lco lco ta1-1-lco ta3-2-lco
0
5
0 1 1 0
0 2 2 1
0 3 1 4
0 15 1 0
0 34 0 1
1
end_operator
begin_operator
push-unitarypipe s13 b0 a1 a3 b1 lco lco ta1-1-lco ta3-3-lco
0
5
0 1 1 0
0 2 2 1
0 3 1 4
0 15 1 0
0 37 0 1
1
end_operator
begin_operator
push-unitarypipe s13 b0 a1 a3 b1 lco lco ta1-2-lco ta3-1-lco
0
5
0 1 1 0
0 2 2 1
0 3 1 4
0 18 1 0
0 31 0 1
1
end_operator
begin_operator
push-unitarypipe s13 b0 a1 a3 b1 lco lco ta1-2-lco ta3-2-lco
0
5
0 1 1 0
0 2 2 1
0 3 1 4
0 18 1 0
0 34 0 1
1
end_operator
begin_operator
push-unitarypipe s13 b0 a1 a3 b1 lco lco ta1-2-lco ta3-3-lco
0
5
0 1 1 0
0 2 2 1
0 3 1 4
0 18 1 0
0 37 0 1
1
end_operator
begin_operator
push-unitarypipe s13 b0 a1 a3 b1 lco lco ta1-3-lco ta3-1-lco
0
5
0 1 1 0
0 2 2 1
0 3 1 4
0 21 1 0
0 31 0 1
1
end_operator
begin_operator
push-unitarypipe s13 b0 a1 a3 b1 lco lco ta1-3-lco ta3-2-lco
0
5
0 1 1 0
0 2 2 1
0 3 1 4
0 21 1 0
0 34 0 1
1
end_operator
begin_operator
push-unitarypipe s13 b0 a1 a3 b1 lco lco ta1-3-lco ta3-3-lco
0
5
0 1 1 0
0 2 2 1
0 3 1 4
0 21 1 0
0 37 0 1
1
end_operator
begin_operator
push-unitarypipe s13 b0 a1 a3 b10 lco oca1 ta1-1-lco ta3-1-oca1
0
5
0 1 2 0
0 2 2 1
0 4 1 4
0 15 1 0
0 32 0 1
1
end_operator
begin_operator
push-unitarypipe s13 b0 a1 a3 b10 lco oca1 ta1-1-lco ta3-2-oca1
0
5
0 1 2 0
0 2 2 1
0 4 1 4
0 15 1 0
0 35 0 1
1
end_operator
begin_operator
push-unitarypipe s13 b0 a1 a3 b10 lco oca1 ta1-2-lco ta3-1-oca1
0
5
0 1 2 0
0 2 2 1
0 4 1 4
0 18 1 0
0 32 0 1
1
end_operator
begin_operator
push-unitarypipe s13 b0 a1 a3 b10 lco oca1 ta1-2-lco ta3-2-oca1
0
5
0 1 2 0
0 2 2 1
0 4 1 4
0 18 1 0
0 35 0 1
1
end_operator
begin_operator
push-unitarypipe s13 b0 a1 a3 b10 lco oca1 ta1-3-lco ta3-1-oca1
0
5
0 1 2 0
0 2 2 1
0 4 1 4
0 21 1 0
0 32 0 1
1
end_operator
begin_operator
push-unitarypipe s13 b0 a1 a3 b10 lco oca1 ta1-3-lco ta3-2-oca1
0
5
0 1 2 0
0 2 2 1
0 4 1 4
0 21 1 0
0 35 0 1
1
end_operator
begin_operator
push-unitarypipe s13 b0 a1 a3 b12 lco rat-a ta1-1-lco ta3-1-rat-a
0
5
0 1 4 0
0 2 2 1
0 5 1 4
0 15 1 0
0 33 0 1
1
end_operator
begin_operator
push-unitarypipe s13 b0 a1 a3 b12 lco rat-a ta1-1-lco ta3-2-rat-a
0
5
0 1 4 0
0 2 2 1
0 5 1 4
0 15 1 0
0 36 0 1
1
end_operator
begin_operator
push-unitarypipe s13 b0 a1 a3 b12 lco rat-a ta1-2-lco ta3-1-rat-a
0
5
0 1 4 0
0 2 2 1
0 5 1 4
0 18 1 0
0 33 0 1
1
end_operator
begin_operator
push-unitarypipe s13 b0 a1 a3 b12 lco rat-a ta1-2-lco ta3-2-rat-a
0
5
0 1 4 0
0 2 2 1
0 5 1 4
0 18 1 0
0 36 0 1
1
end_operator
begin_operator
push-unitarypipe s13 b0 a1 a3 b12 lco rat-a ta1-3-lco ta3-1-rat-a
0
5
0 1 4 0
0 2 2 1
0 5 1 4
0 21 1 0
0 33 0 1
1
end_operator
begin_operator
push-unitarypipe s13 b0 a1 a3 b12 lco rat-a ta1-3-lco ta3-2-rat-a
0
5
0 1 4 0
0 2 2 1
0 5 1 4
0 21 1 0
0 36 0 1
1
end_operator
begin_operator
push-unitarypipe s13 b0 a1 a3 b13 lco rat-a ta1-1-lco ta3-1-rat-a
0
5
0 1 5 0
0 2 2 1
0 6 1 4
0 15 1 0
0 33 0 1
1
end_operator
begin_operator
push-unitarypipe s13 b0 a1 a3 b13 lco rat-a ta1-1-lco ta3-2-rat-a
0
5
0 1 5 0
0 2 2 1
0 6 1 4
0 15 1 0
0 36 0 1
1
end_operator
begin_operator
push-unitarypipe s13 b0 a1 a3 b13 lco rat-a ta1-2-lco ta3-1-rat-a
0
5
0 1 5 0
0 2 2 1
0 6 1 4
0 18 1 0
0 33 0 1
1
end_operator
begin_operator
push-unitarypipe s13 b0 a1 a3 b13 lco rat-a ta1-2-lco ta3-2-rat-a
0
5
0 1 5 0
0 2 2 1
0 6 1 4
0 18 1 0
0 36 0 1
1
end_operator
begin_operator
push-unitarypipe s13 b0 a1 a3 b13 lco rat-a ta1-3-lco ta3-1-rat-a
0
5
0 1 5 0
0 2 2 1
0 6 1 4
0 21 1 0
0 33 0 1
1
end_operator
begin_operator
push-unitarypipe s13 b0 a1 a3 b13 lco rat-a ta1-3-lco ta3-2-rat-a
0
5
0 1 5 0
0 2 2 1
0 6 1 4
0 21 1 0
0 36 0 1
1
end_operator
begin_operator
push-unitarypipe s13 b0 a1 a3 b2 lco gasoleo ta1-1-lco ta3-1-gasoleo
0
5
0 1 6 0
0 2 2 1
0 15 1 0
0 30 0 1
0 39 1 3
1
end_operator
begin_operator
push-unitarypipe s13 b0 a1 a3 b2 lco gasoleo ta1-2-lco ta3-1-gasoleo
0
5
0 1 6 0
0 2 2 1
0 18 1 0
0 30 0 1
0 39 1 3
1
end_operator
begin_operator
push-unitarypipe s13 b0 a1 a3 b2 lco gasoleo ta1-3-lco ta3-1-gasoleo
0
5
0 1 6 0
0 2 2 1
0 21 1 0
0 30 0 1
0 39 1 3
1
end_operator
begin_operator
push-unitarypipe s13 b0 a1 a3 b3 lco lco ta1-1-lco ta3-1-lco
0
5
0 1 7 0
0 2 2 1
0 7 1 4
0 15 1 0
0 31 0 1
1
end_operator
begin_operator
push-unitarypipe s13 b0 a1 a3 b3 lco lco ta1-1-lco ta3-2-lco
0
5
0 1 7 0
0 2 2 1
0 7 1 4
0 15 1 0
0 34 0 1
1
end_operator
begin_operator
push-unitarypipe s13 b0 a1 a3 b3 lco lco ta1-1-lco ta3-3-lco
0
5
0 1 7 0
0 2 2 1
0 7 1 4
0 15 1 0
0 37 0 1
1
end_operator
begin_operator
push-unitarypipe s13 b0 a1 a3 b3 lco lco ta1-2-lco ta3-1-lco
0
5
0 1 7 0
0 2 2 1
0 7 1 4
0 18 1 0
0 31 0 1
1
end_operator
begin_operator
push-unitarypipe s13 b0 a1 a3 b3 lco lco ta1-2-lco ta3-2-lco
0
5
0 1 7 0
0 2 2 1
0 7 1 4
0 18 1 0
0 34 0 1
1
end_operator
begin_operator
push-unitarypipe s13 b0 a1 a3 b3 lco lco ta1-2-lco ta3-3-lco
0
5
0 1 7 0
0 2 2 1
0 7 1 4
0 18 1 0
0 37 0 1
1
end_operator
begin_operator
push-unitarypipe s13 b0 a1 a3 b3 lco lco ta1-3-lco ta3-1-lco
0
5
0 1 7 0
0 2 2 1
0 7 1 4
0 21 1 0
0 31 0 1
1
end_operator
begin_operator
push-unitarypipe s13 b0 a1 a3 b3 lco lco ta1-3-lco ta3-2-lco
0
5
0 1 7 0
0 2 2 1
0 7 1 4
0 21 1 0
0 34 0 1
1
end_operator
begin_operator
push-unitarypipe s13 b0 a1 a3 b3 lco lco ta1-3-lco ta3-3-lco
0
5
0 1 7 0
0 2 2 1
0 7 1 4
0 21 1 0
0 37 0 1
1
end_operator
begin_operator
push-unitarypipe s13 b0 a1 a3 b4 lco lco ta1-1-lco ta3-1-lco
0
5
0 1 8 0
0 2 2 1
0 8 1 4
0 15 1 0
0 31 0 1
1
end_operator
begin_operator
push-unitarypipe s13 b0 a1 a3 b4 lco lco ta1-1-lco ta3-2-lco
0
5
0 1 8 0
0 2 2 1
0 8 1 4
0 15 1 0
0 34 0 1
1
end_operator
begin_operator
push-unitarypipe s13 b0 a1 a3 b4 lco lco ta1-1-lco ta3-3-lco
0
5
0 1 8 0
0 2 2 1
0 8 1 4
0 15 1 0
0 37 0 1
1
end_operator
begin_operator
push-unitarypipe s13 b0 a1 a3 b4 lco lco ta1-2-lco ta3-1-lco
0
5
0 1 8 0
0 2 2 1
0 8 1 4
0 18 1 0
0 31 0 1
1
end_operator
begin_operator
push-unitarypipe s13 b0 a1 a3 b4 lco lco ta1-2-lco ta3-2-lco
0
5
0 1 8 0
0 2 2 1
0 8 1 4
0 18 1 0
0 34 0 1
1
end_operator
begin_operator
push-unitarypipe s13 b0 a1 a3 b4 lco lco ta1-2-lco ta3-3-lco
0
5
0 1 8 0
0 2 2 1
0 8 1 4
0 18 1 0
0 37 0 1
1
end_operator
begin_operator
push-unitarypipe s13 b0 a1 a3 b4 lco lco ta1-3-lco ta3-1-lco
0
5
0 1 8 0
0 2 2 1
0 8 1 4
0 21 1 0
0 31 0 1
1
end_operator
begin_operator
push-unitarypipe s13 b0 a1 a3 b4 lco lco ta1-3-lco ta3-2-lco
0
5
0 1 8 0
0 2 2 1
0 8 1 4
0 21 1 0
0 34 0 1
1
end_operator
begin_operator
push-unitarypipe s13 b0 a1 a3 b4 lco lco ta1-3-lco ta3-3-lco
0
5
0 1 8 0
0 2 2 1
0 8 1 4
0 21 1 0
0 37 0 1
1
end_operator
begin_operator
push-unitarypipe s13 b0 a1 a3 b5 lco oca1 ta1-1-lco ta3-1-oca1
0
5
0 1 9 0
0 2 2 1
0 9 1 4
0 15 1 0
0 32 0 1
1
end_operator
begin_operator
push-unitarypipe s13 b0 a1 a3 b5 lco oca1 ta1-1-lco ta3-2-oca1
0
5
0 1 9 0
0 2 2 1
0 9 1 4
0 15 1 0
0 35 0 1
1
end_operator
begin_operator
push-unitarypipe s13 b0 a1 a3 b5 lco oca1 ta1-2-lco ta3-1-oca1
0
5
0 1 9 0
0 2 2 1
0 9 1 4
0 18 1 0
0 32 0 1
1
end_operator
begin_operator
push-unitarypipe s13 b0 a1 a3 b5 lco oca1 ta1-2-lco ta3-2-oca1
0
5
0 1 9 0
0 2 2 1
0 9 1 4
0 18 1 0
0 35 0 1
1
end_operator
begin_operator
push-unitarypipe s13 b0 a1 a3 b5 lco oca1 ta1-3-lco ta3-1-oca1
0
5
0 1 9 0
0 2 2 1
0 9 1 4
0 21 1 0
0 32 0 1
1
end_operator
begin_operator
push-unitarypipe s13 b0 a1 a3 b5 lco oca1 ta1-3-lco ta3-2-oca1
0
5
0 1 9 0
0 2 2 1
0 9 1 4
0 21 1 0
0 35 0 1
1
end_operator
begin_operator
push-unitarypipe s13 b0 a1 a3 b6 lco lco ta1-1-lco ta3-1-lco
0
5
0 1 10 0
0 2 2 1
0 10 1 4
0 15 1 0
0 31 0 1
1
end_operator
begin_operator
push-unitarypipe s13 b0 a1 a3 b6 lco lco ta1-1-lco ta3-2-lco
0
5
0 1 10 0
0 2 2 1
0 10 1 4
0 15 1 0
0 34 0 1
1
end_operator
begin_operator
push-unitarypipe s13 b0 a1 a3 b6 lco lco ta1-1-lco ta3-3-lco
0
5
0 1 10 0
0 2 2 1
0 10 1 4
0 15 1 0
0 37 0 1
1
end_operator
begin_operator
push-unitarypipe s13 b0 a1 a3 b6 lco lco ta1-2-lco ta3-1-lco
0
5
0 1 10 0
0 2 2 1
0 10 1 4
0 18 1 0
0 31 0 1
1
end_operator
begin_operator
push-unitarypipe s13 b0 a1 a3 b6 lco lco ta1-2-lco ta3-2-lco
0
5
0 1 10 0
0 2 2 1
0 10 1 4
0 18 1 0
0 34 0 1
1
end_operator
begin_operator
push-unitarypipe s13 b0 a1 a3 b6 lco lco ta1-2-lco ta3-3-lco
0
5
0 1 10 0
0 2 2 1
0 10 1 4
0 18 1 0
0 37 0 1
1
end_operator
begin_operator
push-unitarypipe s13 b0 a1 a3 b6 lco lco ta1-3-lco ta3-1-lco
0
5
0 1 10 0
0 2 2 1
0 10 1 4
0 21 1 0
0 31 0 1
1
end_operator
begin_operator
push-unitarypipe s13 b0 a1 a3 b6 lco lco ta1-3-lco ta3-2-lco
0
5
0 1 10 0
0 2 2 1
0 10 1 4
0 21 1 0
0 34 0 1
1
end_operator
begin_operator
push-unitarypipe s13 b0 a1 a3 b6 lco lco ta1-3-lco ta3-3-lco
0
5
0 1 10 0
0 2 2 1
0 10 1 4
0 21 1 0
0 37 0 1
1
end_operator
begin_operator
push-unitarypipe s13 b0 a1 a3 b7 lco oca1 ta1-1-lco ta3-1-oca1
0
5
0 1 11 0
0 2 2 1
0 11 1 4
0 15 1 0
0 32 0 1
1
end_operator
begin_operator
push-unitarypipe s13 b0 a1 a3 b7 lco oca1 ta1-1-lco ta3-2-oca1
0
5
0 1 11 0
0 2 2 1
0 11 1 4
0 15 1 0
0 35 0 1
1
end_operator
begin_operator
push-unitarypipe s13 b0 a1 a3 b7 lco oca1 ta1-2-lco ta3-1-oca1
0
5
0 1 11 0
0 2 2 1
0 11 1 4
0 18 1 0
0 32 0 1
1
end_operator
begin_operator
push-unitarypipe s13 b0 a1 a3 b7 lco oca1 ta1-2-lco ta3-2-oca1
0
5
0 1 11 0
0 2 2 1
0 11 1 4
0 18 1 0
0 35 0 1
1
end_operator
begin_operator
push-unitarypipe s13 b0 a1 a3 b7 lco oca1 ta1-3-lco ta3-1-oca1
0
5
0 1 11 0
0 2 2 1
0 11 1 4
0 21 1 0
0 32 0 1
1
end_operator
begin_operator
push-unitarypipe s13 b0 a1 a3 b7 lco oca1 ta1-3-lco ta3-2-oca1
0
5
0 1 11 0
0 2 2 1
0 11 1 4
0 21 1 0
0 35 0 1
1
end_operator
begin_operator
push-unitarypipe s13 b0 a1 a3 b8 lco rat-a ta1-1-lco ta3-1-rat-a
0
5
0 1 12 0
0 2 2 1
0 12 1 4
0 15 1 0
0 33 0 1
1
end_operator
begin_operator
push-unitarypipe s13 b0 a1 a3 b8 lco rat-a ta1-1-lco ta3-2-rat-a
0
5
0 1 12 0
0 2 2 1
0 12 1 4
0 15 1 0
0 36 0 1
1
end_operator
begin_operator
push-unitarypipe s13 b0 a1 a3 b8 lco rat-a ta1-2-lco ta3-1-rat-a
0
5
0 1 12 0
0 2 2 1
0 12 1 4
0 18 1 0
0 33 0 1
1
end_operator
begin_operator
push-unitarypipe s13 b0 a1 a3 b8 lco rat-a ta1-2-lco ta3-2-rat-a
0
5
0 1 12 0
0 2 2 1
0 12 1 4
0 18 1 0
0 36 0 1
1
end_operator
begin_operator
push-unitarypipe s13 b0 a1 a3 b8 lco rat-a ta1-3-lco ta3-1-rat-a
0
5
0 1 12 0
0 2 2 1
0 12 1 4
0 21 1 0
0 33 0 1
1
end_operator
begin_operator
push-unitarypipe s13 b0 a1 a3 b8 lco rat-a ta1-3-lco ta3-2-rat-a
0
5
0 1 12 0
0 2 2 1
0 12 1 4
0 21 1 0
0 36 0 1
1
end_operator
begin_operator
push-unitarypipe s13 b0 a1 a3 b9 lco rat-a ta1-1-lco ta3-1-rat-a
0
5
0 1 13 0
0 2 2 1
0 13 1 4
0 15 1 0
0 33 0 1
1
end_operator
begin_operator
push-unitarypipe s13 b0 a1 a3 b9 lco rat-a ta1-1-lco ta3-2-rat-a
0
5
0 1 13 0
0 2 2 1
0 13 1 4
0 15 1 0
0 36 0 1
1
end_operator
begin_operator
push-unitarypipe s13 b0 a1 a3 b9 lco rat-a ta1-2-lco ta3-1-rat-a
0
5
0 1 13 0
0 2 2 1
0 13 1 4
0 18 1 0
0 33 0 1
1
end_operator
begin_operator
push-unitarypipe s13 b0 a1 a3 b9 lco rat-a ta1-2-lco ta3-2-rat-a
0
5
0 1 13 0
0 2 2 1
0 13 1 4
0 18 1 0
0 36 0 1
1
end_operator
begin_operator
push-unitarypipe s13 b0 a1 a3 b9 lco rat-a ta1-3-lco ta3-1-rat-a
0
5
0 1 13 0
0 2 2 1
0 13 1 4
0 21 1 0
0 33 0 1
1
end_operator
begin_operator
push-unitarypipe s13 b0 a1 a3 b9 lco rat-a ta1-3-lco ta3-2-rat-a
0
5
0 1 13 0
0 2 2 1
0 13 1 4
0 21 1 0
0 36 0 1
1
end_operator
begin_operator
push-unitarypipe s13 b1 a1 a3 b0 lco lco ta1-1-lco ta3-1-lco
0
5
0 1 0 1
0 2 1 4
0 3 2 1
0 15 1 0
0 31 0 1
1
end_operator
begin_operator
push-unitarypipe s13 b1 a1 a3 b0 lco lco ta1-1-lco ta3-2-lco
0
5
0 1 0 1
0 2 1 4
0 3 2 1
0 15 1 0
0 34 0 1
1
end_operator
begin_operator
push-unitarypipe s13 b1 a1 a3 b0 lco lco ta1-1-lco ta3-3-lco
0
5
0 1 0 1
0 2 1 4
0 3 2 1
0 15 1 0
0 37 0 1
1
end_operator
begin_operator
push-unitarypipe s13 b1 a1 a3 b0 lco lco ta1-2-lco ta3-1-lco
0
5
0 1 0 1
0 2 1 4
0 3 2 1
0 18 1 0
0 31 0 1
1
end_operator
begin_operator
push-unitarypipe s13 b1 a1 a3 b0 lco lco ta1-2-lco ta3-2-lco
0
5
0 1 0 1
0 2 1 4
0 3 2 1
0 18 1 0
0 34 0 1
1
end_operator
begin_operator
push-unitarypipe s13 b1 a1 a3 b0 lco lco ta1-2-lco ta3-3-lco
0
5
0 1 0 1
0 2 1 4
0 3 2 1
0 18 1 0
0 37 0 1
1
end_operator
begin_operator
push-unitarypipe s13 b1 a1 a3 b0 lco lco ta1-3-lco ta3-1-lco
0
5
0 1 0 1
0 2 1 4
0 3 2 1
0 21 1 0
0 31 0 1
1
end_operator
begin_operator
push-unitarypipe s13 b1 a1 a3 b0 lco lco ta1-3-lco ta3-2-lco
0
5
0 1 0 1
0 2 1 4
0 3 2 1
0 21 1 0
0 34 0 1
1
end_operator
begin_operator
push-unitarypipe s13 b1 a1 a3 b0 lco lco ta1-3-lco ta3-3-lco
0
5
0 1 0 1
0 2 1 4
0 3 2 1
0 21 1 0
0 37 0 1
1
end_operator
begin_operator
push-unitarypipe s13 b1 a1 a3 b10 lco oca1 ta1-1-lco ta3-1-oca1
0
5
0 1 2 1
0 3 2 1
0 4 1 4
0 15 1 0
0 32 0 1
1
end_operator
begin_operator
push-unitarypipe s13 b1 a1 a3 b10 lco oca1 ta1-1-lco ta3-2-oca1
0
5
0 1 2 1
0 3 2 1
0 4 1 4
0 15 1 0
0 35 0 1
1
end_operator
begin_operator
push-unitarypipe s13 b1 a1 a3 b10 lco oca1 ta1-2-lco ta3-1-oca1
0
5
0 1 2 1
0 3 2 1
0 4 1 4
0 18 1 0
0 32 0 1
1
end_operator
begin_operator
push-unitarypipe s13 b1 a1 a3 b10 lco oca1 ta1-2-lco ta3-2-oca1
0
5
0 1 2 1
0 3 2 1
0 4 1 4
0 18 1 0
0 35 0 1
1
end_operator
begin_operator
push-unitarypipe s13 b1 a1 a3 b10 lco oca1 ta1-3-lco ta3-1-oca1
0
5
0 1 2 1
0 3 2 1
0 4 1 4
0 21 1 0
0 32 0 1
1
end_operator
begin_operator
push-unitarypipe s13 b1 a1 a3 b10 lco oca1 ta1-3-lco ta3-2-oca1
0
5
0 1 2 1
0 3 2 1
0 4 1 4
0 21 1 0
0 35 0 1
1
end_operator
begin_operator
push-unitarypipe s13 b1 a1 a3 b12 lco rat-a ta1-1-lco ta3-1-rat-a
0
5
0 1 4 1
0 3 2 1
0 5 1 4
0 15 1 0
0 33 0 1
1
end_operator
begin_operator
push-unitarypipe s13 b1 a1 a3 b12 lco rat-a ta1-1-lco ta3-2-rat-a
0
5
0 1 4 1
0 3 2 1
0 5 1 4
0 15 1 0
0 36 0 1
1
end_operator
begin_operator
push-unitarypipe s13 b1 a1 a3 b12 lco rat-a ta1-2-lco ta3-1-rat-a
0
5
0 1 4 1
0 3 2 1
0 5 1 4
0 18 1 0
0 33 0 1
1
end_operator
begin_operator
push-unitarypipe s13 b1 a1 a3 b12 lco rat-a ta1-2-lco ta3-2-rat-a
0
5
0 1 4 1
0 3 2 1
0 5 1 4
0 18 1 0
0 36 0 1
1
end_operator
begin_operator
push-unitarypipe s13 b1 a1 a3 b12 lco rat-a ta1-3-lco ta3-1-rat-a
0
5
0 1 4 1
0 3 2 1
0 5 1 4
0 21 1 0
0 33 0 1
1
end_operator
begin_operator
push-unitarypipe s13 b1 a1 a3 b12 lco rat-a ta1-3-lco ta3-2-rat-a
0
5
0 1 4 1
0 3 2 1
0 5 1 4
0 21 1 0
0 36 0 1
1
end_operator
begin_operator
push-unitarypipe s13 b1 a1 a3 b13 lco rat-a ta1-1-lco ta3-1-rat-a
0
5
0 1 5 1
0 3 2 1
0 6 1 4
0 15 1 0
0 33 0 1
1
end_operator
begin_operator
push-unitarypipe s13 b1 a1 a3 b13 lco rat-a ta1-1-lco ta3-2-rat-a
0
5
0 1 5 1
0 3 2 1
0 6 1 4
0 15 1 0
0 36 0 1
1
end_operator
begin_operator
push-unitarypipe s13 b1 a1 a3 b13 lco rat-a ta1-2-lco ta3-1-rat-a
0
5
0 1 5 1
0 3 2 1
0 6 1 4
0 18 1 0
0 33 0 1
1
end_operator
begin_operator
push-unitarypipe s13 b1 a1 a3 b13 lco rat-a ta1-2-lco ta3-2-rat-a
0
5
0 1 5 1
0 3 2 1
0 6 1 4
0 18 1 0
0 36 0 1
1
end_operator
begin_operator
push-unitarypipe s13 b1 a1 a3 b13 lco rat-a ta1-3-lco ta3-1-rat-a
0
5
0 1 5 1
0 3 2 1
0 6 1 4
0 21 1 0
0 33 0 1
1
end_operator
begin_operator
push-unitarypipe s13 b1 a1 a3 b13 lco rat-a ta1-3-lco ta3-2-rat-a
0
5
0 1 5 1
0 3 2 1
0 6 1 4
0 21 1 0
0 36 0 1
1
end_operator
begin_operator
push-unitarypipe s13 b1 a1 a3 b2 lco gasoleo ta1-1-lco ta3-1-gasoleo
0
5
0 1 6 1
0 3 2 1
0 15 1 0
0 30 0 1
0 39 1 3
1
end_operator
begin_operator
push-unitarypipe s13 b1 a1 a3 b2 lco gasoleo ta1-2-lco ta3-1-gasoleo
0
5
0 1 6 1
0 3 2 1
0 18 1 0
0 30 0 1
0 39 1 3
1
end_operator
begin_operator
push-unitarypipe s13 b1 a1 a3 b2 lco gasoleo ta1-3-lco ta3-1-gasoleo
0
5
0 1 6 1
0 3 2 1
0 21 1 0
0 30 0 1
0 39 1 3
1
end_operator
begin_operator
push-unitarypipe s13 b1 a1 a3 b3 lco lco ta1-1-lco ta3-1-lco
0
5
0 1 7 1
0 3 2 1
0 7 1 4
0 15 1 0
0 31 0 1
1
end_operator
begin_operator
push-unitarypipe s13 b1 a1 a3 b3 lco lco ta1-1-lco ta3-2-lco
0
5
0 1 7 1
0 3 2 1
0 7 1 4
0 15 1 0
0 34 0 1
1
end_operator
begin_operator
push-unitarypipe s13 b1 a1 a3 b3 lco lco ta1-1-lco ta3-3-lco
0
5
0 1 7 1
0 3 2 1
0 7 1 4
0 15 1 0
0 37 0 1
1
end_operator
begin_operator
push-unitarypipe s13 b1 a1 a3 b3 lco lco ta1-2-lco ta3-1-lco
0
5
0 1 7 1
0 3 2 1
0 7 1 4
0 18 1 0
0 31 0 1
1
end_operator
begin_operator
push-unitarypipe s13 b1 a1 a3 b3 lco lco ta1-2-lco ta3-2-lco
0
5
0 1 7 1
0 3 2 1
0 7 1 4
0 18 1 0
0 34 0 1
1
end_operator
begin_operator
push-unitarypipe s13 b1 a1 a3 b3 lco lco ta1-2-lco ta3-3-lco
0
5
0 1 7 1
0 3 2 1
0 7 1 4
0 18 1 0
0 37 0 1
1
end_operator
begin_operator
push-unitarypipe s13 b1 a1 a3 b3 lco lco ta1-3-lco ta3-1-lco
0
5
0 1 7 1
0 3 2 1
0 7 1 4
0 21 1 0
0 31 0 1
1
end_operator
begin_operator
push-unitarypipe s13 b1 a1 a3 b3 lco lco ta1-3-lco ta3-2-lco
0
5
0 1 7 1
0 3 2 1
0 7 1 4
0 21 1 0
0 34 0 1
1
end_operator
begin_operator
push-unitarypipe s13 b1 a1 a3 b3 lco lco ta1-3-lco ta3-3-lco
0
5
0 1 7 1
0 3 2 1
0 7 1 4
0 21 1 0
0 37 0 1
1
end_operator
begin_operator
push-unitarypipe s13 b1 a1 a3 b4 lco lco ta1-1-lco ta3-1-lco
0
5
0 1 8 1
0 3 2 1
0 8 1 4
0 15 1 0
0 31 0 1
1
end_operator
begin_operator
push-unitarypipe s13 b1 a1 a3 b4 lco lco ta1-1-lco ta3-2-lco
0
5
0 1 8 1
0 3 2 1
0 8 1 4
0 15 1 0
0 34 0 1
1
end_operator
begin_operator
push-unitarypipe s13 b1 a1 a3 b4 lco lco ta1-1-lco ta3-3-lco
0
5
0 1 8 1
0 3 2 1
0 8 1 4
0 15 1 0
0 37 0 1
1
end_operator
begin_operator
push-unitarypipe s13 b1 a1 a3 b4 lco lco ta1-2-lco ta3-1-lco
0
5
0 1 8 1
0 3 2 1
0 8 1 4
0 18 1 0
0 31 0 1
1
end_operator
begin_operator
push-unitarypipe s13 b1 a1 a3 b4 lco lco ta1-2-lco ta3-2-lco
0
5
0 1 8 1
0 3 2 1
0 8 1 4
0 18 1 0
0 34 0 1
1
end_operator
begin_operator
push-unitarypipe s13 b1 a1 a3 b4 lco lco ta1-2-lco ta3-3-lco
0
5
0 1 8 1
0 3 2 1
0 8 1 4
0 18 1 0
0 37 0 1
1
end_operator
begin_operator
push-unitarypipe s13 b1 a1 a3 b4 lco lco ta1-3-lco ta3-1-lco
0
5
0 1 8 1
0 3 2 1
0 8 1 4
0 21 1 0
0 31 0 1
1
end_operator
begin_operator
push-unitarypipe s13 b1 a1 a3 b4 lco lco ta1-3-lco ta3-2-lco
0
5
0 1 8 1
0 3 2 1
0 8 1 4
0 21 1 0
0 34 0 1
1
end_operator
begin_operator
push-unitarypipe s13 b1 a1 a3 b4 lco lco ta1-3-lco ta3-3-lco
0
5
0 1 8 1
0 3 2 1
0 8 1 4
0 21 1 0
0 37 0 1
1
end_operator
begin_operator
push-unitarypipe s13 b1 a1 a3 b5 lco oca1 ta1-1-lco ta3-1-oca1
0
5
0 1 9 1
0 3 2 1
0 9 1 4
0 15 1 0
0 32 0 1
1
end_operator
begin_operator
push-unitarypipe s13 b1 a1 a3 b5 lco oca1 ta1-1-lco ta3-2-oca1
0
5
0 1 9 1
0 3 2 1
0 9 1 4
0 15 1 0
0 35 0 1
1
end_operator
begin_operator
push-unitarypipe s13 b1 a1 a3 b5 lco oca1 ta1-2-lco ta3-1-oca1
0
5
0 1 9 1
0 3 2 1
0 9 1 4
0 18 1 0
0 32 0 1
1
end_operator
begin_operator
push-unitarypipe s13 b1 a1 a3 b5 lco oca1 ta1-2-lco ta3-2-oca1
0
5
0 1 9 1
0 3 2 1
0 9 1 4
0 18 1 0
0 35 0 1
1
end_operator
begin_operator
push-unitarypipe s13 b1 a1 a3 b5 lco oca1 ta1-3-lco ta3-1-oca1
0
5
0 1 9 1
0 3 2 1
0 9 1 4
0 21 1 0
0 32 0 1
1
end_operator
begin_operator
push-unitarypipe s13 b1 a1 a3 b5 lco oca1 ta1-3-lco ta3-2-oca1
0
5
0 1 9 1
0 3 2 1
0 9 1 4
0 21 1 0
0 35 0 1
1
end_operator
begin_operator
push-unitarypipe s13 b1 a1 a3 b6 lco lco ta1-1-lco ta3-1-lco
0
5
0 1 10 1
0 3 2 1
0 10 1 4
0 15 1 0
0 31 0 1
1
end_operator
begin_operator
push-unitarypipe s13 b1 a1 a3 b6 lco lco ta1-1-lco ta3-2-lco
0
5
0 1 10 1
0 3 2 1
0 10 1 4
0 15 1 0
0 34 0 1
1
end_operator
begin_operator
push-unitarypipe s13 b1 a1 a3 b6 lco lco ta1-1-lco ta3-3-lco
0
5
0 1 10 1
0 3 2 1
0 10 1 4
0 15 1 0
0 37 0 1
1
end_operator
begin_operator
push-unitarypipe s13 b1 a1 a3 b6 lco lco ta1-2-lco ta3-1-lco
0
5
0 1 10 1
0 3 2 1
0 10 1 4
0 18 1 0
0 31 0 1
1
end_operator
begin_operator
push-unitarypipe s13 b1 a1 a3 b6 lco lco ta1-2-lco ta3-2-lco
0
5
0 1 10 1
0 3 2 1
0 10 1 4
0 18 1 0
0 34 0 1
1
end_operator
begin_operator
push-unitarypipe s13 b1 a1 a3 b6 lco lco ta1-2-lco ta3-3-lco
0
5
0 1 10 1
0 3 2 1
0 10 1 4
0 18 1 0
0 37 0 1
1
end_operator
begin_operator
push-unitarypipe s13 b1 a1 a3 b6 lco lco ta1-3-lco ta3-1-lco
0
5
0 1 10 1
0 3 2 1
0 10 1 4
0 21 1 0
0 31 0 1
1
end_operator
begin_operator
push-unitarypipe s13 b1 a1 a3 b6 lco lco ta1-3-lco ta3-2-lco
0
5
0 1 10 1
0 3 2 1
0 10 1 4
0 21 1 0
0 34 0 1
1
end_operator
begin_operator
push-unitarypipe s13 b1 a1 a3 b6 lco lco ta1-3-lco ta3-3-lco
0
5
0 1 10 1
0 3 2 1
0 10 1 4
0 21 1 0
0 37 0 1
1
end_operator
begin_operator
push-unitarypipe s13 b1 a1 a3 b7 lco oca1 ta1-1-lco ta3-1-oca1
0
5
0 1 11 1
0 3 2 1
0 11 1 4
0 15 1 0
0 32 0 1
1
end_operator
begin_operator
push-unitarypipe s13 b1 a1 a3 b7 lco oca1 ta1-1-lco ta3-2-oca1
0
5
0 1 11 1
0 3 2 1
0 11 1 4
0 15 1 0
0 35 0 1
1
end_operator
begin_operator
push-unitarypipe s13 b1 a1 a3 b7 lco oca1 ta1-2-lco ta3-1-oca1
0
5
0 1 11 1
0 3 2 1
0 11 1 4
0 18 1 0
0 32 0 1
1
end_operator
begin_operator
push-unitarypipe s13 b1 a1 a3 b7 lco oca1 ta1-2-lco ta3-2-oca1
0
5
0 1 11 1
0 3 2 1
0 11 1 4
0 18 1 0
0 35 0 1
1
end_operator
begin_operator
push-unitarypipe s13 b1 a1 a3 b7 lco oca1 ta1-3-lco ta3-1-oca1
0
5
0 1 11 1
0 3 2 1
0 11 1 4
0 21 1 0
0 32 0 1
1
end_operator
begin_operator
push-unitarypipe s13 b1 a1 a3 b7 lco oca1 ta1-3-lco ta3-2-oca1
0
5
0 1 11 1
0 3 2 1
0 11 1 4
0 21 1 0
0 35 0 1
1
end_operator
begin_operator
push-unitarypipe s13 b1 a1 a3 b8 lco rat-a ta1-1-lco ta3-1-rat-a
0
5
0 1 12 1
0 3 2 1
0 12 1 4
0 15 1 0
0 33 0 1
1
end_operator
begin_operator
push-unitarypipe s13 b1 a1 a3 b8 lco rat-a ta1-1-lco ta3-2-rat-a
0
5
0 1 12 1
0 3 2 1
0 12 1 4
0 15 1 0
0 36 0 1
1
end_operator
begin_operator
push-unitarypipe s13 b1 a1 a3 b8 lco rat-a ta1-2-lco ta3-1-rat-a
0
5
0 1 12 1
0 3 2 1
0 12 1 4
0 18 1 0
0 33 0 1
1
end_operator
begin_operator
push-unitarypipe s13 b1 a1 a3 b8 lco rat-a ta1-2-lco ta3-2-rat-a
0
5
0 1 12 1
0 3 2 1
0 12 1 4
0 18 1 0
0 36 0 1
1
end_operator
begin_operator
push-unitarypipe s13 b1 a1 a3 b8 lco rat-a ta1-3-lco ta3-1-rat-a
0
5
0 1 12 1
0 3 2 1
0 12 1 4
0 21 1 0
0 33 0 1
1
end_operator
begin_operator
push-unitarypipe s13 b1 a1 a3 b8 lco rat-a ta1-3-lco ta3-2-rat-a
0
5
0 1 12 1
0 3 2 1
0 12 1 4
0 21 1 0
0 36 0 1
1
end_operator
begin_operator
push-unitarypipe s13 b1 a1 a3 b9 lco rat-a ta1-1-lco ta3-1-rat-a
0
5
0 1 13 1
0 3 2 1
0 13 1 4
0 15 1 0
0 33 0 1
1
end_operator
begin_operator
push-unitarypipe s13 b1 a1 a3 b9 lco rat-a ta1-1-lco ta3-2-rat-a
0
5
0 1 13 1
0 3 2 1
0 13 1 4
0 15 1 0
0 36 0 1
1
end_operator
begin_operator
push-unitarypipe s13 b1 a1 a3 b9 lco rat-a ta1-2-lco ta3-1-rat-a
0
5
0 1 13 1
0 3 2 1
0 13 1 4
0 18 1 0
0 33 0 1
1
end_operator
begin_operator
push-unitarypipe s13 b1 a1 a3 b9 lco rat-a ta1-2-lco ta3-2-rat-a
0
5
0 1 13 1
0 3 2 1
0 13 1 4
0 18 1 0
0 36 0 1
1
end_operator
begin_operator
push-unitarypipe s13 b1 a1 a3 b9 lco rat-a ta1-3-lco ta3-1-rat-a
0
5
0 1 13 1
0 3 2 1
0 13 1 4
0 21 1 0
0 33 0 1
1
end_operator
begin_operator
push-unitarypipe s13 b1 a1 a3 b9 lco rat-a ta1-3-lco ta3-2-rat-a
0
5
0 1 13 1
0 3 2 1
0 13 1 4
0 21 1 0
0 36 0 1
1
end_operator
begin_operator
push-unitarypipe s13 b10 a1 a3 b0 oca1 lco ta1-1-oca1 ta3-1-lco
0
5
0 1 0 2
0 2 1 4
0 4 2 1
0 16 1 0
0 31 0 1
1
end_operator
begin_operator
push-unitarypipe s13 b10 a1 a3 b0 oca1 lco ta1-1-oca1 ta3-2-lco
0
5
0 1 0 2
0 2 1 4
0 4 2 1
0 16 1 0
0 34 0 1
1
end_operator
begin_operator
push-unitarypipe s13 b10 a1 a3 b0 oca1 lco ta1-1-oca1 ta3-3-lco
0
5
0 1 0 2
0 2 1 4
0 4 2 1
0 16 1 0
0 37 0 1
1
end_operator
begin_operator
push-unitarypipe s13 b10 a1 a3 b0 oca1 lco ta1-2-oca1 ta3-1-lco
0
5
0 1 0 2
0 2 1 4
0 4 2 1
0 19 1 0
0 31 0 1
1
end_operator
begin_operator
push-unitarypipe s13 b10 a1 a3 b0 oca1 lco ta1-2-oca1 ta3-2-lco
0
5
0 1 0 2
0 2 1 4
0 4 2 1
0 19 1 0
0 34 0 1
1
end_operator
begin_operator
push-unitarypipe s13 b10 a1 a3 b0 oca1 lco ta1-2-oca1 ta3-3-lco
0
5
0 1 0 2
0 2 1 4
0 4 2 1
0 19 1 0
0 37 0 1
1
end_operator
begin_operator
push-unitarypipe s13 b10 a1 a3 b1 oca1 lco ta1-1-oca1 ta3-1-lco
0
5
0 1 1 2
0 3 1 4
0 4 2 1
0 16 1 0
0 31 0 1
1
end_operator
begin_operator
push-unitarypipe s13 b10 a1 a3 b1 oca1 lco ta1-1-oca1 ta3-2-lco
0
5
0 1 1 2
0 3 1 4
0 4 2 1
0 16 1 0
0 34 0 1
1
end_operator
begin_operator
push-unitarypipe s13 b10 a1 a3 b1 oca1 lco ta1-1-oca1 ta3-3-lco
0
5
0 1 1 2
0 3 1 4
0 4 2 1
0 16 1 0
0 37 0 1
1
end_operator
begin_operator
push-unitarypipe s13 b10 a1 a3 b1 oca1 lco ta1-2-oca1 ta3-1-lco
0
5
0 1 1 2
0 3 1 4
0 4 2 1
0 19 1 0
0 31 0 1
1
end_operator
begin_operator
push-unitarypipe s13 b10 a1 a3 b1 oca1 lco ta1-2-oca1 ta3-2-lco
0
5
0 1 1 2
0 3 1 4
0 4 2 1
0 19 1 0
0 34 0 1
1
end_operator
begin_operator
push-unitarypipe s13 b10 a1 a3 b1 oca1 lco ta1-2-oca1 ta3-3-lco
0
5
0 1 1 2
0 3 1 4
0 4 2 1
0 19 1 0
0 37 0 1
1
end_operator
begin_operator
push-unitarypipe s13 b10 a1 a3 b2 oca1 gasoleo ta1-1-oca1 ta3-1-gasoleo
0
5
0 1 6 2
0 4 2 1
0 16 1 0
0 30 0 1
0 39 1 3
1
end_operator
begin_operator
push-unitarypipe s13 b10 a1 a3 b2 oca1 gasoleo ta1-2-oca1 ta3-1-gasoleo
0
5
0 1 6 2
0 4 2 1
0 19 1 0
0 30 0 1
0 39 1 3
1
end_operator
begin_operator
push-unitarypipe s13 b10 a1 a3 b3 oca1 lco ta1-1-oca1 ta3-1-lco
0
5
0 1 7 2
0 4 2 1
0 7 1 4
0 16 1 0
0 31 0 1
1
end_operator
begin_operator
push-unitarypipe s13 b10 a1 a3 b3 oca1 lco ta1-1-oca1 ta3-2-lco
0
5
0 1 7 2
0 4 2 1
0 7 1 4
0 16 1 0
0 34 0 1
1
end_operator
begin_operator
push-unitarypipe s13 b10 a1 a3 b3 oca1 lco ta1-1-oca1 ta3-3-lco
0
5
0 1 7 2
0 4 2 1
0 7 1 4
0 16 1 0
0 37 0 1
1
end_operator
begin_operator
push-unitarypipe s13 b10 a1 a3 b3 oca1 lco ta1-2-oca1 ta3-1-lco
0
5
0 1 7 2
0 4 2 1
0 7 1 4
0 19 1 0
0 31 0 1
1
end_operator
begin_operator
push-unitarypipe s13 b10 a1 a3 b3 oca1 lco ta1-2-oca1 ta3-2-lco
0
5
0 1 7 2
0 4 2 1
0 7 1 4
0 19 1 0
0 34 0 1
1
end_operator
begin_operator
push-unitarypipe s13 b10 a1 a3 b3 oca1 lco ta1-2-oca1 ta3-3-lco
0
5
0 1 7 2
0 4 2 1
0 7 1 4
0 19 1 0
0 37 0 1
1
end_operator
begin_operator
push-unitarypipe s13 b10 a1 a3 b4 oca1 lco ta1-1-oca1 ta3-1-lco
0
5
0 1 8 2
0 4 2 1
0 8 1 4
0 16 1 0
0 31 0 1
1
end_operator
begin_operator
push-unitarypipe s13 b10 a1 a3 b4 oca1 lco ta1-1-oca1 ta3-2-lco
0
5
0 1 8 2
0 4 2 1
0 8 1 4
0 16 1 0
0 34 0 1
1
end_operator
begin_operator
push-unitarypipe s13 b10 a1 a3 b4 oca1 lco ta1-1-oca1 ta3-3-lco
0
5
0 1 8 2
0 4 2 1
0 8 1 4
0 16 1 0
0 37 0 1
1
end_operator
begin_operator
push-unitarypipe s13 b10 a1 a3 b4 oca1 lco ta1-2-oca1 ta3-1-lco
0
5
0 1 8 2
0 4 2 1
0 8 1 4
0 19 1 0
0 31 0 1
1
end_operator
begin_operator
push-unitarypipe s13 b10 a1 a3 b4 oca1 lco ta1-2-oca1 ta3-2-lco
0
5
0 1 8 2
0 4 2 1
0 8 1 4
0 19 1 0
0 34 0 1
1
end_operator
begin_operator
push-unitarypipe s13 b10 a1 a3 b4 oca1 lco ta1-2-oca1 ta3-3-lco
0
5
0 1 8 2
0 4 2 1
0 8 1 4
0 19 1 0
0 37 0 1
1
end_operator
begin_operator
push-unitarypipe s13 b10 a1 a3 b5 oca1 oca1 ta1-1-oca1 ta3-1-oca1
0
5
0 1 9 2
0 4 2 1
0 9 1 4
0 16 1 0
0 32 0 1
1
end_operator
begin_operator
push-unitarypipe s13 b10 a1 a3 b5 oca1 oca1 ta1-1-oca1 ta3-2-oca1
0
5
0 1 9 2
0 4 2 1
0 9 1 4
0 16 1 0
0 35 0 1
1
end_operator
begin_operator
push-unitarypipe s13 b10 a1 a3 b5 oca1 oca1 ta1-2-oca1 ta3-1-oca1
0
5
0 1 9 2
0 4 2 1
0 9 1 4
0 19 1 0
0 32 0 1
1
end_operator
begin_operator
push-unitarypipe s13 b10 a1 a3 b5 oca1 oca1 ta1-2-oca1 ta3-2-oca1
0
5
0 1 9 2
0 4 2 1
0 9 1 4
0 19 1 0
0 35 0 1
1
end_operator
begin_operator
push-unitarypipe s13 b10 a1 a3 b6 oca1 lco ta1-1-oca1 ta3-1-lco
0
5
0 1 10 2
0 4 2 1
0 10 1 4
0 16 1 0
0 31 0 1
1
end_operator
begin_operator
push-unitarypipe s13 b10 a1 a3 b6 oca1 lco ta1-1-oca1 ta3-2-lco
0
5
0 1 10 2
0 4 2 1
0 10 1 4
0 16 1 0
0 34 0 1
1
end_operator
begin_operator
push-unitarypipe s13 b10 a1 a3 b6 oca1 lco ta1-1-oca1 ta3-3-lco
0
5
0 1 10 2
0 4 2 1
0 10 1 4
0 16 1 0
0 37 0 1
1
end_operator
begin_operator
push-unitarypipe s13 b10 a1 a3 b6 oca1 lco ta1-2-oca1 ta3-1-lco
0
5
0 1 10 2
0 4 2 1
0 10 1 4
0 19 1 0
0 31 0 1
1
end_operator
begin_operator
push-unitarypipe s13 b10 a1 a3 b6 oca1 lco ta1-2-oca1 ta3-2-lco
0
5
0 1 10 2
0 4 2 1
0 10 1 4
0 19 1 0
0 34 0 1
1
end_operator
begin_operator
push-unitarypipe s13 b10 a1 a3 b6 oca1 lco ta1-2-oca1 ta3-3-lco
0
5
0 1 10 2
0 4 2 1
0 10 1 4
0 19 1 0
0 37 0 1
1
end_operator
begin_operator
push-unitarypipe s13 b10 a1 a3 b7 oca1 oca1 ta1-1-oca1 ta3-1-oca1
0
5
0 1 11 2
0 4 2 1
0 11 1 4
0 16 1 0
0 32 0 1
1
end_operator
begin_operator
push-unitarypipe s13 b10 a1 a3 b7 oca1 oca1 ta1-1-oca1 ta3-2-oca1
0
5
0 1 11 2
0 4 2 1
0 11 1 4
0 16 1 0
0 35 0 1
1
end_operator
begin_operator
push-unitarypipe s13 b10 a1 a3 b7 oca1 oca1 ta1-2-oca1 ta3-1-oca1
0
5
0 1 11 2
0 4 2 1
0 11 1 4
0 19 1 0
0 32 0 1
1
end_operator
begin_operator
push-unitarypipe s13 b10 a1 a3 b7 oca1 oca1 ta1-2-oca1 ta3-2-oca1
0
5
0 1 11 2
0 4 2 1
0 11 1 4
0 19 1 0
0 35 0 1
1
end_operator
begin_operator
push-unitarypipe s13 b11 a1 a3 b0 gasoleo lco ta1-1-gasoleo ta3-1-lco
0
5
0 1 0 3
0 2 1 4
0 14 1 0
0 31 0 1
0 38 2 1
1
end_operator
begin_operator
push-unitarypipe s13 b11 a1 a3 b0 gasoleo lco ta1-1-gasoleo ta3-2-lco
0
5
0 1 0 3
0 2 1 4
0 14 1 0
0 34 0 1
0 38 2 1
1
end_operator
begin_operator
push-unitarypipe s13 b11 a1 a3 b0 gasoleo lco ta1-1-gasoleo ta3-3-lco
0
5
0 1 0 3
0 2 1 4
0 14 1 0
0 37 0 1
0 38 2 1
1
end_operator
begin_operator
push-unitarypipe s13 b11 a1 a3 b1 gasoleo lco ta1-1-gasoleo ta3-1-lco
0
5
0 1 1 3
0 3 1 4
0 14 1 0
0 31 0 1
0 38 2 1
1
end_operator
begin_operator
push-unitarypipe s13 b11 a1 a3 b1 gasoleo lco ta1-1-gasoleo ta3-2-lco
0
5
0 1 1 3
0 3 1 4
0 14 1 0
0 34 0 1
0 38 2 1
1
end_operator
begin_operator
push-unitarypipe s13 b11 a1 a3 b1 gasoleo lco ta1-1-gasoleo ta3-3-lco
0
5
0 1 1 3
0 3 1 4
0 14 1 0
0 37 0 1
0 38 2 1
1
end_operator
begin_operator
push-unitarypipe s13 b11 a1 a3 b10 gasoleo oca1 ta1-1-gasoleo ta3-1-oca1
0
5
0 1 2 3
0 4 1 4
0 14 1 0
0 32 0 1
0 38 2 1
1
end_operator
begin_operator
push-unitarypipe s13 b11 a1 a3 b10 gasoleo oca1 ta1-1-gasoleo ta3-2-oca1
0
5
0 1 2 3
0 4 1 4
0 14 1 0
0 35 0 1
0 38 2 1
1
end_operator
begin_operator
push-unitarypipe s13 b11 a1 a3 b12 gasoleo rat-a ta1-1-gasoleo ta3-1-rat-a
0
5
0 1 4 3
0 5 1 4
0 14 1 0
0 33 0 1
0 38 2 1
1
end_operator
begin_operator
push-unitarypipe s13 b11 a1 a3 b12 gasoleo rat-a ta1-1-gasoleo ta3-2-rat-a
0
5
0 1 4 3
0 5 1 4
0 14 1 0
0 36 0 1
0 38 2 1
1
end_operator
begin_operator
push-unitarypipe s13 b11 a1 a3 b13 gasoleo rat-a ta1-1-gasoleo ta3-1-rat-a
0
5
0 1 5 3
0 6 1 4
0 14 1 0
0 33 0 1
0 38 2 1
1
end_operator
begin_operator
push-unitarypipe s13 b11 a1 a3 b13 gasoleo rat-a ta1-1-gasoleo ta3-2-rat-a
0
5
0 1 5 3
0 6 1 4
0 14 1 0
0 36 0 1
0 38 2 1
1
end_operator
begin_operator
push-unitarypipe s13 b11 a1 a3 b2 gasoleo gasoleo ta1-1-gasoleo ta3-1-gasoleo
0
5
0 1 6 3
0 14 1 0
0 30 0 1
0 38 2 1
0 39 1 3
1
end_operator
begin_operator
push-unitarypipe s13 b11 a1 a3 b3 gasoleo lco ta1-1-gasoleo ta3-1-lco
0
5
0 1 7 3
0 7 1 4
0 14 1 0
0 31 0 1
0 38 2 1
1
end_operator
begin_operator
push-unitarypipe s13 b11 a1 a3 b3 gasoleo lco ta1-1-gasoleo ta3-2-lco
0
5
0 1 7 3
0 7 1 4
0 14 1 0
0 34 0 1
0 38 2 1
1
end_operator
begin_operator
push-unitarypipe s13 b11 a1 a3 b3 gasoleo lco ta1-1-gasoleo ta3-3-lco
0
5
0 1 7 3
0 7 1 4
0 14 1 0
0 37 0 1
0 38 2 1
1
end_operator
begin_operator
push-unitarypipe s13 b11 a1 a3 b4 gasoleo lco ta1-1-gasoleo ta3-1-lco
0
5
0 1 8 3
0 8 1 4
0 14 1 0
0 31 0 1
0 38 2 1
1
end_operator
begin_operator
push-unitarypipe s13 b11 a1 a3 b4 gasoleo lco ta1-1-gasoleo ta3-2-lco
0
5
0 1 8 3
0 8 1 4
0 14 1 0
0 34 0 1
0 38 2 1
1
end_operator
begin_operator
push-unitarypipe s13 b11 a1 a3 b4 gasoleo lco ta1-1-gasoleo ta3-3-lco
0
5
0 1 8 3
0 8 1 4
0 14 1 0
0 37 0 1
0 38 2 1
1
end_operator
begin_operator
push-unitarypipe s13 b11 a1 a3 b5 gasoleo oca1 ta1-1-gasoleo ta3-1-oca1
0
5
0 1 9 3
0 9 1 4
0 14 1 0
0 32 0 1
0 38 2 1
1
end_operator
begin_operator
push-unitarypipe s13 b11 a1 a3 b5 gasoleo oca1 ta1-1-gasoleo ta3-2-oca1
0
5
0 1 9 3
0 9 1 4
0 14 1 0
0 35 0 1
0 38 2 1
1
end_operator
begin_operator
push-unitarypipe s13 b11 a1 a3 b6 gasoleo lco ta1-1-gasoleo ta3-1-lco
0
5
0 1 10 3
0 10 1 4
0 14 1 0
0 31 0 1
0 38 2 1
1
end_operator
begin_operator
push-unitarypipe s13 b11 a1 a3 b6 gasoleo lco ta1-1-gasoleo ta3-2-lco
0
5
0 1 10 3
0 10 1 4
0 14 1 0
0 34 0 1
0 38 2 1
1
end_operator
begin_operator
push-unitarypipe s13 b11 a1 a3 b6 gasoleo lco ta1-1-gasoleo ta3-3-lco
0
5
0 1 10 3
0 10 1 4
0 14 1 0
0 37 0 1
0 38 2 1
1
end_operator
begin_operator
push-unitarypipe s13 b11 a1 a3 b7 gasoleo oca1 ta1-1-gasoleo ta3-1-oca1
0
5
0 1 11 3
0 11 1 4
0 14 1 0
0 32 0 1
0 38 2 1
1
end_operator
begin_operator
push-unitarypipe s13 b11 a1 a3 b7 gasoleo oca1 ta1-1-gasoleo ta3-2-oca1
0
5
0 1 11 3
0 11 1 4
0 14 1 0
0 35 0 1
0 38 2 1
1
end_operator
begin_operator
push-unitarypipe s13 b11 a1 a3 b8 gasoleo rat-a ta1-1-gasoleo ta3-1-rat-a
0
5
0 1 12 3
0 12 1 4
0 14 1 0
0 33 0 1
0 38 2 1
1
end_operator
begin_operator
push-unitarypipe s13 b11 a1 a3 b8 gasoleo rat-a ta1-1-gasoleo ta3-2-rat-a
0
5
0 1 12 3
0 12 1 4
0 14 1 0
0 36 0 1
0 38 2 1
1
end_operator
begin_operator
push-unitarypipe s13 b11 a1 a3 b9 gasoleo rat-a ta1-1-gasoleo ta3-1-rat-a
0
5
0 1 13 3
0 13 1 4
0 14 1 0
0 33 0 1
0 38 2 1
1
end_operator
begin_operator
push-unitarypipe s13 b11 a1 a3 b9 gasoleo rat-a ta1-1-gasoleo ta3-2-rat-a
0
5
0 1 13 3
0 13 1 4
0 14 1 0
0 36 0 1
0 38 2 1
1
end_operator
begin_operator
push-unitarypipe s13 b12 a1 a3 b0 rat-a lco ta1-1-rat-a ta3-1-lco
0
5
0 1 0 4
0 2 1 4
0 5 2 1
0 17 1 0
0 31 0 1
1
end_operator
begin_operator
push-unitarypipe s13 b12 a1 a3 b0 rat-a lco ta1-1-rat-a ta3-2-lco
0
5
0 1 0 4
0 2 1 4
0 5 2 1
0 17 1 0
0 34 0 1
1
end_operator
begin_operator
push-unitarypipe s13 b12 a1 a3 b0 rat-a lco ta1-1-rat-a ta3-3-lco
0
5
0 1 0 4
0 2 1 4
0 5 2 1
0 17 1 0
0 37 0 1
1
end_operator
begin_operator
push-unitarypipe s13 b12 a1 a3 b0 rat-a lco ta1-2-rat-a ta3-1-lco
0
5
0 1 0 4
0 2 1 4
0 5 2 1
0 20 1 0
0 31 0 1
1
end_operator
begin_operator
push-unitarypipe s13 b12 a1 a3 b0 rat-a lco ta1-2-rat-a ta3-2-lco
0
5
0 1 0 4
0 2 1 4
0 5 2 1
0 20 1 0
0 34 0 1
1
end_operator
begin_operator
push-unitarypipe s13 b12 a1 a3 b0 rat-a lco ta1-2-rat-a ta3-3-lco
0
5
0 1 0 4
0 2 1 4
0 5 2 1
0 20 1 0
0 37 0 1
1
end_operator
begin_operator
push-unitarypipe s13 b12 a1 a3 b1 rat-a lco ta1-1-rat-a ta3-1-lco
0
5
0 1 1 4
0 3 1 4
0 5 2 1
0 17 1 0
0 31 0 1
1
end_operator
begin_operator
push-unitarypipe s13 b12 a1 a3 b1 rat-a lco ta1-1-rat-a ta3-2-lco
0
5
0 1 1 4
0 3 1 4
0 5 2 1
0 17 1 0
0 34 0 1
1
end_operator
begin_operator
push-unitarypipe s13 b12 a1 a3 b1 rat-a lco ta1-1-rat-a ta3-3-lco
0
5
0 1 1 4
0 3 1 4
0 5 2 1
0 17 1 0
0 37 0 1
1
end_operator
begin_operator
push-unitarypipe s13 b12 a1 a3 b1 rat-a lco ta1-2-rat-a ta3-1-lco
0
5
0 1 1 4
0 3 1 4
0 5 2 1
0 20 1 0
0 31 0 1
1
end_operator
begin_operator
push-unitarypipe s13 b12 a1 a3 b1 rat-a lco ta1-2-rat-a ta3-2-lco
0
5
0 1 1 4
0 3 1 4
0 5 2 1
0 20 1 0
0 34 0 1
1
end_operator
begin_operator
push-unitarypipe s13 b12 a1 a3 b1 rat-a lco ta1-2-rat-a ta3-3-lco
0
5
0 1 1 4
0 3 1 4
0 5 2 1
0 20 1 0
0 37 0 1
1
end_operator
begin_operator
push-unitarypipe s13 b12 a1 a3 b13 rat-a rat-a ta1-1-rat-a ta3-1-rat-a
0
5
0 1 5 4
0 5 2 1
0 6 1 4
0 17 1 0
0 33 0 1
1
end_operator
begin_operator
push-unitarypipe s13 b12 a1 a3 b13 rat-a rat-a ta1-1-rat-a ta3-2-rat-a
0
5
0 1 5 4
0 5 2 1
0 6 1 4
0 17 1 0
0 36 0 1
1
end_operator
begin_operator
push-unitarypipe s13 b12 a1 a3 b13 rat-a rat-a ta1-2-rat-a ta3-1-rat-a
0
5
0 1 5 4
0 5 2 1
0 6 1 4
0 20 1 0
0 33 0 1
1
end_operator
begin_operator
push-unitarypipe s13 b12 a1 a3 b13 rat-a rat-a ta1-2-rat-a ta3-2-rat-a
0
5
0 1 5 4
0 5 2 1
0 6 1 4
0 20 1 0
0 36 0 1
1
end_operator
begin_operator
push-unitarypipe s13 b12 a1 a3 b2 rat-a gasoleo ta1-1-rat-a ta3-1-gasoleo
0
5
0 1 6 4
0 5 2 1
0 17 1 0
0 30 0 1
0 39 1 3
1
end_operator
begin_operator
push-unitarypipe s13 b12 a1 a3 b2 rat-a gasoleo ta1-2-rat-a ta3-1-gasoleo
0
5
0 1 6 4
0 5 2 1
0 20 1 0
0 30 0 1
0 39 1 3
1
end_operator
begin_operator
push-unitarypipe s13 b12 a1 a3 b3 rat-a lco ta1-1-rat-a ta3-1-lco
0
5
0 1 7 4
0 5 2 1
0 7 1 4
0 17 1 0
0 31 0 1
1
end_operator
begin_operator
push-unitarypipe s13 b12 a1 a3 b3 rat-a lco ta1-1-rat-a ta3-2-lco
0
5
0 1 7 4
0 5 2 1
0 7 1 4
0 17 1 0
0 34 0 1
1
end_operator
begin_operator
push-unitarypipe s13 b12 a1 a3 b3 rat-a lco ta1-1-rat-a ta3-3-lco
0
5
0 1 7 4
0 5 2 1
0 7 1 4
0 17 1 0
0 37 0 1
1
end_operator
begin_operator
push-unitarypipe s13 b12 a1 a3 b3 rat-a lco ta1-2-rat-a ta3-1-lco
0
5
0 1 7 4
0 5 2 1
0 7 1 4
0 20 1 0
0 31 0 1
1
end_operator
begin_operator
push-unitarypipe s13 b12 a1 a3 b3 rat-a lco ta1-2-rat-a ta3-2-lco
0
5
0 1 7 4
0 5 2 1
0 7 1 4
0 20 1 0
0 34 0 1
1
end_operator
begin_operator
push-unitarypipe s13 b12 a1 a3 b3 rat-a lco ta1-2-rat-a ta3-3-lco
0
5
0 1 7 4
0 5 2 1
0 7 1 4
0 20 1 0
0 37 0 1
1
end_operator
begin_operator
push-unitarypipe s13 b12 a1 a3 b4 rat-a lco ta1-1-rat-a ta3-1-lco
0
5
0 1 8 4
0 5 2 1
0 8 1 4
0 17 1 0
0 31 0 1
1
end_operator
begin_operator
push-unitarypipe s13 b12 a1 a3 b4 rat-a lco ta1-1-rat-a ta3-2-lco
0
5
0 1 8 4
0 5 2 1
0 8 1 4
0 17 1 0
0 34 0 1
1
end_operator
begin_operator
push-unitarypipe s13 b12 a1 a3 b4 rat-a lco ta1-1-rat-a ta3-3-lco
0
5
0 1 8 4
0 5 2 1
0 8 1 4
0 17 1 0
0 37 0 1
1
end_operator
begin_operator
push-unitarypipe s13 b12 a1 a3 b4 rat-a lco ta1-2-rat-a ta3-1-lco
0
5
0 1 8 4
0 5 2 1
0 8 1 4
0 20 1 0
0 31 0 1
1
end_operator
begin_operator
push-unitarypipe s13 b12 a1 a3 b4 rat-a lco ta1-2-rat-a ta3-2-lco
0
5
0 1 8 4
0 5 2 1
0 8 1 4
0 20 1 0
0 34 0 1
1
end_operator
begin_operator
push-unitarypipe s13 b12 a1 a3 b4 rat-a lco ta1-2-rat-a ta3-3-lco
0
5
0 1 8 4
0 5 2 1
0 8 1 4
0 20 1 0
0 37 0 1
1
end_operator
begin_operator
push-unitarypipe s13 b12 a1 a3 b6 rat-a lco ta1-1-rat-a ta3-1-lco
0
5
0 1 10 4
0 5 2 1
0 10 1 4
0 17 1 0
0 31 0 1
1
end_operator
begin_operator
push-unitarypipe s13 b12 a1 a3 b6 rat-a lco ta1-1-rat-a ta3-2-lco
0
5
0 1 10 4
0 5 2 1
0 10 1 4
0 17 1 0
0 34 0 1
1
end_operator
begin_operator
push-unitarypipe s13 b12 a1 a3 b6 rat-a lco ta1-1-rat-a ta3-3-lco
0
5
0 1 10 4
0 5 2 1
0 10 1 4
0 17 1 0
0 37 0 1
1
end_operator
begin_operator
push-unitarypipe s13 b12 a1 a3 b6 rat-a lco ta1-2-rat-a ta3-1-lco
0
5
0 1 10 4
0 5 2 1
0 10 1 4
0 20 1 0
0 31 0 1
1
end_operator
begin_operator
push-unitarypipe s13 b12 a1 a3 b6 rat-a lco ta1-2-rat-a ta3-2-lco
0
5
0 1 10 4
0 5 2 1
0 10 1 4
0 20 1 0
0 34 0 1
1
end_operator
begin_operator
push-unitarypipe s13 b12 a1 a3 b6 rat-a lco ta1-2-rat-a ta3-3-lco
0
5
0 1 10 4
0 5 2 1
0 10 1 4
0 20 1 0
0 37 0 1
1
end_operator
begin_operator
push-unitarypipe s13 b12 a1 a3 b8 rat-a rat-a ta1-1-rat-a ta3-1-rat-a
0
5
0 1 12 4
0 5 2 1
0 12 1 4
0 17 1 0
0 33 0 1
1
end_operator
begin_operator
push-unitarypipe s13 b12 a1 a3 b8 rat-a rat-a ta1-1-rat-a ta3-2-rat-a
0
5
0 1 12 4
0 5 2 1
0 12 1 4
0 17 1 0
0 36 0 1
1
end_operator
begin_operator
push-unitarypipe s13 b12 a1 a3 b8 rat-a rat-a ta1-2-rat-a ta3-1-rat-a
0
5
0 1 12 4
0 5 2 1
0 12 1 4
0 20 1 0
0 33 0 1
1
end_operator
begin_operator
push-unitarypipe s13 b12 a1 a3 b8 rat-a rat-a ta1-2-rat-a ta3-2-rat-a
0
5
0 1 12 4
0 5 2 1
0 12 1 4
0 20 1 0
0 36 0 1
1
end_operator
begin_operator
push-unitarypipe s13 b12 a1 a3 b9 rat-a rat-a ta1-1-rat-a ta3-1-rat-a
0
5
0 1 13 4
0 5 2 1
0 13 1 4
0 17 1 0
0 33 0 1
1
end_operator
begin_operator
push-unitarypipe s13 b12 a1 a3 b9 rat-a rat-a ta1-1-rat-a ta3-2-rat-a
0
5
0 1 13 4
0 5 2 1
0 13 1 4
0 17 1 0
0 36 0 1
1
end_operator
begin_operator
push-unitarypipe s13 b12 a1 a3 b9 rat-a rat-a ta1-2-rat-a ta3-1-rat-a
0
5
0 1 13 4
0 5 2 1
0 13 1 4
0 20 1 0
0 33 0 1
1
end_operator
begin_operator
push-unitarypipe s13 b12 a1 a3 b9 rat-a rat-a ta1-2-rat-a ta3-2-rat-a
0
5
0 1 13 4
0 5 2 1
0 13 1 4
0 20 1 0
0 36 0 1
1
end_operator
begin_operator
push-unitarypipe s13 b13 a1 a3 b0 rat-a lco ta1-1-rat-a ta3-1-lco
0
5
0 1 0 5
0 2 1 4
0 6 2 1
0 17 1 0
0 31 0 1
1
end_operator
begin_operator
push-unitarypipe s13 b13 a1 a3 b0 rat-a lco ta1-1-rat-a ta3-2-lco
0
5
0 1 0 5
0 2 1 4
0 6 2 1
0 17 1 0
0 34 0 1
1
end_operator
begin_operator
push-unitarypipe s13 b13 a1 a3 b0 rat-a lco ta1-1-rat-a ta3-3-lco
0
5
0 1 0 5
0 2 1 4
0 6 2 1
0 17 1 0
0 37 0 1
1
end_operator
begin_operator
push-unitarypipe s13 b13 a1 a3 b0 rat-a lco ta1-2-rat-a ta3-1-lco
0
5
0 1 0 5
0 2 1 4
0 6 2 1
0 20 1 0
0 31 0 1
1
end_operator
begin_operator
push-unitarypipe s13 b13 a1 a3 b0 rat-a lco ta1-2-rat-a ta3-2-lco
0
5
0 1 0 5
0 2 1 4
0 6 2 1
0 20 1 0
0 34 0 1
1
end_operator
begin_operator
push-unitarypipe s13 b13 a1 a3 b0 rat-a lco ta1-2-rat-a ta3-3-lco
0
5
0 1 0 5
0 2 1 4
0 6 2 1
0 20 1 0
0 37 0 1
1
end_operator
begin_operator
push-unitarypipe s13 b13 a1 a3 b1 rat-a lco ta1-1-rat-a ta3-1-lco
0
5
0 1 1 5
0 3 1 4
0 6 2 1
0 17 1 0
0 31 0 1
1
end_operator
begin_operator
push-unitarypipe s13 b13 a1 a3 b1 rat-a lco ta1-1-rat-a ta3-2-lco
0
5
0 1 1 5
0 3 1 4
0 6 2 1
0 17 1 0
0 34 0 1
1
end_operator
begin_operator
push-unitarypipe s13 b13 a1 a3 b1 rat-a lco ta1-1-rat-a ta3-3-lco
0
5
0 1 1 5
0 3 1 4
0 6 2 1
0 17 1 0
0 37 0 1
1
end_operator
begin_operator
push-unitarypipe s13 b13 a1 a3 b1 rat-a lco ta1-2-rat-a ta3-1-lco
0
5
0 1 1 5
0 3 1 4
0 6 2 1
0 20 1 0
0 31 0 1
1
end_operator
begin_operator
push-unitarypipe s13 b13 a1 a3 b1 rat-a lco ta1-2-rat-a ta3-2-lco
0
5
0 1 1 5
0 3 1 4
0 6 2 1
0 20 1 0
0 34 0 1
1
end_operator
begin_operator
push-unitarypipe s13 b13 a1 a3 b1 rat-a lco ta1-2-rat-a ta3-3-lco
0
5
0 1 1 5
0 3 1 4
0 6 2 1
0 20 1 0
0 37 0 1
1
end_operator
begin_operator
push-unitarypipe s13 b13 a1 a3 b12 rat-a rat-a ta1-1-rat-a ta3-1-rat-a
0
5
0 1 4 5
0 5 1 4
0 6 2 1
0 17 1 0
0 33 0 1
1
end_operator
begin_operator
push-unitarypipe s13 b13 a1 a3 b12 rat-a rat-a ta1-1-rat-a ta3-2-rat-a
0
5
0 1 4 5
0 5 1 4
0 6 2 1
0 17 1 0
0 36 0 1
1
end_operator
begin_operator
push-unitarypipe s13 b13 a1 a3 b12 rat-a rat-a ta1-2-rat-a ta3-1-rat-a
0
5
0 1 4 5
0 5 1 4
0 6 2 1
0 20 1 0
0 33 0 1
1
end_operator
begin_operator
push-unitarypipe s13 b13 a1 a3 b12 rat-a rat-a ta1-2-rat-a ta3-2-rat-a
0
5
0 1 4 5
0 5 1 4
0 6 2 1
0 20 1 0
0 36 0 1
1
end_operator
begin_operator
push-unitarypipe s13 b13 a1 a3 b2 rat-a gasoleo ta1-1-rat-a ta3-1-gasoleo
0
5
0 1 6 5
0 6 2 1
0 17 1 0
0 30 0 1
0 39 1 3
1
end_operator
begin_operator
push-unitarypipe s13 b13 a1 a3 b2 rat-a gasoleo ta1-2-rat-a ta3-1-gasoleo
0
5
0 1 6 5
0 6 2 1
0 20 1 0
0 30 0 1
0 39 1 3
1
end_operator
begin_operator
push-unitarypipe s13 b13 a1 a3 b3 rat-a lco ta1-1-rat-a ta3-1-lco
0
5
0 1 7 5
0 6 2 1
0 7 1 4
0 17 1 0
0 31 0 1
1
end_operator
begin_operator
push-unitarypipe s13 b13 a1 a3 b3 rat-a lco ta1-1-rat-a ta3-2-lco
0
5
0 1 7 5
0 6 2 1
0 7 1 4
0 17 1 0
0 34 0 1
1
end_operator
begin_operator
push-unitarypipe s13 b13 a1 a3 b3 rat-a lco ta1-1-rat-a ta3-3-lco
0
5
0 1 7 5
0 6 2 1
0 7 1 4
0 17 1 0
0 37 0 1
1
end_operator
begin_operator
push-unitarypipe s13 b13 a1 a3 b3 rat-a lco ta1-2-rat-a ta3-1-lco
0
5
0 1 7 5
0 6 2 1
0 7 1 4
0 20 1 0
0 31 0 1
1
end_operator
begin_operator
push-unitarypipe s13 b13 a1 a3 b3 rat-a lco ta1-2-rat-a ta3-2-lco
0
5
0 1 7 5
0 6 2 1
0 7 1 4
0 20 1 0
0 34 0 1
1
end_operator
begin_operator
push-unitarypipe s13 b13 a1 a3 b3 rat-a lco ta1-2-rat-a ta3-3-lco
0
5
0 1 7 5
0 6 2 1
0 7 1 4
0 20 1 0
0 37 0 1
1
end_operator
begin_operator
push-unitarypipe s13 b13 a1 a3 b4 rat-a lco ta1-1-rat-a ta3-1-lco
0
5
0 1 8 5
0 6 2 1
0 8 1 4
0 17 1 0
0 31 0 1
1
end_operator
begin_operator
push-unitarypipe s13 b13 a1 a3 b4 rat-a lco ta1-1-rat-a ta3-2-lco
0
5
0 1 8 5
0 6 2 1
0 8 1 4
0 17 1 0
0 34 0 1
1
end_operator
begin_operator
push-unitarypipe s13 b13 a1 a3 b4 rat-a lco ta1-1-rat-a ta3-3-lco
0
5
0 1 8 5
0 6 2 1
0 8 1 4
0 17 1 0
0 37 0 1
1
end_operator
begin_operator
push-unitarypipe s13 b13 a1 a3 b4 rat-a lco ta1-2-rat-a ta3-1-lco
0
5
0 1 8 5
0 6 2 1
0 8 1 4
0 20 1 0
0 31 0 1
1
end_operator
begin_operator
push-unitarypipe s13 b13 a1 a3 b4 rat-a lco ta1-2-rat-a ta3-2-lco
0
5
0 1 8 5
0 6 2 1
0 8 1 4
0 20 1 0
0 34 0 1
1
end_operator
begin_operator
push-unitarypipe s13 b13 a1 a3 b4 rat-a lco ta1-2-rat-a ta3-3-lco
0
5
0 1 8 5
0 6 2 1
0 8 1 4
0 20 1 0
0 37 0 1
1
end_operator
begin_operator
push-unitarypipe s13 b13 a1 a3 b6 rat-a lco ta1-1-rat-a ta3-1-lco
0
5
0 1 10 5
0 6 2 1
0 10 1 4
0 17 1 0
0 31 0 1
1
end_operator
begin_operator
push-unitarypipe s13 b13 a1 a3 b6 rat-a lco ta1-1-rat-a ta3-2-lco
0
5
0 1 10 5
0 6 2 1
0 10 1 4
0 17 1 0
0 34 0 1
1
end_operator
begin_operator
push-unitarypipe s13 b13 a1 a3 b6 rat-a lco ta1-1-rat-a ta3-3-lco
0
5
0 1 10 5
0 6 2 1
0 10 1 4
0 17 1 0
0 37 0 1
1
end_operator
begin_operator
push-unitarypipe s13 b13 a1 a3 b6 rat-a lco ta1-2-rat-a ta3-1-lco
0
5
0 1 10 5
0 6 2 1
0 10 1 4
0 20 1 0
0 31 0 1
1
end_operator
begin_operator
push-unitarypipe s13 b13 a1 a3 b6 rat-a lco ta1-2-rat-a ta3-2-lco
0
5
0 1 10 5
0 6 2 1
0 10 1 4
0 20 1 0
0 34 0 1
1
end_operator
begin_operator
push-unitarypipe s13 b13 a1 a3 b6 rat-a lco ta1-2-rat-a ta3-3-lco
0
5
0 1 10 5
0 6 2 1
0 10 1 4
0 20 1 0
0 37 0 1
1
end_operator
begin_operator
push-unitarypipe s13 b13 a1 a3 b8 rat-a rat-a ta1-1-rat-a ta3-1-rat-a
0
5
0 1 12 5
0 6 2 1
0 12 1 4
0 17 1 0
0 33 0 1
1
end_operator
begin_operator
push-unitarypipe s13 b13 a1 a3 b8 rat-a rat-a ta1-1-rat-a ta3-2-rat-a
0
5
0 1 12 5
0 6 2 1
0 12 1 4
0 17 1 0
0 36 0 1
1
end_operator
begin_operator
push-unitarypipe s13 b13 a1 a3 b8 rat-a rat-a ta1-2-rat-a ta3-1-rat-a
0
5
0 1 12 5
0 6 2 1
0 12 1 4
0 20 1 0
0 33 0 1
1
end_operator
begin_operator
push-unitarypipe s13 b13 a1 a3 b8 rat-a rat-a ta1-2-rat-a ta3-2-rat-a
0
5
0 1 12 5
0 6 2 1
0 12 1 4
0 20 1 0
0 36 0 1
1
end_operator
begin_operator
push-unitarypipe s13 b13 a1 a3 b9 rat-a rat-a ta1-1-rat-a ta3-1-rat-a
0
5
0 1 13 5
0 6 2 1
0 13 1 4
0 17 1 0
0 33 0 1
1
end_operator
begin_operator
push-unitarypipe s13 b13 a1 a3 b9 rat-a rat-a ta1-1-rat-a ta3-2-rat-a
0
5
0 1 13 5
0 6 2 1
0 13 1 4
0 17 1 0
0 36 0 1
1
end_operator
begin_operator
push-unitarypipe s13 b13 a1 a3 b9 rat-a rat-a ta1-2-rat-a ta3-1-rat-a
0
5
0 1 13 5
0 6 2 1
0 13 1 4
0 20 1 0
0 33 0 1
1
end_operator
begin_operator
push-unitarypipe s13 b13 a1 a3 b9 rat-a rat-a ta1-2-rat-a ta3-2-rat-a
0
5
0 1 13 5
0 6 2 1
0 13 1 4
0 20 1 0
0 36 0 1
1
end_operator
begin_operator
push-unitarypipe s13 b2 a1 a3 b0 gasoleo lco ta1-1-gasoleo ta3-1-lco
0
5
0 1 0 6
0 2 1 4
0 14 1 0
0 31 0 1
0 39 2 1
1
end_operator
begin_operator
push-unitarypipe s13 b2 a1 a3 b0 gasoleo lco ta1-1-gasoleo ta3-2-lco
0
5
0 1 0 6
0 2 1 4
0 14 1 0
0 34 0 1
0 39 2 1
1
end_operator
begin_operator
push-unitarypipe s13 b2 a1 a3 b0 gasoleo lco ta1-1-gasoleo ta3-3-lco
0
5
0 1 0 6
0 2 1 4
0 14 1 0
0 37 0 1
0 39 2 1
1
end_operator
begin_operator
push-unitarypipe s13 b2 a1 a3 b1 gasoleo lco ta1-1-gasoleo ta3-1-lco
0
5
0 1 1 6
0 3 1 4
0 14 1 0
0 31 0 1
0 39 2 1
1
end_operator
begin_operator
push-unitarypipe s13 b2 a1 a3 b1 gasoleo lco ta1-1-gasoleo ta3-2-lco
0
5
0 1 1 6
0 3 1 4
0 14 1 0
0 34 0 1
0 39 2 1
1
end_operator
begin_operator
push-unitarypipe s13 b2 a1 a3 b1 gasoleo lco ta1-1-gasoleo ta3-3-lco
0
5
0 1 1 6
0 3 1 4
0 14 1 0
0 37 0 1
0 39 2 1
1
end_operator
begin_operator
push-unitarypipe s13 b2 a1 a3 b10 gasoleo oca1 ta1-1-gasoleo ta3-1-oca1
0
5
0 1 2 6
0 4 1 4
0 14 1 0
0 32 0 1
0 39 2 1
1
end_operator
begin_operator
push-unitarypipe s13 b2 a1 a3 b10 gasoleo oca1 ta1-1-gasoleo ta3-2-oca1
0
5
0 1 2 6
0 4 1 4
0 14 1 0
0 35 0 1
0 39 2 1
1
end_operator
begin_operator
push-unitarypipe s13 b2 a1 a3 b12 gasoleo rat-a ta1-1-gasoleo ta3-1-rat-a
0
5
0 1 4 6
0 5 1 4
0 14 1 0
0 33 0 1
0 39 2 1
1
end_operator
begin_operator
push-unitarypipe s13 b2 a1 a3 b12 gasoleo rat-a ta1-1-gasoleo ta3-2-rat-a
0
5
0 1 4 6
0 5 1 4
0 14 1 0
0 36 0 1
0 39 2 1
1
end_operator
begin_operator
push-unitarypipe s13 b2 a1 a3 b13 gasoleo rat-a ta1-1-gasoleo ta3-1-rat-a
0
5
0 1 5 6
0 6 1 4
0 14 1 0
0 33 0 1
0 39 2 1
1
end_operator
begin_operator
push-unitarypipe s13 b2 a1 a3 b13 gasoleo rat-a ta1-1-gasoleo ta3-2-rat-a
0
5
0 1 5 6
0 6 1 4
0 14 1 0
0 36 0 1
0 39 2 1
1
end_operator
begin_operator
push-unitarypipe s13 b2 a1 a3 b3 gasoleo lco ta1-1-gasoleo ta3-1-lco
0
5
0 1 7 6
0 7 1 4
0 14 1 0
0 31 0 1
0 39 2 1
1
end_operator
begin_operator
push-unitarypipe s13 b2 a1 a3 b3 gasoleo lco ta1-1-gasoleo ta3-2-lco
0
5
0 1 7 6
0 7 1 4
0 14 1 0
0 34 0 1
0 39 2 1
1
end_operator
begin_operator
push-unitarypipe s13 b2 a1 a3 b3 gasoleo lco ta1-1-gasoleo ta3-3-lco
0
5
0 1 7 6
0 7 1 4
0 14 1 0
0 37 0 1
0 39 2 1
1
end_operator
begin_operator
push-unitarypipe s13 b2 a1 a3 b4 gasoleo lco ta1-1-gasoleo ta3-1-lco
0
5
0 1 8 6
0 8 1 4
0 14 1 0
0 31 0 1
0 39 2 1
1
end_operator
begin_operator
push-unitarypipe s13 b2 a1 a3 b4 gasoleo lco ta1-1-gasoleo ta3-2-lco
0
5
0 1 8 6
0 8 1 4
0 14 1 0
0 34 0 1
0 39 2 1
1
end_operator
begin_operator
push-unitarypipe s13 b2 a1 a3 b4 gasoleo lco ta1-1-gasoleo ta3-3-lco
0
5
0 1 8 6
0 8 1 4
0 14 1 0
0 37 0 1
0 39 2 1
1
end_operator
begin_operator
push-unitarypipe s13 b2 a1 a3 b5 gasoleo oca1 ta1-1-gasoleo ta3-1-oca1
0
5
0 1 9 6
0 9 1 4
0 14 1 0
0 32 0 1
0 39 2 1
1
end_operator
begin_operator
push-unitarypipe s13 b2 a1 a3 b5 gasoleo oca1 ta1-1-gasoleo ta3-2-oca1
0
5
0 1 9 6
0 9 1 4
0 14 1 0
0 35 0 1
0 39 2 1
1
end_operator
begin_operator
push-unitarypipe s13 b2 a1 a3 b6 gasoleo lco ta1-1-gasoleo ta3-1-lco
0
5
0 1 10 6
0 10 1 4
0 14 1 0
0 31 0 1
0 39 2 1
1
end_operator
begin_operator
push-unitarypipe s13 b2 a1 a3 b6 gasoleo lco ta1-1-gasoleo ta3-2-lco
0
5
0 1 10 6
0 10 1 4
0 14 1 0
0 34 0 1
0 39 2 1
1
end_operator
begin_operator
push-unitarypipe s13 b2 a1 a3 b6 gasoleo lco ta1-1-gasoleo ta3-3-lco
0
5
0 1 10 6
0 10 1 4
0 14 1 0
0 37 0 1
0 39 2 1
1
end_operator
begin_operator
push-unitarypipe s13 b2 a1 a3 b7 gasoleo oca1 ta1-1-gasoleo ta3-1-oca1
0
5
0 1 11 6
0 11 1 4
0 14 1 0
0 32 0 1
0 39 2 1
1
end_operator
begin_operator
push-unitarypipe s13 b2 a1 a3 b7 gasoleo oca1 ta1-1-gasoleo ta3-2-oca1
0
5
0 1 11 6
0 11 1 4
0 14 1 0
0 35 0 1
0 39 2 1
1
end_operator
begin_operator
push-unitarypipe s13 b2 a1 a3 b8 gasoleo rat-a ta1-1-gasoleo ta3-1-rat-a
0
5
0 1 12 6
0 12 1 4
0 14 1 0
0 33 0 1
0 39 2 1
1
end_operator
begin_operator
push-unitarypipe s13 b2 a1 a3 b8 gasoleo rat-a ta1-1-gasoleo ta3-2-rat-a
0
5
0 1 12 6
0 12 1 4
0 14 1 0
0 36 0 1
0 39 2 1
1
end_operator
begin_operator
push-unitarypipe s13 b2 a1 a3 b9 gasoleo rat-a ta1-1-gasoleo ta3-1-rat-a
0
5
0 1 13 6
0 13 1 4
0 14 1 0
0 33 0 1
0 39 2 1
1
end_operator
begin_operator
push-unitarypipe s13 b2 a1 a3 b9 gasoleo rat-a ta1-1-gasoleo ta3-2-rat-a
0
5
0 1 13 6
0 13 1 4
0 14 1 0
0 36 0 1
0 39 2 1
1
end_operator
begin_operator
push-unitarypipe s13 b3 a1 a3 b0 lco lco ta1-1-lco ta3-1-lco
0
5
0 1 0 7
0 2 1 4
0 7 2 1
0 15 1 0
0 31 0 1
1
end_operator
begin_operator
push-unitarypipe s13 b3 a1 a3 b0 lco lco ta1-1-lco ta3-2-lco
0
5
0 1 0 7
0 2 1 4
0 7 2 1
0 15 1 0
0 34 0 1
1
end_operator
begin_operator
push-unitarypipe s13 b3 a1 a3 b0 lco lco ta1-1-lco ta3-3-lco
0
5
0 1 0 7
0 2 1 4
0 7 2 1
0 15 1 0
0 37 0 1
1
end_operator
begin_operator
push-unitarypipe s13 b3 a1 a3 b0 lco lco ta1-2-lco ta3-1-lco
0
5
0 1 0 7
0 2 1 4
0 7 2 1
0 18 1 0
0 31 0 1
1
end_operator
begin_operator
push-unitarypipe s13 b3 a1 a3 b0 lco lco ta1-2-lco ta3-2-lco
0
5
0 1 0 7
0 2 1 4
0 7 2 1
0 18 1 0
0 34 0 1
1
end_operator
begin_operator
push-unitarypipe s13 b3 a1 a3 b0 lco lco ta1-2-lco ta3-3-lco
0
5
0 1 0 7
0 2 1 4
0 7 2 1
0 18 1 0
0 37 0 1
1
end_operator
begin_operator
push-unitarypipe s13 b3 a1 a3 b0 lco lco ta1-3-lco ta3-1-lco
0
5
0 1 0 7
0 2 1 4
0 7 2 1
0 21 1 0
0 31 0 1
1
end_operator
begin_operator
push-unitarypipe s13 b3 a1 a3 b0 lco lco ta1-3-lco ta3-2-lco
0
5
0 1 0 7
0 2 1 4
0 7 2 1
0 21 1 0
0 34 0 1
1
end_operator
begin_operator
push-unitarypipe s13 b3 a1 a3 b0 lco lco ta1-3-lco ta3-3-lco
0
5
0 1 0 7
0 2 1 4
0 7 2 1
0 21 1 0
0 37 0 1
1
end_operator
begin_operator
push-unitarypipe s13 b3 a1 a3 b1 lco lco ta1-1-lco ta3-1-lco
0
5
0 1 1 7
0 3 1 4
0 7 2 1
0 15 1 0
0 31 0 1
1
end_operator
begin_operator
push-unitarypipe s13 b3 a1 a3 b1 lco lco ta1-1-lco ta3-2-lco
0
5
0 1 1 7
0 3 1 4
0 7 2 1
0 15 1 0
0 34 0 1
1
end_operator
begin_operator
push-unitarypipe s13 b3 a1 a3 b1 lco lco ta1-1-lco ta3-3-lco
0
5
0 1 1 7
0 3 1 4
0 7 2 1
0 15 1 0
0 37 0 1
1
end_operator
begin_operator
push-unitarypipe s13 b3 a1 a3 b1 lco lco ta1-2-lco ta3-1-lco
0
5
0 1 1 7
0 3 1 4
0 7 2 1
0 18 1 0
0 31 0 1
1
end_operator
begin_operator
push-unitarypipe s13 b3 a1 a3 b1 lco lco ta1-2-lco ta3-2-lco
0
5
0 1 1 7
0 3 1 4
0 7 2 1
0 18 1 0
0 34 0 1
1
end_operator
begin_operator
push-unitarypipe s13 b3 a1 a3 b1 lco lco ta1-2-lco ta3-3-lco
0
5
0 1 1 7
0 3 1 4
0 7 2 1
0 18 1 0
0 37 0 1
1
end_operator
begin_operator
push-unitarypipe s13 b3 a1 a3 b1 lco lco ta1-3-lco ta3-1-lco
0
5
0 1 1 7
0 3 1 4
0 7 2 1
0 21 1 0
0 31 0 1
1
end_operator
begin_operator
push-unitarypipe s13 b3 a1 a3 b1 lco lco ta1-3-lco ta3-2-lco
0
5
0 1 1 7
0 3 1 4
0 7 2 1
0 21 1 0
0 34 0 1
1
end_operator
begin_operator
push-unitarypipe s13 b3 a1 a3 b1 lco lco ta1-3-lco ta3-3-lco
0
5
0 1 1 7
0 3 1 4
0 7 2 1
0 21 1 0
0 37 0 1
1
end_operator
begin_operator
push-unitarypipe s13 b3 a1 a3 b10 lco oca1 ta1-1-lco ta3-1-oca1
0
5
0 1 2 7
0 4 1 4
0 7 2 1
0 15 1 0
0 32 0 1
1
end_operator
begin_operator
push-unitarypipe s13 b3 a1 a3 b10 lco oca1 ta1-1-lco ta3-2-oca1
0
5
0 1 2 7
0 4 1 4
0 7 2 1
0 15 1 0
0 35 0 1
1
end_operator
begin_operator
push-unitarypipe s13 b3 a1 a3 b10 lco oca1 ta1-2-lco ta3-1-oca1
0
5
0 1 2 7
0 4 1 4
0 7 2 1
0 18 1 0
0 32 0 1
1
end_operator
begin_operator
push-unitarypipe s13 b3 a1 a3 b10 lco oca1 ta1-2-lco ta3-2-oca1
0
5
0 1 2 7
0 4 1 4
0 7 2 1
0 18 1 0
0 35 0 1
1
end_operator
begin_operator
push-unitarypipe s13 b3 a1 a3 b10 lco oca1 ta1-3-lco ta3-1-oca1
0
5
0 1 2 7
0 4 1 4
0 7 2 1
0 21 1 0
0 32 0 1
1
end_operator
begin_operator
push-unitarypipe s13 b3 a1 a3 b10 lco oca1 ta1-3-lco ta3-2-oca1
0
5
0 1 2 7
0 4 1 4
0 7 2 1
0 21 1 0
0 35 0 1
1
end_operator
begin_operator
push-unitarypipe s13 b3 a1 a3 b12 lco rat-a ta1-1-lco ta3-1-rat-a
0
5
0 1 4 7
0 5 1 4
0 7 2 1
0 15 1 0
0 33 0 1
1
end_operator
begin_operator
push-unitarypipe s13 b3 a1 a3 b12 lco rat-a ta1-1-lco ta3-2-rat-a
0
5
0 1 4 7
0 5 1 4
0 7 2 1
0 15 1 0
0 36 0 1
1
end_operator
begin_operator
push-unitarypipe s13 b3 a1 a3 b12 lco rat-a ta1-2-lco ta3-1-rat-a
0
5
0 1 4 7
0 5 1 4
0 7 2 1
0 18 1 0
0 33 0 1
1
end_operator
begin_operator
push-unitarypipe s13 b3 a1 a3 b12 lco rat-a ta1-2-lco ta3-2-rat-a
0
5
0 1 4 7
0 5 1 4
0 7 2 1
0 18 1 0
0 36 0 1
1
end_operator
begin_operator
push-unitarypipe s13 b3 a1 a3 b12 lco rat-a ta1-3-lco ta3-1-rat-a
0
5
0 1 4 7
0 5 1 4
0 7 2 1
0 21 1 0
0 33 0 1
1
end_operator
begin_operator
push-unitarypipe s13 b3 a1 a3 b12 lco rat-a ta1-3-lco ta3-2-rat-a
0
5
0 1 4 7
0 5 1 4
0 7 2 1
0 21 1 0
0 36 0 1
1
end_operator
begin_operator
push-unitarypipe s13 b3 a1 a3 b13 lco rat-a ta1-1-lco ta3-1-rat-a
0
5
0 1 5 7
0 6 1 4
0 7 2 1
0 15 1 0
0 33 0 1
1
end_operator
begin_operator
push-unitarypipe s13 b3 a1 a3 b13 lco rat-a ta1-1-lco ta3-2-rat-a
0
5
0 1 5 7
0 6 1 4
0 7 2 1
0 15 1 0
0 36 0 1
1
end_operator
begin_operator
push-unitarypipe s13 b3 a1 a3 b13 lco rat-a ta1-2-lco ta3-1-rat-a
0
5
0 1 5 7
0 6 1 4
0 7 2 1
0 18 1 0
0 33 0 1
1
end_operator
begin_operator
push-unitarypipe s13 b3 a1 a3 b13 lco rat-a ta1-2-lco ta3-2-rat-a
0
5
0 1 5 7
0 6 1 4
0 7 2 1
0 18 1 0
0 36 0 1
1
end_operator
begin_operator
push-unitarypipe s13 b3 a1 a3 b13 lco rat-a ta1-3-lco ta3-1-rat-a
0
5
0 1 5 7
0 6 1 4
0 7 2 1
0 21 1 0
0 33 0 1
1
end_operator
begin_operator
push-unitarypipe s13 b3 a1 a3 b13 lco rat-a ta1-3-lco ta3-2-rat-a
0
5
0 1 5 7
0 6 1 4
0 7 2 1
0 21 1 0
0 36 0 1
1
end_operator
begin_operator
push-unitarypipe s13 b3 a1 a3 b2 lco gasoleo ta1-1-lco ta3-1-gasoleo
0
5
0 1 6 7
0 7 2 1
0 15 1 0
0 30 0 1
0 39 1 3
1
end_operator
begin_operator
push-unitarypipe s13 b3 a1 a3 b2 lco gasoleo ta1-2-lco ta3-1-gasoleo
0
5
0 1 6 7
0 7 2 1
0 18 1 0
0 30 0 1
0 39 1 3
1
end_operator
begin_operator
push-unitarypipe s13 b3 a1 a3 b2 lco gasoleo ta1-3-lco ta3-1-gasoleo
0
5
0 1 6 7
0 7 2 1
0 21 1 0
0 30 0 1
0 39 1 3
1
end_operator
begin_operator
push-unitarypipe s13 b3 a1 a3 b4 lco lco ta1-1-lco ta3-1-lco
0
5
0 1 8 7
0 7 2 1
0 8 1 4
0 15 1 0
0 31 0 1
1
end_operator
begin_operator
push-unitarypipe s13 b3 a1 a3 b4 lco lco ta1-1-lco ta3-2-lco
0
5
0 1 8 7
0 7 2 1
0 8 1 4
0 15 1 0
0 34 0 1
1
end_operator
begin_operator
push-unitarypipe s13 b3 a1 a3 b4 lco lco ta1-1-lco ta3-3-lco
0
5
0 1 8 7
0 7 2 1
0 8 1 4
0 15 1 0
0 37 0 1
1
end_operator
begin_operator
push-unitarypipe s13 b3 a1 a3 b4 lco lco ta1-2-lco ta3-1-lco
0
5
0 1 8 7
0 7 2 1
0 8 1 4
0 18 1 0
0 31 0 1
1
end_operator
begin_operator
push-unitarypipe s13 b3 a1 a3 b4 lco lco ta1-2-lco ta3-2-lco
0
5
0 1 8 7
0 7 2 1
0 8 1 4
0 18 1 0
0 34 0 1
1
end_operator
begin_operator
push-unitarypipe s13 b3 a1 a3 b4 lco lco ta1-2-lco ta3-3-lco
0
5
0 1 8 7
0 7 2 1
0 8 1 4
0 18 1 0
0 37 0 1
1
end_operator
begin_operator
push-unitarypipe s13 b3 a1 a3 b4 lco lco ta1-3-lco ta3-1-lco
0
5
0 1 8 7
0 7 2 1
0 8 1 4
0 21 1 0
0 31 0 1
1
end_operator
begin_operator
push-unitarypipe s13 b3 a1 a3 b4 lco lco ta1-3-lco ta3-2-lco
0
5
0 1 8 7
0 7 2 1
0 8 1 4
0 21 1 0
0 34 0 1
1
end_operator
begin_operator
push-unitarypipe s13 b3 a1 a3 b4 lco lco ta1-3-lco ta3-3-lco
0
5
0 1 8 7
0 7 2 1
0 8 1 4
0 21 1 0
0 37 0 1
1
end_operator
begin_operator
push-unitarypipe s13 b3 a1 a3 b5 lco oca1 ta1-1-lco ta3-1-oca1
0
5
0 1 9 7
0 7 2 1
0 9 1 4
0 15 1 0
0 32 0 1
1
end_operator
begin_operator
push-unitarypipe s13 b3 a1 a3 b5 lco oca1 ta1-1-lco ta3-2-oca1
0
5
0 1 9 7
0 7 2 1
0 9 1 4
0 15 1 0
0 35 0 1
1
end_operator
begin_operator
push-unitarypipe s13 b3 a1 a3 b5 lco oca1 ta1-2-lco ta3-1-oca1
0
5
0 1 9 7
0 7 2 1
0 9 1 4
0 18 1 0
0 32 0 1
1
end_operator
begin_operator
push-unitarypipe s13 b3 a1 a3 b5 lco oca1 ta1-2-lco ta3-2-oca1
0
5
0 1 9 7
0 7 2 1
0 9 1 4
0 18 1 0
0 35 0 1
1
end_operator
begin_operator
push-unitarypipe s13 b3 a1 a3 b5 lco oca1 ta1-3-lco ta3-1-oca1
0
5
0 1 9 7
0 7 2 1
0 9 1 4
0 21 1 0
0 32 0 1
1
end_operator
begin_operator
push-unitarypipe s13 b3 a1 a3 b5 lco oca1 ta1-3-lco ta3-2-oca1
0
5
0 1 9 7
0 7 2 1
0 9 1 4
0 21 1 0
0 35 0 1
1
end_operator
begin_operator
push-unitarypipe s13 b3 a1 a3 b6 lco lco ta1-1-lco ta3-1-lco
0
5
0 1 10 7
0 7 2 1
0 10 1 4
0 15 1 0
0 31 0 1
1
end_operator
begin_operator
push-unitarypipe s13 b3 a1 a3 b6 lco lco ta1-1-lco ta3-2-lco
0
5
0 1 10 7
0 7 2 1
0 10 1 4
0 15 1 0
0 34 0 1
1
end_operator
begin_operator
push-unitarypipe s13 b3 a1 a3 b6 lco lco ta1-1-lco ta3-3-lco
0
5
0 1 10 7
0 7 2 1
0 10 1 4
0 15 1 0
0 37 0 1
1
end_operator
begin_operator
push-unitarypipe s13 b3 a1 a3 b6 lco lco ta1-2-lco ta3-1-lco
0
5
0 1 10 7
0 7 2 1
0 10 1 4
0 18 1 0
0 31 0 1
1
end_operator
begin_operator
push-unitarypipe s13 b3 a1 a3 b6 lco lco ta1-2-lco ta3-2-lco
0
5
0 1 10 7
0 7 2 1
0 10 1 4
0 18 1 0
0 34 0 1
1
end_operator
begin_operator
push-unitarypipe s13 b3 a1 a3 b6 lco lco ta1-2-lco ta3-3-lco
0
5
0 1 10 7
0 7 2 1
0 10 1 4
0 18 1 0
0 37 0 1
1
end_operator
begin_operator
push-unitarypipe s13 b3 a1 a3 b6 lco lco ta1-3-lco ta3-1-lco
0
5
0 1 10 7
0 7 2 1
0 10 1 4
0 21 1 0
0 31 0 1
1
end_operator
begin_operator
push-unitarypipe s13 b3 a1 a3 b6 lco lco ta1-3-lco ta3-2-lco
0
5
0 1 10 7
0 7 2 1
0 10 1 4
0 21 1 0
0 34 0 1
1
end_operator
begin_operator
push-unitarypipe s13 b3 a1 a3 b6 lco lco ta1-3-lco ta3-3-lco
0
5
0 1 10 7
0 7 2 1
0 10 1 4
0 21 1 0
0 37 0 1
1
end_operator
begin_operator
push-unitarypipe s13 b3 a1 a3 b7 lco oca1 ta1-1-lco ta3-1-oca1
0
5
0 1 11 7
0 7 2 1
0 11 1 4
0 15 1 0
0 32 0 1
1
end_operator
begin_operator
push-unitarypipe s13 b3 a1 a3 b7 lco oca1 ta1-1-lco ta3-2-oca1
0
5
0 1 11 7
0 7 2 1
0 11 1 4
0 15 1 0
0 35 0 1
1
end_operator
begin_operator
push-unitarypipe s13 b3 a1 a3 b7 lco oca1 ta1-2-lco ta3-1-oca1
0
5
0 1 11 7
0 7 2 1
0 11 1 4
0 18 1 0
0 32 0 1
1
end_operator
begin_operator
push-unitarypipe s13 b3 a1 a3 b7 lco oca1 ta1-2-lco ta3-2-oca1
0
5
0 1 11 7
0 7 2 1
0 11 1 4
0 18 1 0
0 35 0 1
1
end_operator
begin_operator
push-unitarypipe s13 b3 a1 a3 b7 lco oca1 ta1-3-lco ta3-1-oca1
0
5
0 1 11 7
0 7 2 1
0 11 1 4
0 21 1 0
0 32 0 1
1
end_operator
begin_operator
push-unitarypipe s13 b3 a1 a3 b7 lco oca1 ta1-3-lco ta3-2-oca1
0
5
0 1 11 7
0 7 2 1
0 11 1 4
0 21 1 0
0 35 0 1
1
end_operator
begin_operator
push-unitarypipe s13 b3 a1 a3 b8 lco rat-a ta1-1-lco ta3-1-rat-a
0
5
0 1 12 7
0 7 2 1
0 12 1 4
0 15 1 0
0 33 0 1
1
end_operator
begin_operator
push-unitarypipe s13 b3 a1 a3 b8 lco rat-a ta1-1-lco ta3-2-rat-a
0
5
0 1 12 7
0 7 2 1
0 12 1 4
0 15 1 0
0 36 0 1
1
end_operator
begin_operator
push-unitarypipe s13 b3 a1 a3 b8 lco rat-a ta1-2-lco ta3-1-rat-a
0
5
0 1 12 7
0 7 2 1
0 12 1 4
0 18 1 0
0 33 0 1
1
end_operator
begin_operator
push-unitarypipe s13 b3 a1 a3 b8 lco rat-a ta1-2-lco ta3-2-rat-a
0
5
0 1 12 7
0 7 2 1
0 12 1 4
0 18 1 0
0 36 0 1
1
end_operator
begin_operator
push-unitarypipe s13 b3 a1 a3 b8 lco rat-a ta1-3-lco ta3-1-rat-a
0
5
0 1 12 7
0 7 2 1
0 12 1 4
0 21 1 0
0 33 0 1
1
end_operator
begin_operator
push-unitarypipe s13 b3 a1 a3 b8 lco rat-a ta1-3-lco ta3-2-rat-a
0
5
0 1 12 7
0 7 2 1
0 12 1 4
0 21 1 0
0 36 0 1
1
end_operator
begin_operator
push-unitarypipe s13 b3 a1 a3 b9 lco rat-a ta1-1-lco ta3-1-rat-a
0
5
0 1 13 7
0 7 2 1
0 13 1 4
0 15 1 0
0 33 0 1
1
end_operator
begin_operator
push-unitarypipe s13 b3 a1 a3 b9 lco rat-a ta1-1-lco ta3-2-rat-a
0
5
0 1 13 7
0 7 2 1
0 13 1 4
0 15 1 0
0 36 0 1
1
end_operator
begin_operator
push-unitarypipe s13 b3 a1 a3 b9 lco rat-a ta1-2-lco ta3-1-rat-a
0
5
0 1 13 7
0 7 2 1
0 13 1 4
0 18 1 0
0 33 0 1
1
end_operator
begin_operator
push-unitarypipe s13 b3 a1 a3 b9 lco rat-a ta1-2-lco ta3-2-rat-a
0
5
0 1 13 7
0 7 2 1
0 13 1 4
0 18 1 0
0 36 0 1
1
end_operator
begin_operator
push-unitarypipe s13 b3 a1 a3 b9 lco rat-a ta1-3-lco ta3-1-rat-a
0
5
0 1 13 7
0 7 2 1
0 13 1 4
0 21 1 0
0 33 0 1
1
end_operator
begin_operator
push-unitarypipe s13 b3 a1 a3 b9 lco rat-a ta1-3-lco ta3-2-rat-a
0
5
0 1 13 7
0 7 2 1
0 13 1 4
0 21 1 0
0 36 0 1
1
end_operator
begin_operator
push-unitarypipe s13 b4 a1 a3 b0 lco lco ta1-1-lco ta3-1-lco
0
5
0 1 0 8
0 2 1 4
0 8 2 1
0 15 1 0
0 31 0 1
1
end_operator
begin_operator
push-unitarypipe s13 b4 a1 a3 b0 lco lco ta1-1-lco ta3-2-lco
0
5
0 1 0 8
0 2 1 4
0 8 2 1
0 15 1 0
0 34 0 1
1
end_operator
begin_operator
push-unitarypipe s13 b4 a1 a3 b0 lco lco ta1-1-lco ta3-3-lco
0
5
0 1 0 8
0 2 1 4
0 8 2 1
0 15 1 0
0 37 0 1
1
end_operator
begin_operator
push-unitarypipe s13 b4 a1 a3 b0 lco lco ta1-2-lco ta3-1-lco
0
5
0 1 0 8
0 2 1 4
0 8 2 1
0 18 1 0
0 31 0 1
1
end_operator
begin_operator
push-unitarypipe s13 b4 a1 a3 b0 lco lco ta1-2-lco ta3-2-lco
0
5
0 1 0 8
0 2 1 4
0 8 2 1
0 18 1 0
0 34 0 1
1
end_operator
begin_operator
push-unitarypipe s13 b4 a1 a3 b0 lco lco ta1-2-lco ta3-3-lco
0
5
0 1 0 8
0 2 1 4
0 8 2 1
0 18 1 0
0 37 0 1
1
end_operator
begin_operator
push-unitarypipe s13 b4 a1 a3 b0 lco lco ta1-3-lco ta3-1-lco
0
5
0 1 0 8
0 2 1 4
0 8 2 1
0 21 1 0
0 31 0 1
1
end_operator
begin_operator
push-unitarypipe s13 b4 a1 a3 b0 lco lco ta1-3-lco ta3-2-lco
0
5
0 1 0 8
0 2 1 4
0 8 2 1
0 21 1 0
0 34 0 1
1
end_operator
begin_operator
push-unitarypipe s13 b4 a1 a3 b0 lco lco ta1-3-lco ta3-3-lco
0
5
0 1 0 8
0 2 1 4
0 8 2 1
0 21 1 0
0 37 0 1
1
end_operator
begin_operator
push-unitarypipe s13 b4 a1 a3 b1 lco lco ta1-1-lco ta3-1-lco
0
5
0 1 1 8
0 3 1 4
0 8 2 1
0 15 1 0
0 31 0 1
1
end_operator
begin_operator
push-unitarypipe s13 b4 a1 a3 b1 lco lco ta1-1-lco ta3-2-lco
0
5
0 1 1 8
0 3 1 4
0 8 2 1
0 15 1 0
0 34 0 1
1
end_operator
begin_operator
push-unitarypipe s13 b4 a1 a3 b1 lco lco ta1-1-lco ta3-3-lco
0
5
0 1 1 8
0 3 1 4
0 8 2 1
0 15 1 0
0 37 0 1
1
end_operator
begin_operator
push-unitarypipe s13 b4 a1 a3 b1 lco lco ta1-2-lco ta3-1-lco
0
5
0 1 1 8
0 3 1 4
0 8 2 1
0 18 1 0
0 31 0 1
1
end_operator
begin_operator
push-unitarypipe s13 b4 a1 a3 b1 lco lco ta1-2-lco ta3-2-lco
0
5
0 1 1 8
0 3 1 4
0 8 2 1
0 18 1 0
0 34 0 1
1
end_operator
begin_operator
push-unitarypipe s13 b4 a1 a3 b1 lco lco ta1-2-lco ta3-3-lco
0
5
0 1 1 8
0 3 1 4
0 8 2 1
0 18 1 0
0 37 0 1
1
end_operator
begin_operator
push-unitarypipe s13 b4 a1 a3 b1 lco lco ta1-3-lco ta3-1-lco
0
5
0 1 1 8
0 3 1 4
0 8 2 1
0 21 1 0
0 31 0 1
1
end_operator
begin_operator
push-unitarypipe s13 b4 a1 a3 b1 lco lco ta1-3-lco ta3-2-lco
0
5
0 1 1 8
0 3 1 4
0 8 2 1
0 21 1 0
0 34 0 1
1
end_operator
begin_operator
push-unitarypipe s13 b4 a1 a3 b1 lco lco ta1-3-lco ta3-3-lco
0
5
0 1 1 8
0 3 1 4
0 8 2 1
0 21 1 0
0 37 0 1
1
end_operator
begin_operator
push-unitarypipe s13 b4 a1 a3 b10 lco oca1 ta1-1-lco ta3-1-oca1
0
5
0 1 2 8
0 4 1 4
0 8 2 1
0 15 1 0
0 32 0 1
1
end_operator
begin_operator
push-unitarypipe s13 b4 a1 a3 b10 lco oca1 ta1-1-lco ta3-2-oca1
0
5
0 1 2 8
0 4 1 4
0 8 2 1
0 15 1 0
0 35 0 1
1
end_operator
begin_operator
push-unitarypipe s13 b4 a1 a3 b10 lco oca1 ta1-2-lco ta3-1-oca1
0
5
0 1 2 8
0 4 1 4
0 8 2 1
0 18 1 0
0 32 0 1
1
end_operator
begin_operator
push-unitarypipe s13 b4 a1 a3 b10 lco oca1 ta1-2-lco ta3-2-oca1
0
5
0 1 2 8
0 4 1 4
0 8 2 1
0 18 1 0
0 35 0 1
1
end_operator
begin_operator
push-unitarypipe s13 b4 a1 a3 b10 lco oca1 ta1-3-lco ta3-1-oca1
0
5
0 1 2 8
0 4 1 4
0 8 2 1
0 21 1 0
0 32 0 1
1
end_operator
begin_operator
push-unitarypipe s13 b4 a1 a3 b10 lco oca1 ta1-3-lco ta3-2-oca1
0
5
0 1 2 8
0 4 1 4
0 8 2 1
0 21 1 0
0 35 0 1
1
end_operator
begin_operator
push-unitarypipe s13 b4 a1 a3 b12 lco rat-a ta1-1-lco ta3-1-rat-a
0
5
0 1 4 8
0 5 1 4
0 8 2 1
0 15 1 0
0 33 0 1
1
end_operator
begin_operator
push-unitarypipe s13 b4 a1 a3 b12 lco rat-a ta1-1-lco ta3-2-rat-a
0
5
0 1 4 8
0 5 1 4
0 8 2 1
0 15 1 0
0 36 0 1
1
end_operator
begin_operator
push-unitarypipe s13 b4 a1 a3 b12 lco rat-a ta1-2-lco ta3-1-rat-a
0
5
0 1 4 8
0 5 1 4
0 8 2 1
0 18 1 0
0 33 0 1
1
end_operator
begin_operator
push-unitarypipe s13 b4 a1 a3 b12 lco rat-a ta1-2-lco ta3-2-rat-a
0
5
0 1 4 8
0 5 1 4
0 8 2 1
0 18 1 0
0 36 0 1
1
end_operator
begin_operator
push-unitarypipe s13 b4 a1 a3 b12 lco rat-a ta1-3-lco ta3-1-rat-a
0
5
0 1 4 8
0 5 1 4
0 8 2 1
0 21 1 0
0 33 0 1
1
end_operator
begin_operator
push-unitarypipe s13 b4 a1 a3 b12 lco rat-a ta1-3-lco ta3-2-rat-a
0
5
0 1 4 8
0 5 1 4
0 8 2 1
0 21 1 0
0 36 0 1
1
end_operator
begin_operator
push-unitarypipe s13 b4 a1 a3 b13 lco rat-a ta1-1-lco ta3-1-rat-a
0
5
0 1 5 8
0 6 1 4
0 8 2 1
0 15 1 0
0 33 0 1
1
end_operator
begin_operator
push-unitarypipe s13 b4 a1 a3 b13 lco rat-a ta1-1-lco ta3-2-rat-a
0
5
0 1 5 8
0 6 1 4
0 8 2 1
0 15 1 0
0 36 0 1
1
end_operator
begin_operator
push-unitarypipe s13 b4 a1 a3 b13 lco rat-a ta1-2-lco ta3-1-rat-a
0
5
0 1 5 8
0 6 1 4
0 8 2 1
0 18 1 0
0 33 0 1
1
end_operator
begin_operator
push-unitarypipe s13 b4 a1 a3 b13 lco rat-a ta1-2-lco ta3-2-rat-a
0
5
0 1 5 8
0 6 1 4
0 8 2 1
0 18 1 0
0 36 0 1
1
end_operator
begin_operator
push-unitarypipe s13 b4 a1 a3 b13 lco rat-a ta1-3-lco ta3-1-rat-a
0
5
0 1 5 8
0 6 1 4
0 8 2 1
0 21 1 0
0 33 0 1
1
end_operator
begin_operator
push-unitarypipe s13 b4 a1 a3 b13 lco rat-a ta1-3-lco ta3-2-rat-a
0
5
0 1 5 8
0 6 1 4
0 8 2 1
0 21 1 0
0 36 0 1
1
end_operator
begin_operator
push-unitarypipe s13 b4 a1 a3 b2 lco gasoleo ta1-1-lco ta3-1-gasoleo
0
5
0 1 6 8
0 8 2 1
0 15 1 0
0 30 0 1
0 39 1 3
1
end_operator
begin_operator
push-unitarypipe s13 b4 a1 a3 b2 lco gasoleo ta1-2-lco ta3-1-gasoleo
0
5
0 1 6 8
0 8 2 1
0 18 1 0
0 30 0 1
0 39 1 3
1
end_operator
begin_operator
push-unitarypipe s13 b4 a1 a3 b2 lco gasoleo ta1-3-lco ta3-1-gasoleo
0
5
0 1 6 8
0 8 2 1
0 21 1 0
0 30 0 1
0 39 1 3
1
end_operator
begin_operator
push-unitarypipe s13 b4 a1 a3 b3 lco lco ta1-1-lco ta3-1-lco
0
5
0 1 7 8
0 7 1 4
0 8 2 1
0 15 1 0
0 31 0 1
1
end_operator
begin_operator
push-unitarypipe s13 b4 a1 a3 b3 lco lco ta1-1-lco ta3-2-lco
0
5
0 1 7 8
0 7 1 4
0 8 2 1
0 15 1 0
0 34 0 1
1
end_operator
begin_operator
push-unitarypipe s13 b4 a1 a3 b3 lco lco ta1-1-lco ta3-3-lco
0
5
0 1 7 8
0 7 1 4
0 8 2 1
0 15 1 0
0 37 0 1
1
end_operator
begin_operator
push-unitarypipe s13 b4 a1 a3 b3 lco lco ta1-2-lco ta3-1-lco
0
5
0 1 7 8
0 7 1 4
0 8 2 1
0 18 1 0
0 31 0 1
1
end_operator
begin_operator
push-unitarypipe s13 b4 a1 a3 b3 lco lco ta1-2-lco ta3-2-lco
0
5
0 1 7 8
0 7 1 4
0 8 2 1
0 18 1 0
0 34 0 1
1
end_operator
begin_operator
push-unitarypipe s13 b4 a1 a3 b3 lco lco ta1-2-lco ta3-3-lco
0
5
0 1 7 8
0 7 1 4
0 8 2 1
0 18 1 0
0 37 0 1
1
end_operator
begin_operator
push-unitarypipe s13 b4 a1 a3 b3 lco lco ta1-3-lco ta3-1-lco
0
5
0 1 7 8
0 7 1 4
0 8 2 1
0 21 1 0
0 31 0 1
1
end_operator
begin_operator
push-unitarypipe s13 b4 a1 a3 b3 lco lco ta1-3-lco ta3-2-lco
0
5
0 1 7 8
0 7 1 4
0 8 2 1
0 21 1 0
0 34 0 1
1
end_operator
begin_operator
push-unitarypipe s13 b4 a1 a3 b3 lco lco ta1-3-lco ta3-3-lco
0
5
0 1 7 8
0 7 1 4
0 8 2 1
0 21 1 0
0 37 0 1
1
end_operator
begin_operator
push-unitarypipe s13 b4 a1 a3 b5 lco oca1 ta1-1-lco ta3-1-oca1
0
5
0 1 9 8
0 8 2 1
0 9 1 4
0 15 1 0
0 32 0 1
1
end_operator
begin_operator
push-unitarypipe s13 b4 a1 a3 b5 lco oca1 ta1-1-lco ta3-2-oca1
0
5
0 1 9 8
0 8 2 1
0 9 1 4
0 15 1 0
0 35 0 1
1
end_operator
begin_operator
push-unitarypipe s13 b4 a1 a3 b5 lco oca1 ta1-2-lco ta3-1-oca1
0
5
0 1 9 8
0 8 2 1
0 9 1 4
0 18 1 0
0 32 0 1
1
end_operator
begin_operator
push-unitarypipe s13 b4 a1 a3 b5 lco oca1 ta1-2-lco ta3-2-oca1
0
5
0 1 9 8
0 8 2 1
0 9 1 4
0 18 1 0
0 35 0 1
1
end_operator
begin_operator
push-unitarypipe s13 b4 a1 a3 b5 lco oca1 ta1-3-lco ta3-1-oca1
0
5
0 1 9 8
0 8 2 1
0 9 1 4
0 21 1 0
0 32 0 1
1
end_operator
begin_operator
push-unitarypipe s13 b4 a1 a3 b5 lco oca1 ta1-3-lco ta3-2-oca1
0
5
0 1 9 8
0 8 2 1
0 9 1 4
0 21 1 0
0 35 0 1
1
end_operator
begin_operator
push-unitarypipe s13 b4 a1 a3 b6 lco lco ta1-1-lco ta3-1-lco
0
5
0 1 10 8
0 8 2 1
0 10 1 4
0 15 1 0
0 31 0 1
1
end_operator
begin_operator
push-unitarypipe s13 b4 a1 a3 b6 lco lco ta1-1-lco ta3-2-lco
0
5
0 1 10 8
0 8 2 1
0 10 1 4
0 15 1 0
0 34 0 1
1
end_operator
begin_operator
push-unitarypipe s13 b4 a1 a3 b6 lco lco ta1-1-lco ta3-3-lco
0
5
0 1 10 8
0 8 2 1
0 10 1 4
0 15 1 0
0 37 0 1
1
end_operator
begin_operator
push-unitarypipe s13 b4 a1 a3 b6 lco lco ta1-2-lco ta3-1-lco
0
5
0 1 10 8
0 8 2 1
0 10 1 4
0 18 1 0
0 31 0 1
1
end_operator
begin_operator
push-unitarypipe s13 b4 a1 a3 b6 lco lco ta1-2-lco ta3-2-lco
0
5
0 1 10 8
0 8 2 1
0 10 1 4
0 18 1 0
0 34 0 1
1
end_operator
begin_operator
push-unitarypipe s13 b4 a1 a3 b6 lco lco ta1-2-lco ta3-3-lco
0
5
0 1 10 8
0 8 2 1
0 10 1 4
0 18 1 0
0 37 0 1
1
end_operator
begin_operator
push-unitarypipe s13 b4 a1 a3 b6 lco lco ta1-3-lco ta3-1-lco
0
5
0 1 10 8
0 8 2 1
0 10 1 4
0 21 1 0
0 31 0 1
1
end_operator
begin_operator
push-unitarypipe s13 b4 a1 a3 b6 lco lco ta1-3-lco ta3-2-lco
0
5
0 1 10 8
0 8 2 1
0 10 1 4
0 21 1 0
0 34 0 1
1
end_operator
begin_operator
push-unitarypipe s13 b4 a1 a3 b6 lco lco ta1-3-lco ta3-3-lco
0
5
0 1 10 8
0 8 2 1
0 10 1 4
0 21 1 0
0 37 0 1
1
end_operator
begin_operator
push-unitarypipe s13 b4 a1 a3 b7 lco oca1 ta1-1-lco ta3-1-oca1
0
5
0 1 11 8
0 8 2 1
0 11 1 4
0 15 1 0
0 32 0 1
1
end_operator
begin_operator
push-unitarypipe s13 b4 a1 a3 b7 lco oca1 ta1-1-lco ta3-2-oca1
0
5
0 1 11 8
0 8 2 1
0 11 1 4
0 15 1 0
0 35 0 1
1
end_operator
begin_operator
push-unitarypipe s13 b4 a1 a3 b7 lco oca1 ta1-2-lco ta3-1-oca1
0
5
0 1 11 8
0 8 2 1
0 11 1 4
0 18 1 0
0 32 0 1
1
end_operator
begin_operator
push-unitarypipe s13 b4 a1 a3 b7 lco oca1 ta1-2-lco ta3-2-oca1
0
5
0 1 11 8
0 8 2 1
0 11 1 4
0 18 1 0
0 35 0 1
1
end_operator
begin_operator
push-unitarypipe s13 b4 a1 a3 b7 lco oca1 ta1-3-lco ta3-1-oca1
0
5
0 1 11 8
0 8 2 1
0 11 1 4
0 21 1 0
0 32 0 1
1
end_operator
begin_operator
push-unitarypipe s13 b4 a1 a3 b7 lco oca1 ta1-3-lco ta3-2-oca1
0
5
0 1 11 8
0 8 2 1
0 11 1 4
0 21 1 0
0 35 0 1
1
end_operator
begin_operator
push-unitarypipe s13 b4 a1 a3 b8 lco rat-a ta1-1-lco ta3-1-rat-a
0
5
0 1 12 8
0 8 2 1
0 12 1 4
0 15 1 0
0 33 0 1
1
end_operator
begin_operator
push-unitarypipe s13 b4 a1 a3 b8 lco rat-a ta1-1-lco ta3-2-rat-a
0
5
0 1 12 8
0 8 2 1
0 12 1 4
0 15 1 0
0 36 0 1
1
end_operator
begin_operator
push-unitarypipe s13 b4 a1 a3 b8 lco rat-a ta1-2-lco ta3-1-rat-a
0
5
0 1 12 8
0 8 2 1
0 12 1 4
0 18 1 0
0 33 0 1
1
end_operator
begin_operator
push-unitarypipe s13 b4 a1 a3 b8 lco rat-a ta1-2-lco ta3-2-rat-a
0
5
0 1 12 8
0 8 2 1
0 12 1 4
0 18 1 0
0 36 0 1
1
end_operator
begin_operator
push-unitarypipe s13 b4 a1 a3 b8 lco rat-a ta1-3-lco ta3-1-rat-a
0
5
0 1 12 8
0 8 2 1
0 12 1 4
0 21 1 0
0 33 0 1
1
end_operator
begin_operator
push-unitarypipe s13 b4 a1 a3 b8 lco rat-a ta1-3-lco ta3-2-rat-a
0
5
0 1 12 8
0 8 2 1
0 12 1 4
0 21 1 0
0 36 0 1
1
end_operator
begin_operator
push-unitarypipe s13 b4 a1 a3 b9 lco rat-a ta1-1-lco ta3-1-rat-a
0
5
0 1 13 8
0 8 2 1
0 13 1 4
0 15 1 0
0 33 0 1
1
end_operator
begin_operator
push-unitarypipe s13 b4 a1 a3 b9 lco rat-a ta1-1-lco ta3-2-rat-a
0
5
0 1 13 8
0 8 2 1
0 13 1 4
0 15 1 0
0 36 0 1
1
end_operator
begin_operator
push-unitarypipe s13 b4 a1 a3 b9 lco rat-a ta1-2-lco ta3-1-rat-a
0
5
0 1 13 8
0 8 2 1
0 13 1 4
0 18 1 0
0 33 0 1
1
end_operator
begin_operator
push-unitarypipe s13 b4 a1 a3 b9 lco rat-a ta1-2-lco ta3-2-rat-a
0
5
0 1 13 8
0 8 2 1
0 13 1 4
0 18 1 0
0 36 0 1
1
end_operator
begin_operator
push-unitarypipe s13 b4 a1 a3 b9 lco rat-a ta1-3-lco ta3-1-rat-a
0
5
0 1 13 8
0 8 2 1
0 13 1 4
0 21 1 0
0 33 0 1
1
end_operator
begin_operator
push-unitarypipe s13 b4 a1 a3 b9 lco rat-a ta1-3-lco ta3-2-rat-a
0
5
0 1 13 8
0 8 2 1
0 13 1 4
0 21 1 0
0 36 0 1
1
end_operator
begin_operator
push-unitarypipe s13 b5 a1 a3 b0 oca1 lco ta1-1-oca1 ta3-1-lco
0
5
0 1 0 9
0 2 1 4
0 9 2 1
0 16 1 0
0 31 0 1
1
end_operator
begin_operator
push-unitarypipe s13 b5 a1 a3 b0 oca1 lco ta1-1-oca1 ta3-2-lco
0
5
0 1 0 9
0 2 1 4
0 9 2 1
0 16 1 0
0 34 0 1
1
end_operator
begin_operator
push-unitarypipe s13 b5 a1 a3 b0 oca1 lco ta1-1-oca1 ta3-3-lco
0
5
0 1 0 9
0 2 1 4
0 9 2 1
0 16 1 0
0 37 0 1
1
end_operator
begin_operator
push-unitarypipe s13 b5 a1 a3 b0 oca1 lco ta1-2-oca1 ta3-1-lco
0
5
0 1 0 9
0 2 1 4
0 9 2 1
0 19 1 0
0 31 0 1
1
end_operator
begin_operator
push-unitarypipe s13 b5 a1 a3 b0 oca1 lco ta1-2-oca1 ta3-2-lco
0
5
0 1 0 9
0 2 1 4
0 9 2 1
0 19 1 0
0 34 0 1
1
end_operator
begin_operator
push-unitarypipe s13 b5 a1 a3 b0 oca1 lco ta1-2-oca1 ta3-3-lco
0
5
0 1 0 9
0 2 1 4
0 9 2 1
0 19 1 0
0 37 0 1
1
end_operator
begin_operator
push-unitarypipe s13 b5 a1 a3 b1 oca1 lco ta1-1-oca1 ta3-1-lco
0
5
0 1 1 9
0 3 1 4
0 9 2 1
0 16 1 0
0 31 0 1
1
end_operator
begin_operator
push-unitarypipe s13 b5 a1 a3 b1 oca1 lco ta1-1-oca1 ta3-2-lco
0
5
0 1 1 9
0 3 1 4
0 9 2 1
0 16 1 0
0 34 0 1
1
end_operator
begin_operator
push-unitarypipe s13 b5 a1 a3 b1 oca1 lco ta1-1-oca1 ta3-3-lco
0
5
0 1 1 9
0 3 1 4
0 9 2 1
0 16 1 0
0 37 0 1
1
end_operator
begin_operator
push-unitarypipe s13 b5 a1 a3 b1 oca1 lco ta1-2-oca1 ta3-1-lco
0
5
0 1 1 9
0 3 1 4
0 9 2 1
0 19 1 0
0 31 0 1
1
end_operator
begin_operator
push-unitarypipe s13 b5 a1 a3 b1 oca1 lco ta1-2-oca1 ta3-2-lco
0
5
0 1 1 9
0 3 1 4
0 9 2 1
0 19 1 0
0 34 0 1
1
end_operator
begin_operator
push-unitarypipe s13 b5 a1 a3 b1 oca1 lco ta1-2-oca1 ta3-3-lco
0
5
0 1 1 9
0 3 1 4
0 9 2 1
0 19 1 0
0 37 0 1
1
end_operator
begin_operator
push-unitarypipe s13 b5 a1 a3 b10 oca1 oca1 ta1-1-oca1 ta3-1-oca1
0
5
0 1 2 9
0 4 1 4
0 9 2 1
0 16 1 0
0 32 0 1
1
end_operator
begin_operator
push-unitarypipe s13 b5 a1 a3 b10 oca1 oca1 ta1-1-oca1 ta3-2-oca1
0
5
0 1 2 9
0 4 1 4
0 9 2 1
0 16 1 0
0 35 0 1
1
end_operator
begin_operator
push-unitarypipe s13 b5 a1 a3 b10 oca1 oca1 ta1-2-oca1 ta3-1-oca1
0
5
0 1 2 9
0 4 1 4
0 9 2 1
0 19 1 0
0 32 0 1
1
end_operator
begin_operator
push-unitarypipe s13 b5 a1 a3 b10 oca1 oca1 ta1-2-oca1 ta3-2-oca1
0
5
0 1 2 9
0 4 1 4
0 9 2 1
0 19 1 0
0 35 0 1
1
end_operator
begin_operator
push-unitarypipe s13 b5 a1 a3 b2 oca1 gasoleo ta1-1-oca1 ta3-1-gasoleo
0
5
0 1 6 9
0 9 2 1
0 16 1 0
0 30 0 1
0 39 1 3
1
end_operator
begin_operator
push-unitarypipe s13 b5 a1 a3 b2 oca1 gasoleo ta1-2-oca1 ta3-1-gasoleo
0
5
0 1 6 9
0 9 2 1
0 19 1 0
0 30 0 1
0 39 1 3
1
end_operator
begin_operator
push-unitarypipe s13 b5 a1 a3 b3 oca1 lco ta1-1-oca1 ta3-1-lco
0
5
0 1 7 9
0 7 1 4
0 9 2 1
0 16 1 0
0 31 0 1
1
end_operator
begin_operator
push-unitarypipe s13 b5 a1 a3 b3 oca1 lco ta1-1-oca1 ta3-2-lco
0
5
0 1 7 9
0 7 1 4
0 9 2 1
0 16 1 0
0 34 0 1
1
end_operator
begin_operator
push-unitarypipe s13 b5 a1 a3 b3 oca1 lco ta1-1-oca1 ta3-3-lco
0
5
0 1 7 9
0 7 1 4
0 9 2 1
0 16 1 0
0 37 0 1
1
end_operator
begin_operator
push-unitarypipe s13 b5 a1 a3 b3 oca1 lco ta1-2-oca1 ta3-1-lco
0
5
0 1 7 9
0 7 1 4
0 9 2 1
0 19 1 0
0 31 0 1
1
end_operator
begin_operator
push-unitarypipe s13 b5 a1 a3 b3 oca1 lco ta1-2-oca1 ta3-2-lco
0
5
0 1 7 9
0 7 1 4
0 9 2 1
0 19 1 0
0 34 0 1
1
end_operator
begin_operator
push-unitarypipe s13 b5 a1 a3 b3 oca1 lco ta1-2-oca1 ta3-3-lco
0
5
0 1 7 9
0 7 1 4
0 9 2 1
0 19 1 0
0 37 0 1
1
end_operator
begin_operator
push-unitarypipe s13 b5 a1 a3 b4 oca1 lco ta1-1-oca1 ta3-1-lco
0
5
0 1 8 9
0 8 1 4
0 9 2 1
0 16 1 0
0 31 0 1
1
end_operator
begin_operator
push-unitarypipe s13 b5 a1 a3 b4 oca1 lco ta1-1-oca1 ta3-2-lco
0
5
0 1 8 9
0 8 1 4
0 9 2 1
0 16 1 0
0 34 0 1
1
end_operator
begin_operator
push-unitarypipe s13 b5 a1 a3 b4 oca1 lco ta1-1-oca1 ta3-3-lco
0
5
0 1 8 9
0 8 1 4
0 9 2 1
0 16 1 0
0 37 0 1
1
end_operator
begin_operator
push-unitarypipe s13 b5 a1 a3 b4 oca1 lco ta1-2-oca1 ta3-1-lco
0
5
0 1 8 9
0 8 1 4
0 9 2 1
0 19 1 0
0 31 0 1
1
end_operator
begin_operator
push-unitarypipe s13 b5 a1 a3 b4 oca1 lco ta1-2-oca1 ta3-2-lco
0
5
0 1 8 9
0 8 1 4
0 9 2 1
0 19 1 0
0 34 0 1
1
end_operator
begin_operator
push-unitarypipe s13 b5 a1 a3 b4 oca1 lco ta1-2-oca1 ta3-3-lco
0
5
0 1 8 9
0 8 1 4
0 9 2 1
0 19 1 0
0 37 0 1
1
end_operator
begin_operator
push-unitarypipe s13 b5 a1 a3 b6 oca1 lco ta1-1-oca1 ta3-1-lco
0
5
0 1 10 9
0 9 2 1
0 10 1 4
0 16 1 0
0 31 0 1
1
end_operator
begin_operator
push-unitarypipe s13 b5 a1 a3 b6 oca1 lco ta1-1-oca1 ta3-2-lco
0
5
0 1 10 9
0 9 2 1
0 10 1 4
0 16 1 0
0 34 0 1
1
end_operator
begin_operator
push-unitarypipe s13 b5 a1 a3 b6 oca1 lco ta1-1-oca1 ta3-3-lco
0
5
0 1 10 9
0 9 2 1
0 10 1 4
0 16 1 0
0 37 0 1
1
end_operator
begin_operator
push-unitarypipe s13 b5 a1 a3 b6 oca1 lco ta1-2-oca1 ta3-1-lco
0
5
0 1 10 9
0 9 2 1
0 10 1 4
0 19 1 0
0 31 0 1
1
end_operator
begin_operator
push-unitarypipe s13 b5 a1 a3 b6 oca1 lco ta1-2-oca1 ta3-2-lco
0
5
0 1 10 9
0 9 2 1
0 10 1 4
0 19 1 0
0 34 0 1
1
end_operator
begin_operator
push-unitarypipe s13 b5 a1 a3 b6 oca1 lco ta1-2-oca1 ta3-3-lco
0
5
0 1 10 9
0 9 2 1
0 10 1 4
0 19 1 0
0 37 0 1
1
end_operator
begin_operator
push-unitarypipe s13 b5 a1 a3 b7 oca1 oca1 ta1-1-oca1 ta3-1-oca1
0
5
0 1 11 9
0 9 2 1
0 11 1 4
0 16 1 0
0 32 0 1
1
end_operator
begin_operator
push-unitarypipe s13 b5 a1 a3 b7 oca1 oca1 ta1-1-oca1 ta3-2-oca1
0
5
0 1 11 9
0 9 2 1
0 11 1 4
0 16 1 0
0 35 0 1
1
end_operator
begin_operator
push-unitarypipe s13 b5 a1 a3 b7 oca1 oca1 ta1-2-oca1 ta3-1-oca1
0
5
0 1 11 9
0 9 2 1
0 11 1 4
0 19 1 0
0 32 0 1
1
end_operator
begin_operator
push-unitarypipe s13 b5 a1 a3 b7 oca1 oca1 ta1-2-oca1 ta3-2-oca1
0
5
0 1 11 9
0 9 2 1
0 11 1 4
0 19 1 0
0 35 0 1
1
end_operator
begin_operator
push-unitarypipe s13 b6 a1 a3 b0 lco lco ta1-1-lco ta3-1-lco
0
5
0 1 0 10
0 2 1 4
0 10 2 1
0 15 1 0
0 31 0 1
1
end_operator
begin_operator
push-unitarypipe s13 b6 a1 a3 b0 lco lco ta1-1-lco ta3-2-lco
0
5
0 1 0 10
0 2 1 4
0 10 2 1
0 15 1 0
0 34 0 1
1
end_operator
begin_operator
push-unitarypipe s13 b6 a1 a3 b0 lco lco ta1-1-lco ta3-3-lco
0
5
0 1 0 10
0 2 1 4
0 10 2 1
0 15 1 0
0 37 0 1
1
end_operator
begin_operator
push-unitarypipe s13 b6 a1 a3 b0 lco lco ta1-2-lco ta3-1-lco
0
5
0 1 0 10
0 2 1 4
0 10 2 1
0 18 1 0
0 31 0 1
1
end_operator
begin_operator
push-unitarypipe s13 b6 a1 a3 b0 lco lco ta1-2-lco ta3-2-lco
0
5
0 1 0 10
0 2 1 4
0 10 2 1
0 18 1 0
0 34 0 1
1
end_operator
begin_operator
push-unitarypipe s13 b6 a1 a3 b0 lco lco ta1-2-lco ta3-3-lco
0
5
0 1 0 10
0 2 1 4
0 10 2 1
0 18 1 0
0 37 0 1
1
end_operator
begin_operator
push-unitarypipe s13 b6 a1 a3 b0 lco lco ta1-3-lco ta3-1-lco
0
5
0 1 0 10
0 2 1 4
0 10 2 1
0 21 1 0
0 31 0 1
1
end_operator
begin_operator
push-unitarypipe s13 b6 a1 a3 b0 lco lco ta1-3-lco ta3-2-lco
0
5
0 1 0 10
0 2 1 4
0 10 2 1
0 21 1 0
0 34 0 1
1
end_operator
begin_operator
push-unitarypipe s13 b6 a1 a3 b0 lco lco ta1-3-lco ta3-3-lco
0
5
0 1 0 10
0 2 1 4
0 10 2 1
0 21 1 0
0 37 0 1
1
end_operator
begin_operator
push-unitarypipe s13 b6 a1 a3 b1 lco lco ta1-1-lco ta3-1-lco
0
5
0 1 1 10
0 3 1 4
0 10 2 1
0 15 1 0
0 31 0 1
1
end_operator
begin_operator
push-unitarypipe s13 b6 a1 a3 b1 lco lco ta1-1-lco ta3-2-lco
0
5
0 1 1 10
0 3 1 4
0 10 2 1
0 15 1 0
0 34 0 1
1
end_operator
begin_operator
push-unitarypipe s13 b6 a1 a3 b1 lco lco ta1-1-lco ta3-3-lco
0
5
0 1 1 10
0 3 1 4
0 10 2 1
0 15 1 0
0 37 0 1
1
end_operator
begin_operator
push-unitarypipe s13 b6 a1 a3 b1 lco lco ta1-2-lco ta3-1-lco
0
5
0 1 1 10
0 3 1 4
0 10 2 1
0 18 1 0
0 31 0 1
1
end_operator
begin_operator
push-unitarypipe s13 b6 a1 a3 b1 lco lco ta1-2-lco ta3-2-lco
0
5
0 1 1 10
0 3 1 4
0 10 2 1
0 18 1 0
0 34 0 1
1
end_operator
begin_operator
push-unitarypipe s13 b6 a1 a3 b1 lco lco ta1-2-lco ta3-3-lco
0
5
0 1 1 10
0 3 1 4
0 10 2 1
0 18 1 0
0 37 0 1
1
end_operator
begin_operator
push-unitarypipe s13 b6 a1 a3 b1 lco lco ta1-3-lco ta3-1-lco
0
5
0 1 1 10
0 3 1 4
0 10 2 1
0 21 1 0
0 31 0 1
1
end_operator
begin_operator
push-unitarypipe s13 b6 a1 a3 b1 lco lco ta1-3-lco ta3-2-lco
0
5
0 1 1 10
0 3 1 4
0 10 2 1
0 21 1 0
0 34 0 1
1
end_operator
begin_operator
push-unitarypipe s13 b6 a1 a3 b1 lco lco ta1-3-lco ta3-3-lco
0
5
0 1 1 10
0 3 1 4
0 10 2 1
0 21 1 0
0 37 0 1
1
end_operator
begin_operator
push-unitarypipe s13 b6 a1 a3 b10 lco oca1 ta1-1-lco ta3-1-oca1
0
5
0 1 2 10
0 4 1 4
0 10 2 1
0 15 1 0
0 32 0 1
1
end_operator
begin_operator
push-unitarypipe s13 b6 a1 a3 b10 lco oca1 ta1-1-lco ta3-2-oca1
0
5
0 1 2 10
0 4 1 4
0 10 2 1
0 15 1 0
0 35 0 1
1
end_operator
begin_operator
push-unitarypipe s13 b6 a1 a3 b10 lco oca1 ta1-2-lco ta3-1-oca1
0
5
0 1 2 10
0 4 1 4
0 10 2 1
0 18 1 0
0 32 0 1
1
end_operator
begin_operator
push-unitarypipe s13 b6 a1 a3 b10 lco oca1 ta1-2-lco ta3-2-oca1
0
5
0 1 2 10
0 4 1 4
0 10 2 1
0 18 1 0
0 35 0 1
1
end_operator
begin_operator
push-unitarypipe s13 b6 a1 a3 b10 lco oca1 ta1-3-lco ta3-1-oca1
0
5
0 1 2 10
0 4 1 4
0 10 2 1
0 21 1 0
0 32 0 1
1
end_operator
begin_operator
push-unitarypipe s13 b6 a1 a3 b10 lco oca1 ta1-3-lco ta3-2-oca1
0
5
0 1 2 10
0 4 1 4
0 10 2 1
0 21 1 0
0 35 0 1
1
end_operator
begin_operator
push-unitarypipe s13 b6 a1 a3 b12 lco rat-a ta1-1-lco ta3-1-rat-a
0
5
0 1 4 10
0 5 1 4
0 10 2 1
0 15 1 0
0 33 0 1
1
end_operator
begin_operator
push-unitarypipe s13 b6 a1 a3 b12 lco rat-a ta1-1-lco ta3-2-rat-a
0
5
0 1 4 10
0 5 1 4
0 10 2 1
0 15 1 0
0 36 0 1
1
end_operator
begin_operator
push-unitarypipe s13 b6 a1 a3 b12 lco rat-a ta1-2-lco ta3-1-rat-a
0
5
0 1 4 10
0 5 1 4
0 10 2 1
0 18 1 0
0 33 0 1
1
end_operator
begin_operator
push-unitarypipe s13 b6 a1 a3 b12 lco rat-a ta1-2-lco ta3-2-rat-a
0
5
0 1 4 10
0 5 1 4
0 10 2 1
0 18 1 0
0 36 0 1
1
end_operator
begin_operator
push-unitarypipe s13 b6 a1 a3 b12 lco rat-a ta1-3-lco ta3-1-rat-a
0
5
0 1 4 10
0 5 1 4
0 10 2 1
0 21 1 0
0 33 0 1
1
end_operator
begin_operator
push-unitarypipe s13 b6 a1 a3 b12 lco rat-a ta1-3-lco ta3-2-rat-a
0
5
0 1 4 10
0 5 1 4
0 10 2 1
0 21 1 0
0 36 0 1
1
end_operator
begin_operator
push-unitarypipe s13 b6 a1 a3 b13 lco rat-a ta1-1-lco ta3-1-rat-a
0
5
0 1 5 10
0 6 1 4
0 10 2 1
0 15 1 0
0 33 0 1
1
end_operator
begin_operator
push-unitarypipe s13 b6 a1 a3 b13 lco rat-a ta1-1-lco ta3-2-rat-a
0
5
0 1 5 10
0 6 1 4
0 10 2 1
0 15 1 0
0 36 0 1
1
end_operator
begin_operator
push-unitarypipe s13 b6 a1 a3 b13 lco rat-a ta1-2-lco ta3-1-rat-a
0
5
0 1 5 10
0 6 1 4
0 10 2 1
0 18 1 0
0 33 0 1
1
end_operator
begin_operator
push-unitarypipe s13 b6 a1 a3 b13 lco rat-a ta1-2-lco ta3-2-rat-a
0
5
0 1 5 10
0 6 1 4
0 10 2 1
0 18 1 0
0 36 0 1
1
end_operator
begin_operator
push-unitarypipe s13 b6 a1 a3 b13 lco rat-a ta1-3-lco ta3-1-rat-a
0
5
0 1 5 10
0 6 1 4
0 10 2 1
0 21 1 0
0 33 0 1
1
end_operator
begin_operator
push-unitarypipe s13 b6 a1 a3 b13 lco rat-a ta1-3-lco ta3-2-rat-a
0
5
0 1 5 10
0 6 1 4
0 10 2 1
0 21 1 0
0 36 0 1
1
end_operator
begin_operator
push-unitarypipe s13 b6 a1 a3 b2 lco gasoleo ta1-1-lco ta3-1-gasoleo
0
5
0 1 6 10
0 10 2 1
0 15 1 0
0 30 0 1
0 39 1 3
1
end_operator
begin_operator
push-unitarypipe s13 b6 a1 a3 b2 lco gasoleo ta1-2-lco ta3-1-gasoleo
0
5
0 1 6 10
0 10 2 1
0 18 1 0
0 30 0 1
0 39 1 3
1
end_operator
begin_operator
push-unitarypipe s13 b6 a1 a3 b2 lco gasoleo ta1-3-lco ta3-1-gasoleo
0
5
0 1 6 10
0 10 2 1
0 21 1 0
0 30 0 1
0 39 1 3
1
end_operator
begin_operator
push-unitarypipe s13 b6 a1 a3 b3 lco lco ta1-1-lco ta3-1-lco
0
5
0 1 7 10
0 7 1 4
0 10 2 1
0 15 1 0
0 31 0 1
1
end_operator
begin_operator
push-unitarypipe s13 b6 a1 a3 b3 lco lco ta1-1-lco ta3-2-lco
0
5
0 1 7 10
0 7 1 4
0 10 2 1
0 15 1 0
0 34 0 1
1
end_operator
begin_operator
push-unitarypipe s13 b6 a1 a3 b3 lco lco ta1-1-lco ta3-3-lco
0
5
0 1 7 10
0 7 1 4
0 10 2 1
0 15 1 0
0 37 0 1
1
end_operator
begin_operator
push-unitarypipe s13 b6 a1 a3 b3 lco lco ta1-2-lco ta3-1-lco
0
5
0 1 7 10
0 7 1 4
0 10 2 1
0 18 1 0
0 31 0 1
1
end_operator
begin_operator
push-unitarypipe s13 b6 a1 a3 b3 lco lco ta1-2-lco ta3-2-lco
0
5
0 1 7 10
0 7 1 4
0 10 2 1
0 18 1 0
0 34 0 1
1
end_operator
begin_operator
push-unitarypipe s13 b6 a1 a3 b3 lco lco ta1-2-lco ta3-3-lco
0
5
0 1 7 10
0 7 1 4
0 10 2 1
0 18 1 0
0 37 0 1
1
end_operator
begin_operator
push-unitarypipe s13 b6 a1 a3 b3 lco lco ta1-3-lco ta3-1-lco
0
5
0 1 7 10
0 7 1 4
0 10 2 1
0 21 1 0
0 31 0 1
1
end_operator
begin_operator
push-unitarypipe s13 b6 a1 a3 b3 lco lco ta1-3-lco ta3-2-lco
0
5
0 1 7 10
0 7 1 4
0 10 2 1
0 21 1 0
0 34 0 1
1
end_operator
begin_operator
push-unitarypipe s13 b6 a1 a3 b3 lco lco ta1-3-lco ta3-3-lco
0
5
0 1 7 10
0 7 1 4
0 10 2 1
0 21 1 0
0 37 0 1
1
end_operator
begin_operator
push-unitarypipe s13 b6 a1 a3 b4 lco lco ta1-1-lco ta3-1-lco
0
5
0 1 8 10
0 8 1 4
0 10 2 1
0 15 1 0
0 31 0 1
1
end_operator
begin_operator
push-unitarypipe s13 b6 a1 a3 b4 lco lco ta1-1-lco ta3-2-lco
0
5
0 1 8 10
0 8 1 4
0 10 2 1
0 15 1 0
0 34 0 1
1
end_operator
begin_operator
push-unitarypipe s13 b6 a1 a3 b4 lco lco ta1-1-lco ta3-3-lco
0
5
0 1 8 10
0 8 1 4
0 10 2 1
0 15 1 0
0 37 0 1
1
end_operator
begin_operator
push-unitarypipe s13 b6 a1 a3 b4 lco lco ta1-2-lco ta3-1-lco
0
5
0 1 8 10
0 8 1 4
0 10 2 1
0 18 1 0
0 31 0 1
1
end_operator
begin_operator
push-unitarypipe s13 b6 a1 a3 b4 lco lco ta1-2-lco ta3-2-lco
0
5
0 1 8 10
0 8 1 4
0 10 2 1
0 18 1 0
0 34 0 1
1
end_operator
begin_operator
push-unitarypipe s13 b6 a1 a3 b4 lco lco ta1-2-lco ta3-3-lco
0
5
0 1 8 10
0 8 1 4
0 10 2 1
0 18 1 0
0 37 0 1
1
end_operator
begin_operator
push-unitarypipe s13 b6 a1 a3 b4 lco lco ta1-3-lco ta3-1-lco
0
5
0 1 8 10
0 8 1 4
0 10 2 1
0 21 1 0
0 31 0 1
1
end_operator
begin_operator
push-unitarypipe s13 b6 a1 a3 b4 lco lco ta1-3-lco ta3-2-lco
0
5
0 1 8 10
0 8 1 4
0 10 2 1
0 21 1 0
0 34 0 1
1
end_operator
begin_operator
push-unitarypipe s13 b6 a1 a3 b4 lco lco ta1-3-lco ta3-3-lco
0
5
0 1 8 10
0 8 1 4
0 10 2 1
0 21 1 0
0 37 0 1
1
end_operator
begin_operator
push-unitarypipe s13 b6 a1 a3 b5 lco oca1 ta1-1-lco ta3-1-oca1
0
5
0 1 9 10
0 9 1 4
0 10 2 1
0 15 1 0
0 32 0 1
1
end_operator
begin_operator
push-unitarypipe s13 b6 a1 a3 b5 lco oca1 ta1-1-lco ta3-2-oca1
0
5
0 1 9 10
0 9 1 4
0 10 2 1
0 15 1 0
0 35 0 1
1
end_operator
begin_operator
push-unitarypipe s13 b6 a1 a3 b5 lco oca1 ta1-2-lco ta3-1-oca1
0
5
0 1 9 10
0 9 1 4
0 10 2 1
0 18 1 0
0 32 0 1
1
end_operator
begin_operator
push-unitarypipe s13 b6 a1 a3 b5 lco oca1 ta1-2-lco ta3-2-oca1
0
5
0 1 9 10
0 9 1 4
0 10 2 1
0 18 1 0
0 35 0 1
1
end_operator
begin_operator
push-unitarypipe s13 b6 a1 a3 b5 lco oca1 ta1-3-lco ta3-1-oca1
0
5
0 1 9 10
0 9 1 4
0 10 2 1
0 21 1 0
0 32 0 1
1
end_operator
begin_operator
push-unitarypipe s13 b6 a1 a3 b5 lco oca1 ta1-3-lco ta3-2-oca1
0
5
0 1 9 10
0 9 1 4
0 10 2 1
0 21 1 0
0 35 0 1
1
end_operator
begin_operator
push-unitarypipe s13 b6 a1 a3 b7 lco oca1 ta1-1-lco ta3-1-oca1
0
5
0 1 11 10
0 10 2 1
0 11 1 4
0 15 1 0
0 32 0 1
1
end_operator
begin_operator
push-unitarypipe s13 b6 a1 a3 b7 lco oca1 ta1-1-lco ta3-2-oca1
0
5
0 1 11 10
0 10 2 1
0 11 1 4
0 15 1 0
0 35 0 1
1
end_operator
begin_operator
push-unitarypipe s13 b6 a1 a3 b7 lco oca1 ta1-2-lco ta3-1-oca1
0
5
0 1 11 10
0 10 2 1
0 11 1 4
0 18 1 0
0 32 0 1
1
end_operator
begin_operator
push-unitarypipe s13 b6 a1 a3 b7 lco oca1 ta1-2-lco ta3-2-oca1
0
5
0 1 11 10
0 10 2 1
0 11 1 4
0 18 1 0
0 35 0 1
1
end_operator
begin_operator
push-unitarypipe s13 b6 a1 a3 b7 lco oca1 ta1-3-lco ta3-1-oca1
0
5
0 1 11 10
0 10 2 1
0 11 1 4
0 21 1 0
0 32 0 1
1
end_operator
begin_operator
push-unitarypipe s13 b6 a1 a3 b7 lco oca1 ta1-3-lco ta3-2-oca1
0
5
0 1 11 10
0 10 2 1
0 11 1 4
0 21 1 0
0 35 0 1
1
end_operator
begin_operator
push-unitarypipe s13 b6 a1 a3 b8 lco rat-a ta1-1-lco ta3-1-rat-a
0
5
0 1 12 10
0 10 2 1
0 12 1 4
0 15 1 0
0 33 0 1
1
end_operator
begin_operator
push-unitarypipe s13 b6 a1 a3 b8 lco rat-a ta1-1-lco ta3-2-rat-a
0
5
0 1 12 10
0 10 2 1
0 12 1 4
0 15 1 0
0 36 0 1
1
end_operator
begin_operator
push-unitarypipe s13 b6 a1 a3 b8 lco rat-a ta1-2-lco ta3-1-rat-a
0
5
0 1 12 10
0 10 2 1
0 12 1 4
0 18 1 0
0 33 0 1
1
end_operator
begin_operator
push-unitarypipe s13 b6 a1 a3 b8 lco rat-a ta1-2-lco ta3-2-rat-a
0
5
0 1 12 10
0 10 2 1
0 12 1 4
0 18 1 0
0 36 0 1
1
end_operator
begin_operator
push-unitarypipe s13 b6 a1 a3 b8 lco rat-a ta1-3-lco ta3-1-rat-a
0
5
0 1 12 10
0 10 2 1
0 12 1 4
0 21 1 0
0 33 0 1
1
end_operator
begin_operator
push-unitarypipe s13 b6 a1 a3 b8 lco rat-a ta1-3-lco ta3-2-rat-a
0
5
0 1 12 10
0 10 2 1
0 12 1 4
0 21 1 0
0 36 0 1
1
end_operator
begin_operator
push-unitarypipe s13 b6 a1 a3 b9 lco rat-a ta1-1-lco ta3-1-rat-a
0
5
0 1 13 10
0 10 2 1
0 13 1 4
0 15 1 0
0 33 0 1
1
end_operator
begin_operator
push-unitarypipe s13 b6 a1 a3 b9 lco rat-a ta1-1-lco ta3-2-rat-a
0
5
0 1 13 10
0 10 2 1
0 13 1 4
0 15 1 0
0 36 0 1
1
end_operator
begin_operator
push-unitarypipe s13 b6 a1 a3 b9 lco rat-a ta1-2-lco ta3-1-rat-a
0
5
0 1 13 10
0 10 2 1
0 13 1 4
0 18 1 0
0 33 0 1
1
end_operator
begin_operator
push-unitarypipe s13 b6 a1 a3 b9 lco rat-a ta1-2-lco ta3-2-rat-a
0
5
0 1 13 10
0 10 2 1
0 13 1 4
0 18 1 0
0 36 0 1
1
end_operator
begin_operator
push-unitarypipe s13 b6 a1 a3 b9 lco rat-a ta1-3-lco ta3-1-rat-a
0
5
0 1 13 10
0 10 2 1
0 13 1 4
0 21 1 0
0 33 0 1
1
end_operator
begin_operator
push-unitarypipe s13 b6 a1 a3 b9 lco rat-a ta1-3-lco ta3-2-rat-a
0
5
0 1 13 10
0 10 2 1
0 13 1 4
0 21 1 0
0 36 0 1
1
end_operator
begin_operator
push-unitarypipe s13 b7 a1 a3 b0 oca1 lco ta1-1-oca1 ta3-1-lco
0
5
0 1 0 11
0 2 1 4
0 11 2 1
0 16 1 0
0 31 0 1
1
end_operator
begin_operator
push-unitarypipe s13 b7 a1 a3 b0 oca1 lco ta1-1-oca1 ta3-2-lco
0
5
0 1 0 11
0 2 1 4
0 11 2 1
0 16 1 0
0 34 0 1
1
end_operator
begin_operator
push-unitarypipe s13 b7 a1 a3 b0 oca1 lco ta1-1-oca1 ta3-3-lco
0
5
0 1 0 11
0 2 1 4
0 11 2 1
0 16 1 0
0 37 0 1
1
end_operator
begin_operator
push-unitarypipe s13 b7 a1 a3 b0 oca1 lco ta1-2-oca1 ta3-1-lco
0
5
0 1 0 11
0 2 1 4
0 11 2 1
0 19 1 0
0 31 0 1
1
end_operator
begin_operator
push-unitarypipe s13 b7 a1 a3 b0 oca1 lco ta1-2-oca1 ta3-2-lco
0
5
0 1 0 11
0 2 1 4
0 11 2 1
0 19 1 0
0 34 0 1
1
end_operator
begin_operator
push-unitarypipe s13 b7 a1 a3 b0 oca1 lco ta1-2-oca1 ta3-3-lco
0
5
0 1 0 11
0 2 1 4
0 11 2 1
0 19 1 0
0 37 0 1
1
end_operator
begin_operator
push-unitarypipe s13 b7 a1 a3 b1 oca1 lco ta1-1-oca1 ta3-1-lco
0
5
0 1 1 11
0 3 1 4
0 11 2 1
0 16 1 0
0 31 0 1
1
end_operator
begin_operator
push-unitarypipe s13 b7 a1 a3 b1 oca1 lco ta1-1-oca1 ta3-2-lco
0
5
0 1 1 11
0 3 1 4
0 11 2 1
0 16 1 0
0 34 0 1
1
end_operator
begin_operator
push-unitarypipe s13 b7 a1 a3 b1 oca1 lco ta1-1-oca1 ta3-3-lco
0
5
0 1 1 11
0 3 1 4
0 11 2 1
0 16 1 0
0 37 0 1
1
end_operator
begin_operator
push-unitarypipe s13 b7 a1 a3 b1 oca1 lco ta1-2-oca1 ta3-1-lco
0
5
0 1 1 11
0 3 1 4
0 11 2 1
0 19 1 0
0 31 0 1
1
end_operator
begin_operator
push-unitarypipe s13 b7 a1 a3 b1 oca1 lco ta1-2-oca1 ta3-2-lco
0
5
0 1 1 11
0 3 1 4
0 11 2 1
0 19 1 0
0 34 0 1
1
end_operator
begin_operator
push-unitarypipe s13 b7 a1 a3 b1 oca1 lco ta1-2-oca1 ta3-3-lco
0
5
0 1 1 11
0 3 1 4
0 11 2 1
0 19 1 0
0 37 0 1
1
end_operator
begin_operator
push-unitarypipe s13 b7 a1 a3 b10 oca1 oca1 ta1-1-oca1 ta3-1-oca1
0
5
0 1 2 11
0 4 1 4
0 11 2 1
0 16 1 0
0 32 0 1
1
end_operator
begin_operator
push-unitarypipe s13 b7 a1 a3 b10 oca1 oca1 ta1-1-oca1 ta3-2-oca1
0
5
0 1 2 11
0 4 1 4
0 11 2 1
0 16 1 0
0 35 0 1
1
end_operator
begin_operator
push-unitarypipe s13 b7 a1 a3 b10 oca1 oca1 ta1-2-oca1 ta3-1-oca1
0
5
0 1 2 11
0 4 1 4
0 11 2 1
0 19 1 0
0 32 0 1
1
end_operator
begin_operator
push-unitarypipe s13 b7 a1 a3 b10 oca1 oca1 ta1-2-oca1 ta3-2-oca1
0
5
0 1 2 11
0 4 1 4
0 11 2 1
0 19 1 0
0 35 0 1
1
end_operator
begin_operator
push-unitarypipe s13 b7 a1 a3 b2 oca1 gasoleo ta1-1-oca1 ta3-1-gasoleo
0
5
0 1 6 11
0 11 2 1
0 16 1 0
0 30 0 1
0 39 1 3
1
end_operator
begin_operator
push-unitarypipe s13 b7 a1 a3 b2 oca1 gasoleo ta1-2-oca1 ta3-1-gasoleo
0
5
0 1 6 11
0 11 2 1
0 19 1 0
0 30 0 1
0 39 1 3
1
end_operator
begin_operator
push-unitarypipe s13 b7 a1 a3 b3 oca1 lco ta1-1-oca1 ta3-1-lco
0
5
0 1 7 11
0 7 1 4
0 11 2 1
0 16 1 0
0 31 0 1
1
end_operator
begin_operator
push-unitarypipe s13 b7 a1 a3 b3 oca1 lco ta1-1-oca1 ta3-2-lco
0
5
0 1 7 11
0 7 1 4
0 11 2 1
0 16 1 0
0 34 0 1
1
end_operator
begin_operator
push-unitarypipe s13 b7 a1 a3 b3 oca1 lco ta1-1-oca1 ta3-3-lco
0
5
0 1 7 11
0 7 1 4
0 11 2 1
0 16 1 0
0 37 0 1
1
end_operator
begin_operator
push-unitarypipe s13 b7 a1 a3 b3 oca1 lco ta1-2-oca1 ta3-1-lco
0
5
0 1 7 11
0 7 1 4
0 11 2 1
0 19 1 0
0 31 0 1
1
end_operator
begin_operator
push-unitarypipe s13 b7 a1 a3 b3 oca1 lco ta1-2-oca1 ta3-2-lco
0
5
0 1 7 11
0 7 1 4
0 11 2 1
0 19 1 0
0 34 0 1
1
end_operator
begin_operator
push-unitarypipe s13 b7 a1 a3 b3 oca1 lco ta1-2-oca1 ta3-3-lco
0
5
0 1 7 11
0 7 1 4
0 11 2 1
0 19 1 0
0 37 0 1
1
end_operator
begin_operator
push-unitarypipe s13 b7 a1 a3 b4 oca1 lco ta1-1-oca1 ta3-1-lco
0
5
0 1 8 11
0 8 1 4
0 11 2 1
0 16 1 0
0 31 0 1
1
end_operator
begin_operator
push-unitarypipe s13 b7 a1 a3 b4 oca1 lco ta1-1-oca1 ta3-2-lco
0
5
0 1 8 11
0 8 1 4
0 11 2 1
0 16 1 0
0 34 0 1
1
end_operator
begin_operator
push-unitarypipe s13 b7 a1 a3 b4 oca1 lco ta1-1-oca1 ta3-3-lco
0
5
0 1 8 11
0 8 1 4
0 11 2 1
0 16 1 0
0 37 0 1
1
end_operator
begin_operator
push-unitarypipe s13 b7 a1 a3 b4 oca1 lco ta1-2-oca1 ta3-1-lco
0
5
0 1 8 11
0 8 1 4
0 11 2 1
0 19 1 0
0 31 0 1
1
end_operator
begin_operator
push-unitarypipe s13 b7 a1 a3 b4 oca1 lco ta1-2-oca1 ta3-2-lco
0
5
0 1 8 11
0 8 1 4
0 11 2 1
0 19 1 0
0 34 0 1
1
end_operator
begin_operator
push-unitarypipe s13 b7 a1 a3 b4 oca1 lco ta1-2-oca1 ta3-3-lco
0
5
0 1 8 11
0 8 1 4
0 11 2 1
0 19 1 0
0 37 0 1
1
end_operator
begin_operator
push-unitarypipe s13 b7 a1 a3 b5 oca1 oca1 ta1-1-oca1 ta3-1-oca1
0
5
0 1 9 11
0 9 1 4
0 11 2 1
0 16 1 0
0 32 0 1
1
end_operator
begin_operator
push-unitarypipe s13 b7 a1 a3 b5 oca1 oca1 ta1-1-oca1 ta3-2-oca1
0
5
0 1 9 11
0 9 1 4
0 11 2 1
0 16 1 0
0 35 0 1
1
end_operator
begin_operator
push-unitarypipe s13 b7 a1 a3 b5 oca1 oca1 ta1-2-oca1 ta3-1-oca1
0
5
0 1 9 11
0 9 1 4
0 11 2 1
0 19 1 0
0 32 0 1
1
end_operator
begin_operator
push-unitarypipe s13 b7 a1 a3 b5 oca1 oca1 ta1-2-oca1 ta3-2-oca1
0
5
0 1 9 11
0 9 1 4
0 11 2 1
0 19 1 0
0 35 0 1
1
end_operator
begin_operator
push-unitarypipe s13 b7 a1 a3 b6 oca1 lco ta1-1-oca1 ta3-1-lco
0
5
0 1 10 11
0 10 1 4
0 11 2 1
0 16 1 0
0 31 0 1
1
end_operator
begin_operator
push-unitarypipe s13 b7 a1 a3 b6 oca1 lco ta1-1-oca1 ta3-2-lco
0
5
0 1 10 11
0 10 1 4
0 11 2 1
0 16 1 0
0 34 0 1
1
end_operator
begin_operator
push-unitarypipe s13 b7 a1 a3 b6 oca1 lco ta1-1-oca1 ta3-3-lco
0
5
0 1 10 11
0 10 1 4
0 11 2 1
0 16 1 0
0 37 0 1
1
end_operator
begin_operator
push-unitarypipe s13 b7 a1 a3 b6 oca1 lco ta1-2-oca1 ta3-1-lco
0
5
0 1 10 11
0 10 1 4
0 11 2 1
0 19 1 0
0 31 0 1
1
end_operator
begin_operator
push-unitarypipe s13 b7 a1 a3 b6 oca1 lco ta1-2-oca1 ta3-2-lco
0
5
0 1 10 11
0 10 1 4
0 11 2 1
0 19 1 0
0 34 0 1
1
end_operator
begin_operator
push-unitarypipe s13 b7 a1 a3 b6 oca1 lco ta1-2-oca1 ta3-3-lco
0
5
0 1 10 11
0 10 1 4
0 11 2 1
0 19 1 0
0 37 0 1
1
end_operator
begin_operator
push-unitarypipe s13 b8 a1 a3 b0 rat-a lco ta1-1-rat-a ta3-1-lco
0
5
0 1 0 12
0 2 1 4
0 12 2 1
0 17 1 0
0 31 0 1
1
end_operator
begin_operator
push-unitarypipe s13 b8 a1 a3 b0 rat-a lco ta1-1-rat-a ta3-2-lco
0
5
0 1 0 12
0 2 1 4
0 12 2 1
0 17 1 0
0 34 0 1
1
end_operator
begin_operator
push-unitarypipe s13 b8 a1 a3 b0 rat-a lco ta1-1-rat-a ta3-3-lco
0
5
0 1 0 12
0 2 1 4
0 12 2 1
0 17 1 0
0 37 0 1
1
end_operator
begin_operator
push-unitarypipe s13 b8 a1 a3 b0 rat-a lco ta1-2-rat-a ta3-1-lco
0
5
0 1 0 12
0 2 1 4
0 12 2 1
0 20 1 0
0 31 0 1
1
end_operator
begin_operator
push-unitarypipe s13 b8 a1 a3 b0 rat-a lco ta1-2-rat-a ta3-2-lco
0
5
0 1 0 12
0 2 1 4
0 12 2 1
0 20 1 0
0 34 0 1
1
end_operator
begin_operator
push-unitarypipe s13 b8 a1 a3 b0 rat-a lco ta1-2-rat-a ta3-3-lco
0
5
0 1 0 12
0 2 1 4
0 12 2 1
0 20 1 0
0 37 0 1
1
end_operator
begin_operator
push-unitarypipe s13 b8 a1 a3 b1 rat-a lco ta1-1-rat-a ta3-1-lco
0
5
0 1 1 12
0 3 1 4
0 12 2 1
0 17 1 0
0 31 0 1
1
end_operator
begin_operator
push-unitarypipe s13 b8 a1 a3 b1 rat-a lco ta1-1-rat-a ta3-2-lco
0
5
0 1 1 12
0 3 1 4
0 12 2 1
0 17 1 0
0 34 0 1
1
end_operator
begin_operator
push-unitarypipe s13 b8 a1 a3 b1 rat-a lco ta1-1-rat-a ta3-3-lco
0
5
0 1 1 12
0 3 1 4
0 12 2 1
0 17 1 0
0 37 0 1
1
end_operator
begin_operator
push-unitarypipe s13 b8 a1 a3 b1 rat-a lco ta1-2-rat-a ta3-1-lco
0
5
0 1 1 12
0 3 1 4
0 12 2 1
0 20 1 0
0 31 0 1
1
end_operator
begin_operator
push-unitarypipe s13 b8 a1 a3 b1 rat-a lco ta1-2-rat-a ta3-2-lco
0
5
0 1 1 12
0 3 1 4
0 12 2 1
0 20 1 0
0 34 0 1
1
end_operator
begin_operator
push-unitarypipe s13 b8 a1 a3 b1 rat-a lco ta1-2-rat-a ta3-3-lco
0
5
0 1 1 12
0 3 1 4
0 12 2 1
0 20 1 0
0 37 0 1
1
end_operator
begin_operator
push-unitarypipe s13 b8 a1 a3 b12 rat-a rat-a ta1-1-rat-a ta3-1-rat-a
0
5
0 1 4 12
0 5 1 4
0 12 2 1
0 17 1 0
0 33 0 1
1
end_operator
begin_operator
push-unitarypipe s13 b8 a1 a3 b12 rat-a rat-a ta1-1-rat-a ta3-2-rat-a
0
5
0 1 4 12
0 5 1 4
0 12 2 1
0 17 1 0
0 36 0 1
1
end_operator
begin_operator
push-unitarypipe s13 b8 a1 a3 b12 rat-a rat-a ta1-2-rat-a ta3-1-rat-a
0
5
0 1 4 12
0 5 1 4
0 12 2 1
0 20 1 0
0 33 0 1
1
end_operator
begin_operator
push-unitarypipe s13 b8 a1 a3 b12 rat-a rat-a ta1-2-rat-a ta3-2-rat-a
0
5
0 1 4 12
0 5 1 4
0 12 2 1
0 20 1 0
0 36 0 1
1
end_operator
begin_operator
push-unitarypipe s13 b8 a1 a3 b13 rat-a rat-a ta1-1-rat-a ta3-1-rat-a
0
5
0 1 5 12
0 6 1 4
0 12 2 1
0 17 1 0
0 33 0 1
1
end_operator
begin_operator
push-unitarypipe s13 b8 a1 a3 b13 rat-a rat-a ta1-1-rat-a ta3-2-rat-a
0
5
0 1 5 12
0 6 1 4
0 12 2 1
0 17 1 0
0 36 0 1
1
end_operator
begin_operator
push-unitarypipe s13 b8 a1 a3 b13 rat-a rat-a ta1-2-rat-a ta3-1-rat-a
0
5
0 1 5 12
0 6 1 4
0 12 2 1
0 20 1 0
0 33 0 1
1
end_operator
begin_operator
push-unitarypipe s13 b8 a1 a3 b13 rat-a rat-a ta1-2-rat-a ta3-2-rat-a
0
5
0 1 5 12
0 6 1 4
0 12 2 1
0 20 1 0
0 36 0 1
1
end_operator
begin_operator
push-unitarypipe s13 b8 a1 a3 b2 rat-a gasoleo ta1-1-rat-a ta3-1-gasoleo
0
5
0 1 6 12
0 12 2 1
0 17 1 0
0 30 0 1
0 39 1 3
1
end_operator
begin_operator
push-unitarypipe s13 b8 a1 a3 b2 rat-a gasoleo ta1-2-rat-a ta3-1-gasoleo
0
5
0 1 6 12
0 12 2 1
0 20 1 0
0 30 0 1
0 39 1 3
1
end_operator
begin_operator
push-unitarypipe s13 b8 a1 a3 b3 rat-a lco ta1-1-rat-a ta3-1-lco
0
5
0 1 7 12
0 7 1 4
0 12 2 1
0 17 1 0
0 31 0 1
1
end_operator
begin_operator
push-unitarypipe s13 b8 a1 a3 b3 rat-a lco ta1-1-rat-a ta3-2-lco
0
5
0 1 7 12
0 7 1 4
0 12 2 1
0 17 1 0
0 34 0 1
1
end_operator
begin_operator
push-unitarypipe s13 b8 a1 a3 b3 rat-a lco ta1-1-rat-a ta3-3-lco
0
5
0 1 7 12
0 7 1 4
0 12 2 1
0 17 1 0
0 37 0 1
1
end_operator
begin_operator
push-unitarypipe s13 b8 a1 a3 b3 rat-a lco ta1-2-rat-a ta3-1-lco
0
5
0 1 7 12
0 7 1 4
0 12 2 1
0 20 1 0
0 31 0 1
1
end_operator
begin_operator
push-unitarypipe s13 b8 a1 a3 b3 rat-a lco ta1-2-rat-a ta3-2-lco
0
5
0 1 7 12
0 7 1 4
0 12 2 1
0 20 1 0
0 34 0 1
1
end_operator
begin_operator
push-unitarypipe s13 b8 a1 a3 b3 rat-a lco ta1-2-rat-a ta3-3-lco
0
5
0 1 7 12
0 7 1 4
0 12 2 1
0 20 1 0
0 37 0 1
1
end_operator
begin_operator
push-unitarypipe s13 b8 a1 a3 b4 rat-a lco ta1-1-rat-a ta3-1-lco
0
5
0 1 8 12
0 8 1 4
0 12 2 1
0 17 1 0
0 31 0 1
1
end_operator
begin_operator
push-unitarypipe s13 b8 a1 a3 b4 rat-a lco ta1-1-rat-a ta3-2-lco
0
5
0 1 8 12
0 8 1 4
0 12 2 1
0 17 1 0
0 34 0 1
1
end_operator
begin_operator
push-unitarypipe s13 b8 a1 a3 b4 rat-a lco ta1-1-rat-a ta3-3-lco
0
5
0 1 8 12
0 8 1 4
0 12 2 1
0 17 1 0
0 37 0 1
1
end_operator
begin_operator
push-unitarypipe s13 b8 a1 a3 b4 rat-a lco ta1-2-rat-a ta3-1-lco
0
5
0 1 8 12
0 8 1 4
0 12 2 1
0 20 1 0
0 31 0 1
1
end_operator
begin_operator
push-unitarypipe s13 b8 a1 a3 b4 rat-a lco ta1-2-rat-a ta3-2-lco
0
5
0 1 8 12
0 8 1 4
0 12 2 1
0 20 1 0
0 34 0 1
1
end_operator
begin_operator
push-unitarypipe s13 b8 a1 a3 b4 rat-a lco ta1-2-rat-a ta3-3-lco
0
5
0 1 8 12
0 8 1 4
0 12 2 1
0 20 1 0
0 37 0 1
1
end_operator
begin_operator
push-unitarypipe s13 b8 a1 a3 b6 rat-a lco ta1-1-rat-a ta3-1-lco
0
5
0 1 10 12
0 10 1 4
0 12 2 1
0 17 1 0
0 31 0 1
1
end_operator
begin_operator
push-unitarypipe s13 b8 a1 a3 b6 rat-a lco ta1-1-rat-a ta3-2-lco
0
5
0 1 10 12
0 10 1 4
0 12 2 1
0 17 1 0
0 34 0 1
1
end_operator
begin_operator
push-unitarypipe s13 b8 a1 a3 b6 rat-a lco ta1-1-rat-a ta3-3-lco
0
5
0 1 10 12
0 10 1 4
0 12 2 1
0 17 1 0
0 37 0 1
1
end_operator
begin_operator
push-unitarypipe s13 b8 a1 a3 b6 rat-a lco ta1-2-rat-a ta3-1-lco
0
5
0 1 10 12
0 10 1 4
0 12 2 1
0 20 1 0
0 31 0 1
1
end_operator
begin_operator
push-unitarypipe s13 b8 a1 a3 b6 rat-a lco ta1-2-rat-a ta3-2-lco
0
5
0 1 10 12
0 10 1 4
0 12 2 1
0 20 1 0
0 34 0 1
1
end_operator
begin_operator
push-unitarypipe s13 b8 a1 a3 b6 rat-a lco ta1-2-rat-a ta3-3-lco
0
5
0 1 10 12
0 10 1 4
0 12 2 1
0 20 1 0
0 37 0 1
1
end_operator
begin_operator
push-unitarypipe s13 b8 a1 a3 b9 rat-a rat-a ta1-1-rat-a ta3-1-rat-a
0
5
0 1 13 12
0 12 2 1
0 13 1 4
0 17 1 0
0 33 0 1
1
end_operator
begin_operator
push-unitarypipe s13 b8 a1 a3 b9 rat-a rat-a ta1-1-rat-a ta3-2-rat-a
0
5
0 1 13 12
0 12 2 1
0 13 1 4
0 17 1 0
0 36 0 1
1
end_operator
begin_operator
push-unitarypipe s13 b8 a1 a3 b9 rat-a rat-a ta1-2-rat-a ta3-1-rat-a
0
5
0 1 13 12
0 12 2 1
0 13 1 4
0 20 1 0
0 33 0 1
1
end_operator
begin_operator
push-unitarypipe s13 b8 a1 a3 b9 rat-a rat-a ta1-2-rat-a ta3-2-rat-a
0
5
0 1 13 12
0 12 2 1
0 13 1 4
0 20 1 0
0 36 0 1
1
end_operator
begin_operator
push-unitarypipe s13 b9 a1 a3 b0 rat-a lco ta1-1-rat-a ta3-1-lco
0
5
0 1 0 13
0 2 1 4
0 13 2 1
0 17 1 0
0 31 0 1
1
end_operator
begin_operator
push-unitarypipe s13 b9 a1 a3 b0 rat-a lco ta1-1-rat-a ta3-2-lco
0
5
0 1 0 13
0 2 1 4
0 13 2 1
0 17 1 0
0 34 0 1
1
end_operator
begin_operator
push-unitarypipe s13 b9 a1 a3 b0 rat-a lco ta1-1-rat-a ta3-3-lco
0
5
0 1 0 13
0 2 1 4
0 13 2 1
0 17 1 0
0 37 0 1
1
end_operator
begin_operator
push-unitarypipe s13 b9 a1 a3 b0 rat-a lco ta1-2-rat-a ta3-1-lco
0
5
0 1 0 13
0 2 1 4
0 13 2 1
0 20 1 0
0 31 0 1
1
end_operator
begin_operator
push-unitarypipe s13 b9 a1 a3 b0 rat-a lco ta1-2-rat-a ta3-2-lco
0
5
0 1 0 13
0 2 1 4
0 13 2 1
0 20 1 0
0 34 0 1
1
end_operator
begin_operator
push-unitarypipe s13 b9 a1 a3 b0 rat-a lco ta1-2-rat-a ta3-3-lco
0
5
0 1 0 13
0 2 1 4
0 13 2 1
0 20 1 0
0 37 0 1
1
end_operator
begin_operator
push-unitarypipe s13 b9 a1 a3 b1 rat-a lco ta1-1-rat-a ta3-1-lco
0
5
0 1 1 13
0 3 1 4
0 13 2 1
0 17 1 0
0 31 0 1
1
end_operator
begin_operator
push-unitarypipe s13 b9 a1 a3 b1 rat-a lco ta1-1-rat-a ta3-2-lco
0
5
0 1 1 13
0 3 1 4
0 13 2 1
0 17 1 0
0 34 0 1
1
end_operator
begin_operator
push-unitarypipe s13 b9 a1 a3 b1 rat-a lco ta1-1-rat-a ta3-3-lco
0
5
0 1 1 13
0 3 1 4
0 13 2 1
0 17 1 0
0 37 0 1
1
end_operator
begin_operator
push-unitarypipe s13 b9 a1 a3 b1 rat-a lco ta1-2-rat-a ta3-1-lco
0
5
0 1 1 13
0 3 1 4
0 13 2 1
0 20 1 0
0 31 0 1
1
end_operator
begin_operator
push-unitarypipe s13 b9 a1 a3 b1 rat-a lco ta1-2-rat-a ta3-2-lco
0
5
0 1 1 13
0 3 1 4
0 13 2 1
0 20 1 0
0 34 0 1
1
end_operator
begin_operator
push-unitarypipe s13 b9 a1 a3 b1 rat-a lco ta1-2-rat-a ta3-3-lco
0
5
0 1 1 13
0 3 1 4
0 13 2 1
0 20 1 0
0 37 0 1
1
end_operator
begin_operator
push-unitarypipe s13 b9 a1 a3 b12 rat-a rat-a ta1-1-rat-a ta3-1-rat-a
0
5
0 1 4 13
0 5 1 4
0 13 2 1
0 17 1 0
0 33 0 1
1
end_operator
begin_operator
push-unitarypipe s13 b9 a1 a3 b12 rat-a rat-a ta1-1-rat-a ta3-2-rat-a
0
5
0 1 4 13
0 5 1 4
0 13 2 1
0 17 1 0
0 36 0 1
1
end_operator
begin_operator
push-unitarypipe s13 b9 a1 a3 b12 rat-a rat-a ta1-2-rat-a ta3-1-rat-a
0
5
0 1 4 13
0 5 1 4
0 13 2 1
0 20 1 0
0 33 0 1
1
end_operator
begin_operator
push-unitarypipe s13 b9 a1 a3 b12 rat-a rat-a ta1-2-rat-a ta3-2-rat-a
0
5
0 1 4 13
0 5 1 4
0 13 2 1
0 20 1 0
0 36 0 1
1
end_operator
begin_operator
push-unitarypipe s13 b9 a1 a3 b13 rat-a rat-a ta1-1-rat-a ta3-1-rat-a
0
5
0 1 5 13
0 6 1 4
0 13 2 1
0 17 1 0
0 33 0 1
1
end_operator
begin_operator
push-unitarypipe s13 b9 a1 a3 b13 rat-a rat-a ta1-1-rat-a ta3-2-rat-a
0
5
0 1 5 13
0 6 1 4
0 13 2 1
0 17 1 0
0 36 0 1
1
end_operator
begin_operator
push-unitarypipe s13 b9 a1 a3 b13 rat-a rat-a ta1-2-rat-a ta3-1-rat-a
0
5
0 1 5 13
0 6 1 4
0 13 2 1
0 20 1 0
0 33 0 1
1
end_operator
begin_operator
push-unitarypipe s13 b9 a1 a3 b13 rat-a rat-a ta1-2-rat-a ta3-2-rat-a
0
5
0 1 5 13
0 6 1 4
0 13 2 1
0 20 1 0
0 36 0 1
1
end_operator
begin_operator
push-unitarypipe s13 b9 a1 a3 b2 rat-a gasoleo ta1-1-rat-a ta3-1-gasoleo
0
5
0 1 6 13
0 13 2 1
0 17 1 0
0 30 0 1
0 39 1 3
1
end_operator
begin_operator
push-unitarypipe s13 b9 a1 a3 b2 rat-a gasoleo ta1-2-rat-a ta3-1-gasoleo
0
5
0 1 6 13
0 13 2 1
0 20 1 0
0 30 0 1
0 39 1 3
1
end_operator
begin_operator
push-unitarypipe s13 b9 a1 a3 b3 rat-a lco ta1-1-rat-a ta3-1-lco
0
5
0 1 7 13
0 7 1 4
0 13 2 1
0 17 1 0
0 31 0 1
1
end_operator
begin_operator
push-unitarypipe s13 b9 a1 a3 b3 rat-a lco ta1-1-rat-a ta3-2-lco
0
5
0 1 7 13
0 7 1 4
0 13 2 1
0 17 1 0
0 34 0 1
1
end_operator
begin_operator
push-unitarypipe s13 b9 a1 a3 b3 rat-a lco ta1-1-rat-a ta3-3-lco
0
5
0 1 7 13
0 7 1 4
0 13 2 1
0 17 1 0
0 37 0 1
1
end_operator
begin_operator
push-unitarypipe s13 b9 a1 a3 b3 rat-a lco ta1-2-rat-a ta3-1-lco
0
5
0 1 7 13
0 7 1 4
0 13 2 1
0 20 1 0
0 31 0 1
1
end_operator
begin_operator
push-unitarypipe s13 b9 a1 a3 b3 rat-a lco ta1-2-rat-a ta3-2-lco
0
5
0 1 7 13
0 7 1 4
0 13 2 1
0 20 1 0
0 34 0 1
1
end_operator
begin_operator
push-unitarypipe s13 b9 a1 a3 b3 rat-a lco ta1-2-rat-a ta3-3-lco
0
5
0 1 7 13
0 7 1 4
0 13 2 1
0 20 1 0
0 37 0 1
1
end_operator
begin_operator
push-unitarypipe s13 b9 a1 a3 b4 rat-a lco ta1-1-rat-a ta3-1-lco
0
5
0 1 8 13
0 8 1 4
0 13 2 1
0 17 1 0
0 31 0 1
1
end_operator
begin_operator
push-unitarypipe s13 b9 a1 a3 b4 rat-a lco ta1-1-rat-a ta3-2-lco
0
5
0 1 8 13
0 8 1 4
0 13 2 1
0 17 1 0
0 34 0 1
1
end_operator
begin_operator
push-unitarypipe s13 b9 a1 a3 b4 rat-a lco ta1-1-rat-a ta3-3-lco
0
5
0 1 8 13
0 8 1 4
0 13 2 1
0 17 1 0
0 37 0 1
1
end_operator
begin_operator
push-unitarypipe s13 b9 a1 a3 b4 rat-a lco ta1-2-rat-a ta3-1-lco
0
5
0 1 8 13
0 8 1 4
0 13 2 1
0 20 1 0
0 31 0 1
1
end_operator
begin_operator
push-unitarypipe s13 b9 a1 a3 b4 rat-a lco ta1-2-rat-a ta3-2-lco
0
5
0 1 8 13
0 8 1 4
0 13 2 1
0 20 1 0
0 34 0 1
1
end_operator
begin_operator
push-unitarypipe s13 b9 a1 a3 b4 rat-a lco ta1-2-rat-a ta3-3-lco
0
5
0 1 8 13
0 8 1 4
0 13 2 1
0 20 1 0
0 37 0 1
1
end_operator
begin_operator
push-unitarypipe s13 b9 a1 a3 b6 rat-a lco ta1-1-rat-a ta3-1-lco
0
5
0 1 10 13
0 10 1 4
0 13 2 1
0 17 1 0
0 31 0 1
1
end_operator
begin_operator
push-unitarypipe s13 b9 a1 a3 b6 rat-a lco ta1-1-rat-a ta3-2-lco
0
5
0 1 10 13
0 10 1 4
0 13 2 1
0 17 1 0
0 34 0 1
1
end_operator
begin_operator
push-unitarypipe s13 b9 a1 a3 b6 rat-a lco ta1-1-rat-a ta3-3-lco
0
5
0 1 10 13
0 10 1 4
0 13 2 1
0 17 1 0
0 37 0 1
1
end_operator
begin_operator
push-unitarypipe s13 b9 a1 a3 b6 rat-a lco ta1-2-rat-a ta3-1-lco
0
5
0 1 10 13
0 10 1 4
0 13 2 1
0 20 1 0
0 31 0 1
1
end_operator
begin_operator
push-unitarypipe s13 b9 a1 a3 b6 rat-a lco ta1-2-rat-a ta3-2-lco
0
5
0 1 10 13
0 10 1 4
0 13 2 1
0 20 1 0
0 34 0 1
1
end_operator
begin_operator
push-unitarypipe s13 b9 a1 a3 b6 rat-a lco ta1-2-rat-a ta3-3-lco
0
5
0 1 10 13
0 10 1 4
0 13 2 1
0 20 1 0
0 37 0 1
1
end_operator
begin_operator
push-unitarypipe s13 b9 a1 a3 b8 rat-a rat-a ta1-1-rat-a ta3-1-rat-a
0
5
0 1 12 13
0 12 1 4
0 13 2 1
0 17 1 0
0 33 0 1
1
end_operator
begin_operator
push-unitarypipe s13 b9 a1 a3 b8 rat-a rat-a ta1-1-rat-a ta3-2-rat-a
0
5
0 1 12 13
0 12 1 4
0 13 2 1
0 17 1 0
0 36 0 1
1
end_operator
begin_operator
push-unitarypipe s13 b9 a1 a3 b8 rat-a rat-a ta1-2-rat-a ta3-1-rat-a
0
5
0 1 12 13
0 12 1 4
0 13 2 1
0 20 1 0
0 33 0 1
1
end_operator
begin_operator
push-unitarypipe s13 b9 a1 a3 b8 rat-a rat-a ta1-2-rat-a ta3-2-rat-a
0
5
0 1 12 13
0 12 1 4
0 13 2 1
0 20 1 0
0 36 0 1
1
end_operator
0
