Step 0 (craves prostatitis-13 pepper) (harmony triumph pluto) (craves expectation beef) (craves loneliness snickers) (craves satisfaction ham) (locale kale quebec) (locale ham alsace) (craves laceration-11 hamburger) (craves aesthetics flounder) (craves anger popover) (craves anxiety-25 arugula) (craves boils-15 pepper) (harmony satisfaction neptune) (craves jealousy melon) (locale potato quebec) (craves stimulation melon) (locale grapefruit oregon) (harmony expectation pluto) (craves dread-31 cantelope) (craves anger-7 orange) (craves dread beef) (craves loneliness-9 hamburger) (craves hangover-6 ham) (craves grief lamb) (craves boils-32 cantelope) (craves love orange) (locale tofu surrey) (craves depression snickers) (craves angina-30 cantelope) (craves jealousy-16 kale) (craves anxiety potato) (craves learning pepper) (locale orange quebec) (harmony aesthetics neptune) (harmony rest mars) (craves prostatitis popover) (craves intoxication grapefruit) (craves abrasion pork) (locale hamburger quebec) (locale snickers alsace) (locale pork kentucky) (craves boils melon) (harmony love mars) (craves hangover popover) (craves grief-26 arugula) (craves angina-3 bacon) (harmony stimulation pluto) (craves laceration snickers) (craves sciatica melon) (craves jealousy-28 grapefruit) (harmony learning mars) (craves loneliness-1 pork) (craves laceration-27 grapefruit) (craves depression-14 pepper) (craves hangover-29 grapefruit) (locale beef moravia) (craves rest pork) (locale bacon alsace) (locale cantelope quebec) (locale flounder moravia) (craves dread-8 bacon) (craves prostatitis-24 arugula) (craves abrasion-5 ham) (locale arugula moravia) (craves angina popover) (locale wurst alsace) (craves triumph tofu) (locale pepper oregon) (craves anxiety-12 pepper) (locale melon alsace) (craves grief-2 pork) (craves anger-10 hamburger) (craves sciatica-4 bacon) (locale popover oregon) (locale lamb moravia) (harmony intoxication neptune)
size: 276
overcome sciatica stimulation melon neptune pluto :: cost: 1
    add: (fears sciatica stimulation) (harmony stimulation neptune)
    del: (harmony stimulation pluto) (craves sciatica melon)
overcome jealousy stimulation melon neptune pluto :: cost: 1
    add: (harmony stimulation neptune) (fears jealousy stimulation)
    del: (craves jealousy melon) (harmony stimulation pluto)
overcome boils stimulation melon neptune pluto :: cost: 1
    add: (harmony stimulation neptune) (fears boils stimulation)
    del: (craves boils melon) (harmony stimulation pluto)
overcome dread expectation beef neptune pluto :: cost: 1
    add: (fears dread expectation) (harmony expectation neptune)
    del: (harmony expectation pluto) (craves dread beef)
overcome loneliness-1 rest pork mercury mars :: cost: 1
    add: (fears loneliness-1 rest) (harmony rest mercury)
    del: (harmony rest mars) (craves loneliness-1 pork)
overcome grief-2 rest pork mercury mars :: cost: 1
    add: (harmony rest mercury) (fears grief-2 rest)
    del: (harmony rest mars) (craves grief-2 pork)
overcome abrasion rest pork mercury mars :: cost: 1
    add: (harmony rest mercury) (fears abrasion rest)
    del: (harmony rest mars) (craves abrasion pork)
overcome anger-7 love orange mercury mars :: cost: 1
    add: (fears anger-7 love) (harmony love mercury)
    del: (craves anger-7 orange) (harmony love mars)
overcome abrasion-5 satisfaction ham mars neptune :: cost: 1
    add: (fears abrasion-5 satisfaction) (harmony satisfaction mars)
    del: (harmony satisfaction neptune) (craves abrasion-5 ham)
overcome hangover-6 satisfaction ham mars neptune :: cost: 1
    add: (harmony satisfaction mars) (fears hangover-6 satisfaction)
    del: (harmony satisfaction neptune) (craves hangover-6 ham)
overcome anxiety-12 learning pepper mercury mars :: cost: 1
    add: (fears anxiety-12 learning) (harmony learning mercury)
    del: (harmony learning mars) (craves anxiety-12 pepper)
overcome prostatitis-13 learning pepper mercury mars :: cost: 1
    add: (harmony learning mercury) (fears prostatitis-13 learning)
    del: (craves prostatitis-13 pepper) (harmony learning mars)
overcome depression-14 learning pepper mercury mars :: cost: 1
    add: (harmony learning mercury) (fears depression-14 learning)
    del: (harmony learning mars) (craves depression-14 pepper)
overcome boils-15 learning pepper mercury mars :: cost: 1
    add: (harmony learning mercury) (fears boils-15 learning)
    del: (craves boils-15 pepper) (harmony learning mars)
overcome laceration-27 intoxication grapefruit mars neptune :: cost: 1
    add: (fears laceration-27 intoxication) (harmony intoxication mars)
    del: (craves laceration-27 grapefruit) (harmony intoxication neptune)
overcome jealousy-28 intoxication grapefruit mars neptune :: cost: 1
    add: (harmony intoxication mars) (fears jealousy-28 intoxication)
    del: (craves jealousy-28 grapefruit) (harmony intoxication neptune)
overcome hangover-29 intoxication grapefruit mars neptune :: cost: 1
    add: (harmony intoxication mars) (fears hangover-29 intoxication)
    del: (craves hangover-29 grapefruit) (harmony intoxication neptune)
feast stimulation melon popover oregon alsace :: cost: 1
    add: (craves stimulation popover) (locale melon oregon)
    del: (craves stimulation melon) (locale melon alsace)
feast stimulation melon potato oregon alsace :: cost: 1
    add: (locale melon oregon) (craves stimulation potato)
    del: (craves stimulation melon) (locale melon alsace)
feast expectation beef snickers surrey moravia :: cost: 1
    add: (craves expectation snickers) (locale beef surrey)
    del: (craves expectation beef) (locale beef moravia)
feast expectation beef orange surrey moravia :: cost: 1
    add: (locale beef surrey) (craves expectation orange)
    del: (craves expectation beef) (locale beef moravia)
feast expectation beef ham surrey moravia :: cost: 1
    add: (locale beef surrey) (craves expectation ham)
    del: (craves expectation beef) (locale beef moravia)
feast expectation beef arugula surrey moravia :: cost: 1
    add: (locale beef surrey) (craves expectation arugula)
    del: (craves expectation beef) (locale beef moravia)
feast rest pork bacon alsace kentucky :: cost: 1
    add: (craves rest bacon) (locale pork alsace)
    del: (locale pork kentucky) (craves rest pork)
feast rest pork orange alsace kentucky :: cost: 1
    add: (locale pork alsace) (craves rest orange)
    del: (locale pork kentucky) (craves rest pork)
feast rest pork ham alsace kentucky :: cost: 1
    add: (locale pork alsace) (craves rest ham)
    del: (locale pork kentucky) (craves rest pork)
feast love orange beef moravia quebec :: cost: 1
    add: (craves love beef) (locale orange moravia)
    del: (craves love orange) (locale orange quebec)
feast love orange pork moravia quebec :: cost: 1
    add: (locale orange moravia) (craves love pork)
    del: (craves love orange) (locale orange quebec)
feast love orange bacon moravia quebec :: cost: 1
    add: (locale orange moravia) (craves love bacon)
    del: (craves love orange) (locale orange quebec)
feast satisfaction ham beef oregon alsace :: cost: 1
    add: (craves satisfaction beef) (locale ham oregon)
    del: (craves satisfaction ham) (locale ham alsace)
feast satisfaction ham pork oregon alsace :: cost: 1
    add: (locale ham oregon) (craves satisfaction pork)
    del: (craves satisfaction ham) (locale ham alsace)
feast learning pepper cantelope quebec oregon :: cost: 1
    add: (craves learning cantelope) (locale pepper quebec)
    del: (craves learning pepper) (locale pepper oregon)
feast learning pepper grapefruit quebec oregon :: cost: 1
    add: (locale pepper quebec) (craves learning grapefruit)
    del: (craves learning pepper) (locale pepper oregon)
feast aesthetics flounder kale surrey moravia :: cost: 1
    add: (craves aesthetics kale) (locale flounder surrey)
    del: (craves aesthetics flounder) (locale flounder moravia)
feast aesthetics flounder cantelope surrey moravia :: cost: 1
    add: (locale flounder surrey) (craves aesthetics cantelope)
    del: (craves aesthetics flounder) (locale flounder moravia)
feast intoxication grapefruit pepper quebec oregon :: cost: 1
    add: (craves intoxication pepper) (locale grapefruit quebec)
    del: (locale grapefruit oregon) (craves intoxication grapefruit)
feast intoxication grapefruit wurst quebec oregon :: cost: 1
    add: (locale grapefruit quebec) (craves intoxication wurst)
    del: (locale grapefruit oregon) (craves intoxication grapefruit)
drink snickers tofu alsace oregon quebec surrey moravia :: cost: 1
    add: (locale snickers oregon) (locale tofu moravia)
    del: (locale tofu surrey) (locale snickers alsace)
drink snickers popover alsace oregon quebec oregon alsace :: cost: 1
    add: (locale snickers oregon) (locale popover alsace)
    del: (locale snickers alsace) (locale popover oregon)
drink snickers lamb alsace oregon quebec moravia quebec :: cost: 1
    add: (locale snickers oregon) (locale lamb quebec)
    del: (locale snickers alsace) (locale lamb moravia)
drink snickers potato alsace oregon quebec quebec oregon :: cost: 1
    add: (locale snickers oregon) (locale potato oregon)
    del: (locale potato quebec) (locale snickers alsace)
drink snickers melon alsace oregon quebec alsace kentucky :: cost: 1
    add: (locale snickers oregon) (locale melon kentucky)
    del: (locale snickers alsace) (locale melon alsace)
drink snickers beef alsace oregon quebec moravia quebec :: cost: 1
    add: (locale snickers oregon) (locale beef quebec)
    del: (locale snickers alsace) (locale beef moravia)
drink snickers bacon alsace oregon quebec alsace kentucky :: cost: 1
    add: (locale snickers oregon) (locale bacon kentucky)
    del: (locale snickers alsace) (locale bacon alsace)
drink snickers orange alsace oregon quebec quebec oregon :: cost: 1
    add: (locale snickers oregon) (locale orange oregon)
    del: (locale orange quebec) (locale snickers alsace)
drink snickers ham alsace oregon quebec alsace kentucky :: cost: 1
    add: (locale snickers oregon) (locale ham kentucky)
    del: (locale ham alsace) (locale snickers alsace)
drink snickers kale alsace oregon quebec quebec oregon :: cost: 1
    add: (locale snickers oregon) (locale kale oregon)
    del: (locale kale quebec) (locale snickers alsace)
drink snickers pepper alsace oregon quebec oregon alsace :: cost: 1
    add: (locale snickers oregon) (locale pepper alsace)
    del: (locale snickers alsace) (locale pepper oregon)
drink snickers hamburger alsace oregon quebec quebec oregon :: cost: 1
    add: (locale snickers oregon) (locale hamburger oregon)
    del: (locale hamburger quebec) (locale snickers alsace)
drink snickers cantelope alsace oregon quebec quebec oregon :: cost: 1
    add: (locale snickers oregon) (locale cantelope oregon)
    del: (locale snickers alsace) (locale cantelope quebec)
drink snickers flounder alsace oregon quebec moravia quebec :: cost: 1
    add: (locale snickers oregon) (locale flounder quebec)
    del: (locale snickers alsace) (locale flounder moravia)
drink snickers grapefruit alsace oregon quebec oregon alsace :: cost: 1
    add: (locale snickers oregon) (locale grapefruit alsace)
    del: (locale grapefruit oregon) (locale snickers alsace)
drink snickers wurst alsace oregon quebec alsace kentucky :: cost: 1
    add: (locale snickers oregon) (locale wurst kentucky)
    del: (locale snickers alsace) (locale wurst alsace)
drink snickers arugula alsace oregon quebec moravia quebec :: cost: 1
    add: (locale snickers oregon) (locale arugula quebec)
    del: (locale snickers alsace) (locale arugula moravia)
drink popover tofu oregon quebec moravia surrey moravia :: cost: 1
    add: (locale tofu moravia) (locale popover quebec)
    del: (locale tofu surrey) (locale popover oregon)
drink popover snickers oregon quebec moravia alsace kentucky :: cost: 1
    add: (locale popover quebec) (locale snickers kentucky)
    del: (locale snickers alsace) (locale popover oregon)
drink popover lamb oregon quebec moravia moravia quebec :: cost: 1
    add: (locale lamb quebec) (locale popover quebec)
    del: (locale popover oregon) (locale lamb moravia)
drink popover potato oregon quebec moravia quebec oregon :: cost: 1
    add: (locale potato oregon) (locale popover quebec)
    del: (locale potato quebec) (locale popover oregon)
drink popover melon oregon quebec moravia alsace kentucky :: cost: 1
    add: (locale melon kentucky) (locale popover quebec)
    del: (locale melon alsace) (locale popover oregon)
drink popover beef oregon quebec moravia moravia quebec :: cost: 1
    add: (locale beef quebec) (locale popover quebec)
    del: (locale beef moravia) (locale popover oregon)
drink popover bacon oregon quebec moravia alsace kentucky :: cost: 1
    add: (locale bacon kentucky) (locale popover quebec)
    del: (locale bacon alsace) (locale popover oregon)
drink popover orange oregon quebec moravia quebec oregon :: cost: 1
    add: (locale orange oregon) (locale popover quebec)
    del: (locale orange quebec) (locale popover oregon)
drink popover ham oregon quebec moravia alsace kentucky :: cost: 1
    add: (locale ham kentucky) (locale popover quebec)
    del: (locale ham alsace) (locale popover oregon)
drink popover kale oregon quebec moravia quebec oregon :: cost: 1
    add: (locale kale oregon) (locale popover quebec)
    del: (locale kale quebec) (locale popover oregon)
drink popover pepper oregon quebec moravia oregon alsace :: cost: 1
    add: (locale pepper alsace) (locale popover quebec)
    del: (locale pepper oregon) (locale popover oregon)
drink popover hamburger oregon quebec moravia quebec oregon :: cost: 1
    add: (locale hamburger oregon) (locale popover quebec)
    del: (locale hamburger quebec) (locale popover oregon)
drink popover cantelope oregon quebec moravia quebec oregon :: cost: 1
    add: (locale cantelope oregon) (locale popover quebec)
    del: (locale cantelope quebec) (locale popover oregon)
drink popover flounder oregon quebec moravia moravia quebec :: cost: 1
    add: (locale flounder quebec) (locale popover quebec)
    del: (locale flounder moravia) (locale popover oregon)
drink popover grapefruit oregon quebec moravia oregon alsace :: cost: 1
    add: (locale grapefruit alsace) (locale popover quebec)
    del: (locale grapefruit oregon) (locale popover oregon)
drink popover wurst oregon quebec moravia alsace kentucky :: cost: 1
    add: (locale wurst kentucky) (locale popover quebec)
    del: (locale wurst alsace) (locale popover oregon)
drink popover arugula oregon quebec moravia moravia quebec :: cost: 1
    add: (locale arugula quebec) (locale popover quebec)
    del: (locale arugula moravia) (locale popover oregon)
drink potato tofu quebec moravia surrey surrey moravia :: cost: 1
    add: (locale tofu moravia) (locale potato moravia)
    del: (locale potato quebec) (locale tofu surrey)
drink potato snickers quebec moravia surrey alsace kentucky :: cost: 1
    add: (locale snickers kentucky) (locale potato moravia)
    del: (locale potato quebec) (locale snickers alsace)
drink potato popover quebec moravia surrey oregon alsace :: cost: 1
    add: (locale popover alsace) (locale potato moravia)
    del: (locale potato quebec) (locale popover oregon)
drink potato lamb quebec moravia surrey moravia quebec :: cost: 1
    add: (locale lamb quebec) (locale potato moravia)
    del: (locale potato quebec) (locale lamb moravia)
drink potato melon quebec moravia surrey alsace kentucky :: cost: 1
    add: (locale melon kentucky) (locale potato moravia)
    del: (locale potato quebec) (locale melon alsace)
drink potato beef quebec moravia surrey moravia quebec :: cost: 1
    add: (locale beef quebec) (locale potato moravia)
    del: (locale potato quebec) (locale beef moravia)
drink potato bacon quebec moravia surrey alsace kentucky :: cost: 1
    add: (locale bacon kentucky) (locale potato moravia)
    del: (locale potato quebec) (locale bacon alsace)
drink potato orange quebec moravia surrey quebec oregon :: cost: 1
    add: (locale orange oregon) (locale potato moravia)
    del: (locale potato quebec) (locale orange quebec)
drink potato ham quebec moravia surrey alsace kentucky :: cost: 1
    add: (locale ham kentucky) (locale potato moravia)
    del: (locale ham alsace) (locale potato quebec)
drink potato kale quebec moravia surrey quebec oregon :: cost: 1
    add: (locale kale oregon) (locale potato moravia)
    del: (locale kale quebec) (locale potato quebec)
drink potato pepper quebec moravia surrey oregon alsace :: cost: 1
    add: (locale pepper alsace) (locale potato moravia)
    del: (locale potato quebec) (locale pepper oregon)
drink potato hamburger quebec moravia surrey quebec oregon :: cost: 1
    add: (locale hamburger oregon) (locale potato moravia)
    del: (locale potato quebec) (locale hamburger quebec)
drink potato cantelope quebec moravia surrey quebec oregon :: cost: 1
    add: (locale cantelope oregon) (locale potato moravia)
    del: (locale potato quebec) (locale cantelope quebec)
drink potato flounder quebec moravia surrey moravia quebec :: cost: 1
    add: (locale flounder quebec) (locale potato moravia)
    del: (locale potato quebec) (locale flounder moravia)
drink potato grapefruit quebec moravia surrey oregon alsace :: cost: 1
    add: (locale grapefruit alsace) (locale potato moravia)
    del: (locale potato quebec) (locale grapefruit oregon)
drink potato wurst quebec moravia surrey alsace kentucky :: cost: 1
    add: (locale wurst kentucky) (locale potato moravia)
    del: (locale potato quebec) (locale wurst alsace)
drink potato arugula quebec moravia surrey moravia quebec :: cost: 1
    add: (locale arugula quebec) (locale potato moravia)
    del: (locale potato quebec) (locale arugula moravia)
drink melon tofu alsace oregon quebec surrey moravia :: cost: 1
    add: (locale melon oregon) (locale tofu moravia)
    del: (locale tofu surrey) (locale melon alsace)
drink melon snickers alsace oregon quebec alsace kentucky :: cost: 1
    add: (locale melon oregon) (locale snickers kentucky)
    del: (locale snickers alsace) (locale melon alsace)
drink melon popover alsace oregon quebec oregon alsace :: cost: 1
    add: (locale melon oregon) (locale popover alsace)
    del: (locale melon alsace) (locale popover oregon)
drink melon lamb alsace oregon quebec moravia quebec :: cost: 1
    add: (locale melon oregon) (locale lamb quebec)
    del: (locale melon alsace) (locale lamb moravia)
drink melon potato alsace oregon quebec quebec oregon :: cost: 1
    add: (locale melon oregon) (locale potato oregon)
    del: (locale potato quebec) (locale melon alsace)
drink melon beef alsace oregon quebec moravia quebec :: cost: 1
    add: (locale melon oregon) (locale beef quebec)
    del: (locale beef moravia) (locale melon alsace)
drink melon bacon alsace oregon quebec alsace kentucky :: cost: 1
    add: (locale melon oregon) (locale bacon kentucky)
    del: (locale bacon alsace) (locale melon alsace)
drink melon orange alsace oregon quebec quebec oregon :: cost: 1
    add: (locale melon oregon) (locale orange oregon)
    del: (locale orange quebec) (locale melon alsace)
drink melon ham alsace oregon quebec alsace kentucky :: cost: 1
    add: (locale melon oregon) (locale ham kentucky)
    del: (locale ham alsace) (locale melon alsace)
drink melon kale alsace oregon quebec quebec oregon :: cost: 1
    add: (locale melon oregon) (locale kale oregon)
    del: (locale kale quebec) (locale melon alsace)
drink melon pepper alsace oregon quebec oregon alsace :: cost: 1
    add: (locale melon oregon) (locale pepper alsace)
    del: (locale pepper oregon) (locale melon alsace)
drink melon hamburger alsace oregon quebec quebec oregon :: cost: 1
    add: (locale melon oregon) (locale hamburger oregon)
    del: (locale hamburger quebec) (locale melon alsace)
drink melon cantelope alsace oregon quebec quebec oregon :: cost: 1
    add: (locale melon oregon) (locale cantelope oregon)
    del: (locale cantelope quebec) (locale melon alsace)
drink melon flounder alsace oregon quebec moravia quebec :: cost: 1
    add: (locale melon oregon) (locale flounder quebec)
    del: (locale flounder moravia) (locale melon alsace)
drink melon grapefruit alsace oregon quebec oregon alsace :: cost: 1
    add: (locale melon oregon) (locale grapefruit alsace)
    del: (locale grapefruit oregon) (locale melon alsace)
drink melon wurst alsace oregon quebec alsace kentucky :: cost: 1
    add: (locale melon oregon) (locale wurst kentucky)
    del: (locale wurst alsace) (locale melon alsace)
drink melon arugula alsace oregon quebec moravia quebec :: cost: 1
    add: (locale melon oregon) (locale arugula quebec)
    del: (locale arugula moravia) (locale melon alsace)
drink pork tofu kentucky alsace oregon surrey moravia :: cost: 1
    add: (locale pork alsace) (locale tofu moravia)
    del: (locale tofu surrey) (locale pork kentucky)
drink pork snickers kentucky alsace oregon alsace kentucky :: cost: 1
    add: (locale pork alsace) (locale snickers kentucky)
    del: (locale snickers alsace) (locale pork kentucky)
drink pork popover kentucky alsace oregon oregon alsace :: cost: 1
    add: (locale pork alsace) (locale popover alsace)
    del: (locale pork kentucky) (locale popover oregon)
drink pork lamb kentucky alsace oregon moravia quebec :: cost: 1
    add: (locale pork alsace) (locale lamb quebec)
    del: (locale pork kentucky) (locale lamb moravia)
drink pork potato kentucky alsace oregon quebec oregon :: cost: 1
    add: (locale pork alsace) (locale potato oregon)
    del: (locale potato quebec) (locale pork kentucky)
drink pork melon kentucky alsace oregon alsace kentucky :: cost: 1
    add: (locale pork alsace) (locale melon kentucky)
    del: (locale pork kentucky) (locale melon alsace)
drink pork beef kentucky alsace oregon moravia quebec :: cost: 1
    add: (locale pork alsace) (locale beef quebec)
    del: (locale pork kentucky) (locale beef moravia)
drink pork bacon kentucky alsace oregon alsace kentucky :: cost: 1
    add: (locale pork alsace) (locale bacon kentucky)
    del: (locale pork kentucky) (locale bacon alsace)
drink pork orange kentucky alsace oregon quebec oregon :: cost: 1
    add: (locale pork alsace) (locale orange oregon)
    del: (locale orange quebec) (locale pork kentucky)
drink pork ham kentucky alsace oregon alsace kentucky :: cost: 1
    add: (locale pork alsace) (locale ham kentucky)
    del: (locale ham alsace) (locale pork kentucky)
drink pork kale kentucky alsace oregon quebec oregon :: cost: 1
    add: (locale pork alsace) (locale kale oregon)
    del: (locale kale quebec) (locale pork kentucky)
drink pork pepper kentucky alsace oregon oregon alsace :: cost: 1
    add: (locale pork alsace) (locale pepper alsace)
    del: (locale pork kentucky) (locale pepper oregon)
drink pork hamburger kentucky alsace oregon quebec oregon :: cost: 1
    add: (locale pork alsace) (locale hamburger oregon)
    del: (locale hamburger quebec) (locale pork kentucky)
drink pork cantelope kentucky alsace oregon quebec oregon :: cost: 1
    add: (locale pork alsace) (locale cantelope oregon)
    del: (locale pork kentucky) (locale cantelope quebec)
drink pork flounder kentucky alsace oregon moravia quebec :: cost: 1
    add: (locale pork alsace) (locale flounder quebec)
    del: (locale pork kentucky) (locale flounder moravia)
drink pork grapefruit kentucky alsace oregon oregon alsace :: cost: 1
    add: (locale pork alsace) (locale grapefruit alsace)
    del: (locale grapefruit oregon) (locale pork kentucky)
drink pork wurst kentucky alsace oregon alsace kentucky :: cost: 1
    add: (locale pork alsace) (locale wurst kentucky)
    del: (locale pork kentucky) (locale wurst alsace)
drink pork arugula kentucky alsace oregon moravia quebec :: cost: 1
    add: (locale pork alsace) (locale arugula quebec)
    del: (locale pork kentucky) (locale arugula moravia)
drink bacon tofu alsace oregon quebec surrey moravia :: cost: 1
    add: (locale tofu moravia) (locale bacon oregon)
    del: (locale tofu surrey) (locale bacon alsace)
drink bacon snickers alsace oregon quebec alsace kentucky :: cost: 1
    add: (locale snickers kentucky) (locale bacon oregon)
    del: (locale snickers alsace) (locale bacon alsace)
drink bacon popover alsace oregon quebec oregon alsace :: cost: 1
    add: (locale popover alsace) (locale bacon oregon)
    del: (locale bacon alsace) (locale popover oregon)
drink bacon lamb alsace oregon quebec moravia quebec :: cost: 1
    add: (locale lamb quebec) (locale bacon oregon)
    del: (locale bacon alsace) (locale lamb moravia)
drink bacon potato alsace oregon quebec quebec oregon :: cost: 1
    add: (locale potato oregon) (locale bacon oregon)
    del: (locale potato quebec) (locale bacon alsace)
drink bacon melon alsace oregon quebec alsace kentucky :: cost: 1
    add: (locale melon kentucky) (locale bacon oregon)
    del: (locale bacon alsace) (locale melon alsace)
drink bacon beef alsace oregon quebec moravia quebec :: cost: 1
    add: (locale beef quebec) (locale bacon oregon)
    del: (locale beef moravia) (locale bacon alsace)
drink bacon orange alsace oregon quebec quebec oregon :: cost: 1
    add: (locale orange oregon) (locale bacon oregon)
    del: (locale orange quebec) (locale bacon alsace)
drink bacon ham alsace oregon quebec alsace kentucky :: cost: 1
    add: (locale ham kentucky) (locale bacon oregon)
    del: (locale ham alsace) (locale bacon alsace)
drink bacon kale alsace oregon quebec quebec oregon :: cost: 1
    add: (locale kale oregon) (locale bacon oregon)
    del: (locale kale quebec) (locale bacon alsace)
drink bacon pepper alsace oregon quebec oregon alsace :: cost: 1
    add: (locale pepper alsace) (locale bacon oregon)
    del: (locale bacon alsace) (locale pepper oregon)
drink bacon hamburger alsace oregon quebec quebec oregon :: cost: 1
    add: (locale hamburger oregon) (locale bacon oregon)
    del: (locale hamburger quebec) (locale bacon alsace)
drink bacon cantelope alsace oregon quebec quebec oregon :: cost: 1
    add: (locale cantelope oregon) (locale bacon oregon)
    del: (locale bacon alsace) (locale cantelope quebec)
drink bacon flounder alsace oregon quebec moravia quebec :: cost: 1
    add: (locale flounder quebec) (locale bacon oregon)
    del: (locale bacon alsace) (locale flounder moravia)
drink bacon grapefruit alsace oregon quebec oregon alsace :: cost: 1
    add: (locale grapefruit alsace) (locale bacon oregon)
    del: (locale grapefruit oregon) (locale bacon alsace)
drink bacon wurst alsace oregon quebec alsace kentucky :: cost: 1
    add: (locale wurst kentucky) (locale bacon oregon)
    del: (locale bacon alsace) (locale wurst alsace)
drink bacon arugula alsace oregon quebec moravia quebec :: cost: 1
    add: (locale arugula quebec) (locale bacon oregon)
    del: (locale bacon alsace) (locale arugula moravia)
drink orange tofu quebec moravia surrey surrey moravia :: cost: 1
    add: (locale orange moravia) (locale tofu moravia)
    del: (locale tofu surrey) (locale orange quebec)
drink orange snickers quebec moravia surrey alsace kentucky :: cost: 1
    add: (locale orange moravia) (locale snickers kentucky)
    del: (locale orange quebec) (locale snickers alsace)
drink orange popover quebec moravia surrey oregon alsace :: cost: 1
    add: (locale orange moravia) (locale popover alsace)
    del: (locale orange quebec) (locale popover oregon)
drink orange lamb quebec moravia surrey moravia quebec :: cost: 1
    add: (locale orange moravia) (locale lamb quebec)
    del: (locale orange quebec) (locale lamb moravia)
drink orange potato quebec moravia surrey quebec oregon :: cost: 1
    add: (locale orange moravia) (locale potato oregon)
    del: (locale potato quebec) (locale orange quebec)
drink orange melon quebec moravia surrey alsace kentucky :: cost: 1
    add: (locale orange moravia) (locale melon kentucky)
    del: (locale orange quebec) (locale melon alsace)
drink orange beef quebec moravia surrey moravia quebec :: cost: 1
    add: (locale orange moravia) (locale beef quebec)
    del: (locale orange quebec) (locale beef moravia)
drink orange bacon quebec moravia surrey alsace kentucky :: cost: 1
    add: (locale orange moravia) (locale bacon kentucky)
    del: (locale orange quebec) (locale bacon alsace)
drink orange ham quebec moravia surrey alsace kentucky :: cost: 1
    add: (locale orange moravia) (locale ham kentucky)
    del: (locale ham alsace) (locale orange quebec)
drink orange kale quebec moravia surrey quebec oregon :: cost: 1
    add: (locale orange moravia) (locale kale oregon)
    del: (locale kale quebec) (locale orange quebec)
drink orange pepper quebec moravia surrey oregon alsace :: cost: 1
    add: (locale orange moravia) (locale pepper alsace)
    del: (locale orange quebec) (locale pepper oregon)
drink orange hamburger quebec moravia surrey quebec oregon :: cost: 1
    add: (locale orange moravia) (locale hamburger oregon)
    del: (locale orange quebec) (locale hamburger quebec)
drink orange cantelope quebec moravia surrey quebec oregon :: cost: 1
    add: (locale orange moravia) (locale cantelope oregon)
    del: (locale orange quebec) (locale cantelope quebec)
drink orange flounder quebec moravia surrey moravia quebec :: cost: 1
    add: (locale orange moravia) (locale flounder quebec)
    del: (locale orange quebec) (locale flounder moravia)
drink orange grapefruit quebec moravia surrey oregon alsace :: cost: 1
    add: (locale orange moravia) (locale grapefruit alsace)
    del: (locale grapefruit oregon) (locale orange quebec)
drink orange wurst quebec moravia surrey alsace kentucky :: cost: 1
    add: (locale orange moravia) (locale wurst kentucky)
    del: (locale orange quebec) (locale wurst alsace)
drink orange arugula quebec moravia surrey moravia quebec :: cost: 1
    add: (locale orange moravia) (locale arugula quebec)
    del: (locale orange quebec) (locale arugula moravia)
drink ham tofu alsace oregon quebec surrey moravia :: cost: 1
    add: (locale ham oregon) (locale tofu moravia)
    del: (locale ham alsace) (locale tofu surrey)
drink ham snickers alsace oregon quebec alsace kentucky :: cost: 1
    add: (locale ham oregon) (locale snickers kentucky)
    del: (locale ham alsace) (locale snickers alsace)
drink ham popover alsace oregon quebec oregon alsace :: cost: 1
    add: (locale ham oregon) (locale popover alsace)
    del: (locale ham alsace) (locale popover oregon)
drink ham lamb alsace oregon quebec moravia quebec :: cost: 1
    add: (locale ham oregon) (locale lamb quebec)
    del: (locale ham alsace) (locale lamb moravia)
drink ham potato alsace oregon quebec quebec oregon :: cost: 1
    add: (locale ham oregon) (locale potato oregon)
    del: (locale ham alsace) (locale potato quebec)
drink ham melon alsace oregon quebec alsace kentucky :: cost: 1
    add: (locale ham oregon) (locale melon kentucky)
    del: (locale ham alsace) (locale melon alsace)
drink ham beef alsace oregon quebec moravia quebec :: cost: 1
    add: (locale ham oregon) (locale beef quebec)
    del: (locale ham alsace) (locale beef moravia)
drink ham bacon alsace oregon quebec alsace kentucky :: cost: 1
    add: (locale ham oregon) (locale bacon kentucky)
    del: (locale ham alsace) (locale bacon alsace)
drink ham orange alsace oregon quebec quebec oregon :: cost: 1
    add: (locale ham oregon) (locale orange oregon)
    del: (locale ham alsace) (locale orange quebec)
drink ham kale alsace oregon quebec quebec oregon :: cost: 1
    add: (locale ham oregon) (locale kale oregon)
    del: (locale kale quebec) (locale ham alsace)
drink ham pepper alsace oregon quebec oregon alsace :: cost: 1
    add: (locale ham oregon) (locale pepper alsace)
    del: (locale ham alsace) (locale pepper oregon)
drink ham hamburger alsace oregon quebec quebec oregon :: cost: 1
    add: (locale ham oregon) (locale hamburger oregon)
    del: (locale ham alsace) (locale hamburger quebec)
drink ham cantelope alsace oregon quebec quebec oregon :: cost: 1
    add: (locale ham oregon) (locale cantelope oregon)
    del: (locale ham alsace) (locale cantelope quebec)
drink ham flounder alsace oregon quebec moravia quebec :: cost: 1
    add: (locale ham oregon) (locale flounder quebec)
    del: (locale ham alsace) (locale flounder moravia)
drink ham grapefruit alsace oregon quebec oregon alsace :: cost: 1
    add: (locale ham oregon) (locale grapefruit alsace)
    del: (locale ham alsace) (locale grapefruit oregon)
drink ham wurst alsace oregon quebec alsace kentucky :: cost: 1
    add: (locale ham oregon) (locale wurst kentucky)
    del: (locale ham alsace) (locale wurst alsace)
drink ham arugula alsace oregon quebec moravia quebec :: cost: 1
    add: (locale ham oregon) (locale arugula quebec)
    del: (locale ham alsace) (locale arugula moravia)
drink kale tofu quebec moravia surrey surrey moravia :: cost: 1
    add: (locale tofu moravia) (locale kale moravia)
    del: (locale kale quebec) (locale tofu surrey)
drink kale snickers quebec moravia surrey alsace kentucky :: cost: 1
    add: (locale snickers kentucky) (locale kale moravia)
    del: (locale kale quebec) (locale snickers alsace)
drink kale popover quebec moravia surrey oregon alsace :: cost: 1
    add: (locale popover alsace) (locale kale moravia)
    del: (locale kale quebec) (locale popover oregon)
drink kale lamb quebec moravia surrey moravia quebec :: cost: 1
    add: (locale lamb quebec) (locale kale moravia)
    del: (locale kale quebec) (locale lamb moravia)
drink kale potato quebec moravia surrey quebec oregon :: cost: 1
    add: (locale potato oregon) (locale kale moravia)
    del: (locale kale quebec) (locale potato quebec)
drink kale melon quebec moravia surrey alsace kentucky :: cost: 1
    add: (locale melon kentucky) (locale kale moravia)
    del: (locale kale quebec) (locale melon alsace)
drink kale beef quebec moravia surrey moravia quebec :: cost: 1
    add: (locale beef quebec) (locale kale moravia)
    del: (locale kale quebec) (locale beef moravia)
drink kale bacon quebec moravia surrey alsace kentucky :: cost: 1
    add: (locale bacon kentucky) (locale kale moravia)
    del: (locale kale quebec) (locale bacon alsace)
drink kale orange quebec moravia surrey quebec oregon :: cost: 1
    add: (locale orange oregon) (locale kale moravia)
    del: (locale kale quebec) (locale orange quebec)
drink kale ham quebec moravia surrey alsace kentucky :: cost: 1
    add: (locale ham kentucky) (locale kale moravia)
    del: (locale kale quebec) (locale ham alsace)
drink kale pepper quebec moravia surrey oregon alsace :: cost: 1
    add: (locale pepper alsace) (locale kale moravia)
    del: (locale kale quebec) (locale pepper oregon)
drink kale hamburger quebec moravia surrey quebec oregon :: cost: 1
    add: (locale hamburger oregon) (locale kale moravia)
    del: (locale kale quebec) (locale hamburger quebec)
drink kale cantelope quebec moravia surrey quebec oregon :: cost: 1
    add: (locale cantelope oregon) (locale kale moravia)
    del: (locale kale quebec) (locale cantelope quebec)
drink kale flounder quebec moravia surrey moravia quebec :: cost: 1
    add: (locale flounder quebec) (locale kale moravia)
    del: (locale kale quebec) (locale flounder moravia)
drink kale grapefruit quebec moravia surrey oregon alsace :: cost: 1
    add: (locale grapefruit alsace) (locale kale moravia)
    del: (locale kale quebec) (locale grapefruit oregon)
drink kale wurst quebec moravia surrey alsace kentucky :: cost: 1
    add: (locale wurst kentucky) (locale kale moravia)
    del: (locale kale quebec) (locale wurst alsace)
drink kale arugula quebec moravia surrey moravia quebec :: cost: 1
    add: (locale arugula quebec) (locale kale moravia)
    del: (locale kale quebec) (locale arugula moravia)
drink pepper tofu oregon quebec moravia surrey moravia :: cost: 1
    add: (locale pepper quebec) (locale tofu moravia)
    del: (locale tofu surrey) (locale pepper oregon)
drink pepper snickers oregon quebec moravia alsace kentucky :: cost: 1
    add: (locale pepper quebec) (locale snickers kentucky)
    del: (locale snickers alsace) (locale pepper oregon)
drink pepper popover oregon quebec moravia oregon alsace :: cost: 1
    add: (locale pepper quebec) (locale popover alsace)
    del: (locale pepper oregon) (locale popover oregon)
drink pepper lamb oregon quebec moravia moravia quebec :: cost: 1
    add: (locale pepper quebec) (locale lamb quebec)
    del: (locale pepper oregon) (locale lamb moravia)
drink pepper potato oregon quebec moravia quebec oregon :: cost: 1
    add: (locale pepper quebec) (locale potato oregon)
    del: (locale potato quebec) (locale pepper oregon)
drink pepper melon oregon quebec moravia alsace kentucky :: cost: 1
    add: (locale pepper quebec) (locale melon kentucky)
    del: (locale pepper oregon) (locale melon alsace)
drink pepper beef oregon quebec moravia moravia quebec :: cost: 1
    add: (locale pepper quebec) (locale beef quebec)
    del: (locale beef moravia) (locale pepper oregon)
drink pepper bacon oregon quebec moravia alsace kentucky :: cost: 1
    add: (locale pepper quebec) (locale bacon kentucky)
    del: (locale bacon alsace) (locale pepper oregon)
drink pepper orange oregon quebec moravia quebec oregon :: cost: 1
    add: (locale pepper quebec) (locale orange oregon)
    del: (locale orange quebec) (locale pepper oregon)
drink pepper ham oregon quebec moravia alsace kentucky :: cost: 1
    add: (locale pepper quebec) (locale ham kentucky)
    del: (locale ham alsace) (locale pepper oregon)
drink pepper kale oregon quebec moravia quebec oregon :: cost: 1
    add: (locale pepper quebec) (locale kale oregon)
    del: (locale kale quebec) (locale pepper oregon)
drink pepper hamburger oregon quebec moravia quebec oregon :: cost: 1
    add: (locale pepper quebec) (locale hamburger oregon)
    del: (locale hamburger quebec) (locale pepper oregon)
drink pepper cantelope oregon quebec moravia quebec oregon :: cost: 1
    add: (locale pepper quebec) (locale cantelope oregon)
    del: (locale cantelope quebec) (locale pepper oregon)
drink pepper flounder oregon quebec moravia moravia quebec :: cost: 1
    add: (locale pepper quebec) (locale flounder quebec)
    del: (locale flounder moravia) (locale pepper oregon)
drink pepper grapefruit oregon quebec moravia oregon alsace :: cost: 1
    add: (locale pepper quebec) (locale grapefruit alsace)
    del: (locale grapefruit oregon) (locale pepper oregon)
drink pepper wurst oregon quebec moravia alsace kentucky :: cost: 1
    add: (locale pepper quebec) (locale wurst kentucky)
    del: (locale wurst alsace) (locale pepper oregon)
drink pepper arugula oregon quebec moravia moravia quebec :: cost: 1
    add: (locale pepper quebec) (locale arugula quebec)
    del: (locale arugula moravia) (locale pepper oregon)
drink hamburger tofu quebec moravia surrey surrey moravia :: cost: 1
    add: (locale tofu moravia) (locale hamburger moravia)
    del: (locale tofu surrey) (locale hamburger quebec)
drink hamburger snickers quebec moravia surrey alsace kentucky :: cost: 1
    add: (locale snickers kentucky) (locale hamburger moravia)
    del: (locale hamburger quebec) (locale snickers alsace)
drink hamburger popover quebec moravia surrey oregon alsace :: cost: 1
    add: (locale popover alsace) (locale hamburger moravia)
    del: (locale hamburger quebec) (locale popover oregon)
drink hamburger lamb quebec moravia surrey moravia quebec :: cost: 1
    add: (locale lamb quebec) (locale hamburger moravia)
    del: (locale hamburger quebec) (locale lamb moravia)
drink hamburger potato quebec moravia surrey quebec oregon :: cost: 1
    add: (locale potato oregon) (locale hamburger moravia)
    del: (locale potato quebec) (locale hamburger quebec)
drink hamburger melon quebec moravia surrey alsace kentucky :: cost: 1
    add: (locale melon kentucky) (locale hamburger moravia)
    del: (locale hamburger quebec) (locale melon alsace)
drink hamburger beef quebec moravia surrey moravia quebec :: cost: 1
    add: (locale beef quebec) (locale hamburger moravia)
    del: (locale hamburger quebec) (locale beef moravia)
drink hamburger bacon quebec moravia surrey alsace kentucky :: cost: 1
    add: (locale bacon kentucky) (locale hamburger moravia)
    del: (locale hamburger quebec) (locale bacon alsace)
drink hamburger orange quebec moravia surrey quebec oregon :: cost: 1
    add: (locale orange oregon) (locale hamburger moravia)
    del: (locale orange quebec) (locale hamburger quebec)
drink hamburger ham quebec moravia surrey alsace kentucky :: cost: 1
    add: (locale ham kentucky) (locale hamburger moravia)
    del: (locale ham alsace) (locale hamburger quebec)
drink hamburger kale quebec moravia surrey quebec oregon :: cost: 1
    add: (locale kale oregon) (locale hamburger moravia)
    del: (locale kale quebec) (locale hamburger quebec)
drink hamburger pepper quebec moravia surrey oregon alsace :: cost: 1
    add: (locale pepper alsace) (locale hamburger moravia)
    del: (locale hamburger quebec) (locale pepper oregon)
drink hamburger cantelope quebec moravia surrey quebec oregon :: cost: 1
    add: (locale cantelope oregon) (locale hamburger moravia)
    del: (locale hamburger quebec) (locale cantelope quebec)
drink hamburger flounder quebec moravia surrey moravia quebec :: cost: 1
    add: (locale flounder quebec) (locale hamburger moravia)
    del: (locale hamburger quebec) (locale flounder moravia)
drink hamburger grapefruit quebec moravia surrey oregon alsace :: cost: 1
    add: (locale grapefruit alsace) (locale hamburger moravia)
    del: (locale grapefruit oregon) (locale hamburger quebec)
drink hamburger wurst quebec moravia surrey alsace kentucky :: cost: 1
    add: (locale wurst kentucky) (locale hamburger moravia)
    del: (locale hamburger quebec) (locale wurst alsace)
drink hamburger arugula quebec moravia surrey moravia quebec :: cost: 1
    add: (locale arugula quebec) (locale hamburger moravia)
    del: (locale hamburger quebec) (locale arugula moravia)
drink cantelope tofu quebec moravia surrey surrey moravia :: cost: 1
    add: (locale tofu moravia) (locale cantelope moravia)
    del: (locale tofu surrey) (locale cantelope quebec)
drink cantelope snickers quebec moravia surrey alsace kentucky :: cost: 1
    add: (locale snickers kentucky) (locale cantelope moravia)
    del: (locale snickers alsace) (locale cantelope quebec)
drink cantelope popover quebec moravia surrey oregon alsace :: cost: 1
    add: (locale popover alsace) (locale cantelope moravia)
    del: (locale cantelope quebec) (locale popover oregon)
drink cantelope lamb quebec moravia surrey moravia quebec :: cost: 1
    add: (locale lamb quebec) (locale cantelope moravia)
    del: (locale cantelope quebec) (locale lamb moravia)
drink cantelope potato quebec moravia surrey quebec oregon :: cost: 1
    add: (locale potato oregon) (locale cantelope moravia)
    del: (locale potato quebec) (locale cantelope quebec)
drink cantelope melon quebec moravia surrey alsace kentucky :: cost: 1
    add: (locale melon kentucky) (locale cantelope moravia)
    del: (locale cantelope quebec) (locale melon alsace)
drink cantelope beef quebec moravia surrey moravia quebec :: cost: 1
    add: (locale beef quebec) (locale cantelope moravia)
    del: (locale beef moravia) (locale cantelope quebec)
drink cantelope bacon quebec moravia surrey alsace kentucky :: cost: 1
    add: (locale bacon kentucky) (locale cantelope moravia)
    del: (locale bacon alsace) (locale cantelope quebec)
drink cantelope orange quebec moravia surrey quebec oregon :: cost: 1
    add: (locale orange oregon) (locale cantelope moravia)
    del: (locale orange quebec) (locale cantelope quebec)
drink cantelope ham quebec moravia surrey alsace kentucky :: cost: 1
    add: (locale ham kentucky) (locale cantelope moravia)
    del: (locale ham alsace) (locale cantelope quebec)
drink cantelope kale quebec moravia surrey quebec oregon :: cost: 1
    add: (locale kale oregon) (locale cantelope moravia)
    del: (locale kale quebec) (locale cantelope quebec)
drink cantelope pepper quebec moravia surrey oregon alsace :: cost: 1
    add: (locale pepper alsace) (locale cantelope moravia)
    del: (locale cantelope quebec) (locale pepper oregon)
drink cantelope hamburger quebec moravia surrey quebec oregon :: cost: 1
    add: (locale hamburger oregon) (locale cantelope moravia)
    del: (locale hamburger quebec) (locale cantelope quebec)
drink cantelope flounder quebec moravia surrey moravia quebec :: cost: 1
    add: (locale flounder quebec) (locale cantelope moravia)
    del: (locale cantelope quebec) (locale flounder moravia)
drink cantelope grapefruit quebec moravia surrey oregon alsace :: cost: 1
    add: (locale grapefruit alsace) (locale cantelope moravia)
    del: (locale grapefruit oregon) (locale cantelope quebec)
drink cantelope wurst quebec moravia surrey alsace kentucky :: cost: 1
    add: (locale wurst kentucky) (locale cantelope moravia)
    del: (locale cantelope quebec) (locale wurst alsace)
drink cantelope arugula quebec moravia surrey moravia quebec :: cost: 1
    add: (locale arugula quebec) (locale cantelope moravia)
    del: (locale cantelope quebec) (locale arugula moravia)
drink grapefruit tofu oregon quebec moravia surrey moravia :: cost: 1
    add: (locale grapefruit quebec) (locale tofu moravia)
    del: (locale grapefruit oregon) (locale tofu surrey)
drink grapefruit snickers oregon quebec moravia alsace kentucky :: cost: 1
    add: (locale grapefruit quebec) (locale snickers kentucky)
    del: (locale grapefruit oregon) (locale snickers alsace)
drink grapefruit popover oregon quebec moravia oregon alsace :: cost: 1
    add: (locale grapefruit quebec) (locale popover alsace)
    del: (locale grapefruit oregon) (locale popover oregon)
drink grapefruit lamb oregon quebec moravia moravia quebec :: cost: 1
    add: (locale grapefruit quebec) (locale lamb quebec)
    del: (locale grapefruit oregon) (locale lamb moravia)
drink grapefruit potato oregon quebec moravia quebec oregon :: cost: 1
    add: (locale grapefruit quebec) (locale potato oregon)
    del: (locale potato quebec) (locale grapefruit oregon)
drink grapefruit melon oregon quebec moravia alsace kentucky :: cost: 1
    add: (locale grapefruit quebec) (locale melon kentucky)
    del: (locale grapefruit oregon) (locale melon alsace)
drink grapefruit beef oregon quebec moravia moravia quebec :: cost: 1
    add: (locale grapefruit quebec) (locale beef quebec)
    del: (locale grapefruit oregon) (locale beef moravia)
drink grapefruit bacon oregon quebec moravia alsace kentucky :: cost: 1
    add: (locale grapefruit quebec) (locale bacon kentucky)
    del: (locale grapefruit oregon) (locale bacon alsace)
drink grapefruit orange oregon quebec moravia quebec oregon :: cost: 1
    add: (locale grapefruit quebec) (locale orange oregon)
    del: (locale grapefruit oregon) (locale orange quebec)
drink grapefruit ham oregon quebec moravia alsace kentucky :: cost: 1
    add: (locale grapefruit quebec) (locale ham kentucky)
    del: (locale ham alsace) (locale grapefruit oregon)
drink grapefruit kale oregon quebec moravia quebec oregon :: cost: 1
    add: (locale grapefruit quebec) (locale kale oregon)
    del: (locale kale quebec) (locale grapefruit oregon)
drink grapefruit pepper oregon quebec moravia oregon alsace :: cost: 1
    add: (locale grapefruit quebec) (locale pepper alsace)
    del: (locale grapefruit oregon) (locale pepper oregon)
drink grapefruit hamburger oregon quebec moravia quebec oregon :: cost: 1
    add: (locale grapefruit quebec) (locale hamburger oregon)
    del: (locale grapefruit oregon) (locale hamburger quebec)
drink grapefruit cantelope oregon quebec moravia quebec oregon :: cost: 1
    add: (locale grapefruit quebec) (locale cantelope oregon)
    del: (locale grapefruit oregon) (locale cantelope quebec)
drink grapefruit flounder oregon quebec moravia moravia quebec :: cost: 1
    add: (locale grapefruit quebec) (locale flounder quebec)
    del: (locale grapefruit oregon) (locale flounder moravia)
drink grapefruit wurst oregon quebec moravia alsace kentucky :: cost: 1
    add: (locale grapefruit quebec) (locale wurst kentucky)
    del: (locale grapefruit oregon) (locale wurst alsace)
drink grapefruit arugula oregon quebec moravia moravia quebec :: cost: 1
    add: (locale grapefruit quebec) (locale arugula quebec)
    del: (locale grapefruit oregon) (locale arugula moravia)
drink wurst tofu alsace oregon quebec surrey moravia :: cost: 1
    add: (locale tofu moravia) (locale wurst oregon)
    del: (locale tofu surrey) (locale wurst alsace)
drink wurst snickers alsace oregon quebec alsace kentucky :: cost: 1
    add: (locale snickers kentucky) (locale wurst oregon)
    del: (locale snickers alsace) (locale wurst alsace)
drink wurst popover alsace oregon quebec oregon alsace :: cost: 1
    add: (locale popover alsace) (locale wurst oregon)
    del: (locale wurst alsace) (locale popover oregon)
drink wurst lamb alsace oregon quebec moravia quebec :: cost: 1
    add: (locale lamb quebec) (locale wurst oregon)
    del: (locale wurst alsace) (locale lamb moravia)
drink wurst potato alsace oregon quebec quebec oregon :: cost: 1
    add: (locale potato oregon) (locale wurst oregon)
    del: (locale potato quebec) (locale wurst alsace)
drink wurst melon alsace oregon quebec alsace kentucky :: cost: 1
    add: (locale melon kentucky) (locale wurst oregon)
    del: (locale wurst alsace) (locale melon alsace)
drink wurst beef alsace oregon quebec moravia quebec :: cost: 1
    add: (locale beef quebec) (locale wurst oregon)
    del: (locale beef moravia) (locale wurst alsace)
drink wurst bacon alsace oregon quebec alsace kentucky :: cost: 1
    add: (locale bacon kentucky) (locale wurst oregon)
    del: (locale bacon alsace) (locale wurst alsace)
drink wurst orange alsace oregon quebec quebec oregon :: cost: 1
    add: (locale orange oregon) (locale wurst oregon)
    del: (locale orange quebec) (locale wurst alsace)
drink wurst ham alsace oregon quebec alsace kentucky :: cost: 1
    add: (locale ham kentucky) (locale wurst oregon)
    del: (locale ham alsace) (locale wurst alsace)
drink wurst kale alsace oregon quebec quebec oregon :: cost: 1
    add: (locale kale oregon) (locale wurst oregon)
    del: (locale kale quebec) (locale wurst alsace)
drink wurst pepper alsace oregon quebec oregon alsace :: cost: 1
    add: (locale pepper alsace) (locale wurst oregon)
    del: (locale wurst alsace) (locale pepper oregon)
drink wurst hamburger alsace oregon quebec quebec oregon :: cost: 1
    add: (locale hamburger oregon) (locale wurst oregon)
    del: (locale hamburger quebec) (locale wurst alsace)
drink wurst cantelope alsace oregon quebec quebec oregon :: cost: 1
    add: (locale cantelope oregon) (locale wurst oregon)
    del: (locale cantelope quebec) (locale wurst alsace)
drink wurst flounder alsace oregon quebec moravia quebec :: cost: 1
    add: (locale flounder quebec) (locale wurst oregon)
    del: (locale flounder moravia) (locale wurst alsace)
drink wurst grapefruit alsace oregon quebec oregon alsace :: cost: 1
    add: (locale grapefruit alsace) (locale wurst oregon)
    del: (locale grapefruit oregon) (locale wurst alsace)
drink wurst arugula alsace oregon quebec moravia quebec :: cost: 1
    add: (locale arugula quebec) (locale wurst oregon)
    del: (locale arugula moravia) (locale wurst alsace)
Step 1 (craves prostatitis-13 pepper) (harmony triumph pluto) (craves expectation beef) (craves loneliness snickers) (craves satisfaction ham) (locale kale quebec) (locale ham alsace) (craves laceration-11 hamburger) (craves aesthetics flounder) (craves anger popover) (craves anxiety-25 arugula) (craves boils-15 pepper) (harmony satisfaction neptune) (craves jealousy melon) (locale potato quebec) (craves stimulation melon) (locale grapefruit oregon) (harmony expectation pluto) (craves dread-31 cantelope) (craves anger-7 orange) (craves dread beef) (craves loneliness-9 hamburger) (craves hangover-6 ham) (craves grief lamb) (craves boils-32 cantelope) (craves love orange) (locale tofu surrey) (craves depression snickers) (craves angina-30 cantelope) (craves jealousy-16 kale) (craves anxiety potato) (craves learning pepper) (locale orange quebec) (harmony aesthetics neptune) (harmony rest mars) (craves prostatitis popover) (craves intoxication grapefruit) (craves abrasion pork) (locale hamburger quebec) (locale snickers alsace) (locale pork kentucky) (craves boils melon) (harmony love mars) (craves hangover popover) (craves grief-26 arugula) (craves angina-3 bacon) (craves laceration snickers) (craves jealousy-28 grapefruit) (harmony learning mars) (craves loneliness-1 pork) (craves laceration-27 grapefruit) (craves depression-14 pepper) (craves hangover-29 grapefruit) (locale beef moravia) (craves rest pork) (locale bacon alsace) (locale cantelope quebec) (locale flounder moravia) (craves dread-8 bacon) (craves prostatitis-24 arugula) (craves abrasion-5 ham) (locale arugula moravia) (craves angina popover) (locale wurst alsace) (craves triumph tofu) (locale pepper oregon) (craves anxiety-12 pepper) (locale melon alsace) (craves grief-2 pork) (craves anger-10 hamburger) (craves sciatica-4 bacon) (locale popover oregon) (locale lamb moravia) (harmony intoxication neptune) (fears sciatica stimulation) (harmony stimulation neptune)
size: 276
overcome jealousy stimulation melon mars neptune :: cost: 1
    add: (fears jealousy stimulation) (harmony stimulation mars)
    del: (craves jealousy melon) (harmony stimulation neptune)
overcome boils stimulation melon mars neptune :: cost: 1
    add: (fears boils stimulation) (harmony stimulation mars)
    del: (craves boils melon) (harmony stimulation neptune)
overcome dread expectation beef neptune pluto :: cost: 1
    add: (fears dread expectation) (harmony expectation neptune)
    del: (harmony expectation pluto) (craves dread beef)
overcome loneliness-1 rest pork mercury mars :: cost: 1
    add: (fears loneliness-1 rest) (harmony rest mercury)
    del: (harmony rest mars) (craves loneliness-1 pork)
overcome grief-2 rest pork mercury mars :: cost: 1
    add: (harmony rest mercury) (fears grief-2 rest)
    del: (harmony rest mars) (craves grief-2 pork)
overcome abrasion rest pork mercury mars :: cost: 1
    add: (harmony rest mercury) (fears abrasion rest)
    del: (harmony rest mars) (craves abrasion pork)
overcome anger-7 love orange mercury mars :: cost: 1
    add: (fears anger-7 love) (harmony love mercury)
    del: (craves anger-7 orange) (harmony love mars)
overcome abrasion-5 satisfaction ham mars neptune :: cost: 1
    add: (fears abrasion-5 satisfaction) (harmony satisfaction mars)
    del: (harmony satisfaction neptune) (craves abrasion-5 ham)
overcome hangover-6 satisfaction ham mars neptune :: cost: 1
    add: (harmony satisfaction mars) (fears hangover-6 satisfaction)
    del: (harmony satisfaction neptune) (craves hangover-6 ham)
overcome anxiety-12 learning pepper mercury mars :: cost: 1
    add: (fears anxiety-12 learning) (harmony learning mercury)
    del: (harmony learning mars) (craves anxiety-12 pepper)
overcome prostatitis-13 learning pepper mercury mars :: cost: 1
    add: (harmony learning mercury) (fears prostatitis-13 learning)
    del: (craves prostatitis-13 pepper) (harmony learning mars)
overcome depression-14 learning pepper mercury mars :: cost: 1
    add: (harmony learning mercury) (fears depression-14 learning)
    del: (harmony learning mars) (craves depression-14 pepper)
overcome boils-15 learning pepper mercury mars :: cost: 1
    add: (harmony learning mercury) (fears boils-15 learning)
    del: (craves boils-15 pepper) (harmony learning mars)
overcome laceration-27 intoxication grapefruit mars neptune :: cost: 1
    add: (fears laceration-27 intoxication) (harmony intoxication mars)
    del: (craves laceration-27 grapefruit) (harmony intoxication neptune)
overcome jealousy-28 intoxication grapefruit mars neptune :: cost: 1
    add: (harmony intoxication mars) (fears jealousy-28 intoxication)
    del: (craves jealousy-28 grapefruit) (harmony intoxication neptune)
overcome hangover-29 intoxication grapefruit mars neptune :: cost: 1
    add: (harmony intoxication mars) (fears hangover-29 intoxication)
    del: (craves hangover-29 grapefruit) (harmony intoxication neptune)
feast stimulation melon popover oregon alsace :: cost: 1
    add: (craves stimulation popover) (locale melon oregon)
    del: (craves stimulation melon) (locale melon alsace)
feast stimulation melon potato oregon alsace :: cost: 1
    add: (locale melon oregon) (craves stimulation potato)
    del: (craves stimulation melon) (locale melon alsace)
feast expectation beef snickers surrey moravia :: cost: 1
    add: (craves expectation snickers) (locale beef surrey)
    del: (craves expectation beef) (locale beef moravia)
feast expectation beef orange surrey moravia :: cost: 1
    add: (locale beef surrey) (craves expectation orange)
    del: (craves expectation beef) (locale beef moravia)
feast expectation beef ham surrey moravia :: cost: 1
    add: (locale beef surrey) (craves expectation ham)
    del: (craves expectation beef) (locale beef moravia)
feast expectation beef arugula surrey moravia :: cost: 1
    add: (locale beef surrey) (craves expectation arugula)
    del: (craves expectation beef) (locale beef moravia)
feast rest pork bacon alsace kentucky :: cost: 1
    add: (craves rest bacon) (locale pork alsace)
    del: (locale pork kentucky) (craves rest pork)
feast rest pork orange alsace kentucky :: cost: 1
    add: (locale pork alsace) (craves rest orange)
    del: (locale pork kentucky) (craves rest pork)
feast rest pork ham alsace kentucky :: cost: 1
    add: (locale pork alsace) (craves rest ham)
    del: (locale pork kentucky) (craves rest pork)
feast love orange beef moravia quebec :: cost: 1
    add: (craves love beef) (locale orange moravia)
    del: (craves love orange) (locale orange quebec)
feast love orange pork moravia quebec :: cost: 1
    add: (locale orange moravia) (craves love pork)
    del: (craves love orange) (locale orange quebec)
feast love orange bacon moravia quebec :: cost: 1
    add: (locale orange moravia) (craves love bacon)
    del: (craves love orange) (locale orange quebec)
feast satisfaction ham beef oregon alsace :: cost: 1
    add: (craves satisfaction beef) (locale ham oregon)
    del: (craves satisfaction ham) (locale ham alsace)
feast satisfaction ham pork oregon alsace :: cost: 1
    add: (locale ham oregon) (craves satisfaction pork)
    del: (craves satisfaction ham) (locale ham alsace)
feast learning pepper cantelope quebec oregon :: cost: 1
    add: (craves learning cantelope) (locale pepper quebec)
    del: (craves learning pepper) (locale pepper oregon)
feast learning pepper grapefruit quebec oregon :: cost: 1
    add: (locale pepper quebec) (craves learning grapefruit)
    del: (craves learning pepper) (locale pepper oregon)
feast aesthetics flounder kale surrey moravia :: cost: 1
    add: (craves aesthetics kale) (locale flounder surrey)
    del: (craves aesthetics flounder) (locale flounder moravia)
feast aesthetics flounder cantelope surrey moravia :: cost: 1
    add: (locale flounder surrey) (craves aesthetics cantelope)
    del: (craves aesthetics flounder) (locale flounder moravia)
feast intoxication grapefruit pepper quebec oregon :: cost: 1
    add: (craves intoxication pepper) (locale grapefruit quebec)
    del: (locale grapefruit oregon) (craves intoxication grapefruit)
feast intoxication grapefruit wurst quebec oregon :: cost: 1
    add: (locale grapefruit quebec) (craves intoxication wurst)
    del: (locale grapefruit oregon) (craves intoxication grapefruit)
succumb sciatica stimulation melon neptune pluto :: cost: 1
    add: (harmony stimulation pluto) (craves sciatica melon)
    del: (fears sciatica stimulation) (harmony stimulation neptune)
drink snickers tofu alsace oregon quebec surrey moravia :: cost: 1
    add: (locale snickers oregon) (locale tofu moravia)
    del: (locale tofu surrey) (locale snickers alsace)
drink snickers popover alsace oregon quebec oregon alsace :: cost: 1
    add: (locale snickers oregon) (locale popover alsace)
    del: (locale snickers alsace) (locale popover oregon)
drink snickers lamb alsace oregon quebec moravia quebec :: cost: 1
    add: (locale snickers oregon) (locale lamb quebec)
    del: (locale snickers alsace) (locale lamb moravia)
drink snickers potato alsace oregon quebec quebec oregon :: cost: 1
    add: (locale snickers oregon) (locale potato oregon)
    del: (locale potato quebec) (locale snickers alsace)
drink snickers melon alsace oregon quebec alsace kentucky :: cost: 1
    add: (locale snickers oregon) (locale melon kentucky)
    del: (locale snickers alsace) (locale melon alsace)
drink snickers beef alsace oregon quebec moravia quebec :: cost: 1
    add: (locale snickers oregon) (locale beef quebec)
    del: (locale snickers alsace) (locale beef moravia)
drink snickers bacon alsace oregon quebec alsace kentucky :: cost: 1
    add: (locale snickers oregon) (locale bacon kentucky)
    del: (locale snickers alsace) (locale bacon alsace)
drink snickers orange alsace oregon quebec quebec oregon :: cost: 1
    add: (locale snickers oregon) (locale orange oregon)
    del: (locale orange quebec) (locale snickers alsace)
drink snickers ham alsace oregon quebec alsace kentucky :: cost: 1
    add: (locale snickers oregon) (locale ham kentucky)
    del: (locale ham alsace) (locale snickers alsace)
drink snickers kale alsace oregon quebec quebec oregon :: cost: 1
    add: (locale snickers oregon) (locale kale oregon)
    del: (locale kale quebec) (locale snickers alsace)
drink snickers pepper alsace oregon quebec oregon alsace :: cost: 1
    add: (locale snickers oregon) (locale pepper alsace)
    del: (locale snickers alsace) (locale pepper oregon)
drink snickers hamburger alsace oregon quebec quebec oregon :: cost: 1
    add: (locale snickers oregon) (locale hamburger oregon)
    del: (locale hamburger quebec) (locale snickers alsace)
drink snickers cantelope alsace oregon quebec quebec oregon :: cost: 1
    add: (locale snickers oregon) (locale cantelope oregon)
    del: (locale snickers alsace) (locale cantelope quebec)
drink snickers flounder alsace oregon quebec moravia quebec :: cost: 1
    add: (locale snickers oregon) (locale flounder quebec)
    del: (locale snickers alsace) (locale flounder moravia)
drink snickers grapefruit alsace oregon quebec oregon alsace :: cost: 1
    add: (locale snickers oregon) (locale grapefruit alsace)
    del: (locale grapefruit oregon) (locale snickers alsace)
drink snickers wurst alsace oregon quebec alsace kentucky :: cost: 1
    add: (locale snickers oregon) (locale wurst kentucky)
    del: (locale snickers alsace) (locale wurst alsace)
drink snickers arugula alsace oregon quebec moravia quebec :: cost: 1
    add: (locale snickers oregon) (locale arugula quebec)
    del: (locale snickers alsace) (locale arugula moravia)
drink popover tofu oregon quebec moravia surrey moravia :: cost: 1
    add: (locale tofu moravia) (locale popover quebec)
    del: (locale tofu surrey) (locale popover oregon)
drink popover snickers oregon quebec moravia alsace kentucky :: cost: 1
    add: (locale popover quebec) (locale snickers kentucky)
    del: (locale snickers alsace) (locale popover oregon)
drink popover lamb oregon quebec moravia moravia quebec :: cost: 1
    add: (locale lamb quebec) (locale popover quebec)
    del: (locale popover oregon) (locale lamb moravia)
drink popover potato oregon quebec moravia quebec oregon :: cost: 1
    add: (locale potato oregon) (locale popover quebec)
    del: (locale potato quebec) (locale popover oregon)
drink popover melon oregon quebec moravia alsace kentucky :: cost: 1
    add: (locale melon kentucky) (locale popover quebec)
    del: (locale melon alsace) (locale popover oregon)
drink popover beef oregon quebec moravia moravia quebec :: cost: 1
    add: (locale beef quebec) (locale popover quebec)
    del: (locale beef moravia) (locale popover oregon)
drink popover bacon oregon quebec moravia alsace kentucky :: cost: 1
    add: (locale bacon kentucky) (locale popover quebec)
    del: (locale bacon alsace) (locale popover oregon)
drink popover orange oregon quebec moravia quebec oregon :: cost: 1
    add: (locale orange oregon) (locale popover quebec)
    del: (locale orange quebec) (locale popover oregon)
drink popover ham oregon quebec moravia alsace kentucky :: cost: 1
    add: (locale ham kentucky) (locale popover quebec)
    del: (locale ham alsace) (locale popover oregon)
drink popover kale oregon quebec moravia quebec oregon :: cost: 1
    add: (locale kale oregon) (locale popover quebec)
    del: (locale kale quebec) (locale popover oregon)
drink popover pepper oregon quebec moravia oregon alsace :: cost: 1
    add: (locale pepper alsace) (locale popover quebec)
    del: (locale pepper oregon) (locale popover oregon)
drink popover hamburger oregon quebec moravia quebec oregon :: cost: 1
    add: (locale hamburger oregon) (locale popover quebec)
    del: (locale hamburger quebec) (locale popover oregon)
drink popover cantelope oregon quebec moravia quebec oregon :: cost: 1
    add: (locale cantelope oregon) (locale popover quebec)
    del: (locale cantelope quebec) (locale popover oregon)
drink popover flounder oregon quebec moravia moravia quebec :: cost: 1
    add: (locale flounder quebec) (locale popover quebec)
    del: (locale flounder moravia) (locale popover oregon)
drink popover grapefruit oregon quebec moravia oregon alsace :: cost: 1
    add: (locale grapefruit alsace) (locale popover quebec)
    del: (locale grapefruit oregon) (locale popover oregon)
drink popover wurst oregon quebec moravia alsace kentucky :: cost: 1
    add: (locale wurst kentucky) (locale popover quebec)
    del: (locale wurst alsace) (locale popover oregon)
drink popover arugula oregon quebec moravia moravia quebec :: cost: 1
    add: (locale arugula quebec) (locale popover quebec)
    del: (locale arugula moravia) (locale popover oregon)
drink potato tofu quebec moravia surrey surrey moravia :: cost: 1
    add: (locale tofu moravia) (locale potato moravia)
    del: (locale potato quebec) (locale tofu surrey)
drink potato snickers quebec moravia surrey alsace kentucky :: cost: 1
    add: (locale snickers kentucky) (locale potato moravia)
    del: (locale potato quebec) (locale snickers alsace)
drink potato popover quebec moravia surrey oregon alsace :: cost: 1
    add: (locale popover alsace) (locale potato moravia)
    del: (locale potato quebec) (locale popover oregon)
drink potato lamb quebec moravia surrey moravia quebec :: cost: 1
    add: (locale lamb quebec) (locale potato moravia)
    del: (locale potato quebec) (locale lamb moravia)
drink potato melon quebec moravia surrey alsace kentucky :: cost: 1
    add: (locale melon kentucky) (locale potato moravia)
    del: (locale potato quebec) (locale melon alsace)
drink potato beef quebec moravia surrey moravia quebec :: cost: 1
    add: (locale beef quebec) (locale potato moravia)
    del: (locale potato quebec) (locale beef moravia)
drink potato bacon quebec moravia surrey alsace kentucky :: cost: 1
    add: (locale bacon kentucky) (locale potato moravia)
    del: (locale potato quebec) (locale bacon alsace)
drink potato orange quebec moravia surrey quebec oregon :: cost: 1
    add: (locale orange oregon) (locale potato moravia)
    del: (locale potato quebec) (locale orange quebec)
drink potato ham quebec moravia surrey alsace kentucky :: cost: 1
    add: (locale ham kentucky) (locale potato moravia)
    del: (locale ham alsace) (locale potato quebec)
drink potato kale quebec moravia surrey quebec oregon :: cost: 1
    add: (locale kale oregon) (locale potato moravia)
    del: (locale kale quebec) (locale potato quebec)
drink potato pepper quebec moravia surrey oregon alsace :: cost: 1
    add: (locale pepper alsace) (locale potato moravia)
    del: (locale potato quebec) (locale pepper oregon)
drink potato hamburger quebec moravia surrey quebec oregon :: cost: 1
    add: (locale hamburger oregon) (locale potato moravia)
    del: (locale potato quebec) (locale hamburger quebec)
drink potato cantelope quebec moravia surrey quebec oregon :: cost: 1
    add: (locale cantelope oregon) (locale potato moravia)
    del: (locale potato quebec) (locale cantelope quebec)
drink potato flounder quebec moravia surrey moravia quebec :: cost: 1
    add: (locale flounder quebec) (locale potato moravia)
    del: (locale potato quebec) (locale flounder moravia)
drink potato grapefruit quebec moravia surrey oregon alsace :: cost: 1
    add: (locale grapefruit alsace) (locale potato moravia)
    del: (locale potato quebec) (locale grapefruit oregon)
drink potato wurst quebec moravia surrey alsace kentucky :: cost: 1
    add: (locale wurst kentucky) (locale potato moravia)
    del: (locale potato quebec) (locale wurst alsace)
drink potato arugula quebec moravia surrey moravia quebec :: cost: 1
    add: (locale arugula quebec) (locale potato moravia)
    del: (locale potato quebec) (locale arugula moravia)
drink melon tofu alsace oregon quebec surrey moravia :: cost: 1
    add: (locale melon oregon) (locale tofu moravia)
    del: (locale tofu surrey) (locale melon alsace)
drink melon snickers alsace oregon quebec alsace kentucky :: cost: 1
    add: (locale melon oregon) (locale snickers kentucky)
    del: (locale snickers alsace) (locale melon alsace)
drink melon popover alsace oregon quebec oregon alsace :: cost: 1
    add: (locale melon oregon) (locale popover alsace)
    del: (locale melon alsace) (locale popover oregon)
drink melon lamb alsace oregon quebec moravia quebec :: cost: 1
    add: (locale melon oregon) (locale lamb quebec)
    del: (locale melon alsace) (locale lamb moravia)
drink melon potato alsace oregon quebec quebec oregon :: cost: 1
    add: (locale melon oregon) (locale potato oregon)
    del: (locale potato quebec) (locale melon alsace)
drink melon beef alsace oregon quebec moravia quebec :: cost: 1
    add: (locale melon oregon) (locale beef quebec)
    del: (locale beef moravia) (locale melon alsace)
drink melon bacon alsace oregon quebec alsace kentucky :: cost: 1
    add: (locale melon oregon) (locale bacon kentucky)
    del: (locale bacon alsace) (locale melon alsace)
drink melon orange alsace oregon quebec quebec oregon :: cost: 1
    add: (locale melon oregon) (locale orange oregon)
    del: (locale orange quebec) (locale melon alsace)
drink melon ham alsace oregon quebec alsace kentucky :: cost: 1
    add: (locale melon oregon) (locale ham kentucky)
    del: (locale ham alsace) (locale melon alsace)
drink melon kale alsace oregon quebec quebec oregon :: cost: 1
    add: (locale melon oregon) (locale kale oregon)
    del: (locale kale quebec) (locale melon alsace)
drink melon pepper alsace oregon quebec oregon alsace :: cost: 1
    add: (locale melon oregon) (locale pepper alsace)
    del: (locale pepper oregon) (locale melon alsace)
drink melon hamburger alsace oregon quebec quebec oregon :: cost: 1
    add: (locale melon oregon) (locale hamburger oregon)
    del: (locale hamburger quebec) (locale melon alsace)
drink melon cantelope alsace oregon quebec quebec oregon :: cost: 1
    add: (locale melon oregon) (locale cantelope oregon)
    del: (locale cantelope quebec) (locale melon alsace)
drink melon flounder alsace oregon quebec moravia quebec :: cost: 1
    add: (locale melon oregon) (locale flounder quebec)
    del: (locale flounder moravia) (locale melon alsace)
drink melon grapefruit alsace oregon quebec oregon alsace :: cost: 1
    add: (locale melon oregon) (locale grapefruit alsace)
    del: (locale grapefruit oregon) (locale melon alsace)
drink melon wurst alsace oregon quebec alsace kentucky :: cost: 1
    add: (locale melon oregon) (locale wurst kentucky)
    del: (locale wurst alsace) (locale melon alsace)
drink melon arugula alsace oregon quebec moravia quebec :: cost: 1
    add: (locale melon oregon) (locale arugula quebec)
    del: (locale arugula moravia) (locale melon alsace)
drink pork tofu kentucky alsace oregon surrey moravia :: cost: 1
    add: (locale pork alsace) (locale tofu moravia)
    del: (locale tofu surrey) (locale pork kentucky)
drink pork snickers kentucky alsace oregon alsace kentucky :: cost: 1
    add: (locale pork alsace) (locale snickers kentucky)
    del: (locale snickers alsace) (locale pork kentucky)
drink pork popover kentucky alsace oregon oregon alsace :: cost: 1
    add: (locale pork alsace) (locale popover alsace)
    del: (locale pork kentucky) (locale popover oregon)
drink pork lamb kentucky alsace oregon moravia quebec :: cost: 1
    add: (locale pork alsace) (locale lamb quebec)
    del: (locale pork kentucky) (locale lamb moravia)
drink pork potato kentucky alsace oregon quebec oregon :: cost: 1
    add: (locale pork alsace) (locale potato oregon)
    del: (locale potato quebec) (locale pork kentucky)
drink pork melon kentucky alsace oregon alsace kentucky :: cost: 1
    add: (locale pork alsace) (locale melon kentucky)
    del: (locale pork kentucky) (locale melon alsace)
drink pork beef kentucky alsace oregon moravia quebec :: cost: 1
    add: (locale pork alsace) (locale beef quebec)
    del: (locale pork kentucky) (locale beef moravia)
drink pork bacon kentucky alsace oregon alsace kentucky :: cost: 1
    add: (locale pork alsace) (locale bacon kentucky)
    del: (locale pork kentucky) (locale bacon alsace)
drink pork orange kentucky alsace oregon quebec oregon :: cost: 1
    add: (locale pork alsace) (locale orange oregon)
    del: (locale orange quebec) (locale pork kentucky)
drink pork ham kentucky alsace oregon alsace kentucky :: cost: 1
    add: (locale pork alsace) (locale ham kentucky)
    del: (locale ham alsace) (locale pork kentucky)
drink pork kale kentucky alsace oregon quebec oregon :: cost: 1
    add: (locale pork alsace) (locale kale oregon)
    del: (locale kale quebec) (locale pork kentucky)
drink pork pepper kentucky alsace oregon oregon alsace :: cost: 1
    add: (locale pork alsace) (locale pepper alsace)
    del: (locale pork kentucky) (locale pepper oregon)
drink pork hamburger kentucky alsace oregon quebec oregon :: cost: 1
    add: (locale pork alsace) (locale hamburger oregon)
    del: (locale hamburger quebec) (locale pork kentucky)
drink pork cantelope kentucky alsace oregon quebec oregon :: cost: 1
    add: (locale pork alsace) (locale cantelope oregon)
    del: (locale pork kentucky) (locale cantelope quebec)
drink pork flounder kentucky alsace oregon moravia quebec :: cost: 1
    add: (locale pork alsace) (locale flounder quebec)
    del: (locale pork kentucky) (locale flounder moravia)
drink pork grapefruit kentucky alsace oregon oregon alsace :: cost: 1
    add: (locale pork alsace) (locale grapefruit alsace)
    del: (locale grapefruit oregon) (locale pork kentucky)
drink pork wurst kentucky alsace oregon alsace kentucky :: cost: 1
    add: (locale pork alsace) (locale wurst kentucky)
    del: (locale pork kentucky) (locale wurst alsace)
drink pork arugula kentucky alsace oregon moravia quebec :: cost: 1
    add: (locale pork alsace) (locale arugula quebec)
    del: (locale pork kentucky) (locale arugula moravia)
drink bacon tofu alsace oregon quebec surrey moravia :: cost: 1
    add: (locale tofu moravia) (locale bacon oregon)
    del: (locale tofu surrey) (locale bacon alsace)
drink bacon snickers alsace oregon quebec alsace kentucky :: cost: 1
    add: (locale snickers kentucky) (locale bacon oregon)
    del: (locale snickers alsace) (locale bacon alsace)
drink bacon popover alsace oregon quebec oregon alsace :: cost: 1
    add: (locale popover alsace) (locale bacon oregon)
    del: (locale bacon alsace) (locale popover oregon)
drink bacon lamb alsace oregon quebec moravia quebec :: cost: 1
    add: (locale lamb quebec) (locale bacon oregon)
    del: (locale bacon alsace) (locale lamb moravia)
drink bacon potato alsace oregon quebec quebec oregon :: cost: 1
    add: (locale potato oregon) (locale bacon oregon)
    del: (locale potato quebec) (locale bacon alsace)
drink bacon melon alsace oregon quebec alsace kentucky :: cost: 1
    add: (locale melon kentucky) (locale bacon oregon)
    del: (locale bacon alsace) (locale melon alsace)
drink bacon beef alsace oregon quebec moravia quebec :: cost: 1
    add: (locale beef quebec) (locale bacon oregon)
    del: (locale beef moravia) (locale bacon alsace)
drink bacon orange alsace oregon quebec quebec oregon :: cost: 1
    add: (locale orange oregon) (locale bacon oregon)
    del: (locale orange quebec) (locale bacon alsace)
drink bacon ham alsace oregon quebec alsace kentucky :: cost: 1
    add: (locale ham kentucky) (locale bacon oregon)
    del: (locale ham alsace) (locale bacon alsace)
drink bacon kale alsace oregon quebec quebec oregon :: cost: 1
    add: (locale kale oregon) (locale bacon oregon)
    del: (locale kale quebec) (locale bacon alsace)
drink bacon pepper alsace oregon quebec oregon alsace :: cost: 1
    add: (locale pepper alsace) (locale bacon oregon)
    del: (locale bacon alsace) (locale pepper oregon)
drink bacon hamburger alsace oregon quebec quebec oregon :: cost: 1
    add: (locale hamburger oregon) (locale bacon oregon)
    del: (locale hamburger quebec) (locale bacon alsace)
drink bacon cantelope alsace oregon quebec quebec oregon :: cost: 1
    add: (locale cantelope oregon) (locale bacon oregon)
    del: (locale bacon alsace) (locale cantelope quebec)
drink bacon flounder alsace oregon quebec moravia quebec :: cost: 1
    add: (locale flounder quebec) (locale bacon oregon)
    del: (locale bacon alsace) (locale flounder moravia)
drink bacon grapefruit alsace oregon quebec oregon alsace :: cost: 1
    add: (locale grapefruit alsace) (locale bacon oregon)
    del: (locale grapefruit oregon) (locale bacon alsace)
drink bacon wurst alsace oregon quebec alsace kentucky :: cost: 1
    add: (locale wurst kentucky) (locale bacon oregon)
    del: (locale bacon alsace) (locale wurst alsace)
drink bacon arugula alsace oregon quebec moravia quebec :: cost: 1
    add: (locale arugula quebec) (locale bacon oregon)
    del: (locale bacon alsace) (locale arugula moravia)
drink orange tofu quebec moravia surrey surrey moravia :: cost: 1
    add: (locale orange moravia) (locale tofu moravia)
    del: (locale tofu surrey) (locale orange quebec)
drink orange snickers quebec moravia surrey alsace kentucky :: cost: 1
    add: (locale orange moravia) (locale snickers kentucky)
    del: (locale orange quebec) (locale snickers alsace)
drink orange popover quebec moravia surrey oregon alsace :: cost: 1
    add: (locale orange moravia) (locale popover alsace)
    del: (locale orange quebec) (locale popover oregon)
drink orange lamb quebec moravia surrey moravia quebec :: cost: 1
    add: (locale orange moravia) (locale lamb quebec)
    del: (locale orange quebec) (locale lamb moravia)
drink orange potato quebec moravia surrey quebec oregon :: cost: 1
    add: (locale orange moravia) (locale potato oregon)
    del: (locale potato quebec) (locale orange quebec)
drink orange melon quebec moravia surrey alsace kentucky :: cost: 1
    add: (locale orange moravia) (locale melon kentucky)
    del: (locale orange quebec) (locale melon alsace)
drink orange beef quebec moravia surrey moravia quebec :: cost: 1
    add: (locale orange moravia) (locale beef quebec)
    del: (locale orange quebec) (locale beef moravia)
drink orange bacon quebec moravia surrey alsace kentucky :: cost: 1
    add: (locale orange moravia) (locale bacon kentucky)
    del: (locale orange quebec) (locale bacon alsace)
drink orange ham quebec moravia surrey alsace kentucky :: cost: 1
    add: (locale orange moravia) (locale ham kentucky)
    del: (locale ham alsace) (locale orange quebec)
drink orange kale quebec moravia surrey quebec oregon :: cost: 1
    add: (locale orange moravia) (locale kale oregon)
    del: (locale kale quebec) (locale orange quebec)
drink orange pepper quebec moravia surrey oregon alsace :: cost: 1
    add: (locale orange moravia) (locale pepper alsace)
    del: (locale orange quebec) (locale pepper oregon)
drink orange hamburger quebec moravia surrey quebec oregon :: cost: 1
    add: (locale orange moravia) (locale hamburger oregon)
    del: (locale orange quebec) (locale hamburger quebec)
drink orange cantelope quebec moravia surrey quebec oregon :: cost: 1
    add: (locale orange moravia) (locale cantelope oregon)
    del: (locale orange quebec) (locale cantelope quebec)
drink orange flounder quebec moravia surrey moravia quebec :: cost: 1
    add: (locale orange moravia) (locale flounder quebec)
    del: (locale orange quebec) (locale flounder moravia)
drink orange grapefruit quebec moravia surrey oregon alsace :: cost: 1
    add: (locale orange moravia) (locale grapefruit alsace)
    del: (locale grapefruit oregon) (locale orange quebec)
drink orange wurst quebec moravia surrey alsace kentucky :: cost: 1
    add: (locale orange moravia) (locale wurst kentucky)
    del: (locale orange quebec) (locale wurst alsace)
drink orange arugula quebec moravia surrey moravia quebec :: cost: 1
    add: (locale orange moravia) (locale arugula quebec)
    del: (locale orange quebec) (locale arugula moravia)
drink ham tofu alsace oregon quebec surrey moravia :: cost: 1
    add: (locale ham oregon) (locale tofu moravia)
    del: (locale ham alsace) (locale tofu surrey)
drink ham snickers alsace oregon quebec alsace kentucky :: cost: 1
    add: (locale ham oregon) (locale snickers kentucky)
    del: (locale ham alsace) (locale snickers alsace)
drink ham popover alsace oregon quebec oregon alsace :: cost: 1
    add: (locale ham oregon) (locale popover alsace)
    del: (locale ham alsace) (locale popover oregon)
drink ham lamb alsace oregon quebec moravia quebec :: cost: 1
    add: (locale ham oregon) (locale lamb quebec)
    del: (locale ham alsace) (locale lamb moravia)
drink ham potato alsace oregon quebec quebec oregon :: cost: 1
    add: (locale ham oregon) (locale potato oregon)
    del: (locale ham alsace) (locale potato quebec)
drink ham melon alsace oregon quebec alsace kentucky :: cost: 1
    add: (locale ham oregon) (locale melon kentucky)
    del: (locale ham alsace) (locale melon alsace)
drink ham beef alsace oregon quebec moravia quebec :: cost: 1
    add: (locale ham oregon) (locale beef quebec)
    del: (locale ham alsace) (locale beef moravia)
drink ham bacon alsace oregon quebec alsace kentucky :: cost: 1
    add: (locale ham oregon) (locale bacon kentucky)
    del: (locale ham alsace) (locale bacon alsace)
drink ham orange alsace oregon quebec quebec oregon :: cost: 1
    add: (locale ham oregon) (locale orange oregon)
    del: (locale ham alsace) (locale orange quebec)
drink ham kale alsace oregon quebec quebec oregon :: cost: 1
    add: (locale ham oregon) (locale kale oregon)
    del: (locale kale quebec) (locale ham alsace)
drink ham pepper alsace oregon quebec oregon alsace :: cost: 1
    add: (locale ham oregon) (locale pepper alsace)
    del: (locale ham alsace) (locale pepper oregon)
drink ham hamburger alsace oregon quebec quebec oregon :: cost: 1
    add: (locale ham oregon) (locale hamburger oregon)
    del: (locale ham alsace) (locale hamburger quebec)
drink ham cantelope alsace oregon quebec quebec oregon :: cost: 1
    add: (locale ham oregon) (locale cantelope oregon)
    del: (locale ham alsace) (locale cantelope quebec)
drink ham flounder alsace oregon quebec moravia quebec :: cost: 1
    add: (locale ham oregon) (locale flounder quebec)
    del: (locale ham alsace) (locale flounder moravia)
drink ham grapefruit alsace oregon quebec oregon alsace :: cost: 1
    add: (locale ham oregon) (locale grapefruit alsace)
    del: (locale ham alsace) (locale grapefruit oregon)
drink ham wurst alsace oregon quebec alsace kentucky :: cost: 1
    add: (locale ham oregon) (locale wurst kentucky)
    del: (locale ham alsace) (locale wurst alsace)
drink ham arugula alsace oregon quebec moravia quebec :: cost: 1
    add: (locale ham oregon) (locale arugula quebec)
    del: (locale ham alsace) (locale arugula moravia)
drink kale tofu quebec moravia surrey surrey moravia :: cost: 1
    add: (locale tofu moravia) (locale kale moravia)
    del: (locale kale quebec) (locale tofu surrey)
drink kale snickers quebec moravia surrey alsace kentucky :: cost: 1
    add: (locale snickers kentucky) (locale kale moravia)
    del: (locale kale quebec) (locale snickers alsace)
drink kale popover quebec moravia surrey oregon alsace :: cost: 1
    add: (locale popover alsace) (locale kale moravia)
    del: (locale kale quebec) (locale popover oregon)
drink kale lamb quebec moravia surrey moravia quebec :: cost: 1
    add: (locale lamb quebec) (locale kale moravia)
    del: (locale kale quebec) (locale lamb moravia)
drink kale potato quebec moravia surrey quebec oregon :: cost: 1
    add: (locale potato oregon) (locale kale moravia)
    del: (locale kale quebec) (locale potato quebec)
drink kale melon quebec moravia surrey alsace kentucky :: cost: 1
    add: (locale melon kentucky) (locale kale moravia)
    del: (locale kale quebec) (locale melon alsace)
drink kale beef quebec moravia surrey moravia quebec :: cost: 1
    add: (locale beef quebec) (locale kale moravia)
    del: (locale kale quebec) (locale beef moravia)
drink kale bacon quebec moravia surrey alsace kentucky :: cost: 1
    add: (locale bacon kentucky) (locale kale moravia)
    del: (locale kale quebec) (locale bacon alsace)
drink kale orange quebec moravia surrey quebec oregon :: cost: 1
    add: (locale orange oregon) (locale kale moravia)
    del: (locale kale quebec) (locale orange quebec)
drink kale ham quebec moravia surrey alsace kentucky :: cost: 1
    add: (locale ham kentucky) (locale kale moravia)
    del: (locale kale quebec) (locale ham alsace)
drink kale pepper quebec moravia surrey oregon alsace :: cost: 1
    add: (locale pepper alsace) (locale kale moravia)
    del: (locale kale quebec) (locale pepper oregon)
drink kale hamburger quebec moravia surrey quebec oregon :: cost: 1
    add: (locale hamburger oregon) (locale kale moravia)
    del: (locale kale quebec) (locale hamburger quebec)
drink kale cantelope quebec moravia surrey quebec oregon :: cost: 1
    add: (locale cantelope oregon) (locale kale moravia)
    del: (locale kale quebec) (locale cantelope quebec)
drink kale flounder quebec moravia surrey moravia quebec :: cost: 1
    add: (locale flounder quebec) (locale kale moravia)
    del: (locale kale quebec) (locale flounder moravia)
drink kale grapefruit quebec moravia surrey oregon alsace :: cost: 1
    add: (locale grapefruit alsace) (locale kale moravia)
    del: (locale kale quebec) (locale grapefruit oregon)
drink kale wurst quebec moravia surrey alsace kentucky :: cost: 1
    add: (locale wurst kentucky) (locale kale moravia)
    del: (locale kale quebec) (locale wurst alsace)
drink kale arugula quebec moravia surrey moravia quebec :: cost: 1
    add: (locale arugula quebec) (locale kale moravia)
    del: (locale kale quebec) (locale arugula moravia)
drink pepper tofu oregon quebec moravia surrey moravia :: cost: 1
    add: (locale pepper quebec) (locale tofu moravia)
    del: (locale tofu surrey) (locale pepper oregon)
drink pepper snickers oregon quebec moravia alsace kentucky :: cost: 1
    add: (locale pepper quebec) (locale snickers kentucky)
    del: (locale snickers alsace) (locale pepper oregon)
drink pepper popover oregon quebec moravia oregon alsace :: cost: 1
    add: (locale pepper quebec) (locale popover alsace)
    del: (locale pepper oregon) (locale popover oregon)
drink pepper lamb oregon quebec moravia moravia quebec :: cost: 1
    add: (locale pepper quebec) (locale lamb quebec)
    del: (locale pepper oregon) (locale lamb moravia)
drink pepper potato oregon quebec moravia quebec oregon :: cost: 1
    add: (locale pepper quebec) (locale potato oregon)
    del: (locale potato quebec) (locale pepper oregon)
drink pepper melon oregon quebec moravia alsace kentucky :: cost: 1
    add: (locale pepper quebec) (locale melon kentucky)
    del: (locale pepper oregon) (locale melon alsace)
drink pepper beef oregon quebec moravia moravia quebec :: cost: 1
    add: (locale pepper quebec) (locale beef quebec)
    del: (locale beef moravia) (locale pepper oregon)
drink pepper bacon oregon quebec moravia alsace kentucky :: cost: 1
    add: (locale pepper quebec) (locale bacon kentucky)
    del: (locale bacon alsace) (locale pepper oregon)
drink pepper orange oregon quebec moravia quebec oregon :: cost: 1
    add: (locale pepper quebec) (locale orange oregon)
    del: (locale orange quebec) (locale pepper oregon)
drink pepper ham oregon quebec moravia alsace kentucky :: cost: 1
    add: (locale pepper quebec) (locale ham kentucky)
    del: (locale ham alsace) (locale pepper oregon)
drink pepper kale oregon quebec moravia quebec oregon :: cost: 1
    add: (locale pepper quebec) (locale kale oregon)
    del: (locale kale quebec) (locale pepper oregon)
drink pepper hamburger oregon quebec moravia quebec oregon :: cost: 1
    add: (locale pepper quebec) (locale hamburger oregon)
    del: (locale hamburger quebec) (locale pepper oregon)
drink pepper cantelope oregon quebec moravia quebec oregon :: cost: 1
    add: (locale pepper quebec) (locale cantelope oregon)
    del: (locale cantelope quebec) (locale pepper oregon)
drink pepper flounder oregon quebec moravia moravia quebec :: cost: 1
    add: (locale pepper quebec) (locale flounder quebec)
    del: (locale flounder moravia) (locale pepper oregon)
drink pepper grapefruit oregon quebec moravia oregon alsace :: cost: 1
    add: (locale pepper quebec) (locale grapefruit alsace)
    del: (locale grapefruit oregon) (locale pepper oregon)
drink pepper wurst oregon quebec moravia alsace kentucky :: cost: 1
    add: (locale pepper quebec) (locale wurst kentucky)
    del: (locale wurst alsace) (locale pepper oregon)
drink pepper arugula oregon quebec moravia moravia quebec :: cost: 1
    add: (locale pepper quebec) (locale arugula quebec)
    del: (locale arugula moravia) (locale pepper oregon)
drink hamburger tofu quebec moravia surrey surrey moravia :: cost: 1
    add: (locale tofu moravia) (locale hamburger moravia)
    del: (locale tofu surrey) (locale hamburger quebec)
drink hamburger snickers quebec moravia surrey alsace kentucky :: cost: 1
    add: (locale snickers kentucky) (locale hamburger moravia)
    del: (locale hamburger quebec) (locale snickers alsace)
drink hamburger popover quebec moravia surrey oregon alsace :: cost: 1
    add: (locale popover alsace) (locale hamburger moravia)
    del: (locale hamburger quebec) (locale popover oregon)
drink hamburger lamb quebec moravia surrey moravia quebec :: cost: 1
    add: (locale lamb quebec) (locale hamburger moravia)
    del: (locale hamburger quebec) (locale lamb moravia)
drink hamburger potato quebec moravia surrey quebec oregon :: cost: 1
    add: (locale potato oregon) (locale hamburger moravia)
    del: (locale potato quebec) (locale hamburger quebec)
drink hamburger melon quebec moravia surrey alsace kentucky :: cost: 1
    add: (locale melon kentucky) (locale hamburger moravia)
    del: (locale hamburger quebec) (locale melon alsace)
drink hamburger beef quebec moravia surrey moravia quebec :: cost: 1
    add: (locale beef quebec) (locale hamburger moravia)
    del: (locale hamburger quebec) (locale beef moravia)
drink hamburger bacon quebec moravia surrey alsace kentucky :: cost: 1
    add: (locale bacon kentucky) (locale hamburger moravia)
    del: (locale hamburger quebec) (locale bacon alsace)
drink hamburger orange quebec moravia surrey quebec oregon :: cost: 1
    add: (locale orange oregon) (locale hamburger moravia)
    del: (locale orange quebec) (locale hamburger quebec)
drink hamburger ham quebec moravia surrey alsace kentucky :: cost: 1
    add: (locale ham kentucky) (locale hamburger moravia)
    del: (locale ham alsace) (locale hamburger quebec)
drink hamburger kale quebec moravia surrey quebec oregon :: cost: 1
    add: (locale kale oregon) (locale hamburger moravia)
    del: (locale kale quebec) (locale hamburger quebec)
drink hamburger pepper quebec moravia surrey oregon alsace :: cost: 1
    add: (locale pepper alsace) (locale hamburger moravia)
    del: (locale hamburger quebec) (locale pepper oregon)
drink hamburger cantelope quebec moravia surrey quebec oregon :: cost: 1
    add: (locale cantelope oregon) (locale hamburger moravia)
    del: (locale hamburger quebec) (locale cantelope quebec)
drink hamburger flounder quebec moravia surrey moravia quebec :: cost: 1
    add: (locale flounder quebec) (locale hamburger moravia)
    del: (locale hamburger quebec) (locale flounder moravia)
drink hamburger grapefruit quebec moravia surrey oregon alsace :: cost: 1
    add: (locale grapefruit alsace) (locale hamburger moravia)
    del: (locale grapefruit oregon) (locale hamburger quebec)
drink hamburger wurst quebec moravia surrey alsace kentucky :: cost: 1
    add: (locale wurst kentucky) (locale hamburger moravia)
    del: (locale hamburger quebec) (locale wurst alsace)
drink hamburger arugula quebec moravia surrey moravia quebec :: cost: 1
    add: (locale arugula quebec) (locale hamburger moravia)
    del: (locale hamburger quebec) (locale arugula moravia)
drink cantelope tofu quebec moravia surrey surrey moravia :: cost: 1
    add: (locale tofu moravia) (locale cantelope moravia)
    del: (locale tofu surrey) (locale cantelope quebec)
drink cantelope snickers quebec moravia surrey alsace kentucky :: cost: 1
    add: (locale snickers kentucky) (locale cantelope moravia)
    del: (locale snickers alsace) (locale cantelope quebec)
drink cantelope popover quebec moravia surrey oregon alsace :: cost: 1
    add: (locale popover alsace) (locale cantelope moravia)
    del: (locale cantelope quebec) (locale popover oregon)
drink cantelope lamb quebec moravia surrey moravia quebec :: cost: 1
    add: (locale lamb quebec) (locale cantelope moravia)
    del: (locale cantelope quebec) (locale lamb moravia)
drink cantelope potato quebec moravia surrey quebec oregon :: cost: 1
    add: (locale potato oregon) (locale cantelope moravia)
    del: (locale potato quebec) (locale cantelope quebec)
drink cantelope melon quebec moravia surrey alsace kentucky :: cost: 1
    add: (locale melon kentucky) (locale cantelope moravia)
    del: (locale cantelope quebec) (locale melon alsace)
drink cantelope beef quebec moravia surrey moravia quebec :: cost: 1
    add: (locale beef quebec) (locale cantelope moravia)
    del: (locale beef moravia) (locale cantelope quebec)
drink cantelope bacon quebec moravia surrey alsace kentucky :: cost: 1
    add: (locale bacon kentucky) (locale cantelope moravia)
    del: (locale bacon alsace) (locale cantelope quebec)
drink cantelope orange quebec moravia surrey quebec oregon :: cost: 1
    add: (locale orange oregon) (locale cantelope moravia)
    del: (locale orange quebec) (locale cantelope quebec)
drink cantelope ham quebec moravia surrey alsace kentucky :: cost: 1
    add: (locale ham kentucky) (locale cantelope moravia)
    del: (locale ham alsace) (locale cantelope quebec)
drink cantelope kale quebec moravia surrey quebec oregon :: cost: 1
    add: (locale kale oregon) (locale cantelope moravia)
    del: (locale kale quebec) (locale cantelope quebec)
drink cantelope pepper quebec moravia surrey oregon alsace :: cost: 1
    add: (locale pepper alsace) (locale cantelope moravia)
    del: (locale cantelope quebec) (locale pepper oregon)
drink cantelope hamburger quebec moravia surrey quebec oregon :: cost: 1
    add: (locale hamburger oregon) (locale cantelope moravia)
    del: (locale hamburger quebec) (locale cantelope quebec)
drink cantelope flounder quebec moravia surrey moravia quebec :: cost: 1
    add: (locale flounder quebec) (locale cantelope moravia)
    del: (locale cantelope quebec) (locale flounder moravia)
drink cantelope grapefruit quebec moravia surrey oregon alsace :: cost: 1
    add: (locale grapefruit alsace) (locale cantelope moravia)
    del: (locale grapefruit oregon) (locale cantelope quebec)
drink cantelope wurst quebec moravia surrey alsace kentucky :: cost: 1
    add: (locale wurst kentucky) (locale cantelope moravia)
    del: (locale cantelope quebec) (locale wurst alsace)
drink cantelope arugula quebec moravia surrey moravia quebec :: cost: 1
    add: (locale arugula quebec) (locale cantelope moravia)
    del: (locale cantelope quebec) (locale arugula moravia)
drink grapefruit tofu oregon quebec moravia surrey moravia :: cost: 1
    add: (locale grapefruit quebec) (locale tofu moravia)
    del: (locale grapefruit oregon) (locale tofu surrey)
drink grapefruit snickers oregon quebec moravia alsace kentucky :: cost: 1
    add: (locale grapefruit quebec) (locale snickers kentucky)
    del: (locale grapefruit oregon) (locale snickers alsace)
drink grapefruit popover oregon quebec moravia oregon alsace :: cost: 1
    add: (locale grapefruit quebec) (locale popover alsace)
    del: (locale grapefruit oregon) (locale popover oregon)
drink grapefruit lamb oregon quebec moravia moravia quebec :: cost: 1
    add: (locale grapefruit quebec) (locale lamb quebec)
    del: (locale grapefruit oregon) (locale lamb moravia)
drink grapefruit potato oregon quebec moravia quebec oregon :: cost: 1
    add: (locale grapefruit quebec) (locale potato oregon)
    del: (locale potato quebec) (locale grapefruit oregon)
drink grapefruit melon oregon quebec moravia alsace kentucky :: cost: 1
    add: (locale grapefruit quebec) (locale melon kentucky)
    del: (locale grapefruit oregon) (locale melon alsace)
drink grapefruit beef oregon quebec moravia moravia quebec :: cost: 1
    add: (locale grapefruit quebec) (locale beef quebec)
    del: (locale grapefruit oregon) (locale beef moravia)
drink grapefruit bacon oregon quebec moravia alsace kentucky :: cost: 1
    add: (locale grapefruit quebec) (locale bacon kentucky)
    del: (locale grapefruit oregon) (locale bacon alsace)
drink grapefruit orange oregon quebec moravia quebec oregon :: cost: 1
    add: (locale grapefruit quebec) (locale orange oregon)
    del: (locale grapefruit oregon) (locale orange quebec)
drink grapefruit ham oregon quebec moravia alsace kentucky :: cost: 1
    add: (locale grapefruit quebec) (locale ham kentucky)
    del: (locale ham alsace) (locale grapefruit oregon)
drink grapefruit kale oregon quebec moravia quebec oregon :: cost: 1
    add: (locale grapefruit quebec) (locale kale oregon)
    del: (locale kale quebec) (locale grapefruit oregon)
drink grapefruit pepper oregon quebec moravia oregon alsace :: cost: 1
    add: (locale grapefruit quebec) (locale pepper alsace)
    del: (locale grapefruit oregon) (locale pepper oregon)
drink grapefruit hamburger oregon quebec moravia quebec oregon :: cost: 1
    add: (locale grapefruit quebec) (locale hamburger oregon)
    del: (locale grapefruit oregon) (locale hamburger quebec)
drink grapefruit cantelope oregon quebec moravia quebec oregon :: cost: 1
    add: (locale grapefruit quebec) (locale cantelope oregon)
    del: (locale grapefruit oregon) (locale cantelope quebec)
drink grapefruit flounder oregon quebec moravia moravia quebec :: cost: 1
    add: (locale grapefruit quebec) (locale flounder quebec)
    del: (locale grapefruit oregon) (locale flounder moravia)
drink grapefruit wurst oregon quebec moravia alsace kentucky :: cost: 1
    add: (locale grapefruit quebec) (locale wurst kentucky)
    del: (locale grapefruit oregon) (locale wurst alsace)
drink grapefruit arugula oregon quebec moravia moravia quebec :: cost: 1
    add: (locale grapefruit quebec) (locale arugula quebec)
    del: (locale grapefruit oregon) (locale arugula moravia)
drink wurst tofu alsace oregon quebec surrey moravia :: cost: 1
    add: (locale tofu moravia) (locale wurst oregon)
    del: (locale tofu surrey) (locale wurst alsace)
drink wurst snickers alsace oregon quebec alsace kentucky :: cost: 1
    add: (locale snickers kentucky) (locale wurst oregon)
    del: (locale snickers alsace) (locale wurst alsace)
drink wurst popover alsace oregon quebec oregon alsace :: cost: 1
    add: (locale popover alsace) (locale wurst oregon)
    del: (locale wurst alsace) (locale popover oregon)
drink wurst lamb alsace oregon quebec moravia quebec :: cost: 1
    add: (locale lamb quebec) (locale wurst oregon)
    del: (locale wurst alsace) (locale lamb moravia)
drink wurst potato alsace oregon quebec quebec oregon :: cost: 1
    add: (locale potato oregon) (locale wurst oregon)
    del: (locale potato quebec) (locale wurst alsace)
drink wurst melon alsace oregon quebec alsace kentucky :: cost: 1
    add: (locale melon kentucky) (locale wurst oregon)
    del: (locale wurst alsace) (locale melon alsace)
drink wurst beef alsace oregon quebec moravia quebec :: cost: 1
    add: (locale beef quebec) (locale wurst oregon)
    del: (locale beef moravia) (locale wurst alsace)
drink wurst bacon alsace oregon quebec alsace kentucky :: cost: 1
    add: (locale bacon kentucky) (locale wurst oregon)
    del: (locale bacon alsace) (locale wurst alsace)
drink wurst orange alsace oregon quebec quebec oregon :: cost: 1
    add: (locale orange oregon) (locale wurst oregon)
    del: (locale orange quebec) (locale wurst alsace)
drink wurst ham alsace oregon quebec alsace kentucky :: cost: 1
    add: (locale ham kentucky) (locale wurst oregon)
    del: (locale ham alsace) (locale wurst alsace)
drink wurst kale alsace oregon quebec quebec oregon :: cost: 1
    add: (locale kale oregon) (locale wurst oregon)
    del: (locale kale quebec) (locale wurst alsace)
drink wurst pepper alsace oregon quebec oregon alsace :: cost: 1
    add: (locale pepper alsace) (locale wurst oregon)
    del: (locale wurst alsace) (locale pepper oregon)
drink wurst hamburger alsace oregon quebec quebec oregon :: cost: 1
    add: (locale hamburger oregon) (locale wurst oregon)
    del: (locale hamburger quebec) (locale wurst alsace)
drink wurst cantelope alsace oregon quebec quebec oregon :: cost: 1
    add: (locale cantelope oregon) (locale wurst oregon)
    del: (locale cantelope quebec) (locale wurst alsace)
drink wurst flounder alsace oregon quebec moravia quebec :: cost: 1
    add: (locale flounder quebec) (locale wurst oregon)
    del: (locale flounder moravia) (locale wurst alsace)
drink wurst grapefruit alsace oregon quebec oregon alsace :: cost: 1
    add: (locale grapefruit alsace) (locale wurst oregon)
    del: (locale grapefruit oregon) (locale wurst alsace)
drink wurst arugula alsace oregon quebec moravia quebec :: cost: 1
    add: (locale arugula quebec) (locale wurst oregon)
    del: (locale arugula moravia) (locale wurst alsace)
Step 2 (craves prostatitis-13 pepper) (harmony triumph pluto) (craves expectation beef) (craves loneliness snickers) (craves satisfaction ham) (locale kale quebec) (locale ham alsace) (craves laceration-11 hamburger) (craves aesthetics flounder) (craves anger popover) (craves anxiety-25 arugula) (craves boils-15 pepper) (harmony satisfaction neptune) (craves jealousy melon) (locale potato quebec) (craves stimulation melon) (locale grapefruit oregon) (harmony expectation pluto) (craves dread-31 cantelope) (craves anger-7 orange) (craves dread beef) (craves loneliness-9 hamburger) (craves hangover-6 ham) (craves grief lamb) (craves boils-32 cantelope) (craves love orange) (locale tofu surrey) (craves depression snickers) (craves angina-30 cantelope) (craves jealousy-16 kale) (craves anxiety potato) (craves learning pepper) (locale orange quebec) (harmony aesthetics neptune) (harmony rest mars) (craves prostatitis popover) (craves intoxication grapefruit) (craves abrasion pork) (locale hamburger quebec) (locale snickers alsace) (locale pork kentucky) (harmony love mars) (craves hangover popover) (craves grief-26 arugula) (craves angina-3 bacon) (craves laceration snickers) (craves jealousy-28 grapefruit) (harmony learning mars) (craves loneliness-1 pork) (craves laceration-27 grapefruit) (craves depression-14 pepper) (craves hangover-29 grapefruit) (locale beef moravia) (craves rest pork) (locale bacon alsace) (locale cantelope quebec) (locale flounder moravia) (craves dread-8 bacon) (craves prostatitis-24 arugula) (craves abrasion-5 ham) (locale arugula moravia) (craves angina popover) (locale wurst alsace) (craves triumph tofu) (locale pepper oregon) (craves anxiety-12 pepper) (locale melon alsace) (craves grief-2 pork) (craves anger-10 hamburger) (craves sciatica-4 bacon) (locale popover oregon) (locale lamb moravia) (harmony intoxication neptune) (fears sciatica stimulation) (fears boils stimulation) (harmony stimulation mars)
size: 276
overcome jealousy stimulation melon mercury mars :: cost: 1
    add: (fears jealousy stimulation) (harmony stimulation mercury)
    del: (craves jealousy melon) (harmony stimulation mars)
overcome dread expectation beef neptune pluto :: cost: 1
    add: (fears dread expectation) (harmony expectation neptune)
    del: (harmony expectation pluto) (craves dread beef)
overcome loneliness-1 rest pork mercury mars :: cost: 1
    add: (fears loneliness-1 rest) (harmony rest mercury)
    del: (harmony rest mars) (craves loneliness-1 pork)
overcome grief-2 rest pork mercury mars :: cost: 1
    add: (harmony rest mercury) (fears grief-2 rest)
    del: (harmony rest mars) (craves grief-2 pork)
overcome abrasion rest pork mercury mars :: cost: 1
    add: (harmony rest mercury) (fears abrasion rest)
    del: (harmony rest mars) (craves abrasion pork)
overcome anger-7 love orange mercury mars :: cost: 1
    add: (fears anger-7 love) (harmony love mercury)
    del: (craves anger-7 orange) (harmony love mars)
overcome abrasion-5 satisfaction ham mars neptune :: cost: 1
    add: (fears abrasion-5 satisfaction) (harmony satisfaction mars)
    del: (harmony satisfaction neptune) (craves abrasion-5 ham)
overcome hangover-6 satisfaction ham mars neptune :: cost: 1
    add: (harmony satisfaction mars) (fears hangover-6 satisfaction)
    del: (harmony satisfaction neptune) (craves hangover-6 ham)
overcome anxiety-12 learning pepper mercury mars :: cost: 1
    add: (fears anxiety-12 learning) (harmony learning mercury)
    del: (harmony learning mars) (craves anxiety-12 pepper)
overcome prostatitis-13 learning pepper mercury mars :: cost: 1
    add: (harmony learning mercury) (fears prostatitis-13 learning)
    del: (craves prostatitis-13 pepper) (harmony learning mars)
overcome depression-14 learning pepper mercury mars :: cost: 1
    add: (harmony learning mercury) (fears depression-14 learning)
    del: (harmony learning mars) (craves depression-14 pepper)
overcome boils-15 learning pepper mercury mars :: cost: 1
    add: (harmony learning mercury) (fears boils-15 learning)
    del: (craves boils-15 pepper) (harmony learning mars)
overcome laceration-27 intoxication grapefruit mars neptune :: cost: 1
    add: (fears laceration-27 intoxication) (harmony intoxication mars)
    del: (craves laceration-27 grapefruit) (harmony intoxication neptune)
overcome jealousy-28 intoxication grapefruit mars neptune :: cost: 1
    add: (harmony intoxication mars) (fears jealousy-28 intoxication)
    del: (craves jealousy-28 grapefruit) (harmony intoxication neptune)
overcome hangover-29 intoxication grapefruit mars neptune :: cost: 1
    add: (harmony intoxication mars) (fears hangover-29 intoxication)
    del: (craves hangover-29 grapefruit) (harmony intoxication neptune)
feast stimulation melon popover oregon alsace :: cost: 1
    add: (craves stimulation popover) (locale melon oregon)
    del: (craves stimulation melon) (locale melon alsace)
feast stimulation melon potato oregon alsace :: cost: 1
    add: (locale melon oregon) (craves stimulation potato)
    del: (craves stimulation melon) (locale melon alsace)
feast expectation beef snickers surrey moravia :: cost: 1
    add: (craves expectation snickers) (locale beef surrey)
    del: (craves expectation beef) (locale beef moravia)
feast expectation beef orange surrey moravia :: cost: 1
    add: (locale beef surrey) (craves expectation orange)
    del: (craves expectation beef) (locale beef moravia)
feast expectation beef ham surrey moravia :: cost: 1
    add: (locale beef surrey) (craves expectation ham)
    del: (craves expectation beef) (locale beef moravia)
feast expectation beef arugula surrey moravia :: cost: 1
    add: (locale beef surrey) (craves expectation arugula)
    del: (craves expectation beef) (locale beef moravia)
feast rest pork bacon alsace kentucky :: cost: 1
    add: (craves rest bacon) (locale pork alsace)
    del: (locale pork kentucky) (craves rest pork)
feast rest pork orange alsace kentucky :: cost: 1
    add: (locale pork alsace) (craves rest orange)
    del: (locale pork kentucky) (craves rest pork)
feast rest pork ham alsace kentucky :: cost: 1
    add: (locale pork alsace) (craves rest ham)
    del: (locale pork kentucky) (craves rest pork)
feast love orange beef moravia quebec :: cost: 1
    add: (craves love beef) (locale orange moravia)
    del: (craves love orange) (locale orange quebec)
feast love orange pork moravia quebec :: cost: 1
    add: (locale orange moravia) (craves love pork)
    del: (craves love orange) (locale orange quebec)
feast love orange bacon moravia quebec :: cost: 1
    add: (locale orange moravia) (craves love bacon)
    del: (craves love orange) (locale orange quebec)
feast satisfaction ham beef oregon alsace :: cost: 1
    add: (craves satisfaction beef) (locale ham oregon)
    del: (craves satisfaction ham) (locale ham alsace)
feast satisfaction ham pork oregon alsace :: cost: 1
    add: (locale ham oregon) (craves satisfaction pork)
    del: (craves satisfaction ham) (locale ham alsace)
feast learning pepper cantelope quebec oregon :: cost: 1
    add: (craves learning cantelope) (locale pepper quebec)
    del: (craves learning pepper) (locale pepper oregon)
feast learning pepper grapefruit quebec oregon :: cost: 1
    add: (locale pepper quebec) (craves learning grapefruit)
    del: (craves learning pepper) (locale pepper oregon)
feast aesthetics flounder kale surrey moravia :: cost: 1
    add: (craves aesthetics kale) (locale flounder surrey)
    del: (craves aesthetics flounder) (locale flounder moravia)
feast aesthetics flounder cantelope surrey moravia :: cost: 1
    add: (locale flounder surrey) (craves aesthetics cantelope)
    del: (craves aesthetics flounder) (locale flounder moravia)
feast intoxication grapefruit pepper quebec oregon :: cost: 1
    add: (craves intoxication pepper) (locale grapefruit quebec)
    del: (locale grapefruit oregon) (craves intoxication grapefruit)
feast intoxication grapefruit wurst quebec oregon :: cost: 1
    add: (locale grapefruit quebec) (craves intoxication wurst)
    del: (locale grapefruit oregon) (craves intoxication grapefruit)
succumb sciatica stimulation melon mars neptune :: cost: 1
    add: (craves sciatica melon) (harmony stimulation neptune)
    del: (fears sciatica stimulation) (harmony stimulation mars)
succumb boils stimulation melon mars neptune :: cost: 1
    add: (craves boils melon) (harmony stimulation neptune)
    del: (fears boils stimulation) (harmony stimulation mars)
drink snickers tofu alsace oregon quebec surrey moravia :: cost: 1
    add: (locale snickers oregon) (locale tofu moravia)
    del: (locale tofu surrey) (locale snickers alsace)
drink snickers popover alsace oregon quebec oregon alsace :: cost: 1
    add: (locale snickers oregon) (locale popover alsace)
    del: (locale snickers alsace) (locale popover oregon)
drink snickers lamb alsace oregon quebec moravia quebec :: cost: 1
    add: (locale snickers oregon) (locale lamb quebec)
    del: (locale snickers alsace) (locale lamb moravia)
drink snickers potato alsace oregon quebec quebec oregon :: cost: 1
    add: (locale snickers oregon) (locale potato oregon)
    del: (locale potato quebec) (locale snickers alsace)
drink snickers melon alsace oregon quebec alsace kentucky :: cost: 1
    add: (locale snickers oregon) (locale melon kentucky)
    del: (locale snickers alsace) (locale melon alsace)
drink snickers beef alsace oregon quebec moravia quebec :: cost: 1
    add: (locale snickers oregon) (locale beef quebec)
    del: (locale snickers alsace) (locale beef moravia)
drink snickers bacon alsace oregon quebec alsace kentucky :: cost: 1
    add: (locale snickers oregon) (locale bacon kentucky)
    del: (locale snickers alsace) (locale bacon alsace)
drink snickers orange alsace oregon quebec quebec oregon :: cost: 1
    add: (locale snickers oregon) (locale orange oregon)
    del: (locale orange quebec) (locale snickers alsace)
drink snickers ham alsace oregon quebec alsace kentucky :: cost: 1
    add: (locale snickers oregon) (locale ham kentucky)
    del: (locale ham alsace) (locale snickers alsace)
drink snickers kale alsace oregon quebec quebec oregon :: cost: 1
    add: (locale snickers oregon) (locale kale oregon)
    del: (locale kale quebec) (locale snickers alsace)
drink snickers pepper alsace oregon quebec oregon alsace :: cost: 1
    add: (locale snickers oregon) (locale pepper alsace)
    del: (locale snickers alsace) (locale pepper oregon)
drink snickers hamburger alsace oregon quebec quebec oregon :: cost: 1
    add: (locale snickers oregon) (locale hamburger oregon)
    del: (locale hamburger quebec) (locale snickers alsace)
drink snickers cantelope alsace oregon quebec quebec oregon :: cost: 1
    add: (locale snickers oregon) (locale cantelope oregon)
    del: (locale snickers alsace) (locale cantelope quebec)
drink snickers flounder alsace oregon quebec moravia quebec :: cost: 1
    add: (locale snickers oregon) (locale flounder quebec)
    del: (locale snickers alsace) (locale flounder moravia)
drink snickers grapefruit alsace oregon quebec oregon alsace :: cost: 1
    add: (locale snickers oregon) (locale grapefruit alsace)
    del: (locale grapefruit oregon) (locale snickers alsace)
drink snickers wurst alsace oregon quebec alsace kentucky :: cost: 1
    add: (locale snickers oregon) (locale wurst kentucky)
    del: (locale snickers alsace) (locale wurst alsace)
drink snickers arugula alsace oregon quebec moravia quebec :: cost: 1
    add: (locale snickers oregon) (locale arugula quebec)
    del: (locale snickers alsace) (locale arugula moravia)
drink popover tofu oregon quebec moravia surrey moravia :: cost: 1
    add: (locale tofu moravia) (locale popover quebec)
    del: (locale tofu surrey) (locale popover oregon)
drink popover snickers oregon quebec moravia alsace kentucky :: cost: 1
    add: (locale popover quebec) (locale snickers kentucky)
    del: (locale snickers alsace) (locale popover oregon)
drink popover lamb oregon quebec moravia moravia quebec :: cost: 1
    add: (locale lamb quebec) (locale popover quebec)
    del: (locale popover oregon) (locale lamb moravia)
drink popover potato oregon quebec moravia quebec oregon :: cost: 1
    add: (locale potato oregon) (locale popover quebec)
    del: (locale potato quebec) (locale popover oregon)
drink popover melon oregon quebec moravia alsace kentucky :: cost: 1
    add: (locale melon kentucky) (locale popover quebec)
    del: (locale melon alsace) (locale popover oregon)
drink popover beef oregon quebec moravia moravia quebec :: cost: 1
    add: (locale beef quebec) (locale popover quebec)
    del: (locale beef moravia) (locale popover oregon)
drink popover bacon oregon quebec moravia alsace kentucky :: cost: 1
    add: (locale bacon kentucky) (locale popover quebec)
    del: (locale bacon alsace) (locale popover oregon)
drink popover orange oregon quebec moravia quebec oregon :: cost: 1
    add: (locale orange oregon) (locale popover quebec)
    del: (locale orange quebec) (locale popover oregon)
drink popover ham oregon quebec moravia alsace kentucky :: cost: 1
    add: (locale ham kentucky) (locale popover quebec)
    del: (locale ham alsace) (locale popover oregon)
drink popover kale oregon quebec moravia quebec oregon :: cost: 1
    add: (locale kale oregon) (locale popover quebec)
    del: (locale kale quebec) (locale popover oregon)
drink popover pepper oregon quebec moravia oregon alsace :: cost: 1
    add: (locale pepper alsace) (locale popover quebec)
    del: (locale pepper oregon) (locale popover oregon)
drink popover hamburger oregon quebec moravia quebec oregon :: cost: 1
    add: (locale hamburger oregon) (locale popover quebec)
    del: (locale hamburger quebec) (locale popover oregon)
drink popover cantelope oregon quebec moravia quebec oregon :: cost: 1
    add: (locale cantelope oregon) (locale popover quebec)
    del: (locale cantelope quebec) (locale popover oregon)
drink popover flounder oregon quebec moravia moravia quebec :: cost: 1
    add: (locale flounder quebec) (locale popover quebec)
    del: (locale flounder moravia) (locale popover oregon)
drink popover grapefruit oregon quebec moravia oregon alsace :: cost: 1
    add: (locale grapefruit alsace) (locale popover quebec)
    del: (locale grapefruit oregon) (locale popover oregon)
drink popover wurst oregon quebec moravia alsace kentucky :: cost: 1
    add: (locale wurst kentucky) (locale popover quebec)
    del: (locale wurst alsace) (locale popover oregon)
drink popover arugula oregon quebec moravia moravia quebec :: cost: 1
    add: (locale arugula quebec) (locale popover quebec)
    del: (locale arugula moravia) (locale popover oregon)
drink potato tofu quebec moravia surrey surrey moravia :: cost: 1
    add: (locale tofu moravia) (locale potato moravia)
    del: (locale potato quebec) (locale tofu surrey)
drink potato snickers quebec moravia surrey alsace kentucky :: cost: 1
    add: (locale snickers kentucky) (locale potato moravia)
    del: (locale potato quebec) (locale snickers alsace)
drink potato popover quebec moravia surrey oregon alsace :: cost: 1
    add: (locale popover alsace) (locale potato moravia)
    del: (locale potato quebec) (locale popover oregon)
drink potato lamb quebec moravia surrey moravia quebec :: cost: 1
    add: (locale lamb quebec) (locale potato moravia)
    del: (locale potato quebec) (locale lamb moravia)
drink potato melon quebec moravia surrey alsace kentucky :: cost: 1
    add: (locale melon kentucky) (locale potato moravia)
    del: (locale potato quebec) (locale melon alsace)
drink potato beef quebec moravia surrey moravia quebec :: cost: 1
    add: (locale beef quebec) (locale potato moravia)
    del: (locale potato quebec) (locale beef moravia)
drink potato bacon quebec moravia surrey alsace kentucky :: cost: 1
    add: (locale bacon kentucky) (locale potato moravia)
    del: (locale potato quebec) (locale bacon alsace)
drink potato orange quebec moravia surrey quebec oregon :: cost: 1
    add: (locale orange oregon) (locale potato moravia)
    del: (locale potato quebec) (locale orange quebec)
drink potato ham quebec moravia surrey alsace kentucky :: cost: 1
    add: (locale ham kentucky) (locale potato moravia)
    del: (locale ham alsace) (locale potato quebec)
drink potato kale quebec moravia surrey quebec oregon :: cost: 1
    add: (locale kale oregon) (locale potato moravia)
    del: (locale kale quebec) (locale potato quebec)
drink potato pepper quebec moravia surrey oregon alsace :: cost: 1
    add: (locale pepper alsace) (locale potato moravia)
    del: (locale potato quebec) (locale pepper oregon)
drink potato hamburger quebec moravia surrey quebec oregon :: cost: 1
    add: (locale hamburger oregon) (locale potato moravia)
    del: (locale potato quebec) (locale hamburger quebec)
drink potato cantelope quebec moravia surrey quebec oregon :: cost: 1
    add: (locale cantelope oregon) (locale potato moravia)
    del: (locale potato quebec) (locale cantelope quebec)
drink potato flounder quebec moravia surrey moravia quebec :: cost: 1
    add: (locale flounder quebec) (locale potato moravia)
    del: (locale potato quebec) (locale flounder moravia)
drink potato grapefruit quebec moravia surrey oregon alsace :: cost: 1
    add: (locale grapefruit alsace) (locale potato moravia)
    del: (locale potato quebec) (locale grapefruit oregon)
drink potato wurst quebec moravia surrey alsace kentucky :: cost: 1
    add: (locale wurst kentucky) (locale potato moravia)
    del: (locale potato quebec) (locale wurst alsace)
drink potato arugula quebec moravia surrey moravia quebec :: cost: 1
    add: (locale arugula quebec) (locale potato moravia)
    del: (locale potato quebec) (locale arugula moravia)
drink melon tofu alsace oregon quebec surrey moravia :: cost: 1
    add: (locale melon oregon) (locale tofu moravia)
    del: (locale tofu surrey) (locale melon alsace)
drink melon snickers alsace oregon quebec alsace kentucky :: cost: 1
    add: (locale melon oregon) (locale snickers kentucky)
    del: (locale snickers alsace) (locale melon alsace)
drink melon popover alsace oregon quebec oregon alsace :: cost: 1
    add: (locale melon oregon) (locale popover alsace)
    del: (locale melon alsace) (locale popover oregon)
drink melon lamb alsace oregon quebec moravia quebec :: cost: 1
    add: (locale melon oregon) (locale lamb quebec)
    del: (locale melon alsace) (locale lamb moravia)
drink melon potato alsace oregon quebec quebec oregon :: cost: 1
    add: (locale melon oregon) (locale potato oregon)
    del: (locale potato quebec) (locale melon alsace)
drink melon beef alsace oregon quebec moravia quebec :: cost: 1
    add: (locale melon oregon) (locale beef quebec)
    del: (locale beef moravia) (locale melon alsace)
drink melon bacon alsace oregon quebec alsace kentucky :: cost: 1
    add: (locale melon oregon) (locale bacon kentucky)
    del: (locale bacon alsace) (locale melon alsace)
drink melon orange alsace oregon quebec quebec oregon :: cost: 1
    add: (locale melon oregon) (locale orange oregon)
    del: (locale orange quebec) (locale melon alsace)
drink melon ham alsace oregon quebec alsace kentucky :: cost: 1
    add: (locale melon oregon) (locale ham kentucky)
    del: (locale ham alsace) (locale melon alsace)
drink melon kale alsace oregon quebec quebec oregon :: cost: 1
    add: (locale melon oregon) (locale kale oregon)
    del: (locale kale quebec) (locale melon alsace)
drink melon pepper alsace oregon quebec oregon alsace :: cost: 1
    add: (locale melon oregon) (locale pepper alsace)
    del: (locale pepper oregon) (locale melon alsace)
drink melon hamburger alsace oregon quebec quebec oregon :: cost: 1
    add: (locale melon oregon) (locale hamburger oregon)
    del: (locale hamburger quebec) (locale melon alsace)
drink melon cantelope alsace oregon quebec quebec oregon :: cost: 1
    add: (locale melon oregon) (locale cantelope oregon)
    del: (locale cantelope quebec) (locale melon alsace)
drink melon flounder alsace oregon quebec moravia quebec :: cost: 1
    add: (locale melon oregon) (locale flounder quebec)
    del: (locale flounder moravia) (locale melon alsace)
drink melon grapefruit alsace oregon quebec oregon alsace :: cost: 1
    add: (locale melon oregon) (locale grapefruit alsace)
    del: (locale grapefruit oregon) (locale melon alsace)
drink melon wurst alsace oregon quebec alsace kentucky :: cost: 1
    add: (locale melon oregon) (locale wurst kentucky)
    del: (locale wurst alsace) (locale melon alsace)
drink melon arugula alsace oregon quebec moravia quebec :: cost: 1
    add: (locale melon oregon) (locale arugula quebec)
    del: (locale arugula moravia) (locale melon alsace)
drink pork tofu kentucky alsace oregon surrey moravia :: cost: 1
    add: (locale pork alsace) (locale tofu moravia)
    del: (locale tofu surrey) (locale pork kentucky)
drink pork snickers kentucky alsace oregon alsace kentucky :: cost: 1
    add: (locale pork alsace) (locale snickers kentucky)
    del: (locale snickers alsace) (locale pork kentucky)
drink pork popover kentucky alsace oregon oregon alsace :: cost: 1
    add: (locale pork alsace) (locale popover alsace)
    del: (locale pork kentucky) (locale popover oregon)
drink pork lamb kentucky alsace oregon moravia quebec :: cost: 1
    add: (locale pork alsace) (locale lamb quebec)
    del: (locale pork kentucky) (locale lamb moravia)
drink pork potato kentucky alsace oregon quebec oregon :: cost: 1
    add: (locale pork alsace) (locale potato oregon)
    del: (locale potato quebec) (locale pork kentucky)
drink pork melon kentucky alsace oregon alsace kentucky :: cost: 1
    add: (locale pork alsace) (locale melon kentucky)
    del: (locale pork kentucky) (locale melon alsace)
drink pork beef kentucky alsace oregon moravia quebec :: cost: 1
    add: (locale pork alsace) (locale beef quebec)
    del: (locale pork kentucky) (locale beef moravia)
drink pork bacon kentucky alsace oregon alsace kentucky :: cost: 1
    add: (locale pork alsace) (locale bacon kentucky)
    del: (locale pork kentucky) (locale bacon alsace)
drink pork orange kentucky alsace oregon quebec oregon :: cost: 1
    add: (locale pork alsace) (locale orange oregon)
    del: (locale orange quebec) (locale pork kentucky)
drink pork ham kentucky alsace oregon alsace kentucky :: cost: 1
    add: (locale pork alsace) (locale ham kentucky)
    del: (locale ham alsace) (locale pork kentucky)
drink pork kale kentucky alsace oregon quebec oregon :: cost: 1
    add: (locale pork alsace) (locale kale oregon)
    del: (locale kale quebec) (locale pork kentucky)
drink pork pepper kentucky alsace oregon oregon alsace :: cost: 1
    add: (locale pork alsace) (locale pepper alsace)
    del: (locale pork kentucky) (locale pepper oregon)
drink pork hamburger kentucky alsace oregon quebec oregon :: cost: 1
    add: (locale pork alsace) (locale hamburger oregon)
    del: (locale hamburger quebec) (locale pork kentucky)
drink pork cantelope kentucky alsace oregon quebec oregon :: cost: 1
    add: (locale pork alsace) (locale cantelope oregon)
    del: (locale pork kentucky) (locale cantelope quebec)
drink pork flounder kentucky alsace oregon moravia quebec :: cost: 1
    add: (locale pork alsace) (locale flounder quebec)
    del: (locale pork kentucky) (locale flounder moravia)
drink pork grapefruit kentucky alsace oregon oregon alsace :: cost: 1
    add: (locale pork alsace) (locale grapefruit alsace)
    del: (locale grapefruit oregon) (locale pork kentucky)
drink pork wurst kentucky alsace oregon alsace kentucky :: cost: 1
    add: (locale pork alsace) (locale wurst kentucky)
    del: (locale pork kentucky) (locale wurst alsace)
drink pork arugula kentucky alsace oregon moravia quebec :: cost: 1
    add: (locale pork alsace) (locale arugula quebec)
    del: (locale pork kentucky) (locale arugula moravia)
drink bacon tofu alsace oregon quebec surrey moravia :: cost: 1
    add: (locale tofu moravia) (locale bacon oregon)
    del: (locale tofu surrey) (locale bacon alsace)
drink bacon snickers alsace oregon quebec alsace kentucky :: cost: 1
    add: (locale snickers kentucky) (locale bacon oregon)
    del: (locale snickers alsace) (locale bacon alsace)
drink bacon popover alsace oregon quebec oregon alsace :: cost: 1
    add: (locale popover alsace) (locale bacon oregon)
    del: (locale bacon alsace) (locale popover oregon)
drink bacon lamb alsace oregon quebec moravia quebec :: cost: 1
    add: (locale lamb quebec) (locale bacon oregon)
    del: (locale bacon alsace) (locale lamb moravia)
drink bacon potato alsace oregon quebec quebec oregon :: cost: 1
    add: (locale potato oregon) (locale bacon oregon)
    del: (locale potato quebec) (locale bacon alsace)
drink bacon melon alsace oregon quebec alsace kentucky :: cost: 1
    add: (locale melon kentucky) (locale bacon oregon)
    del: (locale bacon alsace) (locale melon alsace)
drink bacon beef alsace oregon quebec moravia quebec :: cost: 1
    add: (locale beef quebec) (locale bacon oregon)
    del: (locale beef moravia) (locale bacon alsace)
drink bacon orange alsace oregon quebec quebec oregon :: cost: 1
    add: (locale orange oregon) (locale bacon oregon)
    del: (locale orange quebec) (locale bacon alsace)
drink bacon ham alsace oregon quebec alsace kentucky :: cost: 1
    add: (locale ham kentucky) (locale bacon oregon)
    del: (locale ham alsace) (locale bacon alsace)
drink bacon kale alsace oregon quebec quebec oregon :: cost: 1
    add: (locale kale oregon) (locale bacon oregon)
    del: (locale kale quebec) (locale bacon alsace)
drink bacon pepper alsace oregon quebec oregon alsace :: cost: 1
    add: (locale pepper alsace) (locale bacon oregon)
    del: (locale bacon alsace) (locale pepper oregon)
drink bacon hamburger alsace oregon quebec quebec oregon :: cost: 1
    add: (locale hamburger oregon) (locale bacon oregon)
    del: (locale hamburger quebec) (locale bacon alsace)
drink bacon cantelope alsace oregon quebec quebec oregon :: cost: 1
    add: (locale cantelope oregon) (locale bacon oregon)
    del: (locale bacon alsace) (locale cantelope quebec)
drink bacon flounder alsace oregon quebec moravia quebec :: cost: 1
    add: (locale flounder quebec) (locale bacon oregon)
    del: (locale bacon alsace) (locale flounder moravia)
drink bacon grapefruit alsace oregon quebec oregon alsace :: cost: 1
    add: (locale grapefruit alsace) (locale bacon oregon)
    del: (locale grapefruit oregon) (locale bacon alsace)
drink bacon wurst alsace oregon quebec alsace kentucky :: cost: 1
    add: (locale wurst kentucky) (locale bacon oregon)
    del: (locale bacon alsace) (locale wurst alsace)
drink bacon arugula alsace oregon quebec moravia quebec :: cost: 1
    add: (locale arugula quebec) (locale bacon oregon)
    del: (locale bacon alsace) (locale arugula moravia)
drink orange tofu quebec moravia surrey surrey moravia :: cost: 1
    add: (locale orange moravia) (locale tofu moravia)
    del: (locale tofu surrey) (locale orange quebec)
drink orange snickers quebec moravia surrey alsace kentucky :: cost: 1
    add: (locale orange moravia) (locale snickers kentucky)
    del: (locale orange quebec) (locale snickers alsace)
drink orange popover quebec moravia surrey oregon alsace :: cost: 1
    add: (locale orange moravia) (locale popover alsace)
    del: (locale orange quebec) (locale popover oregon)
drink orange lamb quebec moravia surrey moravia quebec :: cost: 1
    add: (locale orange moravia) (locale lamb quebec)
    del: (locale orange quebec) (locale lamb moravia)
drink orange potato quebec moravia surrey quebec oregon :: cost: 1
    add: (locale orange moravia) (locale potato oregon)
    del: (locale potato quebec) (locale orange quebec)
drink orange melon quebec moravia surrey alsace kentucky :: cost: 1
    add: (locale orange moravia) (locale melon kentucky)
    del: (locale orange quebec) (locale melon alsace)
drink orange beef quebec moravia surrey moravia quebec :: cost: 1
    add: (locale orange moravia) (locale beef quebec)
    del: (locale orange quebec) (locale beef moravia)
drink orange bacon quebec moravia surrey alsace kentucky :: cost: 1
    add: (locale orange moravia) (locale bacon kentucky)
    del: (locale orange quebec) (locale bacon alsace)
drink orange ham quebec moravia surrey alsace kentucky :: cost: 1
    add: (locale orange moravia) (locale ham kentucky)
    del: (locale ham alsace) (locale orange quebec)
drink orange kale quebec moravia surrey quebec oregon :: cost: 1
    add: (locale orange moravia) (locale kale oregon)
    del: (locale kale quebec) (locale orange quebec)
drink orange pepper quebec moravia surrey oregon alsace :: cost: 1
    add: (locale orange moravia) (locale pepper alsace)
    del: (locale orange quebec) (locale pepper oregon)
drink orange hamburger quebec moravia surrey quebec oregon :: cost: 1
    add: (locale orange moravia) (locale hamburger oregon)
    del: (locale orange quebec) (locale hamburger quebec)
drink orange cantelope quebec moravia surrey quebec oregon :: cost: 1
    add: (locale orange moravia) (locale cantelope oregon)
    del: (locale orange quebec) (locale cantelope quebec)
drink orange flounder quebec moravia surrey moravia quebec :: cost: 1
    add: (locale orange moravia) (locale flounder quebec)
    del: (locale orange quebec) (locale flounder moravia)
drink orange grapefruit quebec moravia surrey oregon alsace :: cost: 1
    add: (locale orange moravia) (locale grapefruit alsace)
    del: (locale grapefruit oregon) (locale orange quebec)
drink orange wurst quebec moravia surrey alsace kentucky :: cost: 1
    add: (locale orange moravia) (locale wurst kentucky)
    del: (locale orange quebec) (locale wurst alsace)
drink orange arugula quebec moravia surrey moravia quebec :: cost: 1
    add: (locale orange moravia) (locale arugula quebec)
    del: (locale orange quebec) (locale arugula moravia)
drink ham tofu alsace oregon quebec surrey moravia :: cost: 1
    add: (locale ham oregon) (locale tofu moravia)
    del: (locale ham alsace) (locale tofu surrey)
drink ham snickers alsace oregon quebec alsace kentucky :: cost: 1
    add: (locale ham oregon) (locale snickers kentucky)
    del: (locale ham alsace) (locale snickers alsace)
drink ham popover alsace oregon quebec oregon alsace :: cost: 1
    add: (locale ham oregon) (locale popover alsace)
    del: (locale ham alsace) (locale popover oregon)
drink ham lamb alsace oregon quebec moravia quebec :: cost: 1
    add: (locale ham oregon) (locale lamb quebec)
    del: (locale ham alsace) (locale lamb moravia)
drink ham potato alsace oregon quebec quebec oregon :: cost: 1
    add: (locale ham oregon) (locale potato oregon)
    del: (locale ham alsace) (locale potato quebec)
drink ham melon alsace oregon quebec alsace kentucky :: cost: 1
    add: (locale ham oregon) (locale melon kentucky)
    del: (locale ham alsace) (locale melon alsace)
drink ham beef alsace oregon quebec moravia quebec :: cost: 1
    add: (locale ham oregon) (locale beef quebec)
    del: (locale ham alsace) (locale beef moravia)
drink ham bacon alsace oregon quebec alsace kentucky :: cost: 1
    add: (locale ham oregon) (locale bacon kentucky)
    del: (locale ham alsace) (locale bacon alsace)
drink ham orange alsace oregon quebec quebec oregon :: cost: 1
    add: (locale ham oregon) (locale orange oregon)
    del: (locale ham alsace) (locale orange quebec)
drink ham kale alsace oregon quebec quebec oregon :: cost: 1
    add: (locale ham oregon) (locale kale oregon)
    del: (locale kale quebec) (locale ham alsace)
drink ham pepper alsace oregon quebec oregon alsace :: cost: 1
    add: (locale ham oregon) (locale pepper alsace)
    del: (locale ham alsace) (locale pepper oregon)
drink ham hamburger alsace oregon quebec quebec oregon :: cost: 1
    add: (locale ham oregon) (locale hamburger oregon)
    del: (locale ham alsace) (locale hamburger quebec)
drink ham cantelope alsace oregon quebec quebec oregon :: cost: 1
    add: (locale ham oregon) (locale cantelope oregon)
    del: (locale ham alsace) (locale cantelope quebec)
drink ham flounder alsace oregon quebec moravia quebec :: cost: 1
    add: (locale ham oregon) (locale flounder quebec)
    del: (locale ham alsace) (locale flounder moravia)
drink ham grapefruit alsace oregon quebec oregon alsace :: cost: 1
    add: (locale ham oregon) (locale grapefruit alsace)
    del: (locale ham alsace) (locale grapefruit oregon)
drink ham wurst alsace oregon quebec alsace kentucky :: cost: 1
    add: (locale ham oregon) (locale wurst kentucky)
    del: (locale ham alsace) (locale wurst alsace)
drink ham arugula alsace oregon quebec moravia quebec :: cost: 1
    add: (locale ham oregon) (locale arugula quebec)
    del: (locale ham alsace) (locale arugula moravia)
drink kale tofu quebec moravia surrey surrey moravia :: cost: 1
    add: (locale tofu moravia) (locale kale moravia)
    del: (locale kale quebec) (locale tofu surrey)
drink kale snickers quebec moravia surrey alsace kentucky :: cost: 1
    add: (locale snickers kentucky) (locale kale moravia)
    del: (locale kale quebec) (locale snickers alsace)
drink kale popover quebec moravia surrey oregon alsace :: cost: 1
    add: (locale popover alsace) (locale kale moravia)
    del: (locale kale quebec) (locale popover oregon)
drink kale lamb quebec moravia surrey moravia quebec :: cost: 1
    add: (locale lamb quebec) (locale kale moravia)
    del: (locale kale quebec) (locale lamb moravia)
drink kale potato quebec moravia surrey quebec oregon :: cost: 1
    add: (locale potato oregon) (locale kale moravia)
    del: (locale kale quebec) (locale potato quebec)
drink kale melon quebec moravia surrey alsace kentucky :: cost: 1
    add: (locale melon kentucky) (locale kale moravia)
    del: (locale kale quebec) (locale melon alsace)
drink kale beef quebec moravia surrey moravia quebec :: cost: 1
    add: (locale beef quebec) (locale kale moravia)
    del: (locale kale quebec) (locale beef moravia)
drink kale bacon quebec moravia surrey alsace kentucky :: cost: 1
    add: (locale bacon kentucky) (locale kale moravia)
    del: (locale kale quebec) (locale bacon alsace)
drink kale orange quebec moravia surrey quebec oregon :: cost: 1
    add: (locale orange oregon) (locale kale moravia)
    del: (locale kale quebec) (locale orange quebec)
drink kale ham quebec moravia surrey alsace kentucky :: cost: 1
    add: (locale ham kentucky) (locale kale moravia)
    del: (locale kale quebec) (locale ham alsace)
drink kale pepper quebec moravia surrey oregon alsace :: cost: 1
    add: (locale pepper alsace) (locale kale moravia)
    del: (locale kale quebec) (locale pepper oregon)
drink kale hamburger quebec moravia surrey quebec oregon :: cost: 1
    add: (locale hamburger oregon) (locale kale moravia)
    del: (locale kale quebec) (locale hamburger quebec)
drink kale cantelope quebec moravia surrey quebec oregon :: cost: 1
    add: (locale cantelope oregon) (locale kale moravia)
    del: (locale kale quebec) (locale cantelope quebec)
drink kale flounder quebec moravia surrey moravia quebec :: cost: 1
    add: (locale flounder quebec) (locale kale moravia)
    del: (locale kale quebec) (locale flounder moravia)
drink kale grapefruit quebec moravia surrey oregon alsace :: cost: 1
    add: (locale grapefruit alsace) (locale kale moravia)
    del: (locale kale quebec) (locale grapefruit oregon)
drink kale wurst quebec moravia surrey alsace kentucky :: cost: 1
    add: (locale wurst kentucky) (locale kale moravia)
    del: (locale kale quebec) (locale wurst alsace)
drink kale arugula quebec moravia surrey moravia quebec :: cost: 1
    add: (locale arugula quebec) (locale kale moravia)
    del: (locale kale quebec) (locale arugula moravia)
drink pepper tofu oregon quebec moravia surrey moravia :: cost: 1
    add: (locale pepper quebec) (locale tofu moravia)
    del: (locale tofu surrey) (locale pepper oregon)
drink pepper snickers oregon quebec moravia alsace kentucky :: cost: 1
    add: (locale pepper quebec) (locale snickers kentucky)
    del: (locale snickers alsace) (locale pepper oregon)
drink pepper popover oregon quebec moravia oregon alsace :: cost: 1
    add: (locale pepper quebec) (locale popover alsace)
    del: (locale pepper oregon) (locale popover oregon)
drink pepper lamb oregon quebec moravia moravia quebec :: cost: 1
    add: (locale pepper quebec) (locale lamb quebec)
    del: (locale pepper oregon) (locale lamb moravia)
drink pepper potato oregon quebec moravia quebec oregon :: cost: 1
    add: (locale pepper quebec) (locale potato oregon)
    del: (locale potato quebec) (locale pepper oregon)
drink pepper melon oregon quebec moravia alsace kentucky :: cost: 1
    add: (locale pepper quebec) (locale melon kentucky)
    del: (locale pepper oregon) (locale melon alsace)
drink pepper beef oregon quebec moravia moravia quebec :: cost: 1
    add: (locale pepper quebec) (locale beef quebec)
    del: (locale beef moravia) (locale pepper oregon)
drink pepper bacon oregon quebec moravia alsace kentucky :: cost: 1
    add: (locale pepper quebec) (locale bacon kentucky)
    del: (locale bacon alsace) (locale pepper oregon)
drink pepper orange oregon quebec moravia quebec oregon :: cost: 1
    add: (locale pepper quebec) (locale orange oregon)
    del: (locale orange quebec) (locale pepper oregon)
drink pepper ham oregon quebec moravia alsace kentucky :: cost: 1
    add: (locale pepper quebec) (locale ham kentucky)
    del: (locale ham alsace) (locale pepper oregon)
drink pepper kale oregon quebec moravia quebec oregon :: cost: 1
    add: (locale pepper quebec) (locale kale oregon)
    del: (locale kale quebec) (locale pepper oregon)
drink pepper hamburger oregon quebec moravia quebec oregon :: cost: 1
    add: (locale pepper quebec) (locale hamburger oregon)
    del: (locale hamburger quebec) (locale pepper oregon)
drink pepper cantelope oregon quebec moravia quebec oregon :: cost: 1
    add: (locale pepper quebec) (locale cantelope oregon)
    del: (locale cantelope quebec) (locale pepper oregon)
drink pepper flounder oregon quebec moravia moravia quebec :: cost: 1
    add: (locale pepper quebec) (locale flounder quebec)
    del: (locale flounder moravia) (locale pepper oregon)
drink pepper grapefruit oregon quebec moravia oregon alsace :: cost: 1
    add: (locale pepper quebec) (locale grapefruit alsace)
    del: (locale grapefruit oregon) (locale pepper oregon)
drink pepper wurst oregon quebec moravia alsace kentucky :: cost: 1
    add: (locale pepper quebec) (locale wurst kentucky)
    del: (locale wurst alsace) (locale pepper oregon)
drink pepper arugula oregon quebec moravia moravia quebec :: cost: 1
    add: (locale pepper quebec) (locale arugula quebec)
    del: (locale arugula moravia) (locale pepper oregon)
drink hamburger tofu quebec moravia surrey surrey moravia :: cost: 1
    add: (locale tofu moravia) (locale hamburger moravia)
    del: (locale tofu surrey) (locale hamburger quebec)
drink hamburger snickers quebec moravia surrey alsace kentucky :: cost: 1
    add: (locale snickers kentucky) (locale hamburger moravia)
    del: (locale hamburger quebec) (locale snickers alsace)
drink hamburger popover quebec moravia surrey oregon alsace :: cost: 1
    add: (locale popover alsace) (locale hamburger moravia)
    del: (locale hamburger quebec) (locale popover oregon)
drink hamburger lamb quebec moravia surrey moravia quebec :: cost: 1
    add: (locale lamb quebec) (locale hamburger moravia)
    del: (locale hamburger quebec) (locale lamb moravia)
drink hamburger potato quebec moravia surrey quebec oregon :: cost: 1
    add: (locale potato oregon) (locale hamburger moravia)
    del: (locale potato quebec) (locale hamburger quebec)
drink hamburger melon quebec moravia surrey alsace kentucky :: cost: 1
    add: (locale melon kentucky) (locale hamburger moravia)
    del: (locale hamburger quebec) (locale melon alsace)
drink hamburger beef quebec moravia surrey moravia quebec :: cost: 1
    add: (locale beef quebec) (locale hamburger moravia)
    del: (locale hamburger quebec) (locale beef moravia)
drink hamburger bacon quebec moravia surrey alsace kentucky :: cost: 1
    add: (locale bacon kentucky) (locale hamburger moravia)
    del: (locale hamburger quebec) (locale bacon alsace)
drink hamburger orange quebec moravia surrey quebec oregon :: cost: 1
    add: (locale orange oregon) (locale hamburger moravia)
    del: (locale orange quebec) (locale hamburger quebec)
drink hamburger ham quebec moravia surrey alsace kentucky :: cost: 1
    add: (locale ham kentucky) (locale hamburger moravia)
    del: (locale ham alsace) (locale hamburger quebec)
drink hamburger kale quebec moravia surrey quebec oregon :: cost: 1
    add: (locale kale oregon) (locale hamburger moravia)
    del: (locale kale quebec) (locale hamburger quebec)
drink hamburger pepper quebec moravia surrey oregon alsace :: cost: 1
    add: (locale pepper alsace) (locale hamburger moravia)
    del: (locale hamburger quebec) (locale pepper oregon)
drink hamburger cantelope quebec moravia surrey quebec oregon :: cost: 1
    add: (locale cantelope oregon) (locale hamburger moravia)
    del: (locale hamburger quebec) (locale cantelope quebec)
drink hamburger flounder quebec moravia surrey moravia quebec :: cost: 1
    add: (locale flounder quebec) (locale hamburger moravia)
    del: (locale hamburger quebec) (locale flounder moravia)
drink hamburger grapefruit quebec moravia surrey oregon alsace :: cost: 1
    add: (locale grapefruit alsace) (locale hamburger moravia)
    del: (locale grapefruit oregon) (locale hamburger quebec)
drink hamburger wurst quebec moravia surrey alsace kentucky :: cost: 1
    add: (locale wurst kentucky) (locale hamburger moravia)
    del: (locale hamburger quebec) (locale wurst alsace)
drink hamburger arugula quebec moravia surrey moravia quebec :: cost: 1
    add: (locale arugula quebec) (locale hamburger moravia)
    del: (locale hamburger quebec) (locale arugula moravia)
drink cantelope tofu quebec moravia surrey surrey moravia :: cost: 1
    add: (locale tofu moravia) (locale cantelope moravia)
    del: (locale tofu surrey) (locale cantelope quebec)
drink cantelope snickers quebec moravia surrey alsace kentucky :: cost: 1
    add: (locale snickers kentucky) (locale cantelope moravia)
    del: (locale snickers alsace) (locale cantelope quebec)
drink cantelope popover quebec moravia surrey oregon alsace :: cost: 1
    add: (locale popover alsace) (locale cantelope moravia)
    del: (locale cantelope quebec) (locale popover oregon)
drink cantelope lamb quebec moravia surrey moravia quebec :: cost: 1
    add: (locale lamb quebec) (locale cantelope moravia)
    del: (locale cantelope quebec) (locale lamb moravia)
drink cantelope potato quebec moravia surrey quebec oregon :: cost: 1
    add: (locale potato oregon) (locale cantelope moravia)
    del: (locale potato quebec) (locale cantelope quebec)
drink cantelope melon quebec moravia surrey alsace kentucky :: cost: 1
    add: (locale melon kentucky) (locale cantelope moravia)
    del: (locale cantelope quebec) (locale melon alsace)
drink cantelope beef quebec moravia surrey moravia quebec :: cost: 1
    add: (locale beef quebec) (locale cantelope moravia)
    del: (locale beef moravia) (locale cantelope quebec)
drink cantelope bacon quebec moravia surrey alsace kentucky :: cost: 1
    add: (locale bacon kentucky) (locale cantelope moravia)
    del: (locale bacon alsace) (locale cantelope quebec)
drink cantelope orange quebec moravia surrey quebec oregon :: cost: 1
    add: (locale orange oregon) (locale cantelope moravia)
    del: (locale orange quebec) (locale cantelope quebec)
drink cantelope ham quebec moravia surrey alsace kentucky :: cost: 1
    add: (locale ham kentucky) (locale cantelope moravia)
    del: (locale ham alsace) (locale cantelope quebec)
drink cantelope kale quebec moravia surrey quebec oregon :: cost: 1
    add: (locale kale oregon) (locale cantelope moravia)
    del: (locale kale quebec) (locale cantelope quebec)
drink cantelope pepper quebec moravia surrey oregon alsace :: cost: 1
    add: (locale pepper alsace) (locale cantelope moravia)
    del: (locale cantelope quebec) (locale pepper oregon)
drink cantelope hamburger quebec moravia surrey quebec oregon :: cost: 1
    add: (locale hamburger oregon) (locale cantelope moravia)
    del: (locale hamburger quebec) (locale cantelope quebec)
drink cantelope flounder quebec moravia surrey moravia quebec :: cost: 1
    add: (locale flounder quebec) (locale cantelope moravia)
    del: (locale cantelope quebec) (locale flounder moravia)
drink cantelope grapefruit quebec moravia surrey oregon alsace :: cost: 1
    add: (locale grapefruit alsace) (locale cantelope moravia)
    del: (locale grapefruit oregon) (locale cantelope quebec)
drink cantelope wurst quebec moravia surrey alsace kentucky :: cost: 1
    add: (locale wurst kentucky) (locale cantelope moravia)
    del: (locale cantelope quebec) (locale wurst alsace)
drink cantelope arugula quebec moravia surrey moravia quebec :: cost: 1
    add: (locale arugula quebec) (locale cantelope moravia)
    del: (locale cantelope quebec) (locale arugula moravia)
drink grapefruit tofu oregon quebec moravia surrey moravia :: cost: 1
    add: (locale grapefruit quebec) (locale tofu moravia)
    del: (locale grapefruit oregon) (locale tofu surrey)
drink grapefruit snickers oregon quebec moravia alsace kentucky :: cost: 1
    add: (locale grapefruit quebec) (locale snickers kentucky)
    del: (locale grapefruit oregon) (locale snickers alsace)
drink grapefruit popover oregon quebec moravia oregon alsace :: cost: 1
    add: (locale grapefruit quebec) (locale popover alsace)
    del: (locale grapefruit oregon) (locale popover oregon)
drink grapefruit lamb oregon quebec moravia moravia quebec :: cost: 1
    add: (locale grapefruit quebec) (locale lamb quebec)
    del: (locale grapefruit oregon) (locale lamb moravia)
drink grapefruit potato oregon quebec moravia quebec oregon :: cost: 1
    add: (locale grapefruit quebec) (locale potato oregon)
    del: (locale potato quebec) (locale grapefruit oregon)
drink grapefruit melon oregon quebec moravia alsace kentucky :: cost: 1
    add: (locale grapefruit quebec) (locale melon kentucky)
    del: (locale grapefruit oregon) (locale melon alsace)
drink grapefruit beef oregon quebec moravia moravia quebec :: cost: 1
    add: (locale grapefruit quebec) (locale beef quebec)
    del: (locale grapefruit oregon) (locale beef moravia)
drink grapefruit bacon oregon quebec moravia alsace kentucky :: cost: 1
    add: (locale grapefruit quebec) (locale bacon kentucky)
    del: (locale grapefruit oregon) (locale bacon alsace)
drink grapefruit orange oregon quebec moravia quebec oregon :: cost: 1
    add: (locale grapefruit quebec) (locale orange oregon)
    del: (locale grapefruit oregon) (locale orange quebec)
drink grapefruit ham oregon quebec moravia alsace kentucky :: cost: 1
    add: (locale grapefruit quebec) (locale ham kentucky)
    del: (locale ham alsace) (locale grapefruit oregon)
drink grapefruit kale oregon quebec moravia quebec oregon :: cost: 1
    add: (locale grapefruit quebec) (locale kale oregon)
    del: (locale kale quebec) (locale grapefruit oregon)
drink grapefruit pepper oregon quebec moravia oregon alsace :: cost: 1
    add: (locale grapefruit quebec) (locale pepper alsace)
    del: (locale grapefruit oregon) (locale pepper oregon)
drink grapefruit hamburger oregon quebec moravia quebec oregon :: cost: 1
    add: (locale grapefruit quebec) (locale hamburger oregon)
    del: (locale grapefruit oregon) (locale hamburger quebec)
drink grapefruit cantelope oregon quebec moravia quebec oregon :: cost: 1
    add: (locale grapefruit quebec) (locale cantelope oregon)
    del: (locale grapefruit oregon) (locale cantelope quebec)
drink grapefruit flounder oregon quebec moravia moravia quebec :: cost: 1
    add: (locale grapefruit quebec) (locale flounder quebec)
    del: (locale grapefruit oregon) (locale flounder moravia)
drink grapefruit wurst oregon quebec moravia alsace kentucky :: cost: 1
    add: (locale grapefruit quebec) (locale wurst kentucky)
    del: (locale grapefruit oregon) (locale wurst alsace)
drink grapefruit arugula oregon quebec moravia moravia quebec :: cost: 1
    add: (locale grapefruit quebec) (locale arugula quebec)
    del: (locale grapefruit oregon) (locale arugula moravia)
drink wurst tofu alsace oregon quebec surrey moravia :: cost: 1
    add: (locale tofu moravia) (locale wurst oregon)
    del: (locale tofu surrey) (locale wurst alsace)
drink wurst snickers alsace oregon quebec alsace kentucky :: cost: 1
    add: (locale snickers kentucky) (locale wurst oregon)
    del: (locale snickers alsace) (locale wurst alsace)
drink wurst popover alsace oregon quebec oregon alsace :: cost: 1
    add: (locale popover alsace) (locale wurst oregon)
    del: (locale wurst alsace) (locale popover oregon)
drink wurst lamb alsace oregon quebec moravia quebec :: cost: 1
    add: (locale lamb quebec) (locale wurst oregon)
    del: (locale wurst alsace) (locale lamb moravia)
drink wurst potato alsace oregon quebec quebec oregon :: cost: 1
    add: (locale potato oregon) (locale wurst oregon)
    del: (locale potato quebec) (locale wurst alsace)
drink wurst melon alsace oregon quebec alsace kentucky :: cost: 1
    add: (locale melon kentucky) (locale wurst oregon)
    del: (locale wurst alsace) (locale melon alsace)
drink wurst beef alsace oregon quebec moravia quebec :: cost: 1
    add: (locale beef quebec) (locale wurst oregon)
    del: (locale beef moravia) (locale wurst alsace)
drink wurst bacon alsace oregon quebec alsace kentucky :: cost: 1
    add: (locale bacon kentucky) (locale wurst oregon)
    del: (locale bacon alsace) (locale wurst alsace)
drink wurst orange alsace oregon quebec quebec oregon :: cost: 1
    add: (locale orange oregon) (locale wurst oregon)
    del: (locale orange quebec) (locale wurst alsace)
drink wurst ham alsace oregon quebec alsace kentucky :: cost: 1
    add: (locale ham kentucky) (locale wurst oregon)
    del: (locale ham alsace) (locale wurst alsace)
drink wurst kale alsace oregon quebec quebec oregon :: cost: 1
    add: (locale kale oregon) (locale wurst oregon)
    del: (locale kale quebec) (locale wurst alsace)
drink wurst pepper alsace oregon quebec oregon alsace :: cost: 1
    add: (locale pepper alsace) (locale wurst oregon)
    del: (locale wurst alsace) (locale pepper oregon)
drink wurst hamburger alsace oregon quebec quebec oregon :: cost: 1
    add: (locale hamburger oregon) (locale wurst oregon)
    del: (locale hamburger quebec) (locale wurst alsace)
drink wurst cantelope alsace oregon quebec quebec oregon :: cost: 1
    add: (locale cantelope oregon) (locale wurst oregon)
    del: (locale cantelope quebec) (locale wurst alsace)
drink wurst flounder alsace oregon quebec moravia quebec :: cost: 1
    add: (locale flounder quebec) (locale wurst oregon)
    del: (locale flounder moravia) (locale wurst alsace)
drink wurst grapefruit alsace oregon quebec oregon alsace :: cost: 1
    add: (locale grapefruit alsace) (locale wurst oregon)
    del: (locale grapefruit oregon) (locale wurst alsace)
drink wurst arugula alsace oregon quebec moravia quebec :: cost: 1
    add: (locale arugula quebec) (locale wurst oregon)
    del: (locale arugula moravia) (locale wurst alsace)
Step 3 (craves prostatitis-13 pepper) (harmony triumph pluto) (craves expectation beef) (craves loneliness snickers) (craves satisfaction ham) (locale kale quebec) (locale ham alsace) (craves laceration-11 hamburger) (craves aesthetics flounder) (craves anger popover) (craves anxiety-25 arugula) (craves boils-15 pepper) (harmony satisfaction neptune) (craves jealousy melon) (locale potato quebec) (craves stimulation melon) (locale grapefruit oregon) (harmony expectation pluto) (craves dread-31 cantelope) (craves anger-7 orange) (craves dread beef) (craves loneliness-9 hamburger) (craves hangover-6 ham) (craves grief lamb) (craves boils-32 cantelope) (craves love orange) (locale tofu surrey) (craves depression snickers) (craves angina-30 cantelope) (craves jealousy-16 kale) (craves anxiety potato) (craves learning pepper) (locale orange quebec) (harmony aesthetics neptune) (craves prostatitis popover) (craves intoxication grapefruit) (craves abrasion pork) (locale hamburger quebec) (locale snickers alsace) (locale pork kentucky) (harmony love mars) (craves hangover popover) (craves grief-26 arugula) (craves angina-3 bacon) (craves laceration snickers) (craves jealousy-28 grapefruit) (harmony learning mars) (craves laceration-27 grapefruit) (craves depression-14 pepper) (craves hangover-29 grapefruit) (locale beef moravia) (craves rest pork) (locale bacon alsace) (locale cantelope quebec) (locale flounder moravia) (craves dread-8 bacon) (craves prostatitis-24 arugula) (craves abrasion-5 ham) (locale arugula moravia) (craves angina popover) (locale wurst alsace) (craves triumph tofu) (locale pepper oregon) (craves anxiety-12 pepper) (locale melon alsace) (craves grief-2 pork) (craves anger-10 hamburger) (craves sciatica-4 bacon) (locale popover oregon) (locale lamb moravia) (harmony intoxication neptune) (fears sciatica stimulation) (fears boils stimulation) (fears loneliness-1 rest) (harmony rest mercury) (harmony stimulation mars)
size: 274
overcome jealousy stimulation melon mercury mars :: cost: 1
    add: (fears jealousy stimulation) (harmony stimulation mercury)
    del: (craves jealousy melon) (harmony stimulation mars)
overcome dread expectation beef neptune pluto :: cost: 1
    add: (fears dread expectation) (harmony expectation neptune)
    del: (harmony expectation pluto) (craves dread beef)
overcome anger-7 love orange mercury mars :: cost: 1
    add: (fears anger-7 love) (harmony love mercury)
    del: (craves anger-7 orange) (harmony love mars)
overcome abrasion-5 satisfaction ham mars neptune :: cost: 1
    add: (fears abrasion-5 satisfaction) (harmony satisfaction mars)
    del: (harmony satisfaction neptune) (craves abrasion-5 ham)
overcome hangover-6 satisfaction ham mars neptune :: cost: 1
    add: (harmony satisfaction mars) (fears hangover-6 satisfaction)
    del: (harmony satisfaction neptune) (craves hangover-6 ham)
overcome anxiety-12 learning pepper mercury mars :: cost: 1
    add: (fears anxiety-12 learning) (harmony learning mercury)
    del: (harmony learning mars) (craves anxiety-12 pepper)
overcome prostatitis-13 learning pepper mercury mars :: cost: 1
    add: (harmony learning mercury) (fears prostatitis-13 learning)
    del: (craves prostatitis-13 pepper) (harmony learning mars)
overcome depression-14 learning pepper mercury mars :: cost: 1
    add: (harmony learning mercury) (fears depression-14 learning)
    del: (harmony learning mars) (craves depression-14 pepper)
overcome boils-15 learning pepper mercury mars :: cost: 1
    add: (harmony learning mercury) (fears boils-15 learning)
    del: (craves boils-15 pepper) (harmony learning mars)
overcome laceration-27 intoxication grapefruit mars neptune :: cost: 1
    add: (fears laceration-27 intoxication) (harmony intoxication mars)
    del: (craves laceration-27 grapefruit) (harmony intoxication neptune)
overcome jealousy-28 intoxication grapefruit mars neptune :: cost: 1
    add: (harmony intoxication mars) (fears jealousy-28 intoxication)
    del: (craves jealousy-28 grapefruit) (harmony intoxication neptune)
overcome hangover-29 intoxication grapefruit mars neptune :: cost: 1
    add: (harmony intoxication mars) (fears hangover-29 intoxication)
    del: (craves hangover-29 grapefruit) (harmony intoxication neptune)
feast stimulation melon popover oregon alsace :: cost: 1
    add: (craves stimulation popover) (locale melon oregon)
    del: (craves stimulation melon) (locale melon alsace)
feast stimulation melon potato oregon alsace :: cost: 1
    add: (locale melon oregon) (craves stimulation potato)
    del: (craves stimulation melon) (locale melon alsace)
feast expectation beef snickers surrey moravia :: cost: 1
    add: (craves expectation snickers) (locale beef surrey)
    del: (craves expectation beef) (locale beef moravia)
feast expectation beef orange surrey moravia :: cost: 1
    add: (locale beef surrey) (craves expectation orange)
    del: (craves expectation beef) (locale beef moravia)
feast expectation beef ham surrey moravia :: cost: 1
    add: (locale beef surrey) (craves expectation ham)
    del: (craves expectation beef) (locale beef moravia)
feast expectation beef arugula surrey moravia :: cost: 1
    add: (locale beef surrey) (craves expectation arugula)
    del: (craves expectation beef) (locale beef moravia)
feast rest pork bacon alsace kentucky :: cost: 1
    add: (craves rest bacon) (locale pork alsace)
    del: (locale pork kentucky) (craves rest pork)
feast rest pork orange alsace kentucky :: cost: 1
    add: (locale pork alsace) (craves rest orange)
    del: (locale pork kentucky) (craves rest pork)
feast rest pork ham alsace kentucky :: cost: 1
    add: (locale pork alsace) (craves rest ham)
    del: (locale pork kentucky) (craves rest pork)
feast love orange beef moravia quebec :: cost: 1
    add: (craves love beef) (locale orange moravia)
    del: (craves love orange) (locale orange quebec)
feast love orange pork moravia quebec :: cost: 1
    add: (locale orange moravia) (craves love pork)
    del: (craves love orange) (locale orange quebec)
feast love orange bacon moravia quebec :: cost: 1
    add: (locale orange moravia) (craves love bacon)
    del: (craves love orange) (locale orange quebec)
feast satisfaction ham beef oregon alsace :: cost: 1
    add: (craves satisfaction beef) (locale ham oregon)
    del: (craves satisfaction ham) (locale ham alsace)
feast satisfaction ham pork oregon alsace :: cost: 1
    add: (locale ham oregon) (craves satisfaction pork)
    del: (craves satisfaction ham) (locale ham alsace)
feast learning pepper cantelope quebec oregon :: cost: 1
    add: (craves learning cantelope) (locale pepper quebec)
    del: (craves learning pepper) (locale pepper oregon)
feast learning pepper grapefruit quebec oregon :: cost: 1
    add: (locale pepper quebec) (craves learning grapefruit)
    del: (craves learning pepper) (locale pepper oregon)
feast aesthetics flounder kale surrey moravia :: cost: 1
    add: (craves aesthetics kale) (locale flounder surrey)
    del: (craves aesthetics flounder) (locale flounder moravia)
feast aesthetics flounder cantelope surrey moravia :: cost: 1
    add: (locale flounder surrey) (craves aesthetics cantelope)
    del: (craves aesthetics flounder) (locale flounder moravia)
feast intoxication grapefruit pepper quebec oregon :: cost: 1
    add: (craves intoxication pepper) (locale grapefruit quebec)
    del: (locale grapefruit oregon) (craves intoxication grapefruit)
feast intoxication grapefruit wurst quebec oregon :: cost: 1
    add: (locale grapefruit quebec) (craves intoxication wurst)
    del: (locale grapefruit oregon) (craves intoxication grapefruit)
succumb sciatica stimulation melon mars neptune :: cost: 1
    add: (craves sciatica melon) (harmony stimulation neptune)
    del: (fears sciatica stimulation) (harmony stimulation mars)
succumb boils stimulation melon mars neptune :: cost: 1
    add: (craves boils melon) (harmony stimulation neptune)
    del: (fears boils stimulation) (harmony stimulation mars)
succumb loneliness-1 rest pork mercury mars :: cost: 1
    add: (harmony rest mars) (craves loneliness-1 pork)
    del: (fears loneliness-1 rest) (harmony rest mercury)
drink snickers tofu alsace oregon quebec surrey moravia :: cost: 1
    add: (locale snickers oregon) (locale tofu moravia)
    del: (locale tofu surrey) (locale snickers alsace)
drink snickers popover alsace oregon quebec oregon alsace :: cost: 1
    add: (locale snickers oregon) (locale popover alsace)
    del: (locale snickers alsace) (locale popover oregon)
drink snickers lamb alsace oregon quebec moravia quebec :: cost: 1
    add: (locale snickers oregon) (locale lamb quebec)
    del: (locale snickers alsace) (locale lamb moravia)
drink snickers potato alsace oregon quebec quebec oregon :: cost: 1
    add: (locale snickers oregon) (locale potato oregon)
    del: (locale potato quebec) (locale snickers alsace)
drink snickers melon alsace oregon quebec alsace kentucky :: cost: 1
    add: (locale snickers oregon) (locale melon kentucky)
    del: (locale snickers alsace) (locale melon alsace)
drink snickers beef alsace oregon quebec moravia quebec :: cost: 1
    add: (locale snickers oregon) (locale beef quebec)
    del: (locale snickers alsace) (locale beef moravia)
drink snickers bacon alsace oregon quebec alsace kentucky :: cost: 1
    add: (locale snickers oregon) (locale bacon kentucky)
    del: (locale snickers alsace) (locale bacon alsace)
drink snickers orange alsace oregon quebec quebec oregon :: cost: 1
    add: (locale snickers oregon) (locale orange oregon)
    del: (locale orange quebec) (locale snickers alsace)
drink snickers ham alsace oregon quebec alsace kentucky :: cost: 1
    add: (locale snickers oregon) (locale ham kentucky)
    del: (locale ham alsace) (locale snickers alsace)
drink snickers kale alsace oregon quebec quebec oregon :: cost: 1
    add: (locale snickers oregon) (locale kale oregon)
    del: (locale kale quebec) (locale snickers alsace)
drink snickers pepper alsace oregon quebec oregon alsace :: cost: 1
    add: (locale snickers oregon) (locale pepper alsace)
    del: (locale snickers alsace) (locale pepper oregon)
drink snickers hamburger alsace oregon quebec quebec oregon :: cost: 1
    add: (locale snickers oregon) (locale hamburger oregon)
    del: (locale hamburger quebec) (locale snickers alsace)
drink snickers cantelope alsace oregon quebec quebec oregon :: cost: 1
    add: (locale snickers oregon) (locale cantelope oregon)
    del: (locale snickers alsace) (locale cantelope quebec)
drink snickers flounder alsace oregon quebec moravia quebec :: cost: 1
    add: (locale snickers oregon) (locale flounder quebec)
    del: (locale snickers alsace) (locale flounder moravia)
drink snickers grapefruit alsace oregon quebec oregon alsace :: cost: 1
    add: (locale snickers oregon) (locale grapefruit alsace)
    del: (locale grapefruit oregon) (locale snickers alsace)
drink snickers wurst alsace oregon quebec alsace kentucky :: cost: 1
    add: (locale snickers oregon) (locale wurst kentucky)
    del: (locale snickers alsace) (locale wurst alsace)
drink snickers arugula alsace oregon quebec moravia quebec :: cost: 1
    add: (locale snickers oregon) (locale arugula quebec)
    del: (locale snickers alsace) (locale arugula moravia)
drink popover tofu oregon quebec moravia surrey moravia :: cost: 1
    add: (locale tofu moravia) (locale popover quebec)
    del: (locale tofu surrey) (locale popover oregon)
drink popover snickers oregon quebec moravia alsace kentucky :: cost: 1
    add: (locale popover quebec) (locale snickers kentucky)
    del: (locale snickers alsace) (locale popover oregon)
drink popover lamb oregon quebec moravia moravia quebec :: cost: 1
    add: (locale lamb quebec) (locale popover quebec)
    del: (locale popover oregon) (locale lamb moravia)
drink popover potato oregon quebec moravia quebec oregon :: cost: 1
    add: (locale potato oregon) (locale popover quebec)
    del: (locale potato quebec) (locale popover oregon)
drink popover melon oregon quebec moravia alsace kentucky :: cost: 1
    add: (locale melon kentucky) (locale popover quebec)
    del: (locale melon alsace) (locale popover oregon)
drink popover beef oregon quebec moravia moravia quebec :: cost: 1
    add: (locale beef quebec) (locale popover quebec)
    del: (locale beef moravia) (locale popover oregon)
drink popover bacon oregon quebec moravia alsace kentucky :: cost: 1
    add: (locale bacon kentucky) (locale popover quebec)
    del: (locale bacon alsace) (locale popover oregon)
drink popover orange oregon quebec moravia quebec oregon :: cost: 1
    add: (locale orange oregon) (locale popover quebec)
    del: (locale orange quebec) (locale popover oregon)
drink popover ham oregon quebec moravia alsace kentucky :: cost: 1
    add: (locale ham kentucky) (locale popover quebec)
    del: (locale ham alsace) (locale popover oregon)
drink popover kale oregon quebec moravia quebec oregon :: cost: 1
    add: (locale kale oregon) (locale popover quebec)
    del: (locale kale quebec) (locale popover oregon)
drink popover pepper oregon quebec moravia oregon alsace :: cost: 1
    add: (locale pepper alsace) (locale popover quebec)
    del: (locale pepper oregon) (locale popover oregon)
drink popover hamburger oregon quebec moravia quebec oregon :: cost: 1
    add: (locale hamburger oregon) (locale popover quebec)
    del: (locale hamburger quebec) (locale popover oregon)
drink popover cantelope oregon quebec moravia quebec oregon :: cost: 1
    add: (locale cantelope oregon) (locale popover quebec)
    del: (locale cantelope quebec) (locale popover oregon)
drink popover flounder oregon quebec moravia moravia quebec :: cost: 1
    add: (locale flounder quebec) (locale popover quebec)
    del: (locale flounder moravia) (locale popover oregon)
drink popover grapefruit oregon quebec moravia oregon alsace :: cost: 1
    add: (locale grapefruit alsace) (locale popover quebec)
    del: (locale grapefruit oregon) (locale popover oregon)
drink popover wurst oregon quebec moravia alsace kentucky :: cost: 1
    add: (locale wurst kentucky) (locale popover quebec)
    del: (locale wurst alsace) (locale popover oregon)
drink popover arugula oregon quebec moravia moravia quebec :: cost: 1
    add: (locale arugula quebec) (locale popover quebec)
    del: (locale arugula moravia) (locale popover oregon)
drink potato tofu quebec moravia surrey surrey moravia :: cost: 1
    add: (locale tofu moravia) (locale potato moravia)
    del: (locale potato quebec) (locale tofu surrey)
drink potato snickers quebec moravia surrey alsace kentucky :: cost: 1
    add: (locale snickers kentucky) (locale potato moravia)
    del: (locale potato quebec) (locale snickers alsace)
drink potato popover quebec moravia surrey oregon alsace :: cost: 1
    add: (locale popover alsace) (locale potato moravia)
    del: (locale potato quebec) (locale popover oregon)
drink potato lamb quebec moravia surrey moravia quebec :: cost: 1
    add: (locale lamb quebec) (locale potato moravia)
    del: (locale potato quebec) (locale lamb moravia)
drink potato melon quebec moravia surrey alsace kentucky :: cost: 1
    add: (locale melon kentucky) (locale potato moravia)
    del: (locale potato quebec) (locale melon alsace)
drink potato beef quebec moravia surrey moravia quebec :: cost: 1
    add: (locale beef quebec) (locale potato moravia)
    del: (locale potato quebec) (locale beef moravia)
drink potato bacon quebec moravia surrey alsace kentucky :: cost: 1
    add: (locale bacon kentucky) (locale potato moravia)
    del: (locale potato quebec) (locale bacon alsace)
drink potato orange quebec moravia surrey quebec oregon :: cost: 1
    add: (locale orange oregon) (locale potato moravia)
    del: (locale potato quebec) (locale orange quebec)
drink potato ham quebec moravia surrey alsace kentucky :: cost: 1
    add: (locale ham kentucky) (locale potato moravia)
    del: (locale ham alsace) (locale potato quebec)
drink potato kale quebec moravia surrey quebec oregon :: cost: 1
    add: (locale kale oregon) (locale potato moravia)
    del: (locale kale quebec) (locale potato quebec)
drink potato pepper quebec moravia surrey oregon alsace :: cost: 1
    add: (locale pepper alsace) (locale potato moravia)
    del: (locale potato quebec) (locale pepper oregon)
drink potato hamburger quebec moravia surrey quebec oregon :: cost: 1
    add: (locale hamburger oregon) (locale potato moravia)
    del: (locale potato quebec) (locale hamburger quebec)
drink potato cantelope quebec moravia surrey quebec oregon :: cost: 1
    add: (locale cantelope oregon) (locale potato moravia)
    del: (locale potato quebec) (locale cantelope quebec)
drink potato flounder quebec moravia surrey moravia quebec :: cost: 1
    add: (locale flounder quebec) (locale potato moravia)
    del: (locale potato quebec) (locale flounder moravia)
drink potato grapefruit quebec moravia surrey oregon alsace :: cost: 1
    add: (locale grapefruit alsace) (locale potato moravia)
    del: (locale potato quebec) (locale grapefruit oregon)
drink potato wurst quebec moravia surrey alsace kentucky :: cost: 1
    add: (locale wurst kentucky) (locale potato moravia)
    del: (locale potato quebec) (locale wurst alsace)
drink potato arugula quebec moravia surrey moravia quebec :: cost: 1
    add: (locale arugula quebec) (locale potato moravia)
    del: (locale potato quebec) (locale arugula moravia)
drink melon tofu alsace oregon quebec surrey moravia :: cost: 1
    add: (locale melon oregon) (locale tofu moravia)
    del: (locale tofu surrey) (locale melon alsace)
drink melon snickers alsace oregon quebec alsace kentucky :: cost: 1
    add: (locale melon oregon) (locale snickers kentucky)
    del: (locale snickers alsace) (locale melon alsace)
drink melon popover alsace oregon quebec oregon alsace :: cost: 1
    add: (locale melon oregon) (locale popover alsace)
    del: (locale melon alsace) (locale popover oregon)
drink melon lamb alsace oregon quebec moravia quebec :: cost: 1
    add: (locale melon oregon) (locale lamb quebec)
    del: (locale melon alsace) (locale lamb moravia)
drink melon potato alsace oregon quebec quebec oregon :: cost: 1
    add: (locale melon oregon) (locale potato oregon)
    del: (locale potato quebec) (locale melon alsace)
drink melon beef alsace oregon quebec moravia quebec :: cost: 1
    add: (locale melon oregon) (locale beef quebec)
    del: (locale beef moravia) (locale melon alsace)
drink melon bacon alsace oregon quebec alsace kentucky :: cost: 1
    add: (locale melon oregon) (locale bacon kentucky)
    del: (locale bacon alsace) (locale melon alsace)
drink melon orange alsace oregon quebec quebec oregon :: cost: 1
    add: (locale melon oregon) (locale orange oregon)
    del: (locale orange quebec) (locale melon alsace)
drink melon ham alsace oregon quebec alsace kentucky :: cost: 1
    add: (locale melon oregon) (locale ham kentucky)
    del: (locale ham alsace) (locale melon alsace)
drink melon kale alsace oregon quebec quebec oregon :: cost: 1
    add: (locale melon oregon) (locale kale oregon)
    del: (locale kale quebec) (locale melon alsace)
drink melon pepper alsace oregon quebec oregon alsace :: cost: 1
    add: (locale melon oregon) (locale pepper alsace)
    del: (locale pepper oregon) (locale melon alsace)
drink melon hamburger alsace oregon quebec quebec oregon :: cost: 1
    add: (locale melon oregon) (locale hamburger oregon)
    del: (locale hamburger quebec) (locale melon alsace)
drink melon cantelope alsace oregon quebec quebec oregon :: cost: 1
    add: (locale melon oregon) (locale cantelope oregon)
    del: (locale cantelope quebec) (locale melon alsace)
drink melon flounder alsace oregon quebec moravia quebec :: cost: 1
    add: (locale melon oregon) (locale flounder quebec)
    del: (locale flounder moravia) (locale melon alsace)
drink melon grapefruit alsace oregon quebec oregon alsace :: cost: 1
    add: (locale melon oregon) (locale grapefruit alsace)
    del: (locale grapefruit oregon) (locale melon alsace)
drink melon wurst alsace oregon quebec alsace kentucky :: cost: 1
    add: (locale melon oregon) (locale wurst kentucky)
    del: (locale wurst alsace) (locale melon alsace)
drink melon arugula alsace oregon quebec moravia quebec :: cost: 1
    add: (locale melon oregon) (locale arugula quebec)
    del: (locale arugula moravia) (locale melon alsace)
drink pork tofu kentucky alsace oregon surrey moravia :: cost: 1
    add: (locale pork alsace) (locale tofu moravia)
    del: (locale tofu surrey) (locale pork kentucky)
drink pork snickers kentucky alsace oregon alsace kentucky :: cost: 1
    add: (locale pork alsace) (locale snickers kentucky)
    del: (locale snickers alsace) (locale pork kentucky)
drink pork popover kentucky alsace oregon oregon alsace :: cost: 1
    add: (locale pork alsace) (locale popover alsace)
    del: (locale pork kentucky) (locale popover oregon)
drink pork lamb kentucky alsace oregon moravia quebec :: cost: 1
    add: (locale pork alsace) (locale lamb quebec)
    del: (locale pork kentucky) (locale lamb moravia)
drink pork potato kentucky alsace oregon quebec oregon :: cost: 1
    add: (locale pork alsace) (locale potato oregon)
    del: (locale potato quebec) (locale pork kentucky)
drink pork melon kentucky alsace oregon alsace kentucky :: cost: 1
    add: (locale pork alsace) (locale melon kentucky)
    del: (locale pork kentucky) (locale melon alsace)
drink pork beef kentucky alsace oregon moravia quebec :: cost: 1
    add: (locale pork alsace) (locale beef quebec)
    del: (locale pork kentucky) (locale beef moravia)
drink pork bacon kentucky alsace oregon alsace kentucky :: cost: 1
    add: (locale pork alsace) (locale bacon kentucky)
    del: (locale pork kentucky) (locale bacon alsace)
drink pork orange kentucky alsace oregon quebec oregon :: cost: 1
    add: (locale pork alsace) (locale orange oregon)
    del: (locale orange quebec) (locale pork kentucky)
drink pork ham kentucky alsace oregon alsace kentucky :: cost: 1
    add: (locale pork alsace) (locale ham kentucky)
    del: (locale ham alsace) (locale pork kentucky)
drink pork kale kentucky alsace oregon quebec oregon :: cost: 1
    add: (locale pork alsace) (locale kale oregon)
    del: (locale kale quebec) (locale pork kentucky)
drink pork pepper kentucky alsace oregon oregon alsace :: cost: 1
    add: (locale pork alsace) (locale pepper alsace)
    del: (locale pork kentucky) (locale pepper oregon)
drink pork hamburger kentucky alsace oregon quebec oregon :: cost: 1
    add: (locale pork alsace) (locale hamburger oregon)
    del: (locale hamburger quebec) (locale pork kentucky)
drink pork cantelope kentucky alsace oregon quebec oregon :: cost: 1
    add: (locale pork alsace) (locale cantelope oregon)
    del: (locale pork kentucky) (locale cantelope quebec)
drink pork flounder kentucky alsace oregon moravia quebec :: cost: 1
    add: (locale pork alsace) (locale flounder quebec)
    del: (locale pork kentucky) (locale flounder moravia)
drink pork grapefruit kentucky alsace oregon oregon alsace :: cost: 1
    add: (locale pork alsace) (locale grapefruit alsace)
    del: (locale grapefruit oregon) (locale pork kentucky)
drink pork wurst kentucky alsace oregon alsace kentucky :: cost: 1
    add: (locale pork alsace) (locale wurst kentucky)
    del: (locale pork kentucky) (locale wurst alsace)
drink pork arugula kentucky alsace oregon moravia quebec :: cost: 1
    add: (locale pork alsace) (locale arugula quebec)
    del: (locale pork kentucky) (locale arugula moravia)
drink bacon tofu alsace oregon quebec surrey moravia :: cost: 1
    add: (locale tofu moravia) (locale bacon oregon)
    del: (locale tofu surrey) (locale bacon alsace)
drink bacon snickers alsace oregon quebec alsace kentucky :: cost: 1
    add: (locale snickers kentucky) (locale bacon oregon)
    del: (locale snickers alsace) (locale bacon alsace)
drink bacon popover alsace oregon quebec oregon alsace :: cost: 1
    add: (locale popover alsace) (locale bacon oregon)
    del: (locale bacon alsace) (locale popover oregon)
drink bacon lamb alsace oregon quebec moravia quebec :: cost: 1
    add: (locale lamb quebec) (locale bacon oregon)
    del: (locale bacon alsace) (locale lamb moravia)
drink bacon potato alsace oregon quebec quebec oregon :: cost: 1
    add: (locale potato oregon) (locale bacon oregon)
    del: (locale potato quebec) (locale bacon alsace)
drink bacon melon alsace oregon quebec alsace kentucky :: cost: 1
    add: (locale melon kentucky) (locale bacon oregon)
    del: (locale bacon alsace) (locale melon alsace)
drink bacon beef alsace oregon quebec moravia quebec :: cost: 1
    add: (locale beef quebec) (locale bacon oregon)
    del: (locale beef moravia) (locale bacon alsace)
drink bacon orange alsace oregon quebec quebec oregon :: cost: 1
    add: (locale orange oregon) (locale bacon oregon)
    del: (locale orange quebec) (locale bacon alsace)
drink bacon ham alsace oregon quebec alsace kentucky :: cost: 1
    add: (locale ham kentucky) (locale bacon oregon)
    del: (locale ham alsace) (locale bacon alsace)
drink bacon kale alsace oregon quebec quebec oregon :: cost: 1
    add: (locale kale oregon) (locale bacon oregon)
    del: (locale kale quebec) (locale bacon alsace)
drink bacon pepper alsace oregon quebec oregon alsace :: cost: 1
    add: (locale pepper alsace) (locale bacon oregon)
    del: (locale bacon alsace) (locale pepper oregon)
drink bacon hamburger alsace oregon quebec quebec oregon :: cost: 1
    add: (locale hamburger oregon) (locale bacon oregon)
    del: (locale hamburger quebec) (locale bacon alsace)
drink bacon cantelope alsace oregon quebec quebec oregon :: cost: 1
    add: (locale cantelope oregon) (locale bacon oregon)
    del: (locale bacon alsace) (locale cantelope quebec)
drink bacon flounder alsace oregon quebec moravia quebec :: cost: 1
    add: (locale flounder quebec) (locale bacon oregon)
    del: (locale bacon alsace) (locale flounder moravia)
drink bacon grapefruit alsace oregon quebec oregon alsace :: cost: 1
    add: (locale grapefruit alsace) (locale bacon oregon)
    del: (locale grapefruit oregon) (locale bacon alsace)
drink bacon wurst alsace oregon quebec alsace kentucky :: cost: 1
    add: (locale wurst kentucky) (locale bacon oregon)
    del: (locale bacon alsace) (locale wurst alsace)
drink bacon arugula alsace oregon quebec moravia quebec :: cost: 1
    add: (locale arugula quebec) (locale bacon oregon)
    del: (locale bacon alsace) (locale arugula moravia)
drink orange tofu quebec moravia surrey surrey moravia :: cost: 1
    add: (locale orange moravia) (locale tofu moravia)
    del: (locale tofu surrey) (locale orange quebec)
drink orange snickers quebec moravia surrey alsace kentucky :: cost: 1
    add: (locale orange moravia) (locale snickers kentucky)
    del: (locale orange quebec) (locale snickers alsace)
drink orange popover quebec moravia surrey oregon alsace :: cost: 1
    add: (locale orange moravia) (locale popover alsace)
    del: (locale orange quebec) (locale popover oregon)
drink orange lamb quebec moravia surrey moravia quebec :: cost: 1
    add: (locale orange moravia) (locale lamb quebec)
    del: (locale orange quebec) (locale lamb moravia)
drink orange potato quebec moravia surrey quebec oregon :: cost: 1
    add: (locale orange moravia) (locale potato oregon)
    del: (locale potato quebec) (locale orange quebec)
drink orange melon quebec moravia surrey alsace kentucky :: cost: 1
    add: (locale orange moravia) (locale melon kentucky)
    del: (locale orange quebec) (locale melon alsace)
drink orange beef quebec moravia surrey moravia quebec :: cost: 1
    add: (locale orange moravia) (locale beef quebec)
    del: (locale orange quebec) (locale beef moravia)
drink orange bacon quebec moravia surrey alsace kentucky :: cost: 1
    add: (locale orange moravia) (locale bacon kentucky)
    del: (locale orange quebec) (locale bacon alsace)
drink orange ham quebec moravia surrey alsace kentucky :: cost: 1
    add: (locale orange moravia) (locale ham kentucky)
    del: (locale ham alsace) (locale orange quebec)
drink orange kale quebec moravia surrey quebec oregon :: cost: 1
    add: (locale orange moravia) (locale kale oregon)
    del: (locale kale quebec) (locale orange quebec)
drink orange pepper quebec moravia surrey oregon alsace :: cost: 1
    add: (locale orange moravia) (locale pepper alsace)
    del: (locale orange quebec) (locale pepper oregon)
drink orange hamburger quebec moravia surrey quebec oregon :: cost: 1
    add: (locale orange moravia) (locale hamburger oregon)
    del: (locale orange quebec) (locale hamburger quebec)
drink orange cantelope quebec moravia surrey quebec oregon :: cost: 1
    add: (locale orange moravia) (locale cantelope oregon)
    del: (locale orange quebec) (locale cantelope quebec)
drink orange flounder quebec moravia surrey moravia quebec :: cost: 1
    add: (locale orange moravia) (locale flounder quebec)
    del: (locale orange quebec) (locale flounder moravia)
drink orange grapefruit quebec moravia surrey oregon alsace :: cost: 1
    add: (locale orange moravia) (locale grapefruit alsace)
    del: (locale grapefruit oregon) (locale orange quebec)
drink orange wurst quebec moravia surrey alsace kentucky :: cost: 1
    add: (locale orange moravia) (locale wurst kentucky)
    del: (locale orange quebec) (locale wurst alsace)
drink orange arugula quebec moravia surrey moravia quebec :: cost: 1
    add: (locale orange moravia) (locale arugula quebec)
    del: (locale orange quebec) (locale arugula moravia)
drink ham tofu alsace oregon quebec surrey moravia :: cost: 1
    add: (locale ham oregon) (locale tofu moravia)
    del: (locale ham alsace) (locale tofu surrey)
drink ham snickers alsace oregon quebec alsace kentucky :: cost: 1
    add: (locale ham oregon) (locale snickers kentucky)
    del: (locale ham alsace) (locale snickers alsace)
drink ham popover alsace oregon quebec oregon alsace :: cost: 1
    add: (locale ham oregon) (locale popover alsace)
    del: (locale ham alsace) (locale popover oregon)
drink ham lamb alsace oregon quebec moravia quebec :: cost: 1
    add: (locale ham oregon) (locale lamb quebec)
    del: (locale ham alsace) (locale lamb moravia)
drink ham potato alsace oregon quebec quebec oregon :: cost: 1
    add: (locale ham oregon) (locale potato oregon)
    del: (locale ham alsace) (locale potato quebec)
drink ham melon alsace oregon quebec alsace kentucky :: cost: 1
    add: (locale ham oregon) (locale melon kentucky)
    del: (locale ham alsace) (locale melon alsace)
drink ham beef alsace oregon quebec moravia quebec :: cost: 1
    add: (locale ham oregon) (locale beef quebec)
    del: (locale ham alsace) (locale beef moravia)
drink ham bacon alsace oregon quebec alsace kentucky :: cost: 1
    add: (locale ham oregon) (locale bacon kentucky)
    del: (locale ham alsace) (locale bacon alsace)
drink ham orange alsace oregon quebec quebec oregon :: cost: 1
    add: (locale ham oregon) (locale orange oregon)
    del: (locale ham alsace) (locale orange quebec)
drink ham kale alsace oregon quebec quebec oregon :: cost: 1
    add: (locale ham oregon) (locale kale oregon)
    del: (locale kale quebec) (locale ham alsace)
drink ham pepper alsace oregon quebec oregon alsace :: cost: 1
    add: (locale ham oregon) (locale pepper alsace)
    del: (locale ham alsace) (locale pepper oregon)
drink ham hamburger alsace oregon quebec quebec oregon :: cost: 1
    add: (locale ham oregon) (locale hamburger oregon)
    del: (locale ham alsace) (locale hamburger quebec)
drink ham cantelope alsace oregon quebec quebec oregon :: cost: 1
    add: (locale ham oregon) (locale cantelope oregon)
    del: (locale ham alsace) (locale cantelope quebec)
drink ham flounder alsace oregon quebec moravia quebec :: cost: 1
    add: (locale ham oregon) (locale flounder quebec)
    del: (locale ham alsace) (locale flounder moravia)
drink ham grapefruit alsace oregon quebec oregon alsace :: cost: 1
    add: (locale ham oregon) (locale grapefruit alsace)
    del: (locale ham alsace) (locale grapefruit oregon)
drink ham wurst alsace oregon quebec alsace kentucky :: cost: 1
    add: (locale ham oregon) (locale wurst kentucky)
    del: (locale ham alsace) (locale wurst alsace)
drink ham arugula alsace oregon quebec moravia quebec :: cost: 1
    add: (locale ham oregon) (locale arugula quebec)
    del: (locale ham alsace) (locale arugula moravia)
drink kale tofu quebec moravia surrey surrey moravia :: cost: 1
    add: (locale tofu moravia) (locale kale moravia)
    del: (locale kale quebec) (locale tofu surrey)
drink kale snickers quebec moravia surrey alsace kentucky :: cost: 1
    add: (locale snickers kentucky) (locale kale moravia)
    del: (locale kale quebec) (locale snickers alsace)
drink kale popover quebec moravia surrey oregon alsace :: cost: 1
    add: (locale popover alsace) (locale kale moravia)
    del: (locale kale quebec) (locale popover oregon)
drink kale lamb quebec moravia surrey moravia quebec :: cost: 1
    add: (locale lamb quebec) (locale kale moravia)
    del: (locale kale quebec) (locale lamb moravia)
drink kale potato quebec moravia surrey quebec oregon :: cost: 1
    add: (locale potato oregon) (locale kale moravia)
    del: (locale kale quebec) (locale potato quebec)
drink kale melon quebec moravia surrey alsace kentucky :: cost: 1
    add: (locale melon kentucky) (locale kale moravia)
    del: (locale kale quebec) (locale melon alsace)
drink kale beef quebec moravia surrey moravia quebec :: cost: 1
    add: (locale beef quebec) (locale kale moravia)
    del: (locale kale quebec) (locale beef moravia)
drink kale bacon quebec moravia surrey alsace kentucky :: cost: 1
    add: (locale bacon kentucky) (locale kale moravia)
    del: (locale kale quebec) (locale bacon alsace)
drink kale orange quebec moravia surrey quebec oregon :: cost: 1
    add: (locale orange oregon) (locale kale moravia)
    del: (locale kale quebec) (locale orange quebec)
drink kale ham quebec moravia surrey alsace kentucky :: cost: 1
    add: (locale ham kentucky) (locale kale moravia)
    del: (locale kale quebec) (locale ham alsace)
drink kale pepper quebec moravia surrey oregon alsace :: cost: 1
    add: (locale pepper alsace) (locale kale moravia)
    del: (locale kale quebec) (locale pepper oregon)
drink kale hamburger quebec moravia surrey quebec oregon :: cost: 1
    add: (locale hamburger oregon) (locale kale moravia)
    del: (locale kale quebec) (locale hamburger quebec)
drink kale cantelope quebec moravia surrey quebec oregon :: cost: 1
    add: (locale cantelope oregon) (locale kale moravia)
    del: (locale kale quebec) (locale cantelope quebec)
drink kale flounder quebec moravia surrey moravia quebec :: cost: 1
    add: (locale flounder quebec) (locale kale moravia)
    del: (locale kale quebec) (locale flounder moravia)
drink kale grapefruit quebec moravia surrey oregon alsace :: cost: 1
    add: (locale grapefruit alsace) (locale kale moravia)
    del: (locale kale quebec) (locale grapefruit oregon)
drink kale wurst quebec moravia surrey alsace kentucky :: cost: 1
    add: (locale wurst kentucky) (locale kale moravia)
    del: (locale kale quebec) (locale wurst alsace)
drink kale arugula quebec moravia surrey moravia quebec :: cost: 1
    add: (locale arugula quebec) (locale kale moravia)
    del: (locale kale quebec) (locale arugula moravia)
drink pepper tofu oregon quebec moravia surrey moravia :: cost: 1
    add: (locale pepper quebec) (locale tofu moravia)
    del: (locale tofu surrey) (locale pepper oregon)
drink pepper snickers oregon quebec moravia alsace kentucky :: cost: 1
    add: (locale pepper quebec) (locale snickers kentucky)
    del: (locale snickers alsace) (locale pepper oregon)
drink pepper popover oregon quebec moravia oregon alsace :: cost: 1
    add: (locale pepper quebec) (locale popover alsace)
    del: (locale pepper oregon) (locale popover oregon)
drink pepper lamb oregon quebec moravia moravia quebec :: cost: 1
    add: (locale pepper quebec) (locale lamb quebec)
    del: (locale pepper oregon) (locale lamb moravia)
drink pepper potato oregon quebec moravia quebec oregon :: cost: 1
    add: (locale pepper quebec) (locale potato oregon)
    del: (locale potato quebec) (locale pepper oregon)
drink pepper melon oregon quebec moravia alsace kentucky :: cost: 1
    add: (locale pepper quebec) (locale melon kentucky)
    del: (locale pepper oregon) (locale melon alsace)
drink pepper beef oregon quebec moravia moravia quebec :: cost: 1
    add: (locale pepper quebec) (locale beef quebec)
    del: (locale beef moravia) (locale pepper oregon)
drink pepper bacon oregon quebec moravia alsace kentucky :: cost: 1
    add: (locale pepper quebec) (locale bacon kentucky)
    del: (locale bacon alsace) (locale pepper oregon)
drink pepper orange oregon quebec moravia quebec oregon :: cost: 1
    add: (locale pepper quebec) (locale orange oregon)
    del: (locale orange quebec) (locale pepper oregon)
drink pepper ham oregon quebec moravia alsace kentucky :: cost: 1
    add: (locale pepper quebec) (locale ham kentucky)
    del: (locale ham alsace) (locale pepper oregon)
drink pepper kale oregon quebec moravia quebec oregon :: cost: 1
    add: (locale pepper quebec) (locale kale oregon)
    del: (locale kale quebec) (locale pepper oregon)
drink pepper hamburger oregon quebec moravia quebec oregon :: cost: 1
    add: (locale pepper quebec) (locale hamburger oregon)
    del: (locale hamburger quebec) (locale pepper oregon)
drink pepper cantelope oregon quebec moravia quebec oregon :: cost: 1
    add: (locale pepper quebec) (locale cantelope oregon)
    del: (locale cantelope quebec) (locale pepper oregon)
drink pepper flounder oregon quebec moravia moravia quebec :: cost: 1
    add: (locale pepper quebec) (locale flounder quebec)
    del: (locale flounder moravia) (locale pepper oregon)
drink pepper grapefruit oregon quebec moravia oregon alsace :: cost: 1
    add: (locale pepper quebec) (locale grapefruit alsace)
    del: (locale grapefruit oregon) (locale pepper oregon)
drink pepper wurst oregon quebec moravia alsace kentucky :: cost: 1
    add: (locale pepper quebec) (locale wurst kentucky)
    del: (locale wurst alsace) (locale pepper oregon)
drink pepper arugula oregon quebec moravia moravia quebec :: cost: 1
    add: (locale pepper quebec) (locale arugula quebec)
    del: (locale arugula moravia) (locale pepper oregon)
drink hamburger tofu quebec moravia surrey surrey moravia :: cost: 1
    add: (locale tofu moravia) (locale hamburger moravia)
    del: (locale tofu surrey) (locale hamburger quebec)
drink hamburger snickers quebec moravia surrey alsace kentucky :: cost: 1
    add: (locale snickers kentucky) (locale hamburger moravia)
    del: (locale hamburger quebec) (locale snickers alsace)
drink hamburger popover quebec moravia surrey oregon alsace :: cost: 1
    add: (locale popover alsace) (locale hamburger moravia)
    del: (locale hamburger quebec) (locale popover oregon)
drink hamburger lamb quebec moravia surrey moravia quebec :: cost: 1
    add: (locale lamb quebec) (locale hamburger moravia)
    del: (locale hamburger quebec) (locale lamb moravia)
drink hamburger potato quebec moravia surrey quebec oregon :: cost: 1
    add: (locale potato oregon) (locale hamburger moravia)
    del: (locale potato quebec) (locale hamburger quebec)
drink hamburger melon quebec moravia surrey alsace kentucky :: cost: 1
    add: (locale melon kentucky) (locale hamburger moravia)
    del: (locale hamburger quebec) (locale melon alsace)
drink hamburger beef quebec moravia surrey moravia quebec :: cost: 1
    add: (locale beef quebec) (locale hamburger moravia)
    del: (locale hamburger quebec) (locale beef moravia)
drink hamburger bacon quebec moravia surrey alsace kentucky :: cost: 1
    add: (locale bacon kentucky) (locale hamburger moravia)
    del: (locale hamburger quebec) (locale bacon alsace)
drink hamburger orange quebec moravia surrey quebec oregon :: cost: 1
    add: (locale orange oregon) (locale hamburger moravia)
    del: (locale orange quebec) (locale hamburger quebec)
drink hamburger ham quebec moravia surrey alsace kentucky :: cost: 1
    add: (locale ham kentucky) (locale hamburger moravia)
    del: (locale ham alsace) (locale hamburger quebec)
drink hamburger kale quebec moravia surrey quebec oregon :: cost: 1
    add: (locale kale oregon) (locale hamburger moravia)
    del: (locale kale quebec) (locale hamburger quebec)
drink hamburger pepper quebec moravia surrey oregon alsace :: cost: 1
    add: (locale pepper alsace) (locale hamburger moravia)
    del: (locale hamburger quebec) (locale pepper oregon)
drink hamburger cantelope quebec moravia surrey quebec oregon :: cost: 1
    add: (locale cantelope oregon) (locale hamburger moravia)
    del: (locale hamburger quebec) (locale cantelope quebec)
drink hamburger flounder quebec moravia surrey moravia quebec :: cost: 1
    add: (locale flounder quebec) (locale hamburger moravia)
    del: (locale hamburger quebec) (locale flounder moravia)
drink hamburger grapefruit quebec moravia surrey oregon alsace :: cost: 1
    add: (locale grapefruit alsace) (locale hamburger moravia)
    del: (locale grapefruit oregon) (locale hamburger quebec)
drink hamburger wurst quebec moravia surrey alsace kentucky :: cost: 1
    add: (locale wurst kentucky) (locale hamburger moravia)
    del: (locale hamburger quebec) (locale wurst alsace)
drink hamburger arugula quebec moravia surrey moravia quebec :: cost: 1
    add: (locale arugula quebec) (locale hamburger moravia)
    del: (locale hamburger quebec) (locale arugula moravia)
drink cantelope tofu quebec moravia surrey surrey moravia :: cost: 1
    add: (locale tofu moravia) (locale cantelope moravia)
    del: (locale tofu surrey) (locale cantelope quebec)
drink cantelope snickers quebec moravia surrey alsace kentucky :: cost: 1
    add: (locale snickers kentucky) (locale cantelope moravia)
    del: (locale snickers alsace) (locale cantelope quebec)
drink cantelope popover quebec moravia surrey oregon alsace :: cost: 1
    add: (locale popover alsace) (locale cantelope moravia)
    del: (locale cantelope quebec) (locale popover oregon)
drink cantelope lamb quebec moravia surrey moravia quebec :: cost: 1
    add: (locale lamb quebec) (locale cantelope moravia)
    del: (locale cantelope quebec) (locale lamb moravia)
drink cantelope potato quebec moravia surrey quebec oregon :: cost: 1
    add: (locale potato oregon) (locale cantelope moravia)
    del: (locale potato quebec) (locale cantelope quebec)
drink cantelope melon quebec moravia surrey alsace kentucky :: cost: 1
    add: (locale melon kentucky) (locale cantelope moravia)
    del: (locale cantelope quebec) (locale melon alsace)
drink cantelope beef quebec moravia surrey moravia quebec :: cost: 1
    add: (locale beef quebec) (locale cantelope moravia)
    del: (locale beef moravia) (locale cantelope quebec)
drink cantelope bacon quebec moravia surrey alsace kentucky :: cost: 1
    add: (locale bacon kentucky) (locale cantelope moravia)
    del: (locale bacon alsace) (locale cantelope quebec)
drink cantelope orange quebec moravia surrey quebec oregon :: cost: 1
    add: (locale orange oregon) (locale cantelope moravia)
    del: (locale orange quebec) (locale cantelope quebec)
drink cantelope ham quebec moravia surrey alsace kentucky :: cost: 1
    add: (locale ham kentucky) (locale cantelope moravia)
    del: (locale ham alsace) (locale cantelope quebec)
drink cantelope kale quebec moravia surrey quebec oregon :: cost: 1
    add: (locale kale oregon) (locale cantelope moravia)
    del: (locale kale quebec) (locale cantelope quebec)
drink cantelope pepper quebec moravia surrey oregon alsace :: cost: 1
    add: (locale pepper alsace) (locale cantelope moravia)
    del: (locale cantelope quebec) (locale pepper oregon)
drink cantelope hamburger quebec moravia surrey quebec oregon :: cost: 1
    add: (locale hamburger oregon) (locale cantelope moravia)
    del: (locale hamburger quebec) (locale cantelope quebec)
drink cantelope flounder quebec moravia surrey moravia quebec :: cost: 1
    add: (locale flounder quebec) (locale cantelope moravia)
    del: (locale cantelope quebec) (locale flounder moravia)
drink cantelope grapefruit quebec moravia surrey oregon alsace :: cost: 1
    add: (locale grapefruit alsace) (locale cantelope moravia)
    del: (locale grapefruit oregon) (locale cantelope quebec)
drink cantelope wurst quebec moravia surrey alsace kentucky :: cost: 1
    add: (locale wurst kentucky) (locale cantelope moravia)
    del: (locale cantelope quebec) (locale wurst alsace)
drink cantelope arugula quebec moravia surrey moravia quebec :: cost: 1
    add: (locale arugula quebec) (locale cantelope moravia)
    del: (locale cantelope quebec) (locale arugula moravia)
drink grapefruit tofu oregon quebec moravia surrey moravia :: cost: 1
    add: (locale grapefruit quebec) (locale tofu moravia)
    del: (locale grapefruit oregon) (locale tofu surrey)
drink grapefruit snickers oregon quebec moravia alsace kentucky :: cost: 1
    add: (locale grapefruit quebec) (locale snickers kentucky)
    del: (locale grapefruit oregon) (locale snickers alsace)
drink grapefruit popover oregon quebec moravia oregon alsace :: cost: 1
    add: (locale grapefruit quebec) (locale popover alsace)
    del: (locale grapefruit oregon) (locale popover oregon)
drink grapefruit lamb oregon quebec moravia moravia quebec :: cost: 1
    add: (locale grapefruit quebec) (locale lamb quebec)
    del: (locale grapefruit oregon) (locale lamb moravia)
drink grapefruit potato oregon quebec moravia quebec oregon :: cost: 1
    add: (locale grapefruit quebec) (locale potato oregon)
    del: (locale potato quebec) (locale grapefruit oregon)
drink grapefruit melon oregon quebec moravia alsace kentucky :: cost: 1
    add: (locale grapefruit quebec) (locale melon kentucky)
    del: (locale grapefruit oregon) (locale melon alsace)
drink grapefruit beef oregon quebec moravia moravia quebec :: cost: 1
    add: (locale grapefruit quebec) (locale beef quebec)
    del: (locale grapefruit oregon) (locale beef moravia)
drink grapefruit bacon oregon quebec moravia alsace kentucky :: cost: 1
    add: (locale grapefruit quebec) (locale bacon kentucky)
    del: (locale grapefruit oregon) (locale bacon alsace)
drink grapefruit orange oregon quebec moravia quebec oregon :: cost: 1
    add: (locale grapefruit quebec) (locale orange oregon)
    del: (locale grapefruit oregon) (locale orange quebec)
drink grapefruit ham oregon quebec moravia alsace kentucky :: cost: 1
    add: (locale grapefruit quebec) (locale ham kentucky)
    del: (locale ham alsace) (locale grapefruit oregon)
drink grapefruit kale oregon quebec moravia quebec oregon :: cost: 1
    add: (locale grapefruit quebec) (locale kale oregon)
    del: (locale kale quebec) (locale grapefruit oregon)
drink grapefruit pepper oregon quebec moravia oregon alsace :: cost: 1
    add: (locale grapefruit quebec) (locale pepper alsace)
    del: (locale grapefruit oregon) (locale pepper oregon)
drink grapefruit hamburger oregon quebec moravia quebec oregon :: cost: 1
    add: (locale grapefruit quebec) (locale hamburger oregon)
    del: (locale grapefruit oregon) (locale hamburger quebec)
drink grapefruit cantelope oregon quebec moravia quebec oregon :: cost: 1
    add: (locale grapefruit quebec) (locale cantelope oregon)
    del: (locale grapefruit oregon) (locale cantelope quebec)
drink grapefruit flounder oregon quebec moravia moravia quebec :: cost: 1
    add: (locale grapefruit quebec) (locale flounder quebec)
    del: (locale grapefruit oregon) (locale flounder moravia)
drink grapefruit wurst oregon quebec moravia alsace kentucky :: cost: 1
    add: (locale grapefruit quebec) (locale wurst kentucky)
    del: (locale grapefruit oregon) (locale wurst alsace)
drink grapefruit arugula oregon quebec moravia moravia quebec :: cost: 1
    add: (locale grapefruit quebec) (locale arugula quebec)
    del: (locale grapefruit oregon) (locale arugula moravia)
drink wurst tofu alsace oregon quebec surrey moravia :: cost: 1
    add: (locale tofu moravia) (locale wurst oregon)
    del: (locale tofu surrey) (locale wurst alsace)
drink wurst snickers alsace oregon quebec alsace kentucky :: cost: 1
    add: (locale snickers kentucky) (locale wurst oregon)
    del: (locale snickers alsace) (locale wurst alsace)
drink wurst popover alsace oregon quebec oregon alsace :: cost: 1
    add: (locale popover alsace) (locale wurst oregon)
    del: (locale wurst alsace) (locale popover oregon)
drink wurst lamb alsace oregon quebec moravia quebec :: cost: 1
    add: (locale lamb quebec) (locale wurst oregon)
    del: (locale wurst alsace) (locale lamb moravia)
drink wurst potato alsace oregon quebec quebec oregon :: cost: 1
    add: (locale potato oregon) (locale wurst oregon)
    del: (locale potato quebec) (locale wurst alsace)
drink wurst melon alsace oregon quebec alsace kentucky :: cost: 1
    add: (locale melon kentucky) (locale wurst oregon)
    del: (locale wurst alsace) (locale melon alsace)
drink wurst beef alsace oregon quebec moravia quebec :: cost: 1
    add: (locale beef quebec) (locale wurst oregon)
    del: (locale beef moravia) (locale wurst alsace)
drink wurst bacon alsace oregon quebec alsace kentucky :: cost: 1
    add: (locale bacon kentucky) (locale wurst oregon)
    del: (locale bacon alsace) (locale wurst alsace)
drink wurst orange alsace oregon quebec quebec oregon :: cost: 1
    add: (locale orange oregon) (locale wurst oregon)
    del: (locale orange quebec) (locale wurst alsace)
drink wurst ham alsace oregon quebec alsace kentucky :: cost: 1
    add: (locale ham kentucky) (locale wurst oregon)
    del: (locale ham alsace) (locale wurst alsace)
drink wurst kale alsace oregon quebec quebec oregon :: cost: 1
    add: (locale kale oregon) (locale wurst oregon)
    del: (locale kale quebec) (locale wurst alsace)
drink wurst pepper alsace oregon quebec oregon alsace :: cost: 1
    add: (locale pepper alsace) (locale wurst oregon)
    del: (locale wurst alsace) (locale pepper oregon)
drink wurst hamburger alsace oregon quebec quebec oregon :: cost: 1
    add: (locale hamburger oregon) (locale wurst oregon)
    del: (locale hamburger quebec) (locale wurst alsace)
drink wurst cantelope alsace oregon quebec quebec oregon :: cost: 1
    add: (locale cantelope oregon) (locale wurst oregon)
    del: (locale cantelope quebec) (locale wurst alsace)
drink wurst flounder alsace oregon quebec moravia quebec :: cost: 1
    add: (locale flounder quebec) (locale wurst oregon)
    del: (locale flounder moravia) (locale wurst alsace)
drink wurst grapefruit alsace oregon quebec oregon alsace :: cost: 1
    add: (locale grapefruit alsace) (locale wurst oregon)
    del: (locale grapefruit oregon) (locale wurst alsace)
drink wurst arugula alsace oregon quebec moravia quebec :: cost: 1
    add: (locale arugula quebec) (locale wurst oregon)
    del: (locale arugula moravia) (locale wurst alsace)
Step 4 (craves prostatitis-13 pepper) (harmony triumph pluto) (craves expectation beef) (craves loneliness snickers) (craves satisfaction ham) (locale kale quebec) (locale ham alsace) (craves laceration-11 hamburger) (craves aesthetics flounder) (craves anger popover) (craves anxiety-25 arugula) (craves boils-15 pepper) (craves jealousy melon) (locale potato quebec) (craves stimulation melon) (locale grapefruit oregon) (harmony expectation pluto) (craves dread-31 cantelope) (craves anger-7 orange) (craves dread beef) (craves loneliness-9 hamburger) (craves hangover-6 ham) (craves grief lamb) (craves boils-32 cantelope) (craves love orange) (locale tofu surrey) (craves depression snickers) (craves angina-30 cantelope) (craves jealousy-16 kale) (craves anxiety potato) (craves learning pepper) (locale orange quebec) (harmony aesthetics neptune) (craves prostatitis popover) (craves intoxication grapefruit) (craves abrasion pork) (locale hamburger quebec) (locale snickers alsace) (locale pork kentucky) (harmony love mars) (craves hangover popover) (craves grief-26 arugula) (craves angina-3 bacon) (craves laceration snickers) (craves jealousy-28 grapefruit) (harmony learning mars) (craves laceration-27 grapefruit) (craves depression-14 pepper) (craves hangover-29 grapefruit) (locale beef moravia) (craves rest pork) (locale bacon alsace) (locale cantelope quebec) (locale flounder moravia) (craves dread-8 bacon) (craves prostatitis-24 arugula) (locale arugula moravia) (craves angina popover) (locale wurst alsace) (craves triumph tofu) (locale pepper oregon) (craves anxiety-12 pepper) (locale melon alsace) (craves grief-2 pork) (craves anger-10 hamburger) (craves sciatica-4 bacon) (locale popover oregon) (locale lamb moravia) (harmony intoxication neptune) (fears sciatica stimulation) (fears boils stimulation) (fears loneliness-1 rest) (harmony rest mercury) (fears abrasion-5 satisfaction) (harmony satisfaction mars) (harmony stimulation mars)
size: 274
overcome jealousy stimulation melon mercury mars :: cost: 1
    add: (fears jealousy stimulation) (harmony stimulation mercury)
    del: (craves jealousy melon) (harmony stimulation mars)
overcome dread expectation beef neptune pluto :: cost: 1
    add: (fears dread expectation) (harmony expectation neptune)
    del: (harmony expectation pluto) (craves dread beef)
overcome anger-7 love orange mercury mars :: cost: 1
    add: (fears anger-7 love) (harmony love mercury)
    del: (craves anger-7 orange) (harmony love mars)
overcome hangover-6 satisfaction ham mercury mars :: cost: 1
    add: (fears hangover-6 satisfaction) (harmony satisfaction mercury)
    del: (craves hangover-6 ham) (harmony satisfaction mars)
overcome anxiety-12 learning pepper mercury mars :: cost: 1
    add: (fears anxiety-12 learning) (harmony learning mercury)
    del: (harmony learning mars) (craves anxiety-12 pepper)
overcome prostatitis-13 learning pepper mercury mars :: cost: 1
    add: (harmony learning mercury) (fears prostatitis-13 learning)
    del: (craves prostatitis-13 pepper) (harmony learning mars)
overcome depression-14 learning pepper mercury mars :: cost: 1
    add: (harmony learning mercury) (fears depression-14 learning)
    del: (harmony learning mars) (craves depression-14 pepper)
overcome boils-15 learning pepper mercury mars :: cost: 1
    add: (harmony learning mercury) (fears boils-15 learning)
    del: (craves boils-15 pepper) (harmony learning mars)
overcome laceration-27 intoxication grapefruit mars neptune :: cost: 1
    add: (fears laceration-27 intoxication) (harmony intoxication mars)
    del: (craves laceration-27 grapefruit) (harmony intoxication neptune)
overcome jealousy-28 intoxication grapefruit mars neptune :: cost: 1
    add: (harmony intoxication mars) (fears jealousy-28 intoxication)
    del: (craves jealousy-28 grapefruit) (harmony intoxication neptune)
overcome hangover-29 intoxication grapefruit mars neptune :: cost: 1
    add: (harmony intoxication mars) (fears hangover-29 intoxication)
    del: (craves hangover-29 grapefruit) (harmony intoxication neptune)
feast stimulation melon popover oregon alsace :: cost: 1
    add: (craves stimulation popover) (locale melon oregon)
    del: (craves stimulation melon) (locale melon alsace)
feast stimulation melon potato oregon alsace :: cost: 1
    add: (locale melon oregon) (craves stimulation potato)
    del: (craves stimulation melon) (locale melon alsace)
feast expectation beef snickers surrey moravia :: cost: 1
    add: (craves expectation snickers) (locale beef surrey)
    del: (craves expectation beef) (locale beef moravia)
feast expectation beef orange surrey moravia :: cost: 1
    add: (locale beef surrey) (craves expectation orange)
    del: (craves expectation beef) (locale beef moravia)
feast expectation beef ham surrey moravia :: cost: 1
    add: (locale beef surrey) (craves expectation ham)
    del: (craves expectation beef) (locale beef moravia)
feast expectation beef arugula surrey moravia :: cost: 1
    add: (locale beef surrey) (craves expectation arugula)
    del: (craves expectation beef) (locale beef moravia)
feast rest pork bacon alsace kentucky :: cost: 1
    add: (craves rest bacon) (locale pork alsace)
    del: (locale pork kentucky) (craves rest pork)
feast rest pork orange alsace kentucky :: cost: 1
    add: (locale pork alsace) (craves rest orange)
    del: (locale pork kentucky) (craves rest pork)
feast rest pork ham alsace kentucky :: cost: 1
    add: (locale pork alsace) (craves rest ham)
    del: (locale pork kentucky) (craves rest pork)
feast love orange beef moravia quebec :: cost: 1
    add: (craves love beef) (locale orange moravia)
    del: (craves love orange) (locale orange quebec)
feast love orange pork moravia quebec :: cost: 1
    add: (locale orange moravia) (craves love pork)
    del: (craves love orange) (locale orange quebec)
feast love orange bacon moravia quebec :: cost: 1
    add: (locale orange moravia) (craves love bacon)
    del: (craves love orange) (locale orange quebec)
feast satisfaction ham beef oregon alsace :: cost: 1
    add: (craves satisfaction beef) (locale ham oregon)
    del: (craves satisfaction ham) (locale ham alsace)
feast satisfaction ham pork oregon alsace :: cost: 1
    add: (locale ham oregon) (craves satisfaction pork)
    del: (craves satisfaction ham) (locale ham alsace)
feast learning pepper cantelope quebec oregon :: cost: 1
    add: (craves learning cantelope) (locale pepper quebec)
    del: (craves learning pepper) (locale pepper oregon)
feast learning pepper grapefruit quebec oregon :: cost: 1
    add: (locale pepper quebec) (craves learning grapefruit)
    del: (craves learning pepper) (locale pepper oregon)
feast aesthetics flounder kale surrey moravia :: cost: 1
    add: (craves aesthetics kale) (locale flounder surrey)
    del: (craves aesthetics flounder) (locale flounder moravia)
feast aesthetics flounder cantelope surrey moravia :: cost: 1
    add: (locale flounder surrey) (craves aesthetics cantelope)
    del: (craves aesthetics flounder) (locale flounder moravia)
feast intoxication grapefruit pepper quebec oregon :: cost: 1
    add: (craves intoxication pepper) (locale grapefruit quebec)
    del: (locale grapefruit oregon) (craves intoxication grapefruit)
feast intoxication grapefruit wurst quebec oregon :: cost: 1
    add: (locale grapefruit quebec) (craves intoxication wurst)
    del: (locale grapefruit oregon) (craves intoxication grapefruit)
succumb sciatica stimulation melon mars neptune :: cost: 1
    add: (craves sciatica melon) (harmony stimulation neptune)
    del: (fears sciatica stimulation) (harmony stimulation mars)
succumb boils stimulation melon mars neptune :: cost: 1
    add: (craves boils melon) (harmony stimulation neptune)
    del: (fears boils stimulation) (harmony stimulation mars)
succumb loneliness-1 rest pork mercury mars :: cost: 1
    add: (harmony rest mars) (craves loneliness-1 pork)
    del: (fears loneliness-1 rest) (harmony rest mercury)
succumb abrasion-5 satisfaction ham mars neptune :: cost: 1
    add: (harmony satisfaction neptune) (craves abrasion-5 ham)
    del: (fears abrasion-5 satisfaction) (harmony satisfaction mars)
drink snickers tofu alsace oregon quebec surrey moravia :: cost: 1
    add: (locale snickers oregon) (locale tofu moravia)
    del: (locale tofu surrey) (locale snickers alsace)
drink snickers popover alsace oregon quebec oregon alsace :: cost: 1
    add: (locale snickers oregon) (locale popover alsace)
    del: (locale snickers alsace) (locale popover oregon)
drink snickers lamb alsace oregon quebec moravia quebec :: cost: 1
    add: (locale snickers oregon) (locale lamb quebec)
    del: (locale snickers alsace) (locale lamb moravia)
drink snickers potato alsace oregon quebec quebec oregon :: cost: 1
    add: (locale snickers oregon) (locale potato oregon)
    del: (locale potato quebec) (locale snickers alsace)
drink snickers melon alsace oregon quebec alsace kentucky :: cost: 1
    add: (locale snickers oregon) (locale melon kentucky)
    del: (locale snickers alsace) (locale melon alsace)
drink snickers beef alsace oregon quebec moravia quebec :: cost: 1
    add: (locale snickers oregon) (locale beef quebec)
    del: (locale snickers alsace) (locale beef moravia)
drink snickers bacon alsace oregon quebec alsace kentucky :: cost: 1
    add: (locale snickers oregon) (locale bacon kentucky)
    del: (locale snickers alsace) (locale bacon alsace)
drink snickers orange alsace oregon quebec quebec oregon :: cost: 1
    add: (locale snickers oregon) (locale orange oregon)
    del: (locale orange quebec) (locale snickers alsace)
drink snickers ham alsace oregon quebec alsace kentucky :: cost: 1
    add: (locale snickers oregon) (locale ham kentucky)
    del: (locale ham alsace) (locale snickers alsace)
drink snickers kale alsace oregon quebec quebec oregon :: cost: 1
    add: (locale snickers oregon) (locale kale oregon)
    del: (locale kale quebec) (locale snickers alsace)
drink snickers pepper alsace oregon quebec oregon alsace :: cost: 1
    add: (locale snickers oregon) (locale pepper alsace)
    del: (locale snickers alsace) (locale pepper oregon)
drink snickers hamburger alsace oregon quebec quebec oregon :: cost: 1
    add: (locale snickers oregon) (locale hamburger oregon)
    del: (locale hamburger quebec) (locale snickers alsace)
drink snickers cantelope alsace oregon quebec quebec oregon :: cost: 1
    add: (locale snickers oregon) (locale cantelope oregon)
    del: (locale snickers alsace) (locale cantelope quebec)
drink snickers flounder alsace oregon quebec moravia quebec :: cost: 1
    add: (locale snickers oregon) (locale flounder quebec)
    del: (locale snickers alsace) (locale flounder moravia)
drink snickers grapefruit alsace oregon quebec oregon alsace :: cost: 1
    add: (locale snickers oregon) (locale grapefruit alsace)
    del: (locale grapefruit oregon) (locale snickers alsace)
drink snickers wurst alsace oregon quebec alsace kentucky :: cost: 1
    add: (locale snickers oregon) (locale wurst kentucky)
    del: (locale snickers alsace) (locale wurst alsace)
drink snickers arugula alsace oregon quebec moravia quebec :: cost: 1
    add: (locale snickers oregon) (locale arugula quebec)
    del: (locale snickers alsace) (locale arugula moravia)
drink popover tofu oregon quebec moravia surrey moravia :: cost: 1
    add: (locale tofu moravia) (locale popover quebec)
    del: (locale tofu surrey) (locale popover oregon)
drink popover snickers oregon quebec moravia alsace kentucky :: cost: 1
    add: (locale popover quebec) (locale snickers kentucky)
    del: (locale snickers alsace) (locale popover oregon)
drink popover lamb oregon quebec moravia moravia quebec :: cost: 1
    add: (locale lamb quebec) (locale popover quebec)
    del: (locale popover oregon) (locale lamb moravia)
drink popover potato oregon quebec moravia quebec oregon :: cost: 1
    add: (locale potato oregon) (locale popover quebec)
    del: (locale potato quebec) (locale popover oregon)
drink popover melon oregon quebec moravia alsace kentucky :: cost: 1
    add: (locale melon kentucky) (locale popover quebec)
    del: (locale melon alsace) (locale popover oregon)
drink popover beef oregon quebec moravia moravia quebec :: cost: 1
    add: (locale beef quebec) (locale popover quebec)
    del: (locale beef moravia) (locale popover oregon)
drink popover bacon oregon quebec moravia alsace kentucky :: cost: 1
    add: (locale bacon kentucky) (locale popover quebec)
    del: (locale bacon alsace) (locale popover oregon)
drink popover orange oregon quebec moravia quebec oregon :: cost: 1
    add: (locale orange oregon) (locale popover quebec)
    del: (locale orange quebec) (locale popover oregon)
drink popover ham oregon quebec moravia alsace kentucky :: cost: 1
    add: (locale ham kentucky) (locale popover quebec)
    del: (locale ham alsace) (locale popover oregon)
drink popover kale oregon quebec moravia quebec oregon :: cost: 1
    add: (locale kale oregon) (locale popover quebec)
    del: (locale kale quebec) (locale popover oregon)
drink popover pepper oregon quebec moravia oregon alsace :: cost: 1
    add: (locale pepper alsace) (locale popover quebec)
    del: (locale pepper oregon) (locale popover oregon)
drink popover hamburger oregon quebec moravia quebec oregon :: cost: 1
    add: (locale hamburger oregon) (locale popover quebec)
    del: (locale hamburger quebec) (locale popover oregon)
drink popover cantelope oregon quebec moravia quebec oregon :: cost: 1
    add: (locale cantelope oregon) (locale popover quebec)
    del: (locale cantelope quebec) (locale popover oregon)
drink popover flounder oregon quebec moravia moravia quebec :: cost: 1
    add: (locale flounder quebec) (locale popover quebec)
    del: (locale flounder moravia) (locale popover oregon)
drink popover grapefruit oregon quebec moravia oregon alsace :: cost: 1
    add: (locale grapefruit alsace) (locale popover quebec)
    del: (locale grapefruit oregon) (locale popover oregon)
drink popover wurst oregon quebec moravia alsace kentucky :: cost: 1
    add: (locale wurst kentucky) (locale popover quebec)
    del: (locale wurst alsace) (locale popover oregon)
drink popover arugula oregon quebec moravia moravia quebec :: cost: 1
    add: (locale arugula quebec) (locale popover quebec)
    del: (locale arugula moravia) (locale popover oregon)
drink potato tofu quebec moravia surrey surrey moravia :: cost: 1
    add: (locale tofu moravia) (locale potato moravia)
    del: (locale potato quebec) (locale tofu surrey)
drink potato snickers quebec moravia surrey alsace kentucky :: cost: 1
    add: (locale snickers kentucky) (locale potato moravia)
    del: (locale potato quebec) (locale snickers alsace)
drink potato popover quebec moravia surrey oregon alsace :: cost: 1
    add: (locale popover alsace) (locale potato moravia)
    del: (locale potato quebec) (locale popover oregon)
drink potato lamb quebec moravia surrey moravia quebec :: cost: 1
    add: (locale lamb quebec) (locale potato moravia)
    del: (locale potato quebec) (locale lamb moravia)
drink potato melon quebec moravia surrey alsace kentucky :: cost: 1
    add: (locale melon kentucky) (locale potato moravia)
    del: (locale potato quebec) (locale melon alsace)
drink potato beef quebec moravia surrey moravia quebec :: cost: 1
    add: (locale beef quebec) (locale potato moravia)
    del: (locale potato quebec) (locale beef moravia)
drink potato bacon quebec moravia surrey alsace kentucky :: cost: 1
    add: (locale bacon kentucky) (locale potato moravia)
    del: (locale potato quebec) (locale bacon alsace)
drink potato orange quebec moravia surrey quebec oregon :: cost: 1
    add: (locale orange oregon) (locale potato moravia)
    del: (locale potato quebec) (locale orange quebec)
drink potato ham quebec moravia surrey alsace kentucky :: cost: 1
    add: (locale ham kentucky) (locale potato moravia)
    del: (locale ham alsace) (locale potato quebec)
drink potato kale quebec moravia surrey quebec oregon :: cost: 1
    add: (locale kale oregon) (locale potato moravia)
    del: (locale kale quebec) (locale potato quebec)
drink potato pepper quebec moravia surrey oregon alsace :: cost: 1
    add: (locale pepper alsace) (locale potato moravia)
    del: (locale potato quebec) (locale pepper oregon)
drink potato hamburger quebec moravia surrey quebec oregon :: cost: 1
    add: (locale hamburger oregon) (locale potato moravia)
    del: (locale potato quebec) (locale hamburger quebec)
drink potato cantelope quebec moravia surrey quebec oregon :: cost: 1
    add: (locale cantelope oregon) (locale potato moravia)
    del: (locale potato quebec) (locale cantelope quebec)
drink potato flounder quebec moravia surrey moravia quebec :: cost: 1
    add: (locale flounder quebec) (locale potato moravia)
    del: (locale potato quebec) (locale flounder moravia)
drink potato grapefruit quebec moravia surrey oregon alsace :: cost: 1
    add: (locale grapefruit alsace) (locale potato moravia)
    del: (locale potato quebec) (locale grapefruit oregon)
drink potato wurst quebec moravia surrey alsace kentucky :: cost: 1
    add: (locale wurst kentucky) (locale potato moravia)
    del: (locale potato quebec) (locale wurst alsace)
drink potato arugula quebec moravia surrey moravia quebec :: cost: 1
    add: (locale arugula quebec) (locale potato moravia)
    del: (locale potato quebec) (locale arugula moravia)
drink melon tofu alsace oregon quebec surrey moravia :: cost: 1
    add: (locale melon oregon) (locale tofu moravia)
    del: (locale tofu surrey) (locale melon alsace)
drink melon snickers alsace oregon quebec alsace kentucky :: cost: 1
    add: (locale melon oregon) (locale snickers kentucky)
    del: (locale snickers alsace) (locale melon alsace)
drink melon popover alsace oregon quebec oregon alsace :: cost: 1
    add: (locale melon oregon) (locale popover alsace)
    del: (locale melon alsace) (locale popover oregon)
drink melon lamb alsace oregon quebec moravia quebec :: cost: 1
    add: (locale melon oregon) (locale lamb quebec)
    del: (locale melon alsace) (locale lamb moravia)
drink melon potato alsace oregon quebec quebec oregon :: cost: 1
    add: (locale melon oregon) (locale potato oregon)
    del: (locale potato quebec) (locale melon alsace)
drink melon beef alsace oregon quebec moravia quebec :: cost: 1
    add: (locale melon oregon) (locale beef quebec)
    del: (locale beef moravia) (locale melon alsace)
drink melon bacon alsace oregon quebec alsace kentucky :: cost: 1
    add: (locale melon oregon) (locale bacon kentucky)
    del: (locale bacon alsace) (locale melon alsace)
drink melon orange alsace oregon quebec quebec oregon :: cost: 1
    add: (locale melon oregon) (locale orange oregon)
    del: (locale orange quebec) (locale melon alsace)
drink melon ham alsace oregon quebec alsace kentucky :: cost: 1
    add: (locale melon oregon) (locale ham kentucky)
    del: (locale ham alsace) (locale melon alsace)
drink melon kale alsace oregon quebec quebec oregon :: cost: 1
    add: (locale melon oregon) (locale kale oregon)
    del: (locale kale quebec) (locale melon alsace)
drink melon pepper alsace oregon quebec oregon alsace :: cost: 1
    add: (locale melon oregon) (locale pepper alsace)
    del: (locale pepper oregon) (locale melon alsace)
drink melon hamburger alsace oregon quebec quebec oregon :: cost: 1
    add: (locale melon oregon) (locale hamburger oregon)
    del: (locale hamburger quebec) (locale melon alsace)
drink melon cantelope alsace oregon quebec quebec oregon :: cost: 1
    add: (locale melon oregon) (locale cantelope oregon)
    del: (locale cantelope quebec) (locale melon alsace)
drink melon flounder alsace oregon quebec moravia quebec :: cost: 1
    add: (locale melon oregon) (locale flounder quebec)
    del: (locale flounder moravia) (locale melon alsace)
drink melon grapefruit alsace oregon quebec oregon alsace :: cost: 1
    add: (locale melon oregon) (locale grapefruit alsace)
    del: (locale grapefruit oregon) (locale melon alsace)
drink melon wurst alsace oregon quebec alsace kentucky :: cost: 1
    add: (locale melon oregon) (locale wurst kentucky)
    del: (locale wurst alsace) (locale melon alsace)
drink melon arugula alsace oregon quebec moravia quebec :: cost: 1
    add: (locale melon oregon) (locale arugula quebec)
    del: (locale arugula moravia) (locale melon alsace)
drink pork tofu kentucky alsace oregon surrey moravia :: cost: 1
    add: (locale pork alsace) (locale tofu moravia)
    del: (locale tofu surrey) (locale pork kentucky)
drink pork snickers kentucky alsace oregon alsace kentucky :: cost: 1
    add: (locale pork alsace) (locale snickers kentucky)
    del: (locale snickers alsace) (locale pork kentucky)
drink pork popover kentucky alsace oregon oregon alsace :: cost: 1
    add: (locale pork alsace) (locale popover alsace)
    del: (locale pork kentucky) (locale popover oregon)
drink pork lamb kentucky alsace oregon moravia quebec :: cost: 1
    add: (locale pork alsace) (locale lamb quebec)
    del: (locale pork kentucky) (locale lamb moravia)
drink pork potato kentucky alsace oregon quebec oregon :: cost: 1
    add: (locale pork alsace) (locale potato oregon)
    del: (locale potato quebec) (locale pork kentucky)
drink pork melon kentucky alsace oregon alsace kentucky :: cost: 1
    add: (locale pork alsace) (locale melon kentucky)
    del: (locale pork kentucky) (locale melon alsace)
drink pork beef kentucky alsace oregon moravia quebec :: cost: 1
    add: (locale pork alsace) (locale beef quebec)
    del: (locale pork kentucky) (locale beef moravia)
drink pork bacon kentucky alsace oregon alsace kentucky :: cost: 1
    add: (locale pork alsace) (locale bacon kentucky)
    del: (locale pork kentucky) (locale bacon alsace)
drink pork orange kentucky alsace oregon quebec oregon :: cost: 1
    add: (locale pork alsace) (locale orange oregon)
    del: (locale orange quebec) (locale pork kentucky)
drink pork ham kentucky alsace oregon alsace kentucky :: cost: 1
    add: (locale pork alsace) (locale ham kentucky)
    del: (locale ham alsace) (locale pork kentucky)
drink pork kale kentucky alsace oregon quebec oregon :: cost: 1
    add: (locale pork alsace) (locale kale oregon)
    del: (locale kale quebec) (locale pork kentucky)
drink pork pepper kentucky alsace oregon oregon alsace :: cost: 1
    add: (locale pork alsace) (locale pepper alsace)
    del: (locale pork kentucky) (locale pepper oregon)
drink pork hamburger kentucky alsace oregon quebec oregon :: cost: 1
    add: (locale pork alsace) (locale hamburger oregon)
    del: (locale hamburger quebec) (locale pork kentucky)
drink pork cantelope kentucky alsace oregon quebec oregon :: cost: 1
    add: (locale pork alsace) (locale cantelope oregon)
    del: (locale pork kentucky) (locale cantelope quebec)
drink pork flounder kentucky alsace oregon moravia quebec :: cost: 1
    add: (locale pork alsace) (locale flounder quebec)
    del: (locale pork kentucky) (locale flounder moravia)
drink pork grapefruit kentucky alsace oregon oregon alsace :: cost: 1
    add: (locale pork alsace) (locale grapefruit alsace)
    del: (locale grapefruit oregon) (locale pork kentucky)
drink pork wurst kentucky alsace oregon alsace kentucky :: cost: 1
    add: (locale pork alsace) (locale wurst kentucky)
    del: (locale pork kentucky) (locale wurst alsace)
drink pork arugula kentucky alsace oregon moravia quebec :: cost: 1
    add: (locale pork alsace) (locale arugula quebec)
    del: (locale pork kentucky) (locale arugula moravia)
drink bacon tofu alsace oregon quebec surrey moravia :: cost: 1
    add: (locale tofu moravia) (locale bacon oregon)
    del: (locale tofu surrey) (locale bacon alsace)
drink bacon snickers alsace oregon quebec alsace kentucky :: cost: 1
    add: (locale snickers kentucky) (locale bacon oregon)
    del: (locale snickers alsace) (locale bacon alsace)
drink bacon popover alsace oregon quebec oregon alsace :: cost: 1
    add: (locale popover alsace) (locale bacon oregon)
    del: (locale bacon alsace) (locale popover oregon)
drink bacon lamb alsace oregon quebec moravia quebec :: cost: 1
    add: (locale lamb quebec) (locale bacon oregon)
    del: (locale bacon alsace) (locale lamb moravia)
drink bacon potato alsace oregon quebec quebec oregon :: cost: 1
    add: (locale potato oregon) (locale bacon oregon)
    del: (locale potato quebec) (locale bacon alsace)
drink bacon melon alsace oregon quebec alsace kentucky :: cost: 1
    add: (locale melon kentucky) (locale bacon oregon)
    del: (locale bacon alsace) (locale melon alsace)
drink bacon beef alsace oregon quebec moravia quebec :: cost: 1
    add: (locale beef quebec) (locale bacon oregon)
    del: (locale beef moravia) (locale bacon alsace)
drink bacon orange alsace oregon quebec quebec oregon :: cost: 1
    add: (locale orange oregon) (locale bacon oregon)
    del: (locale orange quebec) (locale bacon alsace)
drink bacon ham alsace oregon quebec alsace kentucky :: cost: 1
    add: (locale ham kentucky) (locale bacon oregon)
    del: (locale ham alsace) (locale bacon alsace)
drink bacon kale alsace oregon quebec quebec oregon :: cost: 1
    add: (locale kale oregon) (locale bacon oregon)
    del: (locale kale quebec) (locale bacon alsace)
drink bacon pepper alsace oregon quebec oregon alsace :: cost: 1
    add: (locale pepper alsace) (locale bacon oregon)
    del: (locale bacon alsace) (locale pepper oregon)
drink bacon hamburger alsace oregon quebec quebec oregon :: cost: 1
    add: (locale hamburger oregon) (locale bacon oregon)
    del: (locale hamburger quebec) (locale bacon alsace)
drink bacon cantelope alsace oregon quebec quebec oregon :: cost: 1
    add: (locale cantelope oregon) (locale bacon oregon)
    del: (locale bacon alsace) (locale cantelope quebec)
drink bacon flounder alsace oregon quebec moravia quebec :: cost: 1
    add: (locale flounder quebec) (locale bacon oregon)
    del: (locale bacon alsace) (locale flounder moravia)
drink bacon grapefruit alsace oregon quebec oregon alsace :: cost: 1
    add: (locale grapefruit alsace) (locale bacon oregon)
    del: (locale grapefruit oregon) (locale bacon alsace)
drink bacon wurst alsace oregon quebec alsace kentucky :: cost: 1
    add: (locale wurst kentucky) (locale bacon oregon)
    del: (locale bacon alsace) (locale wurst alsace)
drink bacon arugula alsace oregon quebec moravia quebec :: cost: 1
    add: (locale arugula quebec) (locale bacon oregon)
    del: (locale bacon alsace) (locale arugula moravia)
drink orange tofu quebec moravia surrey surrey moravia :: cost: 1
    add: (locale orange moravia) (locale tofu moravia)
    del: (locale tofu surrey) (locale orange quebec)
drink orange snickers quebec moravia surrey alsace kentucky :: cost: 1
    add: (locale orange moravia) (locale snickers kentucky)
    del: (locale orange quebec) (locale snickers alsace)
drink orange popover quebec moravia surrey oregon alsace :: cost: 1
    add: (locale orange moravia) (locale popover alsace)
    del: (locale orange quebec) (locale popover oregon)
drink orange lamb quebec moravia surrey moravia quebec :: cost: 1
    add: (locale orange moravia) (locale lamb quebec)
    del: (locale orange quebec) (locale lamb moravia)
drink orange potato quebec moravia surrey quebec oregon :: cost: 1
    add: (locale orange moravia) (locale potato oregon)
    del: (locale potato quebec) (locale orange quebec)
drink orange melon quebec moravia surrey alsace kentucky :: cost: 1
    add: (locale orange moravia) (locale melon kentucky)
    del: (locale orange quebec) (locale melon alsace)
drink orange beef quebec moravia surrey moravia quebec :: cost: 1
    add: (locale orange moravia) (locale beef quebec)
    del: (locale orange quebec) (locale beef moravia)
drink orange bacon quebec moravia surrey alsace kentucky :: cost: 1
    add: (locale orange moravia) (locale bacon kentucky)
    del: (locale orange quebec) (locale bacon alsace)
drink orange ham quebec moravia surrey alsace kentucky :: cost: 1
    add: (locale orange moravia) (locale ham kentucky)
    del: (locale ham alsace) (locale orange quebec)
drink orange kale quebec moravia surrey quebec oregon :: cost: 1
    add: (locale orange moravia) (locale kale oregon)
    del: (locale kale quebec) (locale orange quebec)
drink orange pepper quebec moravia surrey oregon alsace :: cost: 1
    add: (locale orange moravia) (locale pepper alsace)
    del: (locale orange quebec) (locale pepper oregon)
drink orange hamburger quebec moravia surrey quebec oregon :: cost: 1
    add: (locale orange moravia) (locale hamburger oregon)
    del: (locale orange quebec) (locale hamburger quebec)
drink orange cantelope quebec moravia surrey quebec oregon :: cost: 1
    add: (locale orange moravia) (locale cantelope oregon)
    del: (locale orange quebec) (locale cantelope quebec)
drink orange flounder quebec moravia surrey moravia quebec :: cost: 1
    add: (locale orange moravia) (locale flounder quebec)
    del: (locale orange quebec) (locale flounder moravia)
drink orange grapefruit quebec moravia surrey oregon alsace :: cost: 1
    add: (locale orange moravia) (locale grapefruit alsace)
    del: (locale grapefruit oregon) (locale orange quebec)
drink orange wurst quebec moravia surrey alsace kentucky :: cost: 1
    add: (locale orange moravia) (locale wurst kentucky)
    del: (locale orange quebec) (locale wurst alsace)
drink orange arugula quebec moravia surrey moravia quebec :: cost: 1
    add: (locale orange moravia) (locale arugula quebec)
    del: (locale orange quebec) (locale arugula moravia)
drink ham tofu alsace oregon quebec surrey moravia :: cost: 1
    add: (locale ham oregon) (locale tofu moravia)
    del: (locale ham alsace) (locale tofu surrey)
drink ham snickers alsace oregon quebec alsace kentucky :: cost: 1
    add: (locale ham oregon) (locale snickers kentucky)
    del: (locale ham alsace) (locale snickers alsace)
drink ham popover alsace oregon quebec oregon alsace :: cost: 1
    add: (locale ham oregon) (locale popover alsace)
    del: (locale ham alsace) (locale popover oregon)
drink ham lamb alsace oregon quebec moravia quebec :: cost: 1
    add: (locale ham oregon) (locale lamb quebec)
    del: (locale ham alsace) (locale lamb moravia)
drink ham potato alsace oregon quebec quebec oregon :: cost: 1
    add: (locale ham oregon) (locale potato oregon)
    del: (locale ham alsace) (locale potato quebec)
drink ham melon alsace oregon quebec alsace kentucky :: cost: 1
    add: (locale ham oregon) (locale melon kentucky)
    del: (locale ham alsace) (locale melon alsace)
drink ham beef alsace oregon quebec moravia quebec :: cost: 1
    add: (locale ham oregon) (locale beef quebec)
    del: (locale ham alsace) (locale beef moravia)
drink ham bacon alsace oregon quebec alsace kentucky :: cost: 1
    add: (locale ham oregon) (locale bacon kentucky)
    del: (locale ham alsace) (locale bacon alsace)
drink ham orange alsace oregon quebec quebec oregon :: cost: 1
    add: (locale ham oregon) (locale orange oregon)
    del: (locale ham alsace) (locale orange quebec)
drink ham kale alsace oregon quebec quebec oregon :: cost: 1
    add: (locale ham oregon) (locale kale oregon)
    del: (locale kale quebec) (locale ham alsace)
drink ham pepper alsace oregon quebec oregon alsace :: cost: 1
    add: (locale ham oregon) (locale pepper alsace)
    del: (locale ham alsace) (locale pepper oregon)
drink ham hamburger alsace oregon quebec quebec oregon :: cost: 1
    add: (locale ham oregon) (locale hamburger oregon)
    del: (locale ham alsace) (locale hamburger quebec)
drink ham cantelope alsace oregon quebec quebec oregon :: cost: 1
    add: (locale ham oregon) (locale cantelope oregon)
    del: (locale ham alsace) (locale cantelope quebec)
drink ham flounder alsace oregon quebec moravia quebec :: cost: 1
    add: (locale ham oregon) (locale flounder quebec)
    del: (locale ham alsace) (locale flounder moravia)
drink ham grapefruit alsace oregon quebec oregon alsace :: cost: 1
    add: (locale ham oregon) (locale grapefruit alsace)
    del: (locale ham alsace) (locale grapefruit oregon)
drink ham wurst alsace oregon quebec alsace kentucky :: cost: 1
    add: (locale ham oregon) (locale wurst kentucky)
    del: (locale ham alsace) (locale wurst alsace)
drink ham arugula alsace oregon quebec moravia quebec :: cost: 1
    add: (locale ham oregon) (locale arugula quebec)
    del: (locale ham alsace) (locale arugula moravia)
drink kale tofu quebec moravia surrey surrey moravia :: cost: 1
    add: (locale tofu moravia) (locale kale moravia)
    del: (locale kale quebec) (locale tofu surrey)
drink kale snickers quebec moravia surrey alsace kentucky :: cost: 1
    add: (locale snickers kentucky) (locale kale moravia)
    del: (locale kale quebec) (locale snickers alsace)
drink kale popover quebec moravia surrey oregon alsace :: cost: 1
    add: (locale popover alsace) (locale kale moravia)
    del: (locale kale quebec) (locale popover oregon)
drink kale lamb quebec moravia surrey moravia quebec :: cost: 1
    add: (locale lamb quebec) (locale kale moravia)
    del: (locale kale quebec) (locale lamb moravia)
drink kale potato quebec moravia surrey quebec oregon :: cost: 1
    add: (locale potato oregon) (locale kale moravia)
    del: (locale kale quebec) (locale potato quebec)
drink kale melon quebec moravia surrey alsace kentucky :: cost: 1
    add: (locale melon kentucky) (locale kale moravia)
    del: (locale kale quebec) (locale melon alsace)
drink kale beef quebec moravia surrey moravia quebec :: cost: 1
    add: (locale beef quebec) (locale kale moravia)
    del: (locale kale quebec) (locale beef moravia)
drink kale bacon quebec moravia surrey alsace kentucky :: cost: 1
    add: (locale bacon kentucky) (locale kale moravia)
    del: (locale kale quebec) (locale bacon alsace)
drink kale orange quebec moravia surrey quebec oregon :: cost: 1
    add: (locale orange oregon) (locale kale moravia)
    del: (locale kale quebec) (locale orange quebec)
drink kale ham quebec moravia surrey alsace kentucky :: cost: 1
    add: (locale ham kentucky) (locale kale moravia)
    del: (locale kale quebec) (locale ham alsace)
drink kale pepper quebec moravia surrey oregon alsace :: cost: 1
    add: (locale pepper alsace) (locale kale moravia)
    del: (locale kale quebec) (locale pepper oregon)
drink kale hamburger quebec moravia surrey quebec oregon :: cost: 1
    add: (locale hamburger oregon) (locale kale moravia)
    del: (locale kale quebec) (locale hamburger quebec)
drink kale cantelope quebec moravia surrey quebec oregon :: cost: 1
    add: (locale cantelope oregon) (locale kale moravia)
    del: (locale kale quebec) (locale cantelope quebec)
drink kale flounder quebec moravia surrey moravia quebec :: cost: 1
    add: (locale flounder quebec) (locale kale moravia)
    del: (locale kale quebec) (locale flounder moravia)
drink kale grapefruit quebec moravia surrey oregon alsace :: cost: 1
    add: (locale grapefruit alsace) (locale kale moravia)
    del: (locale kale quebec) (locale grapefruit oregon)
drink kale wurst quebec moravia surrey alsace kentucky :: cost: 1
    add: (locale wurst kentucky) (locale kale moravia)
    del: (locale kale quebec) (locale wurst alsace)
drink kale arugula quebec moravia surrey moravia quebec :: cost: 1
    add: (locale arugula quebec) (locale kale moravia)
    del: (locale kale quebec) (locale arugula moravia)
drink pepper tofu oregon quebec moravia surrey moravia :: cost: 1
    add: (locale pepper quebec) (locale tofu moravia)
    del: (locale tofu surrey) (locale pepper oregon)
drink pepper snickers oregon quebec moravia alsace kentucky :: cost: 1
    add: (locale pepper quebec) (locale snickers kentucky)
    del: (locale snickers alsace) (locale pepper oregon)
drink pepper popover oregon quebec moravia oregon alsace :: cost: 1
    add: (locale pepper quebec) (locale popover alsace)
    del: (locale pepper oregon) (locale popover oregon)
drink pepper lamb oregon quebec moravia moravia quebec :: cost: 1
    add: (locale pepper quebec) (locale lamb quebec)
    del: (locale pepper oregon) (locale lamb moravia)
drink pepper potato oregon quebec moravia quebec oregon :: cost: 1
    add: (locale pepper quebec) (locale potato oregon)
    del: (locale potato quebec) (locale pepper oregon)
drink pepper melon oregon quebec moravia alsace kentucky :: cost: 1
    add: (locale pepper quebec) (locale melon kentucky)
    del: (locale pepper oregon) (locale melon alsace)
drink pepper beef oregon quebec moravia moravia quebec :: cost: 1
    add: (locale pepper quebec) (locale beef quebec)
    del: (locale beef moravia) (locale pepper oregon)
drink pepper bacon oregon quebec moravia alsace kentucky :: cost: 1
    add: (locale pepper quebec) (locale bacon kentucky)
    del: (locale bacon alsace) (locale pepper oregon)
drink pepper orange oregon quebec moravia quebec oregon :: cost: 1
    add: (locale pepper quebec) (locale orange oregon)
    del: (locale orange quebec) (locale pepper oregon)
drink pepper ham oregon quebec moravia alsace kentucky :: cost: 1
    add: (locale pepper quebec) (locale ham kentucky)
    del: (locale ham alsace) (locale pepper oregon)
drink pepper kale oregon quebec moravia quebec oregon :: cost: 1
    add: (locale pepper quebec) (locale kale oregon)
    del: (locale kale quebec) (locale pepper oregon)
drink pepper hamburger oregon quebec moravia quebec oregon :: cost: 1
    add: (locale pepper quebec) (locale hamburger oregon)
    del: (locale hamburger quebec) (locale pepper oregon)
drink pepper cantelope oregon quebec moravia quebec oregon :: cost: 1
    add: (locale pepper quebec) (locale cantelope oregon)
    del: (locale cantelope quebec) (locale pepper oregon)
drink pepper flounder oregon quebec moravia moravia quebec :: cost: 1
    add: (locale pepper quebec) (locale flounder quebec)
    del: (locale flounder moravia) (locale pepper oregon)
drink pepper grapefruit oregon quebec moravia oregon alsace :: cost: 1
    add: (locale pepper quebec) (locale grapefruit alsace)
    del: (locale grapefruit oregon) (locale pepper oregon)
drink pepper wurst oregon quebec moravia alsace kentucky :: cost: 1
    add: (locale pepper quebec) (locale wurst kentucky)
    del: (locale wurst alsace) (locale pepper oregon)
drink pepper arugula oregon quebec moravia moravia quebec :: cost: 1
    add: (locale pepper quebec) (locale arugula quebec)
    del: (locale arugula moravia) (locale pepper oregon)
drink hamburger tofu quebec moravia surrey surrey moravia :: cost: 1
    add: (locale tofu moravia) (locale hamburger moravia)
    del: (locale tofu surrey) (locale hamburger quebec)
drink hamburger snickers quebec moravia surrey alsace kentucky :: cost: 1
    add: (locale snickers kentucky) (locale hamburger moravia)
    del: (locale hamburger quebec) (locale snickers alsace)
drink hamburger popover quebec moravia surrey oregon alsace :: cost: 1
    add: (locale popover alsace) (locale hamburger moravia)
    del: (locale hamburger quebec) (locale popover oregon)
drink hamburger lamb quebec moravia surrey moravia quebec :: cost: 1
    add: (locale lamb quebec) (locale hamburger moravia)
    del: (locale hamburger quebec) (locale lamb moravia)
drink hamburger potato quebec moravia surrey quebec oregon :: cost: 1
    add: (locale potato oregon) (locale hamburger moravia)
    del: (locale potato quebec) (locale hamburger quebec)
drink hamburger melon quebec moravia surrey alsace kentucky :: cost: 1
    add: (locale melon kentucky) (locale hamburger moravia)
    del: (locale hamburger quebec) (locale melon alsace)
drink hamburger beef quebec moravia surrey moravia quebec :: cost: 1
    add: (locale beef quebec) (locale hamburger moravia)
    del: (locale hamburger quebec) (locale beef moravia)
drink hamburger bacon quebec moravia surrey alsace kentucky :: cost: 1
    add: (locale bacon kentucky) (locale hamburger moravia)
    del: (locale hamburger quebec) (locale bacon alsace)
drink hamburger orange quebec moravia surrey quebec oregon :: cost: 1
    add: (locale orange oregon) (locale hamburger moravia)
    del: (locale orange quebec) (locale hamburger quebec)
drink hamburger ham quebec moravia surrey alsace kentucky :: cost: 1
    add: (locale ham kentucky) (locale hamburger moravia)
    del: (locale ham alsace) (locale hamburger quebec)
drink hamburger kale quebec moravia surrey quebec oregon :: cost: 1
    add: (locale kale oregon) (locale hamburger moravia)
    del: (locale kale quebec) (locale hamburger quebec)
drink hamburger pepper quebec moravia surrey oregon alsace :: cost: 1
    add: (locale pepper alsace) (locale hamburger moravia)
    del: (locale hamburger quebec) (locale pepper oregon)
drink hamburger cantelope quebec moravia surrey quebec oregon :: cost: 1
    add: (locale cantelope oregon) (locale hamburger moravia)
    del: (locale hamburger quebec) (locale cantelope quebec)
drink hamburger flounder quebec moravia surrey moravia quebec :: cost: 1
    add: (locale flounder quebec) (locale hamburger moravia)
    del: (locale hamburger quebec) (locale flounder moravia)
drink hamburger grapefruit quebec moravia surrey oregon alsace :: cost: 1
    add: (locale grapefruit alsace) (locale hamburger moravia)
    del: (locale grapefruit oregon) (locale hamburger quebec)
drink hamburger wurst quebec moravia surrey alsace kentucky :: cost: 1
    add: (locale wurst kentucky) (locale hamburger moravia)
    del: (locale hamburger quebec) (locale wurst alsace)
drink hamburger arugula quebec moravia surrey moravia quebec :: cost: 1
    add: (locale arugula quebec) (locale hamburger moravia)
    del: (locale hamburger quebec) (locale arugula moravia)
drink cantelope tofu quebec moravia surrey surrey moravia :: cost: 1
    add: (locale tofu moravia) (locale cantelope moravia)
    del: (locale tofu surrey) (locale cantelope quebec)
drink cantelope snickers quebec moravia surrey alsace kentucky :: cost: 1
    add: (locale snickers kentucky) (locale cantelope moravia)
    del: (locale snickers alsace) (locale cantelope quebec)
drink cantelope popover quebec moravia surrey oregon alsace :: cost: 1
    add: (locale popover alsace) (locale cantelope moravia)
    del: (locale cantelope quebec) (locale popover oregon)
drink cantelope lamb quebec moravia surrey moravia quebec :: cost: 1
    add: (locale lamb quebec) (locale cantelope moravia)
    del: (locale cantelope quebec) (locale lamb moravia)
drink cantelope potato quebec moravia surrey quebec oregon :: cost: 1
    add: (locale potato oregon) (locale cantelope moravia)
    del: (locale potato quebec) (locale cantelope quebec)
drink cantelope melon quebec moravia surrey alsace kentucky :: cost: 1
    add: (locale melon kentucky) (locale cantelope moravia)
    del: (locale cantelope quebec) (locale melon alsace)
drink cantelope beef quebec moravia surrey moravia quebec :: cost: 1
    add: (locale beef quebec) (locale cantelope moravia)
    del: (locale beef moravia) (locale cantelope quebec)
drink cantelope bacon quebec moravia surrey alsace kentucky :: cost: 1
    add: (locale bacon kentucky) (locale cantelope moravia)
    del: (locale bacon alsace) (locale cantelope quebec)
drink cantelope orange quebec moravia surrey quebec oregon :: cost: 1
    add: (locale orange oregon) (locale cantelope moravia)
    del: (locale orange quebec) (locale cantelope quebec)
drink cantelope ham quebec moravia surrey alsace kentucky :: cost: 1
    add: (locale ham kentucky) (locale cantelope moravia)
    del: (locale ham alsace) (locale cantelope quebec)
drink cantelope kale quebec moravia surrey quebec oregon :: cost: 1
    add: (locale kale oregon) (locale cantelope moravia)
    del: (locale kale quebec) (locale cantelope quebec)
drink cantelope pepper quebec moravia surrey oregon alsace :: cost: 1
    add: (locale pepper alsace) (locale cantelope moravia)
    del: (locale cantelope quebec) (locale pepper oregon)
drink cantelope hamburger quebec moravia surrey quebec oregon :: cost: 1
    add: (locale hamburger oregon) (locale cantelope moravia)
    del: (locale hamburger quebec) (locale cantelope quebec)
drink cantelope flounder quebec moravia surrey moravia quebec :: cost: 1
    add: (locale flounder quebec) (locale cantelope moravia)
    del: (locale cantelope quebec) (locale flounder moravia)
drink cantelope grapefruit quebec moravia surrey oregon alsace :: cost: 1
    add: (locale grapefruit alsace) (locale cantelope moravia)
    del: (locale grapefruit oregon) (locale cantelope quebec)
drink cantelope wurst quebec moravia surrey alsace kentucky :: cost: 1
    add: (locale wurst kentucky) (locale cantelope moravia)
    del: (locale cantelope quebec) (locale wurst alsace)
drink cantelope arugula quebec moravia surrey moravia quebec :: cost: 1
    add: (locale arugula quebec) (locale cantelope moravia)
    del: (locale cantelope quebec) (locale arugula moravia)
drink grapefruit tofu oregon quebec moravia surrey moravia :: cost: 1
    add: (locale grapefruit quebec) (locale tofu moravia)
    del: (locale grapefruit oregon) (locale tofu surrey)
drink grapefruit snickers oregon quebec moravia alsace kentucky :: cost: 1
    add: (locale grapefruit quebec) (locale snickers kentucky)
    del: (locale grapefruit oregon) (locale snickers alsace)
drink grapefruit popover oregon quebec moravia oregon alsace :: cost: 1
    add: (locale grapefruit quebec) (locale popover alsace)
    del: (locale grapefruit oregon) (locale popover oregon)
drink grapefruit lamb oregon quebec moravia moravia quebec :: cost: 1
    add: (locale grapefruit quebec) (locale lamb quebec)
    del: (locale grapefruit oregon) (locale lamb moravia)
drink grapefruit potato oregon quebec moravia quebec oregon :: cost: 1
    add: (locale grapefruit quebec) (locale potato oregon)
    del: (locale potato quebec) (locale grapefruit oregon)
drink grapefruit melon oregon quebec moravia alsace kentucky :: cost: 1
    add: (locale grapefruit quebec) (locale melon kentucky)
    del: (locale grapefruit oregon) (locale melon alsace)
drink grapefruit beef oregon quebec moravia moravia quebec :: cost: 1
    add: (locale grapefruit quebec) (locale beef quebec)
    del: (locale grapefruit oregon) (locale beef moravia)
drink grapefruit bacon oregon quebec moravia alsace kentucky :: cost: 1
    add: (locale grapefruit quebec) (locale bacon kentucky)
    del: (locale grapefruit oregon) (locale bacon alsace)
drink grapefruit orange oregon quebec moravia quebec oregon :: cost: 1
    add: (locale grapefruit quebec) (locale orange oregon)
    del: (locale grapefruit oregon) (locale orange quebec)
drink grapefruit ham oregon quebec moravia alsace kentucky :: cost: 1
    add: (locale grapefruit quebec) (locale ham kentucky)
    del: (locale ham alsace) (locale grapefruit oregon)
drink grapefruit kale oregon quebec moravia quebec oregon :: cost: 1
    add: (locale grapefruit quebec) (locale kale oregon)
    del: (locale kale quebec) (locale grapefruit oregon)
drink grapefruit pepper oregon quebec moravia oregon alsace :: cost: 1
    add: (locale grapefruit quebec) (locale pepper alsace)
    del: (locale grapefruit oregon) (locale pepper oregon)
drink grapefruit hamburger oregon quebec moravia quebec oregon :: cost: 1
    add: (locale grapefruit quebec) (locale hamburger oregon)
    del: (locale grapefruit oregon) (locale hamburger quebec)
drink grapefruit cantelope oregon quebec moravia quebec oregon :: cost: 1
    add: (locale grapefruit quebec) (locale cantelope oregon)
    del: (locale grapefruit oregon) (locale cantelope quebec)
drink grapefruit flounder oregon quebec moravia moravia quebec :: cost: 1
    add: (locale grapefruit quebec) (locale flounder quebec)
    del: (locale grapefruit oregon) (locale flounder moravia)
drink grapefruit wurst oregon quebec moravia alsace kentucky :: cost: 1
    add: (locale grapefruit quebec) (locale wurst kentucky)
    del: (locale grapefruit oregon) (locale wurst alsace)
drink grapefruit arugula oregon quebec moravia moravia quebec :: cost: 1
    add: (locale grapefruit quebec) (locale arugula quebec)
    del: (locale grapefruit oregon) (locale arugula moravia)
drink wurst tofu alsace oregon quebec surrey moravia :: cost: 1
    add: (locale tofu moravia) (locale wurst oregon)
    del: (locale tofu surrey) (locale wurst alsace)
drink wurst snickers alsace oregon quebec alsace kentucky :: cost: 1
    add: (locale snickers kentucky) (locale wurst oregon)
    del: (locale snickers alsace) (locale wurst alsace)
drink wurst popover alsace oregon quebec oregon alsace :: cost: 1
    add: (locale popover alsace) (locale wurst oregon)
    del: (locale wurst alsace) (locale popover oregon)
drink wurst lamb alsace oregon quebec moravia quebec :: cost: 1
    add: (locale lamb quebec) (locale wurst oregon)
    del: (locale wurst alsace) (locale lamb moravia)
drink wurst potato alsace oregon quebec quebec oregon :: cost: 1
    add: (locale potato oregon) (locale wurst oregon)
    del: (locale potato quebec) (locale wurst alsace)
drink wurst melon alsace oregon quebec alsace kentucky :: cost: 1
    add: (locale melon kentucky) (locale wurst oregon)
    del: (locale wurst alsace) (locale melon alsace)
drink wurst beef alsace oregon quebec moravia quebec :: cost: 1
    add: (locale beef quebec) (locale wurst oregon)
    del: (locale beef moravia) (locale wurst alsace)
drink wurst bacon alsace oregon quebec alsace kentucky :: cost: 1
    add: (locale bacon kentucky) (locale wurst oregon)
    del: (locale bacon alsace) (locale wurst alsace)
drink wurst orange alsace oregon quebec quebec oregon :: cost: 1
    add: (locale orange oregon) (locale wurst oregon)
    del: (locale orange quebec) (locale wurst alsace)
drink wurst ham alsace oregon quebec alsace kentucky :: cost: 1
    add: (locale ham kentucky) (locale wurst oregon)
    del: (locale ham alsace) (locale wurst alsace)
drink wurst kale alsace oregon quebec quebec oregon :: cost: 1
    add: (locale kale oregon) (locale wurst oregon)
    del: (locale kale quebec) (locale wurst alsace)
drink wurst pepper alsace oregon quebec oregon alsace :: cost: 1
    add: (locale pepper alsace) (locale wurst oregon)
    del: (locale wurst alsace) (locale pepper oregon)
drink wurst hamburger alsace oregon quebec quebec oregon :: cost: 1
    add: (locale hamburger oregon) (locale wurst oregon)
    del: (locale hamburger quebec) (locale wurst alsace)
drink wurst cantelope alsace oregon quebec quebec oregon :: cost: 1
    add: (locale cantelope oregon) (locale wurst oregon)
    del: (locale cantelope quebec) (locale wurst alsace)
drink wurst flounder alsace oregon quebec moravia quebec :: cost: 1
    add: (locale flounder quebec) (locale wurst oregon)
    del: (locale flounder moravia) (locale wurst alsace)
drink wurst grapefruit alsace oregon quebec oregon alsace :: cost: 1
    add: (locale grapefruit alsace) (locale wurst oregon)
    del: (locale grapefruit oregon) (locale wurst alsace)
drink wurst arugula alsace oregon quebec moravia quebec :: cost: 1
    add: (locale arugula quebec) (locale wurst oregon)
    del: (locale arugula moravia) (locale wurst alsace)
Step 5 (craves prostatitis-13 pepper) (harmony triumph pluto) (craves expectation beef) (craves loneliness snickers) (craves satisfaction ham) (locale kale quebec) (locale ham alsace) (craves laceration-11 hamburger) (craves aesthetics flounder) (craves anger popover) (craves anxiety-25 arugula) (craves boils-15 pepper) (craves jealousy melon) (locale potato quebec) (craves stimulation melon) (locale grapefruit oregon) (harmony expectation pluto) (craves dread-31 cantelope) (craves anger-7 orange) (craves dread beef) (craves loneliness-9 hamburger) (craves hangover-6 ham) (craves grief lamb) (craves boils-32 cantelope) (craves love orange) (locale tofu surrey) (craves depression snickers) (craves angina-30 cantelope) (craves jealousy-16 kale) (craves anxiety potato) (craves learning pepper) (locale orange quebec) (harmony aesthetics neptune) (craves prostatitis popover) (craves intoxication grapefruit) (craves abrasion pork) (locale hamburger quebec) (locale snickers alsace) (locale pork kentucky) (harmony love mars) (craves hangover popover) (craves grief-26 arugula) (craves angina-3 bacon) (craves laceration snickers) (craves jealousy-28 grapefruit) (craves laceration-27 grapefruit) (craves depression-14 pepper) (craves hangover-29 grapefruit) (locale beef moravia) (craves rest pork) (locale bacon alsace) (locale cantelope quebec) (locale flounder moravia) (craves dread-8 bacon) (craves prostatitis-24 arugula) (locale arugula moravia) (craves angina popover) (locale wurst alsace) (craves triumph tofu) (locale pepper oregon) (locale melon alsace) (craves grief-2 pork) (craves anger-10 hamburger) (craves sciatica-4 bacon) (locale popover oregon) (locale lamb moravia) (harmony intoxication neptune) (fears sciatica stimulation) (fears boils stimulation) (fears loneliness-1 rest) (harmony rest mercury) (fears abrasion-5 satisfaction) (harmony satisfaction mars) (fears anxiety-12 learning) (harmony learning mercury) (harmony stimulation mars)
size: 271
overcome jealousy stimulation melon mercury mars :: cost: 1
    add: (fears jealousy stimulation) (harmony stimulation mercury)
    del: (craves jealousy melon) (harmony stimulation mars)
overcome dread expectation beef neptune pluto :: cost: 1
    add: (fears dread expectation) (harmony expectation neptune)
    del: (harmony expectation pluto) (craves dread beef)
overcome anger-7 love orange mercury mars :: cost: 1
    add: (fears anger-7 love) (harmony love mercury)
    del: (craves anger-7 orange) (harmony love mars)
overcome hangover-6 satisfaction ham mercury mars :: cost: 1
    add: (fears hangover-6 satisfaction) (harmony satisfaction mercury)
    del: (craves hangover-6 ham) (harmony satisfaction mars)
overcome laceration-27 intoxication grapefruit mars neptune :: cost: 1
    add: (fears laceration-27 intoxication) (harmony intoxication mars)
    del: (craves laceration-27 grapefruit) (harmony intoxication neptune)
overcome jealousy-28 intoxication grapefruit mars neptune :: cost: 1
    add: (harmony intoxication mars) (fears jealousy-28 intoxication)
    del: (craves jealousy-28 grapefruit) (harmony intoxication neptune)
overcome hangover-29 intoxication grapefruit mars neptune :: cost: 1
    add: (harmony intoxication mars) (fears hangover-29 intoxication)
    del: (craves hangover-29 grapefruit) (harmony intoxication neptune)
feast stimulation melon popover oregon alsace :: cost: 1
    add: (craves stimulation popover) (locale melon oregon)
    del: (craves stimulation melon) (locale melon alsace)
feast stimulation melon potato oregon alsace :: cost: 1
    add: (locale melon oregon) (craves stimulation potato)
    del: (craves stimulation melon) (locale melon alsace)
feast expectation beef snickers surrey moravia :: cost: 1
    add: (craves expectation snickers) (locale beef surrey)
    del: (craves expectation beef) (locale beef moravia)
feast expectation beef orange surrey moravia :: cost: 1
    add: (locale beef surrey) (craves expectation orange)
    del: (craves expectation beef) (locale beef moravia)
feast expectation beef ham surrey moravia :: cost: 1
    add: (locale beef surrey) (craves expectation ham)
    del: (craves expectation beef) (locale beef moravia)
feast expectation beef arugula surrey moravia :: cost: 1
    add: (locale beef surrey) (craves expectation arugula)
    del: (craves expectation beef) (locale beef moravia)
feast rest pork bacon alsace kentucky :: cost: 1
    add: (craves rest bacon) (locale pork alsace)
    del: (locale pork kentucky) (craves rest pork)
feast rest pork orange alsace kentucky :: cost: 1
    add: (locale pork alsace) (craves rest orange)
    del: (locale pork kentucky) (craves rest pork)
feast rest pork ham alsace kentucky :: cost: 1
    add: (locale pork alsace) (craves rest ham)
    del: (locale pork kentucky) (craves rest pork)
feast love orange beef moravia quebec :: cost: 1
    add: (craves love beef) (locale orange moravia)
    del: (craves love orange) (locale orange quebec)
feast love orange pork moravia quebec :: cost: 1
    add: (locale orange moravia) (craves love pork)
    del: (craves love orange) (locale orange quebec)
feast love orange bacon moravia quebec :: cost: 1
    add: (locale orange moravia) (craves love bacon)
    del: (craves love orange) (locale orange quebec)
feast satisfaction ham beef oregon alsace :: cost: 1
    add: (craves satisfaction beef) (locale ham oregon)
    del: (craves satisfaction ham) (locale ham alsace)
feast satisfaction ham pork oregon alsace :: cost: 1
    add: (locale ham oregon) (craves satisfaction pork)
    del: (craves satisfaction ham) (locale ham alsace)
feast learning pepper cantelope quebec oregon :: cost: 1
    add: (craves learning cantelope) (locale pepper quebec)
    del: (craves learning pepper) (locale pepper oregon)
feast learning pepper grapefruit quebec oregon :: cost: 1
    add: (locale pepper quebec) (craves learning grapefruit)
    del: (craves learning pepper) (locale pepper oregon)
feast aesthetics flounder kale surrey moravia :: cost: 1
    add: (craves aesthetics kale) (locale flounder surrey)
    del: (craves aesthetics flounder) (locale flounder moravia)
feast aesthetics flounder cantelope surrey moravia :: cost: 1
    add: (locale flounder surrey) (craves aesthetics cantelope)
    del: (craves aesthetics flounder) (locale flounder moravia)
feast intoxication grapefruit pepper quebec oregon :: cost: 1
    add: (craves intoxication pepper) (locale grapefruit quebec)
    del: (locale grapefruit oregon) (craves intoxication grapefruit)
feast intoxication grapefruit wurst quebec oregon :: cost: 1
    add: (locale grapefruit quebec) (craves intoxication wurst)
    del: (locale grapefruit oregon) (craves intoxication grapefruit)
succumb sciatica stimulation melon mars neptune :: cost: 1
    add: (craves sciatica melon) (harmony stimulation neptune)
    del: (fears sciatica stimulation) (harmony stimulation mars)
succumb boils stimulation melon mars neptune :: cost: 1
    add: (craves boils melon) (harmony stimulation neptune)
    del: (fears boils stimulation) (harmony stimulation mars)
succumb loneliness-1 rest pork mercury mars :: cost: 1
    add: (harmony rest mars) (craves loneliness-1 pork)
    del: (fears loneliness-1 rest) (harmony rest mercury)
succumb abrasion-5 satisfaction ham mars neptune :: cost: 1
    add: (harmony satisfaction neptune) (craves abrasion-5 ham)
    del: (fears abrasion-5 satisfaction) (harmony satisfaction mars)
succumb anxiety-12 learning pepper mercury mars :: cost: 1
    add: (harmony learning mars) (craves anxiety-12 pepper)
    del: (fears anxiety-12 learning) (harmony learning mercury)
drink snickers tofu alsace oregon quebec surrey moravia :: cost: 1
    add: (locale snickers oregon) (locale tofu moravia)
    del: (locale tofu surrey) (locale snickers alsace)
drink snickers popover alsace oregon quebec oregon alsace :: cost: 1
    add: (locale snickers oregon) (locale popover alsace)
    del: (locale snickers alsace) (locale popover oregon)
drink snickers lamb alsace oregon quebec moravia quebec :: cost: 1
    add: (locale snickers oregon) (locale lamb quebec)
    del: (locale snickers alsace) (locale lamb moravia)
drink snickers potato alsace oregon quebec quebec oregon :: cost: 1
    add: (locale snickers oregon) (locale potato oregon)
    del: (locale potato quebec) (locale snickers alsace)
drink snickers melon alsace oregon quebec alsace kentucky :: cost: 1
    add: (locale snickers oregon) (locale melon kentucky)
    del: (locale snickers alsace) (locale melon alsace)
drink snickers beef alsace oregon quebec moravia quebec :: cost: 1
    add: (locale snickers oregon) (locale beef quebec)
    del: (locale snickers alsace) (locale beef moravia)
drink snickers bacon alsace oregon quebec alsace kentucky :: cost: 1
    add: (locale snickers oregon) (locale bacon kentucky)
    del: (locale snickers alsace) (locale bacon alsace)
drink snickers orange alsace oregon quebec quebec oregon :: cost: 1
    add: (locale snickers oregon) (locale orange oregon)
    del: (locale orange quebec) (locale snickers alsace)
drink snickers ham alsace oregon quebec alsace kentucky :: cost: 1
    add: (locale snickers oregon) (locale ham kentucky)
    del: (locale ham alsace) (locale snickers alsace)
drink snickers kale alsace oregon quebec quebec oregon :: cost: 1
    add: (locale snickers oregon) (locale kale oregon)
    del: (locale kale quebec) (locale snickers alsace)
drink snickers pepper alsace oregon quebec oregon alsace :: cost: 1
    add: (locale snickers oregon) (locale pepper alsace)
    del: (locale snickers alsace) (locale pepper oregon)
drink snickers hamburger alsace oregon quebec quebec oregon :: cost: 1
    add: (locale snickers oregon) (locale hamburger oregon)
    del: (locale hamburger quebec) (locale snickers alsace)
drink snickers cantelope alsace oregon quebec quebec oregon :: cost: 1
    add: (locale snickers oregon) (locale cantelope oregon)
    del: (locale snickers alsace) (locale cantelope quebec)
drink snickers flounder alsace oregon quebec moravia quebec :: cost: 1
    add: (locale snickers oregon) (locale flounder quebec)
    del: (locale snickers alsace) (locale flounder moravia)
drink snickers grapefruit alsace oregon quebec oregon alsace :: cost: 1
    add: (locale snickers oregon) (locale grapefruit alsace)
    del: (locale grapefruit oregon) (locale snickers alsace)
drink snickers wurst alsace oregon quebec alsace kentucky :: cost: 1
    add: (locale snickers oregon) (locale wurst kentucky)
    del: (locale snickers alsace) (locale wurst alsace)
drink snickers arugula alsace oregon quebec moravia quebec :: cost: 1
    add: (locale snickers oregon) (locale arugula quebec)
    del: (locale snickers alsace) (locale arugula moravia)
drink popover tofu oregon quebec moravia surrey moravia :: cost: 1
    add: (locale tofu moravia) (locale popover quebec)
    del: (locale tofu surrey) (locale popover oregon)
drink popover snickers oregon quebec moravia alsace kentucky :: cost: 1
    add: (locale popover quebec) (locale snickers kentucky)
    del: (locale snickers alsace) (locale popover oregon)
drink popover lamb oregon quebec moravia moravia quebec :: cost: 1
    add: (locale lamb quebec) (locale popover quebec)
    del: (locale popover oregon) (locale lamb moravia)
drink popover potato oregon quebec moravia quebec oregon :: cost: 1
    add: (locale potato oregon) (locale popover quebec)
    del: (locale potato quebec) (locale popover oregon)
drink popover melon oregon quebec moravia alsace kentucky :: cost: 1
    add: (locale melon kentucky) (locale popover quebec)
    del: (locale melon alsace) (locale popover oregon)
drink popover beef oregon quebec moravia moravia quebec :: cost: 1
    add: (locale beef quebec) (locale popover quebec)
    del: (locale beef moravia) (locale popover oregon)
drink popover bacon oregon quebec moravia alsace kentucky :: cost: 1
    add: (locale bacon kentucky) (locale popover quebec)
    del: (locale bacon alsace) (locale popover oregon)
drink popover orange oregon quebec moravia quebec oregon :: cost: 1
    add: (locale orange oregon) (locale popover quebec)
    del: (locale orange quebec) (locale popover oregon)
drink popover ham oregon quebec moravia alsace kentucky :: cost: 1
    add: (locale ham kentucky) (locale popover quebec)
    del: (locale ham alsace) (locale popover oregon)
drink popover kale oregon quebec moravia quebec oregon :: cost: 1
    add: (locale kale oregon) (locale popover quebec)
    del: (locale kale quebec) (locale popover oregon)
drink popover pepper oregon quebec moravia oregon alsace :: cost: 1
    add: (locale pepper alsace) (locale popover quebec)
    del: (locale pepper oregon) (locale popover oregon)
drink popover hamburger oregon quebec moravia quebec oregon :: cost: 1
    add: (locale hamburger oregon) (locale popover quebec)
    del: (locale hamburger quebec) (locale popover oregon)
drink popover cantelope oregon quebec moravia quebec oregon :: cost: 1
    add: (locale cantelope oregon) (locale popover quebec)
    del: (locale cantelope quebec) (locale popover oregon)
drink popover flounder oregon quebec moravia moravia quebec :: cost: 1
    add: (locale flounder quebec) (locale popover quebec)
    del: (locale flounder moravia) (locale popover oregon)
drink popover grapefruit oregon quebec moravia oregon alsace :: cost: 1
    add: (locale grapefruit alsace) (locale popover quebec)
    del: (locale grapefruit oregon) (locale popover oregon)
drink popover wurst oregon quebec moravia alsace kentucky :: cost: 1
    add: (locale wurst kentucky) (locale popover quebec)
    del: (locale wurst alsace) (locale popover oregon)
drink popover arugula oregon quebec moravia moravia quebec :: cost: 1
    add: (locale arugula quebec) (locale popover quebec)
    del: (locale arugula moravia) (locale popover oregon)
drink potato tofu quebec moravia surrey surrey moravia :: cost: 1
    add: (locale tofu moravia) (locale potato moravia)
    del: (locale potato quebec) (locale tofu surrey)
drink potato snickers quebec moravia surrey alsace kentucky :: cost: 1
    add: (locale snickers kentucky) (locale potato moravia)
    del: (locale potato quebec) (locale snickers alsace)
drink potato popover quebec moravia surrey oregon alsace :: cost: 1
    add: (locale popover alsace) (locale potato moravia)
    del: (locale potato quebec) (locale popover oregon)
drink potato lamb quebec moravia surrey moravia quebec :: cost: 1
    add: (locale lamb quebec) (locale potato moravia)
    del: (locale potato quebec) (locale lamb moravia)
drink potato melon quebec moravia surrey alsace kentucky :: cost: 1
    add: (locale melon kentucky) (locale potato moravia)
    del: (locale potato quebec) (locale melon alsace)
drink potato beef quebec moravia surrey moravia quebec :: cost: 1
    add: (locale beef quebec) (locale potato moravia)
    del: (locale potato quebec) (locale beef moravia)
drink potato bacon quebec moravia surrey alsace kentucky :: cost: 1
    add: (locale bacon kentucky) (locale potato moravia)
    del: (locale potato quebec) (locale bacon alsace)
drink potato orange quebec moravia surrey quebec oregon :: cost: 1
    add: (locale orange oregon) (locale potato moravia)
    del: (locale potato quebec) (locale orange quebec)
drink potato ham quebec moravia surrey alsace kentucky :: cost: 1
    add: (locale ham kentucky) (locale potato moravia)
    del: (locale ham alsace) (locale potato quebec)
drink potato kale quebec moravia surrey quebec oregon :: cost: 1
    add: (locale kale oregon) (locale potato moravia)
    del: (locale kale quebec) (locale potato quebec)
drink potato pepper quebec moravia surrey oregon alsace :: cost: 1
    add: (locale pepper alsace) (locale potato moravia)
    del: (locale potato quebec) (locale pepper oregon)
drink potato hamburger quebec moravia surrey quebec oregon :: cost: 1
    add: (locale hamburger oregon) (locale potato moravia)
    del: (locale potato quebec) (locale hamburger quebec)
drink potato cantelope quebec moravia surrey quebec oregon :: cost: 1
    add: (locale cantelope oregon) (locale potato moravia)
    del: (locale potato quebec) (locale cantelope quebec)
drink potato flounder quebec moravia surrey moravia quebec :: cost: 1
    add: (locale flounder quebec) (locale potato moravia)
    del: (locale potato quebec) (locale flounder moravia)
drink potato grapefruit quebec moravia surrey oregon alsace :: cost: 1
    add: (locale grapefruit alsace) (locale potato moravia)
    del: (locale potato quebec) (locale grapefruit oregon)
drink potato wurst quebec moravia surrey alsace kentucky :: cost: 1
    add: (locale wurst kentucky) (locale potato moravia)
    del: (locale potato quebec) (locale wurst alsace)
drink potato arugula quebec moravia surrey moravia quebec :: cost: 1
    add: (locale arugula quebec) (locale potato moravia)
    del: (locale potato quebec) (locale arugula moravia)
drink melon tofu alsace oregon quebec surrey moravia :: cost: 1
    add: (locale melon oregon) (locale tofu moravia)
    del: (locale tofu surrey) (locale melon alsace)
drink melon snickers alsace oregon quebec alsace kentucky :: cost: 1
    add: (locale melon oregon) (locale snickers kentucky)
    del: (locale snickers alsace) (locale melon alsace)
drink melon popover alsace oregon quebec oregon alsace :: cost: 1
    add: (locale melon oregon) (locale popover alsace)
    del: (locale melon alsace) (locale popover oregon)
drink melon lamb alsace oregon quebec moravia quebec :: cost: 1
    add: (locale melon oregon) (locale lamb quebec)
    del: (locale melon alsace) (locale lamb moravia)
drink melon potato alsace oregon quebec quebec oregon :: cost: 1
    add: (locale melon oregon) (locale potato oregon)
    del: (locale potato quebec) (locale melon alsace)
drink melon beef alsace oregon quebec moravia quebec :: cost: 1
    add: (locale melon oregon) (locale beef quebec)
    del: (locale beef moravia) (locale melon alsace)
drink melon bacon alsace oregon quebec alsace kentucky :: cost: 1
    add: (locale melon oregon) (locale bacon kentucky)
    del: (locale bacon alsace) (locale melon alsace)
drink melon orange alsace oregon quebec quebec oregon :: cost: 1
    add: (locale melon oregon) (locale orange oregon)
    del: (locale orange quebec) (locale melon alsace)
drink melon ham alsace oregon quebec alsace kentucky :: cost: 1
    add: (locale melon oregon) (locale ham kentucky)
    del: (locale ham alsace) (locale melon alsace)
drink melon kale alsace oregon quebec quebec oregon :: cost: 1
    add: (locale melon oregon) (locale kale oregon)
    del: (locale kale quebec) (locale melon alsace)
drink melon pepper alsace oregon quebec oregon alsace :: cost: 1
    add: (locale melon oregon) (locale pepper alsace)
    del: (locale pepper oregon) (locale melon alsace)
drink melon hamburger alsace oregon quebec quebec oregon :: cost: 1
    add: (locale melon oregon) (locale hamburger oregon)
    del: (locale hamburger quebec) (locale melon alsace)
drink melon cantelope alsace oregon quebec quebec oregon :: cost: 1
    add: (locale melon oregon) (locale cantelope oregon)
    del: (locale cantelope quebec) (locale melon alsace)
drink melon flounder alsace oregon quebec moravia quebec :: cost: 1
    add: (locale melon oregon) (locale flounder quebec)
    del: (locale flounder moravia) (locale melon alsace)
drink melon grapefruit alsace oregon quebec oregon alsace :: cost: 1
    add: (locale melon oregon) (locale grapefruit alsace)
    del: (locale grapefruit oregon) (locale melon alsace)
drink melon wurst alsace oregon quebec alsace kentucky :: cost: 1
    add: (locale melon oregon) (locale wurst kentucky)
    del: (locale wurst alsace) (locale melon alsace)
drink melon arugula alsace oregon quebec moravia quebec :: cost: 1
    add: (locale melon oregon) (locale arugula quebec)
    del: (locale arugula moravia) (locale melon alsace)
drink pork tofu kentucky alsace oregon surrey moravia :: cost: 1
    add: (locale pork alsace) (locale tofu moravia)
    del: (locale tofu surrey) (locale pork kentucky)
drink pork snickers kentucky alsace oregon alsace kentucky :: cost: 1
    add: (locale pork alsace) (locale snickers kentucky)
    del: (locale snickers alsace) (locale pork kentucky)
drink pork popover kentucky alsace oregon oregon alsace :: cost: 1
    add: (locale pork alsace) (locale popover alsace)
    del: (locale pork kentucky) (locale popover oregon)
drink pork lamb kentucky alsace oregon moravia quebec :: cost: 1
    add: (locale pork alsace) (locale lamb quebec)
    del: (locale pork kentucky) (locale lamb moravia)
drink pork potato kentucky alsace oregon quebec oregon :: cost: 1
    add: (locale pork alsace) (locale potato oregon)
    del: (locale potato quebec) (locale pork kentucky)
drink pork melon kentucky alsace oregon alsace kentucky :: cost: 1
    add: (locale pork alsace) (locale melon kentucky)
    del: (locale pork kentucky) (locale melon alsace)
drink pork beef kentucky alsace oregon moravia quebec :: cost: 1
    add: (locale pork alsace) (locale beef quebec)
    del: (locale pork kentucky) (locale beef moravia)
drink pork bacon kentucky alsace oregon alsace kentucky :: cost: 1
    add: (locale pork alsace) (locale bacon kentucky)
    del: (locale pork kentucky) (locale bacon alsace)
drink pork orange kentucky alsace oregon quebec oregon :: cost: 1
    add: (locale pork alsace) (locale orange oregon)
    del: (locale orange quebec) (locale pork kentucky)
drink pork ham kentucky alsace oregon alsace kentucky :: cost: 1
    add: (locale pork alsace) (locale ham kentucky)
    del: (locale ham alsace) (locale pork kentucky)
drink pork kale kentucky alsace oregon quebec oregon :: cost: 1
    add: (locale pork alsace) (locale kale oregon)
    del: (locale kale quebec) (locale pork kentucky)
drink pork pepper kentucky alsace oregon oregon alsace :: cost: 1
    add: (locale pork alsace) (locale pepper alsace)
    del: (locale pork kentucky) (locale pepper oregon)
drink pork hamburger kentucky alsace oregon quebec oregon :: cost: 1
    add: (locale pork alsace) (locale hamburger oregon)
    del: (locale hamburger quebec) (locale pork kentucky)
drink pork cantelope kentucky alsace oregon quebec oregon :: cost: 1
    add: (locale pork alsace) (locale cantelope oregon)
    del: (locale pork kentucky) (locale cantelope quebec)
drink pork flounder kentucky alsace oregon moravia quebec :: cost: 1
    add: (locale pork alsace) (locale flounder quebec)
    del: (locale pork kentucky) (locale flounder moravia)
drink pork grapefruit kentucky alsace oregon oregon alsace :: cost: 1
    add: (locale pork alsace) (locale grapefruit alsace)
    del: (locale grapefruit oregon) (locale pork kentucky)
drink pork wurst kentucky alsace oregon alsace kentucky :: cost: 1
    add: (locale pork alsace) (locale wurst kentucky)
    del: (locale pork kentucky) (locale wurst alsace)
drink pork arugula kentucky alsace oregon moravia quebec :: cost: 1
    add: (locale pork alsace) (locale arugula quebec)
    del: (locale pork kentucky) (locale arugula moravia)
drink bacon tofu alsace oregon quebec surrey moravia :: cost: 1
    add: (locale tofu moravia) (locale bacon oregon)
    del: (locale tofu surrey) (locale bacon alsace)
drink bacon snickers alsace oregon quebec alsace kentucky :: cost: 1
    add: (locale snickers kentucky) (locale bacon oregon)
    del: (locale snickers alsace) (locale bacon alsace)
drink bacon popover alsace oregon quebec oregon alsace :: cost: 1
    add: (locale popover alsace) (locale bacon oregon)
    del: (locale bacon alsace) (locale popover oregon)
drink bacon lamb alsace oregon quebec moravia quebec :: cost: 1
    add: (locale lamb quebec) (locale bacon oregon)
    del: (locale bacon alsace) (locale lamb moravia)
drink bacon potato alsace oregon quebec quebec oregon :: cost: 1
    add: (locale potato oregon) (locale bacon oregon)
    del: (locale potato quebec) (locale bacon alsace)
drink bacon melon alsace oregon quebec alsace kentucky :: cost: 1
    add: (locale melon kentucky) (locale bacon oregon)
    del: (locale bacon alsace) (locale melon alsace)
drink bacon beef alsace oregon quebec moravia quebec :: cost: 1
    add: (locale beef quebec) (locale bacon oregon)
    del: (locale beef moravia) (locale bacon alsace)
drink bacon orange alsace oregon quebec quebec oregon :: cost: 1
    add: (locale orange oregon) (locale bacon oregon)
    del: (locale orange quebec) (locale bacon alsace)
drink bacon ham alsace oregon quebec alsace kentucky :: cost: 1
    add: (locale ham kentucky) (locale bacon oregon)
    del: (locale ham alsace) (locale bacon alsace)
drink bacon kale alsace oregon quebec quebec oregon :: cost: 1
    add: (locale kale oregon) (locale bacon oregon)
    del: (locale kale quebec) (locale bacon alsace)
drink bacon pepper alsace oregon quebec oregon alsace :: cost: 1
    add: (locale pepper alsace) (locale bacon oregon)
    del: (locale bacon alsace) (locale pepper oregon)
drink bacon hamburger alsace oregon quebec quebec oregon :: cost: 1
    add: (locale hamburger oregon) (locale bacon oregon)
    del: (locale hamburger quebec) (locale bacon alsace)
drink bacon cantelope alsace oregon quebec quebec oregon :: cost: 1
    add: (locale cantelope oregon) (locale bacon oregon)
    del: (locale bacon alsace) (locale cantelope quebec)
drink bacon flounder alsace oregon quebec moravia quebec :: cost: 1
    add: (locale flounder quebec) (locale bacon oregon)
    del: (locale bacon alsace) (locale flounder moravia)
drink bacon grapefruit alsace oregon quebec oregon alsace :: cost: 1
    add: (locale grapefruit alsace) (locale bacon oregon)
    del: (locale grapefruit oregon) (locale bacon alsace)
drink bacon wurst alsace oregon quebec alsace kentucky :: cost: 1
    add: (locale wurst kentucky) (locale bacon oregon)
    del: (locale bacon alsace) (locale wurst alsace)
drink bacon arugula alsace oregon quebec moravia quebec :: cost: 1
    add: (locale arugula quebec) (locale bacon oregon)
    del: (locale bacon alsace) (locale arugula moravia)
drink orange tofu quebec moravia surrey surrey moravia :: cost: 1
    add: (locale orange moravia) (locale tofu moravia)
    del: (locale tofu surrey) (locale orange quebec)
drink orange snickers quebec moravia surrey alsace kentucky :: cost: 1
    add: (locale orange moravia) (locale snickers kentucky)
    del: (locale orange quebec) (locale snickers alsace)
drink orange popover quebec moravia surrey oregon alsace :: cost: 1
    add: (locale orange moravia) (locale popover alsace)
    del: (locale orange quebec) (locale popover oregon)
drink orange lamb quebec moravia surrey moravia quebec :: cost: 1
    add: (locale orange moravia) (locale lamb quebec)
    del: (locale orange quebec) (locale lamb moravia)
drink orange potato quebec moravia surrey quebec oregon :: cost: 1
    add: (locale orange moravia) (locale potato oregon)
    del: (locale potato quebec) (locale orange quebec)
drink orange melon quebec moravia surrey alsace kentucky :: cost: 1
    add: (locale orange moravia) (locale melon kentucky)
    del: (locale orange quebec) (locale melon alsace)
drink orange beef quebec moravia surrey moravia quebec :: cost: 1
    add: (locale orange moravia) (locale beef quebec)
    del: (locale orange quebec) (locale beef moravia)
drink orange bacon quebec moravia surrey alsace kentucky :: cost: 1
    add: (locale orange moravia) (locale bacon kentucky)
    del: (locale orange quebec) (locale bacon alsace)
drink orange ham quebec moravia surrey alsace kentucky :: cost: 1
    add: (locale orange moravia) (locale ham kentucky)
    del: (locale ham alsace) (locale orange quebec)
drink orange kale quebec moravia surrey quebec oregon :: cost: 1
    add: (locale orange moravia) (locale kale oregon)
    del: (locale kale quebec) (locale orange quebec)
drink orange pepper quebec moravia surrey oregon alsace :: cost: 1
    add: (locale orange moravia) (locale pepper alsace)
    del: (locale orange quebec) (locale pepper oregon)
drink orange hamburger quebec moravia surrey quebec oregon :: cost: 1
    add: (locale orange moravia) (locale hamburger oregon)
    del: (locale orange quebec) (locale hamburger quebec)
drink orange cantelope quebec moravia surrey quebec oregon :: cost: 1
    add: (locale orange moravia) (locale cantelope oregon)
    del: (locale orange quebec) (locale cantelope quebec)
drink orange flounder quebec moravia surrey moravia quebec :: cost: 1
    add: (locale orange moravia) (locale flounder quebec)
    del: (locale orange quebec) (locale flounder moravia)
drink orange grapefruit quebec moravia surrey oregon alsace :: cost: 1
    add: (locale orange moravia) (locale grapefruit alsace)
    del: (locale grapefruit oregon) (locale orange quebec)
drink orange wurst quebec moravia surrey alsace kentucky :: cost: 1
    add: (locale orange moravia) (locale wurst kentucky)
    del: (locale orange quebec) (locale wurst alsace)
drink orange arugula quebec moravia surrey moravia quebec :: cost: 1
    add: (locale orange moravia) (locale arugula quebec)
    del: (locale orange quebec) (locale arugula moravia)
drink ham tofu alsace oregon quebec surrey moravia :: cost: 1
    add: (locale ham oregon) (locale tofu moravia)
    del: (locale ham alsace) (locale tofu surrey)
drink ham snickers alsace oregon quebec alsace kentucky :: cost: 1
    add: (locale ham oregon) (locale snickers kentucky)
    del: (locale ham alsace) (locale snickers alsace)
drink ham popover alsace oregon quebec oregon alsace :: cost: 1
    add: (locale ham oregon) (locale popover alsace)
    del: (locale ham alsace) (locale popover oregon)
drink ham lamb alsace oregon quebec moravia quebec :: cost: 1
    add: (locale ham oregon) (locale lamb quebec)
    del: (locale ham alsace) (locale lamb moravia)
drink ham potato alsace oregon quebec quebec oregon :: cost: 1
    add: (locale ham oregon) (locale potato oregon)
    del: (locale ham alsace) (locale potato quebec)
drink ham melon alsace oregon quebec alsace kentucky :: cost: 1
    add: (locale ham oregon) (locale melon kentucky)
    del: (locale ham alsace) (locale melon alsace)
drink ham beef alsace oregon quebec moravia quebec :: cost: 1
    add: (locale ham oregon) (locale beef quebec)
    del: (locale ham alsace) (locale beef moravia)
drink ham bacon alsace oregon quebec alsace kentucky :: cost: 1
    add: (locale ham oregon) (locale bacon kentucky)
    del: (locale ham alsace) (locale bacon alsace)
drink ham orange alsace oregon quebec quebec oregon :: cost: 1
    add: (locale ham oregon) (locale orange oregon)
    del: (locale ham alsace) (locale orange quebec)
drink ham kale alsace oregon quebec quebec oregon :: cost: 1
    add: (locale ham oregon) (locale kale oregon)
    del: (locale kale quebec) (locale ham alsace)
drink ham pepper alsace oregon quebec oregon alsace :: cost: 1
    add: (locale ham oregon) (locale pepper alsace)
    del: (locale ham alsace) (locale pepper oregon)
drink ham hamburger alsace oregon quebec quebec oregon :: cost: 1
    add: (locale ham oregon) (locale hamburger oregon)
    del: (locale ham alsace) (locale hamburger quebec)
drink ham cantelope alsace oregon quebec quebec oregon :: cost: 1
    add: (locale ham oregon) (locale cantelope oregon)
    del: (locale ham alsace) (locale cantelope quebec)
drink ham flounder alsace oregon quebec moravia quebec :: cost: 1
    add: (locale ham oregon) (locale flounder quebec)
    del: (locale ham alsace) (locale flounder moravia)
drink ham grapefruit alsace oregon quebec oregon alsace :: cost: 1
    add: (locale ham oregon) (locale grapefruit alsace)
    del: (locale ham alsace) (locale grapefruit oregon)
drink ham wurst alsace oregon quebec alsace kentucky :: cost: 1
    add: (locale ham oregon) (locale wurst kentucky)
    del: (locale ham alsace) (locale wurst alsace)
drink ham arugula alsace oregon quebec moravia quebec :: cost: 1
    add: (locale ham oregon) (locale arugula quebec)
    del: (locale ham alsace) (locale arugula moravia)
drink kale tofu quebec moravia surrey surrey moravia :: cost: 1
    add: (locale tofu moravia) (locale kale moravia)
    del: (locale kale quebec) (locale tofu surrey)
drink kale snickers quebec moravia surrey alsace kentucky :: cost: 1
    add: (locale snickers kentucky) (locale kale moravia)
    del: (locale kale quebec) (locale snickers alsace)
drink kale popover quebec moravia surrey oregon alsace :: cost: 1
    add: (locale popover alsace) (locale kale moravia)
    del: (locale kale quebec) (locale popover oregon)
drink kale lamb quebec moravia surrey moravia quebec :: cost: 1
    add: (locale lamb quebec) (locale kale moravia)
    del: (locale kale quebec) (locale lamb moravia)
drink kale potato quebec moravia surrey quebec oregon :: cost: 1
    add: (locale potato oregon) (locale kale moravia)
    del: (locale kale quebec) (locale potato quebec)
drink kale melon quebec moravia surrey alsace kentucky :: cost: 1
    add: (locale melon kentucky) (locale kale moravia)
    del: (locale kale quebec) (locale melon alsace)
drink kale beef quebec moravia surrey moravia quebec :: cost: 1
    add: (locale beef quebec) (locale kale moravia)
    del: (locale kale quebec) (locale beef moravia)
drink kale bacon quebec moravia surrey alsace kentucky :: cost: 1
    add: (locale bacon kentucky) (locale kale moravia)
    del: (locale kale quebec) (locale bacon alsace)
drink kale orange quebec moravia surrey quebec oregon :: cost: 1
    add: (locale orange oregon) (locale kale moravia)
    del: (locale kale quebec) (locale orange quebec)
drink kale ham quebec moravia surrey alsace kentucky :: cost: 1
    add: (locale ham kentucky) (locale kale moravia)
    del: (locale kale quebec) (locale ham alsace)
drink kale pepper quebec moravia surrey oregon alsace :: cost: 1
    add: (locale pepper alsace) (locale kale moravia)
    del: (locale kale quebec) (locale pepper oregon)
drink kale hamburger quebec moravia surrey quebec oregon :: cost: 1
    add: (locale hamburger oregon) (locale kale moravia)
    del: (locale kale quebec) (locale hamburger quebec)
drink kale cantelope quebec moravia surrey quebec oregon :: cost: 1
    add: (locale cantelope oregon) (locale kale moravia)
    del: (locale kale quebec) (locale cantelope quebec)
drink kale flounder quebec moravia surrey moravia quebec :: cost: 1
    add: (locale flounder quebec) (locale kale moravia)
    del: (locale kale quebec) (locale flounder moravia)
drink kale grapefruit quebec moravia surrey oregon alsace :: cost: 1
    add: (locale grapefruit alsace) (locale kale moravia)
    del: (locale kale quebec) (locale grapefruit oregon)
drink kale wurst quebec moravia surrey alsace kentucky :: cost: 1
    add: (locale wurst kentucky) (locale kale moravia)
    del: (locale kale quebec) (locale wurst alsace)
drink kale arugula quebec moravia surrey moravia quebec :: cost: 1
    add: (locale arugula quebec) (locale kale moravia)
    del: (locale kale quebec) (locale arugula moravia)
drink pepper tofu oregon quebec moravia surrey moravia :: cost: 1
    add: (locale pepper quebec) (locale tofu moravia)
    del: (locale tofu surrey) (locale pepper oregon)
drink pepper snickers oregon quebec moravia alsace kentucky :: cost: 1
    add: (locale pepper quebec) (locale snickers kentucky)
    del: (locale snickers alsace) (locale pepper oregon)
drink pepper popover oregon quebec moravia oregon alsace :: cost: 1
    add: (locale pepper quebec) (locale popover alsace)
    del: (locale pepper oregon) (locale popover oregon)
drink pepper lamb oregon quebec moravia moravia quebec :: cost: 1
    add: (locale pepper quebec) (locale lamb quebec)
    del: (locale pepper oregon) (locale lamb moravia)
drink pepper potato oregon quebec moravia quebec oregon :: cost: 1
    add: (locale pepper quebec) (locale potato oregon)
    del: (locale potato quebec) (locale pepper oregon)
drink pepper melon oregon quebec moravia alsace kentucky :: cost: 1
    add: (locale pepper quebec) (locale melon kentucky)
    del: (locale pepper oregon) (locale melon alsace)
drink pepper beef oregon quebec moravia moravia quebec :: cost: 1
    add: (locale pepper quebec) (locale beef quebec)
    del: (locale beef moravia) (locale pepper oregon)
drink pepper bacon oregon quebec moravia alsace kentucky :: cost: 1
    add: (locale pepper quebec) (locale bacon kentucky)
    del: (locale bacon alsace) (locale pepper oregon)
drink pepper orange oregon quebec moravia quebec oregon :: cost: 1
    add: (locale pepper quebec) (locale orange oregon)
    del: (locale orange quebec) (locale pepper oregon)
drink pepper ham oregon quebec moravia alsace kentucky :: cost: 1
    add: (locale pepper quebec) (locale ham kentucky)
    del: (locale ham alsace) (locale pepper oregon)
drink pepper kale oregon quebec moravia quebec oregon :: cost: 1
    add: (locale pepper quebec) (locale kale oregon)
    del: (locale kale quebec) (locale pepper oregon)
drink pepper hamburger oregon quebec moravia quebec oregon :: cost: 1
    add: (locale pepper quebec) (locale hamburger oregon)
    del: (locale hamburger quebec) (locale pepper oregon)
drink pepper cantelope oregon quebec moravia quebec oregon :: cost: 1
    add: (locale pepper quebec) (locale cantelope oregon)
    del: (locale cantelope quebec) (locale pepper oregon)
drink pepper flounder oregon quebec moravia moravia quebec :: cost: 1
    add: (locale pepper quebec) (locale flounder quebec)
    del: (locale flounder moravia) (locale pepper oregon)
drink pepper grapefruit oregon quebec moravia oregon alsace :: cost: 1
    add: (locale pepper quebec) (locale grapefruit alsace)
    del: (locale grapefruit oregon) (locale pepper oregon)
drink pepper wurst oregon quebec moravia alsace kentucky :: cost: 1
    add: (locale pepper quebec) (locale wurst kentucky)
    del: (locale wurst alsace) (locale pepper oregon)
drink pepper arugula oregon quebec moravia moravia quebec :: cost: 1
    add: (locale pepper quebec) (locale arugula quebec)
    del: (locale arugula moravia) (locale pepper oregon)
drink hamburger tofu quebec moravia surrey surrey moravia :: cost: 1
    add: (locale tofu moravia) (locale hamburger moravia)
    del: (locale tofu surrey) (locale hamburger quebec)
drink hamburger snickers quebec moravia surrey alsace kentucky :: cost: 1
    add: (locale snickers kentucky) (locale hamburger moravia)
    del: (locale hamburger quebec) (locale snickers alsace)
drink hamburger popover quebec moravia surrey oregon alsace :: cost: 1
    add: (locale popover alsace) (locale hamburger moravia)
    del: (locale hamburger quebec) (locale popover oregon)
drink hamburger lamb quebec moravia surrey moravia quebec :: cost: 1
    add: (locale lamb quebec) (locale hamburger moravia)
    del: (locale hamburger quebec) (locale lamb moravia)
drink hamburger potato quebec moravia surrey quebec oregon :: cost: 1
    add: (locale potato oregon) (locale hamburger moravia)
    del: (locale potato quebec) (locale hamburger quebec)
drink hamburger melon quebec moravia surrey alsace kentucky :: cost: 1
    add: (locale melon kentucky) (locale hamburger moravia)
    del: (locale hamburger quebec) (locale melon alsace)
drink hamburger beef quebec moravia surrey moravia quebec :: cost: 1
    add: (locale beef quebec) (locale hamburger moravia)
    del: (locale hamburger quebec) (locale beef moravia)
drink hamburger bacon quebec moravia surrey alsace kentucky :: cost: 1
    add: (locale bacon kentucky) (locale hamburger moravia)
    del: (locale hamburger quebec) (locale bacon alsace)
drink hamburger orange quebec moravia surrey quebec oregon :: cost: 1
    add: (locale orange oregon) (locale hamburger moravia)
    del: (locale orange quebec) (locale hamburger quebec)
drink hamburger ham quebec moravia surrey alsace kentucky :: cost: 1
    add: (locale ham kentucky) (locale hamburger moravia)
    del: (locale ham alsace) (locale hamburger quebec)
drink hamburger kale quebec moravia surrey quebec oregon :: cost: 1
    add: (locale kale oregon) (locale hamburger moravia)
    del: (locale kale quebec) (locale hamburger quebec)
drink hamburger pepper quebec moravia surrey oregon alsace :: cost: 1
    add: (locale pepper alsace) (locale hamburger moravia)
    del: (locale hamburger quebec) (locale pepper oregon)
drink hamburger cantelope quebec moravia surrey quebec oregon :: cost: 1
    add: (locale cantelope oregon) (locale hamburger moravia)
    del: (locale hamburger quebec) (locale cantelope quebec)
drink hamburger flounder quebec moravia surrey moravia quebec :: cost: 1
    add: (locale flounder quebec) (locale hamburger moravia)
    del: (locale hamburger quebec) (locale flounder moravia)
drink hamburger grapefruit quebec moravia surrey oregon alsace :: cost: 1
    add: (locale grapefruit alsace) (locale hamburger moravia)
    del: (locale grapefruit oregon) (locale hamburger quebec)
drink hamburger wurst quebec moravia surrey alsace kentucky :: cost: 1
    add: (locale wurst kentucky) (locale hamburger moravia)
    del: (locale hamburger quebec) (locale wurst alsace)
drink hamburger arugula quebec moravia surrey moravia quebec :: cost: 1
    add: (locale arugula quebec) (locale hamburger moravia)
    del: (locale hamburger quebec) (locale arugula moravia)
drink cantelope tofu quebec moravia surrey surrey moravia :: cost: 1
    add: (locale tofu moravia) (locale cantelope moravia)
    del: (locale tofu surrey) (locale cantelope quebec)
drink cantelope snickers quebec moravia surrey alsace kentucky :: cost: 1
    add: (locale snickers kentucky) (locale cantelope moravia)
    del: (locale snickers alsace) (locale cantelope quebec)
drink cantelope popover quebec moravia surrey oregon alsace :: cost: 1
    add: (locale popover alsace) (locale cantelope moravia)
    del: (locale cantelope quebec) (locale popover oregon)
drink cantelope lamb quebec moravia surrey moravia quebec :: cost: 1
    add: (locale lamb quebec) (locale cantelope moravia)
    del: (locale cantelope quebec) (locale lamb moravia)
drink cantelope potato quebec moravia surrey quebec oregon :: cost: 1
    add: (locale potato oregon) (locale cantelope moravia)
    del: (locale potato quebec) (locale cantelope quebec)
drink cantelope melon quebec moravia surrey alsace kentucky :: cost: 1
    add: (locale melon kentucky) (locale cantelope moravia)
    del: (locale cantelope quebec) (locale melon alsace)
drink cantelope beef quebec moravia surrey moravia quebec :: cost: 1
    add: (locale beef quebec) (locale cantelope moravia)
    del: (locale beef moravia) (locale cantelope quebec)
drink cantelope bacon quebec moravia surrey alsace kentucky :: cost: 1
    add: (locale bacon kentucky) (locale cantelope moravia)
    del: (locale bacon alsace) (locale cantelope quebec)
drink cantelope orange quebec moravia surrey quebec oregon :: cost: 1
    add: (locale orange oregon) (locale cantelope moravia)
    del: (locale orange quebec) (locale cantelope quebec)
drink cantelope ham quebec moravia surrey alsace kentucky :: cost: 1
    add: (locale ham kentucky) (locale cantelope moravia)
    del: (locale ham alsace) (locale cantelope quebec)
drink cantelope kale quebec moravia surrey quebec oregon :: cost: 1
    add: (locale kale oregon) (locale cantelope moravia)
    del: (locale kale quebec) (locale cantelope quebec)
drink cantelope pepper quebec moravia surrey oregon alsace :: cost: 1
    add: (locale pepper alsace) (locale cantelope moravia)
    del: (locale cantelope quebec) (locale pepper oregon)
drink cantelope hamburger quebec moravia surrey quebec oregon :: cost: 1
    add: (locale hamburger oregon) (locale cantelope moravia)
    del: (locale hamburger quebec) (locale cantelope quebec)
drink cantelope flounder quebec moravia surrey moravia quebec :: cost: 1
    add: (locale flounder quebec) (locale cantelope moravia)
    del: (locale cantelope quebec) (locale flounder moravia)
drink cantelope grapefruit quebec moravia surrey oregon alsace :: cost: 1
    add: (locale grapefruit alsace) (locale cantelope moravia)
    del: (locale grapefruit oregon) (locale cantelope quebec)
drink cantelope wurst quebec moravia surrey alsace kentucky :: cost: 1
    add: (locale wurst kentucky) (locale cantelope moravia)
    del: (locale cantelope quebec) (locale wurst alsace)
drink cantelope arugula quebec moravia surrey moravia quebec :: cost: 1
    add: (locale arugula quebec) (locale cantelope moravia)
    del: (locale cantelope quebec) (locale arugula moravia)
drink grapefruit tofu oregon quebec moravia surrey moravia :: cost: 1
    add: (locale grapefruit quebec) (locale tofu moravia)
    del: (locale grapefruit oregon) (locale tofu surrey)
drink grapefruit snickers oregon quebec moravia alsace kentucky :: cost: 1
    add: (locale grapefruit quebec) (locale snickers kentucky)
    del: (locale grapefruit oregon) (locale snickers alsace)
drink grapefruit popover oregon quebec moravia oregon alsace :: cost: 1
    add: (locale grapefruit quebec) (locale popover alsace)
    del: (locale grapefruit oregon) (locale popover oregon)
drink grapefruit lamb oregon quebec moravia moravia quebec :: cost: 1
    add: (locale grapefruit quebec) (locale lamb quebec)
    del: (locale grapefruit oregon) (locale lamb moravia)
drink grapefruit potato oregon quebec moravia quebec oregon :: cost: 1
    add: (locale grapefruit quebec) (locale potato oregon)
    del: (locale potato quebec) (locale grapefruit oregon)
drink grapefruit melon oregon quebec moravia alsace kentucky :: cost: 1
    add: (locale grapefruit quebec) (locale melon kentucky)
    del: (locale grapefruit oregon) (locale melon alsace)
drink grapefruit beef oregon quebec moravia moravia quebec :: cost: 1
    add: (locale grapefruit quebec) (locale beef quebec)
    del: (locale grapefruit oregon) (locale beef moravia)
drink grapefruit bacon oregon quebec moravia alsace kentucky :: cost: 1
    add: (locale grapefruit quebec) (locale bacon kentucky)
    del: (locale grapefruit oregon) (locale bacon alsace)
drink grapefruit orange oregon quebec moravia quebec oregon :: cost: 1
    add: (locale grapefruit quebec) (locale orange oregon)
    del: (locale grapefruit oregon) (locale orange quebec)
drink grapefruit ham oregon quebec moravia alsace kentucky :: cost: 1
    add: (locale grapefruit quebec) (locale ham kentucky)
    del: (locale ham alsace) (locale grapefruit oregon)
drink grapefruit kale oregon quebec moravia quebec oregon :: cost: 1
    add: (locale grapefruit quebec) (locale kale oregon)
    del: (locale kale quebec) (locale grapefruit oregon)
drink grapefruit pepper oregon quebec moravia oregon alsace :: cost: 1
    add: (locale grapefruit quebec) (locale pepper alsace)
    del: (locale grapefruit oregon) (locale pepper oregon)
drink grapefruit hamburger oregon quebec moravia quebec oregon :: cost: 1
    add: (locale grapefruit quebec) (locale hamburger oregon)
    del: (locale grapefruit oregon) (locale hamburger quebec)
drink grapefruit cantelope oregon quebec moravia quebec oregon :: cost: 1
    add: (locale grapefruit quebec) (locale cantelope oregon)
    del: (locale grapefruit oregon) (locale cantelope quebec)
drink grapefruit flounder oregon quebec moravia moravia quebec :: cost: 1
    add: (locale grapefruit quebec) (locale flounder quebec)
    del: (locale grapefruit oregon) (locale flounder moravia)
drink grapefruit wurst oregon quebec moravia alsace kentucky :: cost: 1
    add: (locale grapefruit quebec) (locale wurst kentucky)
    del: (locale grapefruit oregon) (locale wurst alsace)
drink grapefruit arugula oregon quebec moravia moravia quebec :: cost: 1
    add: (locale grapefruit quebec) (locale arugula quebec)
    del: (locale grapefruit oregon) (locale arugula moravia)
drink wurst tofu alsace oregon quebec surrey moravia :: cost: 1
    add: (locale tofu moravia) (locale wurst oregon)
    del: (locale tofu surrey) (locale wurst alsace)
drink wurst snickers alsace oregon quebec alsace kentucky :: cost: 1
    add: (locale snickers kentucky) (locale wurst oregon)
    del: (locale snickers alsace) (locale wurst alsace)
drink wurst popover alsace oregon quebec oregon alsace :: cost: 1
    add: (locale popover alsace) (locale wurst oregon)
    del: (locale wurst alsace) (locale popover oregon)
drink wurst lamb alsace oregon quebec moravia quebec :: cost: 1
    add: (locale lamb quebec) (locale wurst oregon)
    del: (locale wurst alsace) (locale lamb moravia)
drink wurst potato alsace oregon quebec quebec oregon :: cost: 1
    add: (locale potato oregon) (locale wurst oregon)
    del: (locale potato quebec) (locale wurst alsace)
drink wurst melon alsace oregon quebec alsace kentucky :: cost: 1
    add: (locale melon kentucky) (locale wurst oregon)
    del: (locale wurst alsace) (locale melon alsace)
drink wurst beef alsace oregon quebec moravia quebec :: cost: 1
    add: (locale beef quebec) (locale wurst oregon)
    del: (locale beef moravia) (locale wurst alsace)
drink wurst bacon alsace oregon quebec alsace kentucky :: cost: 1
    add: (locale bacon kentucky) (locale wurst oregon)
    del: (locale bacon alsace) (locale wurst alsace)
drink wurst orange alsace oregon quebec quebec oregon :: cost: 1
    add: (locale orange oregon) (locale wurst oregon)
    del: (locale orange quebec) (locale wurst alsace)
drink wurst ham alsace oregon quebec alsace kentucky :: cost: 1
    add: (locale ham kentucky) (locale wurst oregon)
    del: (locale ham alsace) (locale wurst alsace)
drink wurst kale alsace oregon quebec quebec oregon :: cost: 1
    add: (locale kale oregon) (locale wurst oregon)
    del: (locale kale quebec) (locale wurst alsace)
drink wurst pepper alsace oregon quebec oregon alsace :: cost: 1
    add: (locale pepper alsace) (locale wurst oregon)
    del: (locale wurst alsace) (locale pepper oregon)
drink wurst hamburger alsace oregon quebec quebec oregon :: cost: 1
    add: (locale hamburger oregon) (locale wurst oregon)
    del: (locale hamburger quebec) (locale wurst alsace)
drink wurst cantelope alsace oregon quebec quebec oregon :: cost: 1
    add: (locale cantelope oregon) (locale wurst oregon)
    del: (locale cantelope quebec) (locale wurst alsace)
drink wurst flounder alsace oregon quebec moravia quebec :: cost: 1
    add: (locale flounder quebec) (locale wurst oregon)
    del: (locale flounder moravia) (locale wurst alsace)
drink wurst grapefruit alsace oregon quebec oregon alsace :: cost: 1
    add: (locale grapefruit alsace) (locale wurst oregon)
    del: (locale grapefruit oregon) (locale wurst alsace)
drink wurst arugula alsace oregon quebec moravia quebec :: cost: 1
    add: (locale arugula quebec) (locale wurst oregon)
    del: (locale arugula moravia) (locale wurst alsace)
Step 6 (craves prostatitis-13 pepper) (harmony triumph pluto) (craves expectation beef) (craves loneliness snickers) (craves satisfaction ham) (locale kale quebec) (locale ham alsace) (craves laceration-11 hamburger) (craves aesthetics flounder) (craves anger popover) (craves anxiety-25 arugula) (craves boils-15 pepper) (craves jealousy melon) (locale potato quebec) (craves stimulation melon) (locale grapefruit oregon) (harmony expectation pluto) (craves dread-31 cantelope) (craves anger-7 orange) (craves dread beef) (craves loneliness-9 hamburger) (craves hangover-6 ham) (craves grief lamb) (craves boils-32 cantelope) (craves love orange) (locale tofu surrey) (craves depression snickers) (craves angina-30 cantelope) (craves jealousy-16 kale) (craves anxiety potato) (craves learning pepper) (locale orange quebec) (harmony aesthetics neptune) (craves prostatitis popover) (craves intoxication grapefruit) (craves abrasion pork) (locale hamburger quebec) (locale snickers alsace) (locale pork kentucky) (harmony love mars) (craves hangover popover) (craves grief-26 arugula) (craves angina-3 bacon) (craves laceration snickers) (craves laceration-27 grapefruit) (craves depression-14 pepper) (craves hangover-29 grapefruit) (locale beef moravia) (craves rest pork) (locale bacon alsace) (locale cantelope quebec) (locale flounder moravia) (craves dread-8 bacon) (craves prostatitis-24 arugula) (locale arugula moravia) (craves angina popover) (locale wurst alsace) (craves triumph tofu) (locale pepper oregon) (locale melon alsace) (craves grief-2 pork) (craves anger-10 hamburger) (craves sciatica-4 bacon) (locale popover oregon) (locale lamb moravia) (fears sciatica stimulation) (fears boils stimulation) (fears loneliness-1 rest) (harmony rest mercury) (fears abrasion-5 satisfaction) (harmony satisfaction mars) (fears anxiety-12 learning) (harmony learning mercury) (harmony intoxication mars) (fears jealousy-28 intoxication) (harmony stimulation mars)
size: 271
overcome jealousy stimulation melon mercury mars :: cost: 1
    add: (fears jealousy stimulation) (harmony stimulation mercury)
    del: (craves jealousy melon) (harmony stimulation mars)
overcome dread expectation beef neptune pluto :: cost: 1
    add: (fears dread expectation) (harmony expectation neptune)
    del: (harmony expectation pluto) (craves dread beef)
overcome anger-7 love orange mercury mars :: cost: 1
    add: (fears anger-7 love) (harmony love mercury)
    del: (craves anger-7 orange) (harmony love mars)
overcome hangover-6 satisfaction ham mercury mars :: cost: 1
    add: (fears hangover-6 satisfaction) (harmony satisfaction mercury)
    del: (craves hangover-6 ham) (harmony satisfaction mars)
overcome laceration-27 intoxication grapefruit mercury mars :: cost: 1
    add: (fears laceration-27 intoxication) (harmony intoxication mercury)
    del: (craves laceration-27 grapefruit) (harmony intoxication mars)
overcome hangover-29 intoxication grapefruit mercury mars :: cost: 1
    add: (fears hangover-29 intoxication) (harmony intoxication mercury)
    del: (craves hangover-29 grapefruit) (harmony intoxication mars)
feast stimulation melon popover oregon alsace :: cost: 1
    add: (craves stimulation popover) (locale melon oregon)
    del: (craves stimulation melon) (locale melon alsace)
feast stimulation melon potato oregon alsace :: cost: 1
    add: (locale melon oregon) (craves stimulation potato)
    del: (craves stimulation melon) (locale melon alsace)
feast expectation beef snickers surrey moravia :: cost: 1
    add: (craves expectation snickers) (locale beef surrey)
    del: (craves expectation beef) (locale beef moravia)
feast expectation beef orange surrey moravia :: cost: 1
    add: (locale beef surrey) (craves expectation orange)
    del: (craves expectation beef) (locale beef moravia)
feast expectation beef ham surrey moravia :: cost: 1
    add: (locale beef surrey) (craves expectation ham)
    del: (craves expectation beef) (locale beef moravia)
feast expectation beef arugula surrey moravia :: cost: 1
    add: (locale beef surrey) (craves expectation arugula)
    del: (craves expectation beef) (locale beef moravia)
feast rest pork bacon alsace kentucky :: cost: 1
    add: (craves rest bacon) (locale pork alsace)
    del: (locale pork kentucky) (craves rest pork)
feast rest pork orange alsace kentucky :: cost: 1
    add: (locale pork alsace) (craves rest orange)
    del: (locale pork kentucky) (craves rest pork)
feast rest pork ham alsace kentucky :: cost: 1
    add: (locale pork alsace) (craves rest ham)
    del: (locale pork kentucky) (craves rest pork)
feast love orange beef moravia quebec :: cost: 1
    add: (craves love beef) (locale orange moravia)
    del: (craves love orange) (locale orange quebec)
feast love orange pork moravia quebec :: cost: 1
    add: (locale orange moravia) (craves love pork)
    del: (craves love orange) (locale orange quebec)
feast love orange bacon moravia quebec :: cost: 1
    add: (locale orange moravia) (craves love bacon)
    del: (craves love orange) (locale orange quebec)
feast satisfaction ham beef oregon alsace :: cost: 1
    add: (craves satisfaction beef) (locale ham oregon)
    del: (craves satisfaction ham) (locale ham alsace)
feast satisfaction ham pork oregon alsace :: cost: 1
    add: (locale ham oregon) (craves satisfaction pork)
    del: (craves satisfaction ham) (locale ham alsace)
feast learning pepper cantelope quebec oregon :: cost: 1
    add: (craves learning cantelope) (locale pepper quebec)
    del: (craves learning pepper) (locale pepper oregon)
feast learning pepper grapefruit quebec oregon :: cost: 1
    add: (locale pepper quebec) (craves learning grapefruit)
    del: (craves learning pepper) (locale pepper oregon)
feast aesthetics flounder kale surrey moravia :: cost: 1
    add: (craves aesthetics kale) (locale flounder surrey)
    del: (craves aesthetics flounder) (locale flounder moravia)
feast aesthetics flounder cantelope surrey moravia :: cost: 1
    add: (locale flounder surrey) (craves aesthetics cantelope)
    del: (craves aesthetics flounder) (locale flounder moravia)
feast intoxication grapefruit pepper quebec oregon :: cost: 1
    add: (craves intoxication pepper) (locale grapefruit quebec)
    del: (locale grapefruit oregon) (craves intoxication grapefruit)
feast intoxication grapefruit wurst quebec oregon :: cost: 1
    add: (locale grapefruit quebec) (craves intoxication wurst)
    del: (locale grapefruit oregon) (craves intoxication grapefruit)
succumb sciatica stimulation melon mars neptune :: cost: 1
    add: (craves sciatica melon) (harmony stimulation neptune)
    del: (fears sciatica stimulation) (harmony stimulation mars)
succumb boils stimulation melon mars neptune :: cost: 1
    add: (craves boils melon) (harmony stimulation neptune)
    del: (fears boils stimulation) (harmony stimulation mars)
succumb loneliness-1 rest pork mercury mars :: cost: 1
    add: (harmony rest mars) (craves loneliness-1 pork)
    del: (fears loneliness-1 rest) (harmony rest mercury)
succumb abrasion-5 satisfaction ham mars neptune :: cost: 1
    add: (harmony satisfaction neptune) (craves abrasion-5 ham)
    del: (fears abrasion-5 satisfaction) (harmony satisfaction mars)
succumb anxiety-12 learning pepper mercury mars :: cost: 1
    add: (harmony learning mars) (craves anxiety-12 pepper)
    del: (fears anxiety-12 learning) (harmony learning mercury)
succumb jealousy-28 intoxication grapefruit mars neptune :: cost: 1
    add: (craves jealousy-28 grapefruit) (harmony intoxication neptune)
    del: (harmony intoxication mars) (fears jealousy-28 intoxication)
drink snickers tofu alsace oregon quebec surrey moravia :: cost: 1
    add: (locale snickers oregon) (locale tofu moravia)
    del: (locale tofu surrey) (locale snickers alsace)
drink snickers popover alsace oregon quebec oregon alsace :: cost: 1
    add: (locale snickers oregon) (locale popover alsace)
    del: (locale snickers alsace) (locale popover oregon)
drink snickers lamb alsace oregon quebec moravia quebec :: cost: 1
    add: (locale snickers oregon) (locale lamb quebec)
    del: (locale snickers alsace) (locale lamb moravia)
drink snickers potato alsace oregon quebec quebec oregon :: cost: 1
    add: (locale snickers oregon) (locale potato oregon)
    del: (locale potato quebec) (locale snickers alsace)
drink snickers melon alsace oregon quebec alsace kentucky :: cost: 1
    add: (locale snickers oregon) (locale melon kentucky)
    del: (locale snickers alsace) (locale melon alsace)
drink snickers beef alsace oregon quebec moravia quebec :: cost: 1
    add: (locale snickers oregon) (locale beef quebec)
    del: (locale snickers alsace) (locale beef moravia)
drink snickers bacon alsace oregon quebec alsace kentucky :: cost: 1
    add: (locale snickers oregon) (locale bacon kentucky)
    del: (locale snickers alsace) (locale bacon alsace)
drink snickers orange alsace oregon quebec quebec oregon :: cost: 1
    add: (locale snickers oregon) (locale orange oregon)
    del: (locale orange quebec) (locale snickers alsace)
drink snickers ham alsace oregon quebec alsace kentucky :: cost: 1
    add: (locale snickers oregon) (locale ham kentucky)
    del: (locale ham alsace) (locale snickers alsace)
drink snickers kale alsace oregon quebec quebec oregon :: cost: 1
    add: (locale snickers oregon) (locale kale oregon)
    del: (locale kale quebec) (locale snickers alsace)
drink snickers pepper alsace oregon quebec oregon alsace :: cost: 1
    add: (locale snickers oregon) (locale pepper alsace)
    del: (locale snickers alsace) (locale pepper oregon)
drink snickers hamburger alsace oregon quebec quebec oregon :: cost: 1
    add: (locale snickers oregon) (locale hamburger oregon)
    del: (locale hamburger quebec) (locale snickers alsace)
drink snickers cantelope alsace oregon quebec quebec oregon :: cost: 1
    add: (locale snickers oregon) (locale cantelope oregon)
    del: (locale snickers alsace) (locale cantelope quebec)
drink snickers flounder alsace oregon quebec moravia quebec :: cost: 1
    add: (locale snickers oregon) (locale flounder quebec)
    del: (locale snickers alsace) (locale flounder moravia)
drink snickers grapefruit alsace oregon quebec oregon alsace :: cost: 1
    add: (locale snickers oregon) (locale grapefruit alsace)
    del: (locale grapefruit oregon) (locale snickers alsace)
drink snickers wurst alsace oregon quebec alsace kentucky :: cost: 1
    add: (locale snickers oregon) (locale wurst kentucky)
    del: (locale snickers alsace) (locale wurst alsace)
drink snickers arugula alsace oregon quebec moravia quebec :: cost: 1
    add: (locale snickers oregon) (locale arugula quebec)
    del: (locale snickers alsace) (locale arugula moravia)
drink popover tofu oregon quebec moravia surrey moravia :: cost: 1
    add: (locale tofu moravia) (locale popover quebec)
    del: (locale tofu surrey) (locale popover oregon)
drink popover snickers oregon quebec moravia alsace kentucky :: cost: 1
    add: (locale popover quebec) (locale snickers kentucky)
    del: (locale snickers alsace) (locale popover oregon)
drink popover lamb oregon quebec moravia moravia quebec :: cost: 1
    add: (locale lamb quebec) (locale popover quebec)
    del: (locale popover oregon) (locale lamb moravia)
drink popover potato oregon quebec moravia quebec oregon :: cost: 1
    add: (locale potato oregon) (locale popover quebec)
    del: (locale potato quebec) (locale popover oregon)
drink popover melon oregon quebec moravia alsace kentucky :: cost: 1
    add: (locale melon kentucky) (locale popover quebec)
    del: (locale melon alsace) (locale popover oregon)
drink popover beef oregon quebec moravia moravia quebec :: cost: 1
    add: (locale beef quebec) (locale popover quebec)
    del: (locale beef moravia) (locale popover oregon)
drink popover bacon oregon quebec moravia alsace kentucky :: cost: 1
    add: (locale bacon kentucky) (locale popover quebec)
    del: (locale bacon alsace) (locale popover oregon)
drink popover orange oregon quebec moravia quebec oregon :: cost: 1
    add: (locale orange oregon) (locale popover quebec)
    del: (locale orange quebec) (locale popover oregon)
drink popover ham oregon quebec moravia alsace kentucky :: cost: 1
    add: (locale ham kentucky) (locale popover quebec)
    del: (locale ham alsace) (locale popover oregon)
drink popover kale oregon quebec moravia quebec oregon :: cost: 1
    add: (locale kale oregon) (locale popover quebec)
    del: (locale kale quebec) (locale popover oregon)
drink popover pepper oregon quebec moravia oregon alsace :: cost: 1
    add: (locale pepper alsace) (locale popover quebec)
    del: (locale pepper oregon) (locale popover oregon)
drink popover hamburger oregon quebec moravia quebec oregon :: cost: 1
    add: (locale hamburger oregon) (locale popover quebec)
    del: (locale hamburger quebec) (locale popover oregon)
drink popover cantelope oregon quebec moravia quebec oregon :: cost: 1
    add: (locale cantelope oregon) (locale popover quebec)
    del: (locale cantelope quebec) (locale popover oregon)
drink popover flounder oregon quebec moravia moravia quebec :: cost: 1
    add: (locale flounder quebec) (locale popover quebec)
    del: (locale flounder moravia) (locale popover oregon)
drink popover grapefruit oregon quebec moravia oregon alsace :: cost: 1
    add: (locale grapefruit alsace) (locale popover quebec)
    del: (locale grapefruit oregon) (locale popover oregon)
drink popover wurst oregon quebec moravia alsace kentucky :: cost: 1
    add: (locale wurst kentucky) (locale popover quebec)
    del: (locale wurst alsace) (locale popover oregon)
drink popover arugula oregon quebec moravia moravia quebec :: cost: 1
    add: (locale arugula quebec) (locale popover quebec)
    del: (locale arugula moravia) (locale popover oregon)
drink potato tofu quebec moravia surrey surrey moravia :: cost: 1
    add: (locale tofu moravia) (locale potato moravia)
    del: (locale potato quebec) (locale tofu surrey)
drink potato snickers quebec moravia surrey alsace kentucky :: cost: 1
    add: (locale snickers kentucky) (locale potato moravia)
    del: (locale potato quebec) (locale snickers alsace)
drink potato popover quebec moravia surrey oregon alsace :: cost: 1
    add: (locale popover alsace) (locale potato moravia)
    del: (locale potato quebec) (locale popover oregon)
drink potato lamb quebec moravia surrey moravia quebec :: cost: 1
    add: (locale lamb quebec) (locale potato moravia)
    del: (locale potato quebec) (locale lamb moravia)
drink potato melon quebec moravia surrey alsace kentucky :: cost: 1
    add: (locale melon kentucky) (locale potato moravia)
    del: (locale potato quebec) (locale melon alsace)
drink potato beef quebec moravia surrey moravia quebec :: cost: 1
    add: (locale beef quebec) (locale potato moravia)
    del: (locale potato quebec) (locale beef moravia)
drink potato bacon quebec moravia surrey alsace kentucky :: cost: 1
    add: (locale bacon kentucky) (locale potato moravia)
    del: (locale potato quebec) (locale bacon alsace)
drink potato orange quebec moravia surrey quebec oregon :: cost: 1
    add: (locale orange oregon) (locale potato moravia)
    del: (locale potato quebec) (locale orange quebec)
drink potato ham quebec moravia surrey alsace kentucky :: cost: 1
    add: (locale ham kentucky) (locale potato moravia)
    del: (locale ham alsace) (locale potato quebec)
drink potato kale quebec moravia surrey quebec oregon :: cost: 1
    add: (locale kale oregon) (locale potato moravia)
    del: (locale kale quebec) (locale potato quebec)
drink potato pepper quebec moravia surrey oregon alsace :: cost: 1
    add: (locale pepper alsace) (locale potato moravia)
    del: (locale potato quebec) (locale pepper oregon)
drink potato hamburger quebec moravia surrey quebec oregon :: cost: 1
    add: (locale hamburger oregon) (locale potato moravia)
    del: (locale potato quebec) (locale hamburger quebec)
drink potato cantelope quebec moravia surrey quebec oregon :: cost: 1
    add: (locale cantelope oregon) (locale potato moravia)
    del: (locale potato quebec) (locale cantelope quebec)
drink potato flounder quebec moravia surrey moravia quebec :: cost: 1
    add: (locale flounder quebec) (locale potato moravia)
    del: (locale potato quebec) (locale flounder moravia)
drink potato grapefruit quebec moravia surrey oregon alsace :: cost: 1
    add: (locale grapefruit alsace) (locale potato moravia)
    del: (locale potato quebec) (locale grapefruit oregon)
drink potato wurst quebec moravia surrey alsace kentucky :: cost: 1
    add: (locale wurst kentucky) (locale potato moravia)
    del: (locale potato quebec) (locale wurst alsace)
drink potato arugula quebec moravia surrey moravia quebec :: cost: 1
    add: (locale arugula quebec) (locale potato moravia)
    del: (locale potato quebec) (locale arugula moravia)
drink melon tofu alsace oregon quebec surrey moravia :: cost: 1
    add: (locale melon oregon) (locale tofu moravia)
    del: (locale tofu surrey) (locale melon alsace)
drink melon snickers alsace oregon quebec alsace kentucky :: cost: 1
    add: (locale melon oregon) (locale snickers kentucky)
    del: (locale snickers alsace) (locale melon alsace)
drink melon popover alsace oregon quebec oregon alsace :: cost: 1
    add: (locale melon oregon) (locale popover alsace)
    del: (locale melon alsace) (locale popover oregon)
drink melon lamb alsace oregon quebec moravia quebec :: cost: 1
    add: (locale melon oregon) (locale lamb quebec)
    del: (locale melon alsace) (locale lamb moravia)
drink melon potato alsace oregon quebec quebec oregon :: cost: 1
    add: (locale melon oregon) (locale potato oregon)
    del: (locale potato quebec) (locale melon alsace)
drink melon beef alsace oregon quebec moravia quebec :: cost: 1
    add: (locale melon oregon) (locale beef quebec)
    del: (locale beef moravia) (locale melon alsace)
drink melon bacon alsace oregon quebec alsace kentucky :: cost: 1
    add: (locale melon oregon) (locale bacon kentucky)
    del: (locale bacon alsace) (locale melon alsace)
drink melon orange alsace oregon quebec quebec oregon :: cost: 1
    add: (locale melon oregon) (locale orange oregon)
    del: (locale orange quebec) (locale melon alsace)
drink melon ham alsace oregon quebec alsace kentucky :: cost: 1
    add: (locale melon oregon) (locale ham kentucky)
    del: (locale ham alsace) (locale melon alsace)
drink melon kale alsace oregon quebec quebec oregon :: cost: 1
    add: (locale melon oregon) (locale kale oregon)
    del: (locale kale quebec) (locale melon alsace)
drink melon pepper alsace oregon quebec oregon alsace :: cost: 1
    add: (locale melon oregon) (locale pepper alsace)
    del: (locale pepper oregon) (locale melon alsace)
drink melon hamburger alsace oregon quebec quebec oregon :: cost: 1
    add: (locale melon oregon) (locale hamburger oregon)
    del: (locale hamburger quebec) (locale melon alsace)
drink melon cantelope alsace oregon quebec quebec oregon :: cost: 1
    add: (locale melon oregon) (locale cantelope oregon)
    del: (locale cantelope quebec) (locale melon alsace)
drink melon flounder alsace oregon quebec moravia quebec :: cost: 1
    add: (locale melon oregon) (locale flounder quebec)
    del: (locale flounder moravia) (locale melon alsace)
drink melon grapefruit alsace oregon quebec oregon alsace :: cost: 1
    add: (locale melon oregon) (locale grapefruit alsace)
    del: (locale grapefruit oregon) (locale melon alsace)
drink melon wurst alsace oregon quebec alsace kentucky :: cost: 1
    add: (locale melon oregon) (locale wurst kentucky)
    del: (locale wurst alsace) (locale melon alsace)
drink melon arugula alsace oregon quebec moravia quebec :: cost: 1
    add: (locale melon oregon) (locale arugula quebec)
    del: (locale arugula moravia) (locale melon alsace)
drink pork tofu kentucky alsace oregon surrey moravia :: cost: 1
    add: (locale pork alsace) (locale tofu moravia)
    del: (locale tofu surrey) (locale pork kentucky)
drink pork snickers kentucky alsace oregon alsace kentucky :: cost: 1
    add: (locale pork alsace) (locale snickers kentucky)
    del: (locale snickers alsace) (locale pork kentucky)
drink pork popover kentucky alsace oregon oregon alsace :: cost: 1
    add: (locale pork alsace) (locale popover alsace)
    del: (locale pork kentucky) (locale popover oregon)
drink pork lamb kentucky alsace oregon moravia quebec :: cost: 1
    add: (locale pork alsace) (locale lamb quebec)
    del: (locale pork kentucky) (locale lamb moravia)
drink pork potato kentucky alsace oregon quebec oregon :: cost: 1
    add: (locale pork alsace) (locale potato oregon)
    del: (locale potato quebec) (locale pork kentucky)
drink pork melon kentucky alsace oregon alsace kentucky :: cost: 1
    add: (locale pork alsace) (locale melon kentucky)
    del: (locale pork kentucky) (locale melon alsace)
drink pork beef kentucky alsace oregon moravia quebec :: cost: 1
    add: (locale pork alsace) (locale beef quebec)
    del: (locale pork kentucky) (locale beef moravia)
drink pork bacon kentucky alsace oregon alsace kentucky :: cost: 1
    add: (locale pork alsace) (locale bacon kentucky)
    del: (locale pork kentucky) (locale bacon alsace)
drink pork orange kentucky alsace oregon quebec oregon :: cost: 1
    add: (locale pork alsace) (locale orange oregon)
    del: (locale orange quebec) (locale pork kentucky)
drink pork ham kentucky alsace oregon alsace kentucky :: cost: 1
    add: (locale pork alsace) (locale ham kentucky)
    del: (locale ham alsace) (locale pork kentucky)
drink pork kale kentucky alsace oregon quebec oregon :: cost: 1
    add: (locale pork alsace) (locale kale oregon)
    del: (locale kale quebec) (locale pork kentucky)
drink pork pepper kentucky alsace oregon oregon alsace :: cost: 1
    add: (locale pork alsace) (locale pepper alsace)
    del: (locale pork kentucky) (locale pepper oregon)
drink pork hamburger kentucky alsace oregon quebec oregon :: cost: 1
    add: (locale pork alsace) (locale hamburger oregon)
    del: (locale hamburger quebec) (locale pork kentucky)
drink pork cantelope kentucky alsace oregon quebec oregon :: cost: 1
    add: (locale pork alsace) (locale cantelope oregon)
    del: (locale pork kentucky) (locale cantelope quebec)
drink pork flounder kentucky alsace oregon moravia quebec :: cost: 1
    add: (locale pork alsace) (locale flounder quebec)
    del: (locale pork kentucky) (locale flounder moravia)
drink pork grapefruit kentucky alsace oregon oregon alsace :: cost: 1
    add: (locale pork alsace) (locale grapefruit alsace)
    del: (locale grapefruit oregon) (locale pork kentucky)
drink pork wurst kentucky alsace oregon alsace kentucky :: cost: 1
    add: (locale pork alsace) (locale wurst kentucky)
    del: (locale pork kentucky) (locale wurst alsace)
drink pork arugula kentucky alsace oregon moravia quebec :: cost: 1
    add: (locale pork alsace) (locale arugula quebec)
    del: (locale pork kentucky) (locale arugula moravia)
drink bacon tofu alsace oregon quebec surrey moravia :: cost: 1
    add: (locale tofu moravia) (locale bacon oregon)
    del: (locale tofu surrey) (locale bacon alsace)
drink bacon snickers alsace oregon quebec alsace kentucky :: cost: 1
    add: (locale snickers kentucky) (locale bacon oregon)
    del: (locale snickers alsace) (locale bacon alsace)
drink bacon popover alsace oregon quebec oregon alsace :: cost: 1
    add: (locale popover alsace) (locale bacon oregon)
    del: (locale bacon alsace) (locale popover oregon)
drink bacon lamb alsace oregon quebec moravia quebec :: cost: 1
    add: (locale lamb quebec) (locale bacon oregon)
    del: (locale bacon alsace) (locale lamb moravia)
drink bacon potato alsace oregon quebec quebec oregon :: cost: 1
    add: (locale potato oregon) (locale bacon oregon)
    del: (locale potato quebec) (locale bacon alsace)
drink bacon melon alsace oregon quebec alsace kentucky :: cost: 1
    add: (locale melon kentucky) (locale bacon oregon)
    del: (locale bacon alsace) (locale melon alsace)
drink bacon beef alsace oregon quebec moravia quebec :: cost: 1
    add: (locale beef quebec) (locale bacon oregon)
    del: (locale beef moravia) (locale bacon alsace)
drink bacon orange alsace oregon quebec quebec oregon :: cost: 1
    add: (locale orange oregon) (locale bacon oregon)
    del: (locale orange quebec) (locale bacon alsace)
drink bacon ham alsace oregon quebec alsace kentucky :: cost: 1
    add: (locale ham kentucky) (locale bacon oregon)
    del: (locale ham alsace) (locale bacon alsace)
drink bacon kale alsace oregon quebec quebec oregon :: cost: 1
    add: (locale kale oregon) (locale bacon oregon)
    del: (locale kale quebec) (locale bacon alsace)
drink bacon pepper alsace oregon quebec oregon alsace :: cost: 1
    add: (locale pepper alsace) (locale bacon oregon)
    del: (locale bacon alsace) (locale pepper oregon)
drink bacon hamburger alsace oregon quebec quebec oregon :: cost: 1
    add: (locale hamburger oregon) (locale bacon oregon)
    del: (locale hamburger quebec) (locale bacon alsace)
drink bacon cantelope alsace oregon quebec quebec oregon :: cost: 1
    add: (locale cantelope oregon) (locale bacon oregon)
    del: (locale bacon alsace) (locale cantelope quebec)
drink bacon flounder alsace oregon quebec moravia quebec :: cost: 1
    add: (locale flounder quebec) (locale bacon oregon)
    del: (locale bacon alsace) (locale flounder moravia)
drink bacon grapefruit alsace oregon quebec oregon alsace :: cost: 1
    add: (locale grapefruit alsace) (locale bacon oregon)
    del: (locale grapefruit oregon) (locale bacon alsace)
drink bacon wurst alsace oregon quebec alsace kentucky :: cost: 1
    add: (locale wurst kentucky) (locale bacon oregon)
    del: (locale bacon alsace) (locale wurst alsace)
drink bacon arugula alsace oregon quebec moravia quebec :: cost: 1
    add: (locale arugula quebec) (locale bacon oregon)
    del: (locale bacon alsace) (locale arugula moravia)
drink orange tofu quebec moravia surrey surrey moravia :: cost: 1
    add: (locale orange moravia) (locale tofu moravia)
    del: (locale tofu surrey) (locale orange quebec)
drink orange snickers quebec moravia surrey alsace kentucky :: cost: 1
    add: (locale orange moravia) (locale snickers kentucky)
    del: (locale orange quebec) (locale snickers alsace)
drink orange popover quebec moravia surrey oregon alsace :: cost: 1
    add: (locale orange moravia) (locale popover alsace)
    del: (locale orange quebec) (locale popover oregon)
drink orange lamb quebec moravia surrey moravia quebec :: cost: 1
    add: (locale orange moravia) (locale lamb quebec)
    del: (locale orange quebec) (locale lamb moravia)
drink orange potato quebec moravia surrey quebec oregon :: cost: 1
    add: (locale orange moravia) (locale potato oregon)
    del: (locale potato quebec) (locale orange quebec)
drink orange melon quebec moravia surrey alsace kentucky :: cost: 1
    add: (locale orange moravia) (locale melon kentucky)
    del: (locale orange quebec) (locale melon alsace)
drink orange beef quebec moravia surrey moravia quebec :: cost: 1
    add: (locale orange moravia) (locale beef quebec)
    del: (locale orange quebec) (locale beef moravia)
drink orange bacon quebec moravia surrey alsace kentucky :: cost: 1
    add: (locale orange moravia) (locale bacon kentucky)
    del: (locale orange quebec) (locale bacon alsace)
drink orange ham quebec moravia surrey alsace kentucky :: cost: 1
    add: (locale orange moravia) (locale ham kentucky)
    del: (locale ham alsace) (locale orange quebec)
drink orange kale quebec moravia surrey quebec oregon :: cost: 1
    add: (locale orange moravia) (locale kale oregon)
    del: (locale kale quebec) (locale orange quebec)
drink orange pepper quebec moravia surrey oregon alsace :: cost: 1
    add: (locale orange moravia) (locale pepper alsace)
    del: (locale orange quebec) (locale pepper oregon)
drink orange hamburger quebec moravia surrey quebec oregon :: cost: 1
    add: (locale orange moravia) (locale hamburger oregon)
    del: (locale orange quebec) (locale hamburger quebec)
drink orange cantelope quebec moravia surrey quebec oregon :: cost: 1
    add: (locale orange moravia) (locale cantelope oregon)
    del: (locale orange quebec) (locale cantelope quebec)
drink orange flounder quebec moravia surrey moravia quebec :: cost: 1
    add: (locale orange moravia) (locale flounder quebec)
    del: (locale orange quebec) (locale flounder moravia)
drink orange grapefruit quebec moravia surrey oregon alsace :: cost: 1
    add: (locale orange moravia) (locale grapefruit alsace)
    del: (locale grapefruit oregon) (locale orange quebec)
drink orange wurst quebec moravia surrey alsace kentucky :: cost: 1
    add: (locale orange moravia) (locale wurst kentucky)
    del: (locale orange quebec) (locale wurst alsace)
drink orange arugula quebec moravia surrey moravia quebec :: cost: 1
    add: (locale orange moravia) (locale arugula quebec)
    del: (locale orange quebec) (locale arugula moravia)
drink ham tofu alsace oregon quebec surrey moravia :: cost: 1
    add: (locale ham oregon) (locale tofu moravia)
    del: (locale ham alsace) (locale tofu surrey)
drink ham snickers alsace oregon quebec alsace kentucky :: cost: 1
    add: (locale ham oregon) (locale snickers kentucky)
    del: (locale ham alsace) (locale snickers alsace)
drink ham popover alsace oregon quebec oregon alsace :: cost: 1
    add: (locale ham oregon) (locale popover alsace)
    del: (locale ham alsace) (locale popover oregon)
drink ham lamb alsace oregon quebec moravia quebec :: cost: 1
    add: (locale ham oregon) (locale lamb quebec)
    del: (locale ham alsace) (locale lamb moravia)
drink ham potato alsace oregon quebec quebec oregon :: cost: 1
    add: (locale ham oregon) (locale potato oregon)
    del: (locale ham alsace) (locale potato quebec)
drink ham melon alsace oregon quebec alsace kentucky :: cost: 1
    add: (locale ham oregon) (locale melon kentucky)
    del: (locale ham alsace) (locale melon alsace)
drink ham beef alsace oregon quebec moravia quebec :: cost: 1
    add: (locale ham oregon) (locale beef quebec)
    del: (locale ham alsace) (locale beef moravia)
drink ham bacon alsace oregon quebec alsace kentucky :: cost: 1
    add: (locale ham oregon) (locale bacon kentucky)
    del: (locale ham alsace) (locale bacon alsace)
drink ham orange alsace oregon quebec quebec oregon :: cost: 1
    add: (locale ham oregon) (locale orange oregon)
    del: (locale ham alsace) (locale orange quebec)
drink ham kale alsace oregon quebec quebec oregon :: cost: 1
    add: (locale ham oregon) (locale kale oregon)
    del: (locale kale quebec) (locale ham alsace)
drink ham pepper alsace oregon quebec oregon alsace :: cost: 1
    add: (locale ham oregon) (locale pepper alsace)
    del: (locale ham alsace) (locale pepper oregon)
drink ham hamburger alsace oregon quebec quebec oregon :: cost: 1
    add: (locale ham oregon) (locale hamburger oregon)
    del: (locale ham alsace) (locale hamburger quebec)
drink ham cantelope alsace oregon quebec quebec oregon :: cost: 1
    add: (locale ham oregon) (locale cantelope oregon)
    del: (locale ham alsace) (locale cantelope quebec)
drink ham flounder alsace oregon quebec moravia quebec :: cost: 1
    add: (locale ham oregon) (locale flounder quebec)
    del: (locale ham alsace) (locale flounder moravia)
drink ham grapefruit alsace oregon quebec oregon alsace :: cost: 1
    add: (locale ham oregon) (locale grapefruit alsace)
    del: (locale ham alsace) (locale grapefruit oregon)
drink ham wurst alsace oregon quebec alsace kentucky :: cost: 1
    add: (locale ham oregon) (locale wurst kentucky)
    del: (locale ham alsace) (locale wurst alsace)
drink ham arugula alsace oregon quebec moravia quebec :: cost: 1
    add: (locale ham oregon) (locale arugula quebec)
    del: (locale ham alsace) (locale arugula moravia)
drink kale tofu quebec moravia surrey surrey moravia :: cost: 1
    add: (locale tofu moravia) (locale kale moravia)
    del: (locale kale quebec) (locale tofu surrey)
drink kale snickers quebec moravia surrey alsace kentucky :: cost: 1
    add: (locale snickers kentucky) (locale kale moravia)
    del: (locale kale quebec) (locale snickers alsace)
drink kale popover quebec moravia surrey oregon alsace :: cost: 1
    add: (locale popover alsace) (locale kale moravia)
    del: (locale kale quebec) (locale popover oregon)
drink kale lamb quebec moravia surrey moravia quebec :: cost: 1
    add: (locale lamb quebec) (locale kale moravia)
    del: (locale kale quebec) (locale lamb moravia)
drink kale potato quebec moravia surrey quebec oregon :: cost: 1
    add: (locale potato oregon) (locale kale moravia)
    del: (locale kale quebec) (locale potato quebec)
drink kale melon quebec moravia surrey alsace kentucky :: cost: 1
    add: (locale melon kentucky) (locale kale moravia)
    del: (locale kale quebec) (locale melon alsace)
drink kale beef quebec moravia surrey moravia quebec :: cost: 1
    add: (locale beef quebec) (locale kale moravia)
    del: (locale kale quebec) (locale beef moravia)
drink kale bacon quebec moravia surrey alsace kentucky :: cost: 1
    add: (locale bacon kentucky) (locale kale moravia)
    del: (locale kale quebec) (locale bacon alsace)
drink kale orange quebec moravia surrey quebec oregon :: cost: 1
    add: (locale orange oregon) (locale kale moravia)
    del: (locale kale quebec) (locale orange quebec)
drink kale ham quebec moravia surrey alsace kentucky :: cost: 1
    add: (locale ham kentucky) (locale kale moravia)
    del: (locale kale quebec) (locale ham alsace)
drink kale pepper quebec moravia surrey oregon alsace :: cost: 1
    add: (locale pepper alsace) (locale kale moravia)
    del: (locale kale quebec) (locale pepper oregon)
drink kale hamburger quebec moravia surrey quebec oregon :: cost: 1
    add: (locale hamburger oregon) (locale kale moravia)
    del: (locale kale quebec) (locale hamburger quebec)
drink kale cantelope quebec moravia surrey quebec oregon :: cost: 1
    add: (locale cantelope oregon) (locale kale moravia)
    del: (locale kale quebec) (locale cantelope quebec)
drink kale flounder quebec moravia surrey moravia quebec :: cost: 1
    add: (locale flounder quebec) (locale kale moravia)
    del: (locale kale quebec) (locale flounder moravia)
drink kale grapefruit quebec moravia surrey oregon alsace :: cost: 1
    add: (locale grapefruit alsace) (locale kale moravia)
    del: (locale kale quebec) (locale grapefruit oregon)
drink kale wurst quebec moravia surrey alsace kentucky :: cost: 1
    add: (locale wurst kentucky) (locale kale moravia)
    del: (locale kale quebec) (locale wurst alsace)
drink kale arugula quebec moravia surrey moravia quebec :: cost: 1
    add: (locale arugula quebec) (locale kale moravia)
    del: (locale kale quebec) (locale arugula moravia)
drink pepper tofu oregon quebec moravia surrey moravia :: cost: 1
    add: (locale pepper quebec) (locale tofu moravia)
    del: (locale tofu surrey) (locale pepper oregon)
drink pepper snickers oregon quebec moravia alsace kentucky :: cost: 1
    add: (locale pepper quebec) (locale snickers kentucky)
    del: (locale snickers alsace) (locale pepper oregon)
drink pepper popover oregon quebec moravia oregon alsace :: cost: 1
    add: (locale pepper quebec) (locale popover alsace)
    del: (locale pepper oregon) (locale popover oregon)
drink pepper lamb oregon quebec moravia moravia quebec :: cost: 1
    add: (locale pepper quebec) (locale lamb quebec)
    del: (locale pepper oregon) (locale lamb moravia)
drink pepper potato oregon quebec moravia quebec oregon :: cost: 1
    add: (locale pepper quebec) (locale potato oregon)
    del: (locale potato quebec) (locale pepper oregon)
drink pepper melon oregon quebec moravia alsace kentucky :: cost: 1
    add: (locale pepper quebec) (locale melon kentucky)
    del: (locale pepper oregon) (locale melon alsace)
drink pepper beef oregon quebec moravia moravia quebec :: cost: 1
    add: (locale pepper quebec) (locale beef quebec)
    del: (locale beef moravia) (locale pepper oregon)
drink pepper bacon oregon quebec moravia alsace kentucky :: cost: 1
    add: (locale pepper quebec) (locale bacon kentucky)
    del: (locale bacon alsace) (locale pepper oregon)
drink pepper orange oregon quebec moravia quebec oregon :: cost: 1
    add: (locale pepper quebec) (locale orange oregon)
    del: (locale orange quebec) (locale pepper oregon)
drink pepper ham oregon quebec moravia alsace kentucky :: cost: 1
    add: (locale pepper quebec) (locale ham kentucky)
    del: (locale ham alsace) (locale pepper oregon)
drink pepper kale oregon quebec moravia quebec oregon :: cost: 1
    add: (locale pepper quebec) (locale kale oregon)
    del: (locale kale quebec) (locale pepper oregon)
drink pepper hamburger oregon quebec moravia quebec oregon :: cost: 1
    add: (locale pepper quebec) (locale hamburger oregon)
    del: (locale hamburger quebec) (locale pepper oregon)
drink pepper cantelope oregon quebec moravia quebec oregon :: cost: 1
    add: (locale pepper quebec) (locale cantelope oregon)
    del: (locale cantelope quebec) (locale pepper oregon)
drink pepper flounder oregon quebec moravia moravia quebec :: cost: 1
    add: (locale pepper quebec) (locale flounder quebec)
    del: (locale flounder moravia) (locale pepper oregon)
drink pepper grapefruit oregon quebec moravia oregon alsace :: cost: 1
    add: (locale pepper quebec) (locale grapefruit alsace)
    del: (locale grapefruit oregon) (locale pepper oregon)
drink pepper wurst oregon quebec moravia alsace kentucky :: cost: 1
    add: (locale pepper quebec) (locale wurst kentucky)
    del: (locale wurst alsace) (locale pepper oregon)
drink pepper arugula oregon quebec moravia moravia quebec :: cost: 1
    add: (locale pepper quebec) (locale arugula quebec)
    del: (locale arugula moravia) (locale pepper oregon)
drink hamburger tofu quebec moravia surrey surrey moravia :: cost: 1
    add: (locale tofu moravia) (locale hamburger moravia)
    del: (locale tofu surrey) (locale hamburger quebec)
drink hamburger snickers quebec moravia surrey alsace kentucky :: cost: 1
    add: (locale snickers kentucky) (locale hamburger moravia)
    del: (locale hamburger quebec) (locale snickers alsace)
drink hamburger popover quebec moravia surrey oregon alsace :: cost: 1
    add: (locale popover alsace) (locale hamburger moravia)
    del: (locale hamburger quebec) (locale popover oregon)
drink hamburger lamb quebec moravia surrey moravia quebec :: cost: 1
    add: (locale lamb quebec) (locale hamburger moravia)
    del: (locale hamburger quebec) (locale lamb moravia)
drink hamburger potato quebec moravia surrey quebec oregon :: cost: 1
    add: (locale potato oregon) (locale hamburger moravia)
    del: (locale potato quebec) (locale hamburger quebec)
drink hamburger melon quebec moravia surrey alsace kentucky :: cost: 1
    add: (locale melon kentucky) (locale hamburger moravia)
    del: (locale hamburger quebec) (locale melon alsace)
drink hamburger beef quebec moravia surrey moravia quebec :: cost: 1
    add: (locale beef quebec) (locale hamburger moravia)
    del: (locale hamburger quebec) (locale beef moravia)
drink hamburger bacon quebec moravia surrey alsace kentucky :: cost: 1
    add: (locale bacon kentucky) (locale hamburger moravia)
    del: (locale hamburger quebec) (locale bacon alsace)
drink hamburger orange quebec moravia surrey quebec oregon :: cost: 1
    add: (locale orange oregon) (locale hamburger moravia)
    del: (locale orange quebec) (locale hamburger quebec)
drink hamburger ham quebec moravia surrey alsace kentucky :: cost: 1
    add: (locale ham kentucky) (locale hamburger moravia)
    del: (locale ham alsace) (locale hamburger quebec)
drink hamburger kale quebec moravia surrey quebec oregon :: cost: 1
    add: (locale kale oregon) (locale hamburger moravia)
    del: (locale kale quebec) (locale hamburger quebec)
drink hamburger pepper quebec moravia surrey oregon alsace :: cost: 1
    add: (locale pepper alsace) (locale hamburger moravia)
    del: (locale hamburger quebec) (locale pepper oregon)
drink hamburger cantelope quebec moravia surrey quebec oregon :: cost: 1
    add: (locale cantelope oregon) (locale hamburger moravia)
    del: (locale hamburger quebec) (locale cantelope quebec)
drink hamburger flounder quebec moravia surrey moravia quebec :: cost: 1
    add: (locale flounder quebec) (locale hamburger moravia)
    del: (locale hamburger quebec) (locale flounder moravia)
drink hamburger grapefruit quebec moravia surrey oregon alsace :: cost: 1
    add: (locale grapefruit alsace) (locale hamburger moravia)
    del: (locale grapefruit oregon) (locale hamburger quebec)
drink hamburger wurst quebec moravia surrey alsace kentucky :: cost: 1
    add: (locale wurst kentucky) (locale hamburger moravia)
    del: (locale hamburger quebec) (locale wurst alsace)
drink hamburger arugula quebec moravia surrey moravia quebec :: cost: 1
    add: (locale arugula quebec) (locale hamburger moravia)
    del: (locale hamburger quebec) (locale arugula moravia)
drink cantelope tofu quebec moravia surrey surrey moravia :: cost: 1
    add: (locale tofu moravia) (locale cantelope moravia)
    del: (locale tofu surrey) (locale cantelope quebec)
drink cantelope snickers quebec moravia surrey alsace kentucky :: cost: 1
    add: (locale snickers kentucky) (locale cantelope moravia)
    del: (locale snickers alsace) (locale cantelope quebec)
drink cantelope popover quebec moravia surrey oregon alsace :: cost: 1
    add: (locale popover alsace) (locale cantelope moravia)
    del: (locale cantelope quebec) (locale popover oregon)
drink cantelope lamb quebec moravia surrey moravia quebec :: cost: 1
    add: (locale lamb quebec) (locale cantelope moravia)
    del: (locale cantelope quebec) (locale lamb moravia)
drink cantelope potato quebec moravia surrey quebec oregon :: cost: 1
    add: (locale potato oregon) (locale cantelope moravia)
    del: (locale potato quebec) (locale cantelope quebec)
drink cantelope melon quebec moravia surrey alsace kentucky :: cost: 1
    add: (locale melon kentucky) (locale cantelope moravia)
    del: (locale cantelope quebec) (locale melon alsace)
drink cantelope beef quebec moravia surrey moravia quebec :: cost: 1
    add: (locale beef quebec) (locale cantelope moravia)
    del: (locale beef moravia) (locale cantelope quebec)
drink cantelope bacon quebec moravia surrey alsace kentucky :: cost: 1
    add: (locale bacon kentucky) (locale cantelope moravia)
    del: (locale bacon alsace) (locale cantelope quebec)
drink cantelope orange quebec moravia surrey quebec oregon :: cost: 1
    add: (locale orange oregon) (locale cantelope moravia)
    del: (locale orange quebec) (locale cantelope quebec)
drink cantelope ham quebec moravia surrey alsace kentucky :: cost: 1
    add: (locale ham kentucky) (locale cantelope moravia)
    del: (locale ham alsace) (locale cantelope quebec)
drink cantelope kale quebec moravia surrey quebec oregon :: cost: 1
    add: (locale kale oregon) (locale cantelope moravia)
    del: (locale kale quebec) (locale cantelope quebec)
drink cantelope pepper quebec moravia surrey oregon alsace :: cost: 1
    add: (locale pepper alsace) (locale cantelope moravia)
    del: (locale cantelope quebec) (locale pepper oregon)
drink cantelope hamburger quebec moravia surrey quebec oregon :: cost: 1
    add: (locale hamburger oregon) (locale cantelope moravia)
    del: (locale hamburger quebec) (locale cantelope quebec)
drink cantelope flounder quebec moravia surrey moravia quebec :: cost: 1
    add: (locale flounder quebec) (locale cantelope moravia)
    del: (locale cantelope quebec) (locale flounder moravia)
drink cantelope grapefruit quebec moravia surrey oregon alsace :: cost: 1
    add: (locale grapefruit alsace) (locale cantelope moravia)
    del: (locale grapefruit oregon) (locale cantelope quebec)
drink cantelope wurst quebec moravia surrey alsace kentucky :: cost: 1
    add: (locale wurst kentucky) (locale cantelope moravia)
    del: (locale cantelope quebec) (locale wurst alsace)
drink cantelope arugula quebec moravia surrey moravia quebec :: cost: 1
    add: (locale arugula quebec) (locale cantelope moravia)
    del: (locale cantelope quebec) (locale arugula moravia)
drink grapefruit tofu oregon quebec moravia surrey moravia :: cost: 1
    add: (locale grapefruit quebec) (locale tofu moravia)
    del: (locale grapefruit oregon) (locale tofu surrey)
drink grapefruit snickers oregon quebec moravia alsace kentucky :: cost: 1
    add: (locale grapefruit quebec) (locale snickers kentucky)
    del: (locale grapefruit oregon) (locale snickers alsace)
drink grapefruit popover oregon quebec moravia oregon alsace :: cost: 1
    add: (locale grapefruit quebec) (locale popover alsace)
    del: (locale grapefruit oregon) (locale popover oregon)
drink grapefruit lamb oregon quebec moravia moravia quebec :: cost: 1
    add: (locale grapefruit quebec) (locale lamb quebec)
    del: (locale grapefruit oregon) (locale lamb moravia)
drink grapefruit potato oregon quebec moravia quebec oregon :: cost: 1
    add: (locale grapefruit quebec) (locale potato oregon)
    del: (locale potato quebec) (locale grapefruit oregon)
drink grapefruit melon oregon quebec moravia alsace kentucky :: cost: 1
    add: (locale grapefruit quebec) (locale melon kentucky)
    del: (locale grapefruit oregon) (locale melon alsace)
drink grapefruit beef oregon quebec moravia moravia quebec :: cost: 1
    add: (locale grapefruit quebec) (locale beef quebec)
    del: (locale grapefruit oregon) (locale beef moravia)
drink grapefruit bacon oregon quebec moravia alsace kentucky :: cost: 1
    add: (locale grapefruit quebec) (locale bacon kentucky)
    del: (locale grapefruit oregon) (locale bacon alsace)
drink grapefruit orange oregon quebec moravia quebec oregon :: cost: 1
    add: (locale grapefruit quebec) (locale orange oregon)
    del: (locale grapefruit oregon) (locale orange quebec)
drink grapefruit ham oregon quebec moravia alsace kentucky :: cost: 1
    add: (locale grapefruit quebec) (locale ham kentucky)
    del: (locale ham alsace) (locale grapefruit oregon)
drink grapefruit kale oregon quebec moravia quebec oregon :: cost: 1
    add: (locale grapefruit quebec) (locale kale oregon)
    del: (locale kale quebec) (locale grapefruit oregon)
drink grapefruit pepper oregon quebec moravia oregon alsace :: cost: 1
    add: (locale grapefruit quebec) (locale pepper alsace)
    del: (locale grapefruit oregon) (locale pepper oregon)
drink grapefruit hamburger oregon quebec moravia quebec oregon :: cost: 1
    add: (locale grapefruit quebec) (locale hamburger oregon)
    del: (locale grapefruit oregon) (locale hamburger quebec)
drink grapefruit cantelope oregon quebec moravia quebec oregon :: cost: 1
    add: (locale grapefruit quebec) (locale cantelope oregon)
    del: (locale grapefruit oregon) (locale cantelope quebec)
drink grapefruit flounder oregon quebec moravia moravia quebec :: cost: 1
    add: (locale grapefruit quebec) (locale flounder quebec)
    del: (locale grapefruit oregon) (locale flounder moravia)
drink grapefruit wurst oregon quebec moravia alsace kentucky :: cost: 1
    add: (locale grapefruit quebec) (locale wurst kentucky)
    del: (locale grapefruit oregon) (locale wurst alsace)
drink grapefruit arugula oregon quebec moravia moravia quebec :: cost: 1
    add: (locale grapefruit quebec) (locale arugula quebec)
    del: (locale grapefruit oregon) (locale arugula moravia)
drink wurst tofu alsace oregon quebec surrey moravia :: cost: 1
    add: (locale tofu moravia) (locale wurst oregon)
    del: (locale tofu surrey) (locale wurst alsace)
drink wurst snickers alsace oregon quebec alsace kentucky :: cost: 1
    add: (locale snickers kentucky) (locale wurst oregon)
    del: (locale snickers alsace) (locale wurst alsace)
drink wurst popover alsace oregon quebec oregon alsace :: cost: 1
    add: (locale popover alsace) (locale wurst oregon)
    del: (locale wurst alsace) (locale popover oregon)
drink wurst lamb alsace oregon quebec moravia quebec :: cost: 1
    add: (locale lamb quebec) (locale wurst oregon)
    del: (locale wurst alsace) (locale lamb moravia)
drink wurst potato alsace oregon quebec quebec oregon :: cost: 1
    add: (locale potato oregon) (locale wurst oregon)
    del: (locale potato quebec) (locale wurst alsace)
drink wurst melon alsace oregon quebec alsace kentucky :: cost: 1
    add: (locale melon kentucky) (locale wurst oregon)
    del: (locale wurst alsace) (locale melon alsace)
drink wurst beef alsace oregon quebec moravia quebec :: cost: 1
    add: (locale beef quebec) (locale wurst oregon)
    del: (locale beef moravia) (locale wurst alsace)
drink wurst bacon alsace oregon quebec alsace kentucky :: cost: 1
    add: (locale bacon kentucky) (locale wurst oregon)
    del: (locale bacon alsace) (locale wurst alsace)
drink wurst orange alsace oregon quebec quebec oregon :: cost: 1
    add: (locale orange oregon) (locale wurst oregon)
    del: (locale orange quebec) (locale wurst alsace)
drink wurst ham alsace oregon quebec alsace kentucky :: cost: 1
    add: (locale ham kentucky) (locale wurst oregon)
    del: (locale ham alsace) (locale wurst alsace)
drink wurst kale alsace oregon quebec quebec oregon :: cost: 1
    add: (locale kale oregon) (locale wurst oregon)
    del: (locale kale quebec) (locale wurst alsace)
drink wurst pepper alsace oregon quebec oregon alsace :: cost: 1
    add: (locale pepper alsace) (locale wurst oregon)
    del: (locale wurst alsace) (locale pepper oregon)
drink wurst hamburger alsace oregon quebec quebec oregon :: cost: 1
    add: (locale hamburger oregon) (locale wurst oregon)
    del: (locale hamburger quebec) (locale wurst alsace)
drink wurst cantelope alsace oregon quebec quebec oregon :: cost: 1
    add: (locale cantelope oregon) (locale wurst oregon)
    del: (locale cantelope quebec) (locale wurst alsace)
drink wurst flounder alsace oregon quebec moravia quebec :: cost: 1
    add: (locale flounder quebec) (locale wurst oregon)
    del: (locale flounder moravia) (locale wurst alsace)
drink wurst grapefruit alsace oregon quebec oregon alsace :: cost: 1
    add: (locale grapefruit alsace) (locale wurst oregon)
    del: (locale grapefruit oregon) (locale wurst alsace)
drink wurst arugula alsace oregon quebec moravia quebec :: cost: 1
    add: (locale arugula quebec) (locale wurst oregon)
    del: (locale arugula moravia) (locale wurst alsace)
Step 7 (craves prostatitis-13 pepper) (harmony triumph pluto) (craves expectation beef) (craves loneliness snickers) (craves satisfaction ham) (locale kale quebec) (locale ham alsace) (craves laceration-11 hamburger) (craves aesthetics flounder) (craves anger popover) (craves anxiety-25 arugula) (craves boils-15 pepper) (craves jealousy melon) (locale potato quebec) (locale grapefruit oregon) (harmony expectation pluto) (craves dread-31 cantelope) (craves anger-7 orange) (craves dread beef) (craves loneliness-9 hamburger) (craves hangover-6 ham) (craves grief lamb) (craves boils-32 cantelope) (craves love orange) (locale tofu surrey) (craves depression snickers) (craves angina-30 cantelope) (craves jealousy-16 kale) (craves anxiety potato) (craves learning pepper) (locale orange quebec) (harmony aesthetics neptune) (craves prostatitis popover) (craves intoxication grapefruit) (craves abrasion pork) (locale hamburger quebec) (locale snickers alsace) (locale pork kentucky) (harmony love mars) (craves hangover popover) (craves grief-26 arugula) (craves angina-3 bacon) (craves laceration snickers) (craves laceration-27 grapefruit) (craves depression-14 pepper) (craves hangover-29 grapefruit) (locale beef moravia) (craves rest pork) (locale bacon alsace) (locale cantelope quebec) (locale flounder moravia) (craves dread-8 bacon) (craves prostatitis-24 arugula) (locale arugula moravia) (craves angina popover) (locale wurst alsace) (craves triumph tofu) (locale pepper oregon) (craves grief-2 pork) (craves anger-10 hamburger) (craves sciatica-4 bacon) (locale popover oregon) (locale lamb moravia) (fears sciatica stimulation) (fears boils stimulation) (fears loneliness-1 rest) (harmony rest mercury) (fears abrasion-5 satisfaction) (harmony satisfaction mars) (fears anxiety-12 learning) (harmony learning mercury) (harmony intoxication mars) (fears jealousy-28 intoxication) (craves stimulation popover) (locale melon oregon) (harmony stimulation mars)
size: 274
overcome hangover stimulation popover mercury mars :: cost: 1
    add: (harmony stimulation mercury) (fears hangover stimulation)
    del: (craves hangover popover) (harmony stimulation mars)
overcome prostatitis stimulation popover mercury mars :: cost: 1
    add: (harmony stimulation mercury) (fears prostatitis stimulation)
    del: (craves prostatitis popover) (harmony stimulation mars)
overcome angina stimulation popover mercury mars :: cost: 1
    add: (harmony stimulation mercury) (fears angina stimulation)
    del: (craves angina popover) (harmony stimulation mars)
overcome anger stimulation popover mercury mars :: cost: 1
    add: (harmony stimulation mercury) (fears anger stimulation)
    del: (craves anger popover) (harmony stimulation mars)
overcome dread expectation beef neptune pluto :: cost: 1
    add: (fears dread expectation) (harmony expectation neptune)
    del: (harmony expectation pluto) (craves dread beef)
overcome anger-7 love orange mercury mars :: cost: 1
    add: (fears anger-7 love) (harmony love mercury)
    del: (craves anger-7 orange) (harmony love mars)
overcome hangover-6 satisfaction ham mercury mars :: cost: 1
    add: (fears hangover-6 satisfaction) (harmony satisfaction mercury)
    del: (craves hangover-6 ham) (harmony satisfaction mars)
overcome laceration-27 intoxication grapefruit mercury mars :: cost: 1
    add: (fears laceration-27 intoxication) (harmony intoxication mercury)
    del: (craves laceration-27 grapefruit) (harmony intoxication mars)
overcome hangover-29 intoxication grapefruit mercury mars :: cost: 1
    add: (fears hangover-29 intoxication) (harmony intoxication mercury)
    del: (craves hangover-29 grapefruit) (harmony intoxication mars)
feast stimulation popover tofu quebec oregon :: cost: 1
    add: (locale popover quebec) (craves stimulation tofu)
    del: (locale popover oregon) (craves stimulation popover)
feast stimulation popover melon quebec oregon :: cost: 1
    add: (craves stimulation melon) (locale popover quebec)
    del: (locale popover oregon) (craves stimulation popover)
feast expectation beef snickers surrey moravia :: cost: 1
    add: (craves expectation snickers) (locale beef surrey)
    del: (craves expectation beef) (locale beef moravia)
feast expectation beef orange surrey moravia :: cost: 1
    add: (locale beef surrey) (craves expectation orange)
    del: (craves expectation beef) (locale beef moravia)
feast expectation beef ham surrey moravia :: cost: 1
    add: (locale beef surrey) (craves expectation ham)
    del: (craves expectation beef) (locale beef moravia)
feast expectation beef arugula surrey moravia :: cost: 1
    add: (locale beef surrey) (craves expectation arugula)
    del: (craves expectation beef) (locale beef moravia)
feast rest pork bacon alsace kentucky :: cost: 1
    add: (craves rest bacon) (locale pork alsace)
    del: (locale pork kentucky) (craves rest pork)
feast rest pork orange alsace kentucky :: cost: 1
    add: (locale pork alsace) (craves rest orange)
    del: (locale pork kentucky) (craves rest pork)
feast rest pork ham alsace kentucky :: cost: 1
    add: (locale pork alsace) (craves rest ham)
    del: (locale pork kentucky) (craves rest pork)
feast love orange beef moravia quebec :: cost: 1
    add: (craves love beef) (locale orange moravia)
    del: (craves love orange) (locale orange quebec)
feast love orange pork moravia quebec :: cost: 1
    add: (locale orange moravia) (craves love pork)
    del: (craves love orange) (locale orange quebec)
feast love orange bacon moravia quebec :: cost: 1
    add: (locale orange moravia) (craves love bacon)
    del: (craves love orange) (locale orange quebec)
feast satisfaction ham beef oregon alsace :: cost: 1
    add: (craves satisfaction beef) (locale ham oregon)
    del: (craves satisfaction ham) (locale ham alsace)
feast satisfaction ham pork oregon alsace :: cost: 1
    add: (locale ham oregon) (craves satisfaction pork)
    del: (craves satisfaction ham) (locale ham alsace)
feast learning pepper cantelope quebec oregon :: cost: 1
    add: (craves learning cantelope) (locale pepper quebec)
    del: (craves learning pepper) (locale pepper oregon)
feast learning pepper grapefruit quebec oregon :: cost: 1
    add: (locale pepper quebec) (craves learning grapefruit)
    del: (craves learning pepper) (locale pepper oregon)
feast aesthetics flounder kale surrey moravia :: cost: 1
    add: (craves aesthetics kale) (locale flounder surrey)
    del: (craves aesthetics flounder) (locale flounder moravia)
feast aesthetics flounder cantelope surrey moravia :: cost: 1
    add: (locale flounder surrey) (craves aesthetics cantelope)
    del: (craves aesthetics flounder) (locale flounder moravia)
feast intoxication grapefruit pepper quebec oregon :: cost: 1
    add: (craves intoxication pepper) (locale grapefruit quebec)
    del: (locale grapefruit oregon) (craves intoxication grapefruit)
feast intoxication grapefruit wurst quebec oregon :: cost: 1
    add: (locale grapefruit quebec) (craves intoxication wurst)
    del: (locale grapefruit oregon) (craves intoxication grapefruit)
succumb sciatica stimulation popover mars neptune :: cost: 1
    add: (harmony stimulation neptune) (craves sciatica popover)
    del: (fears sciatica stimulation) (harmony stimulation mars)
succumb boils stimulation popover mars neptune :: cost: 1
    add: (harmony stimulation neptune) (craves boils popover)
    del: (fears boils stimulation) (harmony stimulation mars)
succumb loneliness-1 rest pork mercury mars :: cost: 1
    add: (harmony rest mars) (craves loneliness-1 pork)
    del: (fears loneliness-1 rest) (harmony rest mercury)
succumb abrasion-5 satisfaction ham mars neptune :: cost: 1
    add: (harmony satisfaction neptune) (craves abrasion-5 ham)
    del: (fears abrasion-5 satisfaction) (harmony satisfaction mars)
succumb anxiety-12 learning pepper mercury mars :: cost: 1
    add: (harmony learning mars) (craves anxiety-12 pepper)
    del: (fears anxiety-12 learning) (harmony learning mercury)
succumb jealousy-28 intoxication grapefruit mars neptune :: cost: 1
    add: (craves jealousy-28 grapefruit) (harmony intoxication neptune)
    del: (harmony intoxication mars) (fears jealousy-28 intoxication)
drink snickers tofu alsace oregon quebec surrey moravia :: cost: 1
    add: (locale snickers oregon) (locale tofu moravia)
    del: (locale tofu surrey) (locale snickers alsace)
drink snickers popover alsace oregon quebec oregon alsace :: cost: 1
    add: (locale snickers oregon) (locale popover alsace)
    del: (locale snickers alsace) (locale popover oregon)
drink snickers lamb alsace oregon quebec moravia quebec :: cost: 1
    add: (locale snickers oregon) (locale lamb quebec)
    del: (locale snickers alsace) (locale lamb moravia)
drink snickers potato alsace oregon quebec quebec oregon :: cost: 1
    add: (locale snickers oregon) (locale potato oregon)
    del: (locale potato quebec) (locale snickers alsace)
drink snickers melon alsace oregon quebec oregon alsace :: cost: 1
    add: (locale melon alsace) (locale snickers oregon)
    del: (locale snickers alsace) (locale melon oregon)
drink snickers beef alsace oregon quebec moravia quebec :: cost: 1
    add: (locale snickers oregon) (locale beef quebec)
    del: (locale snickers alsace) (locale beef moravia)
drink snickers bacon alsace oregon quebec alsace kentucky :: cost: 1
    add: (locale snickers oregon) (locale bacon kentucky)
    del: (locale snickers alsace) (locale bacon alsace)
drink snickers orange alsace oregon quebec quebec oregon :: cost: 1
    add: (locale snickers oregon) (locale orange oregon)
    del: (locale orange quebec) (locale snickers alsace)
drink snickers ham alsace oregon quebec alsace kentucky :: cost: 1
    add: (locale snickers oregon) (locale ham kentucky)
    del: (locale ham alsace) (locale snickers alsace)
drink snickers kale alsace oregon quebec quebec oregon :: cost: 1
    add: (locale snickers oregon) (locale kale oregon)
    del: (locale kale quebec) (locale snickers alsace)
drink snickers pepper alsace oregon quebec oregon alsace :: cost: 1
    add: (locale snickers oregon) (locale pepper alsace)
    del: (locale snickers alsace) (locale pepper oregon)
drink snickers hamburger alsace oregon quebec quebec oregon :: cost: 1
    add: (locale snickers oregon) (locale hamburger oregon)
    del: (locale hamburger quebec) (locale snickers alsace)
drink snickers cantelope alsace oregon quebec quebec oregon :: cost: 1
    add: (locale snickers oregon) (locale cantelope oregon)
    del: (locale snickers alsace) (locale cantelope quebec)
drink snickers flounder alsace oregon quebec moravia quebec :: cost: 1
    add: (locale snickers oregon) (locale flounder quebec)
    del: (locale snickers alsace) (locale flounder moravia)
drink snickers grapefruit alsace oregon quebec oregon alsace :: cost: 1
    add: (locale snickers oregon) (locale grapefruit alsace)
    del: (locale grapefruit oregon) (locale snickers alsace)
drink snickers wurst alsace oregon quebec alsace kentucky :: cost: 1
    add: (locale snickers oregon) (locale wurst kentucky)
    del: (locale snickers alsace) (locale wurst alsace)
drink snickers arugula alsace oregon quebec moravia quebec :: cost: 1
    add: (locale snickers oregon) (locale arugula quebec)
    del: (locale snickers alsace) (locale arugula moravia)
drink popover tofu oregon quebec moravia surrey moravia :: cost: 1
    add: (locale tofu moravia) (locale popover quebec)
    del: (locale tofu surrey) (locale popover oregon)
drink popover snickers oregon quebec moravia alsace kentucky :: cost: 1
    add: (locale popover quebec) (locale snickers kentucky)
    del: (locale snickers alsace) (locale popover oregon)
drink popover lamb oregon quebec moravia moravia quebec :: cost: 1
    add: (locale lamb quebec) (locale popover quebec)
    del: (locale popover oregon) (locale lamb moravia)
drink popover potato oregon quebec moravia quebec oregon :: cost: 1
    add: (locale potato oregon) (locale popover quebec)
    del: (locale potato quebec) (locale popover oregon)
drink popover melon oregon quebec moravia oregon alsace :: cost: 1
    add: (locale melon alsace) (locale popover quebec)
    del: (locale popover oregon) (locale melon oregon)
drink popover beef oregon quebec moravia moravia quebec :: cost: 1
    add: (locale beef quebec) (locale popover quebec)
    del: (locale beef moravia) (locale popover oregon)
drink popover bacon oregon quebec moravia alsace kentucky :: cost: 1
    add: (locale bacon kentucky) (locale popover quebec)
    del: (locale bacon alsace) (locale popover oregon)
drink popover orange oregon quebec moravia quebec oregon :: cost: 1
    add: (locale orange oregon) (locale popover quebec)
    del: (locale orange quebec) (locale popover oregon)
drink popover ham oregon quebec moravia alsace kentucky :: cost: 1
    add: (locale ham kentucky) (locale popover quebec)
    del: (locale ham alsace) (locale popover oregon)
drink popover kale oregon quebec moravia quebec oregon :: cost: 1
    add: (locale kale oregon) (locale popover quebec)
    del: (locale kale quebec) (locale popover oregon)
drink popover pepper oregon quebec moravia oregon alsace :: cost: 1
    add: (locale pepper alsace) (locale popover quebec)
    del: (locale pepper oregon) (locale popover oregon)
drink popover hamburger oregon quebec moravia quebec oregon :: cost: 1
    add: (locale hamburger oregon) (locale popover quebec)
    del: (locale hamburger quebec) (locale popover oregon)
drink popover cantelope oregon quebec moravia quebec oregon :: cost: 1
    add: (locale cantelope oregon) (locale popover quebec)
    del: (locale cantelope quebec) (locale popover oregon)
drink popover flounder oregon quebec moravia moravia quebec :: cost: 1
    add: (locale flounder quebec) (locale popover quebec)
    del: (locale flounder moravia) (locale popover oregon)
drink popover grapefruit oregon quebec moravia oregon alsace :: cost: 1
    add: (locale grapefruit alsace) (locale popover quebec)
    del: (locale grapefruit oregon) (locale popover oregon)
drink popover wurst oregon quebec moravia alsace kentucky :: cost: 1
    add: (locale wurst kentucky) (locale popover quebec)
    del: (locale wurst alsace) (locale popover oregon)
drink popover arugula oregon quebec moravia moravia quebec :: cost: 1
    add: (locale arugula quebec) (locale popover quebec)
    del: (locale arugula moravia) (locale popover oregon)
drink potato tofu quebec moravia surrey surrey moravia :: cost: 1
    add: (locale tofu moravia) (locale potato moravia)
    del: (locale potato quebec) (locale tofu surrey)
drink potato snickers quebec moravia surrey alsace kentucky :: cost: 1
    add: (locale snickers kentucky) (locale potato moravia)
    del: (locale potato quebec) (locale snickers alsace)
drink potato popover quebec moravia surrey oregon alsace :: cost: 1
    add: (locale popover alsace) (locale potato moravia)
    del: (locale potato quebec) (locale popover oregon)
drink potato lamb quebec moravia surrey moravia quebec :: cost: 1
    add: (locale lamb quebec) (locale potato moravia)
    del: (locale potato quebec) (locale lamb moravia)
drink potato melon quebec moravia surrey oregon alsace :: cost: 1
    add: (locale melon alsace) (locale potato moravia)
    del: (locale potato quebec) (locale melon oregon)
drink potato beef quebec moravia surrey moravia quebec :: cost: 1
    add: (locale beef quebec) (locale potato moravia)
    del: (locale potato quebec) (locale beef moravia)
drink potato bacon quebec moravia surrey alsace kentucky :: cost: 1
    add: (locale bacon kentucky) (locale potato moravia)
    del: (locale potato quebec) (locale bacon alsace)
drink potato orange quebec moravia surrey quebec oregon :: cost: 1
    add: (locale orange oregon) (locale potato moravia)
    del: (locale potato quebec) (locale orange quebec)
drink potato ham quebec moravia surrey alsace kentucky :: cost: 1
    add: (locale ham kentucky) (locale potato moravia)
    del: (locale ham alsace) (locale potato quebec)
drink potato kale quebec moravia surrey quebec oregon :: cost: 1
    add: (locale kale oregon) (locale potato moravia)
    del: (locale kale quebec) (locale potato quebec)
drink potato pepper quebec moravia surrey oregon alsace :: cost: 1
    add: (locale pepper alsace) (locale potato moravia)
    del: (locale potato quebec) (locale pepper oregon)
drink potato hamburger quebec moravia surrey quebec oregon :: cost: 1
    add: (locale hamburger oregon) (locale potato moravia)
    del: (locale potato quebec) (locale hamburger quebec)
drink potato cantelope quebec moravia surrey quebec oregon :: cost: 1
    add: (locale cantelope oregon) (locale potato moravia)
    del: (locale potato quebec) (locale cantelope quebec)
drink potato flounder quebec moravia surrey moravia quebec :: cost: 1
    add: (locale flounder quebec) (locale potato moravia)
    del: (locale potato quebec) (locale flounder moravia)
drink potato grapefruit quebec moravia surrey oregon alsace :: cost: 1
    add: (locale grapefruit alsace) (locale potato moravia)
    del: (locale potato quebec) (locale grapefruit oregon)
drink potato wurst quebec moravia surrey alsace kentucky :: cost: 1
    add: (locale wurst kentucky) (locale potato moravia)
    del: (locale potato quebec) (locale wurst alsace)
drink potato arugula quebec moravia surrey moravia quebec :: cost: 1
    add: (locale arugula quebec) (locale potato moravia)
    del: (locale potato quebec) (locale arugula moravia)
drink melon tofu oregon quebec moravia surrey moravia :: cost: 1
    add: (locale tofu moravia) (locale melon quebec)
    del: (locale tofu surrey) (locale melon oregon)
drink melon snickers oregon quebec moravia alsace kentucky :: cost: 1
    add: (locale snickers kentucky) (locale melon quebec)
    del: (locale snickers alsace) (locale melon oregon)
drink melon popover oregon quebec moravia oregon alsace :: cost: 1
    add: (locale popover alsace) (locale melon quebec)
    del: (locale popover oregon) (locale melon oregon)
drink melon lamb oregon quebec moravia moravia quebec :: cost: 1
    add: (locale lamb quebec) (locale melon quebec)
    del: (locale lamb moravia) (locale melon oregon)
drink melon potato oregon quebec moravia quebec oregon :: cost: 1
    add: (locale potato oregon) (locale melon quebec)
    del: (locale potato quebec) (locale melon oregon)
drink melon beef oregon quebec moravia moravia quebec :: cost: 1
    add: (locale beef quebec) (locale melon quebec)
    del: (locale beef moravia) (locale melon oregon)
drink melon bacon oregon quebec moravia alsace kentucky :: cost: 1
    add: (locale bacon kentucky) (locale melon quebec)
    del: (locale bacon alsace) (locale melon oregon)
drink melon orange oregon quebec moravia quebec oregon :: cost: 1
    add: (locale orange oregon) (locale melon quebec)
    del: (locale orange quebec) (locale melon oregon)
drink melon ham oregon quebec moravia alsace kentucky :: cost: 1
    add: (locale ham kentucky) (locale melon quebec)
    del: (locale ham alsace) (locale melon oregon)
drink melon kale oregon quebec moravia quebec oregon :: cost: 1
    add: (locale kale oregon) (locale melon quebec)
    del: (locale kale quebec) (locale melon oregon)
drink melon pepper oregon quebec moravia oregon alsace :: cost: 1
    add: (locale pepper alsace) (locale melon quebec)
    del: (locale pepper oregon) (locale melon oregon)
drink melon hamburger oregon quebec moravia quebec oregon :: cost: 1
    add: (locale hamburger oregon) (locale melon quebec)
    del: (locale hamburger quebec) (locale melon oregon)
drink melon cantelope oregon quebec moravia quebec oregon :: cost: 1
    add: (locale cantelope oregon) (locale melon quebec)
    del: (locale cantelope quebec) (locale melon oregon)
drink melon flounder oregon quebec moravia moravia quebec :: cost: 1
    add: (locale flounder quebec) (locale melon quebec)
    del: (locale flounder moravia) (locale melon oregon)
drink melon grapefruit oregon quebec moravia oregon alsace :: cost: 1
    add: (locale grapefruit alsace) (locale melon quebec)
    del: (locale grapefruit oregon) (locale melon oregon)
drink melon wurst oregon quebec moravia alsace kentucky :: cost: 1
    add: (locale wurst kentucky) (locale melon quebec)
    del: (locale wurst alsace) (locale melon oregon)
drink melon arugula oregon quebec moravia moravia quebec :: cost: 1
    add: (locale arugula quebec) (locale melon quebec)
    del: (locale arugula moravia) (locale melon oregon)
drink pork tofu kentucky alsace oregon surrey moravia :: cost: 1
    add: (locale pork alsace) (locale tofu moravia)
    del: (locale tofu surrey) (locale pork kentucky)
drink pork snickers kentucky alsace oregon alsace kentucky :: cost: 1
    add: (locale pork alsace) (locale snickers kentucky)
    del: (locale snickers alsace) (locale pork kentucky)
drink pork popover kentucky alsace oregon oregon alsace :: cost: 1
    add: (locale pork alsace) (locale popover alsace)
    del: (locale pork kentucky) (locale popover oregon)
drink pork lamb kentucky alsace oregon moravia quebec :: cost: 1
    add: (locale pork alsace) (locale lamb quebec)
    del: (locale pork kentucky) (locale lamb moravia)
drink pork potato kentucky alsace oregon quebec oregon :: cost: 1
    add: (locale pork alsace) (locale potato oregon)
    del: (locale potato quebec) (locale pork kentucky)
drink pork melon kentucky alsace oregon oregon alsace :: cost: 1
    add: (locale melon alsace) (locale pork alsace)
    del: (locale pork kentucky) (locale melon oregon)
drink pork beef kentucky alsace oregon moravia quebec :: cost: 1
    add: (locale pork alsace) (locale beef quebec)
    del: (locale pork kentucky) (locale beef moravia)
drink pork bacon kentucky alsace oregon alsace kentucky :: cost: 1
    add: (locale pork alsace) (locale bacon kentucky)
    del: (locale pork kentucky) (locale bacon alsace)
drink pork orange kentucky alsace oregon quebec oregon :: cost: 1
    add: (locale pork alsace) (locale orange oregon)
    del: (locale orange quebec) (locale pork kentucky)
drink pork ham kentucky alsace oregon alsace kentucky :: cost: 1
    add: (locale pork alsace) (locale ham kentucky)
    del: (locale ham alsace) (locale pork kentucky)
drink pork kale kentucky alsace oregon quebec oregon :: cost: 1
    add: (locale pork alsace) (locale kale oregon)
    del: (locale kale quebec) (locale pork kentucky)
drink pork pepper kentucky alsace oregon oregon alsace :: cost: 1
    add: (locale pork alsace) (locale pepper alsace)
    del: (locale pork kentucky) (locale pepper oregon)
drink pork hamburger kentucky alsace oregon quebec oregon :: cost: 1
    add: (locale pork alsace) (locale hamburger oregon)
    del: (locale hamburger quebec) (locale pork kentucky)
drink pork cantelope kentucky alsace oregon quebec oregon :: cost: 1
    add: (locale pork alsace) (locale cantelope oregon)
    del: (locale pork kentucky) (locale cantelope quebec)
drink pork flounder kentucky alsace oregon moravia quebec :: cost: 1
    add: (locale pork alsace) (locale flounder quebec)
    del: (locale pork kentucky) (locale flounder moravia)
drink pork grapefruit kentucky alsace oregon oregon alsace :: cost: 1
    add: (locale pork alsace) (locale grapefruit alsace)
    del: (locale grapefruit oregon) (locale pork kentucky)
drink pork wurst kentucky alsace oregon alsace kentucky :: cost: 1
    add: (locale pork alsace) (locale wurst kentucky)
    del: (locale pork kentucky) (locale wurst alsace)
drink pork arugula kentucky alsace oregon moravia quebec :: cost: 1
    add: (locale pork alsace) (locale arugula quebec)
    del: (locale pork kentucky) (locale arugula moravia)
drink bacon tofu alsace oregon quebec surrey moravia :: cost: 1
    add: (locale tofu moravia) (locale bacon oregon)
    del: (locale tofu surrey) (locale bacon alsace)
drink bacon snickers alsace oregon quebec alsace kentucky :: cost: 1
    add: (locale snickers kentucky) (locale bacon oregon)
    del: (locale snickers alsace) (locale bacon alsace)
drink bacon popover alsace oregon quebec oregon alsace :: cost: 1
    add: (locale popover alsace) (locale bacon oregon)
    del: (locale bacon alsace) (locale popover oregon)
drink bacon lamb alsace oregon quebec moravia quebec :: cost: 1
    add: (locale lamb quebec) (locale bacon oregon)
    del: (locale bacon alsace) (locale lamb moravia)
drink bacon potato alsace oregon quebec quebec oregon :: cost: 1
    add: (locale potato oregon) (locale bacon oregon)
    del: (locale potato quebec) (locale bacon alsace)
drink bacon melon alsace oregon quebec oregon alsace :: cost: 1
    add: (locale melon alsace) (locale bacon oregon)
    del: (locale bacon alsace) (locale melon oregon)
drink bacon beef alsace oregon quebec moravia quebec :: cost: 1
    add: (locale beef quebec) (locale bacon oregon)
    del: (locale beef moravia) (locale bacon alsace)
drink bacon orange alsace oregon quebec quebec oregon :: cost: 1
    add: (locale orange oregon) (locale bacon oregon)
    del: (locale orange quebec) (locale bacon alsace)
drink bacon ham alsace oregon quebec alsace kentucky :: cost: 1
    add: (locale ham kentucky) (locale bacon oregon)
    del: (locale ham alsace) (locale bacon alsace)
drink bacon kale alsace oregon quebec quebec oregon :: cost: 1
    add: (locale kale oregon) (locale bacon oregon)
    del: (locale kale quebec) (locale bacon alsace)
drink bacon pepper alsace oregon quebec oregon alsace :: cost: 1
    add: (locale pepper alsace) (locale bacon oregon)
    del: (locale bacon alsace) (locale pepper oregon)
drink bacon hamburger alsace oregon quebec quebec oregon :: cost: 1
    add: (locale hamburger oregon) (locale bacon oregon)
    del: (locale hamburger quebec) (locale bacon alsace)
drink bacon cantelope alsace oregon quebec quebec oregon :: cost: 1
    add: (locale cantelope oregon) (locale bacon oregon)
    del: (locale bacon alsace) (locale cantelope quebec)
drink bacon flounder alsace oregon quebec moravia quebec :: cost: 1
    add: (locale flounder quebec) (locale bacon oregon)
    del: (locale bacon alsace) (locale flounder moravia)
drink bacon grapefruit alsace oregon quebec oregon alsace :: cost: 1
    add: (locale grapefruit alsace) (locale bacon oregon)
    del: (locale grapefruit oregon) (locale bacon alsace)
drink bacon wurst alsace oregon quebec alsace kentucky :: cost: 1
    add: (locale wurst kentucky) (locale bacon oregon)
    del: (locale bacon alsace) (locale wurst alsace)
drink bacon arugula alsace oregon quebec moravia quebec :: cost: 1
    add: (locale arugula quebec) (locale bacon oregon)
    del: (locale bacon alsace) (locale arugula moravia)
drink orange tofu quebec moravia surrey surrey moravia :: cost: 1
    add: (locale orange moravia) (locale tofu moravia)
    del: (locale tofu surrey) (locale orange quebec)
drink orange snickers quebec moravia surrey alsace kentucky :: cost: 1
    add: (locale orange moravia) (locale snickers kentucky)
    del: (locale orange quebec) (locale snickers alsace)
drink orange popover quebec moravia surrey oregon alsace :: cost: 1
    add: (locale orange moravia) (locale popover alsace)
    del: (locale orange quebec) (locale popover oregon)
drink orange lamb quebec moravia surrey moravia quebec :: cost: 1
    add: (locale orange moravia) (locale lamb quebec)
    del: (locale orange quebec) (locale lamb moravia)
drink orange potato quebec moravia surrey quebec oregon :: cost: 1
    add: (locale orange moravia) (locale potato oregon)
    del: (locale potato quebec) (locale orange quebec)
drink orange melon quebec moravia surrey oregon alsace :: cost: 1
    add: (locale melon alsace) (locale orange moravia)
    del: (locale orange quebec) (locale melon oregon)
drink orange beef quebec moravia surrey moravia quebec :: cost: 1
    add: (locale orange moravia) (locale beef quebec)
    del: (locale orange quebec) (locale beef moravia)
drink orange bacon quebec moravia surrey alsace kentucky :: cost: 1
    add: (locale orange moravia) (locale bacon kentucky)
    del: (locale orange quebec) (locale bacon alsace)
drink orange ham quebec moravia surrey alsace kentucky :: cost: 1
    add: (locale orange moravia) (locale ham kentucky)
    del: (locale ham alsace) (locale orange quebec)
drink orange kale quebec moravia surrey quebec oregon :: cost: 1
    add: (locale orange moravia) (locale kale oregon)
    del: (locale kale quebec) (locale orange quebec)
drink orange pepper quebec moravia surrey oregon alsace :: cost: 1
    add: (locale orange moravia) (locale pepper alsace)
    del: (locale orange quebec) (locale pepper oregon)
drink orange hamburger quebec moravia surrey quebec oregon :: cost: 1
    add: (locale orange moravia) (locale hamburger oregon)
    del: (locale orange quebec) (locale hamburger quebec)
drink orange cantelope quebec moravia surrey quebec oregon :: cost: 1
    add: (locale orange moravia) (locale cantelope oregon)
    del: (locale orange quebec) (locale cantelope quebec)
drink orange flounder quebec moravia surrey moravia quebec :: cost: 1
    add: (locale orange moravia) (locale flounder quebec)
    del: (locale orange quebec) (locale flounder moravia)
drink orange grapefruit quebec moravia surrey oregon alsace :: cost: 1
    add: (locale orange moravia) (locale grapefruit alsace)
    del: (locale grapefruit oregon) (locale orange quebec)
drink orange wurst quebec moravia surrey alsace kentucky :: cost: 1
    add: (locale orange moravia) (locale wurst kentucky)
    del: (locale orange quebec) (locale wurst alsace)
drink orange arugula quebec moravia surrey moravia quebec :: cost: 1
    add: (locale orange moravia) (locale arugula quebec)
    del: (locale orange quebec) (locale arugula moravia)
drink ham tofu alsace oregon quebec surrey moravia :: cost: 1
    add: (locale ham oregon) (locale tofu moravia)
    del: (locale ham alsace) (locale tofu surrey)
drink ham snickers alsace oregon quebec alsace kentucky :: cost: 1
    add: (locale ham oregon) (locale snickers kentucky)
    del: (locale ham alsace) (locale snickers alsace)
drink ham popover alsace oregon quebec oregon alsace :: cost: 1
    add: (locale ham oregon) (locale popover alsace)
    del: (locale ham alsace) (locale popover oregon)
drink ham lamb alsace oregon quebec moravia quebec :: cost: 1
    add: (locale ham oregon) (locale lamb quebec)
    del: (locale ham alsace) (locale lamb moravia)
drink ham potato alsace oregon quebec quebec oregon :: cost: 1
    add: (locale ham oregon) (locale potato oregon)
    del: (locale ham alsace) (locale potato quebec)
drink ham melon alsace oregon quebec oregon alsace :: cost: 1
    add: (locale melon alsace) (locale ham oregon)
    del: (locale ham alsace) (locale melon oregon)
drink ham beef alsace oregon quebec moravia quebec :: cost: 1
    add: (locale ham oregon) (locale beef quebec)
    del: (locale ham alsace) (locale beef moravia)
drink ham bacon alsace oregon quebec alsace kentucky :: cost: 1
    add: (locale ham oregon) (locale bacon kentucky)
    del: (locale ham alsace) (locale bacon alsace)
drink ham orange alsace oregon quebec quebec oregon :: cost: 1
    add: (locale ham oregon) (locale orange oregon)
    del: (locale ham alsace) (locale orange quebec)
drink ham kale alsace oregon quebec quebec oregon :: cost: 1
    add: (locale ham oregon) (locale kale oregon)
    del: (locale kale quebec) (locale ham alsace)
drink ham pepper alsace oregon quebec oregon alsace :: cost: 1
    add: (locale ham oregon) (locale pepper alsace)
    del: (locale ham alsace) (locale pepper oregon)
drink ham hamburger alsace oregon quebec quebec oregon :: cost: 1
    add: (locale ham oregon) (locale hamburger oregon)
    del: (locale ham alsace) (locale hamburger quebec)
drink ham cantelope alsace oregon quebec quebec oregon :: cost: 1
    add: (locale ham oregon) (locale cantelope oregon)
    del: (locale ham alsace) (locale cantelope quebec)
drink ham flounder alsace oregon quebec moravia quebec :: cost: 1
    add: (locale ham oregon) (locale flounder quebec)
    del: (locale ham alsace) (locale flounder moravia)
drink ham grapefruit alsace oregon quebec oregon alsace :: cost: 1
    add: (locale ham oregon) (locale grapefruit alsace)
    del: (locale ham alsace) (locale grapefruit oregon)
drink ham wurst alsace oregon quebec alsace kentucky :: cost: 1
    add: (locale ham oregon) (locale wurst kentucky)
    del: (locale ham alsace) (locale wurst alsace)
drink ham arugula alsace oregon quebec moravia quebec :: cost: 1
    add: (locale ham oregon) (locale arugula quebec)
    del: (locale ham alsace) (locale arugula moravia)
drink kale tofu quebec moravia surrey surrey moravia :: cost: 1
    add: (locale tofu moravia) (locale kale moravia)
    del: (locale kale quebec) (locale tofu surrey)
drink kale snickers quebec moravia surrey alsace kentucky :: cost: 1
    add: (locale snickers kentucky) (locale kale moravia)
    del: (locale kale quebec) (locale snickers alsace)
drink kale popover quebec moravia surrey oregon alsace :: cost: 1
    add: (locale popover alsace) (locale kale moravia)
    del: (locale kale quebec) (locale popover oregon)
drink kale lamb quebec moravia surrey moravia quebec :: cost: 1
    add: (locale lamb quebec) (locale kale moravia)
    del: (locale kale quebec) (locale lamb moravia)
drink kale potato quebec moravia surrey quebec oregon :: cost: 1
    add: (locale potato oregon) (locale kale moravia)
    del: (locale kale quebec) (locale potato quebec)
drink kale melon quebec moravia surrey oregon alsace :: cost: 1
    add: (locale melon alsace) (locale kale moravia)
    del: (locale kale quebec) (locale melon oregon)
drink kale beef quebec moravia surrey moravia quebec :: cost: 1
    add: (locale beef quebec) (locale kale moravia)
    del: (locale kale quebec) (locale beef moravia)
drink kale bacon quebec moravia surrey alsace kentucky :: cost: 1
    add: (locale bacon kentucky) (locale kale moravia)
    del: (locale kale quebec) (locale bacon alsace)
drink kale orange quebec moravia surrey quebec oregon :: cost: 1
    add: (locale orange oregon) (locale kale moravia)
    del: (locale kale quebec) (locale orange quebec)
drink kale ham quebec moravia surrey alsace kentucky :: cost: 1
    add: (locale ham kentucky) (locale kale moravia)
    del: (locale kale quebec) (locale ham alsace)
drink kale pepper quebec moravia surrey oregon alsace :: cost: 1
    add: (locale pepper alsace) (locale kale moravia)
    del: (locale kale quebec) (locale pepper oregon)
drink kale hamburger quebec moravia surrey quebec oregon :: cost: 1
    add: (locale hamburger oregon) (locale kale moravia)
    del: (locale kale quebec) (locale hamburger quebec)
drink kale cantelope quebec moravia surrey quebec oregon :: cost: 1
    add: (locale cantelope oregon) (locale kale moravia)
    del: (locale kale quebec) (locale cantelope quebec)
drink kale flounder quebec moravia surrey moravia quebec :: cost: 1
    add: (locale flounder quebec) (locale kale moravia)
    del: (locale kale quebec) (locale flounder moravia)
drink kale grapefruit quebec moravia surrey oregon alsace :: cost: 1
    add: (locale grapefruit alsace) (locale kale moravia)
    del: (locale kale quebec) (locale grapefruit oregon)
drink kale wurst quebec moravia surrey alsace kentucky :: cost: 1
    add: (locale wurst kentucky) (locale kale moravia)
    del: (locale kale quebec) (locale wurst alsace)
drink kale arugula quebec moravia surrey moravia quebec :: cost: 1
    add: (locale arugula quebec) (locale kale moravia)
    del: (locale kale quebec) (locale arugula moravia)
drink pepper tofu oregon quebec moravia surrey moravia :: cost: 1
    add: (locale pepper quebec) (locale tofu moravia)
    del: (locale tofu surrey) (locale pepper oregon)
drink pepper snickers oregon quebec moravia alsace kentucky :: cost: 1
    add: (locale pepper quebec) (locale snickers kentucky)
    del: (locale snickers alsace) (locale pepper oregon)
drink pepper popover oregon quebec moravia oregon alsace :: cost: 1
    add: (locale pepper quebec) (locale popover alsace)
    del: (locale pepper oregon) (locale popover oregon)
drink pepper lamb oregon quebec moravia moravia quebec :: cost: 1
    add: (locale pepper quebec) (locale lamb quebec)
    del: (locale pepper oregon) (locale lamb moravia)
drink pepper potato oregon quebec moravia quebec oregon :: cost: 1
    add: (locale pepper quebec) (locale potato oregon)
    del: (locale potato quebec) (locale pepper oregon)
drink pepper melon oregon quebec moravia oregon alsace :: cost: 1
    add: (locale melon alsace) (locale pepper quebec)
    del: (locale pepper oregon) (locale melon oregon)
drink pepper beef oregon quebec moravia moravia quebec :: cost: 1
    add: (locale pepper quebec) (locale beef quebec)
    del: (locale beef moravia) (locale pepper oregon)
drink pepper bacon oregon quebec moravia alsace kentucky :: cost: 1
    add: (locale pepper quebec) (locale bacon kentucky)
    del: (locale bacon alsace) (locale pepper oregon)
drink pepper orange oregon quebec moravia quebec oregon :: cost: 1
    add: (locale pepper quebec) (locale orange oregon)
    del: (locale orange quebec) (locale pepper oregon)
drink pepper ham oregon quebec moravia alsace kentucky :: cost: 1
    add: (locale pepper quebec) (locale ham kentucky)
    del: (locale ham alsace) (locale pepper oregon)
drink pepper kale oregon quebec moravia quebec oregon :: cost: 1
    add: (locale pepper quebec) (locale kale oregon)
    del: (locale kale quebec) (locale pepper oregon)
drink pepper hamburger oregon quebec moravia quebec oregon :: cost: 1
    add: (locale pepper quebec) (locale hamburger oregon)
    del: (locale hamburger quebec) (locale pepper oregon)
drink pepper cantelope oregon quebec moravia quebec oregon :: cost: 1
    add: (locale pepper quebec) (locale cantelope oregon)
    del: (locale cantelope quebec) (locale pepper oregon)
drink pepper flounder oregon quebec moravia moravia quebec :: cost: 1
    add: (locale pepper quebec) (locale flounder quebec)
    del: (locale flounder moravia) (locale pepper oregon)
drink pepper grapefruit oregon quebec moravia oregon alsace :: cost: 1
    add: (locale pepper quebec) (locale grapefruit alsace)
    del: (locale grapefruit oregon) (locale pepper oregon)
drink pepper wurst oregon quebec moravia alsace kentucky :: cost: 1
    add: (locale pepper quebec) (locale wurst kentucky)
    del: (locale wurst alsace) (locale pepper oregon)
drink pepper arugula oregon quebec moravia moravia quebec :: cost: 1
    add: (locale pepper quebec) (locale arugula quebec)
    del: (locale arugula moravia) (locale pepper oregon)
drink hamburger tofu quebec moravia surrey surrey moravia :: cost: 1
    add: (locale tofu moravia) (locale hamburger moravia)
    del: (locale tofu surrey) (locale hamburger quebec)
drink hamburger snickers quebec moravia surrey alsace kentucky :: cost: 1
    add: (locale snickers kentucky) (locale hamburger moravia)
    del: (locale hamburger quebec) (locale snickers alsace)
drink hamburger popover quebec moravia surrey oregon alsace :: cost: 1
    add: (locale popover alsace) (locale hamburger moravia)
    del: (locale hamburger quebec) (locale popover oregon)
drink hamburger lamb quebec moravia surrey moravia quebec :: cost: 1
    add: (locale lamb quebec) (locale hamburger moravia)
    del: (locale hamburger quebec) (locale lamb moravia)
drink hamburger potato quebec moravia surrey quebec oregon :: cost: 1
    add: (locale potato oregon) (locale hamburger moravia)
    del: (locale potato quebec) (locale hamburger quebec)
drink hamburger melon quebec moravia surrey oregon alsace :: cost: 1
    add: (locale melon alsace) (locale hamburger moravia)
    del: (locale hamburger quebec) (locale melon oregon)
drink hamburger beef quebec moravia surrey moravia quebec :: cost: 1
    add: (locale beef quebec) (locale hamburger moravia)
    del: (locale hamburger quebec) (locale beef moravia)
drink hamburger bacon quebec moravia surrey alsace kentucky :: cost: 1
    add: (locale bacon kentucky) (locale hamburger moravia)
    del: (locale hamburger quebec) (locale bacon alsace)
drink hamburger orange quebec moravia surrey quebec oregon :: cost: 1
    add: (locale orange oregon) (locale hamburger moravia)
    del: (locale orange quebec) (locale hamburger quebec)
drink hamburger ham quebec moravia surrey alsace kentucky :: cost: 1
    add: (locale ham kentucky) (locale hamburger moravia)
    del: (locale ham alsace) (locale hamburger quebec)
drink hamburger kale quebec moravia surrey quebec oregon :: cost: 1
    add: (locale kale oregon) (locale hamburger moravia)
    del: (locale kale quebec) (locale hamburger quebec)
drink hamburger pepper quebec moravia surrey oregon alsace :: cost: 1
    add: (locale pepper alsace) (locale hamburger moravia)
    del: (locale hamburger quebec) (locale pepper oregon)
drink hamburger cantelope quebec moravia surrey quebec oregon :: cost: 1
    add: (locale cantelope oregon) (locale hamburger moravia)
    del: (locale hamburger quebec) (locale cantelope quebec)
drink hamburger flounder quebec moravia surrey moravia quebec :: cost: 1
    add: (locale flounder quebec) (locale hamburger moravia)
    del: (locale hamburger quebec) (locale flounder moravia)
drink hamburger grapefruit quebec moravia surrey oregon alsace :: cost: 1
    add: (locale grapefruit alsace) (locale hamburger moravia)
    del: (locale grapefruit oregon) (locale hamburger quebec)
drink hamburger wurst quebec moravia surrey alsace kentucky :: cost: 1
    add: (locale wurst kentucky) (locale hamburger moravia)
    del: (locale hamburger quebec) (locale wurst alsace)
drink hamburger arugula quebec moravia surrey moravia quebec :: cost: 1
    add: (locale arugula quebec) (locale hamburger moravia)
    del: (locale hamburger quebec) (locale arugula moravia)
drink cantelope tofu quebec moravia surrey surrey moravia :: cost: 1
    add: (locale tofu moravia) (locale cantelope moravia)
    del: (locale tofu surrey) (locale cantelope quebec)
drink cantelope snickers quebec moravia surrey alsace kentucky :: cost: 1
    add: (locale snickers kentucky) (locale cantelope moravia)
    del: (locale snickers alsace) (locale cantelope quebec)
drink cantelope popover quebec moravia surrey oregon alsace :: cost: 1
    add: (locale popover alsace) (locale cantelope moravia)
    del: (locale cantelope quebec) (locale popover oregon)
drink cantelope lamb quebec moravia surrey moravia quebec :: cost: 1
    add: (locale lamb quebec) (locale cantelope moravia)
    del: (locale cantelope quebec) (locale lamb moravia)
drink cantelope potato quebec moravia surrey quebec oregon :: cost: 1
    add: (locale potato oregon) (locale cantelope moravia)
    del: (locale potato quebec) (locale cantelope quebec)
drink cantelope melon quebec moravia surrey oregon alsace :: cost: 1
    add: (locale melon alsace) (locale cantelope moravia)
    del: (locale cantelope quebec) (locale melon oregon)
drink cantelope beef quebec moravia surrey moravia quebec :: cost: 1
    add: (locale beef quebec) (locale cantelope moravia)
    del: (locale beef moravia) (locale cantelope quebec)
drink cantelope bacon quebec moravia surrey alsace kentucky :: cost: 1
    add: (locale bacon kentucky) (locale cantelope moravia)
    del: (locale bacon alsace) (locale cantelope quebec)
drink cantelope orange quebec moravia surrey quebec oregon :: cost: 1
    add: (locale orange oregon) (locale cantelope moravia)
    del: (locale orange quebec) (locale cantelope quebec)
drink cantelope ham quebec moravia surrey alsace kentucky :: cost: 1
    add: (locale ham kentucky) (locale cantelope moravia)
    del: (locale ham alsace) (locale cantelope quebec)
drink cantelope kale quebec moravia surrey quebec oregon :: cost: 1
    add: (locale kale oregon) (locale cantelope moravia)
    del: (locale kale quebec) (locale cantelope quebec)
drink cantelope pepper quebec moravia surrey oregon alsace :: cost: 1
    add: (locale pepper alsace) (locale cantelope moravia)
    del: (locale cantelope quebec) (locale pepper oregon)
drink cantelope hamburger quebec moravia surrey quebec oregon :: cost: 1
    add: (locale hamburger oregon) (locale cantelope moravia)
    del: (locale hamburger quebec) (locale cantelope quebec)
drink cantelope flounder quebec moravia surrey moravia quebec :: cost: 1
    add: (locale flounder quebec) (locale cantelope moravia)
    del: (locale cantelope quebec) (locale flounder moravia)
drink cantelope grapefruit quebec moravia surrey oregon alsace :: cost: 1
    add: (locale grapefruit alsace) (locale cantelope moravia)
    del: (locale grapefruit oregon) (locale cantelope quebec)
drink cantelope wurst quebec moravia surrey alsace kentucky :: cost: 1
    add: (locale wurst kentucky) (locale cantelope moravia)
    del: (locale cantelope quebec) (locale wurst alsace)
drink cantelope arugula quebec moravia surrey moravia quebec :: cost: 1
    add: (locale arugula quebec) (locale cantelope moravia)
    del: (locale cantelope quebec) (locale arugula moravia)
drink grapefruit tofu oregon quebec moravia surrey moravia :: cost: 1
    add: (locale grapefruit quebec) (locale tofu moravia)
    del: (locale grapefruit oregon) (locale tofu surrey)
drink grapefruit snickers oregon quebec moravia alsace kentucky :: cost: 1
    add: (locale grapefruit quebec) (locale snickers kentucky)
    del: (locale grapefruit oregon) (locale snickers alsace)
drink grapefruit popover oregon quebec moravia oregon alsace :: cost: 1
    add: (locale grapefruit quebec) (locale popover alsace)
    del: (locale grapefruit oregon) (locale popover oregon)
drink grapefruit lamb oregon quebec moravia moravia quebec :: cost: 1
    add: (locale grapefruit quebec) (locale lamb quebec)
    del: (locale grapefruit oregon) (locale lamb moravia)
drink grapefruit potato oregon quebec moravia quebec oregon :: cost: 1
    add: (locale grapefruit quebec) (locale potato oregon)
    del: (locale potato quebec) (locale grapefruit oregon)
drink grapefruit melon oregon quebec moravia oregon alsace :: cost: 1
    add: (locale melon alsace) (locale grapefruit quebec)
    del: (locale grapefruit oregon) (locale melon oregon)
drink grapefruit beef oregon quebec moravia moravia quebec :: cost: 1
    add: (locale grapefruit quebec) (locale beef quebec)
    del: (locale grapefruit oregon) (locale beef moravia)
drink grapefruit bacon oregon quebec moravia alsace kentucky :: cost: 1
    add: (locale grapefruit quebec) (locale bacon kentucky)
    del: (locale grapefruit oregon) (locale bacon alsace)
drink grapefruit orange oregon quebec moravia quebec oregon :: cost: 1
    add: (locale grapefruit quebec) (locale orange oregon)
    del: (locale grapefruit oregon) (locale orange quebec)
drink grapefruit ham oregon quebec moravia alsace kentucky :: cost: 1
    add: (locale grapefruit quebec) (locale ham kentucky)
    del: (locale ham alsace) (locale grapefruit oregon)
drink grapefruit kale oregon quebec moravia quebec oregon :: cost: 1
    add: (locale grapefruit quebec) (locale kale oregon)
    del: (locale kale quebec) (locale grapefruit oregon)
drink grapefruit pepper oregon quebec moravia oregon alsace :: cost: 1
    add: (locale grapefruit quebec) (locale pepper alsace)
    del: (locale grapefruit oregon) (locale pepper oregon)
drink grapefruit hamburger oregon quebec moravia quebec oregon :: cost: 1
    add: (locale grapefruit quebec) (locale hamburger oregon)
    del: (locale grapefruit oregon) (locale hamburger quebec)
drink grapefruit cantelope oregon quebec moravia quebec oregon :: cost: 1
    add: (locale grapefruit quebec) (locale cantelope oregon)
    del: (locale grapefruit oregon) (locale cantelope quebec)
drink grapefruit flounder oregon quebec moravia moravia quebec :: cost: 1
    add: (locale grapefruit quebec) (locale flounder quebec)
    del: (locale grapefruit oregon) (locale flounder moravia)
drink grapefruit wurst oregon quebec moravia alsace kentucky :: cost: 1
    add: (locale grapefruit quebec) (locale wurst kentucky)
    del: (locale grapefruit oregon) (locale wurst alsace)
drink grapefruit arugula oregon quebec moravia moravia quebec :: cost: 1
    add: (locale grapefruit quebec) (locale arugula quebec)
    del: (locale grapefruit oregon) (locale arugula moravia)
drink wurst tofu alsace oregon quebec surrey moravia :: cost: 1
    add: (locale tofu moravia) (locale wurst oregon)
    del: (locale tofu surrey) (locale wurst alsace)
drink wurst snickers alsace oregon quebec alsace kentucky :: cost: 1
    add: (locale snickers kentucky) (locale wurst oregon)
    del: (locale snickers alsace) (locale wurst alsace)
drink wurst popover alsace oregon quebec oregon alsace :: cost: 1
    add: (locale popover alsace) (locale wurst oregon)
    del: (locale wurst alsace) (locale popover oregon)
drink wurst lamb alsace oregon quebec moravia quebec :: cost: 1
    add: (locale lamb quebec) (locale wurst oregon)
    del: (locale wurst alsace) (locale lamb moravia)
drink wurst potato alsace oregon quebec quebec oregon :: cost: 1
    add: (locale potato oregon) (locale wurst oregon)
    del: (locale potato quebec) (locale wurst alsace)
drink wurst melon alsace oregon quebec oregon alsace :: cost: 1
    add: (locale melon alsace) (locale wurst oregon)
    del: (locale wurst alsace) (locale melon oregon)
drink wurst beef alsace oregon quebec moravia quebec :: cost: 1
    add: (locale beef quebec) (locale wurst oregon)
    del: (locale beef moravia) (locale wurst alsace)
drink wurst bacon alsace oregon quebec alsace kentucky :: cost: 1
    add: (locale bacon kentucky) (locale wurst oregon)
    del: (locale bacon alsace) (locale wurst alsace)
drink wurst orange alsace oregon quebec quebec oregon :: cost: 1
    add: (locale orange oregon) (locale wurst oregon)
    del: (locale orange quebec) (locale wurst alsace)
drink wurst ham alsace oregon quebec alsace kentucky :: cost: 1
    add: (locale ham kentucky) (locale wurst oregon)
    del: (locale ham alsace) (locale wurst alsace)
drink wurst kale alsace oregon quebec quebec oregon :: cost: 1
    add: (locale kale oregon) (locale wurst oregon)
    del: (locale kale quebec) (locale wurst alsace)
drink wurst pepper alsace oregon quebec oregon alsace :: cost: 1
    add: (locale pepper alsace) (locale wurst oregon)
    del: (locale wurst alsace) (locale pepper oregon)
drink wurst hamburger alsace oregon quebec quebec oregon :: cost: 1
    add: (locale hamburger oregon) (locale wurst oregon)
    del: (locale hamburger quebec) (locale wurst alsace)
drink wurst cantelope alsace oregon quebec quebec oregon :: cost: 1
    add: (locale cantelope oregon) (locale wurst oregon)
    del: (locale cantelope quebec) (locale wurst alsace)
drink wurst flounder alsace oregon quebec moravia quebec :: cost: 1
    add: (locale flounder quebec) (locale wurst oregon)
    del: (locale flounder moravia) (locale wurst alsace)
drink wurst grapefruit alsace oregon quebec oregon alsace :: cost: 1
    add: (locale grapefruit alsace) (locale wurst oregon)
    del: (locale grapefruit oregon) (locale wurst alsace)
drink wurst arugula alsace oregon quebec moravia quebec :: cost: 1
    add: (locale arugula quebec) (locale wurst oregon)
    del: (locale arugula moravia) (locale wurst alsace)
Step 8 (craves prostatitis-13 pepper) (harmony triumph pluto) (craves expectation beef) (craves loneliness snickers) (craves satisfaction ham) (locale kale quebec) (locale ham alsace) (craves laceration-11 hamburger) (craves aesthetics flounder) (craves anger popover) (craves anxiety-25 arugula) (craves boils-15 pepper) (craves jealousy melon) (locale potato quebec) (locale grapefruit oregon) (harmony expectation pluto) (craves dread-31 cantelope) (craves anger-7 orange) (craves dread beef) (craves loneliness-9 hamburger) (craves hangover-6 ham) (craves grief lamb) (craves boils-32 cantelope) (craves love orange) (locale tofu surrey) (craves depression snickers) (craves angina-30 cantelope) (craves jealousy-16 kale) (craves anxiety potato) (craves learning pepper) (locale orange quebec) (harmony aesthetics neptune) (craves prostatitis popover) (craves intoxication grapefruit) (craves abrasion pork) (locale hamburger quebec) (locale snickers alsace) (locale pork kentucky) (harmony love mars) (craves hangover popover) (craves grief-26 arugula) (craves angina-3 bacon) (craves laceration snickers) (craves depression-14 pepper) (craves hangover-29 grapefruit) (locale beef moravia) (craves rest pork) (locale bacon alsace) (locale cantelope quebec) (locale flounder moravia) (craves dread-8 bacon) (craves prostatitis-24 arugula) (locale arugula moravia) (craves angina popover) (locale wurst alsace) (craves triumph tofu) (locale pepper oregon) (craves grief-2 pork) (craves anger-10 hamburger) (craves sciatica-4 bacon) (locale popover oregon) (locale lamb moravia) (fears sciatica stimulation) (fears boils stimulation) (fears loneliness-1 rest) (harmony rest mercury) (fears abrasion-5 satisfaction) (harmony satisfaction mars) (fears anxiety-12 learning) (harmony learning mercury) (fears laceration-27 intoxication) (fears jealousy-28 intoxication) (craves stimulation popover) (locale melon oregon) (harmony stimulation mars) (harmony intoxication mercury)
size: 273
overcome hangover stimulation popover mercury mars :: cost: 1
    add: (harmony stimulation mercury) (fears hangover stimulation)
    del: (craves hangover popover) (harmony stimulation mars)
overcome prostatitis stimulation popover mercury mars :: cost: 1
    add: (harmony stimulation mercury) (fears prostatitis stimulation)
    del: (craves prostatitis popover) (harmony stimulation mars)
overcome angina stimulation popover mercury mars :: cost: 1
    add: (harmony stimulation mercury) (fears angina stimulation)
    del: (craves angina popover) (harmony stimulation mars)
overcome anger stimulation popover mercury mars :: cost: 1
    add: (harmony stimulation mercury) (fears anger stimulation)
    del: (craves anger popover) (harmony stimulation mars)
overcome dread expectation beef neptune pluto :: cost: 1
    add: (fears dread expectation) (harmony expectation neptune)
    del: (harmony expectation pluto) (craves dread beef)
overcome anger-7 love orange mercury mars :: cost: 1
    add: (fears anger-7 love) (harmony love mercury)
    del: (craves anger-7 orange) (harmony love mars)
overcome hangover-6 satisfaction ham mercury mars :: cost: 1
    add: (fears hangover-6 satisfaction) (harmony satisfaction mercury)
    del: (craves hangover-6 ham) (harmony satisfaction mars)
feast stimulation popover tofu quebec oregon :: cost: 1
    add: (locale popover quebec) (craves stimulation tofu)
    del: (locale popover oregon) (craves stimulation popover)
feast stimulation popover melon quebec oregon :: cost: 1
    add: (craves stimulation melon) (locale popover quebec)
    del: (locale popover oregon) (craves stimulation popover)
feast expectation beef snickers surrey moravia :: cost: 1
    add: (craves expectation snickers) (locale beef surrey)
    del: (craves expectation beef) (locale beef moravia)
feast expectation beef orange surrey moravia :: cost: 1
    add: (locale beef surrey) (craves expectation orange)
    del: (craves expectation beef) (locale beef moravia)
feast expectation beef ham surrey moravia :: cost: 1
    add: (locale beef surrey) (craves expectation ham)
    del: (craves expectation beef) (locale beef moravia)
feast expectation beef arugula surrey moravia :: cost: 1
    add: (locale beef surrey) (craves expectation arugula)
    del: (craves expectation beef) (locale beef moravia)
feast rest pork bacon alsace kentucky :: cost: 1
    add: (craves rest bacon) (locale pork alsace)
    del: (locale pork kentucky) (craves rest pork)
feast rest pork orange alsace kentucky :: cost: 1
    add: (locale pork alsace) (craves rest orange)
    del: (locale pork kentucky) (craves rest pork)
feast rest pork ham alsace kentucky :: cost: 1
    add: (locale pork alsace) (craves rest ham)
    del: (locale pork kentucky) (craves rest pork)
feast love orange beef moravia quebec :: cost: 1
    add: (craves love beef) (locale orange moravia)
    del: (craves love orange) (locale orange quebec)
feast love orange pork moravia quebec :: cost: 1
    add: (locale orange moravia) (craves love pork)
    del: (craves love orange) (locale orange quebec)
feast love orange bacon moravia quebec :: cost: 1
    add: (locale orange moravia) (craves love bacon)
    del: (craves love orange) (locale orange quebec)
feast satisfaction ham beef oregon alsace :: cost: 1
    add: (craves satisfaction beef) (locale ham oregon)
    del: (craves satisfaction ham) (locale ham alsace)
feast satisfaction ham pork oregon alsace :: cost: 1
    add: (locale ham oregon) (craves satisfaction pork)
    del: (craves satisfaction ham) (locale ham alsace)
feast learning pepper cantelope quebec oregon :: cost: 1
    add: (craves learning cantelope) (locale pepper quebec)
    del: (craves learning pepper) (locale pepper oregon)
feast learning pepper grapefruit quebec oregon :: cost: 1
    add: (locale pepper quebec) (craves learning grapefruit)
    del: (craves learning pepper) (locale pepper oregon)
feast aesthetics flounder kale surrey moravia :: cost: 1
    add: (craves aesthetics kale) (locale flounder surrey)
    del: (craves aesthetics flounder) (locale flounder moravia)
feast aesthetics flounder cantelope surrey moravia :: cost: 1
    add: (locale flounder surrey) (craves aesthetics cantelope)
    del: (craves aesthetics flounder) (locale flounder moravia)
feast intoxication grapefruit pepper quebec oregon :: cost: 1
    add: (craves intoxication pepper) (locale grapefruit quebec)
    del: (locale grapefruit oregon) (craves intoxication grapefruit)
feast intoxication grapefruit wurst quebec oregon :: cost: 1
    add: (locale grapefruit quebec) (craves intoxication wurst)
    del: (locale grapefruit oregon) (craves intoxication grapefruit)
succumb sciatica stimulation popover mars neptune :: cost: 1
    add: (harmony stimulation neptune) (craves sciatica popover)
    del: (fears sciatica stimulation) (harmony stimulation mars)
succumb boils stimulation popover mars neptune :: cost: 1
    add: (harmony stimulation neptune) (craves boils popover)
    del: (fears boils stimulation) (harmony stimulation mars)
succumb loneliness-1 rest pork mercury mars :: cost: 1
    add: (harmony rest mars) (craves loneliness-1 pork)
    del: (fears loneliness-1 rest) (harmony rest mercury)
succumb abrasion-5 satisfaction ham mars neptune :: cost: 1
    add: (harmony satisfaction neptune) (craves abrasion-5 ham)
    del: (fears abrasion-5 satisfaction) (harmony satisfaction mars)
succumb anxiety-12 learning pepper mercury mars :: cost: 1
    add: (harmony learning mars) (craves anxiety-12 pepper)
    del: (fears anxiety-12 learning) (harmony learning mercury)
succumb laceration-27 intoxication grapefruit mercury mars :: cost: 1
    add: (craves laceration-27 grapefruit) (harmony intoxication mars)
    del: (fears laceration-27 intoxication) (harmony intoxication mercury)
succumb jealousy-28 intoxication grapefruit mercury mars :: cost: 1
    add: (craves jealousy-28 grapefruit) (harmony intoxication mars)
    del: (fears jealousy-28 intoxication) (harmony intoxication mercury)
drink snickers tofu alsace oregon quebec surrey moravia :: cost: 1
    add: (locale snickers oregon) (locale tofu moravia)
    del: (locale tofu surrey) (locale snickers alsace)
drink snickers popover alsace oregon quebec oregon alsace :: cost: 1
    add: (locale snickers oregon) (locale popover alsace)
    del: (locale snickers alsace) (locale popover oregon)
drink snickers lamb alsace oregon quebec moravia quebec :: cost: 1
    add: (locale snickers oregon) (locale lamb quebec)
    del: (locale snickers alsace) (locale lamb moravia)
drink snickers potato alsace oregon quebec quebec oregon :: cost: 1
    add: (locale snickers oregon) (locale potato oregon)
    del: (locale potato quebec) (locale snickers alsace)
drink snickers melon alsace oregon quebec oregon alsace :: cost: 1
    add: (locale melon alsace) (locale snickers oregon)
    del: (locale snickers alsace) (locale melon oregon)
drink snickers beef alsace oregon quebec moravia quebec :: cost: 1
    add: (locale snickers oregon) (locale beef quebec)
    del: (locale snickers alsace) (locale beef moravia)
drink snickers bacon alsace oregon quebec alsace kentucky :: cost: 1
    add: (locale snickers oregon) (locale bacon kentucky)
    del: (locale snickers alsace) (locale bacon alsace)
drink snickers orange alsace oregon quebec quebec oregon :: cost: 1
    add: (locale snickers oregon) (locale orange oregon)
    del: (locale orange quebec) (locale snickers alsace)
drink snickers ham alsace oregon quebec alsace kentucky :: cost: 1
    add: (locale snickers oregon) (locale ham kentucky)
    del: (locale ham alsace) (locale snickers alsace)
drink snickers kale alsace oregon quebec quebec oregon :: cost: 1
    add: (locale snickers oregon) (locale kale oregon)
    del: (locale kale quebec) (locale snickers alsace)
drink snickers pepper alsace oregon quebec oregon alsace :: cost: 1
    add: (locale snickers oregon) (locale pepper alsace)
    del: (locale snickers alsace) (locale pepper oregon)
drink snickers hamburger alsace oregon quebec quebec oregon :: cost: 1
    add: (locale snickers oregon) (locale hamburger oregon)
    del: (locale hamburger quebec) (locale snickers alsace)
drink snickers cantelope alsace oregon quebec quebec oregon :: cost: 1
    add: (locale snickers oregon) (locale cantelope oregon)
    del: (locale snickers alsace) (locale cantelope quebec)
drink snickers flounder alsace oregon quebec moravia quebec :: cost: 1
    add: (locale snickers oregon) (locale flounder quebec)
    del: (locale snickers alsace) (locale flounder moravia)
drink snickers grapefruit alsace oregon quebec oregon alsace :: cost: 1
    add: (locale snickers oregon) (locale grapefruit alsace)
    del: (locale grapefruit oregon) (locale snickers alsace)
drink snickers wurst alsace oregon quebec alsace kentucky :: cost: 1
    add: (locale snickers oregon) (locale wurst kentucky)
    del: (locale snickers alsace) (locale wurst alsace)
drink snickers arugula alsace oregon quebec moravia quebec :: cost: 1
    add: (locale snickers oregon) (locale arugula quebec)
    del: (locale snickers alsace) (locale arugula moravia)
drink popover tofu oregon quebec moravia surrey moravia :: cost: 1
    add: (locale tofu moravia) (locale popover quebec)
    del: (locale tofu surrey) (locale popover oregon)
drink popover snickers oregon quebec moravia alsace kentucky :: cost: 1
    add: (locale popover quebec) (locale snickers kentucky)
    del: (locale snickers alsace) (locale popover oregon)
drink popover lamb oregon quebec moravia moravia quebec :: cost: 1
    add: (locale lamb quebec) (locale popover quebec)
    del: (locale popover oregon) (locale lamb moravia)
drink popover potato oregon quebec moravia quebec oregon :: cost: 1
    add: (locale potato oregon) (locale popover quebec)
    del: (locale potato quebec) (locale popover oregon)
drink popover melon oregon quebec moravia oregon alsace :: cost: 1
    add: (locale melon alsace) (locale popover quebec)
    del: (locale popover oregon) (locale melon oregon)
drink popover beef oregon quebec moravia moravia quebec :: cost: 1
    add: (locale beef quebec) (locale popover quebec)
    del: (locale beef moravia) (locale popover oregon)
drink popover bacon oregon quebec moravia alsace kentucky :: cost: 1
    add: (locale bacon kentucky) (locale popover quebec)
    del: (locale bacon alsace) (locale popover oregon)
drink popover orange oregon quebec moravia quebec oregon :: cost: 1
    add: (locale orange oregon) (locale popover quebec)
    del: (locale orange quebec) (locale popover oregon)
drink popover ham oregon quebec moravia alsace kentucky :: cost: 1
    add: (locale ham kentucky) (locale popover quebec)
    del: (locale ham alsace) (locale popover oregon)
drink popover kale oregon quebec moravia quebec oregon :: cost: 1
    add: (locale kale oregon) (locale popover quebec)
    del: (locale kale quebec) (locale popover oregon)
drink popover pepper oregon quebec moravia oregon alsace :: cost: 1
    add: (locale pepper alsace) (locale popover quebec)
    del: (locale pepper oregon) (locale popover oregon)
drink popover hamburger oregon quebec moravia quebec oregon :: cost: 1
    add: (locale hamburger oregon) (locale popover quebec)
    del: (locale hamburger quebec) (locale popover oregon)
drink popover cantelope oregon quebec moravia quebec oregon :: cost: 1
    add: (locale cantelope oregon) (locale popover quebec)
    del: (locale cantelope quebec) (locale popover oregon)
drink popover flounder oregon quebec moravia moravia quebec :: cost: 1
    add: (locale flounder quebec) (locale popover quebec)
    del: (locale flounder moravia) (locale popover oregon)
drink popover grapefruit oregon quebec moravia oregon alsace :: cost: 1
    add: (locale grapefruit alsace) (locale popover quebec)
    del: (locale grapefruit oregon) (locale popover oregon)
drink popover wurst oregon quebec moravia alsace kentucky :: cost: 1
    add: (locale wurst kentucky) (locale popover quebec)
    del: (locale wurst alsace) (locale popover oregon)
drink popover arugula oregon quebec moravia moravia quebec :: cost: 1
    add: (locale arugula quebec) (locale popover quebec)
    del: (locale arugula moravia) (locale popover oregon)
drink potato tofu quebec moravia surrey surrey moravia :: cost: 1
    add: (locale tofu moravia) (locale potato moravia)
    del: (locale potato quebec) (locale tofu surrey)
drink potato snickers quebec moravia surrey alsace kentucky :: cost: 1
    add: (locale snickers kentucky) (locale potato moravia)
    del: (locale potato quebec) (locale snickers alsace)
drink potato popover quebec moravia surrey oregon alsace :: cost: 1
    add: (locale popover alsace) (locale potato moravia)
    del: (locale potato quebec) (locale popover oregon)
drink potato lamb quebec moravia surrey moravia quebec :: cost: 1
    add: (locale lamb quebec) (locale potato moravia)
    del: (locale potato quebec) (locale lamb moravia)
drink potato melon quebec moravia surrey oregon alsace :: cost: 1
    add: (locale melon alsace) (locale potato moravia)
    del: (locale potato quebec) (locale melon oregon)
drink potato beef quebec moravia surrey moravia quebec :: cost: 1
    add: (locale beef quebec) (locale potato moravia)
    del: (locale potato quebec) (locale beef moravia)
drink potato bacon quebec moravia surrey alsace kentucky :: cost: 1
    add: (locale bacon kentucky) (locale potato moravia)
    del: (locale potato quebec) (locale bacon alsace)
drink potato orange quebec moravia surrey quebec oregon :: cost: 1
    add: (locale orange oregon) (locale potato moravia)
    del: (locale potato quebec) (locale orange quebec)
drink potato ham quebec moravia surrey alsace kentucky :: cost: 1
    add: (locale ham kentucky) (locale potato moravia)
    del: (locale ham alsace) (locale potato quebec)
drink potato kale quebec moravia surrey quebec oregon :: cost: 1
    add: (locale kale oregon) (locale potato moravia)
    del: (locale kale quebec) (locale potato quebec)
drink potato pepper quebec moravia surrey oregon alsace :: cost: 1
    add: (locale pepper alsace) (locale potato moravia)
    del: (locale potato quebec) (locale pepper oregon)
drink potato hamburger quebec moravia surrey quebec oregon :: cost: 1
    add: (locale hamburger oregon) (locale potato moravia)
    del: (locale potato quebec) (locale hamburger quebec)
drink potato cantelope quebec moravia surrey quebec oregon :: cost: 1
    add: (locale cantelope oregon) (locale potato moravia)
    del: (locale potato quebec) (locale cantelope quebec)
drink potato flounder quebec moravia surrey moravia quebec :: cost: 1
    add: (locale flounder quebec) (locale potato moravia)
    del: (locale potato quebec) (locale flounder moravia)
drink potato grapefruit quebec moravia surrey oregon alsace :: cost: 1
    add: (locale grapefruit alsace) (locale potato moravia)
    del: (locale potato quebec) (locale grapefruit oregon)
drink potato wurst quebec moravia surrey alsace kentucky :: cost: 1
    add: (locale wurst kentucky) (locale potato moravia)
    del: (locale potato quebec) (locale wurst alsace)
drink potato arugula quebec moravia surrey moravia quebec :: cost: 1
    add: (locale arugula quebec) (locale potato moravia)
    del: (locale potato quebec) (locale arugula moravia)
drink melon tofu oregon quebec moravia surrey moravia :: cost: 1
    add: (locale tofu moravia) (locale melon quebec)
    del: (locale tofu surrey) (locale melon oregon)
drink melon snickers oregon quebec moravia alsace kentucky :: cost: 1
    add: (locale snickers kentucky) (locale melon quebec)
    del: (locale snickers alsace) (locale melon oregon)
drink melon popover oregon quebec moravia oregon alsace :: cost: 1
    add: (locale popover alsace) (locale melon quebec)
    del: (locale popover oregon) (locale melon oregon)
drink melon lamb oregon quebec moravia moravia quebec :: cost: 1
    add: (locale lamb quebec) (locale melon quebec)
    del: (locale lamb moravia) (locale melon oregon)
drink melon potato oregon quebec moravia quebec oregon :: cost: 1
    add: (locale potato oregon) (locale melon quebec)
    del: (locale potato quebec) (locale melon oregon)
drink melon beef oregon quebec moravia moravia quebec :: cost: 1
    add: (locale beef quebec) (locale melon quebec)
    del: (locale beef moravia) (locale melon oregon)
drink melon bacon oregon quebec moravia alsace kentucky :: cost: 1
    add: (locale bacon kentucky) (locale melon quebec)
    del: (locale bacon alsace) (locale melon oregon)
drink melon orange oregon quebec moravia quebec oregon :: cost: 1
    add: (locale orange oregon) (locale melon quebec)
    del: (locale orange quebec) (locale melon oregon)
drink melon ham oregon quebec moravia alsace kentucky :: cost: 1
    add: (locale ham kentucky) (locale melon quebec)
    del: (locale ham alsace) (locale melon oregon)
drink melon kale oregon quebec moravia quebec oregon :: cost: 1
    add: (locale kale oregon) (locale melon quebec)
    del: (locale kale quebec) (locale melon oregon)
drink melon pepper oregon quebec moravia oregon alsace :: cost: 1
    add: (locale pepper alsace) (locale melon quebec)
    del: (locale pepper oregon) (locale melon oregon)
drink melon hamburger oregon quebec moravia quebec oregon :: cost: 1
    add: (locale hamburger oregon) (locale melon quebec)
    del: (locale hamburger quebec) (locale melon oregon)
drink melon cantelope oregon quebec moravia quebec oregon :: cost: 1
    add: (locale cantelope oregon) (locale melon quebec)
    del: (locale cantelope quebec) (locale melon oregon)
drink melon flounder oregon quebec moravia moravia quebec :: cost: 1
    add: (locale flounder quebec) (locale melon quebec)
    del: (locale flounder moravia) (locale melon oregon)
drink melon grapefruit oregon quebec moravia oregon alsace :: cost: 1
    add: (locale grapefruit alsace) (locale melon quebec)
    del: (locale grapefruit oregon) (locale melon oregon)
drink melon wurst oregon quebec moravia alsace kentucky :: cost: 1
    add: (locale wurst kentucky) (locale melon quebec)
    del: (locale wurst alsace) (locale melon oregon)
drink melon arugula oregon quebec moravia moravia quebec :: cost: 1
    add: (locale arugula quebec) (locale melon quebec)
    del: (locale arugula moravia) (locale melon oregon)
drink pork tofu kentucky alsace oregon surrey moravia :: cost: 1
    add: (locale pork alsace) (locale tofu moravia)
    del: (locale tofu surrey) (locale pork kentucky)
drink pork snickers kentucky alsace oregon alsace kentucky :: cost: 1
    add: (locale pork alsace) (locale snickers kentucky)
    del: (locale snickers alsace) (locale pork kentucky)
drink pork popover kentucky alsace oregon oregon alsace :: cost: 1
    add: (locale pork alsace) (locale popover alsace)
    del: (locale pork kentucky) (locale popover oregon)
drink pork lamb kentucky alsace oregon moravia quebec :: cost: 1
    add: (locale pork alsace) (locale lamb quebec)
    del: (locale pork kentucky) (locale lamb moravia)
drink pork potato kentucky alsace oregon quebec oregon :: cost: 1
    add: (locale pork alsace) (locale potato oregon)
    del: (locale potato quebec) (locale pork kentucky)
drink pork melon kentucky alsace oregon oregon alsace :: cost: 1
    add: (locale melon alsace) (locale pork alsace)
    del: (locale pork kentucky) (locale melon oregon)
drink pork beef kentucky alsace oregon moravia quebec :: cost: 1
    add: (locale pork alsace) (locale beef quebec)
    del: (locale pork kentucky) (locale beef moravia)
drink pork bacon kentucky alsace oregon alsace kentucky :: cost: 1
    add: (locale pork alsace) (locale bacon kentucky)
    del: (locale pork kentucky) (locale bacon alsace)
drink pork orange kentucky alsace oregon quebec oregon :: cost: 1
    add: (locale pork alsace) (locale orange oregon)
    del: (locale orange quebec) (locale pork kentucky)
drink pork ham kentucky alsace oregon alsace kentucky :: cost: 1
    add: (locale pork alsace) (locale ham kentucky)
    del: (locale ham alsace) (locale pork kentucky)
drink pork kale kentucky alsace oregon quebec oregon :: cost: 1
    add: (locale pork alsace) (locale kale oregon)
    del: (locale kale quebec) (locale pork kentucky)
drink pork pepper kentucky alsace oregon oregon alsace :: cost: 1
    add: (locale pork alsace) (locale pepper alsace)
    del: (locale pork kentucky) (locale pepper oregon)
drink pork hamburger kentucky alsace oregon quebec oregon :: cost: 1
    add: (locale pork alsace) (locale hamburger oregon)
    del: (locale hamburger quebec) (locale pork kentucky)
drink pork cantelope kentucky alsace oregon quebec oregon :: cost: 1
    add: (locale pork alsace) (locale cantelope oregon)
    del: (locale pork kentucky) (locale cantelope quebec)
drink pork flounder kentucky alsace oregon moravia quebec :: cost: 1
    add: (locale pork alsace) (locale flounder quebec)
    del: (locale pork kentucky) (locale flounder moravia)
drink pork grapefruit kentucky alsace oregon oregon alsace :: cost: 1
    add: (locale pork alsace) (locale grapefruit alsace)
    del: (locale grapefruit oregon) (locale pork kentucky)
drink pork wurst kentucky alsace oregon alsace kentucky :: cost: 1
    add: (locale pork alsace) (locale wurst kentucky)
    del: (locale pork kentucky) (locale wurst alsace)
drink pork arugula kentucky alsace oregon moravia quebec :: cost: 1
    add: (locale pork alsace) (locale arugula quebec)
    del: (locale pork kentucky) (locale arugula moravia)
drink bacon tofu alsace oregon quebec surrey moravia :: cost: 1
    add: (locale tofu moravia) (locale bacon oregon)
    del: (locale tofu surrey) (locale bacon alsace)
drink bacon snickers alsace oregon quebec alsace kentucky :: cost: 1
    add: (locale snickers kentucky) (locale bacon oregon)
    del: (locale snickers alsace) (locale bacon alsace)
drink bacon popover alsace oregon quebec oregon alsace :: cost: 1
    add: (locale popover alsace) (locale bacon oregon)
    del: (locale bacon alsace) (locale popover oregon)
drink bacon lamb alsace oregon quebec moravia quebec :: cost: 1
    add: (locale lamb quebec) (locale bacon oregon)
    del: (locale bacon alsace) (locale lamb moravia)
drink bacon potato alsace oregon quebec quebec oregon :: cost: 1
    add: (locale potato oregon) (locale bacon oregon)
    del: (locale potato quebec) (locale bacon alsace)
drink bacon melon alsace oregon quebec oregon alsace :: cost: 1
    add: (locale melon alsace) (locale bacon oregon)
    del: (locale bacon alsace) (locale melon oregon)
drink bacon beef alsace oregon quebec moravia quebec :: cost: 1
    add: (locale beef quebec) (locale bacon oregon)
    del: (locale beef moravia) (locale bacon alsace)
drink bacon orange alsace oregon quebec quebec oregon :: cost: 1
    add: (locale orange oregon) (locale bacon oregon)
    del: (locale orange quebec) (locale bacon alsace)
drink bacon ham alsace oregon quebec alsace kentucky :: cost: 1
    add: (locale ham kentucky) (locale bacon oregon)
    del: (locale ham alsace) (locale bacon alsace)
drink bacon kale alsace oregon quebec quebec oregon :: cost: 1
    add: (locale kale oregon) (locale bacon oregon)
    del: (locale kale quebec) (locale bacon alsace)
drink bacon pepper alsace oregon quebec oregon alsace :: cost: 1
    add: (locale pepper alsace) (locale bacon oregon)
    del: (locale bacon alsace) (locale pepper oregon)
drink bacon hamburger alsace oregon quebec quebec oregon :: cost: 1
    add: (locale hamburger oregon) (locale bacon oregon)
    del: (locale hamburger quebec) (locale bacon alsace)
drink bacon cantelope alsace oregon quebec quebec oregon :: cost: 1
    add: (locale cantelope oregon) (locale bacon oregon)
    del: (locale bacon alsace) (locale cantelope quebec)
drink bacon flounder alsace oregon quebec moravia quebec :: cost: 1
    add: (locale flounder quebec) (locale bacon oregon)
    del: (locale bacon alsace) (locale flounder moravia)
drink bacon grapefruit alsace oregon quebec oregon alsace :: cost: 1
    add: (locale grapefruit alsace) (locale bacon oregon)
    del: (locale grapefruit oregon) (locale bacon alsace)
drink bacon wurst alsace oregon quebec alsace kentucky :: cost: 1
    add: (locale wurst kentucky) (locale bacon oregon)
    del: (locale bacon alsace) (locale wurst alsace)
drink bacon arugula alsace oregon quebec moravia quebec :: cost: 1
    add: (locale arugula quebec) (locale bacon oregon)
    del: (locale bacon alsace) (locale arugula moravia)
drink orange tofu quebec moravia surrey surrey moravia :: cost: 1
    add: (locale orange moravia) (locale tofu moravia)
    del: (locale tofu surrey) (locale orange quebec)
drink orange snickers quebec moravia surrey alsace kentucky :: cost: 1
    add: (locale orange moravia) (locale snickers kentucky)
    del: (locale orange quebec) (locale snickers alsace)
drink orange popover quebec moravia surrey oregon alsace :: cost: 1
    add: (locale orange moravia) (locale popover alsace)
    del: (locale orange quebec) (locale popover oregon)
drink orange lamb quebec moravia surrey moravia quebec :: cost: 1
    add: (locale orange moravia) (locale lamb quebec)
    del: (locale orange quebec) (locale lamb moravia)
drink orange potato quebec moravia surrey quebec oregon :: cost: 1
    add: (locale orange moravia) (locale potato oregon)
    del: (locale potato quebec) (locale orange quebec)
drink orange melon quebec moravia surrey oregon alsace :: cost: 1
    add: (locale melon alsace) (locale orange moravia)
    del: (locale orange quebec) (locale melon oregon)
drink orange beef quebec moravia surrey moravia quebec :: cost: 1
    add: (locale orange moravia) (locale beef quebec)
    del: (locale orange quebec) (locale beef moravia)
drink orange bacon quebec moravia surrey alsace kentucky :: cost: 1
    add: (locale orange moravia) (locale bacon kentucky)
    del: (locale orange quebec) (locale bacon alsace)
drink orange ham quebec moravia surrey alsace kentucky :: cost: 1
    add: (locale orange moravia) (locale ham kentucky)
    del: (locale ham alsace) (locale orange quebec)
drink orange kale quebec moravia surrey quebec oregon :: cost: 1
    add: (locale orange moravia) (locale kale oregon)
    del: (locale kale quebec) (locale orange quebec)
drink orange pepper quebec moravia surrey oregon alsace :: cost: 1
    add: (locale orange moravia) (locale pepper alsace)
    del: (locale orange quebec) (locale pepper oregon)
drink orange hamburger quebec moravia surrey quebec oregon :: cost: 1
    add: (locale orange moravia) (locale hamburger oregon)
    del: (locale orange quebec) (locale hamburger quebec)
drink orange cantelope quebec moravia surrey quebec oregon :: cost: 1
    add: (locale orange moravia) (locale cantelope oregon)
    del: (locale orange quebec) (locale cantelope quebec)
drink orange flounder quebec moravia surrey moravia quebec :: cost: 1
    add: (locale orange moravia) (locale flounder quebec)
    del: (locale orange quebec) (locale flounder moravia)
drink orange grapefruit quebec moravia surrey oregon alsace :: cost: 1
    add: (locale orange moravia) (locale grapefruit alsace)
    del: (locale grapefruit oregon) (locale orange quebec)
drink orange wurst quebec moravia surrey alsace kentucky :: cost: 1
    add: (locale orange moravia) (locale wurst kentucky)
    del: (locale orange quebec) (locale wurst alsace)
drink orange arugula quebec moravia surrey moravia quebec :: cost: 1
    add: (locale orange moravia) (locale arugula quebec)
    del: (locale orange quebec) (locale arugula moravia)
drink ham tofu alsace oregon quebec surrey moravia :: cost: 1
    add: (locale ham oregon) (locale tofu moravia)
    del: (locale ham alsace) (locale tofu surrey)
drink ham snickers alsace oregon quebec alsace kentucky :: cost: 1
    add: (locale ham oregon) (locale snickers kentucky)
    del: (locale ham alsace) (locale snickers alsace)
drink ham popover alsace oregon quebec oregon alsace :: cost: 1
    add: (locale ham oregon) (locale popover alsace)
    del: (locale ham alsace) (locale popover oregon)
drink ham lamb alsace oregon quebec moravia quebec :: cost: 1
    add: (locale ham oregon) (locale lamb quebec)
    del: (locale ham alsace) (locale lamb moravia)
drink ham potato alsace oregon quebec quebec oregon :: cost: 1
    add: (locale ham oregon) (locale potato oregon)
    del: (locale ham alsace) (locale potato quebec)
drink ham melon alsace oregon quebec oregon alsace :: cost: 1
    add: (locale melon alsace) (locale ham oregon)
    del: (locale ham alsace) (locale melon oregon)
drink ham beef alsace oregon quebec moravia quebec :: cost: 1
    add: (locale ham oregon) (locale beef quebec)
    del: (locale ham alsace) (locale beef moravia)
drink ham bacon alsace oregon quebec alsace kentucky :: cost: 1
    add: (locale ham oregon) (locale bacon kentucky)
    del: (locale ham alsace) (locale bacon alsace)
drink ham orange alsace oregon quebec quebec oregon :: cost: 1
    add: (locale ham oregon) (locale orange oregon)
    del: (locale ham alsace) (locale orange quebec)
drink ham kale alsace oregon quebec quebec oregon :: cost: 1
    add: (locale ham oregon) (locale kale oregon)
    del: (locale kale quebec) (locale ham alsace)
drink ham pepper alsace oregon quebec oregon alsace :: cost: 1
    add: (locale ham oregon) (locale pepper alsace)
    del: (locale ham alsace) (locale pepper oregon)
drink ham hamburger alsace oregon quebec quebec oregon :: cost: 1
    add: (locale ham oregon) (locale hamburger oregon)
    del: (locale ham alsace) (locale hamburger quebec)
drink ham cantelope alsace oregon quebec quebec oregon :: cost: 1
    add: (locale ham oregon) (locale cantelope oregon)
    del: (locale ham alsace) (locale cantelope quebec)
drink ham flounder alsace oregon quebec moravia quebec :: cost: 1
    add: (locale ham oregon) (locale flounder quebec)
    del: (locale ham alsace) (locale flounder moravia)
drink ham grapefruit alsace oregon quebec oregon alsace :: cost: 1
    add: (locale ham oregon) (locale grapefruit alsace)
    del: (locale ham alsace) (locale grapefruit oregon)
drink ham wurst alsace oregon quebec alsace kentucky :: cost: 1
    add: (locale ham oregon) (locale wurst kentucky)
    del: (locale ham alsace) (locale wurst alsace)
drink ham arugula alsace oregon quebec moravia quebec :: cost: 1
    add: (locale ham oregon) (locale arugula quebec)
    del: (locale ham alsace) (locale arugula moravia)
drink kale tofu quebec moravia surrey surrey moravia :: cost: 1
    add: (locale tofu moravia) (locale kale moravia)
    del: (locale kale quebec) (locale tofu surrey)
drink kale snickers quebec moravia surrey alsace kentucky :: cost: 1
    add: (locale snickers kentucky) (locale kale moravia)
    del: (locale kale quebec) (locale snickers alsace)
drink kale popover quebec moravia surrey oregon alsace :: cost: 1
    add: (locale popover alsace) (locale kale moravia)
    del: (locale kale quebec) (locale popover oregon)
drink kale lamb quebec moravia surrey moravia quebec :: cost: 1
    add: (locale lamb quebec) (locale kale moravia)
    del: (locale kale quebec) (locale lamb moravia)
drink kale potato quebec moravia surrey quebec oregon :: cost: 1
    add: (locale potato oregon) (locale kale moravia)
    del: (locale kale quebec) (locale potato quebec)
drink kale melon quebec moravia surrey oregon alsace :: cost: 1
    add: (locale melon alsace) (locale kale moravia)
    del: (locale kale quebec) (locale melon oregon)
drink kale beef quebec moravia surrey moravia quebec :: cost: 1
    add: (locale beef quebec) (locale kale moravia)
    del: (locale kale quebec) (locale beef moravia)
drink kale bacon quebec moravia surrey alsace kentucky :: cost: 1
    add: (locale bacon kentucky) (locale kale moravia)
    del: (locale kale quebec) (locale bacon alsace)
drink kale orange quebec moravia surrey quebec oregon :: cost: 1
    add: (locale orange oregon) (locale kale moravia)
    del: (locale kale quebec) (locale orange quebec)
drink kale ham quebec moravia surrey alsace kentucky :: cost: 1
    add: (locale ham kentucky) (locale kale moravia)
    del: (locale kale quebec) (locale ham alsace)
drink kale pepper quebec moravia surrey oregon alsace :: cost: 1
    add: (locale pepper alsace) (locale kale moravia)
    del: (locale kale quebec) (locale pepper oregon)
drink kale hamburger quebec moravia surrey quebec oregon :: cost: 1
    add: (locale hamburger oregon) (locale kale moravia)
    del: (locale kale quebec) (locale hamburger quebec)
drink kale cantelope quebec moravia surrey quebec oregon :: cost: 1
    add: (locale cantelope oregon) (locale kale moravia)
    del: (locale kale quebec) (locale cantelope quebec)
drink kale flounder quebec moravia surrey moravia quebec :: cost: 1
    add: (locale flounder quebec) (locale kale moravia)
    del: (locale kale quebec) (locale flounder moravia)
drink kale grapefruit quebec moravia surrey oregon alsace :: cost: 1
    add: (locale grapefruit alsace) (locale kale moravia)
    del: (locale kale quebec) (locale grapefruit oregon)
drink kale wurst quebec moravia surrey alsace kentucky :: cost: 1
    add: (locale wurst kentucky) (locale kale moravia)
    del: (locale kale quebec) (locale wurst alsace)
drink kale arugula quebec moravia surrey moravia quebec :: cost: 1
    add: (locale arugula quebec) (locale kale moravia)
    del: (locale kale quebec) (locale arugula moravia)
drink pepper tofu oregon quebec moravia surrey moravia :: cost: 1
    add: (locale pepper quebec) (locale tofu moravia)
    del: (locale tofu surrey) (locale pepper oregon)
drink pepper snickers oregon quebec moravia alsace kentucky :: cost: 1
    add: (locale pepper quebec) (locale snickers kentucky)
    del: (locale snickers alsace) (locale pepper oregon)
drink pepper popover oregon quebec moravia oregon alsace :: cost: 1
    add: (locale pepper quebec) (locale popover alsace)
    del: (locale pepper oregon) (locale popover oregon)
drink pepper lamb oregon quebec moravia moravia quebec :: cost: 1
    add: (locale pepper quebec) (locale lamb quebec)
    del: (locale pepper oregon) (locale lamb moravia)
drink pepper potato oregon quebec moravia quebec oregon :: cost: 1
    add: (locale pepper quebec) (locale potato oregon)
    del: (locale potato quebec) (locale pepper oregon)
drink pepper melon oregon quebec moravia oregon alsace :: cost: 1
    add: (locale melon alsace) (locale pepper quebec)
    del: (locale pepper oregon) (locale melon oregon)
drink pepper beef oregon quebec moravia moravia quebec :: cost: 1
    add: (locale pepper quebec) (locale beef quebec)
    del: (locale beef moravia) (locale pepper oregon)
drink pepper bacon oregon quebec moravia alsace kentucky :: cost: 1
    add: (locale pepper quebec) (locale bacon kentucky)
    del: (locale bacon alsace) (locale pepper oregon)
drink pepper orange oregon quebec moravia quebec oregon :: cost: 1
    add: (locale pepper quebec) (locale orange oregon)
    del: (locale orange quebec) (locale pepper oregon)
drink pepper ham oregon quebec moravia alsace kentucky :: cost: 1
    add: (locale pepper quebec) (locale ham kentucky)
    del: (locale ham alsace) (locale pepper oregon)
drink pepper kale oregon quebec moravia quebec oregon :: cost: 1
    add: (locale pepper quebec) (locale kale oregon)
    del: (locale kale quebec) (locale pepper oregon)
drink pepper hamburger oregon quebec moravia quebec oregon :: cost: 1
    add: (locale pepper quebec) (locale hamburger oregon)
    del: (locale hamburger quebec) (locale pepper oregon)
drink pepper cantelope oregon quebec moravia quebec oregon :: cost: 1
    add: (locale pepper quebec) (locale cantelope oregon)
    del: (locale cantelope quebec) (locale pepper oregon)
drink pepper flounder oregon quebec moravia moravia quebec :: cost: 1
    add: (locale pepper quebec) (locale flounder quebec)
    del: (locale flounder moravia) (locale pepper oregon)
drink pepper grapefruit oregon quebec moravia oregon alsace :: cost: 1
    add: (locale pepper quebec) (locale grapefruit alsace)
    del: (locale grapefruit oregon) (locale pepper oregon)
drink pepper wurst oregon quebec moravia alsace kentucky :: cost: 1
    add: (locale pepper quebec) (locale wurst kentucky)
    del: (locale wurst alsace) (locale pepper oregon)
drink pepper arugula oregon quebec moravia moravia quebec :: cost: 1
    add: (locale pepper quebec) (locale arugula quebec)
    del: (locale arugula moravia) (locale pepper oregon)
drink hamburger tofu quebec moravia surrey surrey moravia :: cost: 1
    add: (locale tofu moravia) (locale hamburger moravia)
    del: (locale tofu surrey) (locale hamburger quebec)
drink hamburger snickers quebec moravia surrey alsace kentucky :: cost: 1
    add: (locale snickers kentucky) (locale hamburger moravia)
    del: (locale hamburger quebec) (locale snickers alsace)
drink hamburger popover quebec moravia surrey oregon alsace :: cost: 1
    add: (locale popover alsace) (locale hamburger moravia)
    del: (locale hamburger quebec) (locale popover oregon)
drink hamburger lamb quebec moravia surrey moravia quebec :: cost: 1
    add: (locale lamb quebec) (locale hamburger moravia)
    del: (locale hamburger quebec) (locale lamb moravia)
drink hamburger potato quebec moravia surrey quebec oregon :: cost: 1
    add: (locale potato oregon) (locale hamburger moravia)
    del: (locale potato quebec) (locale hamburger quebec)
drink hamburger melon quebec moravia surrey oregon alsace :: cost: 1
    add: (locale melon alsace) (locale hamburger moravia)
    del: (locale hamburger quebec) (locale melon oregon)
drink hamburger beef quebec moravia surrey moravia quebec :: cost: 1
    add: (locale beef quebec) (locale hamburger moravia)
    del: (locale hamburger quebec) (locale beef moravia)
drink hamburger bacon quebec moravia surrey alsace kentucky :: cost: 1
    add: (locale bacon kentucky) (locale hamburger moravia)
    del: (locale hamburger quebec) (locale bacon alsace)
drink hamburger orange quebec moravia surrey quebec oregon :: cost: 1
    add: (locale orange oregon) (locale hamburger moravia)
    del: (locale orange quebec) (locale hamburger quebec)
drink hamburger ham quebec moravia surrey alsace kentucky :: cost: 1
    add: (locale ham kentucky) (locale hamburger moravia)
    del: (locale ham alsace) (locale hamburger quebec)
drink hamburger kale quebec moravia surrey quebec oregon :: cost: 1
    add: (locale kale oregon) (locale hamburger moravia)
    del: (locale kale quebec) (locale hamburger quebec)
drink hamburger pepper quebec moravia surrey oregon alsace :: cost: 1
    add: (locale pepper alsace) (locale hamburger moravia)
    del: (locale hamburger quebec) (locale pepper oregon)
drink hamburger cantelope quebec moravia surrey quebec oregon :: cost: 1
    add: (locale cantelope oregon) (locale hamburger moravia)
    del: (locale hamburger quebec) (locale cantelope quebec)
drink hamburger flounder quebec moravia surrey moravia quebec :: cost: 1
    add: (locale flounder quebec) (locale hamburger moravia)
    del: (locale hamburger quebec) (locale flounder moravia)
drink hamburger grapefruit quebec moravia surrey oregon alsace :: cost: 1
    add: (locale grapefruit alsace) (locale hamburger moravia)
    del: (locale grapefruit oregon) (locale hamburger quebec)
drink hamburger wurst quebec moravia surrey alsace kentucky :: cost: 1
    add: (locale wurst kentucky) (locale hamburger moravia)
    del: (locale hamburger quebec) (locale wurst alsace)
drink hamburger arugula quebec moravia surrey moravia quebec :: cost: 1
    add: (locale arugula quebec) (locale hamburger moravia)
    del: (locale hamburger quebec) (locale arugula moravia)
drink cantelope tofu quebec moravia surrey surrey moravia :: cost: 1
    add: (locale tofu moravia) (locale cantelope moravia)
    del: (locale tofu surrey) (locale cantelope quebec)
drink cantelope snickers quebec moravia surrey alsace kentucky :: cost: 1
    add: (locale snickers kentucky) (locale cantelope moravia)
    del: (locale snickers alsace) (locale cantelope quebec)
drink cantelope popover quebec moravia surrey oregon alsace :: cost: 1
    add: (locale popover alsace) (locale cantelope moravia)
    del: (locale cantelope quebec) (locale popover oregon)
drink cantelope lamb quebec moravia surrey moravia quebec :: cost: 1
    add: (locale lamb quebec) (locale cantelope moravia)
    del: (locale cantelope quebec) (locale lamb moravia)
drink cantelope potato quebec moravia surrey quebec oregon :: cost: 1
    add: (locale potato oregon) (locale cantelope moravia)
    del: (locale potato quebec) (locale cantelope quebec)
drink cantelope melon quebec moravia surrey oregon alsace :: cost: 1
    add: (locale melon alsace) (locale cantelope moravia)
    del: (locale cantelope quebec) (locale melon oregon)
drink cantelope beef quebec moravia surrey moravia quebec :: cost: 1
    add: (locale beef quebec) (locale cantelope moravia)
    del: (locale beef moravia) (locale cantelope quebec)
drink cantelope bacon quebec moravia surrey alsace kentucky :: cost: 1
    add: (locale bacon kentucky) (locale cantelope moravia)
    del: (locale bacon alsace) (locale cantelope quebec)
drink cantelope orange quebec moravia surrey quebec oregon :: cost: 1
    add: (locale orange oregon) (locale cantelope moravia)
    del: (locale orange quebec) (locale cantelope quebec)
drink cantelope ham quebec moravia surrey alsace kentucky :: cost: 1
    add: (locale ham kentucky) (locale cantelope moravia)
    del: (locale ham alsace) (locale cantelope quebec)
drink cantelope kale quebec moravia surrey quebec oregon :: cost: 1
    add: (locale kale oregon) (locale cantelope moravia)
    del: (locale kale quebec) (locale cantelope quebec)
drink cantelope pepper quebec moravia surrey oregon alsace :: cost: 1
    add: (locale pepper alsace) (locale cantelope moravia)
    del: (locale cantelope quebec) (locale pepper oregon)
drink cantelope hamburger quebec moravia surrey quebec oregon :: cost: 1
    add: (locale hamburger oregon) (locale cantelope moravia)
    del: (locale hamburger quebec) (locale cantelope quebec)
drink cantelope flounder quebec moravia surrey moravia quebec :: cost: 1
    add: (locale flounder quebec) (locale cantelope moravia)
    del: (locale cantelope quebec) (locale flounder moravia)
drink cantelope grapefruit quebec moravia surrey oregon alsace :: cost: 1
    add: (locale grapefruit alsace) (locale cantelope moravia)
    del: (locale grapefruit oregon) (locale cantelope quebec)
drink cantelope wurst quebec moravia surrey alsace kentucky :: cost: 1
    add: (locale wurst kentucky) (locale cantelope moravia)
    del: (locale cantelope quebec) (locale wurst alsace)
drink cantelope arugula quebec moravia surrey moravia quebec :: cost: 1
    add: (locale arugula quebec) (locale cantelope moravia)
    del: (locale cantelope quebec) (locale arugula moravia)
drink grapefruit tofu oregon quebec moravia surrey moravia :: cost: 1
    add: (locale grapefruit quebec) (locale tofu moravia)
    del: (locale grapefruit oregon) (locale tofu surrey)
drink grapefruit snickers oregon quebec moravia alsace kentucky :: cost: 1
    add: (locale grapefruit quebec) (locale snickers kentucky)
    del: (locale grapefruit oregon) (locale snickers alsace)
drink grapefruit popover oregon quebec moravia oregon alsace :: cost: 1
    add: (locale grapefruit quebec) (locale popover alsace)
    del: (locale grapefruit oregon) (locale popover oregon)
drink grapefruit lamb oregon quebec moravia moravia quebec :: cost: 1
    add: (locale grapefruit quebec) (locale lamb quebec)
    del: (locale grapefruit oregon) (locale lamb moravia)
drink grapefruit potato oregon quebec moravia quebec oregon :: cost: 1
    add: (locale grapefruit quebec) (locale potato oregon)
    del: (locale potato quebec) (locale grapefruit oregon)
drink grapefruit melon oregon quebec moravia oregon alsace :: cost: 1
    add: (locale melon alsace) (locale grapefruit quebec)
    del: (locale grapefruit oregon) (locale melon oregon)
drink grapefruit beef oregon quebec moravia moravia quebec :: cost: 1
    add: (locale grapefruit quebec) (locale beef quebec)
    del: (locale grapefruit oregon) (locale beef moravia)
drink grapefruit bacon oregon quebec moravia alsace kentucky :: cost: 1
    add: (locale grapefruit quebec) (locale bacon kentucky)
    del: (locale grapefruit oregon) (locale bacon alsace)
drink grapefruit orange oregon quebec moravia quebec oregon :: cost: 1
    add: (locale grapefruit quebec) (locale orange oregon)
    del: (locale grapefruit oregon) (locale orange quebec)
drink grapefruit ham oregon quebec moravia alsace kentucky :: cost: 1
    add: (locale grapefruit quebec) (locale ham kentucky)
    del: (locale ham alsace) (locale grapefruit oregon)
drink grapefruit kale oregon quebec moravia quebec oregon :: cost: 1
    add: (locale grapefruit quebec) (locale kale oregon)
    del: (locale kale quebec) (locale grapefruit oregon)
drink grapefruit pepper oregon quebec moravia oregon alsace :: cost: 1
    add: (locale grapefruit quebec) (locale pepper alsace)
    del: (locale grapefruit oregon) (locale pepper oregon)
drink grapefruit hamburger oregon quebec moravia quebec oregon :: cost: 1
    add: (locale grapefruit quebec) (locale hamburger oregon)
    del: (locale grapefruit oregon) (locale hamburger quebec)
drink grapefruit cantelope oregon quebec moravia quebec oregon :: cost: 1
    add: (locale grapefruit quebec) (locale cantelope oregon)
    del: (locale grapefruit oregon) (locale cantelope quebec)
drink grapefruit flounder oregon quebec moravia moravia quebec :: cost: 1
    add: (locale grapefruit quebec) (locale flounder quebec)
    del: (locale grapefruit oregon) (locale flounder moravia)
drink grapefruit wurst oregon quebec moravia alsace kentucky :: cost: 1
    add: (locale grapefruit quebec) (locale wurst kentucky)
    del: (locale grapefruit oregon) (locale wurst alsace)
drink grapefruit arugula oregon quebec moravia moravia quebec :: cost: 1
    add: (locale grapefruit quebec) (locale arugula quebec)
    del: (locale grapefruit oregon) (locale arugula moravia)
drink wurst tofu alsace oregon quebec surrey moravia :: cost: 1
    add: (locale tofu moravia) (locale wurst oregon)
    del: (locale tofu surrey) (locale wurst alsace)
drink wurst snickers alsace oregon quebec alsace kentucky :: cost: 1
    add: (locale snickers kentucky) (locale wurst oregon)
    del: (locale snickers alsace) (locale wurst alsace)
drink wurst popover alsace oregon quebec oregon alsace :: cost: 1
    add: (locale popover alsace) (locale wurst oregon)
    del: (locale wurst alsace) (locale popover oregon)
drink wurst lamb alsace oregon quebec moravia quebec :: cost: 1
    add: (locale lamb quebec) (locale wurst oregon)
    del: (locale wurst alsace) (locale lamb moravia)
drink wurst potato alsace oregon quebec quebec oregon :: cost: 1
    add: (locale potato oregon) (locale wurst oregon)
    del: (locale potato quebec) (locale wurst alsace)
drink wurst melon alsace oregon quebec oregon alsace :: cost: 1
    add: (locale melon alsace) (locale wurst oregon)
    del: (locale wurst alsace) (locale melon oregon)
drink wurst beef alsace oregon quebec moravia quebec :: cost: 1
    add: (locale beef quebec) (locale wurst oregon)
    del: (locale beef moravia) (locale wurst alsace)
drink wurst bacon alsace oregon quebec alsace kentucky :: cost: 1
    add: (locale bacon kentucky) (locale wurst oregon)
    del: (locale bacon alsace) (locale wurst alsace)
drink wurst orange alsace oregon quebec quebec oregon :: cost: 1
    add: (locale orange oregon) (locale wurst oregon)
    del: (locale orange quebec) (locale wurst alsace)
drink wurst ham alsace oregon quebec alsace kentucky :: cost: 1
    add: (locale ham kentucky) (locale wurst oregon)
    del: (locale ham alsace) (locale wurst alsace)
drink wurst kale alsace oregon quebec quebec oregon :: cost: 1
    add: (locale kale oregon) (locale wurst oregon)
    del: (locale kale quebec) (locale wurst alsace)
drink wurst pepper alsace oregon quebec oregon alsace :: cost: 1
    add: (locale pepper alsace) (locale wurst oregon)
    del: (locale wurst alsace) (locale pepper oregon)
drink wurst hamburger alsace oregon quebec quebec oregon :: cost: 1
    add: (locale hamburger oregon) (locale wurst oregon)
    del: (locale hamburger quebec) (locale wurst alsace)
drink wurst cantelope alsace oregon quebec quebec oregon :: cost: 1
    add: (locale cantelope oregon) (locale wurst oregon)
    del: (locale cantelope quebec) (locale wurst alsace)
drink wurst flounder alsace oregon quebec moravia quebec :: cost: 1
    add: (locale flounder quebec) (locale wurst oregon)
    del: (locale flounder moravia) (locale wurst alsace)
drink wurst grapefruit alsace oregon quebec oregon alsace :: cost: 1
    add: (locale grapefruit alsace) (locale wurst oregon)
    del: (locale grapefruit oregon) (locale wurst alsace)
drink wurst arugula alsace oregon quebec moravia quebec :: cost: 1
    add: (locale arugula quebec) (locale wurst oregon)
    del: (locale arugula moravia) (locale wurst alsace)
Step 9 (craves prostatitis-13 pepper) (harmony triumph pluto) (craves expectation beef) (craves loneliness snickers) (craves satisfaction ham) (locale kale quebec) (locale ham alsace) (craves laceration-11 hamburger) (craves aesthetics flounder) (craves anger popover) (craves anxiety-25 arugula) (craves boils-15 pepper) (craves jealousy melon) (locale potato quebec) (craves stimulation melon) (locale grapefruit oregon) (harmony expectation pluto) (craves dread-31 cantelope) (craves anger-7 orange) (craves dread beef) (craves loneliness-9 hamburger) (craves hangover-6 ham) (craves grief lamb) (craves boils-32 cantelope) (craves love orange) (locale tofu surrey) (craves depression snickers) (craves angina-30 cantelope) (craves jealousy-16 kale) (craves anxiety potato) (craves learning pepper) (locale orange quebec) (harmony aesthetics neptune) (craves prostatitis popover) (craves intoxication grapefruit) (craves abrasion pork) (locale hamburger quebec) (locale snickers alsace) (locale pork kentucky) (harmony love mars) (craves hangover popover) (craves grief-26 arugula) (craves angina-3 bacon) (craves laceration snickers) (craves depression-14 pepper) (craves hangover-29 grapefruit) (locale beef moravia) (craves rest pork) (locale bacon alsace) (locale cantelope quebec) (locale flounder moravia) (craves dread-8 bacon) (craves prostatitis-24 arugula) (locale arugula moravia) (craves angina popover) (locale wurst alsace) (craves triumph tofu) (locale pepper oregon) (craves grief-2 pork) (craves anger-10 hamburger) (craves sciatica-4 bacon) (locale lamb moravia) (fears sciatica stimulation) (fears boils stimulation) (fears loneliness-1 rest) (harmony rest mercury) (fears abrasion-5 satisfaction) (harmony satisfaction mars) (fears anxiety-12 learning) (harmony learning mercury) (fears laceration-27 intoxication) (fears jealousy-28 intoxication) (locale melon oregon) (locale popover quebec) (harmony stimulation mars) (harmony intoxication mercury)
size: 270
overcome jealousy stimulation melon mercury mars :: cost: 1
    add: (fears jealousy stimulation) (harmony stimulation mercury)
    del: (craves jealousy melon) (harmony stimulation mars)
overcome dread expectation beef neptune pluto :: cost: 1
    add: (fears dread expectation) (harmony expectation neptune)
    del: (harmony expectation pluto) (craves dread beef)
overcome anger-7 love orange mercury mars :: cost: 1
    add: (fears anger-7 love) (harmony love mercury)
    del: (craves anger-7 orange) (harmony love mars)
overcome hangover-6 satisfaction ham mercury mars :: cost: 1
    add: (fears hangover-6 satisfaction) (harmony satisfaction mercury)
    del: (craves hangover-6 ham) (harmony satisfaction mars)
feast stimulation melon popover quebec oregon :: cost: 1
    add: (craves stimulation popover) (locale melon quebec)
    del: (craves stimulation melon) (locale melon oregon)
feast stimulation melon potato quebec oregon :: cost: 1
    add: (craves stimulation potato) (locale melon quebec)
    del: (craves stimulation melon) (locale melon oregon)
feast expectation beef snickers surrey moravia :: cost: 1
    add: (craves expectation snickers) (locale beef surrey)
    del: (craves expectation beef) (locale beef moravia)
feast expectation beef orange surrey moravia :: cost: 1
    add: (locale beef surrey) (craves expectation orange)
    del: (craves expectation beef) (locale beef moravia)
feast expectation beef ham surrey moravia :: cost: 1
    add: (locale beef surrey) (craves expectation ham)
    del: (craves expectation beef) (locale beef moravia)
feast expectation beef arugula surrey moravia :: cost: 1
    add: (locale beef surrey) (craves expectation arugula)
    del: (craves expectation beef) (locale beef moravia)
feast rest pork bacon alsace kentucky :: cost: 1
    add: (craves rest bacon) (locale pork alsace)
    del: (locale pork kentucky) (craves rest pork)
feast rest pork orange alsace kentucky :: cost: 1
    add: (locale pork alsace) (craves rest orange)
    del: (locale pork kentucky) (craves rest pork)
feast rest pork ham alsace kentucky :: cost: 1
    add: (locale pork alsace) (craves rest ham)
    del: (locale pork kentucky) (craves rest pork)
feast love orange beef moravia quebec :: cost: 1
    add: (craves love beef) (locale orange moravia)
    del: (craves love orange) (locale orange quebec)
feast love orange pork moravia quebec :: cost: 1
    add: (locale orange moravia) (craves love pork)
    del: (craves love orange) (locale orange quebec)
feast love orange bacon moravia quebec :: cost: 1
    add: (locale orange moravia) (craves love bacon)
    del: (craves love orange) (locale orange quebec)
feast satisfaction ham beef oregon alsace :: cost: 1
    add: (craves satisfaction beef) (locale ham oregon)
    del: (craves satisfaction ham) (locale ham alsace)
feast satisfaction ham pork oregon alsace :: cost: 1
    add: (locale ham oregon) (craves satisfaction pork)
    del: (craves satisfaction ham) (locale ham alsace)
feast learning pepper cantelope quebec oregon :: cost: 1
    add: (craves learning cantelope) (locale pepper quebec)
    del: (craves learning pepper) (locale pepper oregon)
feast learning pepper grapefruit quebec oregon :: cost: 1
    add: (locale pepper quebec) (craves learning grapefruit)
    del: (craves learning pepper) (locale pepper oregon)
feast aesthetics flounder kale surrey moravia :: cost: 1
    add: (craves aesthetics kale) (locale flounder surrey)
    del: (craves aesthetics flounder) (locale flounder moravia)
feast aesthetics flounder cantelope surrey moravia :: cost: 1
    add: (locale flounder surrey) (craves aesthetics cantelope)
    del: (craves aesthetics flounder) (locale flounder moravia)
feast intoxication grapefruit pepper quebec oregon :: cost: 1
    add: (craves intoxication pepper) (locale grapefruit quebec)
    del: (locale grapefruit oregon) (craves intoxication grapefruit)
feast intoxication grapefruit wurst quebec oregon :: cost: 1
    add: (locale grapefruit quebec) (craves intoxication wurst)
    del: (locale grapefruit oregon) (craves intoxication grapefruit)
succumb sciatica stimulation melon mars neptune :: cost: 1
    add: (craves sciatica melon) (harmony stimulation neptune)
    del: (fears sciatica stimulation) (harmony stimulation mars)
succumb boils stimulation melon mars neptune :: cost: 1
    add: (craves boils melon) (harmony stimulation neptune)
    del: (fears boils stimulation) (harmony stimulation mars)
succumb loneliness-1 rest pork mercury mars :: cost: 1
    add: (harmony rest mars) (craves loneliness-1 pork)
    del: (fears loneliness-1 rest) (harmony rest mercury)
succumb abrasion-5 satisfaction ham mars neptune :: cost: 1
    add: (harmony satisfaction neptune) (craves abrasion-5 ham)
    del: (fears abrasion-5 satisfaction) (harmony satisfaction mars)
succumb anxiety-12 learning pepper mercury mars :: cost: 1
    add: (harmony learning mars) (craves anxiety-12 pepper)
    del: (fears anxiety-12 learning) (harmony learning mercury)
succumb laceration-27 intoxication grapefruit mercury mars :: cost: 1
    add: (craves laceration-27 grapefruit) (harmony intoxication mars)
    del: (fears laceration-27 intoxication) (harmony intoxication mercury)
succumb jealousy-28 intoxication grapefruit mercury mars :: cost: 1
    add: (craves jealousy-28 grapefruit) (harmony intoxication mars)
    del: (fears jealousy-28 intoxication) (harmony intoxication mercury)
drink snickers tofu alsace oregon quebec surrey moravia :: cost: 1
    add: (locale snickers oregon) (locale tofu moravia)
    del: (locale tofu surrey) (locale snickers alsace)
drink snickers popover alsace oregon quebec quebec oregon :: cost: 1
    add: (locale popover oregon) (locale snickers oregon)
    del: (locale snickers alsace) (locale popover quebec)
drink snickers lamb alsace oregon quebec moravia quebec :: cost: 1
    add: (locale snickers oregon) (locale lamb quebec)
    del: (locale snickers alsace) (locale lamb moravia)
drink snickers potato alsace oregon quebec quebec oregon :: cost: 1
    add: (locale snickers oregon) (locale potato oregon)
    del: (locale potato quebec) (locale snickers alsace)
drink snickers melon alsace oregon quebec oregon alsace :: cost: 1
    add: (locale melon alsace) (locale snickers oregon)
    del: (locale snickers alsace) (locale melon oregon)
drink snickers beef alsace oregon quebec moravia quebec :: cost: 1
    add: (locale snickers oregon) (locale beef quebec)
    del: (locale snickers alsace) (locale beef moravia)
drink snickers bacon alsace oregon quebec alsace kentucky :: cost: 1
    add: (locale snickers oregon) (locale bacon kentucky)
    del: (locale snickers alsace) (locale bacon alsace)
drink snickers orange alsace oregon quebec quebec oregon :: cost: 1
    add: (locale snickers oregon) (locale orange oregon)
    del: (locale orange quebec) (locale snickers alsace)
drink snickers ham alsace oregon quebec alsace kentucky :: cost: 1
    add: (locale snickers oregon) (locale ham kentucky)
    del: (locale ham alsace) (locale snickers alsace)
drink snickers kale alsace oregon quebec quebec oregon :: cost: 1
    add: (locale snickers oregon) (locale kale oregon)
    del: (locale kale quebec) (locale snickers alsace)
drink snickers pepper alsace oregon quebec oregon alsace :: cost: 1
    add: (locale snickers oregon) (locale pepper alsace)
    del: (locale snickers alsace) (locale pepper oregon)
drink snickers hamburger alsace oregon quebec quebec oregon :: cost: 1
    add: (locale snickers oregon) (locale hamburger oregon)
    del: (locale hamburger quebec) (locale snickers alsace)
drink snickers cantelope alsace oregon quebec quebec oregon :: cost: 1
    add: (locale snickers oregon) (locale cantelope oregon)
    del: (locale snickers alsace) (locale cantelope quebec)
drink snickers flounder alsace oregon quebec moravia quebec :: cost: 1
    add: (locale snickers oregon) (locale flounder quebec)
    del: (locale snickers alsace) (locale flounder moravia)
drink snickers grapefruit alsace oregon quebec oregon alsace :: cost: 1
    add: (locale snickers oregon) (locale grapefruit alsace)
    del: (locale grapefruit oregon) (locale snickers alsace)
drink snickers wurst alsace oregon quebec alsace kentucky :: cost: 1
    add: (locale snickers oregon) (locale wurst kentucky)
    del: (locale snickers alsace) (locale wurst alsace)
drink snickers arugula alsace oregon quebec moravia quebec :: cost: 1
    add: (locale snickers oregon) (locale arugula quebec)
    del: (locale snickers alsace) (locale arugula moravia)
drink popover tofu quebec moravia surrey surrey moravia :: cost: 1
    add: (locale tofu moravia) (locale popover moravia)
    del: (locale tofu surrey) (locale popover quebec)
drink popover snickers quebec moravia surrey alsace kentucky :: cost: 1
    add: (locale snickers kentucky) (locale popover moravia)
    del: (locale snickers alsace) (locale popover quebec)
drink popover lamb quebec moravia surrey moravia quebec :: cost: 1
    add: (locale lamb quebec) (locale popover moravia)
    del: (locale lamb moravia) (locale popover quebec)
drink popover potato quebec moravia surrey quebec oregon :: cost: 1
    add: (locale potato oregon) (locale popover moravia)
    del: (locale potato quebec) (locale popover quebec)
drink popover melon quebec moravia surrey oregon alsace :: cost: 1
    add: (locale melon alsace) (locale popover moravia)
    del: (locale melon oregon) (locale popover quebec)
drink popover beef quebec moravia surrey moravia quebec :: cost: 1
    add: (locale beef quebec) (locale popover moravia)
    del: (locale beef moravia) (locale popover quebec)
drink popover bacon quebec moravia surrey alsace kentucky :: cost: 1
    add: (locale bacon kentucky) (locale popover moravia)
    del: (locale bacon alsace) (locale popover quebec)
drink popover orange quebec moravia surrey quebec oregon :: cost: 1
    add: (locale orange oregon) (locale popover moravia)
    del: (locale orange quebec) (locale popover quebec)
drink popover ham quebec moravia surrey alsace kentucky :: cost: 1
    add: (locale ham kentucky) (locale popover moravia)
    del: (locale ham alsace) (locale popover quebec)
drink popover kale quebec moravia surrey quebec oregon :: cost: 1
    add: (locale kale oregon) (locale popover moravia)
    del: (locale kale quebec) (locale popover quebec)
drink popover pepper quebec moravia surrey oregon alsace :: cost: 1
    add: (locale pepper alsace) (locale popover moravia)
    del: (locale pepper oregon) (locale popover quebec)
drink popover hamburger quebec moravia surrey quebec oregon :: cost: 1
    add: (locale hamburger oregon) (locale popover moravia)
    del: (locale hamburger quebec) (locale popover quebec)
drink popover cantelope quebec moravia surrey quebec oregon :: cost: 1
    add: (locale cantelope oregon) (locale popover moravia)
    del: (locale cantelope quebec) (locale popover quebec)
drink popover flounder quebec moravia surrey moravia quebec :: cost: 1
    add: (locale flounder quebec) (locale popover moravia)
    del: (locale flounder moravia) (locale popover quebec)
drink popover grapefruit quebec moravia surrey oregon alsace :: cost: 1
    add: (locale grapefruit alsace) (locale popover moravia)
    del: (locale grapefruit oregon) (locale popover quebec)
drink popover wurst quebec moravia surrey alsace kentucky :: cost: 1
    add: (locale wurst kentucky) (locale popover moravia)
    del: (locale wurst alsace) (locale popover quebec)
drink popover arugula quebec moravia surrey moravia quebec :: cost: 1
    add: (locale arugula quebec) (locale popover moravia)
    del: (locale arugula moravia) (locale popover quebec)
drink potato tofu quebec moravia surrey surrey moravia :: cost: 1
    add: (locale tofu moravia) (locale potato moravia)
    del: (locale potato quebec) (locale tofu surrey)
drink potato snickers quebec moravia surrey alsace kentucky :: cost: 1
    add: (locale snickers kentucky) (locale potato moravia)
    del: (locale potato quebec) (locale snickers alsace)
drink potato popover quebec moravia surrey quebec oregon :: cost: 1
    add: (locale popover oregon) (locale potato moravia)
    del: (locale potato quebec) (locale popover quebec)
drink potato lamb quebec moravia surrey moravia quebec :: cost: 1
    add: (locale lamb quebec) (locale potato moravia)
    del: (locale potato quebec) (locale lamb moravia)
drink potato melon quebec moravia surrey oregon alsace :: cost: 1
    add: (locale melon alsace) (locale potato moravia)
    del: (locale potato quebec) (locale melon oregon)
drink potato beef quebec moravia surrey moravia quebec :: cost: 1
    add: (locale beef quebec) (locale potato moravia)
    del: (locale potato quebec) (locale beef moravia)
drink potato bacon quebec moravia surrey alsace kentucky :: cost: 1
    add: (locale bacon kentucky) (locale potato moravia)
    del: (locale potato quebec) (locale bacon alsace)
drink potato orange quebec moravia surrey quebec oregon :: cost: 1
    add: (locale orange oregon) (locale potato moravia)
    del: (locale potato quebec) (locale orange quebec)
drink potato ham quebec moravia surrey alsace kentucky :: cost: 1
    add: (locale ham kentucky) (locale potato moravia)
    del: (locale ham alsace) (locale potato quebec)
drink potato kale quebec moravia surrey quebec oregon :: cost: 1
    add: (locale kale oregon) (locale potato moravia)
    del: (locale kale quebec) (locale potato quebec)
drink potato pepper quebec moravia surrey oregon alsace :: cost: 1
    add: (locale pepper alsace) (locale potato moravia)
    del: (locale potato quebec) (locale pepper oregon)
drink potato hamburger quebec moravia surrey quebec oregon :: cost: 1
    add: (locale hamburger oregon) (locale potato moravia)
    del: (locale potato quebec) (locale hamburger quebec)
drink potato cantelope quebec moravia surrey quebec oregon :: cost: 1
    add: (locale cantelope oregon) (locale potato moravia)
    del: (locale potato quebec) (locale cantelope quebec)
drink potato flounder quebec moravia surrey moravia quebec :: cost: 1
    add: (locale flounder quebec) (locale potato moravia)
    del: (locale potato quebec) (locale flounder moravia)
drink potato grapefruit quebec moravia surrey oregon alsace :: cost: 1
    add: (locale grapefruit alsace) (locale potato moravia)
    del: (locale potato quebec) (locale grapefruit oregon)
drink potato wurst quebec moravia surrey alsace kentucky :: cost: 1
    add: (locale wurst kentucky) (locale potato moravia)
    del: (locale potato quebec) (locale wurst alsace)
drink potato arugula quebec moravia surrey moravia quebec :: cost: 1
    add: (locale arugula quebec) (locale potato moravia)
    del: (locale potato quebec) (locale arugula moravia)
drink melon tofu oregon quebec moravia surrey moravia :: cost: 1
    add: (locale tofu moravia) (locale melon quebec)
    del: (locale tofu surrey) (locale melon oregon)
drink melon snickers oregon quebec moravia alsace kentucky :: cost: 1
    add: (locale snickers kentucky) (locale melon quebec)
    del: (locale snickers alsace) (locale melon oregon)
drink melon popover oregon quebec moravia quebec oregon :: cost: 1
    add: (locale popover oregon) (locale melon quebec)
    del: (locale melon oregon) (locale popover quebec)
drink melon lamb oregon quebec moravia moravia quebec :: cost: 1
    add: (locale lamb quebec) (locale melon quebec)
    del: (locale lamb moravia) (locale melon oregon)
drink melon potato oregon quebec moravia quebec oregon :: cost: 1
    add: (locale potato oregon) (locale melon quebec)
    del: (locale potato quebec) (locale melon oregon)
drink melon beef oregon quebec moravia moravia quebec :: cost: 1
    add: (locale beef quebec) (locale melon quebec)
    del: (locale beef moravia) (locale melon oregon)
drink melon bacon oregon quebec moravia alsace kentucky :: cost: 1
    add: (locale bacon kentucky) (locale melon quebec)
    del: (locale bacon alsace) (locale melon oregon)
drink melon orange oregon quebec moravia quebec oregon :: cost: 1
    add: (locale orange oregon) (locale melon quebec)
    del: (locale orange quebec) (locale melon oregon)
drink melon ham oregon quebec moravia alsace kentucky :: cost: 1
    add: (locale ham kentucky) (locale melon quebec)
    del: (locale ham alsace) (locale melon oregon)
drink melon kale oregon quebec moravia quebec oregon :: cost: 1
    add: (locale kale oregon) (locale melon quebec)
    del: (locale kale quebec) (locale melon oregon)
drink melon pepper oregon quebec moravia oregon alsace :: cost: 1
    add: (locale pepper alsace) (locale melon quebec)
    del: (locale pepper oregon) (locale melon oregon)
drink melon hamburger oregon quebec moravia quebec oregon :: cost: 1
    add: (locale hamburger oregon) (locale melon quebec)
    del: (locale hamburger quebec) (locale melon oregon)
drink melon cantelope oregon quebec moravia quebec oregon :: cost: 1
    add: (locale cantelope oregon) (locale melon quebec)
    del: (locale cantelope quebec) (locale melon oregon)
drink melon flounder oregon quebec moravia moravia quebec :: cost: 1
    add: (locale flounder quebec) (locale melon quebec)
    del: (locale flounder moravia) (locale melon oregon)
drink melon grapefruit oregon quebec moravia oregon alsace :: cost: 1
    add: (locale grapefruit alsace) (locale melon quebec)
    del: (locale grapefruit oregon) (locale melon oregon)
drink melon wurst oregon quebec moravia alsace kentucky :: cost: 1
    add: (locale wurst kentucky) (locale melon quebec)
    del: (locale wurst alsace) (locale melon oregon)
drink melon arugula oregon quebec moravia moravia quebec :: cost: 1
    add: (locale arugula quebec) (locale melon quebec)
    del: (locale arugula moravia) (locale melon oregon)
drink pork tofu kentucky alsace oregon surrey moravia :: cost: 1
    add: (locale pork alsace) (locale tofu moravia)
    del: (locale tofu surrey) (locale pork kentucky)
drink pork snickers kentucky alsace oregon alsace kentucky :: cost: 1
    add: (locale pork alsace) (locale snickers kentucky)
    del: (locale snickers alsace) (locale pork kentucky)
drink pork popover kentucky alsace oregon quebec oregon :: cost: 1
    add: (locale popover oregon) (locale pork alsace)
    del: (locale pork kentucky) (locale popover quebec)
drink pork lamb kentucky alsace oregon moravia quebec :: cost: 1
    add: (locale pork alsace) (locale lamb quebec)
    del: (locale pork kentucky) (locale lamb moravia)
drink pork potato kentucky alsace oregon quebec oregon :: cost: 1
    add: (locale pork alsace) (locale potato oregon)
    del: (locale potato quebec) (locale pork kentucky)
drink pork melon kentucky alsace oregon oregon alsace :: cost: 1
    add: (locale melon alsace) (locale pork alsace)
    del: (locale pork kentucky) (locale melon oregon)
drink pork beef kentucky alsace oregon moravia quebec :: cost: 1
    add: (locale pork alsace) (locale beef quebec)
    del: (locale pork kentucky) (locale beef moravia)
drink pork bacon kentucky alsace oregon alsace kentucky :: cost: 1
    add: (locale pork alsace) (locale bacon kentucky)
    del: (locale pork kentucky) (locale bacon alsace)
drink pork orange kentucky alsace oregon quebec oregon :: cost: 1
    add: (locale pork alsace) (locale orange oregon)
    del: (locale orange quebec) (locale pork kentucky)
drink pork ham kentucky alsace oregon alsace kentucky :: cost: 1
    add: (locale pork alsace) (locale ham kentucky)
    del: (locale ham alsace) (locale pork kentucky)
drink pork kale kentucky alsace oregon quebec oregon :: cost: 1
    add: (locale pork alsace) (locale kale oregon)
    del: (locale kale quebec) (locale pork kentucky)
drink pork pepper kentucky alsace oregon oregon alsace :: cost: 1
    add: (locale pork alsace) (locale pepper alsace)
    del: (locale pork kentucky) (locale pepper oregon)
drink pork hamburger kentucky alsace oregon quebec oregon :: cost: 1
    add: (locale pork alsace) (locale hamburger oregon)
    del: (locale hamburger quebec) (locale pork kentucky)
drink pork cantelope kentucky alsace oregon quebec oregon :: cost: 1
    add: (locale pork alsace) (locale cantelope oregon)
    del: (locale pork kentucky) (locale cantelope quebec)
drink pork flounder kentucky alsace oregon moravia quebec :: cost: 1
    add: (locale pork alsace) (locale flounder quebec)
    del: (locale pork kentucky) (locale flounder moravia)
drink pork grapefruit kentucky alsace oregon oregon alsace :: cost: 1
    add: (locale pork alsace) (locale grapefruit alsace)
    del: (locale grapefruit oregon) (locale pork kentucky)
drink pork wurst kentucky alsace oregon alsace kentucky :: cost: 1
    add: (locale pork alsace) (locale wurst kentucky)
    del: (locale pork kentucky) (locale wurst alsace)
drink pork arugula kentucky alsace oregon moravia quebec :: cost: 1
    add: (locale pork alsace) (locale arugula quebec)
    del: (locale pork kentucky) (locale arugula moravia)
drink bacon tofu alsace oregon quebec surrey moravia :: cost: 1
    add: (locale tofu moravia) (locale bacon oregon)
    del: (locale tofu surrey) (locale bacon alsace)
drink bacon snickers alsace oregon quebec alsace kentucky :: cost: 1
    add: (locale snickers kentucky) (locale bacon oregon)
    del: (locale snickers alsace) (locale bacon alsace)
drink bacon popover alsace oregon quebec quebec oregon :: cost: 1
    add: (locale popover oregon) (locale bacon oregon)
    del: (locale bacon alsace) (locale popover quebec)
drink bacon lamb alsace oregon quebec moravia quebec :: cost: 1
    add: (locale lamb quebec) (locale bacon oregon)
    del: (locale bacon alsace) (locale lamb moravia)
drink bacon potato alsace oregon quebec quebec oregon :: cost: 1
    add: (locale potato oregon) (locale bacon oregon)
    del: (locale potato quebec) (locale bacon alsace)
drink bacon melon alsace oregon quebec oregon alsace :: cost: 1
    add: (locale melon alsace) (locale bacon oregon)
    del: (locale bacon alsace) (locale melon oregon)
drink bacon beef alsace oregon quebec moravia quebec :: cost: 1
    add: (locale beef quebec) (locale bacon oregon)
    del: (locale beef moravia) (locale bacon alsace)
drink bacon orange alsace oregon quebec quebec oregon :: cost: 1
    add: (locale orange oregon) (locale bacon oregon)
    del: (locale orange quebec) (locale bacon alsace)
drink bacon ham alsace oregon quebec alsace kentucky :: cost: 1
    add: (locale ham kentucky) (locale bacon oregon)
    del: (locale ham alsace) (locale bacon alsace)
drink bacon kale alsace oregon quebec quebec oregon :: cost: 1
    add: (locale kale oregon) (locale bacon oregon)
    del: (locale kale quebec) (locale bacon alsace)
drink bacon pepper alsace oregon quebec oregon alsace :: cost: 1
    add: (locale pepper alsace) (locale bacon oregon)
    del: (locale bacon alsace) (locale pepper oregon)
drink bacon hamburger alsace oregon quebec quebec oregon :: cost: 1
    add: (locale hamburger oregon) (locale bacon oregon)
    del: (locale hamburger quebec) (locale bacon alsace)
drink bacon cantelope alsace oregon quebec quebec oregon :: cost: 1
    add: (locale cantelope oregon) (locale bacon oregon)
    del: (locale bacon alsace) (locale cantelope quebec)
drink bacon flounder alsace oregon quebec moravia quebec :: cost: 1
    add: (locale flounder quebec) (locale bacon oregon)
    del: (locale bacon alsace) (locale flounder moravia)
drink bacon grapefruit alsace oregon quebec oregon alsace :: cost: 1
    add: (locale grapefruit alsace) (locale bacon oregon)
    del: (locale grapefruit oregon) (locale bacon alsace)
drink bacon wurst alsace oregon quebec alsace kentucky :: cost: 1
    add: (locale wurst kentucky) (locale bacon oregon)
    del: (locale bacon alsace) (locale wurst alsace)
drink bacon arugula alsace oregon quebec moravia quebec :: cost: 1
    add: (locale arugula quebec) (locale bacon oregon)
    del: (locale bacon alsace) (locale arugula moravia)
drink orange tofu quebec moravia surrey surrey moravia :: cost: 1
    add: (locale orange moravia) (locale tofu moravia)
    del: (locale tofu surrey) (locale orange quebec)
drink orange snickers quebec moravia surrey alsace kentucky :: cost: 1
    add: (locale orange moravia) (locale snickers kentucky)
    del: (locale orange quebec) (locale snickers alsace)
drink orange popover quebec moravia surrey quebec oregon :: cost: 1
    add: (locale popover oregon) (locale orange moravia)
    del: (locale orange quebec) (locale popover quebec)
drink orange lamb quebec moravia surrey moravia quebec :: cost: 1
    add: (locale orange moravia) (locale lamb quebec)
    del: (locale orange quebec) (locale lamb moravia)
drink orange potato quebec moravia surrey quebec oregon :: cost: 1
    add: (locale orange moravia) (locale potato oregon)
    del: (locale potato quebec) (locale orange quebec)
drink orange melon quebec moravia surrey oregon alsace :: cost: 1
    add: (locale melon alsace) (locale orange moravia)
    del: (locale orange quebec) (locale melon oregon)
drink orange beef quebec moravia surrey moravia quebec :: cost: 1
    add: (locale orange moravia) (locale beef quebec)
    del: (locale orange quebec) (locale beef moravia)
drink orange bacon quebec moravia surrey alsace kentucky :: cost: 1
    add: (locale orange moravia) (locale bacon kentucky)
    del: (locale orange quebec) (locale bacon alsace)
drink orange ham quebec moravia surrey alsace kentucky :: cost: 1
    add: (locale orange moravia) (locale ham kentucky)
    del: (locale ham alsace) (locale orange quebec)
drink orange kale quebec moravia surrey quebec oregon :: cost: 1
    add: (locale orange moravia) (locale kale oregon)
    del: (locale kale quebec) (locale orange quebec)
drink orange pepper quebec moravia surrey oregon alsace :: cost: 1
    add: (locale orange moravia) (locale pepper alsace)
    del: (locale orange quebec) (locale pepper oregon)
drink orange hamburger quebec moravia surrey quebec oregon :: cost: 1
    add: (locale orange moravia) (locale hamburger oregon)
    del: (locale orange quebec) (locale hamburger quebec)
drink orange cantelope quebec moravia surrey quebec oregon :: cost: 1
    add: (locale orange moravia) (locale cantelope oregon)
    del: (locale orange quebec) (locale cantelope quebec)
drink orange flounder quebec moravia surrey moravia quebec :: cost: 1
    add: (locale orange moravia) (locale flounder quebec)
    del: (locale orange quebec) (locale flounder moravia)
drink orange grapefruit quebec moravia surrey oregon alsace :: cost: 1
    add: (locale orange moravia) (locale grapefruit alsace)
    del: (locale grapefruit oregon) (locale orange quebec)
drink orange wurst quebec moravia surrey alsace kentucky :: cost: 1
    add: (locale orange moravia) (locale wurst kentucky)
    del: (locale orange quebec) (locale wurst alsace)
drink orange arugula quebec moravia surrey moravia quebec :: cost: 1
    add: (locale orange moravia) (locale arugula quebec)
    del: (locale orange quebec) (locale arugula moravia)
drink ham tofu alsace oregon quebec surrey moravia :: cost: 1
    add: (locale ham oregon) (locale tofu moravia)
    del: (locale ham alsace) (locale tofu surrey)
drink ham snickers alsace oregon quebec alsace kentucky :: cost: 1
    add: (locale ham oregon) (locale snickers kentucky)
    del: (locale ham alsace) (locale snickers alsace)
drink ham popover alsace oregon quebec quebec oregon :: cost: 1
    add: (locale popover oregon) (locale ham oregon)
    del: (locale ham alsace) (locale popover quebec)
drink ham lamb alsace oregon quebec moravia quebec :: cost: 1
    add: (locale ham oregon) (locale lamb quebec)
    del: (locale ham alsace) (locale lamb moravia)
drink ham potato alsace oregon quebec quebec oregon :: cost: 1
    add: (locale ham oregon) (locale potato oregon)
    del: (locale ham alsace) (locale potato quebec)
drink ham melon alsace oregon quebec oregon alsace :: cost: 1
    add: (locale melon alsace) (locale ham oregon)
    del: (locale ham alsace) (locale melon oregon)
drink ham beef alsace oregon quebec moravia quebec :: cost: 1
    add: (locale ham oregon) (locale beef quebec)
    del: (locale ham alsace) (locale beef moravia)
drink ham bacon alsace oregon quebec alsace kentucky :: cost: 1
    add: (locale ham oregon) (locale bacon kentucky)
    del: (locale ham alsace) (locale bacon alsace)
drink ham orange alsace oregon quebec quebec oregon :: cost: 1
    add: (locale ham oregon) (locale orange oregon)
    del: (locale ham alsace) (locale orange quebec)
drink ham kale alsace oregon quebec quebec oregon :: cost: 1
    add: (locale ham oregon) (locale kale oregon)
    del: (locale kale quebec) (locale ham alsace)
drink ham pepper alsace oregon quebec oregon alsace :: cost: 1
    add: (locale ham oregon) (locale pepper alsace)
    del: (locale ham alsace) (locale pepper oregon)
drink ham hamburger alsace oregon quebec quebec oregon :: cost: 1
    add: (locale ham oregon) (locale hamburger oregon)
    del: (locale ham alsace) (locale hamburger quebec)
drink ham cantelope alsace oregon quebec quebec oregon :: cost: 1
    add: (locale ham oregon) (locale cantelope oregon)
    del: (locale ham alsace) (locale cantelope quebec)
drink ham flounder alsace oregon quebec moravia quebec :: cost: 1
    add: (locale ham oregon) (locale flounder quebec)
    del: (locale ham alsace) (locale flounder moravia)
drink ham grapefruit alsace oregon quebec oregon alsace :: cost: 1
    add: (locale ham oregon) (locale grapefruit alsace)
    del: (locale ham alsace) (locale grapefruit oregon)
drink ham wurst alsace oregon quebec alsace kentucky :: cost: 1
    add: (locale ham oregon) (locale wurst kentucky)
    del: (locale ham alsace) (locale wurst alsace)
drink ham arugula alsace oregon quebec moravia quebec :: cost: 1
    add: (locale ham oregon) (locale arugula quebec)
    del: (locale ham alsace) (locale arugula moravia)
drink kale tofu quebec moravia surrey surrey moravia :: cost: 1
    add: (locale tofu moravia) (locale kale moravia)
    del: (locale kale quebec) (locale tofu surrey)
drink kale snickers quebec moravia surrey alsace kentucky :: cost: 1
    add: (locale snickers kentucky) (locale kale moravia)
    del: (locale kale quebec) (locale snickers alsace)
drink kale popover quebec moravia surrey quebec oregon :: cost: 1
    add: (locale popover oregon) (locale kale moravia)
    del: (locale kale quebec) (locale popover quebec)
drink kale lamb quebec moravia surrey moravia quebec :: cost: 1
    add: (locale lamb quebec) (locale kale moravia)
    del: (locale kale quebec) (locale lamb moravia)
drink kale potato quebec moravia surrey quebec oregon :: cost: 1
    add: (locale potato oregon) (locale kale moravia)
    del: (locale kale quebec) (locale potato quebec)
drink kale melon quebec moravia surrey oregon alsace :: cost: 1
    add: (locale melon alsace) (locale kale moravia)
    del: (locale kale quebec) (locale melon oregon)
drink kale beef quebec moravia surrey moravia quebec :: cost: 1
    add: (locale beef quebec) (locale kale moravia)
    del: (locale kale quebec) (locale beef moravia)
drink kale bacon quebec moravia surrey alsace kentucky :: cost: 1
    add: (locale bacon kentucky) (locale kale moravia)
    del: (locale kale quebec) (locale bacon alsace)
drink kale orange quebec moravia surrey quebec oregon :: cost: 1
    add: (locale orange oregon) (locale kale moravia)
    del: (locale kale quebec) (locale orange quebec)
drink kale ham quebec moravia surrey alsace kentucky :: cost: 1
    add: (locale ham kentucky) (locale kale moravia)
    del: (locale kale quebec) (locale ham alsace)
drink kale pepper quebec moravia surrey oregon alsace :: cost: 1
    add: (locale pepper alsace) (locale kale moravia)
    del: (locale kale quebec) (locale pepper oregon)
drink kale hamburger quebec moravia surrey quebec oregon :: cost: 1
    add: (locale hamburger oregon) (locale kale moravia)
    del: (locale kale quebec) (locale hamburger quebec)
drink kale cantelope quebec moravia surrey quebec oregon :: cost: 1
    add: (locale cantelope oregon) (locale kale moravia)
    del: (locale kale quebec) (locale cantelope quebec)
drink kale flounder quebec moravia surrey moravia quebec :: cost: 1
    add: (locale flounder quebec) (locale kale moravia)
    del: (locale kale quebec) (locale flounder moravia)
drink kale grapefruit quebec moravia surrey oregon alsace :: cost: 1
    add: (locale grapefruit alsace) (locale kale moravia)
    del: (locale kale quebec) (locale grapefruit oregon)
drink kale wurst quebec moravia surrey alsace kentucky :: cost: 1
    add: (locale wurst kentucky) (locale kale moravia)
    del: (locale kale quebec) (locale wurst alsace)
drink kale arugula quebec moravia surrey moravia quebec :: cost: 1
    add: (locale arugula quebec) (locale kale moravia)
    del: (locale kale quebec) (locale arugula moravia)
drink pepper tofu oregon quebec moravia surrey moravia :: cost: 1
    add: (locale pepper quebec) (locale tofu moravia)
    del: (locale tofu surrey) (locale pepper oregon)
drink pepper snickers oregon quebec moravia alsace kentucky :: cost: 1
    add: (locale pepper quebec) (locale snickers kentucky)
    del: (locale snickers alsace) (locale pepper oregon)
drink pepper popover oregon quebec moravia quebec oregon :: cost: 1
    add: (locale popover oregon) (locale pepper quebec)
    del: (locale pepper oregon) (locale popover quebec)
drink pepper lamb oregon quebec moravia moravia quebec :: cost: 1
    add: (locale pepper quebec) (locale lamb quebec)
    del: (locale pepper oregon) (locale lamb moravia)
drink pepper potato oregon quebec moravia quebec oregon :: cost: 1
    add: (locale pepper quebec) (locale potato oregon)
    del: (locale potato quebec) (locale pepper oregon)
drink pepper melon oregon quebec moravia oregon alsace :: cost: 1
    add: (locale melon alsace) (locale pepper quebec)
    del: (locale pepper oregon) (locale melon oregon)
drink pepper beef oregon quebec moravia moravia quebec :: cost: 1
    add: (locale pepper quebec) (locale beef quebec)
    del: (locale beef moravia) (locale pepper oregon)
drink pepper bacon oregon quebec moravia alsace kentucky :: cost: 1
    add: (locale pepper quebec) (locale bacon kentucky)
    del: (locale bacon alsace) (locale pepper oregon)
drink pepper orange oregon quebec moravia quebec oregon :: cost: 1
    add: (locale pepper quebec) (locale orange oregon)
    del: (locale orange quebec) (locale pepper oregon)
drink pepper ham oregon quebec moravia alsace kentucky :: cost: 1
    add: (locale pepper quebec) (locale ham kentucky)
    del: (locale ham alsace) (locale pepper oregon)
drink pepper kale oregon quebec moravia quebec oregon :: cost: 1
    add: (locale pepper quebec) (locale kale oregon)
    del: (locale kale quebec) (locale pepper oregon)
drink pepper hamburger oregon quebec moravia quebec oregon :: cost: 1
    add: (locale pepper quebec) (locale hamburger oregon)
    del: (locale hamburger quebec) (locale pepper oregon)
drink pepper cantelope oregon quebec moravia quebec oregon :: cost: 1
    add: (locale pepper quebec) (locale cantelope oregon)
    del: (locale cantelope quebec) (locale pepper oregon)
drink pepper flounder oregon quebec moravia moravia quebec :: cost: 1
    add: (locale pepper quebec) (locale flounder quebec)
    del: (locale flounder moravia) (locale pepper oregon)
drink pepper grapefruit oregon quebec moravia oregon alsace :: cost: 1
    add: (locale pepper quebec) (locale grapefruit alsace)
    del: (locale grapefruit oregon) (locale pepper oregon)
drink pepper wurst oregon quebec moravia alsace kentucky :: cost: 1
    add: (locale pepper quebec) (locale wurst kentucky)
    del: (locale wurst alsace) (locale pepper oregon)
drink pepper arugula oregon quebec moravia moravia quebec :: cost: 1
    add: (locale pepper quebec) (locale arugula quebec)
    del: (locale arugula moravia) (locale pepper oregon)
drink hamburger tofu quebec moravia surrey surrey moravia :: cost: 1
    add: (locale tofu moravia) (locale hamburger moravia)
    del: (locale tofu surrey) (locale hamburger quebec)
drink hamburger snickers quebec moravia surrey alsace kentucky :: cost: 1
    add: (locale snickers kentucky) (locale hamburger moravia)
    del: (locale hamburger quebec) (locale snickers alsace)
drink hamburger popover quebec moravia surrey quebec oregon :: cost: 1
    add: (locale popover oregon) (locale hamburger moravia)
    del: (locale hamburger quebec) (locale popover quebec)
drink hamburger lamb quebec moravia surrey moravia quebec :: cost: 1
    add: (locale lamb quebec) (locale hamburger moravia)
    del: (locale hamburger quebec) (locale lamb moravia)
drink hamburger potato quebec moravia surrey quebec oregon :: cost: 1
    add: (locale potato oregon) (locale hamburger moravia)
    del: (locale potato quebec) (locale hamburger quebec)
drink hamburger melon quebec moravia surrey oregon alsace :: cost: 1
    add: (locale melon alsace) (locale hamburger moravia)
    del: (locale hamburger quebec) (locale melon oregon)
drink hamburger beef quebec moravia surrey moravia quebec :: cost: 1
    add: (locale beef quebec) (locale hamburger moravia)
    del: (locale hamburger quebec) (locale beef moravia)
drink hamburger bacon quebec moravia surrey alsace kentucky :: cost: 1
    add: (locale bacon kentucky) (locale hamburger moravia)
    del: (locale hamburger quebec) (locale bacon alsace)
drink hamburger orange quebec moravia surrey quebec oregon :: cost: 1
    add: (locale orange oregon) (locale hamburger moravia)
    del: (locale orange quebec) (locale hamburger quebec)
drink hamburger ham quebec moravia surrey alsace kentucky :: cost: 1
    add: (locale ham kentucky) (locale hamburger moravia)
    del: (locale ham alsace) (locale hamburger quebec)
drink hamburger kale quebec moravia surrey quebec oregon :: cost: 1
    add: (locale kale oregon) (locale hamburger moravia)
    del: (locale kale quebec) (locale hamburger quebec)
drink hamburger pepper quebec moravia surrey oregon alsace :: cost: 1
    add: (locale pepper alsace) (locale hamburger moravia)
    del: (locale hamburger quebec) (locale pepper oregon)
drink hamburger cantelope quebec moravia surrey quebec oregon :: cost: 1
    add: (locale cantelope oregon) (locale hamburger moravia)
    del: (locale hamburger quebec) (locale cantelope quebec)
drink hamburger flounder quebec moravia surrey moravia quebec :: cost: 1
    add: (locale flounder quebec) (locale hamburger moravia)
    del: (locale hamburger quebec) (locale flounder moravia)
drink hamburger grapefruit quebec moravia surrey oregon alsace :: cost: 1
    add: (locale grapefruit alsace) (locale hamburger moravia)
    del: (locale grapefruit oregon) (locale hamburger quebec)
drink hamburger wurst quebec moravia surrey alsace kentucky :: cost: 1
    add: (locale wurst kentucky) (locale hamburger moravia)
    del: (locale hamburger quebec) (locale wurst alsace)
drink hamburger arugula quebec moravia surrey moravia quebec :: cost: 1
    add: (locale arugula quebec) (locale hamburger moravia)
    del: (locale hamburger quebec) (locale arugula moravia)
drink cantelope tofu quebec moravia surrey surrey moravia :: cost: 1
    add: (locale tofu moravia) (locale cantelope moravia)
    del: (locale tofu surrey) (locale cantelope quebec)
drink cantelope snickers quebec moravia surrey alsace kentucky :: cost: 1
    add: (locale snickers kentucky) (locale cantelope moravia)
    del: (locale snickers alsace) (locale cantelope quebec)
drink cantelope popover quebec moravia surrey quebec oregon :: cost: 1
    add: (locale popover oregon) (locale cantelope moravia)
    del: (locale cantelope quebec) (locale popover quebec)
drink cantelope lamb quebec moravia surrey moravia quebec :: cost: 1
    add: (locale lamb quebec) (locale cantelope moravia)
    del: (locale cantelope quebec) (locale lamb moravia)
drink cantelope potato quebec moravia surrey quebec oregon :: cost: 1
    add: (locale potato oregon) (locale cantelope moravia)
    del: (locale potato quebec) (locale cantelope quebec)
drink cantelope melon quebec moravia surrey oregon alsace :: cost: 1
    add: (locale melon alsace) (locale cantelope moravia)
    del: (locale cantelope quebec) (locale melon oregon)
drink cantelope beef quebec moravia surrey moravia quebec :: cost: 1
    add: (locale beef quebec) (locale cantelope moravia)
    del: (locale beef moravia) (locale cantelope quebec)
drink cantelope bacon quebec moravia surrey alsace kentucky :: cost: 1
    add: (locale bacon kentucky) (locale cantelope moravia)
    del: (locale bacon alsace) (locale cantelope quebec)
drink cantelope orange quebec moravia surrey quebec oregon :: cost: 1
    add: (locale orange oregon) (locale cantelope moravia)
    del: (locale orange quebec) (locale cantelope quebec)
drink cantelope ham quebec moravia surrey alsace kentucky :: cost: 1
    add: (locale ham kentucky) (locale cantelope moravia)
    del: (locale ham alsace) (locale cantelope quebec)
drink cantelope kale quebec moravia surrey quebec oregon :: cost: 1
    add: (locale kale oregon) (locale cantelope moravia)
    del: (locale kale quebec) (locale cantelope quebec)
drink cantelope pepper quebec moravia surrey oregon alsace :: cost: 1
    add: (locale pepper alsace) (locale cantelope moravia)
    del: (locale cantelope quebec) (locale pepper oregon)
drink cantelope hamburger quebec moravia surrey quebec oregon :: cost: 1
    add: (locale hamburger oregon) (locale cantelope moravia)
    del: (locale hamburger quebec) (locale cantelope quebec)
drink cantelope flounder quebec moravia surrey moravia quebec :: cost: 1
    add: (locale flounder quebec) (locale cantelope moravia)
    del: (locale cantelope quebec) (locale flounder moravia)
drink cantelope grapefruit quebec moravia surrey oregon alsace :: cost: 1
    add: (locale grapefruit alsace) (locale cantelope moravia)
    del: (locale grapefruit oregon) (locale cantelope quebec)
drink cantelope wurst quebec moravia surrey alsace kentucky :: cost: 1
    add: (locale wurst kentucky) (locale cantelope moravia)
    del: (locale cantelope quebec) (locale wurst alsace)
drink cantelope arugula quebec moravia surrey moravia quebec :: cost: 1
    add: (locale arugula quebec) (locale cantelope moravia)
    del: (locale cantelope quebec) (locale arugula moravia)
drink grapefruit tofu oregon quebec moravia surrey moravia :: cost: 1
    add: (locale grapefruit quebec) (locale tofu moravia)
    del: (locale grapefruit oregon) (locale tofu surrey)
drink grapefruit snickers oregon quebec moravia alsace kentucky :: cost: 1
    add: (locale grapefruit quebec) (locale snickers kentucky)
    del: (locale grapefruit oregon) (locale snickers alsace)
drink grapefruit popover oregon quebec moravia quebec oregon :: cost: 1
    add: (locale popover oregon) (locale grapefruit quebec)
    del: (locale grapefruit oregon) (locale popover quebec)
drink grapefruit lamb oregon quebec moravia moravia quebec :: cost: 1
    add: (locale grapefruit quebec) (locale lamb quebec)
    del: (locale grapefruit oregon) (locale lamb moravia)
drink grapefruit potato oregon quebec moravia quebec oregon :: cost: 1
    add: (locale grapefruit quebec) (locale potato oregon)
    del: (locale potato quebec) (locale grapefruit oregon)
drink grapefruit melon oregon quebec moravia oregon alsace :: cost: 1
    add: (locale melon alsace) (locale grapefruit quebec)
    del: (locale grapefruit oregon) (locale melon oregon)
drink grapefruit beef oregon quebec moravia moravia quebec :: cost: 1
    add: (locale grapefruit quebec) (locale beef quebec)
    del: (locale grapefruit oregon) (locale beef moravia)
drink grapefruit bacon oregon quebec moravia alsace kentucky :: cost: 1
    add: (locale grapefruit quebec) (locale bacon kentucky)
    del: (locale grapefruit oregon) (locale bacon alsace)
drink grapefruit orange oregon quebec moravia quebec oregon :: cost: 1
    add: (locale grapefruit quebec) (locale orange oregon)
    del: (locale grapefruit oregon) (locale orange quebec)
drink grapefruit ham oregon quebec moravia alsace kentucky :: cost: 1
    add: (locale grapefruit quebec) (locale ham kentucky)
    del: (locale ham alsace) (locale grapefruit oregon)
drink grapefruit kale oregon quebec moravia quebec oregon :: cost: 1
    add: (locale grapefruit quebec) (locale kale oregon)
    del: (locale kale quebec) (locale grapefruit oregon)
drink grapefruit pepper oregon quebec moravia oregon alsace :: cost: 1
    add: (locale grapefruit quebec) (locale pepper alsace)
    del: (locale grapefruit oregon) (locale pepper oregon)
drink grapefruit hamburger oregon quebec moravia quebec oregon :: cost: 1
    add: (locale grapefruit quebec) (locale hamburger oregon)
    del: (locale grapefruit oregon) (locale hamburger quebec)
drink grapefruit cantelope oregon quebec moravia quebec oregon :: cost: 1
    add: (locale grapefruit quebec) (locale cantelope oregon)
    del: (locale grapefruit oregon) (locale cantelope quebec)
drink grapefruit flounder oregon quebec moravia moravia quebec :: cost: 1
    add: (locale grapefruit quebec) (locale flounder quebec)
    del: (locale grapefruit oregon) (locale flounder moravia)
drink grapefruit wurst oregon quebec moravia alsace kentucky :: cost: 1
    add: (locale grapefruit quebec) (locale wurst kentucky)
    del: (locale grapefruit oregon) (locale wurst alsace)
drink grapefruit arugula oregon quebec moravia moravia quebec :: cost: 1
    add: (locale grapefruit quebec) (locale arugula quebec)
    del: (locale grapefruit oregon) (locale arugula moravia)
drink wurst tofu alsace oregon quebec surrey moravia :: cost: 1
    add: (locale tofu moravia) (locale wurst oregon)
    del: (locale tofu surrey) (locale wurst alsace)
drink wurst snickers alsace oregon quebec alsace kentucky :: cost: 1
    add: (locale snickers kentucky) (locale wurst oregon)
    del: (locale snickers alsace) (locale wurst alsace)
drink wurst popover alsace oregon quebec quebec oregon :: cost: 1
    add: (locale popover oregon) (locale wurst oregon)
    del: (locale wurst alsace) (locale popover quebec)
drink wurst lamb alsace oregon quebec moravia quebec :: cost: 1
    add: (locale lamb quebec) (locale wurst oregon)
    del: (locale wurst alsace) (locale lamb moravia)
drink wurst potato alsace oregon quebec quebec oregon :: cost: 1
    add: (locale potato oregon) (locale wurst oregon)
    del: (locale potato quebec) (locale wurst alsace)
drink wurst melon alsace oregon quebec oregon alsace :: cost: 1
    add: (locale melon alsace) (locale wurst oregon)
    del: (locale wurst alsace) (locale melon oregon)
drink wurst beef alsace oregon quebec moravia quebec :: cost: 1
    add: (locale beef quebec) (locale wurst oregon)
    del: (locale beef moravia) (locale wurst alsace)
drink wurst bacon alsace oregon quebec alsace kentucky :: cost: 1
    add: (locale bacon kentucky) (locale wurst oregon)
    del: (locale bacon alsace) (locale wurst alsace)
drink wurst orange alsace oregon quebec quebec oregon :: cost: 1
    add: (locale orange oregon) (locale wurst oregon)
    del: (locale orange quebec) (locale wurst alsace)
drink wurst ham alsace oregon quebec alsace kentucky :: cost: 1
    add: (locale ham kentucky) (locale wurst oregon)
    del: (locale ham alsace) (locale wurst alsace)
drink wurst kale alsace oregon quebec quebec oregon :: cost: 1
    add: (locale kale oregon) (locale wurst oregon)
    del: (locale kale quebec) (locale wurst alsace)
drink wurst pepper alsace oregon quebec oregon alsace :: cost: 1
    add: (locale pepper alsace) (locale wurst oregon)
    del: (locale wurst alsace) (locale pepper oregon)
drink wurst hamburger alsace oregon quebec quebec oregon :: cost: 1
    add: (locale hamburger oregon) (locale wurst oregon)
    del: (locale hamburger quebec) (locale wurst alsace)
drink wurst cantelope alsace oregon quebec quebec oregon :: cost: 1
    add: (locale cantelope oregon) (locale wurst oregon)
    del: (locale cantelope quebec) (locale wurst alsace)
drink wurst flounder alsace oregon quebec moravia quebec :: cost: 1
    add: (locale flounder quebec) (locale wurst oregon)
    del: (locale flounder moravia) (locale wurst alsace)
drink wurst grapefruit alsace oregon quebec oregon alsace :: cost: 1
    add: (locale grapefruit alsace) (locale wurst oregon)
    del: (locale grapefruit oregon) (locale wurst alsace)
drink wurst arugula alsace oregon quebec moravia quebec :: cost: 1
    add: (locale arugula quebec) (locale wurst oregon)
    del: (locale arugula moravia) (locale wurst alsace)
