Step 0 (at tray1 kitchen) (at tray2 kitchen) (at_kitchen_bread bread1) (at_kitchen_bread bread2) (at_kitchen_bread bread3) (at_kitchen_bread bread4) (at_kitchen_bread bread5) (at_kitchen_bread bread6) (at_kitchen_content content1) (at_kitchen_content content2) (at_kitchen_content content3) (at_kitchen_content content4) (at_kitchen_content content5) (at_kitchen_content content6) (notexist sandw1) (notexist sandw2) (notexist sandw3) (notexist sandw4) (notexist sandw5) (notexist sandw6) (notexist sandw7) (notexist sandw8)
size: 328
make_sandwich_no_gluten sandw1 bread1 content5 :: cost: 1
    add: (at_kitchen_sandwich sandw1) (no_gluten_sandwich sandw1)
    del: (at_kitchen_bread bread1) (at_kitchen_content content5) (notexist sandw1)
make_sandwich_no_gluten sandw1 bread1 content6 :: cost: 1
    add: (at_kitchen_sandwich sandw1) (no_gluten_sandwich sandw1)
    del: (at_kitchen_bread bread1) (at_kitchen_content content6) (notexist sandw1)
make_sandwich_no_gluten sandw1 bread4 content5 :: cost: 1
    add: (at_kitchen_sandwich sandw1) (no_gluten_sandwich sandw1)
    del: (at_kitchen_bread bread4) (at_kitchen_content content5) (notexist sandw1)
make_sandwich_no_gluten sandw1 bread4 content6 :: cost: 1
    add: (at_kitchen_sandwich sandw1) (no_gluten_sandwich sandw1)
    del: (at_kitchen_bread bread4) (at_kitchen_content content6) (notexist sandw1)
make_sandwich_no_gluten sandw2 bread1 content5 :: cost: 1
    add: (at_kitchen_sandwich sandw2) (no_gluten_sandwich sandw2)
    del: (at_kitchen_bread bread1) (at_kitchen_content content5) (notexist sandw2)
make_sandwich_no_gluten sandw2 bread1 content6 :: cost: 1
    add: (at_kitchen_sandwich sandw2) (no_gluten_sandwich sandw2)
    del: (at_kitchen_bread bread1) (at_kitchen_content content6) (notexist sandw2)
make_sandwich_no_gluten sandw2 bread4 content5 :: cost: 1
    add: (at_kitchen_sandwich sandw2) (no_gluten_sandwich sandw2)
    del: (at_kitchen_bread bread4) (at_kitchen_content content5) (notexist sandw2)
make_sandwich_no_gluten sandw2 bread4 content6 :: cost: 1
    add: (at_kitchen_sandwich sandw2) (no_gluten_sandwich sandw2)
    del: (at_kitchen_bread bread4) (at_kitchen_content content6) (notexist sandw2)
make_sandwich_no_gluten sandw3 bread1 content5 :: cost: 1
    add: (at_kitchen_sandwich sandw3) (no_gluten_sandwich sandw3)
    del: (at_kitchen_bread bread1) (at_kitchen_content content5) (notexist sandw3)
make_sandwich_no_gluten sandw3 bread1 content6 :: cost: 1
    add: (at_kitchen_sandwich sandw3) (no_gluten_sandwich sandw3)
    del: (at_kitchen_bread bread1) (at_kitchen_content content6) (notexist sandw3)
make_sandwich_no_gluten sandw3 bread4 content5 :: cost: 1
    add: (at_kitchen_sandwich sandw3) (no_gluten_sandwich sandw3)
    del: (at_kitchen_bread bread4) (at_kitchen_content content5) (notexist sandw3)
make_sandwich_no_gluten sandw3 bread4 content6 :: cost: 1
    add: (at_kitchen_sandwich sandw3) (no_gluten_sandwich sandw3)
    del: (at_kitchen_bread bread4) (at_kitchen_content content6) (notexist sandw3)
make_sandwich_no_gluten sandw4 bread1 content5 :: cost: 1
    add: (at_kitchen_sandwich sandw4) (no_gluten_sandwich sandw4)
    del: (at_kitchen_bread bread1) (at_kitchen_content content5) (notexist sandw4)
make_sandwich_no_gluten sandw4 bread1 content6 :: cost: 1
    add: (at_kitchen_sandwich sandw4) (no_gluten_sandwich sandw4)
    del: (at_kitchen_bread bread1) (at_kitchen_content content6) (notexist sandw4)
make_sandwich_no_gluten sandw4 bread4 content5 :: cost: 1
    add: (at_kitchen_sandwich sandw4) (no_gluten_sandwich sandw4)
    del: (at_kitchen_bread bread4) (at_kitchen_content content5) (notexist sandw4)
make_sandwich_no_gluten sandw4 bread4 content6 :: cost: 1
    add: (at_kitchen_sandwich sandw4) (no_gluten_sandwich sandw4)
    del: (at_kitchen_bread bread4) (at_kitchen_content content6) (notexist sandw4)
make_sandwich_no_gluten sandw5 bread1 content5 :: cost: 1
    add: (at_kitchen_sandwich sandw5) (no_gluten_sandwich sandw5)
    del: (at_kitchen_bread bread1) (at_kitchen_content content5) (notexist sandw5)
make_sandwich_no_gluten sandw5 bread1 content6 :: cost: 1
    add: (at_kitchen_sandwich sandw5) (no_gluten_sandwich sandw5)
    del: (at_kitchen_bread bread1) (at_kitchen_content content6) (notexist sandw5)
make_sandwich_no_gluten sandw5 bread4 content5 :: cost: 1
    add: (at_kitchen_sandwich sandw5) (no_gluten_sandwich sandw5)
    del: (at_kitchen_bread bread4) (at_kitchen_content content5) (notexist sandw5)
make_sandwich_no_gluten sandw5 bread4 content6 :: cost: 1
    add: (at_kitchen_sandwich sandw5) (no_gluten_sandwich sandw5)
    del: (at_kitchen_bread bread4) (at_kitchen_content content6) (notexist sandw5)
make_sandwich_no_gluten sandw6 bread1 content5 :: cost: 1
    add: (at_kitchen_sandwich sandw6) (no_gluten_sandwich sandw6)
    del: (at_kitchen_bread bread1) (at_kitchen_content content5) (notexist sandw6)
make_sandwich_no_gluten sandw6 bread1 content6 :: cost: 1
    add: (at_kitchen_sandwich sandw6) (no_gluten_sandwich sandw6)
    del: (at_kitchen_bread bread1) (at_kitchen_content content6) (notexist sandw6)
make_sandwich_no_gluten sandw6 bread4 content5 :: cost: 1
    add: (at_kitchen_sandwich sandw6) (no_gluten_sandwich sandw6)
    del: (at_kitchen_bread bread4) (at_kitchen_content content5) (notexist sandw6)
make_sandwich_no_gluten sandw6 bread4 content6 :: cost: 1
    add: (at_kitchen_sandwich sandw6) (no_gluten_sandwich sandw6)
    del: (at_kitchen_bread bread4) (at_kitchen_content content6) (notexist sandw6)
make_sandwich_no_gluten sandw7 bread1 content5 :: cost: 1
    add: (at_kitchen_sandwich sandw7) (no_gluten_sandwich sandw7)
    del: (at_kitchen_bread bread1) (at_kitchen_content content5) (notexist sandw7)
make_sandwich_no_gluten sandw7 bread1 content6 :: cost: 1
    add: (at_kitchen_sandwich sandw7) (no_gluten_sandwich sandw7)
    del: (at_kitchen_bread bread1) (at_kitchen_content content6) (notexist sandw7)
make_sandwich_no_gluten sandw7 bread4 content5 :: cost: 1
    add: (at_kitchen_sandwich sandw7) (no_gluten_sandwich sandw7)
    del: (at_kitchen_bread bread4) (at_kitchen_content content5) (notexist sandw7)
make_sandwich_no_gluten sandw7 bread4 content6 :: cost: 1
    add: (at_kitchen_sandwich sandw7) (no_gluten_sandwich sandw7)
    del: (at_kitchen_bread bread4) (at_kitchen_content content6) (notexist sandw7)
make_sandwich_no_gluten sandw8 bread1 content5 :: cost: 1
    add: (at_kitchen_sandwich sandw8) (no_gluten_sandwich sandw8)
    del: (at_kitchen_bread bread1) (at_kitchen_content content5) (notexist sandw8)
make_sandwich_no_gluten sandw8 bread1 content6 :: cost: 1
    add: (at_kitchen_sandwich sandw8) (no_gluten_sandwich sandw8)
    del: (at_kitchen_bread bread1) (at_kitchen_content content6) (notexist sandw8)
make_sandwich_no_gluten sandw8 bread4 content5 :: cost: 1
    add: (at_kitchen_sandwich sandw8) (no_gluten_sandwich sandw8)
    del: (at_kitchen_bread bread4) (at_kitchen_content content5) (notexist sandw8)
make_sandwich_no_gluten sandw8 bread4 content6 :: cost: 1
    add: (at_kitchen_sandwich sandw8) (no_gluten_sandwich sandw8)
    del: (at_kitchen_bread bread4) (at_kitchen_content content6) (notexist sandw8)
make_sandwich sandw1 bread1 content1 :: cost: 1
    add: (at_kitchen_sandwich sandw1)
    del: (at_kitchen_bread bread1) (at_kitchen_content content1) (notexist sandw1)
make_sandwich sandw1 bread1 content2 :: cost: 1
    add: (at_kitchen_sandwich sandw1)
    del: (at_kitchen_bread bread1) (at_kitchen_content content2) (notexist sandw1)
make_sandwich sandw1 bread1 content3 :: cost: 1
    add: (at_kitchen_sandwich sandw1)
    del: (at_kitchen_bread bread1) (at_kitchen_content content3) (notexist sandw1)
make_sandwich sandw1 bread1 content4 :: cost: 1
    add: (at_kitchen_sandwich sandw1)
    del: (at_kitchen_bread bread1) (at_kitchen_content content4) (notexist sandw1)
make_sandwich sandw1 bread1 content5 :: cost: 1
    add: (at_kitchen_sandwich sandw1)
    del: (at_kitchen_bread bread1) (at_kitchen_content content5) (notexist sandw1)
make_sandwich sandw1 bread1 content6 :: cost: 1
    add: (at_kitchen_sandwich sandw1)
    del: (at_kitchen_bread bread1) (at_kitchen_content content6) (notexist sandw1)
make_sandwich sandw1 bread2 content1 :: cost: 1
    add: (at_kitchen_sandwich sandw1)
    del: (at_kitchen_bread bread2) (at_kitchen_content content1) (notexist sandw1)
make_sandwich sandw1 bread2 content2 :: cost: 1
    add: (at_kitchen_sandwich sandw1)
    del: (at_kitchen_bread bread2) (at_kitchen_content content2) (notexist sandw1)
make_sandwich sandw1 bread2 content3 :: cost: 1
    add: (at_kitchen_sandwich sandw1)
    del: (at_kitchen_bread bread2) (at_kitchen_content content3) (notexist sandw1)
make_sandwich sandw1 bread2 content4 :: cost: 1
    add: (at_kitchen_sandwich sandw1)
    del: (at_kitchen_bread bread2) (at_kitchen_content content4) (notexist sandw1)
make_sandwich sandw1 bread2 content5 :: cost: 1
    add: (at_kitchen_sandwich sandw1)
    del: (at_kitchen_bread bread2) (at_kitchen_content content5) (notexist sandw1)
make_sandwich sandw1 bread2 content6 :: cost: 1
    add: (at_kitchen_sandwich sandw1)
    del: (at_kitchen_bread bread2) (at_kitchen_content content6) (notexist sandw1)
make_sandwich sandw1 bread3 content1 :: cost: 1
    add: (at_kitchen_sandwich sandw1)
    del: (at_kitchen_bread bread3) (at_kitchen_content content1) (notexist sandw1)
make_sandwich sandw1 bread3 content2 :: cost: 1
    add: (at_kitchen_sandwich sandw1)
    del: (at_kitchen_bread bread3) (at_kitchen_content content2) (notexist sandw1)
make_sandwich sandw1 bread3 content3 :: cost: 1
    add: (at_kitchen_sandwich sandw1)
    del: (at_kitchen_bread bread3) (at_kitchen_content content3) (notexist sandw1)
make_sandwich sandw1 bread3 content4 :: cost: 1
    add: (at_kitchen_sandwich sandw1)
    del: (at_kitchen_bread bread3) (at_kitchen_content content4) (notexist sandw1)
make_sandwich sandw1 bread3 content5 :: cost: 1
    add: (at_kitchen_sandwich sandw1)
    del: (at_kitchen_bread bread3) (at_kitchen_content content5) (notexist sandw1)
make_sandwich sandw1 bread3 content6 :: cost: 1
    add: (at_kitchen_sandwich sandw1)
    del: (at_kitchen_bread bread3) (at_kitchen_content content6) (notexist sandw1)
make_sandwich sandw1 bread4 content1 :: cost: 1
    add: (at_kitchen_sandwich sandw1)
    del: (at_kitchen_bread bread4) (at_kitchen_content content1) (notexist sandw1)
make_sandwich sandw1 bread4 content2 :: cost: 1
    add: (at_kitchen_sandwich sandw1)
    del: (at_kitchen_bread bread4) (at_kitchen_content content2) (notexist sandw1)
make_sandwich sandw1 bread4 content3 :: cost: 1
    add: (at_kitchen_sandwich sandw1)
    del: (at_kitchen_bread bread4) (at_kitchen_content content3) (notexist sandw1)
make_sandwich sandw1 bread4 content4 :: cost: 1
    add: (at_kitchen_sandwich sandw1)
    del: (at_kitchen_bread bread4) (at_kitchen_content content4) (notexist sandw1)
make_sandwich sandw1 bread4 content5 :: cost: 1
    add: (at_kitchen_sandwich sandw1)
    del: (at_kitchen_bread bread4) (at_kitchen_content content5) (notexist sandw1)
make_sandwich sandw1 bread4 content6 :: cost: 1
    add: (at_kitchen_sandwich sandw1)
    del: (at_kitchen_bread bread4) (at_kitchen_content content6) (notexist sandw1)
make_sandwich sandw1 bread5 content1 :: cost: 1
    add: (at_kitchen_sandwich sandw1)
    del: (at_kitchen_bread bread5) (at_kitchen_content content1) (notexist sandw1)
make_sandwich sandw1 bread5 content2 :: cost: 1
    add: (at_kitchen_sandwich sandw1)
    del: (at_kitchen_bread bread5) (at_kitchen_content content2) (notexist sandw1)
make_sandwich sandw1 bread5 content3 :: cost: 1
    add: (at_kitchen_sandwich sandw1)
    del: (at_kitchen_bread bread5) (at_kitchen_content content3) (notexist sandw1)
make_sandwich sandw1 bread5 content4 :: cost: 1
    add: (at_kitchen_sandwich sandw1)
    del: (at_kitchen_bread bread5) (at_kitchen_content content4) (notexist sandw1)
make_sandwich sandw1 bread5 content5 :: cost: 1
    add: (at_kitchen_sandwich sandw1)
    del: (at_kitchen_bread bread5) (at_kitchen_content content5) (notexist sandw1)
make_sandwich sandw1 bread5 content6 :: cost: 1
    add: (at_kitchen_sandwich sandw1)
    del: (at_kitchen_bread bread5) (at_kitchen_content content6) (notexist sandw1)
make_sandwich sandw1 bread6 content1 :: cost: 1
    add: (at_kitchen_sandwich sandw1)
    del: (at_kitchen_bread bread6) (at_kitchen_content content1) (notexist sandw1)
make_sandwich sandw1 bread6 content2 :: cost: 1
    add: (at_kitchen_sandwich sandw1)
    del: (at_kitchen_bread bread6) (at_kitchen_content content2) (notexist sandw1)
make_sandwich sandw1 bread6 content3 :: cost: 1
    add: (at_kitchen_sandwich sandw1)
    del: (at_kitchen_bread bread6) (at_kitchen_content content3) (notexist sandw1)
make_sandwich sandw1 bread6 content4 :: cost: 1
    add: (at_kitchen_sandwich sandw1)
    del: (at_kitchen_bread bread6) (at_kitchen_content content4) (notexist sandw1)
make_sandwich sandw1 bread6 content5 :: cost: 1
    add: (at_kitchen_sandwich sandw1)
    del: (at_kitchen_bread bread6) (at_kitchen_content content5) (notexist sandw1)
make_sandwich sandw1 bread6 content6 :: cost: 1
    add: (at_kitchen_sandwich sandw1)
    del: (at_kitchen_bread bread6) (at_kitchen_content content6) (notexist sandw1)
make_sandwich sandw2 bread1 content1 :: cost: 1
    add: (at_kitchen_sandwich sandw2)
    del: (at_kitchen_bread bread1) (at_kitchen_content content1) (notexist sandw2)
make_sandwich sandw2 bread1 content2 :: cost: 1
    add: (at_kitchen_sandwich sandw2)
    del: (at_kitchen_bread bread1) (at_kitchen_content content2) (notexist sandw2)
make_sandwich sandw2 bread1 content3 :: cost: 1
    add: (at_kitchen_sandwich sandw2)
    del: (at_kitchen_bread bread1) (at_kitchen_content content3) (notexist sandw2)
make_sandwich sandw2 bread1 content4 :: cost: 1
    add: (at_kitchen_sandwich sandw2)
    del: (at_kitchen_bread bread1) (at_kitchen_content content4) (notexist sandw2)
make_sandwich sandw2 bread1 content5 :: cost: 1
    add: (at_kitchen_sandwich sandw2)
    del: (at_kitchen_bread bread1) (at_kitchen_content content5) (notexist sandw2)
make_sandwich sandw2 bread1 content6 :: cost: 1
    add: (at_kitchen_sandwich sandw2)
    del: (at_kitchen_bread bread1) (at_kitchen_content content6) (notexist sandw2)
make_sandwich sandw2 bread2 content1 :: cost: 1
    add: (at_kitchen_sandwich sandw2)
    del: (at_kitchen_bread bread2) (at_kitchen_content content1) (notexist sandw2)
make_sandwich sandw2 bread2 content2 :: cost: 1
    add: (at_kitchen_sandwich sandw2)
    del: (at_kitchen_bread bread2) (at_kitchen_content content2) (notexist sandw2)
make_sandwich sandw2 bread2 content3 :: cost: 1
    add: (at_kitchen_sandwich sandw2)
    del: (at_kitchen_bread bread2) (at_kitchen_content content3) (notexist sandw2)
make_sandwich sandw2 bread2 content4 :: cost: 1
    add: (at_kitchen_sandwich sandw2)
    del: (at_kitchen_bread bread2) (at_kitchen_content content4) (notexist sandw2)
make_sandwich sandw2 bread2 content5 :: cost: 1
    add: (at_kitchen_sandwich sandw2)
    del: (at_kitchen_bread bread2) (at_kitchen_content content5) (notexist sandw2)
make_sandwich sandw2 bread2 content6 :: cost: 1
    add: (at_kitchen_sandwich sandw2)
    del: (at_kitchen_bread bread2) (at_kitchen_content content6) (notexist sandw2)
make_sandwich sandw2 bread3 content1 :: cost: 1
    add: (at_kitchen_sandwich sandw2)
    del: (at_kitchen_bread bread3) (at_kitchen_content content1) (notexist sandw2)
make_sandwich sandw2 bread3 content2 :: cost: 1
    add: (at_kitchen_sandwich sandw2)
    del: (at_kitchen_bread bread3) (at_kitchen_content content2) (notexist sandw2)
make_sandwich sandw2 bread3 content3 :: cost: 1
    add: (at_kitchen_sandwich sandw2)
    del: (at_kitchen_bread bread3) (at_kitchen_content content3) (notexist sandw2)
make_sandwich sandw2 bread3 content4 :: cost: 1
    add: (at_kitchen_sandwich sandw2)
    del: (at_kitchen_bread bread3) (at_kitchen_content content4) (notexist sandw2)
make_sandwich sandw2 bread3 content5 :: cost: 1
    add: (at_kitchen_sandwich sandw2)
    del: (at_kitchen_bread bread3) (at_kitchen_content content5) (notexist sandw2)
make_sandwich sandw2 bread3 content6 :: cost: 1
    add: (at_kitchen_sandwich sandw2)
    del: (at_kitchen_bread bread3) (at_kitchen_content content6) (notexist sandw2)
make_sandwich sandw2 bread4 content1 :: cost: 1
    add: (at_kitchen_sandwich sandw2)
    del: (at_kitchen_bread bread4) (at_kitchen_content content1) (notexist sandw2)
make_sandwich sandw2 bread4 content2 :: cost: 1
    add: (at_kitchen_sandwich sandw2)
    del: (at_kitchen_bread bread4) (at_kitchen_content content2) (notexist sandw2)
make_sandwich sandw2 bread4 content3 :: cost: 1
    add: (at_kitchen_sandwich sandw2)
    del: (at_kitchen_bread bread4) (at_kitchen_content content3) (notexist sandw2)
make_sandwich sandw2 bread4 content4 :: cost: 1
    add: (at_kitchen_sandwich sandw2)
    del: (at_kitchen_bread bread4) (at_kitchen_content content4) (notexist sandw2)
make_sandwich sandw2 bread4 content5 :: cost: 1
    add: (at_kitchen_sandwich sandw2)
    del: (at_kitchen_bread bread4) (at_kitchen_content content5) (notexist sandw2)
make_sandwich sandw2 bread4 content6 :: cost: 1
    add: (at_kitchen_sandwich sandw2)
    del: (at_kitchen_bread bread4) (at_kitchen_content content6) (notexist sandw2)
make_sandwich sandw2 bread5 content1 :: cost: 1
    add: (at_kitchen_sandwich sandw2)
    del: (at_kitchen_bread bread5) (at_kitchen_content content1) (notexist sandw2)
make_sandwich sandw2 bread5 content2 :: cost: 1
    add: (at_kitchen_sandwich sandw2)
    del: (at_kitchen_bread bread5) (at_kitchen_content content2) (notexist sandw2)
make_sandwich sandw2 bread5 content3 :: cost: 1
    add: (at_kitchen_sandwich sandw2)
    del: (at_kitchen_bread bread5) (at_kitchen_content content3) (notexist sandw2)
make_sandwich sandw2 bread5 content4 :: cost: 1
    add: (at_kitchen_sandwich sandw2)
    del: (at_kitchen_bread bread5) (at_kitchen_content content4) (notexist sandw2)
make_sandwich sandw2 bread5 content5 :: cost: 1
    add: (at_kitchen_sandwich sandw2)
    del: (at_kitchen_bread bread5) (at_kitchen_content content5) (notexist sandw2)
make_sandwich sandw2 bread5 content6 :: cost: 1
    add: (at_kitchen_sandwich sandw2)
    del: (at_kitchen_bread bread5) (at_kitchen_content content6) (notexist sandw2)
make_sandwich sandw2 bread6 content1 :: cost: 1
    add: (at_kitchen_sandwich sandw2)
    del: (at_kitchen_bread bread6) (at_kitchen_content content1) (notexist sandw2)
make_sandwich sandw2 bread6 content2 :: cost: 1
    add: (at_kitchen_sandwich sandw2)
    del: (at_kitchen_bread bread6) (at_kitchen_content content2) (notexist sandw2)
make_sandwich sandw2 bread6 content3 :: cost: 1
    add: (at_kitchen_sandwich sandw2)
    del: (at_kitchen_bread bread6) (at_kitchen_content content3) (notexist sandw2)
make_sandwich sandw2 bread6 content4 :: cost: 1
    add: (at_kitchen_sandwich sandw2)
    del: (at_kitchen_bread bread6) (at_kitchen_content content4) (notexist sandw2)
make_sandwich sandw2 bread6 content5 :: cost: 1
    add: (at_kitchen_sandwich sandw2)
    del: (at_kitchen_bread bread6) (at_kitchen_content content5) (notexist sandw2)
make_sandwich sandw2 bread6 content6 :: cost: 1
    add: (at_kitchen_sandwich sandw2)
    del: (at_kitchen_bread bread6) (at_kitchen_content content6) (notexist sandw2)
make_sandwich sandw3 bread1 content1 :: cost: 1
    add: (at_kitchen_sandwich sandw3)
    del: (at_kitchen_bread bread1) (at_kitchen_content content1) (notexist sandw3)
make_sandwich sandw3 bread1 content2 :: cost: 1
    add: (at_kitchen_sandwich sandw3)
    del: (at_kitchen_bread bread1) (at_kitchen_content content2) (notexist sandw3)
make_sandwich sandw3 bread1 content3 :: cost: 1
    add: (at_kitchen_sandwich sandw3)
    del: (at_kitchen_bread bread1) (at_kitchen_content content3) (notexist sandw3)
make_sandwich sandw3 bread1 content4 :: cost: 1
    add: (at_kitchen_sandwich sandw3)
    del: (at_kitchen_bread bread1) (at_kitchen_content content4) (notexist sandw3)
make_sandwich sandw3 bread1 content5 :: cost: 1
    add: (at_kitchen_sandwich sandw3)
    del: (at_kitchen_bread bread1) (at_kitchen_content content5) (notexist sandw3)
make_sandwich sandw3 bread1 content6 :: cost: 1
    add: (at_kitchen_sandwich sandw3)
    del: (at_kitchen_bread bread1) (at_kitchen_content content6) (notexist sandw3)
make_sandwich sandw3 bread2 content1 :: cost: 1
    add: (at_kitchen_sandwich sandw3)
    del: (at_kitchen_bread bread2) (at_kitchen_content content1) (notexist sandw3)
make_sandwich sandw3 bread2 content2 :: cost: 1
    add: (at_kitchen_sandwich sandw3)
    del: (at_kitchen_bread bread2) (at_kitchen_content content2) (notexist sandw3)
make_sandwich sandw3 bread2 content3 :: cost: 1
    add: (at_kitchen_sandwich sandw3)
    del: (at_kitchen_bread bread2) (at_kitchen_content content3) (notexist sandw3)
make_sandwich sandw3 bread2 content4 :: cost: 1
    add: (at_kitchen_sandwich sandw3)
    del: (at_kitchen_bread bread2) (at_kitchen_content content4) (notexist sandw3)
make_sandwich sandw3 bread2 content5 :: cost: 1
    add: (at_kitchen_sandwich sandw3)
    del: (at_kitchen_bread bread2) (at_kitchen_content content5) (notexist sandw3)
make_sandwich sandw3 bread2 content6 :: cost: 1
    add: (at_kitchen_sandwich sandw3)
    del: (at_kitchen_bread bread2) (at_kitchen_content content6) (notexist sandw3)
make_sandwich sandw3 bread3 content1 :: cost: 1
    add: (at_kitchen_sandwich sandw3)
    del: (at_kitchen_bread bread3) (at_kitchen_content content1) (notexist sandw3)
make_sandwich sandw3 bread3 content2 :: cost: 1
    add: (at_kitchen_sandwich sandw3)
    del: (at_kitchen_bread bread3) (at_kitchen_content content2) (notexist sandw3)
make_sandwich sandw3 bread3 content3 :: cost: 1
    add: (at_kitchen_sandwich sandw3)
    del: (at_kitchen_bread bread3) (at_kitchen_content content3) (notexist sandw3)
make_sandwich sandw3 bread3 content4 :: cost: 1
    add: (at_kitchen_sandwich sandw3)
    del: (at_kitchen_bread bread3) (at_kitchen_content content4) (notexist sandw3)
make_sandwich sandw3 bread3 content5 :: cost: 1
    add: (at_kitchen_sandwich sandw3)
    del: (at_kitchen_bread bread3) (at_kitchen_content content5) (notexist sandw3)
make_sandwich sandw3 bread3 content6 :: cost: 1
    add: (at_kitchen_sandwich sandw3)
    del: (at_kitchen_bread bread3) (at_kitchen_content content6) (notexist sandw3)
make_sandwich sandw3 bread4 content1 :: cost: 1
    add: (at_kitchen_sandwich sandw3)
    del: (at_kitchen_bread bread4) (at_kitchen_content content1) (notexist sandw3)
make_sandwich sandw3 bread4 content2 :: cost: 1
    add: (at_kitchen_sandwich sandw3)
    del: (at_kitchen_bread bread4) (at_kitchen_content content2) (notexist sandw3)
make_sandwich sandw3 bread4 content3 :: cost: 1
    add: (at_kitchen_sandwich sandw3)
    del: (at_kitchen_bread bread4) (at_kitchen_content content3) (notexist sandw3)
make_sandwich sandw3 bread4 content4 :: cost: 1
    add: (at_kitchen_sandwich sandw3)
    del: (at_kitchen_bread bread4) (at_kitchen_content content4) (notexist sandw3)
make_sandwich sandw3 bread4 content5 :: cost: 1
    add: (at_kitchen_sandwich sandw3)
    del: (at_kitchen_bread bread4) (at_kitchen_content content5) (notexist sandw3)
make_sandwich sandw3 bread4 content6 :: cost: 1
    add: (at_kitchen_sandwich sandw3)
    del: (at_kitchen_bread bread4) (at_kitchen_content content6) (notexist sandw3)
make_sandwich sandw3 bread5 content1 :: cost: 1
    add: (at_kitchen_sandwich sandw3)
    del: (at_kitchen_bread bread5) (at_kitchen_content content1) (notexist sandw3)
make_sandwich sandw3 bread5 content2 :: cost: 1
    add: (at_kitchen_sandwich sandw3)
    del: (at_kitchen_bread bread5) (at_kitchen_content content2) (notexist sandw3)
make_sandwich sandw3 bread5 content3 :: cost: 1
    add: (at_kitchen_sandwich sandw3)
    del: (at_kitchen_bread bread5) (at_kitchen_content content3) (notexist sandw3)
make_sandwich sandw3 bread5 content4 :: cost: 1
    add: (at_kitchen_sandwich sandw3)
    del: (at_kitchen_bread bread5) (at_kitchen_content content4) (notexist sandw3)
make_sandwich sandw3 bread5 content5 :: cost: 1
    add: (at_kitchen_sandwich sandw3)
    del: (at_kitchen_bread bread5) (at_kitchen_content content5) (notexist sandw3)
make_sandwich sandw3 bread5 content6 :: cost: 1
    add: (at_kitchen_sandwich sandw3)
    del: (at_kitchen_bread bread5) (at_kitchen_content content6) (notexist sandw3)
make_sandwich sandw3 bread6 content1 :: cost: 1
    add: (at_kitchen_sandwich sandw3)
    del: (at_kitchen_bread bread6) (at_kitchen_content content1) (notexist sandw3)
make_sandwich sandw3 bread6 content2 :: cost: 1
    add: (at_kitchen_sandwich sandw3)
    del: (at_kitchen_bread bread6) (at_kitchen_content content2) (notexist sandw3)
make_sandwich sandw3 bread6 content3 :: cost: 1
    add: (at_kitchen_sandwich sandw3)
    del: (at_kitchen_bread bread6) (at_kitchen_content content3) (notexist sandw3)
make_sandwich sandw3 bread6 content4 :: cost: 1
    add: (at_kitchen_sandwich sandw3)
    del: (at_kitchen_bread bread6) (at_kitchen_content content4) (notexist sandw3)
make_sandwich sandw3 bread6 content5 :: cost: 1
    add: (at_kitchen_sandwich sandw3)
    del: (at_kitchen_bread bread6) (at_kitchen_content content5) (notexist sandw3)
make_sandwich sandw3 bread6 content6 :: cost: 1
    add: (at_kitchen_sandwich sandw3)
    del: (at_kitchen_bread bread6) (at_kitchen_content content6) (notexist sandw3)
make_sandwich sandw4 bread1 content1 :: cost: 1
    add: (at_kitchen_sandwich sandw4)
    del: (at_kitchen_bread bread1) (at_kitchen_content content1) (notexist sandw4)
make_sandwich sandw4 bread1 content2 :: cost: 1
    add: (at_kitchen_sandwich sandw4)
    del: (at_kitchen_bread bread1) (at_kitchen_content content2) (notexist sandw4)
make_sandwich sandw4 bread1 content3 :: cost: 1
    add: (at_kitchen_sandwich sandw4)
    del: (at_kitchen_bread bread1) (at_kitchen_content content3) (notexist sandw4)
make_sandwich sandw4 bread1 content4 :: cost: 1
    add: (at_kitchen_sandwich sandw4)
    del: (at_kitchen_bread bread1) (at_kitchen_content content4) (notexist sandw4)
make_sandwich sandw4 bread1 content5 :: cost: 1
    add: (at_kitchen_sandwich sandw4)
    del: (at_kitchen_bread bread1) (at_kitchen_content content5) (notexist sandw4)
make_sandwich sandw4 bread1 content6 :: cost: 1
    add: (at_kitchen_sandwich sandw4)
    del: (at_kitchen_bread bread1) (at_kitchen_content content6) (notexist sandw4)
make_sandwich sandw4 bread2 content1 :: cost: 1
    add: (at_kitchen_sandwich sandw4)
    del: (at_kitchen_bread bread2) (at_kitchen_content content1) (notexist sandw4)
make_sandwich sandw4 bread2 content2 :: cost: 1
    add: (at_kitchen_sandwich sandw4)
    del: (at_kitchen_bread bread2) (at_kitchen_content content2) (notexist sandw4)
make_sandwich sandw4 bread2 content3 :: cost: 1
    add: (at_kitchen_sandwich sandw4)
    del: (at_kitchen_bread bread2) (at_kitchen_content content3) (notexist sandw4)
make_sandwich sandw4 bread2 content4 :: cost: 1
    add: (at_kitchen_sandwich sandw4)
    del: (at_kitchen_bread bread2) (at_kitchen_content content4) (notexist sandw4)
make_sandwich sandw4 bread2 content5 :: cost: 1
    add: (at_kitchen_sandwich sandw4)
    del: (at_kitchen_bread bread2) (at_kitchen_content content5) (notexist sandw4)
make_sandwich sandw4 bread2 content6 :: cost: 1
    add: (at_kitchen_sandwich sandw4)
    del: (at_kitchen_bread bread2) (at_kitchen_content content6) (notexist sandw4)
make_sandwich sandw4 bread3 content1 :: cost: 1
    add: (at_kitchen_sandwich sandw4)
    del: (at_kitchen_bread bread3) (at_kitchen_content content1) (notexist sandw4)
make_sandwich sandw4 bread3 content2 :: cost: 1
    add: (at_kitchen_sandwich sandw4)
    del: (at_kitchen_bread bread3) (at_kitchen_content content2) (notexist sandw4)
make_sandwich sandw4 bread3 content3 :: cost: 1
    add: (at_kitchen_sandwich sandw4)
    del: (at_kitchen_bread bread3) (at_kitchen_content content3) (notexist sandw4)
make_sandwich sandw4 bread3 content4 :: cost: 1
    add: (at_kitchen_sandwich sandw4)
    del: (at_kitchen_bread bread3) (at_kitchen_content content4) (notexist sandw4)
make_sandwich sandw4 bread3 content5 :: cost: 1
    add: (at_kitchen_sandwich sandw4)
    del: (at_kitchen_bread bread3) (at_kitchen_content content5) (notexist sandw4)
make_sandwich sandw4 bread3 content6 :: cost: 1
    add: (at_kitchen_sandwich sandw4)
    del: (at_kitchen_bread bread3) (at_kitchen_content content6) (notexist sandw4)
make_sandwich sandw4 bread4 content1 :: cost: 1
    add: (at_kitchen_sandwich sandw4)
    del: (at_kitchen_bread bread4) (at_kitchen_content content1) (notexist sandw4)
make_sandwich sandw4 bread4 content2 :: cost: 1
    add: (at_kitchen_sandwich sandw4)
    del: (at_kitchen_bread bread4) (at_kitchen_content content2) (notexist sandw4)
make_sandwich sandw4 bread4 content3 :: cost: 1
    add: (at_kitchen_sandwich sandw4)
    del: (at_kitchen_bread bread4) (at_kitchen_content content3) (notexist sandw4)
make_sandwich sandw4 bread4 content4 :: cost: 1
    add: (at_kitchen_sandwich sandw4)
    del: (at_kitchen_bread bread4) (at_kitchen_content content4) (notexist sandw4)
make_sandwich sandw4 bread4 content5 :: cost: 1
    add: (at_kitchen_sandwich sandw4)
    del: (at_kitchen_bread bread4) (at_kitchen_content content5) (notexist sandw4)
make_sandwich sandw4 bread4 content6 :: cost: 1
    add: (at_kitchen_sandwich sandw4)
    del: (at_kitchen_bread bread4) (at_kitchen_content content6) (notexist sandw4)
make_sandwich sandw4 bread5 content1 :: cost: 1
    add: (at_kitchen_sandwich sandw4)
    del: (at_kitchen_bread bread5) (at_kitchen_content content1) (notexist sandw4)
make_sandwich sandw4 bread5 content2 :: cost: 1
    add: (at_kitchen_sandwich sandw4)
    del: (at_kitchen_bread bread5) (at_kitchen_content content2) (notexist sandw4)
make_sandwich sandw4 bread5 content3 :: cost: 1
    add: (at_kitchen_sandwich sandw4)
    del: (at_kitchen_bread bread5) (at_kitchen_content content3) (notexist sandw4)
make_sandwich sandw4 bread5 content4 :: cost: 1
    add: (at_kitchen_sandwich sandw4)
    del: (at_kitchen_bread bread5) (at_kitchen_content content4) (notexist sandw4)
make_sandwich sandw4 bread5 content5 :: cost: 1
    add: (at_kitchen_sandwich sandw4)
    del: (at_kitchen_bread bread5) (at_kitchen_content content5) (notexist sandw4)
make_sandwich sandw4 bread5 content6 :: cost: 1
    add: (at_kitchen_sandwich sandw4)
    del: (at_kitchen_bread bread5) (at_kitchen_content content6) (notexist sandw4)
make_sandwich sandw4 bread6 content1 :: cost: 1
    add: (at_kitchen_sandwich sandw4)
    del: (at_kitchen_bread bread6) (at_kitchen_content content1) (notexist sandw4)
make_sandwich sandw4 bread6 content2 :: cost: 1
    add: (at_kitchen_sandwich sandw4)
    del: (at_kitchen_bread bread6) (at_kitchen_content content2) (notexist sandw4)
make_sandwich sandw4 bread6 content3 :: cost: 1
    add: (at_kitchen_sandwich sandw4)
    del: (at_kitchen_bread bread6) (at_kitchen_content content3) (notexist sandw4)
make_sandwich sandw4 bread6 content4 :: cost: 1
    add: (at_kitchen_sandwich sandw4)
    del: (at_kitchen_bread bread6) (at_kitchen_content content4) (notexist sandw4)
make_sandwich sandw4 bread6 content5 :: cost: 1
    add: (at_kitchen_sandwich sandw4)
    del: (at_kitchen_bread bread6) (at_kitchen_content content5) (notexist sandw4)
make_sandwich sandw4 bread6 content6 :: cost: 1
    add: (at_kitchen_sandwich sandw4)
    del: (at_kitchen_bread bread6) (at_kitchen_content content6) (notexist sandw4)
make_sandwich sandw5 bread1 content1 :: cost: 1
    add: (at_kitchen_sandwich sandw5)
    del: (at_kitchen_bread bread1) (at_kitchen_content content1) (notexist sandw5)
make_sandwich sandw5 bread1 content2 :: cost: 1
    add: (at_kitchen_sandwich sandw5)
    del: (at_kitchen_bread bread1) (at_kitchen_content content2) (notexist sandw5)
make_sandwich sandw5 bread1 content3 :: cost: 1
    add: (at_kitchen_sandwich sandw5)
    del: (at_kitchen_bread bread1) (at_kitchen_content content3) (notexist sandw5)
make_sandwich sandw5 bread1 content4 :: cost: 1
    add: (at_kitchen_sandwich sandw5)
    del: (at_kitchen_bread bread1) (at_kitchen_content content4) (notexist sandw5)
make_sandwich sandw5 bread1 content5 :: cost: 1
    add: (at_kitchen_sandwich sandw5)
    del: (at_kitchen_bread bread1) (at_kitchen_content content5) (notexist sandw5)
make_sandwich sandw5 bread1 content6 :: cost: 1
    add: (at_kitchen_sandwich sandw5)
    del: (at_kitchen_bread bread1) (at_kitchen_content content6) (notexist sandw5)
make_sandwich sandw5 bread2 content1 :: cost: 1
    add: (at_kitchen_sandwich sandw5)
    del: (at_kitchen_bread bread2) (at_kitchen_content content1) (notexist sandw5)
make_sandwich sandw5 bread2 content2 :: cost: 1
    add: (at_kitchen_sandwich sandw5)
    del: (at_kitchen_bread bread2) (at_kitchen_content content2) (notexist sandw5)
make_sandwich sandw5 bread2 content3 :: cost: 1
    add: (at_kitchen_sandwich sandw5)
    del: (at_kitchen_bread bread2) (at_kitchen_content content3) (notexist sandw5)
make_sandwich sandw5 bread2 content4 :: cost: 1
    add: (at_kitchen_sandwich sandw5)
    del: (at_kitchen_bread bread2) (at_kitchen_content content4) (notexist sandw5)
make_sandwich sandw5 bread2 content5 :: cost: 1
    add: (at_kitchen_sandwich sandw5)
    del: (at_kitchen_bread bread2) (at_kitchen_content content5) (notexist sandw5)
make_sandwich sandw5 bread2 content6 :: cost: 1
    add: (at_kitchen_sandwich sandw5)
    del: (at_kitchen_bread bread2) (at_kitchen_content content6) (notexist sandw5)
make_sandwich sandw5 bread3 content1 :: cost: 1
    add: (at_kitchen_sandwich sandw5)
    del: (at_kitchen_bread bread3) (at_kitchen_content content1) (notexist sandw5)
make_sandwich sandw5 bread3 content2 :: cost: 1
    add: (at_kitchen_sandwich sandw5)
    del: (at_kitchen_bread bread3) (at_kitchen_content content2) (notexist sandw5)
make_sandwich sandw5 bread3 content3 :: cost: 1
    add: (at_kitchen_sandwich sandw5)
    del: (at_kitchen_bread bread3) (at_kitchen_content content3) (notexist sandw5)
make_sandwich sandw5 bread3 content4 :: cost: 1
    add: (at_kitchen_sandwich sandw5)
    del: (at_kitchen_bread bread3) (at_kitchen_content content4) (notexist sandw5)
make_sandwich sandw5 bread3 content5 :: cost: 1
    add: (at_kitchen_sandwich sandw5)
    del: (at_kitchen_bread bread3) (at_kitchen_content content5) (notexist sandw5)
make_sandwich sandw5 bread3 content6 :: cost: 1
    add: (at_kitchen_sandwich sandw5)
    del: (at_kitchen_bread bread3) (at_kitchen_content content6) (notexist sandw5)
make_sandwich sandw5 bread4 content1 :: cost: 1
    add: (at_kitchen_sandwich sandw5)
    del: (at_kitchen_bread bread4) (at_kitchen_content content1) (notexist sandw5)
make_sandwich sandw5 bread4 content2 :: cost: 1
    add: (at_kitchen_sandwich sandw5)
    del: (at_kitchen_bread bread4) (at_kitchen_content content2) (notexist sandw5)
make_sandwich sandw5 bread4 content3 :: cost: 1
    add: (at_kitchen_sandwich sandw5)
    del: (at_kitchen_bread bread4) (at_kitchen_content content3) (notexist sandw5)
make_sandwich sandw5 bread4 content4 :: cost: 1
    add: (at_kitchen_sandwich sandw5)
    del: (at_kitchen_bread bread4) (at_kitchen_content content4) (notexist sandw5)
make_sandwich sandw5 bread4 content5 :: cost: 1
    add: (at_kitchen_sandwich sandw5)
    del: (at_kitchen_bread bread4) (at_kitchen_content content5) (notexist sandw5)
make_sandwich sandw5 bread4 content6 :: cost: 1
    add: (at_kitchen_sandwich sandw5)
    del: (at_kitchen_bread bread4) (at_kitchen_content content6) (notexist sandw5)
make_sandwich sandw5 bread5 content1 :: cost: 1
    add: (at_kitchen_sandwich sandw5)
    del: (at_kitchen_bread bread5) (at_kitchen_content content1) (notexist sandw5)
make_sandwich sandw5 bread5 content2 :: cost: 1
    add: (at_kitchen_sandwich sandw5)
    del: (at_kitchen_bread bread5) (at_kitchen_content content2) (notexist sandw5)
make_sandwich sandw5 bread5 content3 :: cost: 1
    add: (at_kitchen_sandwich sandw5)
    del: (at_kitchen_bread bread5) (at_kitchen_content content3) (notexist sandw5)
make_sandwich sandw5 bread5 content4 :: cost: 1
    add: (at_kitchen_sandwich sandw5)
    del: (at_kitchen_bread bread5) (at_kitchen_content content4) (notexist sandw5)
make_sandwich sandw5 bread5 content5 :: cost: 1
    add: (at_kitchen_sandwich sandw5)
    del: (at_kitchen_bread bread5) (at_kitchen_content content5) (notexist sandw5)
make_sandwich sandw5 bread5 content6 :: cost: 1
    add: (at_kitchen_sandwich sandw5)
    del: (at_kitchen_bread bread5) (at_kitchen_content content6) (notexist sandw5)
make_sandwich sandw5 bread6 content1 :: cost: 1
    add: (at_kitchen_sandwich sandw5)
    del: (at_kitchen_bread bread6) (at_kitchen_content content1) (notexist sandw5)
make_sandwich sandw5 bread6 content2 :: cost: 1
    add: (at_kitchen_sandwich sandw5)
    del: (at_kitchen_bread bread6) (at_kitchen_content content2) (notexist sandw5)
make_sandwich sandw5 bread6 content3 :: cost: 1
    add: (at_kitchen_sandwich sandw5)
    del: (at_kitchen_bread bread6) (at_kitchen_content content3) (notexist sandw5)
make_sandwich sandw5 bread6 content4 :: cost: 1
    add: (at_kitchen_sandwich sandw5)
    del: (at_kitchen_bread bread6) (at_kitchen_content content4) (notexist sandw5)
make_sandwich sandw5 bread6 content5 :: cost: 1
    add: (at_kitchen_sandwich sandw5)
    del: (at_kitchen_bread bread6) (at_kitchen_content content5) (notexist sandw5)
make_sandwich sandw5 bread6 content6 :: cost: 1
    add: (at_kitchen_sandwich sandw5)
    del: (at_kitchen_bread bread6) (at_kitchen_content content6) (notexist sandw5)
make_sandwich sandw6 bread1 content1 :: cost: 1
    add: (at_kitchen_sandwich sandw6)
    del: (at_kitchen_bread bread1) (at_kitchen_content content1) (notexist sandw6)
make_sandwich sandw6 bread1 content2 :: cost: 1
    add: (at_kitchen_sandwich sandw6)
    del: (at_kitchen_bread bread1) (at_kitchen_content content2) (notexist sandw6)
make_sandwich sandw6 bread1 content3 :: cost: 1
    add: (at_kitchen_sandwich sandw6)
    del: (at_kitchen_bread bread1) (at_kitchen_content content3) (notexist sandw6)
make_sandwich sandw6 bread1 content4 :: cost: 1
    add: (at_kitchen_sandwich sandw6)
    del: (at_kitchen_bread bread1) (at_kitchen_content content4) (notexist sandw6)
make_sandwich sandw6 bread1 content5 :: cost: 1
    add: (at_kitchen_sandwich sandw6)
    del: (at_kitchen_bread bread1) (at_kitchen_content content5) (notexist sandw6)
make_sandwich sandw6 bread1 content6 :: cost: 1
    add: (at_kitchen_sandwich sandw6)
    del: (at_kitchen_bread bread1) (at_kitchen_content content6) (notexist sandw6)
make_sandwich sandw6 bread2 content1 :: cost: 1
    add: (at_kitchen_sandwich sandw6)
    del: (at_kitchen_bread bread2) (at_kitchen_content content1) (notexist sandw6)
make_sandwich sandw6 bread2 content2 :: cost: 1
    add: (at_kitchen_sandwich sandw6)
    del: (at_kitchen_bread bread2) (at_kitchen_content content2) (notexist sandw6)
make_sandwich sandw6 bread2 content3 :: cost: 1
    add: (at_kitchen_sandwich sandw6)
    del: (at_kitchen_bread bread2) (at_kitchen_content content3) (notexist sandw6)
make_sandwich sandw6 bread2 content4 :: cost: 1
    add: (at_kitchen_sandwich sandw6)
    del: (at_kitchen_bread bread2) (at_kitchen_content content4) (notexist sandw6)
make_sandwich sandw6 bread2 content5 :: cost: 1
    add: (at_kitchen_sandwich sandw6)
    del: (at_kitchen_bread bread2) (at_kitchen_content content5) (notexist sandw6)
make_sandwich sandw6 bread2 content6 :: cost: 1
    add: (at_kitchen_sandwich sandw6)
    del: (at_kitchen_bread bread2) (at_kitchen_content content6) (notexist sandw6)
make_sandwich sandw6 bread3 content1 :: cost: 1
    add: (at_kitchen_sandwich sandw6)
    del: (at_kitchen_bread bread3) (at_kitchen_content content1) (notexist sandw6)
make_sandwich sandw6 bread3 content2 :: cost: 1
    add: (at_kitchen_sandwich sandw6)
    del: (at_kitchen_bread bread3) (at_kitchen_content content2) (notexist sandw6)
make_sandwich sandw6 bread3 content3 :: cost: 1
    add: (at_kitchen_sandwich sandw6)
    del: (at_kitchen_bread bread3) (at_kitchen_content content3) (notexist sandw6)
make_sandwich sandw6 bread3 content4 :: cost: 1
    add: (at_kitchen_sandwich sandw6)
    del: (at_kitchen_bread bread3) (at_kitchen_content content4) (notexist sandw6)
make_sandwich sandw6 bread3 content5 :: cost: 1
    add: (at_kitchen_sandwich sandw6)
    del: (at_kitchen_bread bread3) (at_kitchen_content content5) (notexist sandw6)
make_sandwich sandw6 bread3 content6 :: cost: 1
    add: (at_kitchen_sandwich sandw6)
    del: (at_kitchen_bread bread3) (at_kitchen_content content6) (notexist sandw6)
make_sandwich sandw6 bread4 content1 :: cost: 1
    add: (at_kitchen_sandwich sandw6)
    del: (at_kitchen_bread bread4) (at_kitchen_content content1) (notexist sandw6)
make_sandwich sandw6 bread4 content2 :: cost: 1
    add: (at_kitchen_sandwich sandw6)
    del: (at_kitchen_bread bread4) (at_kitchen_content content2) (notexist sandw6)
make_sandwich sandw6 bread4 content3 :: cost: 1
    add: (at_kitchen_sandwich sandw6)
    del: (at_kitchen_bread bread4) (at_kitchen_content content3) (notexist sandw6)
make_sandwich sandw6 bread4 content4 :: cost: 1
    add: (at_kitchen_sandwich sandw6)
    del: (at_kitchen_bread bread4) (at_kitchen_content content4) (notexist sandw6)
make_sandwich sandw6 bread4 content5 :: cost: 1
    add: (at_kitchen_sandwich sandw6)
    del: (at_kitchen_bread bread4) (at_kitchen_content content5) (notexist sandw6)
make_sandwich sandw6 bread4 content6 :: cost: 1
    add: (at_kitchen_sandwich sandw6)
    del: (at_kitchen_bread bread4) (at_kitchen_content content6) (notexist sandw6)
make_sandwich sandw6 bread5 content1 :: cost: 1
    add: (at_kitchen_sandwich sandw6)
    del: (at_kitchen_bread bread5) (at_kitchen_content content1) (notexist sandw6)
make_sandwich sandw6 bread5 content2 :: cost: 1
    add: (at_kitchen_sandwich sandw6)
    del: (at_kitchen_bread bread5) (at_kitchen_content content2) (notexist sandw6)
make_sandwich sandw6 bread5 content3 :: cost: 1
    add: (at_kitchen_sandwich sandw6)
    del: (at_kitchen_bread bread5) (at_kitchen_content content3) (notexist sandw6)
make_sandwich sandw6 bread5 content4 :: cost: 1
    add: (at_kitchen_sandwich sandw6)
    del: (at_kitchen_bread bread5) (at_kitchen_content content4) (notexist sandw6)
make_sandwich sandw6 bread5 content5 :: cost: 1
    add: (at_kitchen_sandwich sandw6)
    del: (at_kitchen_bread bread5) (at_kitchen_content content5) (notexist sandw6)
make_sandwich sandw6 bread5 content6 :: cost: 1
    add: (at_kitchen_sandwich sandw6)
    del: (at_kitchen_bread bread5) (at_kitchen_content content6) (notexist sandw6)
make_sandwich sandw6 bread6 content1 :: cost: 1
    add: (at_kitchen_sandwich sandw6)
    del: (at_kitchen_bread bread6) (at_kitchen_content content1) (notexist sandw6)
make_sandwich sandw6 bread6 content2 :: cost: 1
    add: (at_kitchen_sandwich sandw6)
    del: (at_kitchen_bread bread6) (at_kitchen_content content2) (notexist sandw6)
make_sandwich sandw6 bread6 content3 :: cost: 1
    add: (at_kitchen_sandwich sandw6)
    del: (at_kitchen_bread bread6) (at_kitchen_content content3) (notexist sandw6)
make_sandwich sandw6 bread6 content4 :: cost: 1
    add: (at_kitchen_sandwich sandw6)
    del: (at_kitchen_bread bread6) (at_kitchen_content content4) (notexist sandw6)
make_sandwich sandw6 bread6 content5 :: cost: 1
    add: (at_kitchen_sandwich sandw6)
    del: (at_kitchen_bread bread6) (at_kitchen_content content5) (notexist sandw6)
make_sandwich sandw6 bread6 content6 :: cost: 1
    add: (at_kitchen_sandwich sandw6)
    del: (at_kitchen_bread bread6) (at_kitchen_content content6) (notexist sandw6)
make_sandwich sandw7 bread1 content1 :: cost: 1
    add: (at_kitchen_sandwich sandw7)
    del: (at_kitchen_bread bread1) (at_kitchen_content content1) (notexist sandw7)
make_sandwich sandw7 bread1 content2 :: cost: 1
    add: (at_kitchen_sandwich sandw7)
    del: (at_kitchen_bread bread1) (at_kitchen_content content2) (notexist sandw7)
make_sandwich sandw7 bread1 content3 :: cost: 1
    add: (at_kitchen_sandwich sandw7)
    del: (at_kitchen_bread bread1) (at_kitchen_content content3) (notexist sandw7)
make_sandwich sandw7 bread1 content4 :: cost: 1
    add: (at_kitchen_sandwich sandw7)
    del: (at_kitchen_bread bread1) (at_kitchen_content content4) (notexist sandw7)
make_sandwich sandw7 bread1 content5 :: cost: 1
    add: (at_kitchen_sandwich sandw7)
    del: (at_kitchen_bread bread1) (at_kitchen_content content5) (notexist sandw7)
make_sandwich sandw7 bread1 content6 :: cost: 1
    add: (at_kitchen_sandwich sandw7)
    del: (at_kitchen_bread bread1) (at_kitchen_content content6) (notexist sandw7)
make_sandwich sandw7 bread2 content1 :: cost: 1
    add: (at_kitchen_sandwich sandw7)
    del: (at_kitchen_bread bread2) (at_kitchen_content content1) (notexist sandw7)
make_sandwich sandw7 bread2 content2 :: cost: 1
    add: (at_kitchen_sandwich sandw7)
    del: (at_kitchen_bread bread2) (at_kitchen_content content2) (notexist sandw7)
make_sandwich sandw7 bread2 content3 :: cost: 1
    add: (at_kitchen_sandwich sandw7)
    del: (at_kitchen_bread bread2) (at_kitchen_content content3) (notexist sandw7)
make_sandwich sandw7 bread2 content4 :: cost: 1
    add: (at_kitchen_sandwich sandw7)
    del: (at_kitchen_bread bread2) (at_kitchen_content content4) (notexist sandw7)
make_sandwich sandw7 bread2 content5 :: cost: 1
    add: (at_kitchen_sandwich sandw7)
    del: (at_kitchen_bread bread2) (at_kitchen_content content5) (notexist sandw7)
make_sandwich sandw7 bread2 content6 :: cost: 1
    add: (at_kitchen_sandwich sandw7)
    del: (at_kitchen_bread bread2) (at_kitchen_content content6) (notexist sandw7)
make_sandwich sandw7 bread3 content1 :: cost: 1
    add: (at_kitchen_sandwich sandw7)
    del: (at_kitchen_bread bread3) (at_kitchen_content content1) (notexist sandw7)
make_sandwich sandw7 bread3 content2 :: cost: 1
    add: (at_kitchen_sandwich sandw7)
    del: (at_kitchen_bread bread3) (at_kitchen_content content2) (notexist sandw7)
make_sandwich sandw7 bread3 content3 :: cost: 1
    add: (at_kitchen_sandwich sandw7)
    del: (at_kitchen_bread bread3) (at_kitchen_content content3) (notexist sandw7)
make_sandwich sandw7 bread3 content4 :: cost: 1
    add: (at_kitchen_sandwich sandw7)
    del: (at_kitchen_bread bread3) (at_kitchen_content content4) (notexist sandw7)
make_sandwich sandw7 bread3 content5 :: cost: 1
    add: (at_kitchen_sandwich sandw7)
    del: (at_kitchen_bread bread3) (at_kitchen_content content5) (notexist sandw7)
make_sandwich sandw7 bread3 content6 :: cost: 1
    add: (at_kitchen_sandwich sandw7)
    del: (at_kitchen_bread bread3) (at_kitchen_content content6) (notexist sandw7)
make_sandwich sandw7 bread4 content1 :: cost: 1
    add: (at_kitchen_sandwich sandw7)
    del: (at_kitchen_bread bread4) (at_kitchen_content content1) (notexist sandw7)
make_sandwich sandw7 bread4 content2 :: cost: 1
    add: (at_kitchen_sandwich sandw7)
    del: (at_kitchen_bread bread4) (at_kitchen_content content2) (notexist sandw7)
make_sandwich sandw7 bread4 content3 :: cost: 1
    add: (at_kitchen_sandwich sandw7)
    del: (at_kitchen_bread bread4) (at_kitchen_content content3) (notexist sandw7)
make_sandwich sandw7 bread4 content4 :: cost: 1
    add: (at_kitchen_sandwich sandw7)
    del: (at_kitchen_bread bread4) (at_kitchen_content content4) (notexist sandw7)
make_sandwich sandw7 bread4 content5 :: cost: 1
    add: (at_kitchen_sandwich sandw7)
    del: (at_kitchen_bread bread4) (at_kitchen_content content5) (notexist sandw7)
make_sandwich sandw7 bread4 content6 :: cost: 1
    add: (at_kitchen_sandwich sandw7)
    del: (at_kitchen_bread bread4) (at_kitchen_content content6) (notexist sandw7)
make_sandwich sandw7 bread5 content1 :: cost: 1
    add: (at_kitchen_sandwich sandw7)
    del: (at_kitchen_bread bread5) (at_kitchen_content content1) (notexist sandw7)
make_sandwich sandw7 bread5 content2 :: cost: 1
    add: (at_kitchen_sandwich sandw7)
    del: (at_kitchen_bread bread5) (at_kitchen_content content2) (notexist sandw7)
make_sandwich sandw7 bread5 content3 :: cost: 1
    add: (at_kitchen_sandwich sandw7)
    del: (at_kitchen_bread bread5) (at_kitchen_content content3) (notexist sandw7)
make_sandwich sandw7 bread5 content4 :: cost: 1
    add: (at_kitchen_sandwich sandw7)
    del: (at_kitchen_bread bread5) (at_kitchen_content content4) (notexist sandw7)
make_sandwich sandw7 bread5 content5 :: cost: 1
    add: (at_kitchen_sandwich sandw7)
    del: (at_kitchen_bread bread5) (at_kitchen_content content5) (notexist sandw7)
make_sandwich sandw7 bread5 content6 :: cost: 1
    add: (at_kitchen_sandwich sandw7)
    del: (at_kitchen_bread bread5) (at_kitchen_content content6) (notexist sandw7)
make_sandwich sandw7 bread6 content1 :: cost: 1
    add: (at_kitchen_sandwich sandw7)
    del: (at_kitchen_bread bread6) (at_kitchen_content content1) (notexist sandw7)
make_sandwich sandw7 bread6 content2 :: cost: 1
    add: (at_kitchen_sandwich sandw7)
    del: (at_kitchen_bread bread6) (at_kitchen_content content2) (notexist sandw7)
make_sandwich sandw7 bread6 content3 :: cost: 1
    add: (at_kitchen_sandwich sandw7)
    del: (at_kitchen_bread bread6) (at_kitchen_content content3) (notexist sandw7)
make_sandwich sandw7 bread6 content4 :: cost: 1
    add: (at_kitchen_sandwich sandw7)
    del: (at_kitchen_bread bread6) (at_kitchen_content content4) (notexist sandw7)
make_sandwich sandw7 bread6 content5 :: cost: 1
    add: (at_kitchen_sandwich sandw7)
    del: (at_kitchen_bread bread6) (at_kitchen_content content5) (notexist sandw7)
make_sandwich sandw7 bread6 content6 :: cost: 1
    add: (at_kitchen_sandwich sandw7)
    del: (at_kitchen_bread bread6) (at_kitchen_content content6) (notexist sandw7)
make_sandwich sandw8 bread1 content1 :: cost: 1
    add: (at_kitchen_sandwich sandw8)
    del: (at_kitchen_bread bread1) (at_kitchen_content content1) (notexist sandw8)
make_sandwich sandw8 bread1 content2 :: cost: 1
    add: (at_kitchen_sandwich sandw8)
    del: (at_kitchen_bread bread1) (at_kitchen_content content2) (notexist sandw8)
make_sandwich sandw8 bread1 content3 :: cost: 1
    add: (at_kitchen_sandwich sandw8)
    del: (at_kitchen_bread bread1) (at_kitchen_content content3) (notexist sandw8)
make_sandwich sandw8 bread1 content4 :: cost: 1
    add: (at_kitchen_sandwich sandw8)
    del: (at_kitchen_bread bread1) (at_kitchen_content content4) (notexist sandw8)
make_sandwich sandw8 bread1 content5 :: cost: 1
    add: (at_kitchen_sandwich sandw8)
    del: (at_kitchen_bread bread1) (at_kitchen_content content5) (notexist sandw8)
make_sandwich sandw8 bread1 content6 :: cost: 1
    add: (at_kitchen_sandwich sandw8)
    del: (at_kitchen_bread bread1) (at_kitchen_content content6) (notexist sandw8)
make_sandwich sandw8 bread2 content1 :: cost: 1
    add: (at_kitchen_sandwich sandw8)
    del: (at_kitchen_bread bread2) (at_kitchen_content content1) (notexist sandw8)
make_sandwich sandw8 bread2 content2 :: cost: 1
    add: (at_kitchen_sandwich sandw8)
    del: (at_kitchen_bread bread2) (at_kitchen_content content2) (notexist sandw8)
make_sandwich sandw8 bread2 content3 :: cost: 1
    add: (at_kitchen_sandwich sandw8)
    del: (at_kitchen_bread bread2) (at_kitchen_content content3) (notexist sandw8)
make_sandwich sandw8 bread2 content4 :: cost: 1
    add: (at_kitchen_sandwich sandw8)
    del: (at_kitchen_bread bread2) (at_kitchen_content content4) (notexist sandw8)
make_sandwich sandw8 bread2 content5 :: cost: 1
    add: (at_kitchen_sandwich sandw8)
    del: (at_kitchen_bread bread2) (at_kitchen_content content5) (notexist sandw8)
make_sandwich sandw8 bread2 content6 :: cost: 1
    add: (at_kitchen_sandwich sandw8)
    del: (at_kitchen_bread bread2) (at_kitchen_content content6) (notexist sandw8)
make_sandwich sandw8 bread3 content1 :: cost: 1
    add: (at_kitchen_sandwich sandw8)
    del: (at_kitchen_bread bread3) (at_kitchen_content content1) (notexist sandw8)
make_sandwich sandw8 bread3 content2 :: cost: 1
    add: (at_kitchen_sandwich sandw8)
    del: (at_kitchen_bread bread3) (at_kitchen_content content2) (notexist sandw8)
make_sandwich sandw8 bread3 content3 :: cost: 1
    add: (at_kitchen_sandwich sandw8)
    del: (at_kitchen_bread bread3) (at_kitchen_content content3) (notexist sandw8)
make_sandwich sandw8 bread3 content4 :: cost: 1
    add: (at_kitchen_sandwich sandw8)
    del: (at_kitchen_bread bread3) (at_kitchen_content content4) (notexist sandw8)
make_sandwich sandw8 bread3 content5 :: cost: 1
    add: (at_kitchen_sandwich sandw8)
    del: (at_kitchen_bread bread3) (at_kitchen_content content5) (notexist sandw8)
make_sandwich sandw8 bread3 content6 :: cost: 1
    add: (at_kitchen_sandwich sandw8)
    del: (at_kitchen_bread bread3) (at_kitchen_content content6) (notexist sandw8)
make_sandwich sandw8 bread4 content1 :: cost: 1
    add: (at_kitchen_sandwich sandw8)
    del: (at_kitchen_bread bread4) (at_kitchen_content content1) (notexist sandw8)
make_sandwich sandw8 bread4 content2 :: cost: 1
    add: (at_kitchen_sandwich sandw8)
    del: (at_kitchen_bread bread4) (at_kitchen_content content2) (notexist sandw8)
make_sandwich sandw8 bread4 content3 :: cost: 1
    add: (at_kitchen_sandwich sandw8)
    del: (at_kitchen_bread bread4) (at_kitchen_content content3) (notexist sandw8)
make_sandwich sandw8 bread4 content4 :: cost: 1
    add: (at_kitchen_sandwich sandw8)
    del: (at_kitchen_bread bread4) (at_kitchen_content content4) (notexist sandw8)
make_sandwich sandw8 bread4 content5 :: cost: 1
    add: (at_kitchen_sandwich sandw8)
    del: (at_kitchen_bread bread4) (at_kitchen_content content5) (notexist sandw8)
make_sandwich sandw8 bread4 content6 :: cost: 1
    add: (at_kitchen_sandwich sandw8)
    del: (at_kitchen_bread bread4) (at_kitchen_content content6) (notexist sandw8)
make_sandwich sandw8 bread5 content1 :: cost: 1
    add: (at_kitchen_sandwich sandw8)
    del: (at_kitchen_bread bread5) (at_kitchen_content content1) (notexist sandw8)
make_sandwich sandw8 bread5 content2 :: cost: 1
    add: (at_kitchen_sandwich sandw8)
    del: (at_kitchen_bread bread5) (at_kitchen_content content2) (notexist sandw8)
make_sandwich sandw8 bread5 content3 :: cost: 1
    add: (at_kitchen_sandwich sandw8)
    del: (at_kitchen_bread bread5) (at_kitchen_content content3) (notexist sandw8)
make_sandwich sandw8 bread5 content4 :: cost: 1
    add: (at_kitchen_sandwich sandw8)
    del: (at_kitchen_bread bread5) (at_kitchen_content content4) (notexist sandw8)
make_sandwich sandw8 bread5 content5 :: cost: 1
    add: (at_kitchen_sandwich sandw8)
    del: (at_kitchen_bread bread5) (at_kitchen_content content5) (notexist sandw8)
make_sandwich sandw8 bread5 content6 :: cost: 1
    add: (at_kitchen_sandwich sandw8)
    del: (at_kitchen_bread bread5) (at_kitchen_content content6) (notexist sandw8)
make_sandwich sandw8 bread6 content1 :: cost: 1
    add: (at_kitchen_sandwich sandw8)
    del: (at_kitchen_bread bread6) (at_kitchen_content content1) (notexist sandw8)
make_sandwich sandw8 bread6 content2 :: cost: 1
    add: (at_kitchen_sandwich sandw8)
    del: (at_kitchen_bread bread6) (at_kitchen_content content2) (notexist sandw8)
make_sandwich sandw8 bread6 content3 :: cost: 1
    add: (at_kitchen_sandwich sandw8)
    del: (at_kitchen_bread bread6) (at_kitchen_content content3) (notexist sandw8)
make_sandwich sandw8 bread6 content4 :: cost: 1
    add: (at_kitchen_sandwich sandw8)
    del: (at_kitchen_bread bread6) (at_kitchen_content content4) (notexist sandw8)
make_sandwich sandw8 bread6 content5 :: cost: 1
    add: (at_kitchen_sandwich sandw8)
    del: (at_kitchen_bread bread6) (at_kitchen_content content5) (notexist sandw8)
make_sandwich sandw8 bread6 content6 :: cost: 1
    add: (at_kitchen_sandwich sandw8)
    del: (at_kitchen_bread bread6) (at_kitchen_content content6) (notexist sandw8)
move_tray tray1 kitchen kitchen :: cost: 1
    add:
    del:
move_tray tray1 kitchen table1 :: cost: 1
    add: (at tray1 table1)
    del: (at tray1 kitchen)
move_tray tray1 kitchen table2 :: cost: 1
    add: (at tray1 table2)
    del: (at tray1 kitchen)
move_tray tray1 kitchen table3 :: cost: 1
    add: (at tray1 table3)
    del: (at tray1 kitchen)
move_tray tray2 kitchen kitchen :: cost: 1
    add:
    del:
move_tray tray2 kitchen table1 :: cost: 1
    add: (at tray2 table1)
    del: (at tray2 kitchen)
move_tray tray2 kitchen table2 :: cost: 1
    add: (at tray2 table2)
    del: (at tray2 kitchen)
move_tray tray2 kitchen table3 :: cost: 1
    add: (at tray2 table3)
    del: (at tray2 kitchen)
Step 1 (at tray1 kitchen) (at tray2 kitchen) (at_kitchen_bread bread2) (at_kitchen_bread bread3) (at_kitchen_bread bread4) (at_kitchen_bread bread5) (at_kitchen_bread bread6) (at_kitchen_content content1) (at_kitchen_content content2) (at_kitchen_content content3) (at_kitchen_content content4) (at_kitchen_content content6) (notexist sandw2) (notexist sandw3) (notexist sandw4) (notexist sandw5) (notexist sandw6) (notexist sandw7) (notexist sandw8) (at_kitchen_sandwich sandw1) (no_gluten_sandwich sandw1)
size: 192
make_sandwich_no_gluten sandw2 bread4 content6 :: cost: 1
    add: (at_kitchen_sandwich sandw2) (no_gluten_sandwich sandw2)
    del: (at_kitchen_bread bread4) (at_kitchen_content content6) (notexist sandw2)
make_sandwich_no_gluten sandw3 bread4 content6 :: cost: 1
    add: (at_kitchen_sandwich sandw3) (no_gluten_sandwich sandw3)
    del: (at_kitchen_bread bread4) (at_kitchen_content content6) (notexist sandw3)
make_sandwich_no_gluten sandw4 bread4 content6 :: cost: 1
    add: (at_kitchen_sandwich sandw4) (no_gluten_sandwich sandw4)
    del: (at_kitchen_bread bread4) (at_kitchen_content content6) (notexist sandw4)
make_sandwich_no_gluten sandw5 bread4 content6 :: cost: 1
    add: (at_kitchen_sandwich sandw5) (no_gluten_sandwich sandw5)
    del: (at_kitchen_bread bread4) (at_kitchen_content content6) (notexist sandw5)
make_sandwich_no_gluten sandw6 bread4 content6 :: cost: 1
    add: (at_kitchen_sandwich sandw6) (no_gluten_sandwich sandw6)
    del: (at_kitchen_bread bread4) (at_kitchen_content content6) (notexist sandw6)
make_sandwich_no_gluten sandw7 bread4 content6 :: cost: 1
    add: (at_kitchen_sandwich sandw7) (no_gluten_sandwich sandw7)
    del: (at_kitchen_bread bread4) (at_kitchen_content content6) (notexist sandw7)
make_sandwich_no_gluten sandw8 bread4 content6 :: cost: 1
    add: (at_kitchen_sandwich sandw8) (no_gluten_sandwich sandw8)
    del: (at_kitchen_bread bread4) (at_kitchen_content content6) (notexist sandw8)
make_sandwich sandw2 bread2 content1 :: cost: 1
    add: (at_kitchen_sandwich sandw2)
    del: (at_kitchen_bread bread2) (at_kitchen_content content1) (notexist sandw2)
make_sandwich sandw2 bread2 content2 :: cost: 1
    add: (at_kitchen_sandwich sandw2)
    del: (at_kitchen_bread bread2) (at_kitchen_content content2) (notexist sandw2)
make_sandwich sandw2 bread2 content3 :: cost: 1
    add: (at_kitchen_sandwich sandw2)
    del: (at_kitchen_bread bread2) (at_kitchen_content content3) (notexist sandw2)
make_sandwich sandw2 bread2 content4 :: cost: 1
    add: (at_kitchen_sandwich sandw2)
    del: (at_kitchen_bread bread2) (at_kitchen_content content4) (notexist sandw2)
make_sandwich sandw2 bread2 content6 :: cost: 1
    add: (at_kitchen_sandwich sandw2)
    del: (at_kitchen_bread bread2) (at_kitchen_content content6) (notexist sandw2)
make_sandwich sandw2 bread3 content1 :: cost: 1
    add: (at_kitchen_sandwich sandw2)
    del: (at_kitchen_bread bread3) (at_kitchen_content content1) (notexist sandw2)
make_sandwich sandw2 bread3 content2 :: cost: 1
    add: (at_kitchen_sandwich sandw2)
    del: (at_kitchen_bread bread3) (at_kitchen_content content2) (notexist sandw2)
make_sandwich sandw2 bread3 content3 :: cost: 1
    add: (at_kitchen_sandwich sandw2)
    del: (at_kitchen_bread bread3) (at_kitchen_content content3) (notexist sandw2)
make_sandwich sandw2 bread3 content4 :: cost: 1
    add: (at_kitchen_sandwich sandw2)
    del: (at_kitchen_bread bread3) (at_kitchen_content content4) (notexist sandw2)
make_sandwich sandw2 bread3 content6 :: cost: 1
    add: (at_kitchen_sandwich sandw2)
    del: (at_kitchen_bread bread3) (at_kitchen_content content6) (notexist sandw2)
make_sandwich sandw2 bread4 content1 :: cost: 1
    add: (at_kitchen_sandwich sandw2)
    del: (at_kitchen_bread bread4) (at_kitchen_content content1) (notexist sandw2)
make_sandwich sandw2 bread4 content2 :: cost: 1
    add: (at_kitchen_sandwich sandw2)
    del: (at_kitchen_bread bread4) (at_kitchen_content content2) (notexist sandw2)
make_sandwich sandw2 bread4 content3 :: cost: 1
    add: (at_kitchen_sandwich sandw2)
    del: (at_kitchen_bread bread4) (at_kitchen_content content3) (notexist sandw2)
make_sandwich sandw2 bread4 content4 :: cost: 1
    add: (at_kitchen_sandwich sandw2)
    del: (at_kitchen_bread bread4) (at_kitchen_content content4) (notexist sandw2)
make_sandwich sandw2 bread4 content6 :: cost: 1
    add: (at_kitchen_sandwich sandw2)
    del: (at_kitchen_bread bread4) (at_kitchen_content content6) (notexist sandw2)
make_sandwich sandw2 bread5 content1 :: cost: 1
    add: (at_kitchen_sandwich sandw2)
    del: (at_kitchen_bread bread5) (at_kitchen_content content1) (notexist sandw2)
make_sandwich sandw2 bread5 content2 :: cost: 1
    add: (at_kitchen_sandwich sandw2)
    del: (at_kitchen_bread bread5) (at_kitchen_content content2) (notexist sandw2)
make_sandwich sandw2 bread5 content3 :: cost: 1
    add: (at_kitchen_sandwich sandw2)
    del: (at_kitchen_bread bread5) (at_kitchen_content content3) (notexist sandw2)
make_sandwich sandw2 bread5 content4 :: cost: 1
    add: (at_kitchen_sandwich sandw2)
    del: (at_kitchen_bread bread5) (at_kitchen_content content4) (notexist sandw2)
make_sandwich sandw2 bread5 content6 :: cost: 1
    add: (at_kitchen_sandwich sandw2)
    del: (at_kitchen_bread bread5) (at_kitchen_content content6) (notexist sandw2)
make_sandwich sandw2 bread6 content1 :: cost: 1
    add: (at_kitchen_sandwich sandw2)
    del: (at_kitchen_bread bread6) (at_kitchen_content content1) (notexist sandw2)
make_sandwich sandw2 bread6 content2 :: cost: 1
    add: (at_kitchen_sandwich sandw2)
    del: (at_kitchen_bread bread6) (at_kitchen_content content2) (notexist sandw2)
make_sandwich sandw2 bread6 content3 :: cost: 1
    add: (at_kitchen_sandwich sandw2)
    del: (at_kitchen_bread bread6) (at_kitchen_content content3) (notexist sandw2)
make_sandwich sandw2 bread6 content4 :: cost: 1
    add: (at_kitchen_sandwich sandw2)
    del: (at_kitchen_bread bread6) (at_kitchen_content content4) (notexist sandw2)
make_sandwich sandw2 bread6 content6 :: cost: 1
    add: (at_kitchen_sandwich sandw2)
    del: (at_kitchen_bread bread6) (at_kitchen_content content6) (notexist sandw2)
make_sandwich sandw3 bread2 content1 :: cost: 1
    add: (at_kitchen_sandwich sandw3)
    del: (at_kitchen_bread bread2) (at_kitchen_content content1) (notexist sandw3)
make_sandwich sandw3 bread2 content2 :: cost: 1
    add: (at_kitchen_sandwich sandw3)
    del: (at_kitchen_bread bread2) (at_kitchen_content content2) (notexist sandw3)
make_sandwich sandw3 bread2 content3 :: cost: 1
    add: (at_kitchen_sandwich sandw3)
    del: (at_kitchen_bread bread2) (at_kitchen_content content3) (notexist sandw3)
make_sandwich sandw3 bread2 content4 :: cost: 1
    add: (at_kitchen_sandwich sandw3)
    del: (at_kitchen_bread bread2) (at_kitchen_content content4) (notexist sandw3)
make_sandwich sandw3 bread2 content6 :: cost: 1
    add: (at_kitchen_sandwich sandw3)
    del: (at_kitchen_bread bread2) (at_kitchen_content content6) (notexist sandw3)
make_sandwich sandw3 bread3 content1 :: cost: 1
    add: (at_kitchen_sandwich sandw3)
    del: (at_kitchen_bread bread3) (at_kitchen_content content1) (notexist sandw3)
make_sandwich sandw3 bread3 content2 :: cost: 1
    add: (at_kitchen_sandwich sandw3)
    del: (at_kitchen_bread bread3) (at_kitchen_content content2) (notexist sandw3)
make_sandwich sandw3 bread3 content3 :: cost: 1
    add: (at_kitchen_sandwich sandw3)
    del: (at_kitchen_bread bread3) (at_kitchen_content content3) (notexist sandw3)
make_sandwich sandw3 bread3 content4 :: cost: 1
    add: (at_kitchen_sandwich sandw3)
    del: (at_kitchen_bread bread3) (at_kitchen_content content4) (notexist sandw3)
make_sandwich sandw3 bread3 content6 :: cost: 1
    add: (at_kitchen_sandwich sandw3)
    del: (at_kitchen_bread bread3) (at_kitchen_content content6) (notexist sandw3)
make_sandwich sandw3 bread4 content1 :: cost: 1
    add: (at_kitchen_sandwich sandw3)
    del: (at_kitchen_bread bread4) (at_kitchen_content content1) (notexist sandw3)
make_sandwich sandw3 bread4 content2 :: cost: 1
    add: (at_kitchen_sandwich sandw3)
    del: (at_kitchen_bread bread4) (at_kitchen_content content2) (notexist sandw3)
make_sandwich sandw3 bread4 content3 :: cost: 1
    add: (at_kitchen_sandwich sandw3)
    del: (at_kitchen_bread bread4) (at_kitchen_content content3) (notexist sandw3)
make_sandwich sandw3 bread4 content4 :: cost: 1
    add: (at_kitchen_sandwich sandw3)
    del: (at_kitchen_bread bread4) (at_kitchen_content content4) (notexist sandw3)
make_sandwich sandw3 bread4 content6 :: cost: 1
    add: (at_kitchen_sandwich sandw3)
    del: (at_kitchen_bread bread4) (at_kitchen_content content6) (notexist sandw3)
make_sandwich sandw3 bread5 content1 :: cost: 1
    add: (at_kitchen_sandwich sandw3)
    del: (at_kitchen_bread bread5) (at_kitchen_content content1) (notexist sandw3)
make_sandwich sandw3 bread5 content2 :: cost: 1
    add: (at_kitchen_sandwich sandw3)
    del: (at_kitchen_bread bread5) (at_kitchen_content content2) (notexist sandw3)
make_sandwich sandw3 bread5 content3 :: cost: 1
    add: (at_kitchen_sandwich sandw3)
    del: (at_kitchen_bread bread5) (at_kitchen_content content3) (notexist sandw3)
make_sandwich sandw3 bread5 content4 :: cost: 1
    add: (at_kitchen_sandwich sandw3)
    del: (at_kitchen_bread bread5) (at_kitchen_content content4) (notexist sandw3)
make_sandwich sandw3 bread5 content6 :: cost: 1
    add: (at_kitchen_sandwich sandw3)
    del: (at_kitchen_bread bread5) (at_kitchen_content content6) (notexist sandw3)
make_sandwich sandw3 bread6 content1 :: cost: 1
    add: (at_kitchen_sandwich sandw3)
    del: (at_kitchen_bread bread6) (at_kitchen_content content1) (notexist sandw3)
make_sandwich sandw3 bread6 content2 :: cost: 1
    add: (at_kitchen_sandwich sandw3)
    del: (at_kitchen_bread bread6) (at_kitchen_content content2) (notexist sandw3)
make_sandwich sandw3 bread6 content3 :: cost: 1
    add: (at_kitchen_sandwich sandw3)
    del: (at_kitchen_bread bread6) (at_kitchen_content content3) (notexist sandw3)
make_sandwich sandw3 bread6 content4 :: cost: 1
    add: (at_kitchen_sandwich sandw3)
    del: (at_kitchen_bread bread6) (at_kitchen_content content4) (notexist sandw3)
make_sandwich sandw3 bread6 content6 :: cost: 1
    add: (at_kitchen_sandwich sandw3)
    del: (at_kitchen_bread bread6) (at_kitchen_content content6) (notexist sandw3)
make_sandwich sandw4 bread2 content1 :: cost: 1
    add: (at_kitchen_sandwich sandw4)
    del: (at_kitchen_bread bread2) (at_kitchen_content content1) (notexist sandw4)
make_sandwich sandw4 bread2 content2 :: cost: 1
    add: (at_kitchen_sandwich sandw4)
    del: (at_kitchen_bread bread2) (at_kitchen_content content2) (notexist sandw4)
make_sandwich sandw4 bread2 content3 :: cost: 1
    add: (at_kitchen_sandwich sandw4)
    del: (at_kitchen_bread bread2) (at_kitchen_content content3) (notexist sandw4)
make_sandwich sandw4 bread2 content4 :: cost: 1
    add: (at_kitchen_sandwich sandw4)
    del: (at_kitchen_bread bread2) (at_kitchen_content content4) (notexist sandw4)
make_sandwich sandw4 bread2 content6 :: cost: 1
    add: (at_kitchen_sandwich sandw4)
    del: (at_kitchen_bread bread2) (at_kitchen_content content6) (notexist sandw4)
make_sandwich sandw4 bread3 content1 :: cost: 1
    add: (at_kitchen_sandwich sandw4)
    del: (at_kitchen_bread bread3) (at_kitchen_content content1) (notexist sandw4)
make_sandwich sandw4 bread3 content2 :: cost: 1
    add: (at_kitchen_sandwich sandw4)
    del: (at_kitchen_bread bread3) (at_kitchen_content content2) (notexist sandw4)
make_sandwich sandw4 bread3 content3 :: cost: 1
    add: (at_kitchen_sandwich sandw4)
    del: (at_kitchen_bread bread3) (at_kitchen_content content3) (notexist sandw4)
make_sandwich sandw4 bread3 content4 :: cost: 1
    add: (at_kitchen_sandwich sandw4)
    del: (at_kitchen_bread bread3) (at_kitchen_content content4) (notexist sandw4)
make_sandwich sandw4 bread3 content6 :: cost: 1
    add: (at_kitchen_sandwich sandw4)
    del: (at_kitchen_bread bread3) (at_kitchen_content content6) (notexist sandw4)
make_sandwich sandw4 bread4 content1 :: cost: 1
    add: (at_kitchen_sandwich sandw4)
    del: (at_kitchen_bread bread4) (at_kitchen_content content1) (notexist sandw4)
make_sandwich sandw4 bread4 content2 :: cost: 1
    add: (at_kitchen_sandwich sandw4)
    del: (at_kitchen_bread bread4) (at_kitchen_content content2) (notexist sandw4)
make_sandwich sandw4 bread4 content3 :: cost: 1
    add: (at_kitchen_sandwich sandw4)
    del: (at_kitchen_bread bread4) (at_kitchen_content content3) (notexist sandw4)
make_sandwich sandw4 bread4 content4 :: cost: 1
    add: (at_kitchen_sandwich sandw4)
    del: (at_kitchen_bread bread4) (at_kitchen_content content4) (notexist sandw4)
make_sandwich sandw4 bread4 content6 :: cost: 1
    add: (at_kitchen_sandwich sandw4)
    del: (at_kitchen_bread bread4) (at_kitchen_content content6) (notexist sandw4)
make_sandwich sandw4 bread5 content1 :: cost: 1
    add: (at_kitchen_sandwich sandw4)
    del: (at_kitchen_bread bread5) (at_kitchen_content content1) (notexist sandw4)
make_sandwich sandw4 bread5 content2 :: cost: 1
    add: (at_kitchen_sandwich sandw4)
    del: (at_kitchen_bread bread5) (at_kitchen_content content2) (notexist sandw4)
make_sandwich sandw4 bread5 content3 :: cost: 1
    add: (at_kitchen_sandwich sandw4)
    del: (at_kitchen_bread bread5) (at_kitchen_content content3) (notexist sandw4)
make_sandwich sandw4 bread5 content4 :: cost: 1
    add: (at_kitchen_sandwich sandw4)
    del: (at_kitchen_bread bread5) (at_kitchen_content content4) (notexist sandw4)
make_sandwich sandw4 bread5 content6 :: cost: 1
    add: (at_kitchen_sandwich sandw4)
    del: (at_kitchen_bread bread5) (at_kitchen_content content6) (notexist sandw4)
make_sandwich sandw4 bread6 content1 :: cost: 1
    add: (at_kitchen_sandwich sandw4)
    del: (at_kitchen_bread bread6) (at_kitchen_content content1) (notexist sandw4)
make_sandwich sandw4 bread6 content2 :: cost: 1
    add: (at_kitchen_sandwich sandw4)
    del: (at_kitchen_bread bread6) (at_kitchen_content content2) (notexist sandw4)
make_sandwich sandw4 bread6 content3 :: cost: 1
    add: (at_kitchen_sandwich sandw4)
    del: (at_kitchen_bread bread6) (at_kitchen_content content3) (notexist sandw4)
make_sandwich sandw4 bread6 content4 :: cost: 1
    add: (at_kitchen_sandwich sandw4)
    del: (at_kitchen_bread bread6) (at_kitchen_content content4) (notexist sandw4)
make_sandwich sandw4 bread6 content6 :: cost: 1
    add: (at_kitchen_sandwich sandw4)
    del: (at_kitchen_bread bread6) (at_kitchen_content content6) (notexist sandw4)
make_sandwich sandw5 bread2 content1 :: cost: 1
    add: (at_kitchen_sandwich sandw5)
    del: (at_kitchen_bread bread2) (at_kitchen_content content1) (notexist sandw5)
make_sandwich sandw5 bread2 content2 :: cost: 1
    add: (at_kitchen_sandwich sandw5)
    del: (at_kitchen_bread bread2) (at_kitchen_content content2) (notexist sandw5)
make_sandwich sandw5 bread2 content3 :: cost: 1
    add: (at_kitchen_sandwich sandw5)
    del: (at_kitchen_bread bread2) (at_kitchen_content content3) (notexist sandw5)
make_sandwich sandw5 bread2 content4 :: cost: 1
    add: (at_kitchen_sandwich sandw5)
    del: (at_kitchen_bread bread2) (at_kitchen_content content4) (notexist sandw5)
make_sandwich sandw5 bread2 content6 :: cost: 1
    add: (at_kitchen_sandwich sandw5)
    del: (at_kitchen_bread bread2) (at_kitchen_content content6) (notexist sandw5)
make_sandwich sandw5 bread3 content1 :: cost: 1
    add: (at_kitchen_sandwich sandw5)
    del: (at_kitchen_bread bread3) (at_kitchen_content content1) (notexist sandw5)
make_sandwich sandw5 bread3 content2 :: cost: 1
    add: (at_kitchen_sandwich sandw5)
    del: (at_kitchen_bread bread3) (at_kitchen_content content2) (notexist sandw5)
make_sandwich sandw5 bread3 content3 :: cost: 1
    add: (at_kitchen_sandwich sandw5)
    del: (at_kitchen_bread bread3) (at_kitchen_content content3) (notexist sandw5)
make_sandwich sandw5 bread3 content4 :: cost: 1
    add: (at_kitchen_sandwich sandw5)
    del: (at_kitchen_bread bread3) (at_kitchen_content content4) (notexist sandw5)
make_sandwich sandw5 bread3 content6 :: cost: 1
    add: (at_kitchen_sandwich sandw5)
    del: (at_kitchen_bread bread3) (at_kitchen_content content6) (notexist sandw5)
make_sandwich sandw5 bread4 content1 :: cost: 1
    add: (at_kitchen_sandwich sandw5)
    del: (at_kitchen_bread bread4) (at_kitchen_content content1) (notexist sandw5)
make_sandwich sandw5 bread4 content2 :: cost: 1
    add: (at_kitchen_sandwich sandw5)
    del: (at_kitchen_bread bread4) (at_kitchen_content content2) (notexist sandw5)
make_sandwich sandw5 bread4 content3 :: cost: 1
    add: (at_kitchen_sandwich sandw5)
    del: (at_kitchen_bread bread4) (at_kitchen_content content3) (notexist sandw5)
make_sandwich sandw5 bread4 content4 :: cost: 1
    add: (at_kitchen_sandwich sandw5)
    del: (at_kitchen_bread bread4) (at_kitchen_content content4) (notexist sandw5)
make_sandwich sandw5 bread4 content6 :: cost: 1
    add: (at_kitchen_sandwich sandw5)
    del: (at_kitchen_bread bread4) (at_kitchen_content content6) (notexist sandw5)
make_sandwich sandw5 bread5 content1 :: cost: 1
    add: (at_kitchen_sandwich sandw5)
    del: (at_kitchen_bread bread5) (at_kitchen_content content1) (notexist sandw5)
make_sandwich sandw5 bread5 content2 :: cost: 1
    add: (at_kitchen_sandwich sandw5)
    del: (at_kitchen_bread bread5) (at_kitchen_content content2) (notexist sandw5)
make_sandwich sandw5 bread5 content3 :: cost: 1
    add: (at_kitchen_sandwich sandw5)
    del: (at_kitchen_bread bread5) (at_kitchen_content content3) (notexist sandw5)
make_sandwich sandw5 bread5 content4 :: cost: 1
    add: (at_kitchen_sandwich sandw5)
    del: (at_kitchen_bread bread5) (at_kitchen_content content4) (notexist sandw5)
make_sandwich sandw5 bread5 content6 :: cost: 1
    add: (at_kitchen_sandwich sandw5)
    del: (at_kitchen_bread bread5) (at_kitchen_content content6) (notexist sandw5)
make_sandwich sandw5 bread6 content1 :: cost: 1
    add: (at_kitchen_sandwich sandw5)
    del: (at_kitchen_bread bread6) (at_kitchen_content content1) (notexist sandw5)
make_sandwich sandw5 bread6 content2 :: cost: 1
    add: (at_kitchen_sandwich sandw5)
    del: (at_kitchen_bread bread6) (at_kitchen_content content2) (notexist sandw5)
make_sandwich sandw5 bread6 content3 :: cost: 1
    add: (at_kitchen_sandwich sandw5)
    del: (at_kitchen_bread bread6) (at_kitchen_content content3) (notexist sandw5)
make_sandwich sandw5 bread6 content4 :: cost: 1
    add: (at_kitchen_sandwich sandw5)
    del: (at_kitchen_bread bread6) (at_kitchen_content content4) (notexist sandw5)
make_sandwich sandw5 bread6 content6 :: cost: 1
    add: (at_kitchen_sandwich sandw5)
    del: (at_kitchen_bread bread6) (at_kitchen_content content6) (notexist sandw5)
make_sandwich sandw6 bread2 content1 :: cost: 1
    add: (at_kitchen_sandwich sandw6)
    del: (at_kitchen_bread bread2) (at_kitchen_content content1) (notexist sandw6)
make_sandwich sandw6 bread2 content2 :: cost: 1
    add: (at_kitchen_sandwich sandw6)
    del: (at_kitchen_bread bread2) (at_kitchen_content content2) (notexist sandw6)
make_sandwich sandw6 bread2 content3 :: cost: 1
    add: (at_kitchen_sandwich sandw6)
    del: (at_kitchen_bread bread2) (at_kitchen_content content3) (notexist sandw6)
make_sandwich sandw6 bread2 content4 :: cost: 1
    add: (at_kitchen_sandwich sandw6)
    del: (at_kitchen_bread bread2) (at_kitchen_content content4) (notexist sandw6)
make_sandwich sandw6 bread2 content6 :: cost: 1
    add: (at_kitchen_sandwich sandw6)
    del: (at_kitchen_bread bread2) (at_kitchen_content content6) (notexist sandw6)
make_sandwich sandw6 bread3 content1 :: cost: 1
    add: (at_kitchen_sandwich sandw6)
    del: (at_kitchen_bread bread3) (at_kitchen_content content1) (notexist sandw6)
make_sandwich sandw6 bread3 content2 :: cost: 1
    add: (at_kitchen_sandwich sandw6)
    del: (at_kitchen_bread bread3) (at_kitchen_content content2) (notexist sandw6)
make_sandwich sandw6 bread3 content3 :: cost: 1
    add: (at_kitchen_sandwich sandw6)
    del: (at_kitchen_bread bread3) (at_kitchen_content content3) (notexist sandw6)
make_sandwich sandw6 bread3 content4 :: cost: 1
    add: (at_kitchen_sandwich sandw6)
    del: (at_kitchen_bread bread3) (at_kitchen_content content4) (notexist sandw6)
make_sandwich sandw6 bread3 content6 :: cost: 1
    add: (at_kitchen_sandwich sandw6)
    del: (at_kitchen_bread bread3) (at_kitchen_content content6) (notexist sandw6)
make_sandwich sandw6 bread4 content1 :: cost: 1
    add: (at_kitchen_sandwich sandw6)
    del: (at_kitchen_bread bread4) (at_kitchen_content content1) (notexist sandw6)
make_sandwich sandw6 bread4 content2 :: cost: 1
    add: (at_kitchen_sandwich sandw6)
    del: (at_kitchen_bread bread4) (at_kitchen_content content2) (notexist sandw6)
make_sandwich sandw6 bread4 content3 :: cost: 1
    add: (at_kitchen_sandwich sandw6)
    del: (at_kitchen_bread bread4) (at_kitchen_content content3) (notexist sandw6)
make_sandwich sandw6 bread4 content4 :: cost: 1
    add: (at_kitchen_sandwich sandw6)
    del: (at_kitchen_bread bread4) (at_kitchen_content content4) (notexist sandw6)
make_sandwich sandw6 bread4 content6 :: cost: 1
    add: (at_kitchen_sandwich sandw6)
    del: (at_kitchen_bread bread4) (at_kitchen_content content6) (notexist sandw6)
make_sandwich sandw6 bread5 content1 :: cost: 1
    add: (at_kitchen_sandwich sandw6)
    del: (at_kitchen_bread bread5) (at_kitchen_content content1) (notexist sandw6)
make_sandwich sandw6 bread5 content2 :: cost: 1
    add: (at_kitchen_sandwich sandw6)
    del: (at_kitchen_bread bread5) (at_kitchen_content content2) (notexist sandw6)
make_sandwich sandw6 bread5 content3 :: cost: 1
    add: (at_kitchen_sandwich sandw6)
    del: (at_kitchen_bread bread5) (at_kitchen_content content3) (notexist sandw6)
make_sandwich sandw6 bread5 content4 :: cost: 1
    add: (at_kitchen_sandwich sandw6)
    del: (at_kitchen_bread bread5) (at_kitchen_content content4) (notexist sandw6)
make_sandwich sandw6 bread5 content6 :: cost: 1
    add: (at_kitchen_sandwich sandw6)
    del: (at_kitchen_bread bread5) (at_kitchen_content content6) (notexist sandw6)
make_sandwich sandw6 bread6 content1 :: cost: 1
    add: (at_kitchen_sandwich sandw6)
    del: (at_kitchen_bread bread6) (at_kitchen_content content1) (notexist sandw6)
make_sandwich sandw6 bread6 content2 :: cost: 1
    add: (at_kitchen_sandwich sandw6)
    del: (at_kitchen_bread bread6) (at_kitchen_content content2) (notexist sandw6)
make_sandwich sandw6 bread6 content3 :: cost: 1
    add: (at_kitchen_sandwich sandw6)
    del: (at_kitchen_bread bread6) (at_kitchen_content content3) (notexist sandw6)
make_sandwich sandw6 bread6 content4 :: cost: 1
    add: (at_kitchen_sandwich sandw6)
    del: (at_kitchen_bread bread6) (at_kitchen_content content4) (notexist sandw6)
make_sandwich sandw6 bread6 content6 :: cost: 1
    add: (at_kitchen_sandwich sandw6)
    del: (at_kitchen_bread bread6) (at_kitchen_content content6) (notexist sandw6)
make_sandwich sandw7 bread2 content1 :: cost: 1
    add: (at_kitchen_sandwich sandw7)
    del: (at_kitchen_bread bread2) (at_kitchen_content content1) (notexist sandw7)
make_sandwich sandw7 bread2 content2 :: cost: 1
    add: (at_kitchen_sandwich sandw7)
    del: (at_kitchen_bread bread2) (at_kitchen_content content2) (notexist sandw7)
make_sandwich sandw7 bread2 content3 :: cost: 1
    add: (at_kitchen_sandwich sandw7)
    del: (at_kitchen_bread bread2) (at_kitchen_content content3) (notexist sandw7)
make_sandwich sandw7 bread2 content4 :: cost: 1
    add: (at_kitchen_sandwich sandw7)
    del: (at_kitchen_bread bread2) (at_kitchen_content content4) (notexist sandw7)
make_sandwich sandw7 bread2 content6 :: cost: 1
    add: (at_kitchen_sandwich sandw7)
    del: (at_kitchen_bread bread2) (at_kitchen_content content6) (notexist sandw7)
make_sandwich sandw7 bread3 content1 :: cost: 1
    add: (at_kitchen_sandwich sandw7)
    del: (at_kitchen_bread bread3) (at_kitchen_content content1) (notexist sandw7)
make_sandwich sandw7 bread3 content2 :: cost: 1
    add: (at_kitchen_sandwich sandw7)
    del: (at_kitchen_bread bread3) (at_kitchen_content content2) (notexist sandw7)
make_sandwich sandw7 bread3 content3 :: cost: 1
    add: (at_kitchen_sandwich sandw7)
    del: (at_kitchen_bread bread3) (at_kitchen_content content3) (notexist sandw7)
make_sandwich sandw7 bread3 content4 :: cost: 1
    add: (at_kitchen_sandwich sandw7)
    del: (at_kitchen_bread bread3) (at_kitchen_content content4) (notexist sandw7)
make_sandwich sandw7 bread3 content6 :: cost: 1
    add: (at_kitchen_sandwich sandw7)
    del: (at_kitchen_bread bread3) (at_kitchen_content content6) (notexist sandw7)
make_sandwich sandw7 bread4 content1 :: cost: 1
    add: (at_kitchen_sandwich sandw7)
    del: (at_kitchen_bread bread4) (at_kitchen_content content1) (notexist sandw7)
make_sandwich sandw7 bread4 content2 :: cost: 1
    add: (at_kitchen_sandwich sandw7)
    del: (at_kitchen_bread bread4) (at_kitchen_content content2) (notexist sandw7)
make_sandwich sandw7 bread4 content3 :: cost: 1
    add: (at_kitchen_sandwich sandw7)
    del: (at_kitchen_bread bread4) (at_kitchen_content content3) (notexist sandw7)
make_sandwich sandw7 bread4 content4 :: cost: 1
    add: (at_kitchen_sandwich sandw7)
    del: (at_kitchen_bread bread4) (at_kitchen_content content4) (notexist sandw7)
make_sandwich sandw7 bread4 content6 :: cost: 1
    add: (at_kitchen_sandwich sandw7)
    del: (at_kitchen_bread bread4) (at_kitchen_content content6) (notexist sandw7)
make_sandwich sandw7 bread5 content1 :: cost: 1
    add: (at_kitchen_sandwich sandw7)
    del: (at_kitchen_bread bread5) (at_kitchen_content content1) (notexist sandw7)
make_sandwich sandw7 bread5 content2 :: cost: 1
    add: (at_kitchen_sandwich sandw7)
    del: (at_kitchen_bread bread5) (at_kitchen_content content2) (notexist sandw7)
make_sandwich sandw7 bread5 content3 :: cost: 1
    add: (at_kitchen_sandwich sandw7)
    del: (at_kitchen_bread bread5) (at_kitchen_content content3) (notexist sandw7)
make_sandwich sandw7 bread5 content4 :: cost: 1
    add: (at_kitchen_sandwich sandw7)
    del: (at_kitchen_bread bread5) (at_kitchen_content content4) (notexist sandw7)
make_sandwich sandw7 bread5 content6 :: cost: 1
    add: (at_kitchen_sandwich sandw7)
    del: (at_kitchen_bread bread5) (at_kitchen_content content6) (notexist sandw7)
make_sandwich sandw7 bread6 content1 :: cost: 1
    add: (at_kitchen_sandwich sandw7)
    del: (at_kitchen_bread bread6) (at_kitchen_content content1) (notexist sandw7)
make_sandwich sandw7 bread6 content2 :: cost: 1
    add: (at_kitchen_sandwich sandw7)
    del: (at_kitchen_bread bread6) (at_kitchen_content content2) (notexist sandw7)
make_sandwich sandw7 bread6 content3 :: cost: 1
    add: (at_kitchen_sandwich sandw7)
    del: (at_kitchen_bread bread6) (at_kitchen_content content3) (notexist sandw7)
make_sandwich sandw7 bread6 content4 :: cost: 1
    add: (at_kitchen_sandwich sandw7)
    del: (at_kitchen_bread bread6) (at_kitchen_content content4) (notexist sandw7)
make_sandwich sandw7 bread6 content6 :: cost: 1
    add: (at_kitchen_sandwich sandw7)
    del: (at_kitchen_bread bread6) (at_kitchen_content content6) (notexist sandw7)
make_sandwich sandw8 bread2 content1 :: cost: 1
    add: (at_kitchen_sandwich sandw8)
    del: (at_kitchen_bread bread2) (at_kitchen_content content1) (notexist sandw8)
make_sandwich sandw8 bread2 content2 :: cost: 1
    add: (at_kitchen_sandwich sandw8)
    del: (at_kitchen_bread bread2) (at_kitchen_content content2) (notexist sandw8)
make_sandwich sandw8 bread2 content3 :: cost: 1
    add: (at_kitchen_sandwich sandw8)
    del: (at_kitchen_bread bread2) (at_kitchen_content content3) (notexist sandw8)
make_sandwich sandw8 bread2 content4 :: cost: 1
    add: (at_kitchen_sandwich sandw8)
    del: (at_kitchen_bread bread2) (at_kitchen_content content4) (notexist sandw8)
make_sandwich sandw8 bread2 content6 :: cost: 1
    add: (at_kitchen_sandwich sandw8)
    del: (at_kitchen_bread bread2) (at_kitchen_content content6) (notexist sandw8)
make_sandwich sandw8 bread3 content1 :: cost: 1
    add: (at_kitchen_sandwich sandw8)
    del: (at_kitchen_bread bread3) (at_kitchen_content content1) (notexist sandw8)
make_sandwich sandw8 bread3 content2 :: cost: 1
    add: (at_kitchen_sandwich sandw8)
    del: (at_kitchen_bread bread3) (at_kitchen_content content2) (notexist sandw8)
make_sandwich sandw8 bread3 content3 :: cost: 1
    add: (at_kitchen_sandwich sandw8)
    del: (at_kitchen_bread bread3) (at_kitchen_content content3) (notexist sandw8)
make_sandwich sandw8 bread3 content4 :: cost: 1
    add: (at_kitchen_sandwich sandw8)
    del: (at_kitchen_bread bread3) (at_kitchen_content content4) (notexist sandw8)
make_sandwich sandw8 bread3 content6 :: cost: 1
    add: (at_kitchen_sandwich sandw8)
    del: (at_kitchen_bread bread3) (at_kitchen_content content6) (notexist sandw8)
make_sandwich sandw8 bread4 content1 :: cost: 1
    add: (at_kitchen_sandwich sandw8)
    del: (at_kitchen_bread bread4) (at_kitchen_content content1) (notexist sandw8)
make_sandwich sandw8 bread4 content2 :: cost: 1
    add: (at_kitchen_sandwich sandw8)
    del: (at_kitchen_bread bread4) (at_kitchen_content content2) (notexist sandw8)
make_sandwich sandw8 bread4 content3 :: cost: 1
    add: (at_kitchen_sandwich sandw8)
    del: (at_kitchen_bread bread4) (at_kitchen_content content3) (notexist sandw8)
make_sandwich sandw8 bread4 content4 :: cost: 1
    add: (at_kitchen_sandwich sandw8)
    del: (at_kitchen_bread bread4) (at_kitchen_content content4) (notexist sandw8)
make_sandwich sandw8 bread4 content6 :: cost: 1
    add: (at_kitchen_sandwich sandw8)
    del: (at_kitchen_bread bread4) (at_kitchen_content content6) (notexist sandw8)
make_sandwich sandw8 bread5 content1 :: cost: 1
    add: (at_kitchen_sandwich sandw8)
    del: (at_kitchen_bread bread5) (at_kitchen_content content1) (notexist sandw8)
make_sandwich sandw8 bread5 content2 :: cost: 1
    add: (at_kitchen_sandwich sandw8)
    del: (at_kitchen_bread bread5) (at_kitchen_content content2) (notexist sandw8)
make_sandwich sandw8 bread5 content3 :: cost: 1
    add: (at_kitchen_sandwich sandw8)
    del: (at_kitchen_bread bread5) (at_kitchen_content content3) (notexist sandw8)
make_sandwich sandw8 bread5 content4 :: cost: 1
    add: (at_kitchen_sandwich sandw8)
    del: (at_kitchen_bread bread5) (at_kitchen_content content4) (notexist sandw8)
make_sandwich sandw8 bread5 content6 :: cost: 1
    add: (at_kitchen_sandwich sandw8)
    del: (at_kitchen_bread bread5) (at_kitchen_content content6) (notexist sandw8)
make_sandwich sandw8 bread6 content1 :: cost: 1
    add: (at_kitchen_sandwich sandw8)
    del: (at_kitchen_bread bread6) (at_kitchen_content content1) (notexist sandw8)
make_sandwich sandw8 bread6 content2 :: cost: 1
    add: (at_kitchen_sandwich sandw8)
    del: (at_kitchen_bread bread6) (at_kitchen_content content2) (notexist sandw8)
make_sandwich sandw8 bread6 content3 :: cost: 1
    add: (at_kitchen_sandwich sandw8)
    del: (at_kitchen_bread bread6) (at_kitchen_content content3) (notexist sandw8)
make_sandwich sandw8 bread6 content4 :: cost: 1
    add: (at_kitchen_sandwich sandw8)
    del: (at_kitchen_bread bread6) (at_kitchen_content content4) (notexist sandw8)
make_sandwich sandw8 bread6 content6 :: cost: 1
    add: (at_kitchen_sandwich sandw8)
    del: (at_kitchen_bread bread6) (at_kitchen_content content6) (notexist sandw8)
put_on_tray sandw1 tray1 :: cost: 1
    add: (ontray sandw1 tray1)
    del: (at_kitchen_sandwich sandw1)
put_on_tray sandw1 tray2 :: cost: 1
    add: (ontray sandw1 tray2)
    del: (at_kitchen_sandwich sandw1)
move_tray tray1 kitchen kitchen :: cost: 1
    add:
    del:
move_tray tray1 kitchen table1 :: cost: 1
    add: (at tray1 table1)
    del: (at tray1 kitchen)
move_tray tray1 kitchen table2 :: cost: 1
    add: (at tray1 table2)
    del: (at tray1 kitchen)
move_tray tray1 kitchen table3 :: cost: 1
    add: (at tray1 table3)
    del: (at tray1 kitchen)
move_tray tray2 kitchen kitchen :: cost: 1
    add:
    del:
move_tray tray2 kitchen table1 :: cost: 1
    add: (at tray2 table1)
    del: (at tray2 kitchen)
move_tray tray2 kitchen table2 :: cost: 1
    add: (at tray2 table2)
    del: (at tray2 kitchen)
move_tray tray2 kitchen table3 :: cost: 1
    add: (at tray2 table3)
    del: (at tray2 kitchen)
Step 2 (at tray1 kitchen) (at tray2 kitchen) (at_kitchen_bread bread2) (at_kitchen_bread bread3) (at_kitchen_bread bread5) (at_kitchen_bread bread6) (at_kitchen_content content1) (at_kitchen_content content2) (at_kitchen_content content3) (at_kitchen_content content4) (notexist sandw2) (notexist sandw4) (notexist sandw5) (notexist sandw6) (notexist sandw7) (notexist sandw8) (at_kitchen_sandwich sandw1) (no_gluten_sandwich sandw1) (at_kitchen_sandwich sandw3) (no_gluten_sandwich sandw3)
size: 108
make_sandwich sandw2 bread2 content1 :: cost: 1
    add: (at_kitchen_sandwich sandw2)
    del: (at_kitchen_bread bread2) (at_kitchen_content content1) (notexist sandw2)
make_sandwich sandw2 bread2 content2 :: cost: 1
    add: (at_kitchen_sandwich sandw2)
    del: (at_kitchen_bread bread2) (at_kitchen_content content2) (notexist sandw2)
make_sandwich sandw2 bread2 content3 :: cost: 1
    add: (at_kitchen_sandwich sandw2)
    del: (at_kitchen_bread bread2) (at_kitchen_content content3) (notexist sandw2)
make_sandwich sandw2 bread2 content4 :: cost: 1
    add: (at_kitchen_sandwich sandw2)
    del: (at_kitchen_bread bread2) (at_kitchen_content content4) (notexist sandw2)
make_sandwich sandw2 bread3 content1 :: cost: 1
    add: (at_kitchen_sandwich sandw2)
    del: (at_kitchen_bread bread3) (at_kitchen_content content1) (notexist sandw2)
make_sandwich sandw2 bread3 content2 :: cost: 1
    add: (at_kitchen_sandwich sandw2)
    del: (at_kitchen_bread bread3) (at_kitchen_content content2) (notexist sandw2)
make_sandwich sandw2 bread3 content3 :: cost: 1
    add: (at_kitchen_sandwich sandw2)
    del: (at_kitchen_bread bread3) (at_kitchen_content content3) (notexist sandw2)
make_sandwich sandw2 bread3 content4 :: cost: 1
    add: (at_kitchen_sandwich sandw2)
    del: (at_kitchen_bread bread3) (at_kitchen_content content4) (notexist sandw2)
make_sandwich sandw2 bread5 content1 :: cost: 1
    add: (at_kitchen_sandwich sandw2)
    del: (at_kitchen_bread bread5) (at_kitchen_content content1) (notexist sandw2)
make_sandwich sandw2 bread5 content2 :: cost: 1
    add: (at_kitchen_sandwich sandw2)
    del: (at_kitchen_bread bread5) (at_kitchen_content content2) (notexist sandw2)
make_sandwich sandw2 bread5 content3 :: cost: 1
    add: (at_kitchen_sandwich sandw2)
    del: (at_kitchen_bread bread5) (at_kitchen_content content3) (notexist sandw2)
make_sandwich sandw2 bread5 content4 :: cost: 1
    add: (at_kitchen_sandwich sandw2)
    del: (at_kitchen_bread bread5) (at_kitchen_content content4) (notexist sandw2)
make_sandwich sandw2 bread6 content1 :: cost: 1
    add: (at_kitchen_sandwich sandw2)
    del: (at_kitchen_bread bread6) (at_kitchen_content content1) (notexist sandw2)
make_sandwich sandw2 bread6 content2 :: cost: 1
    add: (at_kitchen_sandwich sandw2)
    del: (at_kitchen_bread bread6) (at_kitchen_content content2) (notexist sandw2)
make_sandwich sandw2 bread6 content3 :: cost: 1
    add: (at_kitchen_sandwich sandw2)
    del: (at_kitchen_bread bread6) (at_kitchen_content content3) (notexist sandw2)
make_sandwich sandw2 bread6 content4 :: cost: 1
    add: (at_kitchen_sandwich sandw2)
    del: (at_kitchen_bread bread6) (at_kitchen_content content4) (notexist sandw2)
make_sandwich sandw4 bread2 content1 :: cost: 1
    add: (at_kitchen_sandwich sandw4)
    del: (at_kitchen_bread bread2) (at_kitchen_content content1) (notexist sandw4)
make_sandwich sandw4 bread2 content2 :: cost: 1
    add: (at_kitchen_sandwich sandw4)
    del: (at_kitchen_bread bread2) (at_kitchen_content content2) (notexist sandw4)
make_sandwich sandw4 bread2 content3 :: cost: 1
    add: (at_kitchen_sandwich sandw4)
    del: (at_kitchen_bread bread2) (at_kitchen_content content3) (notexist sandw4)
make_sandwich sandw4 bread2 content4 :: cost: 1
    add: (at_kitchen_sandwich sandw4)
    del: (at_kitchen_bread bread2) (at_kitchen_content content4) (notexist sandw4)
make_sandwich sandw4 bread3 content1 :: cost: 1
    add: (at_kitchen_sandwich sandw4)
    del: (at_kitchen_bread bread3) (at_kitchen_content content1) (notexist sandw4)
make_sandwich sandw4 bread3 content2 :: cost: 1
    add: (at_kitchen_sandwich sandw4)
    del: (at_kitchen_bread bread3) (at_kitchen_content content2) (notexist sandw4)
make_sandwich sandw4 bread3 content3 :: cost: 1
    add: (at_kitchen_sandwich sandw4)
    del: (at_kitchen_bread bread3) (at_kitchen_content content3) (notexist sandw4)
make_sandwich sandw4 bread3 content4 :: cost: 1
    add: (at_kitchen_sandwich sandw4)
    del: (at_kitchen_bread bread3) (at_kitchen_content content4) (notexist sandw4)
make_sandwich sandw4 bread5 content1 :: cost: 1
    add: (at_kitchen_sandwich sandw4)
    del: (at_kitchen_bread bread5) (at_kitchen_content content1) (notexist sandw4)
make_sandwich sandw4 bread5 content2 :: cost: 1
    add: (at_kitchen_sandwich sandw4)
    del: (at_kitchen_bread bread5) (at_kitchen_content content2) (notexist sandw4)
make_sandwich sandw4 bread5 content3 :: cost: 1
    add: (at_kitchen_sandwich sandw4)
    del: (at_kitchen_bread bread5) (at_kitchen_content content3) (notexist sandw4)
make_sandwich sandw4 bread5 content4 :: cost: 1
    add: (at_kitchen_sandwich sandw4)
    del: (at_kitchen_bread bread5) (at_kitchen_content content4) (notexist sandw4)
make_sandwich sandw4 bread6 content1 :: cost: 1
    add: (at_kitchen_sandwich sandw4)
    del: (at_kitchen_bread bread6) (at_kitchen_content content1) (notexist sandw4)
make_sandwich sandw4 bread6 content2 :: cost: 1
    add: (at_kitchen_sandwich sandw4)
    del: (at_kitchen_bread bread6) (at_kitchen_content content2) (notexist sandw4)
make_sandwich sandw4 bread6 content3 :: cost: 1
    add: (at_kitchen_sandwich sandw4)
    del: (at_kitchen_bread bread6) (at_kitchen_content content3) (notexist sandw4)
make_sandwich sandw4 bread6 content4 :: cost: 1
    add: (at_kitchen_sandwich sandw4)
    del: (at_kitchen_bread bread6) (at_kitchen_content content4) (notexist sandw4)
make_sandwich sandw5 bread2 content1 :: cost: 1
    add: (at_kitchen_sandwich sandw5)
    del: (at_kitchen_bread bread2) (at_kitchen_content content1) (notexist sandw5)
make_sandwich sandw5 bread2 content2 :: cost: 1
    add: (at_kitchen_sandwich sandw5)
    del: (at_kitchen_bread bread2) (at_kitchen_content content2) (notexist sandw5)
make_sandwich sandw5 bread2 content3 :: cost: 1
    add: (at_kitchen_sandwich sandw5)
    del: (at_kitchen_bread bread2) (at_kitchen_content content3) (notexist sandw5)
make_sandwich sandw5 bread2 content4 :: cost: 1
    add: (at_kitchen_sandwich sandw5)
    del: (at_kitchen_bread bread2) (at_kitchen_content content4) (notexist sandw5)
make_sandwich sandw5 bread3 content1 :: cost: 1
    add: (at_kitchen_sandwich sandw5)
    del: (at_kitchen_bread bread3) (at_kitchen_content content1) (notexist sandw5)
make_sandwich sandw5 bread3 content2 :: cost: 1
    add: (at_kitchen_sandwich sandw5)
    del: (at_kitchen_bread bread3) (at_kitchen_content content2) (notexist sandw5)
make_sandwich sandw5 bread3 content3 :: cost: 1
    add: (at_kitchen_sandwich sandw5)
    del: (at_kitchen_bread bread3) (at_kitchen_content content3) (notexist sandw5)
make_sandwich sandw5 bread3 content4 :: cost: 1
    add: (at_kitchen_sandwich sandw5)
    del: (at_kitchen_bread bread3) (at_kitchen_content content4) (notexist sandw5)
make_sandwich sandw5 bread5 content1 :: cost: 1
    add: (at_kitchen_sandwich sandw5)
    del: (at_kitchen_bread bread5) (at_kitchen_content content1) (notexist sandw5)
make_sandwich sandw5 bread5 content2 :: cost: 1
    add: (at_kitchen_sandwich sandw5)
    del: (at_kitchen_bread bread5) (at_kitchen_content content2) (notexist sandw5)
make_sandwich sandw5 bread5 content3 :: cost: 1
    add: (at_kitchen_sandwich sandw5)
    del: (at_kitchen_bread bread5) (at_kitchen_content content3) (notexist sandw5)
make_sandwich sandw5 bread5 content4 :: cost: 1
    add: (at_kitchen_sandwich sandw5)
    del: (at_kitchen_bread bread5) (at_kitchen_content content4) (notexist sandw5)
make_sandwich sandw5 bread6 content1 :: cost: 1
    add: (at_kitchen_sandwich sandw5)
    del: (at_kitchen_bread bread6) (at_kitchen_content content1) (notexist sandw5)
make_sandwich sandw5 bread6 content2 :: cost: 1
    add: (at_kitchen_sandwich sandw5)
    del: (at_kitchen_bread bread6) (at_kitchen_content content2) (notexist sandw5)
make_sandwich sandw5 bread6 content3 :: cost: 1
    add: (at_kitchen_sandwich sandw5)
    del: (at_kitchen_bread bread6) (at_kitchen_content content3) (notexist sandw5)
make_sandwich sandw5 bread6 content4 :: cost: 1
    add: (at_kitchen_sandwich sandw5)
    del: (at_kitchen_bread bread6) (at_kitchen_content content4) (notexist sandw5)
make_sandwich sandw6 bread2 content1 :: cost: 1
    add: (at_kitchen_sandwich sandw6)
    del: (at_kitchen_bread bread2) (at_kitchen_content content1) (notexist sandw6)
make_sandwich sandw6 bread2 content2 :: cost: 1
    add: (at_kitchen_sandwich sandw6)
    del: (at_kitchen_bread bread2) (at_kitchen_content content2) (notexist sandw6)
make_sandwich sandw6 bread2 content3 :: cost: 1
    add: (at_kitchen_sandwich sandw6)
    del: (at_kitchen_bread bread2) (at_kitchen_content content3) (notexist sandw6)
make_sandwich sandw6 bread2 content4 :: cost: 1
    add: (at_kitchen_sandwich sandw6)
    del: (at_kitchen_bread bread2) (at_kitchen_content content4) (notexist sandw6)
make_sandwich sandw6 bread3 content1 :: cost: 1
    add: (at_kitchen_sandwich sandw6)
    del: (at_kitchen_bread bread3) (at_kitchen_content content1) (notexist sandw6)
make_sandwich sandw6 bread3 content2 :: cost: 1
    add: (at_kitchen_sandwich sandw6)
    del: (at_kitchen_bread bread3) (at_kitchen_content content2) (notexist sandw6)
make_sandwich sandw6 bread3 content3 :: cost: 1
    add: (at_kitchen_sandwich sandw6)
    del: (at_kitchen_bread bread3) (at_kitchen_content content3) (notexist sandw6)
make_sandwich sandw6 bread3 content4 :: cost: 1
    add: (at_kitchen_sandwich sandw6)
    del: (at_kitchen_bread bread3) (at_kitchen_content content4) (notexist sandw6)
make_sandwich sandw6 bread5 content1 :: cost: 1
    add: (at_kitchen_sandwich sandw6)
    del: (at_kitchen_bread bread5) (at_kitchen_content content1) (notexist sandw6)
make_sandwich sandw6 bread5 content2 :: cost: 1
    add: (at_kitchen_sandwich sandw6)
    del: (at_kitchen_bread bread5) (at_kitchen_content content2) (notexist sandw6)
make_sandwich sandw6 bread5 content3 :: cost: 1
    add: (at_kitchen_sandwich sandw6)
    del: (at_kitchen_bread bread5) (at_kitchen_content content3) (notexist sandw6)
make_sandwich sandw6 bread5 content4 :: cost: 1
    add: (at_kitchen_sandwich sandw6)
    del: (at_kitchen_bread bread5) (at_kitchen_content content4) (notexist sandw6)
make_sandwich sandw6 bread6 content1 :: cost: 1
    add: (at_kitchen_sandwich sandw6)
    del: (at_kitchen_bread bread6) (at_kitchen_content content1) (notexist sandw6)
make_sandwich sandw6 bread6 content2 :: cost: 1
    add: (at_kitchen_sandwich sandw6)
    del: (at_kitchen_bread bread6) (at_kitchen_content content2) (notexist sandw6)
make_sandwich sandw6 bread6 content3 :: cost: 1
    add: (at_kitchen_sandwich sandw6)
    del: (at_kitchen_bread bread6) (at_kitchen_content content3) (notexist sandw6)
make_sandwich sandw6 bread6 content4 :: cost: 1
    add: (at_kitchen_sandwich sandw6)
    del: (at_kitchen_bread bread6) (at_kitchen_content content4) (notexist sandw6)
make_sandwich sandw7 bread2 content1 :: cost: 1
    add: (at_kitchen_sandwich sandw7)
    del: (at_kitchen_bread bread2) (at_kitchen_content content1) (notexist sandw7)
make_sandwich sandw7 bread2 content2 :: cost: 1
    add: (at_kitchen_sandwich sandw7)
    del: (at_kitchen_bread bread2) (at_kitchen_content content2) (notexist sandw7)
make_sandwich sandw7 bread2 content3 :: cost: 1
    add: (at_kitchen_sandwich sandw7)
    del: (at_kitchen_bread bread2) (at_kitchen_content content3) (notexist sandw7)
make_sandwich sandw7 bread2 content4 :: cost: 1
    add: (at_kitchen_sandwich sandw7)
    del: (at_kitchen_bread bread2) (at_kitchen_content content4) (notexist sandw7)
make_sandwich sandw7 bread3 content1 :: cost: 1
    add: (at_kitchen_sandwich sandw7)
    del: (at_kitchen_bread bread3) (at_kitchen_content content1) (notexist sandw7)
make_sandwich sandw7 bread3 content2 :: cost: 1
    add: (at_kitchen_sandwich sandw7)
    del: (at_kitchen_bread bread3) (at_kitchen_content content2) (notexist sandw7)
make_sandwich sandw7 bread3 content3 :: cost: 1
    add: (at_kitchen_sandwich sandw7)
    del: (at_kitchen_bread bread3) (at_kitchen_content content3) (notexist sandw7)
make_sandwich sandw7 bread3 content4 :: cost: 1
    add: (at_kitchen_sandwich sandw7)
    del: (at_kitchen_bread bread3) (at_kitchen_content content4) (notexist sandw7)
make_sandwich sandw7 bread5 content1 :: cost: 1
    add: (at_kitchen_sandwich sandw7)
    del: (at_kitchen_bread bread5) (at_kitchen_content content1) (notexist sandw7)
make_sandwich sandw7 bread5 content2 :: cost: 1
    add: (at_kitchen_sandwich sandw7)
    del: (at_kitchen_bread bread5) (at_kitchen_content content2) (notexist sandw7)
make_sandwich sandw7 bread5 content3 :: cost: 1
    add: (at_kitchen_sandwich sandw7)
    del: (at_kitchen_bread bread5) (at_kitchen_content content3) (notexist sandw7)
make_sandwich sandw7 bread5 content4 :: cost: 1
    add: (at_kitchen_sandwich sandw7)
    del: (at_kitchen_bread bread5) (at_kitchen_content content4) (notexist sandw7)
make_sandwich sandw7 bread6 content1 :: cost: 1
    add: (at_kitchen_sandwich sandw7)
    del: (at_kitchen_bread bread6) (at_kitchen_content content1) (notexist sandw7)
make_sandwich sandw7 bread6 content2 :: cost: 1
    add: (at_kitchen_sandwich sandw7)
    del: (at_kitchen_bread bread6) (at_kitchen_content content2) (notexist sandw7)
make_sandwich sandw7 bread6 content3 :: cost: 1
    add: (at_kitchen_sandwich sandw7)
    del: (at_kitchen_bread bread6) (at_kitchen_content content3) (notexist sandw7)
make_sandwich sandw7 bread6 content4 :: cost: 1
    add: (at_kitchen_sandwich sandw7)
    del: (at_kitchen_bread bread6) (at_kitchen_content content4) (notexist sandw7)
make_sandwich sandw8 bread2 content1 :: cost: 1
    add: (at_kitchen_sandwich sandw8)
    del: (at_kitchen_bread bread2) (at_kitchen_content content1) (notexist sandw8)
make_sandwich sandw8 bread2 content2 :: cost: 1
    add: (at_kitchen_sandwich sandw8)
    del: (at_kitchen_bread bread2) (at_kitchen_content content2) (notexist sandw8)
make_sandwich sandw8 bread2 content3 :: cost: 1
    add: (at_kitchen_sandwich sandw8)
    del: (at_kitchen_bread bread2) (at_kitchen_content content3) (notexist sandw8)
make_sandwich sandw8 bread2 content4 :: cost: 1
    add: (at_kitchen_sandwich sandw8)
    del: (at_kitchen_bread bread2) (at_kitchen_content content4) (notexist sandw8)
make_sandwich sandw8 bread3 content1 :: cost: 1
    add: (at_kitchen_sandwich sandw8)
    del: (at_kitchen_bread bread3) (at_kitchen_content content1) (notexist sandw8)
make_sandwich sandw8 bread3 content2 :: cost: 1
    add: (at_kitchen_sandwich sandw8)
    del: (at_kitchen_bread bread3) (at_kitchen_content content2) (notexist sandw8)
make_sandwich sandw8 bread3 content3 :: cost: 1
    add: (at_kitchen_sandwich sandw8)
    del: (at_kitchen_bread bread3) (at_kitchen_content content3) (notexist sandw8)
make_sandwich sandw8 bread3 content4 :: cost: 1
    add: (at_kitchen_sandwich sandw8)
    del: (at_kitchen_bread bread3) (at_kitchen_content content4) (notexist sandw8)
make_sandwich sandw8 bread5 content1 :: cost: 1
    add: (at_kitchen_sandwich sandw8)
    del: (at_kitchen_bread bread5) (at_kitchen_content content1) (notexist sandw8)
make_sandwich sandw8 bread5 content2 :: cost: 1
    add: (at_kitchen_sandwich sandw8)
    del: (at_kitchen_bread bread5) (at_kitchen_content content2) (notexist sandw8)
make_sandwich sandw8 bread5 content3 :: cost: 1
    add: (at_kitchen_sandwich sandw8)
    del: (at_kitchen_bread bread5) (at_kitchen_content content3) (notexist sandw8)
make_sandwich sandw8 bread5 content4 :: cost: 1
    add: (at_kitchen_sandwich sandw8)
    del: (at_kitchen_bread bread5) (at_kitchen_content content4) (notexist sandw8)
make_sandwich sandw8 bread6 content1 :: cost: 1
    add: (at_kitchen_sandwich sandw8)
    del: (at_kitchen_bread bread6) (at_kitchen_content content1) (notexist sandw8)
make_sandwich sandw8 bread6 content2 :: cost: 1
    add: (at_kitchen_sandwich sandw8)
    del: (at_kitchen_bread bread6) (at_kitchen_content content2) (notexist sandw8)
make_sandwich sandw8 bread6 content3 :: cost: 1
    add: (at_kitchen_sandwich sandw8)
    del: (at_kitchen_bread bread6) (at_kitchen_content content3) (notexist sandw8)
make_sandwich sandw8 bread6 content4 :: cost: 1
    add: (at_kitchen_sandwich sandw8)
    del: (at_kitchen_bread bread6) (at_kitchen_content content4) (notexist sandw8)
put_on_tray sandw1 tray1 :: cost: 1
    add: (ontray sandw1 tray1)
    del: (at_kitchen_sandwich sandw1)
put_on_tray sandw1 tray2 :: cost: 1
    add: (ontray sandw1 tray2)
    del: (at_kitchen_sandwich sandw1)
put_on_tray sandw3 tray1 :: cost: 1
    add: (ontray sandw3 tray1)
    del: (at_kitchen_sandwich sandw3)
put_on_tray sandw3 tray2 :: cost: 1
    add: (ontray sandw3 tray2)
    del: (at_kitchen_sandwich sandw3)
move_tray tray1 kitchen kitchen :: cost: 1
    add:
    del:
move_tray tray1 kitchen table1 :: cost: 1
    add: (at tray1 table1)
    del: (at tray1 kitchen)
move_tray tray1 kitchen table2 :: cost: 1
    add: (at tray1 table2)
    del: (at tray1 kitchen)
move_tray tray1 kitchen table3 :: cost: 1
    add: (at tray1 table3)
    del: (at tray1 kitchen)
move_tray tray2 kitchen kitchen :: cost: 1
    add:
    del:
move_tray tray2 kitchen table1 :: cost: 1
    add: (at tray2 table1)
    del: (at tray2 kitchen)
move_tray tray2 kitchen table2 :: cost: 1
    add: (at tray2 table2)
    del: (at tray2 kitchen)
move_tray tray2 kitchen table3 :: cost: 1
    add: (at tray2 table3)
    del: (at tray2 kitchen)
Step 3 (at tray1 kitchen) (at tray2 kitchen) (at_kitchen_bread bread3) (at_kitchen_bread bread5) (at_kitchen_bread bread6) (at_kitchen_content content1) (at_kitchen_content content2) (at_kitchen_content content4) (notexist sandw4) (notexist sandw5) (notexist sandw6) (notexist sandw7) (notexist sandw8) (at_kitchen_sandwich sandw1) (no_gluten_sandwich sandw1) (at_kitchen_sandwich sandw2) (at_kitchen_sandwich sandw3) (no_gluten_sandwich sandw3)
size: 59
make_sandwich sandw4 bread3 content1 :: cost: 1
    add: (at_kitchen_sandwich sandw4)
    del: (at_kitchen_bread bread3) (at_kitchen_content content1) (notexist sandw4)
make_sandwich sandw4 bread3 content2 :: cost: 1
    add: (at_kitchen_sandwich sandw4)
    del: (at_kitchen_bread bread3) (at_kitchen_content content2) (notexist sandw4)
make_sandwich sandw4 bread3 content4 :: cost: 1
    add: (at_kitchen_sandwich sandw4)
    del: (at_kitchen_bread bread3) (at_kitchen_content content4) (notexist sandw4)
make_sandwich sandw4 bread5 content1 :: cost: 1
    add: (at_kitchen_sandwich sandw4)
    del: (at_kitchen_bread bread5) (at_kitchen_content content1) (notexist sandw4)
make_sandwich sandw4 bread5 content2 :: cost: 1
    add: (at_kitchen_sandwich sandw4)
    del: (at_kitchen_bread bread5) (at_kitchen_content content2) (notexist sandw4)
make_sandwich sandw4 bread5 content4 :: cost: 1
    add: (at_kitchen_sandwich sandw4)
    del: (at_kitchen_bread bread5) (at_kitchen_content content4) (notexist sandw4)
make_sandwich sandw4 bread6 content1 :: cost: 1
    add: (at_kitchen_sandwich sandw4)
    del: (at_kitchen_bread bread6) (at_kitchen_content content1) (notexist sandw4)
make_sandwich sandw4 bread6 content2 :: cost: 1
    add: (at_kitchen_sandwich sandw4)
    del: (at_kitchen_bread bread6) (at_kitchen_content content2) (notexist sandw4)
make_sandwich sandw4 bread6 content4 :: cost: 1
    add: (at_kitchen_sandwich sandw4)
    del: (at_kitchen_bread bread6) (at_kitchen_content content4) (notexist sandw4)
make_sandwich sandw5 bread3 content1 :: cost: 1
    add: (at_kitchen_sandwich sandw5)
    del: (at_kitchen_bread bread3) (at_kitchen_content content1) (notexist sandw5)
make_sandwich sandw5 bread3 content2 :: cost: 1
    add: (at_kitchen_sandwich sandw5)
    del: (at_kitchen_bread bread3) (at_kitchen_content content2) (notexist sandw5)
make_sandwich sandw5 bread3 content4 :: cost: 1
    add: (at_kitchen_sandwich sandw5)
    del: (at_kitchen_bread bread3) (at_kitchen_content content4) (notexist sandw5)
make_sandwich sandw5 bread5 content1 :: cost: 1
    add: (at_kitchen_sandwich sandw5)
    del: (at_kitchen_bread bread5) (at_kitchen_content content1) (notexist sandw5)
make_sandwich sandw5 bread5 content2 :: cost: 1
    add: (at_kitchen_sandwich sandw5)
    del: (at_kitchen_bread bread5) (at_kitchen_content content2) (notexist sandw5)
make_sandwich sandw5 bread5 content4 :: cost: 1
    add: (at_kitchen_sandwich sandw5)
    del: (at_kitchen_bread bread5) (at_kitchen_content content4) (notexist sandw5)
make_sandwich sandw5 bread6 content1 :: cost: 1
    add: (at_kitchen_sandwich sandw5)
    del: (at_kitchen_bread bread6) (at_kitchen_content content1) (notexist sandw5)
make_sandwich sandw5 bread6 content2 :: cost: 1
    add: (at_kitchen_sandwich sandw5)
    del: (at_kitchen_bread bread6) (at_kitchen_content content2) (notexist sandw5)
make_sandwich sandw5 bread6 content4 :: cost: 1
    add: (at_kitchen_sandwich sandw5)
    del: (at_kitchen_bread bread6) (at_kitchen_content content4) (notexist sandw5)
make_sandwich sandw6 bread3 content1 :: cost: 1
    add: (at_kitchen_sandwich sandw6)
    del: (at_kitchen_bread bread3) (at_kitchen_content content1) (notexist sandw6)
make_sandwich sandw6 bread3 content2 :: cost: 1
    add: (at_kitchen_sandwich sandw6)
    del: (at_kitchen_bread bread3) (at_kitchen_content content2) (notexist sandw6)
make_sandwich sandw6 bread3 content4 :: cost: 1
    add: (at_kitchen_sandwich sandw6)
    del: (at_kitchen_bread bread3) (at_kitchen_content content4) (notexist sandw6)
make_sandwich sandw6 bread5 content1 :: cost: 1
    add: (at_kitchen_sandwich sandw6)
    del: (at_kitchen_bread bread5) (at_kitchen_content content1) (notexist sandw6)
make_sandwich sandw6 bread5 content2 :: cost: 1
    add: (at_kitchen_sandwich sandw6)
    del: (at_kitchen_bread bread5) (at_kitchen_content content2) (notexist sandw6)
make_sandwich sandw6 bread5 content4 :: cost: 1
    add: (at_kitchen_sandwich sandw6)
    del: (at_kitchen_bread bread5) (at_kitchen_content content4) (notexist sandw6)
make_sandwich sandw6 bread6 content1 :: cost: 1
    add: (at_kitchen_sandwich sandw6)
    del: (at_kitchen_bread bread6) (at_kitchen_content content1) (notexist sandw6)
make_sandwich sandw6 bread6 content2 :: cost: 1
    add: (at_kitchen_sandwich sandw6)
    del: (at_kitchen_bread bread6) (at_kitchen_content content2) (notexist sandw6)
make_sandwich sandw6 bread6 content4 :: cost: 1
    add: (at_kitchen_sandwich sandw6)
    del: (at_kitchen_bread bread6) (at_kitchen_content content4) (notexist sandw6)
make_sandwich sandw7 bread3 content1 :: cost: 1
    add: (at_kitchen_sandwich sandw7)
    del: (at_kitchen_bread bread3) (at_kitchen_content content1) (notexist sandw7)
make_sandwich sandw7 bread3 content2 :: cost: 1
    add: (at_kitchen_sandwich sandw7)
    del: (at_kitchen_bread bread3) (at_kitchen_content content2) (notexist sandw7)
make_sandwich sandw7 bread3 content4 :: cost: 1
    add: (at_kitchen_sandwich sandw7)
    del: (at_kitchen_bread bread3) (at_kitchen_content content4) (notexist sandw7)
make_sandwich sandw7 bread5 content1 :: cost: 1
    add: (at_kitchen_sandwich sandw7)
    del: (at_kitchen_bread bread5) (at_kitchen_content content1) (notexist sandw7)
make_sandwich sandw7 bread5 content2 :: cost: 1
    add: (at_kitchen_sandwich sandw7)
    del: (at_kitchen_bread bread5) (at_kitchen_content content2) (notexist sandw7)
make_sandwich sandw7 bread5 content4 :: cost: 1
    add: (at_kitchen_sandwich sandw7)
    del: (at_kitchen_bread bread5) (at_kitchen_content content4) (notexist sandw7)
make_sandwich sandw7 bread6 content1 :: cost: 1
    add: (at_kitchen_sandwich sandw7)
    del: (at_kitchen_bread bread6) (at_kitchen_content content1) (notexist sandw7)
make_sandwich sandw7 bread6 content2 :: cost: 1
    add: (at_kitchen_sandwich sandw7)
    del: (at_kitchen_bread bread6) (at_kitchen_content content2) (notexist sandw7)
make_sandwich sandw7 bread6 content4 :: cost: 1
    add: (at_kitchen_sandwich sandw7)
    del: (at_kitchen_bread bread6) (at_kitchen_content content4) (notexist sandw7)
make_sandwich sandw8 bread3 content1 :: cost: 1
    add: (at_kitchen_sandwich sandw8)
    del: (at_kitchen_bread bread3) (at_kitchen_content content1) (notexist sandw8)
make_sandwich sandw8 bread3 content2 :: cost: 1
    add: (at_kitchen_sandwich sandw8)
    del: (at_kitchen_bread bread3) (at_kitchen_content content2) (notexist sandw8)
make_sandwich sandw8 bread3 content4 :: cost: 1
    add: (at_kitchen_sandwich sandw8)
    del: (at_kitchen_bread bread3) (at_kitchen_content content4) (notexist sandw8)
make_sandwich sandw8 bread5 content1 :: cost: 1
    add: (at_kitchen_sandwich sandw8)
    del: (at_kitchen_bread bread5) (at_kitchen_content content1) (notexist sandw8)
make_sandwich sandw8 bread5 content2 :: cost: 1
    add: (at_kitchen_sandwich sandw8)
    del: (at_kitchen_bread bread5) (at_kitchen_content content2) (notexist sandw8)
make_sandwich sandw8 bread5 content4 :: cost: 1
    add: (at_kitchen_sandwich sandw8)
    del: (at_kitchen_bread bread5) (at_kitchen_content content4) (notexist sandw8)
make_sandwich sandw8 bread6 content1 :: cost: 1
    add: (at_kitchen_sandwich sandw8)
    del: (at_kitchen_bread bread6) (at_kitchen_content content1) (notexist sandw8)
make_sandwich sandw8 bread6 content2 :: cost: 1
    add: (at_kitchen_sandwich sandw8)
    del: (at_kitchen_bread bread6) (at_kitchen_content content2) (notexist sandw8)
make_sandwich sandw8 bread6 content4 :: cost: 1
    add: (at_kitchen_sandwich sandw8)
    del: (at_kitchen_bread bread6) (at_kitchen_content content4) (notexist sandw8)
put_on_tray sandw1 tray1 :: cost: 1
    add: (ontray sandw1 tray1)
    del: (at_kitchen_sandwich sandw1)
put_on_tray sandw1 tray2 :: cost: 1
    add: (ontray sandw1 tray2)
    del: (at_kitchen_sandwich sandw1)
put_on_tray sandw2 tray1 :: cost: 1
    add: (ontray sandw2 tray1)
    del: (at_kitchen_sandwich sandw2)
put_on_tray sandw2 tray2 :: cost: 1
    add: (ontray sandw2 tray2)
    del: (at_kitchen_sandwich sandw2)
put_on_tray sandw3 tray1 :: cost: 1
    add: (ontray sandw3 tray1)
    del: (at_kitchen_sandwich sandw3)
put_on_tray sandw3 tray2 :: cost: 1
    add: (ontray sandw3 tray2)
    del: (at_kitchen_sandwich sandw3)
move_tray tray1 kitchen kitchen :: cost: 1
    add:
    del:
move_tray tray1 kitchen table1 :: cost: 1
    add: (at tray1 table1)
    del: (at tray1 kitchen)
move_tray tray1 kitchen table2 :: cost: 1
    add: (at tray1 table2)
    del: (at tray1 kitchen)
move_tray tray1 kitchen table3 :: cost: 1
    add: (at tray1 table3)
    del: (at tray1 kitchen)
move_tray tray2 kitchen kitchen :: cost: 1
    add:
    del:
move_tray tray2 kitchen table1 :: cost: 1
    add: (at tray2 table1)
    del: (at tray2 kitchen)
move_tray tray2 kitchen table2 :: cost: 1
    add: (at tray2 table2)
    del: (at tray2 kitchen)
move_tray tray2 kitchen table3 :: cost: 1
    add: (at tray2 table3)
    del: (at tray2 kitchen)
Step 4 (at tray1 kitchen) (at tray2 kitchen) (at_kitchen_bread bread3) (at_kitchen_bread bread6) (at_kitchen_content content2) (at_kitchen_content content4) (notexist sandw5) (notexist sandw6) (notexist sandw7) (notexist sandw8) (at_kitchen_sandwich sandw1) (no_gluten_sandwich sandw1) (at_kitchen_sandwich sandw2) (at_kitchen_sandwich sandw3) (no_gluten_sandwich sandw3) (at_kitchen_sandwich sandw4)
size: 32
make_sandwich sandw5 bread3 content2 :: cost: 1
    add: (at_kitchen_sandwich sandw5)
    del: (at_kitchen_bread bread3) (at_kitchen_content content2) (notexist sandw5)
make_sandwich sandw5 bread3 content4 :: cost: 1
    add: (at_kitchen_sandwich sandw5)
    del: (at_kitchen_bread bread3) (at_kitchen_content content4) (notexist sandw5)
make_sandwich sandw5 bread6 content2 :: cost: 1
    add: (at_kitchen_sandwich sandw5)
    del: (at_kitchen_bread bread6) (at_kitchen_content content2) (notexist sandw5)
make_sandwich sandw5 bread6 content4 :: cost: 1
    add: (at_kitchen_sandwich sandw5)
    del: (at_kitchen_bread bread6) (at_kitchen_content content4) (notexist sandw5)
make_sandwich sandw6 bread3 content2 :: cost: 1
    add: (at_kitchen_sandwich sandw6)
    del: (at_kitchen_bread bread3) (at_kitchen_content content2) (notexist sandw6)
make_sandwich sandw6 bread3 content4 :: cost: 1
    add: (at_kitchen_sandwich sandw6)
    del: (at_kitchen_bread bread3) (at_kitchen_content content4) (notexist sandw6)
make_sandwich sandw6 bread6 content2 :: cost: 1
    add: (at_kitchen_sandwich sandw6)
    del: (at_kitchen_bread bread6) (at_kitchen_content content2) (notexist sandw6)
make_sandwich sandw6 bread6 content4 :: cost: 1
    add: (at_kitchen_sandwich sandw6)
    del: (at_kitchen_bread bread6) (at_kitchen_content content4) (notexist sandw6)
make_sandwich sandw7 bread3 content2 :: cost: 1
    add: (at_kitchen_sandwich sandw7)
    del: (at_kitchen_bread bread3) (at_kitchen_content content2) (notexist sandw7)
make_sandwich sandw7 bread3 content4 :: cost: 1
    add: (at_kitchen_sandwich sandw7)
    del: (at_kitchen_bread bread3) (at_kitchen_content content4) (notexist sandw7)
make_sandwich sandw7 bread6 content2 :: cost: 1
    add: (at_kitchen_sandwich sandw7)
    del: (at_kitchen_bread bread6) (at_kitchen_content content2) (notexist sandw7)
make_sandwich sandw7 bread6 content4 :: cost: 1
    add: (at_kitchen_sandwich sandw7)
    del: (at_kitchen_bread bread6) (at_kitchen_content content4) (notexist sandw7)
make_sandwich sandw8 bread3 content2 :: cost: 1
    add: (at_kitchen_sandwich sandw8)
    del: (at_kitchen_bread bread3) (at_kitchen_content content2) (notexist sandw8)
make_sandwich sandw8 bread3 content4 :: cost: 1
    add: (at_kitchen_sandwich sandw8)
    del: (at_kitchen_bread bread3) (at_kitchen_content content4) (notexist sandw8)
make_sandwich sandw8 bread6 content2 :: cost: 1
    add: (at_kitchen_sandwich sandw8)
    del: (at_kitchen_bread bread6) (at_kitchen_content content2) (notexist sandw8)
make_sandwich sandw8 bread6 content4 :: cost: 1
    add: (at_kitchen_sandwich sandw8)
    del: (at_kitchen_bread bread6) (at_kitchen_content content4) (notexist sandw8)
put_on_tray sandw1 tray1 :: cost: 1
    add: (ontray sandw1 tray1)
    del: (at_kitchen_sandwich sandw1)
put_on_tray sandw1 tray2 :: cost: 1
    add: (ontray sandw1 tray2)
    del: (at_kitchen_sandwich sandw1)
put_on_tray sandw2 tray1 :: cost: 1
    add: (ontray sandw2 tray1)
    del: (at_kitchen_sandwich sandw2)
put_on_tray sandw2 tray2 :: cost: 1
    add: (ontray sandw2 tray2)
    del: (at_kitchen_sandwich sandw2)
put_on_tray sandw3 tray1 :: cost: 1
    add: (ontray sandw3 tray1)
    del: (at_kitchen_sandwich sandw3)
put_on_tray sandw3 tray2 :: cost: 1
    add: (ontray sandw3 tray2)
    del: (at_kitchen_sandwich sandw3)
put_on_tray sandw4 tray1 :: cost: 1
    add: (ontray sandw4 tray1)
    del: (at_kitchen_sandwich sandw4)
put_on_tray sandw4 tray2 :: cost: 1
    add: (ontray sandw4 tray2)
    del: (at_kitchen_sandwich sandw4)
move_tray tray1 kitchen kitchen :: cost: 1
    add:
    del:
move_tray tray1 kitchen table1 :: cost: 1
    add: (at tray1 table1)
    del: (at tray1 kitchen)
move_tray tray1 kitchen table2 :: cost: 1
    add: (at tray1 table2)
    del: (at tray1 kitchen)
move_tray tray1 kitchen table3 :: cost: 1
    add: (at tray1 table3)
    del: (at tray1 kitchen)
move_tray tray2 kitchen kitchen :: cost: 1
    add:
    del:
move_tray tray2 kitchen table1 :: cost: 1
    add: (at tray2 table1)
    del: (at tray2 kitchen)
move_tray tray2 kitchen table2 :: cost: 1
    add: (at tray2 table2)
    del: (at tray2 kitchen)
move_tray tray2 kitchen table3 :: cost: 1
    add: (at tray2 table3)
    del: (at tray2 kitchen)
Step 5 (at tray1 kitchen) (at tray2 kitchen) (at_kitchen_bread bread6) (at_kitchen_content content4) (notexist sandw5) (notexist sandw7) (notexist sandw8) (at_kitchen_sandwich sandw1) (no_gluten_sandwich sandw1) (at_kitchen_sandwich sandw2) (at_kitchen_sandwich sandw3) (no_gluten_sandwich sandw3) (at_kitchen_sandwich sandw4) (at_kitchen_sandwich sandw6)
size: 21
make_sandwich sandw5 bread6 content4 :: cost: 1
    add: (at_kitchen_sandwich sandw5)
    del: (at_kitchen_bread bread6) (at_kitchen_content content4) (notexist sandw5)
make_sandwich sandw7 bread6 content4 :: cost: 1
    add: (at_kitchen_sandwich sandw7)
    del: (at_kitchen_bread bread6) (at_kitchen_content content4) (notexist sandw7)
make_sandwich sandw8 bread6 content4 :: cost: 1
    add: (at_kitchen_sandwich sandw8)
    del: (at_kitchen_bread bread6) (at_kitchen_content content4) (notexist sandw8)
put_on_tray sandw1 tray1 :: cost: 1
    add: (ontray sandw1 tray1)
    del: (at_kitchen_sandwich sandw1)
put_on_tray sandw1 tray2 :: cost: 1
    add: (ontray sandw1 tray2)
    del: (at_kitchen_sandwich sandw1)
put_on_tray sandw2 tray1 :: cost: 1
    add: (ontray sandw2 tray1)
    del: (at_kitchen_sandwich sandw2)
put_on_tray sandw2 tray2 :: cost: 1
    add: (ontray sandw2 tray2)
    del: (at_kitchen_sandwich sandw2)
put_on_tray sandw3 tray1 :: cost: 1
    add: (ontray sandw3 tray1)
    del: (at_kitchen_sandwich sandw3)
put_on_tray sandw3 tray2 :: cost: 1
    add: (ontray sandw3 tray2)
    del: (at_kitchen_sandwich sandw3)
put_on_tray sandw4 tray1 :: cost: 1
    add: (ontray sandw4 tray1)
    del: (at_kitchen_sandwich sandw4)
put_on_tray sandw4 tray2 :: cost: 1
    add: (ontray sandw4 tray2)
    del: (at_kitchen_sandwich sandw4)
put_on_tray sandw6 tray1 :: cost: 1
    add: (ontray sandw6 tray1)
    del: (at_kitchen_sandwich sandw6)
put_on_tray sandw6 tray2 :: cost: 1
    add: (ontray sandw6 tray2)
    del: (at_kitchen_sandwich sandw6)
move_tray tray1 kitchen kitchen :: cost: 1
    add:
    del:
move_tray tray1 kitchen table1 :: cost: 1
    add: (at tray1 table1)
    del: (at tray1 kitchen)
move_tray tray1 kitchen table2 :: cost: 1
    add: (at tray1 table2)
    del: (at tray1 kitchen)
move_tray tray1 kitchen table3 :: cost: 1
    add: (at tray1 table3)
    del: (at tray1 kitchen)
move_tray tray2 kitchen kitchen :: cost: 1
    add:
    del:
move_tray tray2 kitchen table1 :: cost: 1
    add: (at tray2 table1)
    del: (at tray2 kitchen)
move_tray tray2 kitchen table2 :: cost: 1
    add: (at tray2 table2)
    del: (at tray2 kitchen)
move_tray tray2 kitchen table3 :: cost: 1
    add: (at tray2 table3)
    del: (at tray2 kitchen)
Step 6 (at tray1 kitchen) (at tray2 kitchen) (at_kitchen_bread bread6) (at_kitchen_content content4) (notexist sandw5) (notexist sandw7) (notexist sandw8) (at_kitchen_sandwich sandw1) (no_gluten_sandwich sandw1) (at_kitchen_sandwich sandw3) (no_gluten_sandwich sandw3) (at_kitchen_sandwich sandw4) (at_kitchen_sandwich sandw6) (ontray sandw2 tray1)
size: 19
make_sandwich sandw5 bread6 content4 :: cost: 1
    add: (at_kitchen_sandwich sandw5)
    del: (at_kitchen_bread bread6) (at_kitchen_content content4) (notexist sandw5)
make_sandwich sandw7 bread6 content4 :: cost: 1
    add: (at_kitchen_sandwich sandw7)
    del: (at_kitchen_bread bread6) (at_kitchen_content content4) (notexist sandw7)
make_sandwich sandw8 bread6 content4 :: cost: 1
    add: (at_kitchen_sandwich sandw8)
    del: (at_kitchen_bread bread6) (at_kitchen_content content4) (notexist sandw8)
put_on_tray sandw1 tray1 :: cost: 1
    add: (ontray sandw1 tray1)
    del: (at_kitchen_sandwich sandw1)
put_on_tray sandw1 tray2 :: cost: 1
    add: (ontray sandw1 tray2)
    del: (at_kitchen_sandwich sandw1)
put_on_tray sandw3 tray1 :: cost: 1
    add: (ontray sandw3 tray1)
    del: (at_kitchen_sandwich sandw3)
put_on_tray sandw3 tray2 :: cost: 1
    add: (ontray sandw3 tray2)
    del: (at_kitchen_sandwich sandw3)
put_on_tray sandw4 tray1 :: cost: 1
    add: (ontray sandw4 tray1)
    del: (at_kitchen_sandwich sandw4)
put_on_tray sandw4 tray2 :: cost: 1
    add: (ontray sandw4 tray2)
    del: (at_kitchen_sandwich sandw4)
put_on_tray sandw6 tray1 :: cost: 1
    add: (ontray sandw6 tray1)
    del: (at_kitchen_sandwich sandw6)
put_on_tray sandw6 tray2 :: cost: 1
    add: (ontray sandw6 tray2)
    del: (at_kitchen_sandwich sandw6)
move_tray tray1 kitchen kitchen :: cost: 1
    add:
    del:
move_tray tray1 kitchen table1 :: cost: 1
    add: (at tray1 table1)
    del: (at tray1 kitchen)
move_tray tray1 kitchen table2 :: cost: 1
    add: (at tray1 table2)
    del: (at tray1 kitchen)
move_tray tray1 kitchen table3 :: cost: 1
    add: (at tray1 table3)
    del: (at tray1 kitchen)
move_tray tray2 kitchen kitchen :: cost: 1
    add:
    del:
move_tray tray2 kitchen table1 :: cost: 1
    add: (at tray2 table1)
    del: (at tray2 kitchen)
move_tray tray2 kitchen table2 :: cost: 1
    add: (at tray2 table2)
    del: (at tray2 kitchen)
move_tray tray2 kitchen table3 :: cost: 1
    add: (at tray2 table3)
    del: (at tray2 kitchen)
Step 7 (at tray1 kitchen) (at tray2 kitchen) (at_kitchen_bread bread6) (at_kitchen_content content4) (notexist sandw5) (notexist sandw7) (notexist sandw8) (at_kitchen_sandwich sandw1) (no_gluten_sandwich sandw1) (no_gluten_sandwich sandw3) (at_kitchen_sandwich sandw4) (at_kitchen_sandwich sandw6) (ontray sandw3 tray2) (ontray sandw2 tray1)
size: 17
make_sandwich sandw5 bread6 content4 :: cost: 1
    add: (at_kitchen_sandwich sandw5)
    del: (at_kitchen_bread bread6) (at_kitchen_content content4) (notexist sandw5)
make_sandwich sandw7 bread6 content4 :: cost: 1
    add: (at_kitchen_sandwich sandw7)
    del: (at_kitchen_bread bread6) (at_kitchen_content content4) (notexist sandw7)
make_sandwich sandw8 bread6 content4 :: cost: 1
    add: (at_kitchen_sandwich sandw8)
    del: (at_kitchen_bread bread6) (at_kitchen_content content4) (notexist sandw8)
put_on_tray sandw1 tray1 :: cost: 1
    add: (ontray sandw1 tray1)
    del: (at_kitchen_sandwich sandw1)
put_on_tray sandw1 tray2 :: cost: 1
    add: (ontray sandw1 tray2)
    del: (at_kitchen_sandwich sandw1)
put_on_tray sandw4 tray1 :: cost: 1
    add: (ontray sandw4 tray1)
    del: (at_kitchen_sandwich sandw4)
put_on_tray sandw4 tray2 :: cost: 1
    add: (ontray sandw4 tray2)
    del: (at_kitchen_sandwich sandw4)
put_on_tray sandw6 tray1 :: cost: 1
    add: (ontray sandw6 tray1)
    del: (at_kitchen_sandwich sandw6)
put_on_tray sandw6 tray2 :: cost: 1
    add: (ontray sandw6 tray2)
    del: (at_kitchen_sandwich sandw6)
move_tray tray1 kitchen kitchen :: cost: 1
    add:
    del:
move_tray tray1 kitchen table1 :: cost: 1
    add: (at tray1 table1)
    del: (at tray1 kitchen)
move_tray tray1 kitchen table2 :: cost: 1
    add: (at tray1 table2)
    del: (at tray1 kitchen)
move_tray tray1 kitchen table3 :: cost: 1
    add: (at tray1 table3)
    del: (at tray1 kitchen)
move_tray tray2 kitchen kitchen :: cost: 1
    add:
    del:
move_tray tray2 kitchen table1 :: cost: 1
    add: (at tray2 table1)
    del: (at tray2 kitchen)
move_tray tray2 kitchen table2 :: cost: 1
    add: (at tray2 table2)
    del: (at tray2 kitchen)
move_tray tray2 kitchen table3 :: cost: 1
    add: (at tray2 table3)
    del: (at tray2 kitchen)
Step 8 (at tray1 kitchen) (at tray2 kitchen) (at_kitchen_bread bread6) (at_kitchen_content content4) (notexist sandw5) (notexist sandw7) (notexist sandw8) (at_kitchen_sandwich sandw1) (no_gluten_sandwich sandw1) (no_gluten_sandwich sandw3) (at_kitchen_sandwich sandw4) (ontray sandw3 tray2) (ontray sandw2 tray1) (ontray sandw6 tray1)
size: 15
make_sandwich sandw5 bread6 content4 :: cost: 1
    add: (at_kitchen_sandwich sandw5)
    del: (at_kitchen_bread bread6) (at_kitchen_content content4) (notexist sandw5)
make_sandwich sandw7 bread6 content4 :: cost: 1
    add: (at_kitchen_sandwich sandw7)
    del: (at_kitchen_bread bread6) (at_kitchen_content content4) (notexist sandw7)
make_sandwich sandw8 bread6 content4 :: cost: 1
    add: (at_kitchen_sandwich sandw8)
    del: (at_kitchen_bread bread6) (at_kitchen_content content4) (notexist sandw8)
put_on_tray sandw1 tray1 :: cost: 1
    add: (ontray sandw1 tray1)
    del: (at_kitchen_sandwich sandw1)
put_on_tray sandw1 tray2 :: cost: 1
    add: (ontray sandw1 tray2)
    del: (at_kitchen_sandwich sandw1)
put_on_tray sandw4 tray1 :: cost: 1
    add: (ontray sandw4 tray1)
    del: (at_kitchen_sandwich sandw4)
put_on_tray sandw4 tray2 :: cost: 1
    add: (ontray sandw4 tray2)
    del: (at_kitchen_sandwich sandw4)
move_tray tray1 kitchen kitchen :: cost: 1
    add:
    del:
move_tray tray1 kitchen table1 :: cost: 1
    add: (at tray1 table1)
    del: (at tray1 kitchen)
move_tray tray1 kitchen table2 :: cost: 1
    add: (at tray1 table2)
    del: (at tray1 kitchen)
move_tray tray1 kitchen table3 :: cost: 1
    add: (at tray1 table3)
    del: (at tray1 kitchen)
move_tray tray2 kitchen kitchen :: cost: 1
    add:
    del:
move_tray tray2 kitchen table1 :: cost: 1
    add: (at tray2 table1)
    del: (at tray2 kitchen)
move_tray tray2 kitchen table2 :: cost: 1
    add: (at tray2 table2)
    del: (at tray2 kitchen)
move_tray tray2 kitchen table3 :: cost: 1
    add: (at tray2 table3)
    del: (at tray2 kitchen)
Step 9 (at tray2 kitchen) (at_kitchen_bread bread6) (at_kitchen_content content4) (notexist sandw5) (notexist sandw7) (notexist sandw8) (at_kitchen_sandwich sandw1) (no_gluten_sandwich sandw1) (no_gluten_sandwich sandw3) (at_kitchen_sandwich sandw4) (at tray1 table1) (ontray sandw3 tray2) (ontray sandw2 tray1) (ontray sandw6 tray1)
size: 19
make_sandwich sandw5 bread6 content4 :: cost: 1
    add: (at_kitchen_sandwich sandw5)
    del: (at_kitchen_bread bread6) (at_kitchen_content content4) (notexist sandw5)
make_sandwich sandw7 bread6 content4 :: cost: 1
    add: (at_kitchen_sandwich sandw7)
    del: (at_kitchen_bread bread6) (at_kitchen_content content4) (notexist sandw7)
make_sandwich sandw8 bread6 content4 :: cost: 1
    add: (at_kitchen_sandwich sandw8)
    del: (at_kitchen_bread bread6) (at_kitchen_content content4) (notexist sandw8)
put_on_tray sandw1 tray2 :: cost: 1
    add: (ontray sandw1 tray2)
    del: (at_kitchen_sandwich sandw1)
put_on_tray sandw4 tray2 :: cost: 1
    add: (ontray sandw4 tray2)
    del: (at_kitchen_sandwich sandw4)
serve_sandwich sandw2 child1 tray1 table1 :: cost: 1
    add: (served child1)
    del: (ontray sandw2 tray1)
serve_sandwich sandw2 child2 tray1 table1 :: cost: 1
    add: (served child2)
    del: (ontray sandw2 tray1)
serve_sandwich sandw2 child5 tray1 table1 :: cost: 1
    add: (served child5)
    del: (ontray sandw2 tray1)
serve_sandwich sandw6 child1 tray1 table1 :: cost: 1
    add: (served child1)
    del: (ontray sandw6 tray1)
serve_sandwich sandw6 child2 tray1 table1 :: cost: 1
    add: (served child2)
    del: (ontray sandw6 tray1)
serve_sandwich sandw6 child5 tray1 table1 :: cost: 1
    add: (served child5)
    del: (ontray sandw6 tray1)
move_tray tray1 table1 kitchen :: cost: 1
    add: (at tray1 kitchen)
    del: (at tray1 table1)
move_tray tray1 table1 table1 :: cost: 1
    add:
    del:
move_tray tray1 table1 table2 :: cost: 1
    add: (at tray1 table2)
    del: (at tray1 table1)
move_tray tray1 table1 table3 :: cost: 1
    add: (at tray1 table3)
    del: (at tray1 table1)
move_tray tray2 kitchen kitchen :: cost: 1
    add:
    del:
move_tray tray2 kitchen table1 :: cost: 1
    add: (at tray2 table1)
    del: (at tray2 kitchen)
move_tray tray2 kitchen table2 :: cost: 1
    add: (at tray2 table2)
    del: (at tray2 kitchen)
move_tray tray2 kitchen table3 :: cost: 1
    add: (at tray2 table3)
    del: (at tray2 kitchen)
