begin_version
3
end_version
begin_metric
1
end_metric
41
begin_variable
var0
-1
12
clean shot9
contains shot9 cocktail1
contains shot9 cocktail2
contains shot9 cocktail3
contains shot9 cocktail4
contains shot9 cocktail5
contains shot9 cocktail6
contains shot9 cocktail7
used shot9 ingredient1
used shot9 ingredient2
used shot9 ingredient3
none-of-those
end_variable
begin_variable
var1
-1
11
handempty left
holding left shaker1
holding left shot1
holding left shot2
holding left shot3
holding left shot4
holding left shot5
holding left shot6
holding left shot7
holding left shot8
holding left shot9
end_variable
begin_variable
var2
-1
11
handempty right
holding right shaker1
holding right shot1
holding right shot2
holding right shot3
holding right shot4
holding right shot5
holding right shot6
holding right shot7
holding right shot8
holding right shot9
end_variable
begin_variable
var3
-1
9
contains shaker1 cocktail1
contains shaker1 cocktail2
contains shaker1 cocktail3
contains shaker1 cocktail4
contains shaker1 cocktail5
contains shaker1 cocktail6
contains shaker1 cocktail7
empty shaker1
unshaked shaker1
end_variable
begin_variable
var4
-1
6
clean shot1
contains shot1 cocktail3
used shot1 ingredient1
used shot1 ingredient2
used shot1 ingredient3
none-of-those
end_variable
begin_variable
var5
-1
6
clean shot2
contains shot2 cocktail6
used shot2 ingredient1
used shot2 ingredient2
used shot2 ingredient3
none-of-those
end_variable
begin_variable
var6
-1
6
clean shot3
contains shot3 cocktail1
used shot3 ingredient1
used shot3 ingredient2
used shot3 ingredient3
none-of-those
end_variable
begin_variable
var7
-1
6
clean shot4
contains shot4 cocktail7
used shot4 ingredient1
used shot4 ingredient2
used shot4 ingredient3
none-of-those
end_variable
begin_variable
var8
-1
6
clean shot5
contains shot5 cocktail2
used shot5 ingredient1
used shot5 ingredient2
used shot5 ingredient3
none-of-those
end_variable
begin_variable
var9
-1
6
clean shot6
contains shot6 cocktail5
used shot6 ingredient1
used shot6 ingredient2
used shot6 ingredient3
none-of-those
end_variable
begin_variable
var10
-1
6
clean shot7
contains shot7 cocktail4
used shot7 ingredient1
used shot7 ingredient2
used shot7 ingredient3
none-of-those
end_variable
begin_variable
var11
-1
6
clean shot8
contains shot8 cocktail5
used shot8 ingredient1
used shot8 ingredient2
used shot8 ingredient3
none-of-those
end_variable
begin_variable
var12
-1
5
contains shot1 ingredient1
contains shot1 ingredient2
contains shot1 ingredient3
empty shot1
none-of-those
end_variable
begin_variable
var13
-1
5
contains shot2 ingredient1
contains shot2 ingredient2
contains shot2 ingredient3
empty shot2
none-of-those
end_variable
begin_variable
var14
-1
5
contains shot3 ingredient1
contains shot3 ingredient2
contains shot3 ingredient3
empty shot3
none-of-those
end_variable
begin_variable
var15
-1
5
contains shot4 ingredient1
contains shot4 ingredient2
contains shot4 ingredient3
empty shot4
none-of-those
end_variable
begin_variable
var16
-1
5
contains shot5 ingredient1
contains shot5 ingredient2
contains shot5 ingredient3
empty shot5
none-of-those
end_variable
begin_variable
var17
-1
5
contains shot6 ingredient1
contains shot6 ingredient2
contains shot6 ingredient3
empty shot6
none-of-those
end_variable
begin_variable
var18
-1
5
contains shot7 ingredient1
contains shot7 ingredient2
contains shot7 ingredient3
empty shot7
none-of-those
end_variable
begin_variable
var19
-1
5
contains shot8 ingredient1
contains shot8 ingredient2
contains shot8 ingredient3
empty shot8
none-of-those
end_variable
begin_variable
var20
-1
5
contains shot9 ingredient1
contains shot9 ingredient2
contains shot9 ingredient3
empty shot9
none-of-those
end_variable
begin_variable
var21
-1
3
shaker-level shaker1 l0
shaker-level shaker1 l1
shaker-level shaker1 l2
end_variable
begin_variable
var22
-1
2
ontable shaker1
none-of-those
end_variable
begin_variable
var23
-1
2
ontable shot1
none-of-those
end_variable
begin_variable
var24
-1
2
ontable shot2
none-of-those
end_variable
begin_variable
var25
-1
2
ontable shot3
none-of-those
end_variable
begin_variable
var26
-1
2
ontable shot4
none-of-those
end_variable
begin_variable
var27
-1
2
ontable shot5
none-of-those
end_variable
begin_variable
var28
-1
2
ontable shot6
none-of-those
end_variable
begin_variable
var29
-1
2
ontable shot7
none-of-those
end_variable
begin_variable
var30
-1
2
ontable shot8
none-of-those
end_variable
begin_variable
var31
-1
2
ontable shot9
none-of-those
end_variable
begin_variable
var32
-1
2
shaked shaker1
none-of-those
end_variable
begin_variable
var33
-1
2
clean shaker1
none-of-those
end_variable
begin_variable
var34
-1
2
contains shaker1 ingredient1
none-of-those
end_variable
begin_variable
var35
-1
2
contains shaker1 ingredient2
none-of-those
end_variable
begin_variable
var36
-1
2
contains shaker1 ingredient3
none-of-those
end_variable
begin_variable
var37
-1
2
NOT-0:0:0:clean shot9-1:0:12:handempty left
0:0:0:clean shot9-1:0:12:handempty left
end_variable
begin_variable
var38
-1
2
NOT-0:0:0:clean shot9-36:1:168:none-of-those
0:0:0:clean shot9-36:1:168:none-of-those
end_variable
begin_variable
var39
-1
2
NOT-0:0:0:clean shot9-1:0:12:handempty left-36:1:168:none-of-those
0:0:0:clean shot9-1:0:12:handempty left-36:1:168:none-of-those
end_variable
begin_variable
var40
-1
2
NOT-0:1:1:contains shot9 cocktail1-1:0:12:handempty left
0:1:1:contains shot9 cocktail1-1:0:12:handempty left
end_variable
0
begin_state
0
0
0
7
0
0
0
0
0
0
0
0
3
3
3
3
3
3
3
3
3
0
0
0
0
0
0
0
0
0
0
0
1
0
1
1
1
1
1
1
0
end_state
begin_goal
8
4 1
5 1
6 1
7 1
8 1
9 1
10 1
11 1
end_goal
3775
begin_operator
clean-shaker left right shaker1
3
1 1
2 0
3 7
1
0 33 -1 0
1
end_operator
begin_operator
clean-shaker right left shaker1
3
1 0
2 1
3 7
1
0 33 -1 0
1
end_operator
begin_operator
clean-shot shot1 ingredient1 left right
3
1 2
2 0
12 3
1
0 4 2 0
1
end_operator
begin_operator
clean-shot shot1 ingredient1 right left
3
1 0
2 2
12 3
1
0 4 2 0
1
end_operator
begin_operator
clean-shot shot1 ingredient2 left right
3
1 2
2 0
12 3
1
0 4 3 0
1
end_operator
begin_operator
clean-shot shot1 ingredient2 right left
3
1 0
2 2
12 3
1
0 4 3 0
1
end_operator
begin_operator
clean-shot shot1 ingredient3 left right
3
1 2
2 0
12 3
1
0 4 4 0
1
end_operator
begin_operator
clean-shot shot1 ingredient3 right left
3
1 0
2 2
12 3
1
0 4 4 0
1
end_operator
begin_operator
clean-shot shot2 ingredient1 left right
3
1 3
2 0
13 3
1
0 5 2 0
1
end_operator
begin_operator
clean-shot shot2 ingredient1 right left
3
1 0
2 3
13 3
1
0 5 2 0
1
end_operator
begin_operator
clean-shot shot2 ingredient2 left right
3
1 3
2 0
13 3
1
0 5 3 0
1
end_operator
begin_operator
clean-shot shot2 ingredient2 right left
3
1 0
2 3
13 3
1
0 5 3 0
1
end_operator
begin_operator
clean-shot shot2 ingredient3 left right
3
1 3
2 0
13 3
1
0 5 4 0
1
end_operator
begin_operator
clean-shot shot2 ingredient3 right left
3
1 0
2 3
13 3
1
0 5 4 0
1
end_operator
begin_operator
clean-shot shot3 ingredient1 left right
3
1 4
2 0
14 3
1
0 6 2 0
1
end_operator
begin_operator
clean-shot shot3 ingredient1 right left
3
1 0
2 4
14 3
1
0 6 2 0
1
end_operator
begin_operator
clean-shot shot3 ingredient2 left right
3
1 4
2 0
14 3
1
0 6 3 0
1
end_operator
begin_operator
clean-shot shot3 ingredient2 right left
3
1 0
2 4
14 3
1
0 6 3 0
1
end_operator
begin_operator
clean-shot shot3 ingredient3 left right
3
1 4
2 0
14 3
1
0 6 4 0
1
end_operator
begin_operator
clean-shot shot3 ingredient3 right left
3
1 0
2 4
14 3
1
0 6 4 0
1
end_operator
begin_operator
clean-shot shot4 ingredient1 left right
3
1 5
2 0
15 3
1
0 7 2 0
1
end_operator
begin_operator
clean-shot shot4 ingredient1 right left
3
1 0
2 5
15 3
1
0 7 2 0
1
end_operator
begin_operator
clean-shot shot4 ingredient2 left right
3
1 5
2 0
15 3
1
0 7 3 0
1
end_operator
begin_operator
clean-shot shot4 ingredient2 right left
3
1 0
2 5
15 3
1
0 7 3 0
1
end_operator
begin_operator
clean-shot shot4 ingredient3 left right
3
1 5
2 0
15 3
1
0 7 4 0
1
end_operator
begin_operator
clean-shot shot4 ingredient3 right left
3
1 0
2 5
15 3
1
0 7 4 0
1
end_operator
begin_operator
clean-shot shot5 ingredient1 left right
3
1 6
2 0
16 3
1
0 8 2 0
1
end_operator
begin_operator
clean-shot shot5 ingredient1 right left
3
1 0
2 6
16 3
1
0 8 2 0
1
end_operator
begin_operator
clean-shot shot5 ingredient2 left right
3
1 6
2 0
16 3
1
0 8 3 0
1
end_operator
begin_operator
clean-shot shot5 ingredient2 right left
3
1 0
2 6
16 3
1
0 8 3 0
1
end_operator
begin_operator
clean-shot shot5 ingredient3 left right
3
1 6
2 0
16 3
1
0 8 4 0
1
end_operator
begin_operator
clean-shot shot5 ingredient3 right left
3
1 0
2 6
16 3
1
0 8 4 0
1
end_operator
begin_operator
clean-shot shot6 ingredient1 left right
3
1 7
2 0
17 3
1
0 9 2 0
1
end_operator
begin_operator
clean-shot shot6 ingredient1 right left
3
1 0
2 7
17 3
1
0 9 2 0
1
end_operator
begin_operator
clean-shot shot6 ingredient2 left right
3
1 7
2 0
17 3
1
0 9 3 0
1
end_operator
begin_operator
clean-shot shot6 ingredient2 right left
3
1 0
2 7
17 3
1
0 9 3 0
1
end_operator
begin_operator
clean-shot shot6 ingredient3 left right
3
1 7
2 0
17 3
1
0 9 4 0
1
end_operator
begin_operator
clean-shot shot6 ingredient3 right left
3
1 0
2 7
17 3
1
0 9 4 0
1
end_operator
begin_operator
clean-shot shot7 ingredient1 left right
3
1 8
2 0
18 3
1
0 10 2 0
1
end_operator
begin_operator
clean-shot shot7 ingredient1 right left
3
1 0
2 8
18 3
1
0 10 2 0
1
end_operator
begin_operator
clean-shot shot7 ingredient2 left right
3
1 8
2 0
18 3
1
0 10 3 0
1
end_operator
begin_operator
clean-shot shot7 ingredient2 right left
3
1 0
2 8
18 3
1
0 10 3 0
1
end_operator
begin_operator
clean-shot shot7 ingredient3 left right
3
1 8
2 0
18 3
1
0 10 4 0
1
end_operator
begin_operator
clean-shot shot7 ingredient3 right left
3
1 0
2 8
18 3
1
0 10 4 0
1
end_operator
begin_operator
clean-shot shot8 ingredient1 left right
3
1 9
2 0
19 3
1
0 11 2 0
1
end_operator
begin_operator
clean-shot shot8 ingredient1 right left
3
1 0
2 9
19 3
1
0 11 2 0
1
end_operator
begin_operator
clean-shot shot8 ingredient2 left right
3
1 9
2 0
19 3
1
0 11 3 0
1
end_operator
begin_operator
clean-shot shot8 ingredient2 right left
3
1 0
2 9
19 3
1
0 11 3 0
1
end_operator
begin_operator
clean-shot shot8 ingredient3 left right
3
1 9
2 0
19 3
1
0 11 4 0
1
end_operator
begin_operator
clean-shot shot8 ingredient3 right left
3
1 0
2 9
19 3
1
0 11 4 0
1
end_operator
begin_operator
clean-shot shot9 ingredient1 left right
7
1 10
2 0
20 3
36 0
37 0
38 0
39 0
1
0 0 8 0
1
end_operator
begin_operator
clean-shot shot9 ingredient1 left right
6
1 10
2 0
20 3
36 1
37 0
39 0
2
0 0 8 0
0 38 0 1
1
end_operator
begin_operator
clean-shot shot9 ingredient1 right left
6
1 0
2 10
20 3
36 0
38 0
39 0
2
0 0 8 0
0 37 0 1
1
end_operator
begin_operator
clean-shot shot9 ingredient1 right left
4
1 0
2 10
20 3
36 1
4
0 0 8 0
0 37 0 1
0 38 0 1
0 39 0 1
1
end_operator
begin_operator
clean-shot shot9 ingredient2 left right
7
1 10
2 0
20 3
36 0
37 0
38 0
39 0
1
0 0 9 0
1
end_operator
begin_operator
clean-shot shot9 ingredient2 left right
6
1 10
2 0
20 3
36 1
37 0
39 0
2
0 0 9 0
0 38 0 1
1
end_operator
begin_operator
clean-shot shot9 ingredient2 right left
6
1 0
2 10
20 3
36 0
38 0
39 0
2
0 0 9 0
0 37 0 1
1
end_operator
begin_operator
clean-shot shot9 ingredient2 right left
4
1 0
2 10
20 3
36 1
4
0 0 9 0
0 37 0 1
0 38 0 1
0 39 0 1
1
end_operator
begin_operator
clean-shot shot9 ingredient3 left right
7
1 10
2 0
20 3
36 0
37 0
38 0
39 0
1
0 0 10 0
1
end_operator
begin_operator
clean-shot shot9 ingredient3 left right
6
1 10
2 0
20 3
36 1
37 0
39 0
2
0 0 10 0
0 38 0 1
1
end_operator
begin_operator
clean-shot shot9 ingredient3 right left
6
1 0
2 10
20 3
36 0
38 0
39 0
2
0 0 10 0
0 37 0 1
1
end_operator
begin_operator
clean-shot shot9 ingredient3 right left
4
1 0
2 10
20 3
36 1
4
0 0 10 0
0 37 0 1
0 38 0 1
0 39 0 1
1
end_operator
begin_operator
empty-shaker left shaker1 cocktail1 l0 l0
2
1 1
21 0
2
0 3 0 7
0 32 0 1
1
end_operator
begin_operator
empty-shaker left shaker1 cocktail1 l1 l0
1
1 1
3
0 3 0 7
0 21 1 0
0 32 0 1
1
end_operator
begin_operator
empty-shaker left shaker1 cocktail1 l2 l0
1
1 1
3
0 3 0 7
0 21 2 0
0 32 0 1
1
end_operator
begin_operator
empty-shaker left shaker1 cocktail2 l0 l0
2
1 1
21 0
2
0 3 1 7
0 32 0 1
1
end_operator
begin_operator
empty-shaker left shaker1 cocktail2 l1 l0
1
1 1
3
0 3 1 7
0 21 1 0
0 32 0 1
1
end_operator
begin_operator
empty-shaker left shaker1 cocktail2 l2 l0
1
1 1
3
0 3 1 7
0 21 2 0
0 32 0 1
1
end_operator
begin_operator
empty-shaker left shaker1 cocktail3 l0 l0
2
1 1
21 0
2
0 3 2 7
0 32 0 1
1
end_operator
begin_operator
empty-shaker left shaker1 cocktail3 l1 l0
1
1 1
3
0 3 2 7
0 21 1 0
0 32 0 1
1
end_operator
begin_operator
empty-shaker left shaker1 cocktail3 l2 l0
1
1 1
3
0 3 2 7
0 21 2 0
0 32 0 1
1
end_operator
begin_operator
empty-shaker left shaker1 cocktail4 l0 l0
2
1 1
21 0
2
0 3 3 7
0 32 0 1
1
end_operator
begin_operator
empty-shaker left shaker1 cocktail4 l1 l0
1
1 1
3
0 3 3 7
0 21 1 0
0 32 0 1
1
end_operator
begin_operator
empty-shaker left shaker1 cocktail4 l2 l0
1
1 1
3
0 3 3 7
0 21 2 0
0 32 0 1
1
end_operator
begin_operator
empty-shaker left shaker1 cocktail5 l0 l0
2
1 1
21 0
2
0 3 4 7
0 32 0 1
1
end_operator
begin_operator
empty-shaker left shaker1 cocktail5 l1 l0
1
1 1
3
0 3 4 7
0 21 1 0
0 32 0 1
1
end_operator
begin_operator
empty-shaker left shaker1 cocktail5 l2 l0
1
1 1
3
0 3 4 7
0 21 2 0
0 32 0 1
1
end_operator
begin_operator
empty-shaker left shaker1 cocktail6 l0 l0
2
1 1
21 0
2
0 3 5 7
0 32 0 1
1
end_operator
begin_operator
empty-shaker left shaker1 cocktail6 l1 l0
1
1 1
3
0 3 5 7
0 21 1 0
0 32 0 1
1
end_operator
begin_operator
empty-shaker left shaker1 cocktail6 l2 l0
1
1 1
3
0 3 5 7
0 21 2 0
0 32 0 1
1
end_operator
begin_operator
empty-shaker left shaker1 cocktail7 l0 l0
2
1 1
21 0
2
0 3 6 7
0 32 0 1
1
end_operator
begin_operator
empty-shaker left shaker1 cocktail7 l1 l0
1
1 1
3
0 3 6 7
0 21 1 0
0 32 0 1
1
end_operator
begin_operator
empty-shaker left shaker1 cocktail7 l2 l0
1
1 1
3
0 3 6 7
0 21 2 0
0 32 0 1
1
end_operator
begin_operator
empty-shaker right shaker1 cocktail1 l0 l0
2
2 1
21 0
2
0 3 0 7
0 32 0 1
1
end_operator
begin_operator
empty-shaker right shaker1 cocktail1 l1 l0
1
2 1
3
0 3 0 7
0 21 1 0
0 32 0 1
1
end_operator
begin_operator
empty-shaker right shaker1 cocktail1 l2 l0
1
2 1
3
0 3 0 7
0 21 2 0
0 32 0 1
1
end_operator
begin_operator
empty-shaker right shaker1 cocktail2 l0 l0
2
2 1
21 0
2
0 3 1 7
0 32 0 1
1
end_operator
begin_operator
empty-shaker right shaker1 cocktail2 l1 l0
1
2 1
3
0 3 1 7
0 21 1 0
0 32 0 1
1
end_operator
begin_operator
empty-shaker right shaker1 cocktail2 l2 l0
1
2 1
3
0 3 1 7
0 21 2 0
0 32 0 1
1
end_operator
begin_operator
empty-shaker right shaker1 cocktail3 l0 l0
2
2 1
21 0
2
0 3 2 7
0 32 0 1
1
end_operator
begin_operator
empty-shaker right shaker1 cocktail3 l1 l0
1
2 1
3
0 3 2 7
0 21 1 0
0 32 0 1
1
end_operator
begin_operator
empty-shaker right shaker1 cocktail3 l2 l0
1
2 1
3
0 3 2 7
0 21 2 0
0 32 0 1
1
end_operator
begin_operator
empty-shaker right shaker1 cocktail4 l0 l0
2
2 1
21 0
2
0 3 3 7
0 32 0 1
1
end_operator
begin_operator
empty-shaker right shaker1 cocktail4 l1 l0
1
2 1
3
0 3 3 7
0 21 1 0
0 32 0 1
1
end_operator
begin_operator
empty-shaker right shaker1 cocktail4 l2 l0
1
2 1
3
0 3 3 7
0 21 2 0
0 32 0 1
1
end_operator
begin_operator
empty-shaker right shaker1 cocktail5 l0 l0
2
2 1
21 0
2
0 3 4 7
0 32 0 1
1
end_operator
begin_operator
empty-shaker right shaker1 cocktail5 l1 l0
1
2 1
3
0 3 4 7
0 21 1 0
0 32 0 1
1
end_operator
begin_operator
empty-shaker right shaker1 cocktail5 l2 l0
1
2 1
3
0 3 4 7
0 21 2 0
0 32 0 1
1
end_operator
begin_operator
empty-shaker right shaker1 cocktail6 l0 l0
2
2 1
21 0
2
0 3 5 7
0 32 0 1
1
end_operator
begin_operator
empty-shaker right shaker1 cocktail6 l1 l0
1
2 1
3
0 3 5 7
0 21 1 0
0 32 0 1
1
end_operator
begin_operator
empty-shaker right shaker1 cocktail6 l2 l0
1
2 1
3
0 3 5 7
0 21 2 0
0 32 0 1
1
end_operator
begin_operator
empty-shaker right shaker1 cocktail7 l0 l0
2
2 1
21 0
2
0 3 6 7
0 32 0 1
1
end_operator
begin_operator
empty-shaker right shaker1 cocktail7 l1 l0
1
2 1
3
0 3 6 7
0 21 1 0
0 32 0 1
1
end_operator
begin_operator
empty-shaker right shaker1 cocktail7 l2 l0
1
2 1
3
0 3 6 7
0 21 2 0
0 32 0 1
1
end_operator
begin_operator
empty-shot left shot1 cocktail3
1
1 2
2
0 4 1 5
0 12 -1 3
1
end_operator
begin_operator
empty-shot left shot1 ingredient1
1
1 2
1
0 12 0 3
1
end_operator
begin_operator
empty-shot left shot1 ingredient2
1
1 2
1
0 12 1 3
1
end_operator
begin_operator
empty-shot left shot1 ingredient3
1
1 2
1
0 12 2 3
1
end_operator
begin_operator
empty-shot left shot2 cocktail6
1
1 3
2
0 5 1 5
0 13 -1 3
1
end_operator
begin_operator
empty-shot left shot2 ingredient1
1
1 3
1
0 13 0 3
1
end_operator
begin_operator
empty-shot left shot2 ingredient2
1
1 3
1
0 13 1 3
1
end_operator
begin_operator
empty-shot left shot2 ingredient3
1
1 3
1
0 13 2 3
1
end_operator
begin_operator
empty-shot left shot3 cocktail1
1
1 4
2
0 6 1 5
0 14 -1 3
1
end_operator
begin_operator
empty-shot left shot3 ingredient1
1
1 4
1
0 14 0 3
1
end_operator
begin_operator
empty-shot left shot3 ingredient2
1
1 4
1
0 14 1 3
1
end_operator
begin_operator
empty-shot left shot3 ingredient3
1
1 4
1
0 14 2 3
1
end_operator
begin_operator
empty-shot left shot4 cocktail7
1
1 5
2
0 7 1 5
0 15 -1 3
1
end_operator
begin_operator
empty-shot left shot4 ingredient1
1
1 5
1
0 15 0 3
1
end_operator
begin_operator
empty-shot left shot4 ingredient2
1
1 5
1
0 15 1 3
1
end_operator
begin_operator
empty-shot left shot4 ingredient3
1
1 5
1
0 15 2 3
1
end_operator
begin_operator
empty-shot left shot5 cocktail2
1
1 6
2
0 8 1 5
0 16 -1 3
1
end_operator
begin_operator
empty-shot left shot5 ingredient1
1
1 6
1
0 16 0 3
1
end_operator
begin_operator
empty-shot left shot5 ingredient2
1
1 6
1
0 16 1 3
1
end_operator
begin_operator
empty-shot left shot5 ingredient3
1
1 6
1
0 16 2 3
1
end_operator
begin_operator
empty-shot left shot6 cocktail5
1
1 7
2
0 9 1 5
0 17 -1 3
1
end_operator
begin_operator
empty-shot left shot6 ingredient1
1
1 7
1
0 17 0 3
1
end_operator
begin_operator
empty-shot left shot6 ingredient2
1
1 7
1
0 17 1 3
1
end_operator
begin_operator
empty-shot left shot6 ingredient3
1
1 7
1
0 17 2 3
1
end_operator
begin_operator
empty-shot left shot7 cocktail4
1
1 8
2
0 10 1 5
0 18 -1 3
1
end_operator
begin_operator
empty-shot left shot7 ingredient1
1
1 8
1
0 18 0 3
1
end_operator
begin_operator
empty-shot left shot7 ingredient2
1
1 8
1
0 18 1 3
1
end_operator
begin_operator
empty-shot left shot7 ingredient3
1
1 8
1
0 18 2 3
1
end_operator
begin_operator
empty-shot left shot8 cocktail5
1
1 9
2
0 11 1 5
0 19 -1 3
1
end_operator
begin_operator
empty-shot left shot8 ingredient1
1
1 9
1
0 19 0 3
1
end_operator
begin_operator
empty-shot left shot8 ingredient2
1
1 9
1
0 19 1 3
1
end_operator
begin_operator
empty-shot left shot8 ingredient3
1
1 9
1
0 19 2 3
1
end_operator
begin_operator
empty-shot left shot9 cocktail1
1
1 10
2
0 0 1 11
0 20 -1 3
1
end_operator
begin_operator
empty-shot left shot9 cocktail2
1
1 10
2
0 0 2 11
0 20 -1 3
1
end_operator
begin_operator
empty-shot left shot9 cocktail3
1
1 10
2
0 0 3 11
0 20 -1 3
1
end_operator
begin_operator
empty-shot left shot9 cocktail4
1
1 10
2
0 0 4 11
0 20 -1 3
1
end_operator
begin_operator
empty-shot left shot9 cocktail5
1
1 10
2
0 0 5 11
0 20 -1 3
1
end_operator
begin_operator
empty-shot left shot9 cocktail6
1
1 10
2
0 0 6 11
0 20 -1 3
1
end_operator
begin_operator
empty-shot left shot9 cocktail7
1
1 10
2
0 0 7 11
0 20 -1 3
1
end_operator
begin_operator
empty-shot left shot9 ingredient1
1
1 10
1
0 20 0 3
1
end_operator
begin_operator
empty-shot left shot9 ingredient2
1
1 10
1
0 20 1 3
1
end_operator
begin_operator
empty-shot left shot9 ingredient3
1
1 10
1
0 20 2 3
1
end_operator
begin_operator
empty-shot right shot1 cocktail3
1
2 2
2
0 4 1 5
0 12 -1 3
1
end_operator
begin_operator
empty-shot right shot1 ingredient1
1
2 2
1
0 12 0 3
1
end_operator
begin_operator
empty-shot right shot1 ingredient2
1
2 2
1
0 12 1 3
1
end_operator
begin_operator
empty-shot right shot1 ingredient3
1
2 2
1
0 12 2 3
1
end_operator
begin_operator
empty-shot right shot2 cocktail6
1
2 3
2
0 5 1 5
0 13 -1 3
1
end_operator
begin_operator
empty-shot right shot2 ingredient1
1
2 3
1
0 13 0 3
1
end_operator
begin_operator
empty-shot right shot2 ingredient2
1
2 3
1
0 13 1 3
1
end_operator
begin_operator
empty-shot right shot2 ingredient3
1
2 3
1
0 13 2 3
1
end_operator
begin_operator
empty-shot right shot3 cocktail1
1
2 4
2
0 6 1 5
0 14 -1 3
1
end_operator
begin_operator
empty-shot right shot3 ingredient1
1
2 4
1
0 14 0 3
1
end_operator
begin_operator
empty-shot right shot3 ingredient2
1
2 4
1
0 14 1 3
1
end_operator
begin_operator
empty-shot right shot3 ingredient3
1
2 4
1
0 14 2 3
1
end_operator
begin_operator
empty-shot right shot4 cocktail7
1
2 5
2
0 7 1 5
0 15 -1 3
1
end_operator
begin_operator
empty-shot right shot4 ingredient1
1
2 5
1
0 15 0 3
1
end_operator
begin_operator
empty-shot right shot4 ingredient2
1
2 5
1
0 15 1 3
1
end_operator
begin_operator
empty-shot right shot4 ingredient3
1
2 5
1
0 15 2 3
1
end_operator
begin_operator
empty-shot right shot5 cocktail2
1
2 6
2
0 8 1 5
0 16 -1 3
1
end_operator
begin_operator
empty-shot right shot5 ingredient1
1
2 6
1
0 16 0 3
1
end_operator
begin_operator
empty-shot right shot5 ingredient2
1
2 6
1
0 16 1 3
1
end_operator
begin_operator
empty-shot right shot5 ingredient3
1
2 6
1
0 16 2 3
1
end_operator
begin_operator
empty-shot right shot6 cocktail5
1
2 7
2
0 9 1 5
0 17 -1 3
1
end_operator
begin_operator
empty-shot right shot6 ingredient1
1
2 7
1
0 17 0 3
1
end_operator
begin_operator
empty-shot right shot6 ingredient2
1
2 7
1
0 17 1 3
1
end_operator
begin_operator
empty-shot right shot6 ingredient3
1
2 7
1
0 17 2 3
1
end_operator
begin_operator
empty-shot right shot7 cocktail4
1
2 8
2
0 10 1 5
0 18 -1 3
1
end_operator
begin_operator
empty-shot right shot7 ingredient1
1
2 8
1
0 18 0 3
1
end_operator
begin_operator
empty-shot right shot7 ingredient2
1
2 8
1
0 18 1 3
1
end_operator
begin_operator
empty-shot right shot7 ingredient3
1
2 8
1
0 18 2 3
1
end_operator
begin_operator
empty-shot right shot8 cocktail5
1
2 9
2
0 11 1 5
0 19 -1 3
1
end_operator
begin_operator
empty-shot right shot8 ingredient1
1
2 9
1
0 19 0 3
1
end_operator
begin_operator
empty-shot right shot8 ingredient2
1
2 9
1
0 19 1 3
1
end_operator
begin_operator
empty-shot right shot8 ingredient3
1
2 9
1
0 19 2 3
1
end_operator
begin_operator
empty-shot right shot9 cocktail1
3
1 1
2 10
40 0
2
0 0 1 11
0 20 -1 3
1
end_operator
begin_operator
empty-shot right shot9 cocktail1
3
1 2
2 10
40 0
2
0 0 1 11
0 20 -1 3
1
end_operator
begin_operator
empty-shot right shot9 cocktail1
3
1 3
2 10
40 0
2
0 0 1 11
0 20 -1 3
1
end_operator
begin_operator
empty-shot right shot9 cocktail1
3
1 4
2 10
40 0
2
0 0 1 11
0 20 -1 3
1
end_operator
begin_operator
empty-shot right shot9 cocktail1
3
1 5
2 10
40 0
2
0 0 1 11
0 20 -1 3
1
end_operator
begin_operator
empty-shot right shot9 cocktail1
3
1 6
2 10
40 0
2
0 0 1 11
0 20 -1 3
1
end_operator
begin_operator
empty-shot right shot9 cocktail1
3
1 7
2 10
40 0
2
0 0 1 11
0 20 -1 3
1
end_operator
begin_operator
empty-shot right shot9 cocktail1
3
1 8
2 10
40 0
2
0 0 1 11
0 20 -1 3
1
end_operator
begin_operator
empty-shot right shot9 cocktail1
3
1 9
2 10
40 0
2
0 0 1 11
0 20 -1 3
1
end_operator
begin_operator
empty-shot right shot9 cocktail1
2
1 0
2 10
3
0 0 1 11
0 20 -1 3
0 40 1 0
1
end_operator
begin_operator
empty-shot right shot9 cocktail2
1
2 10
2
0 0 2 11
0 20 -1 3
1
end_operator
begin_operator
empty-shot right shot9 cocktail3
1
2 10
2
0 0 3 11
0 20 -1 3
1
end_operator
begin_operator
empty-shot right shot9 cocktail4
1
2 10
2
0 0 4 11
0 20 -1 3
1
end_operator
begin_operator
empty-shot right shot9 cocktail5
1
2 10
2
0 0 5 11
0 20 -1 3
1
end_operator
begin_operator
empty-shot right shot9 cocktail6
1
2 10
2
0 0 6 11
0 20 -1 3
1
end_operator
begin_operator
empty-shot right shot9 cocktail7
1
2 10
2
0 0 7 11
0 20 -1 3
1
end_operator
begin_operator
empty-shot right shot9 ingredient1
1
2 10
1
0 20 0 3
1
end_operator
begin_operator
empty-shot right shot9 ingredient2
1
2 10
1
0 20 1 3
1
end_operator
begin_operator
empty-shot right shot9 ingredient3
1
2 10
1
0 20 2 3
1
end_operator
begin_operator
fill-shot shot1 ingredient1 left right dispenser1
2
1 2
2 0
2
0 4 0 2
0 12 3 0
10
end_operator
begin_operator
fill-shot shot1 ingredient1 right left dispenser1
2
1 0
2 2
2
0 4 0 2
0 12 3 0
10
end_operator
begin_operator
fill-shot shot1 ingredient2 left right dispenser2
2
1 2
2 0
2
0 4 0 3
0 12 3 1
10
end_operator
begin_operator
fill-shot shot1 ingredient2 right left dispenser2
2
1 0
2 2
2
0 4 0 3
0 12 3 1
10
end_operator
begin_operator
fill-shot shot1 ingredient3 left right dispenser3
2
1 2
2 0
2
0 4 0 4
0 12 3 2
10
end_operator
begin_operator
fill-shot shot1 ingredient3 right left dispenser3
2
1 0
2 2
2
0 4 0 4
0 12 3 2
10
end_operator
begin_operator
fill-shot shot2 ingredient1 left right dispenser1
2
1 3
2 0
2
0 5 0 2
0 13 3 0
10
end_operator
begin_operator
fill-shot shot2 ingredient1 right left dispenser1
2
1 0
2 3
2
0 5 0 2
0 13 3 0
10
end_operator
begin_operator
fill-shot shot2 ingredient2 left right dispenser2
2
1 3
2 0
2
0 5 0 3
0 13 3 1
10
end_operator
begin_operator
fill-shot shot2 ingredient2 right left dispenser2
2
1 0
2 3
2
0 5 0 3
0 13 3 1
10
end_operator
begin_operator
fill-shot shot2 ingredient3 left right dispenser3
2
1 3
2 0
2
0 5 0 4
0 13 3 2
10
end_operator
begin_operator
fill-shot shot2 ingredient3 right left dispenser3
2
1 0
2 3
2
0 5 0 4
0 13 3 2
10
end_operator
begin_operator
fill-shot shot3 ingredient1 left right dispenser1
2
1 4
2 0
2
0 6 0 2
0 14 3 0
10
end_operator
begin_operator
fill-shot shot3 ingredient1 right left dispenser1
2
1 0
2 4
2
0 6 0 2
0 14 3 0
10
end_operator
begin_operator
fill-shot shot3 ingredient2 left right dispenser2
2
1 4
2 0
2
0 6 0 3
0 14 3 1
10
end_operator
begin_operator
fill-shot shot3 ingredient2 right left dispenser2
2
1 0
2 4
2
0 6 0 3
0 14 3 1
10
end_operator
begin_operator
fill-shot shot3 ingredient3 left right dispenser3
2
1 4
2 0
2
0 6 0 4
0 14 3 2
10
end_operator
begin_operator
fill-shot shot3 ingredient3 right left dispenser3
2
1 0
2 4
2
0 6 0 4
0 14 3 2
10
end_operator
begin_operator
fill-shot shot4 ingredient1 left right dispenser1
2
1 5
2 0
2
0 7 0 2
0 15 3 0
10
end_operator
begin_operator
fill-shot shot4 ingredient1 right left dispenser1
2
1 0
2 5
2
0 7 0 2
0 15 3 0
10
end_operator
begin_operator
fill-shot shot4 ingredient2 left right dispenser2
2
1 5
2 0
2
0 7 0 3
0 15 3 1
10
end_operator
begin_operator
fill-shot shot4 ingredient2 right left dispenser2
2
1 0
2 5
2
0 7 0 3
0 15 3 1
10
end_operator
begin_operator
fill-shot shot4 ingredient3 left right dispenser3
2
1 5
2 0
2
0 7 0 4
0 15 3 2
10
end_operator
begin_operator
fill-shot shot4 ingredient3 right left dispenser3
2
1 0
2 5
2
0 7 0 4
0 15 3 2
10
end_operator
begin_operator
fill-shot shot5 ingredient1 left right dispenser1
2
1 6
2 0
2
0 8 0 2
0 16 3 0
10
end_operator
begin_operator
fill-shot shot5 ingredient1 right left dispenser1
2
1 0
2 6
2
0 8 0 2
0 16 3 0
10
end_operator
begin_operator
fill-shot shot5 ingredient2 left right dispenser2
2
1 6
2 0
2
0 8 0 3
0 16 3 1
10
end_operator
begin_operator
fill-shot shot5 ingredient2 right left dispenser2
2
1 0
2 6
2
0 8 0 3
0 16 3 1
10
end_operator
begin_operator
fill-shot shot5 ingredient3 left right dispenser3
2
1 6
2 0
2
0 8 0 4
0 16 3 2
10
end_operator
begin_operator
fill-shot shot5 ingredient3 right left dispenser3
2
1 0
2 6
2
0 8 0 4
0 16 3 2
10
end_operator
begin_operator
fill-shot shot6 ingredient1 left right dispenser1
2
1 7
2 0
2
0 9 0 2
0 17 3 0
10
end_operator
begin_operator
fill-shot shot6 ingredient1 right left dispenser1
2
1 0
2 7
2
0 9 0 2
0 17 3 0
10
end_operator
begin_operator
fill-shot shot6 ingredient2 left right dispenser2
2
1 7
2 0
2
0 9 0 3
0 17 3 1
10
end_operator
begin_operator
fill-shot shot6 ingredient2 right left dispenser2
2
1 0
2 7
2
0 9 0 3
0 17 3 1
10
end_operator
begin_operator
fill-shot shot6 ingredient3 left right dispenser3
2
1 7
2 0
2
0 9 0 4
0 17 3 2
10
end_operator
begin_operator
fill-shot shot6 ingredient3 right left dispenser3
2
1 0
2 7
2
0 9 0 4
0 17 3 2
10
end_operator
begin_operator
fill-shot shot7 ingredient1 left right dispenser1
2
1 8
2 0
2
0 10 0 2
0 18 3 0
10
end_operator
begin_operator
fill-shot shot7 ingredient1 right left dispenser1
2
1 0
2 8
2
0 10 0 2
0 18 3 0
10
end_operator
begin_operator
fill-shot shot7 ingredient2 left right dispenser2
2
1 8
2 0
2
0 10 0 3
0 18 3 1
10
end_operator
begin_operator
fill-shot shot7 ingredient2 right left dispenser2
2
1 0
2 8
2
0 10 0 3
0 18 3 1
10
end_operator
begin_operator
fill-shot shot7 ingredient3 left right dispenser3
2
1 8
2 0
2
0 10 0 4
0 18 3 2
10
end_operator
begin_operator
fill-shot shot7 ingredient3 right left dispenser3
2
1 0
2 8
2
0 10 0 4
0 18 3 2
10
end_operator
begin_operator
fill-shot shot8 ingredient1 left right dispenser1
2
1 9
2 0
2
0 11 0 2
0 19 3 0
10
end_operator
begin_operator
fill-shot shot8 ingredient1 right left dispenser1
2
1 0
2 9
2
0 11 0 2
0 19 3 0
10
end_operator
begin_operator
fill-shot shot8 ingredient2 left right dispenser2
2
1 9
2 0
2
0 11 0 3
0 19 3 1
10
end_operator
begin_operator
fill-shot shot8 ingredient2 right left dispenser2
2
1 0
2 9
2
0 11 0 3
0 19 3 1
10
end_operator
begin_operator
fill-shot shot8 ingredient3 left right dispenser3
2
1 9
2 0
2
0 11 0 4
0 19 3 2
10
end_operator
begin_operator
fill-shot shot8 ingredient3 right left dispenser3
2
1 0
2 9
2
0 11 0 4
0 19 3 2
10
end_operator
begin_operator
fill-shot shot9 ingredient1 left right dispenser1
4
1 10
2 0
36 0
38 0
2
0 0 0 8
0 20 3 0
10
end_operator
begin_operator
fill-shot shot9 ingredient1 left right dispenser1
3
1 10
2 0
36 1
3
0 0 0 8
0 20 3 0
0 38 1 0
10
end_operator
begin_operator
fill-shot shot9 ingredient1 right left dispenser1
5
1 0
2 10
36 0
38 0
39 0
3
0 0 0 8
0 20 3 0
0 37 1 0
10
end_operator
begin_operator
fill-shot shot9 ingredient1 right left dispenser1
3
1 0
2 10
36 1
5
0 0 0 8
0 20 3 0
0 37 1 0
0 38 1 0
0 39 1 0
10
end_operator
begin_operator
fill-shot shot9 ingredient2 left right dispenser2
4
1 10
2 0
36 0
38 0
2
0 0 0 9
0 20 3 1
10
end_operator
begin_operator
fill-shot shot9 ingredient2 left right dispenser2
3
1 10
2 0
36 1
3
0 0 0 9
0 20 3 1
0 38 1 0
10
end_operator
begin_operator
fill-shot shot9 ingredient2 right left dispenser2
5
1 0
2 10
36 0
38 0
39 0
3
0 0 0 9
0 20 3 1
0 37 1 0
10
end_operator
begin_operator
fill-shot shot9 ingredient2 right left dispenser2
3
1 0
2 10
36 1
5
0 0 0 9
0 20 3 1
0 37 1 0
0 38 1 0
0 39 1 0
10
end_operator
begin_operator
fill-shot shot9 ingredient3 left right dispenser3
4
1 10
2 0
36 0
38 0
2
0 0 0 10
0 20 3 2
10
end_operator
begin_operator
fill-shot shot9 ingredient3 left right dispenser3
3
1 10
2 0
36 1
3
0 0 0 10
0 20 3 2
0 38 1 0
10
end_operator
begin_operator
fill-shot shot9 ingredient3 right left dispenser3
5
1 0
2 10
36 0
38 0
39 0
3
0 0 0 10
0 20 3 2
0 37 1 0
10
end_operator
begin_operator
fill-shot shot9 ingredient3 right left dispenser3
3
1 0
2 10
36 1
5
0 0 0 10
0 20 3 2
0 37 1 0
0 38 1 0
0 39 1 0
10
end_operator
begin_operator
grasp left shaker1
5
0 2
36 0
37 0
39 0
40 0
2
0 1 0 1
0 22 0 1
1
end_operator
begin_operator
grasp left shaker1
5
0 2
36 1
37 0
39 0
40 0
2
0 1 0 1
0 22 0 1
1
end_operator
begin_operator
grasp left shaker1
5
0 3
36 0
37 0
39 0
40 0
2
0 1 0 1
0 22 0 1
1
end_operator
begin_operator
grasp left shaker1
5
0 3
36 1
37 0
39 0
40 0
2
0 1 0 1
0 22 0 1
1
end_operator
begin_operator
grasp left shaker1
5
0 4
36 0
37 0
39 0
40 0
2
0 1 0 1
0 22 0 1
1
end_operator
begin_operator
grasp left shaker1
5
0 4
36 1
37 0
39 0
40 0
2
0 1 0 1
0 22 0 1
1
end_operator
begin_operator
grasp left shaker1
5
0 5
36 0
37 0
39 0
40 0
2
0 1 0 1
0 22 0 1
1
end_operator
begin_operator
grasp left shaker1
5
0 5
36 1
37 0
39 0
40 0
2
0 1 0 1
0 22 0 1
1
end_operator
begin_operator
grasp left shaker1
5
0 6
36 0
37 0
39 0
40 0
2
0 1 0 1
0 22 0 1
1
end_operator
begin_operator
grasp left shaker1
5
0 6
36 1
37 0
39 0
40 0
2
0 1 0 1
0 22 0 1
1
end_operator
begin_operator
grasp left shaker1
5
0 7
36 0
37 0
39 0
40 0
2
0 1 0 1
0 22 0 1
1
end_operator
begin_operator
grasp left shaker1
5
0 7
36 1
37 0
39 0
40 0
2
0 1 0 1
0 22 0 1
1
end_operator
begin_operator
grasp left shaker1
5
0 8
36 0
37 0
39 0
40 0
2
0 1 0 1
0 22 0 1
1
end_operator
begin_operator
grasp left shaker1
5
0 8
36 1
37 0
39 0
40 0
2
0 1 0 1
0 22 0 1
1
end_operator
begin_operator
grasp left shaker1
5
0 9
36 0
37 0
39 0
40 0
2
0 1 0 1
0 22 0 1
1
end_operator
begin_operator
grasp left shaker1
5
0 9
36 1
37 0
39 0
40 0
2
0 1 0 1
0 22 0 1
1
end_operator
begin_operator
grasp left shaker1
5
0 10
36 0
37 0
39 0
40 0
2
0 1 0 1
0 22 0 1
1
end_operator
begin_operator
grasp left shaker1
5
0 10
36 1
37 0
39 0
40 0
2
0 1 0 1
0 22 0 1
1
end_operator
begin_operator
grasp left shaker1
5
0 11
36 0
37 0
39 0
40 0
2
0 1 0 1
0 22 0 1
1
end_operator
begin_operator
grasp left shaker1
5
0 11
36 1
37 0
39 0
40 0
2
0 1 0 1
0 22 0 1
1
end_operator
begin_operator
grasp left shaker1
4
0 1
36 0
37 0
39 0
3
0 1 0 1
0 22 0 1
0 40 1 0
1
end_operator
begin_operator
grasp left shaker1
4
0 1
36 1
37 0
39 0
3
0 1 0 1
0 22 0 1
0 40 1 0
1
end_operator
begin_operator
grasp left shaker1
4
0 0
36 0
39 0
40 0
3
0 1 0 1
0 22 0 1
0 37 1 0
1
end_operator
begin_operator
grasp left shaker1
3
0 0
36 1
40 0
4
0 1 0 1
0 22 0 1
0 37 1 0
0 39 1 0
1
end_operator
begin_operator
grasp left shot1
5
0 2
36 0
37 0
39 0
40 0
2
0 1 0 2
0 23 0 1
1
end_operator
begin_operator
grasp left shot1
5
0 2
36 1
37 0
39 0
40 0
2
0 1 0 2
0 23 0 1
1
end_operator
begin_operator
grasp left shot1
5
0 3
36 0
37 0
39 0
40 0
2
0 1 0 2
0 23 0 1
1
end_operator
begin_operator
grasp left shot1
5
0 3
36 1
37 0
39 0
40 0
2
0 1 0 2
0 23 0 1
1
end_operator
begin_operator
grasp left shot1
5
0 4
36 0
37 0
39 0
40 0
2
0 1 0 2
0 23 0 1
1
end_operator
begin_operator
grasp left shot1
5
0 4
36 1
37 0
39 0
40 0
2
0 1 0 2
0 23 0 1
1
end_operator
begin_operator
grasp left shot1
5
0 5
36 0
37 0
39 0
40 0
2
0 1 0 2
0 23 0 1
1
end_operator
begin_operator
grasp left shot1
5
0 5
36 1
37 0
39 0
40 0
2
0 1 0 2
0 23 0 1
1
end_operator
begin_operator
grasp left shot1
5
0 6
36 0
37 0
39 0
40 0
2
0 1 0 2
0 23 0 1
1
end_operator
begin_operator
grasp left shot1
5
0 6
36 1
37 0
39 0
40 0
2
0 1 0 2
0 23 0 1
1
end_operator
begin_operator
grasp left shot1
5
0 7
36 0
37 0
39 0
40 0
2
0 1 0 2
0 23 0 1
1
end_operator
begin_operator
grasp left shot1
5
0 7
36 1
37 0
39 0
40 0
2
0 1 0 2
0 23 0 1
1
end_operator
begin_operator
grasp left shot1
5
0 8
36 0
37 0
39 0
40 0
2
0 1 0 2
0 23 0 1
1
end_operator
begin_operator
grasp left shot1
5
0 8
36 1
37 0
39 0
40 0
2
0 1 0 2
0 23 0 1
1
end_operator
begin_operator
grasp left shot1
5
0 9
36 0
37 0
39 0
40 0
2
0 1 0 2
0 23 0 1
1
end_operator
begin_operator
grasp left shot1
5
0 9
36 1
37 0
39 0
40 0
2
0 1 0 2
0 23 0 1
1
end_operator
begin_operator
grasp left shot1
5
0 10
36 0
37 0
39 0
40 0
2
0 1 0 2
0 23 0 1
1
end_operator
begin_operator
grasp left shot1
5
0 10
36 1
37 0
39 0
40 0
2
0 1 0 2
0 23 0 1
1
end_operator
begin_operator
grasp left shot1
5
0 11
36 0
37 0
39 0
40 0
2
0 1 0 2
0 23 0 1
1
end_operator
begin_operator
grasp left shot1
5
0 11
36 1
37 0
39 0
40 0
2
0 1 0 2
0 23 0 1
1
end_operator
begin_operator
grasp left shot1
4
0 1
36 0
37 0
39 0
3
0 1 0 2
0 23 0 1
0 40 1 0
1
end_operator
begin_operator
grasp left shot1
4
0 1
36 1
37 0
39 0
3
0 1 0 2
0 23 0 1
0 40 1 0
1
end_operator
begin_operator
grasp left shot1
4
0 0
36 0
39 0
40 0
3
0 1 0 2
0 23 0 1
0 37 1 0
1
end_operator
begin_operator
grasp left shot1
3
0 0
36 1
40 0
4
0 1 0 2
0 23 0 1
0 37 1 0
0 39 1 0
1
end_operator
begin_operator
grasp left shot2
5
0 2
36 0
37 0
39 0
40 0
2
0 1 0 3
0 24 0 1
1
end_operator
begin_operator
grasp left shot2
5
0 2
36 1
37 0
39 0
40 0
2
0 1 0 3
0 24 0 1
1
end_operator
begin_operator
grasp left shot2
5
0 3
36 0
37 0
39 0
40 0
2
0 1 0 3
0 24 0 1
1
end_operator
begin_operator
grasp left shot2
5
0 3
36 1
37 0
39 0
40 0
2
0 1 0 3
0 24 0 1
1
end_operator
begin_operator
grasp left shot2
5
0 4
36 0
37 0
39 0
40 0
2
0 1 0 3
0 24 0 1
1
end_operator
begin_operator
grasp left shot2
5
0 4
36 1
37 0
39 0
40 0
2
0 1 0 3
0 24 0 1
1
end_operator
begin_operator
grasp left shot2
5
0 5
36 0
37 0
39 0
40 0
2
0 1 0 3
0 24 0 1
1
end_operator
begin_operator
grasp left shot2
5
0 5
36 1
37 0
39 0
40 0
2
0 1 0 3
0 24 0 1
1
end_operator
begin_operator
grasp left shot2
5
0 6
36 0
37 0
39 0
40 0
2
0 1 0 3
0 24 0 1
1
end_operator
begin_operator
grasp left shot2
5
0 6
36 1
37 0
39 0
40 0
2
0 1 0 3
0 24 0 1
1
end_operator
begin_operator
grasp left shot2
5
0 7
36 0
37 0
39 0
40 0
2
0 1 0 3
0 24 0 1
1
end_operator
begin_operator
grasp left shot2
5
0 7
36 1
37 0
39 0
40 0
2
0 1 0 3
0 24 0 1
1
end_operator
begin_operator
grasp left shot2
5
0 8
36 0
37 0
39 0
40 0
2
0 1 0 3
0 24 0 1
1
end_operator
begin_operator
grasp left shot2
5
0 8
36 1
37 0
39 0
40 0
2
0 1 0 3
0 24 0 1
1
end_operator
begin_operator
grasp left shot2
5
0 9
36 0
37 0
39 0
40 0
2
0 1 0 3
0 24 0 1
1
end_operator
begin_operator
grasp left shot2
5
0 9
36 1
37 0
39 0
40 0
2
0 1 0 3
0 24 0 1
1
end_operator
begin_operator
grasp left shot2
5
0 10
36 0
37 0
39 0
40 0
2
0 1 0 3
0 24 0 1
1
end_operator
begin_operator
grasp left shot2
5
0 10
36 1
37 0
39 0
40 0
2
0 1 0 3
0 24 0 1
1
end_operator
begin_operator
grasp left shot2
5
0 11
36 0
37 0
39 0
40 0
2
0 1 0 3
0 24 0 1
1
end_operator
begin_operator
grasp left shot2
5
0 11
36 1
37 0
39 0
40 0
2
0 1 0 3
0 24 0 1
1
end_operator
begin_operator
grasp left shot2
4
0 1
36 0
37 0
39 0
3
0 1 0 3
0 24 0 1
0 40 1 0
1
end_operator
begin_operator
grasp left shot2
4
0 1
36 1
37 0
39 0
3
0 1 0 3
0 24 0 1
0 40 1 0
1
end_operator
begin_operator
grasp left shot2
4
0 0
36 0
39 0
40 0
3
0 1 0 3
0 24 0 1
0 37 1 0
1
end_operator
begin_operator
grasp left shot2
3
0 0
36 1
40 0
4
0 1 0 3
0 24 0 1
0 37 1 0
0 39 1 0
1
end_operator
begin_operator
grasp left shot3
5
0 2
36 0
37 0
39 0
40 0
2
0 1 0 4
0 25 0 1
1
end_operator
begin_operator
grasp left shot3
5
0 2
36 1
37 0
39 0
40 0
2
0 1 0 4
0 25 0 1
1
end_operator
begin_operator
grasp left shot3
5
0 3
36 0
37 0
39 0
40 0
2
0 1 0 4
0 25 0 1
1
end_operator
begin_operator
grasp left shot3
5
0 3
36 1
37 0
39 0
40 0
2
0 1 0 4
0 25 0 1
1
end_operator
begin_operator
grasp left shot3
5
0 4
36 0
37 0
39 0
40 0
2
0 1 0 4
0 25 0 1
1
end_operator
begin_operator
grasp left shot3
5
0 4
36 1
37 0
39 0
40 0
2
0 1 0 4
0 25 0 1
1
end_operator
begin_operator
grasp left shot3
5
0 5
36 0
37 0
39 0
40 0
2
0 1 0 4
0 25 0 1
1
end_operator
begin_operator
grasp left shot3
5
0 5
36 1
37 0
39 0
40 0
2
0 1 0 4
0 25 0 1
1
end_operator
begin_operator
grasp left shot3
5
0 6
36 0
37 0
39 0
40 0
2
0 1 0 4
0 25 0 1
1
end_operator
begin_operator
grasp left shot3
5
0 6
36 1
37 0
39 0
40 0
2
0 1 0 4
0 25 0 1
1
end_operator
begin_operator
grasp left shot3
5
0 7
36 0
37 0
39 0
40 0
2
0 1 0 4
0 25 0 1
1
end_operator
begin_operator
grasp left shot3
5
0 7
36 1
37 0
39 0
40 0
2
0 1 0 4
0 25 0 1
1
end_operator
begin_operator
grasp left shot3
5
0 8
36 0
37 0
39 0
40 0
2
0 1 0 4
0 25 0 1
1
end_operator
begin_operator
grasp left shot3
5
0 8
36 1
37 0
39 0
40 0
2
0 1 0 4
0 25 0 1
1
end_operator
begin_operator
grasp left shot3
5
0 9
36 0
37 0
39 0
40 0
2
0 1 0 4
0 25 0 1
1
end_operator
begin_operator
grasp left shot3
5
0 9
36 1
37 0
39 0
40 0
2
0 1 0 4
0 25 0 1
1
end_operator
begin_operator
grasp left shot3
5
0 10
36 0
37 0
39 0
40 0
2
0 1 0 4
0 25 0 1
1
end_operator
begin_operator
grasp left shot3
5
0 10
36 1
37 0
39 0
40 0
2
0 1 0 4
0 25 0 1
1
end_operator
begin_operator
grasp left shot3
5
0 11
36 0
37 0
39 0
40 0
2
0 1 0 4
0 25 0 1
1
end_operator
begin_operator
grasp left shot3
5
0 11
36 1
37 0
39 0
40 0
2
0 1 0 4
0 25 0 1
1
end_operator
begin_operator
grasp left shot3
4
0 1
36 0
37 0
39 0
3
0 1 0 4
0 25 0 1
0 40 1 0
1
end_operator
begin_operator
grasp left shot3
4
0 1
36 1
37 0
39 0
3
0 1 0 4
0 25 0 1
0 40 1 0
1
end_operator
begin_operator
grasp left shot3
4
0 0
36 0
39 0
40 0
3
0 1 0 4
0 25 0 1
0 37 1 0
1
end_operator
begin_operator
grasp left shot3
3
0 0
36 1
40 0
4
0 1 0 4
0 25 0 1
0 37 1 0
0 39 1 0
1
end_operator
begin_operator
grasp left shot4
5
0 2
36 0
37 0
39 0
40 0
2
0 1 0 5
0 26 0 1
1
end_operator
begin_operator
grasp left shot4
5
0 2
36 1
37 0
39 0
40 0
2
0 1 0 5
0 26 0 1
1
end_operator
begin_operator
grasp left shot4
5
0 3
36 0
37 0
39 0
40 0
2
0 1 0 5
0 26 0 1
1
end_operator
begin_operator
grasp left shot4
5
0 3
36 1
37 0
39 0
40 0
2
0 1 0 5
0 26 0 1
1
end_operator
begin_operator
grasp left shot4
5
0 4
36 0
37 0
39 0
40 0
2
0 1 0 5
0 26 0 1
1
end_operator
begin_operator
grasp left shot4
5
0 4
36 1
37 0
39 0
40 0
2
0 1 0 5
0 26 0 1
1
end_operator
begin_operator
grasp left shot4
5
0 5
36 0
37 0
39 0
40 0
2
0 1 0 5
0 26 0 1
1
end_operator
begin_operator
grasp left shot4
5
0 5
36 1
37 0
39 0
40 0
2
0 1 0 5
0 26 0 1
1
end_operator
begin_operator
grasp left shot4
5
0 6
36 0
37 0
39 0
40 0
2
0 1 0 5
0 26 0 1
1
end_operator
begin_operator
grasp left shot4
5
0 6
36 1
37 0
39 0
40 0
2
0 1 0 5
0 26 0 1
1
end_operator
begin_operator
grasp left shot4
5
0 7
36 0
37 0
39 0
40 0
2
0 1 0 5
0 26 0 1
1
end_operator
begin_operator
grasp left shot4
5
0 7
36 1
37 0
39 0
40 0
2
0 1 0 5
0 26 0 1
1
end_operator
begin_operator
grasp left shot4
5
0 8
36 0
37 0
39 0
40 0
2
0 1 0 5
0 26 0 1
1
end_operator
begin_operator
grasp left shot4
5
0 8
36 1
37 0
39 0
40 0
2
0 1 0 5
0 26 0 1
1
end_operator
begin_operator
grasp left shot4
5
0 9
36 0
37 0
39 0
40 0
2
0 1 0 5
0 26 0 1
1
end_operator
begin_operator
grasp left shot4
5
0 9
36 1
37 0
39 0
40 0
2
0 1 0 5
0 26 0 1
1
end_operator
begin_operator
grasp left shot4
5
0 10
36 0
37 0
39 0
40 0
2
0 1 0 5
0 26 0 1
1
end_operator
begin_operator
grasp left shot4
5
0 10
36 1
37 0
39 0
40 0
2
0 1 0 5
0 26 0 1
1
end_operator
begin_operator
grasp left shot4
5
0 11
36 0
37 0
39 0
40 0
2
0 1 0 5
0 26 0 1
1
end_operator
begin_operator
grasp left shot4
5
0 11
36 1
37 0
39 0
40 0
2
0 1 0 5
0 26 0 1
1
end_operator
begin_operator
grasp left shot4
4
0 1
36 0
37 0
39 0
3
0 1 0 5
0 26 0 1
0 40 1 0
1
end_operator
begin_operator
grasp left shot4
4
0 1
36 1
37 0
39 0
3
0 1 0 5
0 26 0 1
0 40 1 0
1
end_operator
begin_operator
grasp left shot4
4
0 0
36 0
39 0
40 0
3
0 1 0 5
0 26 0 1
0 37 1 0
1
end_operator
begin_operator
grasp left shot4
3
0 0
36 1
40 0
4
0 1 0 5
0 26 0 1
0 37 1 0
0 39 1 0
1
end_operator
begin_operator
grasp left shot5
5
0 2
36 0
37 0
39 0
40 0
2
0 1 0 6
0 27 0 1
1
end_operator
begin_operator
grasp left shot5
5
0 2
36 1
37 0
39 0
40 0
2
0 1 0 6
0 27 0 1
1
end_operator
begin_operator
grasp left shot5
5
0 3
36 0
37 0
39 0
40 0
2
0 1 0 6
0 27 0 1
1
end_operator
begin_operator
grasp left shot5
5
0 3
36 1
37 0
39 0
40 0
2
0 1 0 6
0 27 0 1
1
end_operator
begin_operator
grasp left shot5
5
0 4
36 0
37 0
39 0
40 0
2
0 1 0 6
0 27 0 1
1
end_operator
begin_operator
grasp left shot5
5
0 4
36 1
37 0
39 0
40 0
2
0 1 0 6
0 27 0 1
1
end_operator
begin_operator
grasp left shot5
5
0 5
36 0
37 0
39 0
40 0
2
0 1 0 6
0 27 0 1
1
end_operator
begin_operator
grasp left shot5
5
0 5
36 1
37 0
39 0
40 0
2
0 1 0 6
0 27 0 1
1
end_operator
begin_operator
grasp left shot5
5
0 6
36 0
37 0
39 0
40 0
2
0 1 0 6
0 27 0 1
1
end_operator
begin_operator
grasp left shot5
5
0 6
36 1
37 0
39 0
40 0
2
0 1 0 6
0 27 0 1
1
end_operator
begin_operator
grasp left shot5
5
0 7
36 0
37 0
39 0
40 0
2
0 1 0 6
0 27 0 1
1
end_operator
begin_operator
grasp left shot5
5
0 7
36 1
37 0
39 0
40 0
2
0 1 0 6
0 27 0 1
1
end_operator
begin_operator
grasp left shot5
5
0 8
36 0
37 0
39 0
40 0
2
0 1 0 6
0 27 0 1
1
end_operator
begin_operator
grasp left shot5
5
0 8
36 1
37 0
39 0
40 0
2
0 1 0 6
0 27 0 1
1
end_operator
begin_operator
grasp left shot5
5
0 9
36 0
37 0
39 0
40 0
2
0 1 0 6
0 27 0 1
1
end_operator
begin_operator
grasp left shot5
5
0 9
36 1
37 0
39 0
40 0
2
0 1 0 6
0 27 0 1
1
end_operator
begin_operator
grasp left shot5
5
0 10
36 0
37 0
39 0
40 0
2
0 1 0 6
0 27 0 1
1
end_operator
begin_operator
grasp left shot5
5
0 10
36 1
37 0
39 0
40 0
2
0 1 0 6
0 27 0 1
1
end_operator
begin_operator
grasp left shot5
5
0 11
36 0
37 0
39 0
40 0
2
0 1 0 6
0 27 0 1
1
end_operator
begin_operator
grasp left shot5
5
0 11
36 1
37 0
39 0
40 0
2
0 1 0 6
0 27 0 1
1
end_operator
begin_operator
grasp left shot5
4
0 1
36 0
37 0
39 0
3
0 1 0 6
0 27 0 1
0 40 1 0
1
end_operator
begin_operator
grasp left shot5
4
0 1
36 1
37 0
39 0
3
0 1 0 6
0 27 0 1
0 40 1 0
1
end_operator
begin_operator
grasp left shot5
4
0 0
36 0
39 0
40 0
3
0 1 0 6
0 27 0 1
0 37 1 0
1
end_operator
begin_operator
grasp left shot5
3
0 0
36 1
40 0
4
0 1 0 6
0 27 0 1
0 37 1 0
0 39 1 0
1
end_operator
begin_operator
grasp left shot6
5
0 2
36 0
37 0
39 0
40 0
2
0 1 0 7
0 28 0 1
1
end_operator
begin_operator
grasp left shot6
5
0 2
36 1
37 0
39 0
40 0
2
0 1 0 7
0 28 0 1
1
end_operator
begin_operator
grasp left shot6
5
0 3
36 0
37 0
39 0
40 0
2
0 1 0 7
0 28 0 1
1
end_operator
begin_operator
grasp left shot6
5
0 3
36 1
37 0
39 0
40 0
2
0 1 0 7
0 28 0 1
1
end_operator
begin_operator
grasp left shot6
5
0 4
36 0
37 0
39 0
40 0
2
0 1 0 7
0 28 0 1
1
end_operator
begin_operator
grasp left shot6
5
0 4
36 1
37 0
39 0
40 0
2
0 1 0 7
0 28 0 1
1
end_operator
begin_operator
grasp left shot6
5
0 5
36 0
37 0
39 0
40 0
2
0 1 0 7
0 28 0 1
1
end_operator
begin_operator
grasp left shot6
5
0 5
36 1
37 0
39 0
40 0
2
0 1 0 7
0 28 0 1
1
end_operator
begin_operator
grasp left shot6
5
0 6
36 0
37 0
39 0
40 0
2
0 1 0 7
0 28 0 1
1
end_operator
begin_operator
grasp left shot6
5
0 6
36 1
37 0
39 0
40 0
2
0 1 0 7
0 28 0 1
1
end_operator
begin_operator
grasp left shot6
5
0 7
36 0
37 0
39 0
40 0
2
0 1 0 7
0 28 0 1
1
end_operator
begin_operator
grasp left shot6
5
0 7
36 1
37 0
39 0
40 0
2
0 1 0 7
0 28 0 1
1
end_operator
begin_operator
grasp left shot6
5
0 8
36 0
37 0
39 0
40 0
2
0 1 0 7
0 28 0 1
1
end_operator
begin_operator
grasp left shot6
5
0 8
36 1
37 0
39 0
40 0
2
0 1 0 7
0 28 0 1
1
end_operator
begin_operator
grasp left shot6
5
0 9
36 0
37 0
39 0
40 0
2
0 1 0 7
0 28 0 1
1
end_operator
begin_operator
grasp left shot6
5
0 9
36 1
37 0
39 0
40 0
2
0 1 0 7
0 28 0 1
1
end_operator
begin_operator
grasp left shot6
5
0 10
36 0
37 0
39 0
40 0
2
0 1 0 7
0 28 0 1
1
end_operator
begin_operator
grasp left shot6
5
0 10
36 1
37 0
39 0
40 0
2
0 1 0 7
0 28 0 1
1
end_operator
begin_operator
grasp left shot6
5
0 11
36 0
37 0
39 0
40 0
2
0 1 0 7
0 28 0 1
1
end_operator
begin_operator
grasp left shot6
5
0 11
36 1
37 0
39 0
40 0
2
0 1 0 7
0 28 0 1
1
end_operator
begin_operator
grasp left shot6
4
0 1
36 0
37 0
39 0
3
0 1 0 7
0 28 0 1
0 40 1 0
1
end_operator
begin_operator
grasp left shot6
4
0 1
36 1
37 0
39 0
3
0 1 0 7
0 28 0 1
0 40 1 0
1
end_operator
begin_operator
grasp left shot6
4
0 0
36 0
39 0
40 0
3
0 1 0 7
0 28 0 1
0 37 1 0
1
end_operator
begin_operator
grasp left shot6
3
0 0
36 1
40 0
4
0 1 0 7
0 28 0 1
0 37 1 0
0 39 1 0
1
end_operator
begin_operator
grasp left shot7
5
0 2
36 0
37 0
39 0
40 0
2
0 1 0 8
0 29 0 1
1
end_operator
begin_operator
grasp left shot7
5
0 2
36 1
37 0
39 0
40 0
2
0 1 0 8
0 29 0 1
1
end_operator
begin_operator
grasp left shot7
5
0 3
36 0
37 0
39 0
40 0
2
0 1 0 8
0 29 0 1
1
end_operator
begin_operator
grasp left shot7
5
0 3
36 1
37 0
39 0
40 0
2
0 1 0 8
0 29 0 1
1
end_operator
begin_operator
grasp left shot7
5
0 4
36 0
37 0
39 0
40 0
2
0 1 0 8
0 29 0 1
1
end_operator
begin_operator
grasp left shot7
5
0 4
36 1
37 0
39 0
40 0
2
0 1 0 8
0 29 0 1
1
end_operator
begin_operator
grasp left shot7
5
0 5
36 0
37 0
39 0
40 0
2
0 1 0 8
0 29 0 1
1
end_operator
begin_operator
grasp left shot7
5
0 5
36 1
37 0
39 0
40 0
2
0 1 0 8
0 29 0 1
1
end_operator
begin_operator
grasp left shot7
5
0 6
36 0
37 0
39 0
40 0
2
0 1 0 8
0 29 0 1
1
end_operator
begin_operator
grasp left shot7
5
0 6
36 1
37 0
39 0
40 0
2
0 1 0 8
0 29 0 1
1
end_operator
begin_operator
grasp left shot7
5
0 7
36 0
37 0
39 0
40 0
2
0 1 0 8
0 29 0 1
1
end_operator
begin_operator
grasp left shot7
5
0 7
36 1
37 0
39 0
40 0
2
0 1 0 8
0 29 0 1
1
end_operator
begin_operator
grasp left shot7
5
0 8
36 0
37 0
39 0
40 0
2
0 1 0 8
0 29 0 1
1
end_operator
begin_operator
grasp left shot7
5
0 8
36 1
37 0
39 0
40 0
2
0 1 0 8
0 29 0 1
1
end_operator
begin_operator
grasp left shot7
5
0 9
36 0
37 0
39 0
40 0
2
0 1 0 8
0 29 0 1
1
end_operator
begin_operator
grasp left shot7
5
0 9
36 1
37 0
39 0
40 0
2
0 1 0 8
0 29 0 1
1
end_operator
begin_operator
grasp left shot7
5
0 10
36 0
37 0
39 0
40 0
2
0 1 0 8
0 29 0 1
1
end_operator
begin_operator
grasp left shot7
5
0 10
36 1
37 0
39 0
40 0
2
0 1 0 8
0 29 0 1
1
end_operator
begin_operator
grasp left shot7
5
0 11
36 0
37 0
39 0
40 0
2
0 1 0 8
0 29 0 1
1
end_operator
begin_operator
grasp left shot7
5
0 11
36 1
37 0
39 0
40 0
2
0 1 0 8
0 29 0 1
1
end_operator
begin_operator
grasp left shot7
4
0 1
36 0
37 0
39 0
3
0 1 0 8
0 29 0 1
0 40 1 0
1
end_operator
begin_operator
grasp left shot7
4
0 1
36 1
37 0
39 0
3
0 1 0 8
0 29 0 1
0 40 1 0
1
end_operator
begin_operator
grasp left shot7
4
0 0
36 0
39 0
40 0
3
0 1 0 8
0 29 0 1
0 37 1 0
1
end_operator
begin_operator
grasp left shot7
3
0 0
36 1
40 0
4
0 1 0 8
0 29 0 1
0 37 1 0
0 39 1 0
1
end_operator
begin_operator
grasp left shot8
5
0 2
36 0
37 0
39 0
40 0
2
0 1 0 9
0 30 0 1
1
end_operator
begin_operator
grasp left shot8
5
0 2
36 1
37 0
39 0
40 0
2
0 1 0 9
0 30 0 1
1
end_operator
begin_operator
grasp left shot8
5
0 3
36 0
37 0
39 0
40 0
2
0 1 0 9
0 30 0 1
1
end_operator
begin_operator
grasp left shot8
5
0 3
36 1
37 0
39 0
40 0
2
0 1 0 9
0 30 0 1
1
end_operator
begin_operator
grasp left shot8
5
0 4
36 0
37 0
39 0
40 0
2
0 1 0 9
0 30 0 1
1
end_operator
begin_operator
grasp left shot8
5
0 4
36 1
37 0
39 0
40 0
2
0 1 0 9
0 30 0 1
1
end_operator
begin_operator
grasp left shot8
5
0 5
36 0
37 0
39 0
40 0
2
0 1 0 9
0 30 0 1
1
end_operator
begin_operator
grasp left shot8
5
0 5
36 1
37 0
39 0
40 0
2
0 1 0 9
0 30 0 1
1
end_operator
begin_operator
grasp left shot8
5
0 6
36 0
37 0
39 0
40 0
2
0 1 0 9
0 30 0 1
1
end_operator
begin_operator
grasp left shot8
5
0 6
36 1
37 0
39 0
40 0
2
0 1 0 9
0 30 0 1
1
end_operator
begin_operator
grasp left shot8
5
0 7
36 0
37 0
39 0
40 0
2
0 1 0 9
0 30 0 1
1
end_operator
begin_operator
grasp left shot8
5
0 7
36 1
37 0
39 0
40 0
2
0 1 0 9
0 30 0 1
1
end_operator
begin_operator
grasp left shot8
5
0 8
36 0
37 0
39 0
40 0
2
0 1 0 9
0 30 0 1
1
end_operator
begin_operator
grasp left shot8
5
0 8
36 1
37 0
39 0
40 0
2
0 1 0 9
0 30 0 1
1
end_operator
begin_operator
grasp left shot8
5
0 9
36 0
37 0
39 0
40 0
2
0 1 0 9
0 30 0 1
1
end_operator
begin_operator
grasp left shot8
5
0 9
36 1
37 0
39 0
40 0
2
0 1 0 9
0 30 0 1
1
end_operator
begin_operator
grasp left shot8
5
0 10
36 0
37 0
39 0
40 0
2
0 1 0 9
0 30 0 1
1
end_operator
begin_operator
grasp left shot8
5
0 10
36 1
37 0
39 0
40 0
2
0 1 0 9
0 30 0 1
1
end_operator
begin_operator
grasp left shot8
5
0 11
36 0
37 0
39 0
40 0
2
0 1 0 9
0 30 0 1
1
end_operator
begin_operator
grasp left shot8
5
0 11
36 1
37 0
39 0
40 0
2
0 1 0 9
0 30 0 1
1
end_operator
begin_operator
grasp left shot8
4
0 1
36 0
37 0
39 0
3
0 1 0 9
0 30 0 1
0 40 1 0
1
end_operator
begin_operator
grasp left shot8
4
0 1
36 1
37 0
39 0
3
0 1 0 9
0 30 0 1
0 40 1 0
1
end_operator
begin_operator
grasp left shot8
4
0 0
36 0
39 0
40 0
3
0 1 0 9
0 30 0 1
0 37 1 0
1
end_operator
begin_operator
grasp left shot8
3
0 0
36 1
40 0
4
0 1 0 9
0 30 0 1
0 37 1 0
0 39 1 0
1
end_operator
begin_operator
grasp left shot9
5
0 2
36 0
37 0
39 0
40 0
2
0 1 0 10
0 31 0 1
1
end_operator
begin_operator
grasp left shot9
5
0 2
36 1
37 0
39 0
40 0
2
0 1 0 10
0 31 0 1
1
end_operator
begin_operator
grasp left shot9
5
0 3
36 0
37 0
39 0
40 0
2
0 1 0 10
0 31 0 1
1
end_operator
begin_operator
grasp left shot9
5
0 3
36 1
37 0
39 0
40 0
2
0 1 0 10
0 31 0 1
1
end_operator
begin_operator
grasp left shot9
5
0 4
36 0
37 0
39 0
40 0
2
0 1 0 10
0 31 0 1
1
end_operator
begin_operator
grasp left shot9
5
0 4
36 1
37 0
39 0
40 0
2
0 1 0 10
0 31 0 1
1
end_operator
begin_operator
grasp left shot9
5
0 5
36 0
37 0
39 0
40 0
2
0 1 0 10
0 31 0 1
1
end_operator
begin_operator
grasp left shot9
5
0 5
36 1
37 0
39 0
40 0
2
0 1 0 10
0 31 0 1
1
end_operator
begin_operator
grasp left shot9
5
0 6
36 0
37 0
39 0
40 0
2
0 1 0 10
0 31 0 1
1
end_operator
begin_operator
grasp left shot9
5
0 6
36 1
37 0
39 0
40 0
2
0 1 0 10
0 31 0 1
1
end_operator
begin_operator
grasp left shot9
5
0 7
36 0
37 0
39 0
40 0
2
0 1 0 10
0 31 0 1
1
end_operator
begin_operator
grasp left shot9
5
0 7
36 1
37 0
39 0
40 0
2
0 1 0 10
0 31 0 1
1
end_operator
begin_operator
grasp left shot9
5
0 8
36 0
37 0
39 0
40 0
2
0 1 0 10
0 31 0 1
1
end_operator
begin_operator
grasp left shot9
5
0 8
36 1
37 0
39 0
40 0
2
0 1 0 10
0 31 0 1
1
end_operator
begin_operator
grasp left shot9
5
0 9
36 0
37 0
39 0
40 0
2
0 1 0 10
0 31 0 1
1
end_operator
begin_operator
grasp left shot9
5
0 9
36 1
37 0
39 0
40 0
2
0 1 0 10
0 31 0 1
1
end_operator
begin_operator
grasp left shot9
5
0 10
36 0
37 0
39 0
40 0
2
0 1 0 10
0 31 0 1
1
end_operator
begin_operator
grasp left shot9
5
0 10
36 1
37 0
39 0
40 0
2
0 1 0 10
0 31 0 1
1
end_operator
begin_operator
grasp left shot9
5
0 11
36 0
37 0
39 0
40 0
2
0 1 0 10
0 31 0 1
1
end_operator
begin_operator
grasp left shot9
5
0 11
36 1
37 0
39 0
40 0
2
0 1 0 10
0 31 0 1
1
end_operator
begin_operator
grasp left shot9
4
0 1
36 0
37 0
39 0
3
0 1 0 10
0 31 0 1
0 40 1 0
1
end_operator
begin_operator
grasp left shot9
4
0 1
36 1
37 0
39 0
3
0 1 0 10
0 31 0 1
0 40 1 0
1
end_operator
begin_operator
grasp left shot9
4
0 0
36 0
39 0
40 0
3
0 1 0 10
0 31 0 1
0 37 1 0
1
end_operator
begin_operator
grasp left shot9
3
0 0
36 1
40 0
4
0 1 0 10
0 31 0 1
0 37 1 0
0 39 1 0
1
end_operator
begin_operator
grasp right shaker1
0
2
0 2 0 1
0 22 0 1
1
end_operator
begin_operator
grasp right shot1
0
2
0 2 0 2
0 23 0 1
1
end_operator
begin_operator
grasp right shot2
0
2
0 2 0 3
0 24 0 1
1
end_operator
begin_operator
grasp right shot3
0
2
0 2 0 4
0 25 0 1
1
end_operator
begin_operator
grasp right shot4
0
2
0 2 0 5
0 26 0 1
1
end_operator
begin_operator
grasp right shot5
0
2
0 2 0 6
0 27 0 1
1
end_operator
begin_operator
grasp right shot6
0
2
0 2 0 7
0 28 0 1
1
end_operator
begin_operator
grasp right shot7
0
2
0 2 0 8
0 29 0 1
1
end_operator
begin_operator
grasp right shot8
0
2
0 2 0 9
0 30 0 1
1
end_operator
begin_operator
grasp right shot9
0
2
0 2 0 10
0 31 0 1
1
end_operator
begin_operator
leave left shaker1
4
0 0
36 0
39 0
40 0
3
0 1 1 0
0 22 -1 0
0 37 0 1
1
end_operator
begin_operator
leave left shaker1
3
0 0
36 1
40 0
4
0 1 1 0
0 22 -1 0
0 37 0 1
0 39 0 1
1
end_operator
begin_operator
leave left shaker1
4
0 1
36 0
37 0
39 0
3
0 1 1 0
0 22 -1 0
0 40 0 1
1
end_operator
begin_operator
leave left shaker1
4
0 1
36 1
37 0
39 0
3
0 1 1 0
0 22 -1 0
0 40 0 1
1
end_operator
begin_operator
leave left shaker1
5
0 2
36 0
37 0
39 0
40 0
2
0 1 1 0
0 22 -1 0
1
end_operator
begin_operator
leave left shaker1
5
0 2
36 1
37 0
39 0
40 0
2
0 1 1 0
0 22 -1 0
1
end_operator
begin_operator
leave left shaker1
5
0 3
36 0
37 0
39 0
40 0
2
0 1 1 0
0 22 -1 0
1
end_operator
begin_operator
leave left shaker1
5
0 3
36 1
37 0
39 0
40 0
2
0 1 1 0
0 22 -1 0
1
end_operator
begin_operator
leave left shaker1
5
0 4
36 0
37 0
39 0
40 0
2
0 1 1 0
0 22 -1 0
1
end_operator
begin_operator
leave left shaker1
5
0 4
36 1
37 0
39 0
40 0
2
0 1 1 0
0 22 -1 0
1
end_operator
begin_operator
leave left shaker1
5
0 5
36 0
37 0
39 0
40 0
2
0 1 1 0
0 22 -1 0
1
end_operator
begin_operator
leave left shaker1
5
0 5
36 1
37 0
39 0
40 0
2
0 1 1 0
0 22 -1 0
1
end_operator
begin_operator
leave left shaker1
5
0 6
36 0
37 0
39 0
40 0
2
0 1 1 0
0 22 -1 0
1
end_operator
begin_operator
leave left shaker1
5
0 6
36 1
37 0
39 0
40 0
2
0 1 1 0
0 22 -1 0
1
end_operator
begin_operator
leave left shaker1
5
0 7
36 0
37 0
39 0
40 0
2
0 1 1 0
0 22 -1 0
1
end_operator
begin_operator
leave left shaker1
5
0 7
36 1
37 0
39 0
40 0
2
0 1 1 0
0 22 -1 0
1
end_operator
begin_operator
leave left shaker1
5
0 8
36 0
37 0
39 0
40 0
2
0 1 1 0
0 22 -1 0
1
end_operator
begin_operator
leave left shaker1
5
0 8
36 1
37 0
39 0
40 0
2
0 1 1 0
0 22 -1 0
1
end_operator
begin_operator
leave left shaker1
5
0 9
36 0
37 0
39 0
40 0
2
0 1 1 0
0 22 -1 0
1
end_operator
begin_operator
leave left shaker1
5
0 9
36 1
37 0
39 0
40 0
2
0 1 1 0
0 22 -1 0
1
end_operator
begin_operator
leave left shaker1
5
0 10
36 0
37 0
39 0
40 0
2
0 1 1 0
0 22 -1 0
1
end_operator
begin_operator
leave left shaker1
5
0 10
36 1
37 0
39 0
40 0
2
0 1 1 0
0 22 -1 0
1
end_operator
begin_operator
leave left shaker1
5
0 11
36 0
37 0
39 0
40 0
2
0 1 1 0
0 22 -1 0
1
end_operator
begin_operator
leave left shaker1
5
0 11
36 1
37 0
39 0
40 0
2
0 1 1 0
0 22 -1 0
1
end_operator
begin_operator
leave left shot1
4
0 0
36 0
39 0
40 0
3
0 1 2 0
0 23 -1 0
0 37 0 1
1
end_operator
begin_operator
leave left shot1
3
0 0
36 1
40 0
4
0 1 2 0
0 23 -1 0
0 37 0 1
0 39 0 1
1
end_operator
begin_operator
leave left shot1
4
0 1
36 0
37 0
39 0
3
0 1 2 0
0 23 -1 0
0 40 0 1
1
end_operator
begin_operator
leave left shot1
4
0 1
36 1
37 0
39 0
3
0 1 2 0
0 23 -1 0
0 40 0 1
1
end_operator
begin_operator
leave left shot1
5
0 2
36 0
37 0
39 0
40 0
2
0 1 2 0
0 23 -1 0
1
end_operator
begin_operator
leave left shot1
5
0 2
36 1
37 0
39 0
40 0
2
0 1 2 0
0 23 -1 0
1
end_operator
begin_operator
leave left shot1
5
0 3
36 0
37 0
39 0
40 0
2
0 1 2 0
0 23 -1 0
1
end_operator
begin_operator
leave left shot1
5
0 3
36 1
37 0
39 0
40 0
2
0 1 2 0
0 23 -1 0
1
end_operator
begin_operator
leave left shot1
5
0 4
36 0
37 0
39 0
40 0
2
0 1 2 0
0 23 -1 0
1
end_operator
begin_operator
leave left shot1
5
0 4
36 1
37 0
39 0
40 0
2
0 1 2 0
0 23 -1 0
1
end_operator
begin_operator
leave left shot1
5
0 5
36 0
37 0
39 0
40 0
2
0 1 2 0
0 23 -1 0
1
end_operator
begin_operator
leave left shot1
5
0 5
36 1
37 0
39 0
40 0
2
0 1 2 0
0 23 -1 0
1
end_operator
begin_operator
leave left shot1
5
0 6
36 0
37 0
39 0
40 0
2
0 1 2 0
0 23 -1 0
1
end_operator
begin_operator
leave left shot1
5
0 6
36 1
37 0
39 0
40 0
2
0 1 2 0
0 23 -1 0
1
end_operator
begin_operator
leave left shot1
5
0 7
36 0
37 0
39 0
40 0
2
0 1 2 0
0 23 -1 0
1
end_operator
begin_operator
leave left shot1
5
0 7
36 1
37 0
39 0
40 0
2
0 1 2 0
0 23 -1 0
1
end_operator
begin_operator
leave left shot1
5
0 8
36 0
37 0
39 0
40 0
2
0 1 2 0
0 23 -1 0
1
end_operator
begin_operator
leave left shot1
5
0 8
36 1
37 0
39 0
40 0
2
0 1 2 0
0 23 -1 0
1
end_operator
begin_operator
leave left shot1
5
0 9
36 0
37 0
39 0
40 0
2
0 1 2 0
0 23 -1 0
1
end_operator
begin_operator
leave left shot1
5
0 9
36 1
37 0
39 0
40 0
2
0 1 2 0
0 23 -1 0
1
end_operator
begin_operator
leave left shot1
5
0 10
36 0
37 0
39 0
40 0
2
0 1 2 0
0 23 -1 0
1
end_operator
begin_operator
leave left shot1
5
0 10
36 1
37 0
39 0
40 0
2
0 1 2 0
0 23 -1 0
1
end_operator
begin_operator
leave left shot1
5
0 11
36 0
37 0
39 0
40 0
2
0 1 2 0
0 23 -1 0
1
end_operator
begin_operator
leave left shot1
5
0 11
36 1
37 0
39 0
40 0
2
0 1 2 0
0 23 -1 0
1
end_operator
begin_operator
leave left shot2
4
0 0
36 0
39 0
40 0
3
0 1 3 0
0 24 -1 0
0 37 0 1
1
end_operator
begin_operator
leave left shot2
3
0 0
36 1
40 0
4
0 1 3 0
0 24 -1 0
0 37 0 1
0 39 0 1
1
end_operator
begin_operator
leave left shot2
4
0 1
36 0
37 0
39 0
3
0 1 3 0
0 24 -1 0
0 40 0 1
1
end_operator
begin_operator
leave left shot2
4
0 1
36 1
37 0
39 0
3
0 1 3 0
0 24 -1 0
0 40 0 1
1
end_operator
begin_operator
leave left shot2
5
0 2
36 0
37 0
39 0
40 0
2
0 1 3 0
0 24 -1 0
1
end_operator
begin_operator
leave left shot2
5
0 2
36 1
37 0
39 0
40 0
2
0 1 3 0
0 24 -1 0
1
end_operator
begin_operator
leave left shot2
5
0 3
36 0
37 0
39 0
40 0
2
0 1 3 0
0 24 -1 0
1
end_operator
begin_operator
leave left shot2
5
0 3
36 1
37 0
39 0
40 0
2
0 1 3 0
0 24 -1 0
1
end_operator
begin_operator
leave left shot2
5
0 4
36 0
37 0
39 0
40 0
2
0 1 3 0
0 24 -1 0
1
end_operator
begin_operator
leave left shot2
5
0 4
36 1
37 0
39 0
40 0
2
0 1 3 0
0 24 -1 0
1
end_operator
begin_operator
leave left shot2
5
0 5
36 0
37 0
39 0
40 0
2
0 1 3 0
0 24 -1 0
1
end_operator
begin_operator
leave left shot2
5
0 5
36 1
37 0
39 0
40 0
2
0 1 3 0
0 24 -1 0
1
end_operator
begin_operator
leave left shot2
5
0 6
36 0
37 0
39 0
40 0
2
0 1 3 0
0 24 -1 0
1
end_operator
begin_operator
leave left shot2
5
0 6
36 1
37 0
39 0
40 0
2
0 1 3 0
0 24 -1 0
1
end_operator
begin_operator
leave left shot2
5
0 7
36 0
37 0
39 0
40 0
2
0 1 3 0
0 24 -1 0
1
end_operator
begin_operator
leave left shot2
5
0 7
36 1
37 0
39 0
40 0
2
0 1 3 0
0 24 -1 0
1
end_operator
begin_operator
leave left shot2
5
0 8
36 0
37 0
39 0
40 0
2
0 1 3 0
0 24 -1 0
1
end_operator
begin_operator
leave left shot2
5
0 8
36 1
37 0
39 0
40 0
2
0 1 3 0
0 24 -1 0
1
end_operator
begin_operator
leave left shot2
5
0 9
36 0
37 0
39 0
40 0
2
0 1 3 0
0 24 -1 0
1
end_operator
begin_operator
leave left shot2
5
0 9
36 1
37 0
39 0
40 0
2
0 1 3 0
0 24 -1 0
1
end_operator
begin_operator
leave left shot2
5
0 10
36 0
37 0
39 0
40 0
2
0 1 3 0
0 24 -1 0
1
end_operator
begin_operator
leave left shot2
5
0 10
36 1
37 0
39 0
40 0
2
0 1 3 0
0 24 -1 0
1
end_operator
begin_operator
leave left shot2
5
0 11
36 0
37 0
39 0
40 0
2
0 1 3 0
0 24 -1 0
1
end_operator
begin_operator
leave left shot2
5
0 11
36 1
37 0
39 0
40 0
2
0 1 3 0
0 24 -1 0
1
end_operator
begin_operator
leave left shot3
4
0 0
36 0
39 0
40 0
3
0 1 4 0
0 25 -1 0
0 37 0 1
1
end_operator
begin_operator
leave left shot3
3
0 0
36 1
40 0
4
0 1 4 0
0 25 -1 0
0 37 0 1
0 39 0 1
1
end_operator
begin_operator
leave left shot3
4
0 1
36 0
37 0
39 0
3
0 1 4 0
0 25 -1 0
0 40 0 1
1
end_operator
begin_operator
leave left shot3
4
0 1
36 1
37 0
39 0
3
0 1 4 0
0 25 -1 0
0 40 0 1
1
end_operator
begin_operator
leave left shot3
5
0 2
36 0
37 0
39 0
40 0
2
0 1 4 0
0 25 -1 0
1
end_operator
begin_operator
leave left shot3
5
0 2
36 1
37 0
39 0
40 0
2
0 1 4 0
0 25 -1 0
1
end_operator
begin_operator
leave left shot3
5
0 3
36 0
37 0
39 0
40 0
2
0 1 4 0
0 25 -1 0
1
end_operator
begin_operator
leave left shot3
5
0 3
36 1
37 0
39 0
40 0
2
0 1 4 0
0 25 -1 0
1
end_operator
begin_operator
leave left shot3
5
0 4
36 0
37 0
39 0
40 0
2
0 1 4 0
0 25 -1 0
1
end_operator
begin_operator
leave left shot3
5
0 4
36 1
37 0
39 0
40 0
2
0 1 4 0
0 25 -1 0
1
end_operator
begin_operator
leave left shot3
5
0 5
36 0
37 0
39 0
40 0
2
0 1 4 0
0 25 -1 0
1
end_operator
begin_operator
leave left shot3
5
0 5
36 1
37 0
39 0
40 0
2
0 1 4 0
0 25 -1 0
1
end_operator
begin_operator
leave left shot3
5
0 6
36 0
37 0
39 0
40 0
2
0 1 4 0
0 25 -1 0
1
end_operator
begin_operator
leave left shot3
5
0 6
36 1
37 0
39 0
40 0
2
0 1 4 0
0 25 -1 0
1
end_operator
begin_operator
leave left shot3
5
0 7
36 0
37 0
39 0
40 0
2
0 1 4 0
0 25 -1 0
1
end_operator
begin_operator
leave left shot3
5
0 7
36 1
37 0
39 0
40 0
2
0 1 4 0
0 25 -1 0
1
end_operator
begin_operator
leave left shot3
5
0 8
36 0
37 0
39 0
40 0
2
0 1 4 0
0 25 -1 0
1
end_operator
begin_operator
leave left shot3
5
0 8
36 1
37 0
39 0
40 0
2
0 1 4 0
0 25 -1 0
1
end_operator
begin_operator
leave left shot3
5
0 9
36 0
37 0
39 0
40 0
2
0 1 4 0
0 25 -1 0
1
end_operator
begin_operator
leave left shot3
5
0 9
36 1
37 0
39 0
40 0
2
0 1 4 0
0 25 -1 0
1
end_operator
begin_operator
leave left shot3
5
0 10
36 0
37 0
39 0
40 0
2
0 1 4 0
0 25 -1 0
1
end_operator
begin_operator
leave left shot3
5
0 10
36 1
37 0
39 0
40 0
2
0 1 4 0
0 25 -1 0
1
end_operator
begin_operator
leave left shot3
5
0 11
36 0
37 0
39 0
40 0
2
0 1 4 0
0 25 -1 0
1
end_operator
begin_operator
leave left shot3
5
0 11
36 1
37 0
39 0
40 0
2
0 1 4 0
0 25 -1 0
1
end_operator
begin_operator
leave left shot4
4
0 0
36 0
39 0
40 0
3
0 1 5 0
0 26 -1 0
0 37 0 1
1
end_operator
begin_operator
leave left shot4
3
0 0
36 1
40 0
4
0 1 5 0
0 26 -1 0
0 37 0 1
0 39 0 1
1
end_operator
begin_operator
leave left shot4
4
0 1
36 0
37 0
39 0
3
0 1 5 0
0 26 -1 0
0 40 0 1
1
end_operator
begin_operator
leave left shot4
4
0 1
36 1
37 0
39 0
3
0 1 5 0
0 26 -1 0
0 40 0 1
1
end_operator
begin_operator
leave left shot4
5
0 2
36 0
37 0
39 0
40 0
2
0 1 5 0
0 26 -1 0
1
end_operator
begin_operator
leave left shot4
5
0 2
36 1
37 0
39 0
40 0
2
0 1 5 0
0 26 -1 0
1
end_operator
begin_operator
leave left shot4
5
0 3
36 0
37 0
39 0
40 0
2
0 1 5 0
0 26 -1 0
1
end_operator
begin_operator
leave left shot4
5
0 3
36 1
37 0
39 0
40 0
2
0 1 5 0
0 26 -1 0
1
end_operator
begin_operator
leave left shot4
5
0 4
36 0
37 0
39 0
40 0
2
0 1 5 0
0 26 -1 0
1
end_operator
begin_operator
leave left shot4
5
0 4
36 1
37 0
39 0
40 0
2
0 1 5 0
0 26 -1 0
1
end_operator
begin_operator
leave left shot4
5
0 5
36 0
37 0
39 0
40 0
2
0 1 5 0
0 26 -1 0
1
end_operator
begin_operator
leave left shot4
5
0 5
36 1
37 0
39 0
40 0
2
0 1 5 0
0 26 -1 0
1
end_operator
begin_operator
leave left shot4
5
0 6
36 0
37 0
39 0
40 0
2
0 1 5 0
0 26 -1 0
1
end_operator
begin_operator
leave left shot4
5
0 6
36 1
37 0
39 0
40 0
2
0 1 5 0
0 26 -1 0
1
end_operator
begin_operator
leave left shot4
5
0 7
36 0
37 0
39 0
40 0
2
0 1 5 0
0 26 -1 0
1
end_operator
begin_operator
leave left shot4
5
0 7
36 1
37 0
39 0
40 0
2
0 1 5 0
0 26 -1 0
1
end_operator
begin_operator
leave left shot4
5
0 8
36 0
37 0
39 0
40 0
2
0 1 5 0
0 26 -1 0
1
end_operator
begin_operator
leave left shot4
5
0 8
36 1
37 0
39 0
40 0
2
0 1 5 0
0 26 -1 0
1
end_operator
begin_operator
leave left shot4
5
0 9
36 0
37 0
39 0
40 0
2
0 1 5 0
0 26 -1 0
1
end_operator
begin_operator
leave left shot4
5
0 9
36 1
37 0
39 0
40 0
2
0 1 5 0
0 26 -1 0
1
end_operator
begin_operator
leave left shot4
5
0 10
36 0
37 0
39 0
40 0
2
0 1 5 0
0 26 -1 0
1
end_operator
begin_operator
leave left shot4
5
0 10
36 1
37 0
39 0
40 0
2
0 1 5 0
0 26 -1 0
1
end_operator
begin_operator
leave left shot4
5
0 11
36 0
37 0
39 0
40 0
2
0 1 5 0
0 26 -1 0
1
end_operator
begin_operator
leave left shot4
5
0 11
36 1
37 0
39 0
40 0
2
0 1 5 0
0 26 -1 0
1
end_operator
begin_operator
leave left shot5
4
0 0
36 0
39 0
40 0
3
0 1 6 0
0 27 -1 0
0 37 0 1
1
end_operator
begin_operator
leave left shot5
3
0 0
36 1
40 0
4
0 1 6 0
0 27 -1 0
0 37 0 1
0 39 0 1
1
end_operator
begin_operator
leave left shot5
4
0 1
36 0
37 0
39 0
3
0 1 6 0
0 27 -1 0
0 40 0 1
1
end_operator
begin_operator
leave left shot5
4
0 1
36 1
37 0
39 0
3
0 1 6 0
0 27 -1 0
0 40 0 1
1
end_operator
begin_operator
leave left shot5
5
0 2
36 0
37 0
39 0
40 0
2
0 1 6 0
0 27 -1 0
1
end_operator
begin_operator
leave left shot5
5
0 2
36 1
37 0
39 0
40 0
2
0 1 6 0
0 27 -1 0
1
end_operator
begin_operator
leave left shot5
5
0 3
36 0
37 0
39 0
40 0
2
0 1 6 0
0 27 -1 0
1
end_operator
begin_operator
leave left shot5
5
0 3
36 1
37 0
39 0
40 0
2
0 1 6 0
0 27 -1 0
1
end_operator
begin_operator
leave left shot5
5
0 4
36 0
37 0
39 0
40 0
2
0 1 6 0
0 27 -1 0
1
end_operator
begin_operator
leave left shot5
5
0 4
36 1
37 0
39 0
40 0
2
0 1 6 0
0 27 -1 0
1
end_operator
begin_operator
leave left shot5
5
0 5
36 0
37 0
39 0
40 0
2
0 1 6 0
0 27 -1 0
1
end_operator
begin_operator
leave left shot5
5
0 5
36 1
37 0
39 0
40 0
2
0 1 6 0
0 27 -1 0
1
end_operator
begin_operator
leave left shot5
5
0 6
36 0
37 0
39 0
40 0
2
0 1 6 0
0 27 -1 0
1
end_operator
begin_operator
leave left shot5
5
0 6
36 1
37 0
39 0
40 0
2
0 1 6 0
0 27 -1 0
1
end_operator
begin_operator
leave left shot5
5
0 7
36 0
37 0
39 0
40 0
2
0 1 6 0
0 27 -1 0
1
end_operator
begin_operator
leave left shot5
5
0 7
36 1
37 0
39 0
40 0
2
0 1 6 0
0 27 -1 0
1
end_operator
begin_operator
leave left shot5
5
0 8
36 0
37 0
39 0
40 0
2
0 1 6 0
0 27 -1 0
1
end_operator
begin_operator
leave left shot5
5
0 8
36 1
37 0
39 0
40 0
2
0 1 6 0
0 27 -1 0
1
end_operator
begin_operator
leave left shot5
5
0 9
36 0
37 0
39 0
40 0
2
0 1 6 0
0 27 -1 0
1
end_operator
begin_operator
leave left shot5
5
0 9
36 1
37 0
39 0
40 0
2
0 1 6 0
0 27 -1 0
1
end_operator
begin_operator
leave left shot5
5
0 10
36 0
37 0
39 0
40 0
2
0 1 6 0
0 27 -1 0
1
end_operator
begin_operator
leave left shot5
5
0 10
36 1
37 0
39 0
40 0
2
0 1 6 0
0 27 -1 0
1
end_operator
begin_operator
leave left shot5
5
0 11
36 0
37 0
39 0
40 0
2
0 1 6 0
0 27 -1 0
1
end_operator
begin_operator
leave left shot5
5
0 11
36 1
37 0
39 0
40 0
2
0 1 6 0
0 27 -1 0
1
end_operator
begin_operator
leave left shot6
4
0 0
36 0
39 0
40 0
3
0 1 7 0
0 28 -1 0
0 37 0 1
1
end_operator
begin_operator
leave left shot6
3
0 0
36 1
40 0
4
0 1 7 0
0 28 -1 0
0 37 0 1
0 39 0 1
1
end_operator
begin_operator
leave left shot6
4
0 1
36 0
37 0
39 0
3
0 1 7 0
0 28 -1 0
0 40 0 1
1
end_operator
begin_operator
leave left shot6
4
0 1
36 1
37 0
39 0
3
0 1 7 0
0 28 -1 0
0 40 0 1
1
end_operator
begin_operator
leave left shot6
5
0 2
36 0
37 0
39 0
40 0
2
0 1 7 0
0 28 -1 0
1
end_operator
begin_operator
leave left shot6
5
0 2
36 1
37 0
39 0
40 0
2
0 1 7 0
0 28 -1 0
1
end_operator
begin_operator
leave left shot6
5
0 3
36 0
37 0
39 0
40 0
2
0 1 7 0
0 28 -1 0
1
end_operator
begin_operator
leave left shot6
5
0 3
36 1
37 0
39 0
40 0
2
0 1 7 0
0 28 -1 0
1
end_operator
begin_operator
leave left shot6
5
0 4
36 0
37 0
39 0
40 0
2
0 1 7 0
0 28 -1 0
1
end_operator
begin_operator
leave left shot6
5
0 4
36 1
37 0
39 0
40 0
2
0 1 7 0
0 28 -1 0
1
end_operator
begin_operator
leave left shot6
5
0 5
36 0
37 0
39 0
40 0
2
0 1 7 0
0 28 -1 0
1
end_operator
begin_operator
leave left shot6
5
0 5
36 1
37 0
39 0
40 0
2
0 1 7 0
0 28 -1 0
1
end_operator
begin_operator
leave left shot6
5
0 6
36 0
37 0
39 0
40 0
2
0 1 7 0
0 28 -1 0
1
end_operator
begin_operator
leave left shot6
5
0 6
36 1
37 0
39 0
40 0
2
0 1 7 0
0 28 -1 0
1
end_operator
begin_operator
leave left shot6
5
0 7
36 0
37 0
39 0
40 0
2
0 1 7 0
0 28 -1 0
1
end_operator
begin_operator
leave left shot6
5
0 7
36 1
37 0
39 0
40 0
2
0 1 7 0
0 28 -1 0
1
end_operator
begin_operator
leave left shot6
5
0 8
36 0
37 0
39 0
40 0
2
0 1 7 0
0 28 -1 0
1
end_operator
begin_operator
leave left shot6
5
0 8
36 1
37 0
39 0
40 0
2
0 1 7 0
0 28 -1 0
1
end_operator
begin_operator
leave left shot6
5
0 9
36 0
37 0
39 0
40 0
2
0 1 7 0
0 28 -1 0
1
end_operator
begin_operator
leave left shot6
5
0 9
36 1
37 0
39 0
40 0
2
0 1 7 0
0 28 -1 0
1
end_operator
begin_operator
leave left shot6
5
0 10
36 0
37 0
39 0
40 0
2
0 1 7 0
0 28 -1 0
1
end_operator
begin_operator
leave left shot6
5
0 10
36 1
37 0
39 0
40 0
2
0 1 7 0
0 28 -1 0
1
end_operator
begin_operator
leave left shot6
5
0 11
36 0
37 0
39 0
40 0
2
0 1 7 0
0 28 -1 0
1
end_operator
begin_operator
leave left shot6
5
0 11
36 1
37 0
39 0
40 0
2
0 1 7 0
0 28 -1 0
1
end_operator
begin_operator
leave left shot7
4
0 0
36 0
39 0
40 0
3
0 1 8 0
0 29 -1 0
0 37 0 1
1
end_operator
begin_operator
leave left shot7
3
0 0
36 1
40 0
4
0 1 8 0
0 29 -1 0
0 37 0 1
0 39 0 1
1
end_operator
begin_operator
leave left shot7
4
0 1
36 0
37 0
39 0
3
0 1 8 0
0 29 -1 0
0 40 0 1
1
end_operator
begin_operator
leave left shot7
4
0 1
36 1
37 0
39 0
3
0 1 8 0
0 29 -1 0
0 40 0 1
1
end_operator
begin_operator
leave left shot7
5
0 2
36 0
37 0
39 0
40 0
2
0 1 8 0
0 29 -1 0
1
end_operator
begin_operator
leave left shot7
5
0 2
36 1
37 0
39 0
40 0
2
0 1 8 0
0 29 -1 0
1
end_operator
begin_operator
leave left shot7
5
0 3
36 0
37 0
39 0
40 0
2
0 1 8 0
0 29 -1 0
1
end_operator
begin_operator
leave left shot7
5
0 3
36 1
37 0
39 0
40 0
2
0 1 8 0
0 29 -1 0
1
end_operator
begin_operator
leave left shot7
5
0 4
36 0
37 0
39 0
40 0
2
0 1 8 0
0 29 -1 0
1
end_operator
begin_operator
leave left shot7
5
0 4
36 1
37 0
39 0
40 0
2
0 1 8 0
0 29 -1 0
1
end_operator
begin_operator
leave left shot7
5
0 5
36 0
37 0
39 0
40 0
2
0 1 8 0
0 29 -1 0
1
end_operator
begin_operator
leave left shot7
5
0 5
36 1
37 0
39 0
40 0
2
0 1 8 0
0 29 -1 0
1
end_operator
begin_operator
leave left shot7
5
0 6
36 0
37 0
39 0
40 0
2
0 1 8 0
0 29 -1 0
1
end_operator
begin_operator
leave left shot7
5
0 6
36 1
37 0
39 0
40 0
2
0 1 8 0
0 29 -1 0
1
end_operator
begin_operator
leave left shot7
5
0 7
36 0
37 0
39 0
40 0
2
0 1 8 0
0 29 -1 0
1
end_operator
begin_operator
leave left shot7
5
0 7
36 1
37 0
39 0
40 0
2
0 1 8 0
0 29 -1 0
1
end_operator
begin_operator
leave left shot7
5
0 8
36 0
37 0
39 0
40 0
2
0 1 8 0
0 29 -1 0
1
end_operator
begin_operator
leave left shot7
5
0 8
36 1
37 0
39 0
40 0
2
0 1 8 0
0 29 -1 0
1
end_operator
begin_operator
leave left shot7
5
0 9
36 0
37 0
39 0
40 0
2
0 1 8 0
0 29 -1 0
1
end_operator
begin_operator
leave left shot7
5
0 9
36 1
37 0
39 0
40 0
2
0 1 8 0
0 29 -1 0
1
end_operator
begin_operator
leave left shot7
5
0 10
36 0
37 0
39 0
40 0
2
0 1 8 0
0 29 -1 0
1
end_operator
begin_operator
leave left shot7
5
0 10
36 1
37 0
39 0
40 0
2
0 1 8 0
0 29 -1 0
1
end_operator
begin_operator
leave left shot7
5
0 11
36 0
37 0
39 0
40 0
2
0 1 8 0
0 29 -1 0
1
end_operator
begin_operator
leave left shot7
5
0 11
36 1
37 0
39 0
40 0
2
0 1 8 0
0 29 -1 0
1
end_operator
begin_operator
leave left shot8
4
0 0
36 0
39 0
40 0
3
0 1 9 0
0 30 -1 0
0 37 0 1
1
end_operator
begin_operator
leave left shot8
3
0 0
36 1
40 0
4
0 1 9 0
0 30 -1 0
0 37 0 1
0 39 0 1
1
end_operator
begin_operator
leave left shot8
4
0 1
36 0
37 0
39 0
3
0 1 9 0
0 30 -1 0
0 40 0 1
1
end_operator
begin_operator
leave left shot8
4
0 1
36 1
37 0
39 0
3
0 1 9 0
0 30 -1 0
0 40 0 1
1
end_operator
begin_operator
leave left shot8
5
0 2
36 0
37 0
39 0
40 0
2
0 1 9 0
0 30 -1 0
1
end_operator
begin_operator
leave left shot8
5
0 2
36 1
37 0
39 0
40 0
2
0 1 9 0
0 30 -1 0
1
end_operator
begin_operator
leave left shot8
5
0 3
36 0
37 0
39 0
40 0
2
0 1 9 0
0 30 -1 0
1
end_operator
begin_operator
leave left shot8
5
0 3
36 1
37 0
39 0
40 0
2
0 1 9 0
0 30 -1 0
1
end_operator
begin_operator
leave left shot8
5
0 4
36 0
37 0
39 0
40 0
2
0 1 9 0
0 30 -1 0
1
end_operator
begin_operator
leave left shot8
5
0 4
36 1
37 0
39 0
40 0
2
0 1 9 0
0 30 -1 0
1
end_operator
begin_operator
leave left shot8
5
0 5
36 0
37 0
39 0
40 0
2
0 1 9 0
0 30 -1 0
1
end_operator
begin_operator
leave left shot8
5
0 5
36 1
37 0
39 0
40 0
2
0 1 9 0
0 30 -1 0
1
end_operator
begin_operator
leave left shot8
5
0 6
36 0
37 0
39 0
40 0
2
0 1 9 0
0 30 -1 0
1
end_operator
begin_operator
leave left shot8
5
0 6
36 1
37 0
39 0
40 0
2
0 1 9 0
0 30 -1 0
1
end_operator
begin_operator
leave left shot8
5
0 7
36 0
37 0
39 0
40 0
2
0 1 9 0
0 30 -1 0
1
end_operator
begin_operator
leave left shot8
5
0 7
36 1
37 0
39 0
40 0
2
0 1 9 0
0 30 -1 0
1
end_operator
begin_operator
leave left shot8
5
0 8
36 0
37 0
39 0
40 0
2
0 1 9 0
0 30 -1 0
1
end_operator
begin_operator
leave left shot8
5
0 8
36 1
37 0
39 0
40 0
2
0 1 9 0
0 30 -1 0
1
end_operator
begin_operator
leave left shot8
5
0 9
36 0
37 0
39 0
40 0
2
0 1 9 0
0 30 -1 0
1
end_operator
begin_operator
leave left shot8
5
0 9
36 1
37 0
39 0
40 0
2
0 1 9 0
0 30 -1 0
1
end_operator
begin_operator
leave left shot8
5
0 10
36 0
37 0
39 0
40 0
2
0 1 9 0
0 30 -1 0
1
end_operator
begin_operator
leave left shot8
5
0 10
36 1
37 0
39 0
40 0
2
0 1 9 0
0 30 -1 0
1
end_operator
begin_operator
leave left shot8
5
0 11
36 0
37 0
39 0
40 0
2
0 1 9 0
0 30 -1 0
1
end_operator
begin_operator
leave left shot8
5
0 11
36 1
37 0
39 0
40 0
2
0 1 9 0
0 30 -1 0
1
end_operator
begin_operator
leave left shot9
4
0 0
36 0
39 0
40 0
3
0 1 10 0
0 31 -1 0
0 37 0 1
1
end_operator
begin_operator
leave left shot9
3
0 0
36 1
40 0
4
0 1 10 0
0 31 -1 0
0 37 0 1
0 39 0 1
1
end_operator
begin_operator
leave left shot9
4
0 1
36 0
37 0
39 0
3
0 1 10 0
0 31 -1 0
0 40 0 1
1
end_operator
begin_operator
leave left shot9
4
0 1
36 1
37 0
39 0
3
0 1 10 0
0 31 -1 0
0 40 0 1
1
end_operator
begin_operator
leave left shot9
5
0 2
36 0
37 0
39 0
40 0
2
0 1 10 0
0 31 -1 0
1
end_operator
begin_operator
leave left shot9
5
0 2
36 1
37 0
39 0
40 0
2
0 1 10 0
0 31 -1 0
1
end_operator
begin_operator
leave left shot9
5
0 3
36 0
37 0
39 0
40 0
2
0 1 10 0
0 31 -1 0
1
end_operator
begin_operator
leave left shot9
5
0 3
36 1
37 0
39 0
40 0
2
0 1 10 0
0 31 -1 0
1
end_operator
begin_operator
leave left shot9
5
0 4
36 0
37 0
39 0
40 0
2
0 1 10 0
0 31 -1 0
1
end_operator
begin_operator
leave left shot9
5
0 4
36 1
37 0
39 0
40 0
2
0 1 10 0
0 31 -1 0
1
end_operator
begin_operator
leave left shot9
5
0 5
36 0
37 0
39 0
40 0
2
0 1 10 0
0 31 -1 0
1
end_operator
begin_operator
leave left shot9
5
0 5
36 1
37 0
39 0
40 0
2
0 1 10 0
0 31 -1 0
1
end_operator
begin_operator
leave left shot9
5
0 6
36 0
37 0
39 0
40 0
2
0 1 10 0
0 31 -1 0
1
end_operator
begin_operator
leave left shot9
5
0 6
36 1
37 0
39 0
40 0
2
0 1 10 0
0 31 -1 0
1
end_operator
begin_operator
leave left shot9
5
0 7
36 0
37 0
39 0
40 0
2
0 1 10 0
0 31 -1 0
1
end_operator
begin_operator
leave left shot9
5
0 7
36 1
37 0
39 0
40 0
2
0 1 10 0
0 31 -1 0
1
end_operator
begin_operator
leave left shot9
5
0 8
36 0
37 0
39 0
40 0
2
0 1 10 0
0 31 -1 0
1
end_operator
begin_operator
leave left shot9
5
0 8
36 1
37 0
39 0
40 0
2
0 1 10 0
0 31 -1 0
1
end_operator
begin_operator
leave left shot9
5
0 9
36 0
37 0
39 0
40 0
2
0 1 10 0
0 31 -1 0
1
end_operator
begin_operator
leave left shot9
5
0 9
36 1
37 0
39 0
40 0
2
0 1 10 0
0 31 -1 0
1
end_operator
begin_operator
leave left shot9
5
0 10
36 0
37 0
39 0
40 0
2
0 1 10 0
0 31 -1 0
1
end_operator
begin_operator
leave left shot9
5
0 10
36 1
37 0
39 0
40 0
2
0 1 10 0
0 31 -1 0
1
end_operator
begin_operator
leave left shot9
5
0 11
36 0
37 0
39 0
40 0
2
0 1 10 0
0 31 -1 0
1
end_operator
begin_operator
leave left shot9
5
0 11
36 1
37 0
39 0
40 0
2
0 1 10 0
0 31 -1 0
1
end_operator
begin_operator
leave right shaker1
0
2
0 2 1 0
0 22 -1 0
1
end_operator
begin_operator
leave right shot1
0
2
0 2 2 0
0 23 -1 0
1
end_operator
begin_operator
leave right shot2
0
2
0 2 3 0
0 24 -1 0
1
end_operator
begin_operator
leave right shot3
0
2
0 2 4 0
0 25 -1 0
1
end_operator
begin_operator
leave right shot4
0
2
0 2 5 0
0 26 -1 0
1
end_operator
begin_operator
leave right shot5
0
2
0 2 6 0
0 27 -1 0
1
end_operator
begin_operator
leave right shot6
0
2
0 2 7 0
0 28 -1 0
1
end_operator
begin_operator
leave right shot7
0
2
0 2 8 0
0 29 -1 0
1
end_operator
begin_operator
leave right shot8
0
2
0 2 9 0
0 30 -1 0
1
end_operator
begin_operator
leave right shot9
0
2
0 2 10 0
0 31 -1 0
1
end_operator
begin_operator
pour-shaker-to-shot cocktail1 shot3 left shaker1 l1 l0
3
1 1
3 0
32 0
3
0 6 0 1
0 14 3 4
0 21 1 0
1
end_operator
begin_operator
pour-shaker-to-shot cocktail1 shot3 left shaker1 l2 l1
3
1 1
3 0
32 0
3
0 6 0 1
0 14 3 4
0 21 2 1
1
end_operator
begin_operator
pour-shaker-to-shot cocktail1 shot3 right shaker1 l1 l0
3
2 1
3 0
32 0
3
0 6 0 1
0 14 3 4
0 21 1 0
1
end_operator
begin_operator
pour-shaker-to-shot cocktail1 shot3 right shaker1 l2 l1
3
2 1
3 0
32 0
3
0 6 0 1
0 14 3 4
0 21 2 1
1
end_operator
begin_operator
pour-shaker-to-shot cocktail1 shot9 left shaker1 l1 l0
5
1 1
3 0
32 0
36 1
40 0
4
0 0 0 1
0 20 3 4
0 21 1 0
0 38 1 0
1
end_operator
begin_operator
pour-shaker-to-shot cocktail1 shot9 left shaker1 l2 l1
5
1 1
3 0
32 0
36 1
40 0
4
0 0 0 1
0 20 3 4
0 21 2 1
0 38 1 0
1
end_operator
begin_operator
pour-shaker-to-shot cocktail1 shot9 right shaker1 l1 l0
8
1 2
2 1
3 0
32 0
36 1
37 0
39 0
40 0
4
0 0 0 1
0 20 3 4
0 21 1 0
0 38 1 0
1
end_operator
begin_operator
pour-shaker-to-shot cocktail1 shot9 right shaker1 l1 l0
8
1 3
2 1
3 0
32 0
36 1
37 0
39 0
40 0
4
0 0 0 1
0 20 3 4
0 21 1 0
0 38 1 0
1
end_operator
begin_operator
pour-shaker-to-shot cocktail1 shot9 right shaker1 l1 l0
8
1 4
2 1
3 0
32 0
36 1
37 0
39 0
40 0
4
0 0 0 1
0 20 3 4
0 21 1 0
0 38 1 0
1
end_operator
begin_operator
pour-shaker-to-shot cocktail1 shot9 right shaker1 l1 l0
8
1 5
2 1
3 0
32 0
36 1
37 0
39 0
40 0
4
0 0 0 1
0 20 3 4
0 21 1 0
0 38 1 0
1
end_operator
begin_operator
pour-shaker-to-shot cocktail1 shot9 right shaker1 l1 l0
8
1 6
2 1
3 0
32 0
36 1
37 0
39 0
40 0
4
0 0 0 1
0 20 3 4
0 21 1 0
0 38 1 0
1
end_operator
begin_operator
pour-shaker-to-shot cocktail1 shot9 right shaker1 l1 l0
8
1 7
2 1
3 0
32 0
36 1
37 0
39 0
40 0
4
0 0 0 1
0 20 3 4
0 21 1 0
0 38 1 0
1
end_operator
begin_operator
pour-shaker-to-shot cocktail1 shot9 right shaker1 l1 l0
8
1 8
2 1
3 0
32 0
36 1
37 0
39 0
40 0
4
0 0 0 1
0 20 3 4
0 21 1 0
0 38 1 0
1
end_operator
begin_operator
pour-shaker-to-shot cocktail1 shot9 right shaker1 l1 l0
8
1 9
2 1
3 0
32 0
36 1
37 0
39 0
40 0
4
0 0 0 1
0 20 3 4
0 21 1 0
0 38 1 0
1
end_operator
begin_operator
pour-shaker-to-shot cocktail1 shot9 right shaker1 l1 l0
8
1 10
2 1
3 0
32 0
36 1
37 0
39 0
40 0
4
0 0 0 1
0 20 3 4
0 21 1 0
0 38 1 0
1
end_operator
begin_operator
pour-shaker-to-shot cocktail1 shot9 right shaker1 l1 l0
5
1 0
2 1
3 0
32 0
36 1
7
0 0 0 1
0 20 3 4
0 21 1 0
0 37 1 0
0 38 1 0
0 39 1 0
0 40 0 1
1
end_operator
begin_operator
pour-shaker-to-shot cocktail1 shot9 right shaker1 l2 l1
8
1 2
2 1
3 0
32 0
36 1
37 0
39 0
40 0
4
0 0 0 1
0 20 3 4
0 21 2 1
0 38 1 0
1
end_operator
begin_operator
pour-shaker-to-shot cocktail1 shot9 right shaker1 l2 l1
8
1 3
2 1
3 0
32 0
36 1
37 0
39 0
40 0
4
0 0 0 1
0 20 3 4
0 21 2 1
0 38 1 0
1
end_operator
begin_operator
pour-shaker-to-shot cocktail1 shot9 right shaker1 l2 l1
8
1 4
2 1
3 0
32 0
36 1
37 0
39 0
40 0
4
0 0 0 1
0 20 3 4
0 21 2 1
0 38 1 0
1
end_operator
begin_operator
pour-shaker-to-shot cocktail1 shot9 right shaker1 l2 l1
8
1 5
2 1
3 0
32 0
36 1
37 0
39 0
40 0
4
0 0 0 1
0 20 3 4
0 21 2 1
0 38 1 0
1
end_operator
begin_operator
pour-shaker-to-shot cocktail1 shot9 right shaker1 l2 l1
8
1 6
2 1
3 0
32 0
36 1
37 0
39 0
40 0
4
0 0 0 1
0 20 3 4
0 21 2 1
0 38 1 0
1
end_operator
begin_operator
pour-shaker-to-shot cocktail1 shot9 right shaker1 l2 l1
8
1 7
2 1
3 0
32 0
36 1
37 0
39 0
40 0
4
0 0 0 1
0 20 3 4
0 21 2 1
0 38 1 0
1
end_operator
begin_operator
pour-shaker-to-shot cocktail1 shot9 right shaker1 l2 l1
8
1 8
2 1
3 0
32 0
36 1
37 0
39 0
40 0
4
0 0 0 1
0 20 3 4
0 21 2 1
0 38 1 0
1
end_operator
begin_operator
pour-shaker-to-shot cocktail1 shot9 right shaker1 l2 l1
8
1 9
2 1
3 0
32 0
36 1
37 0
39 0
40 0
4
0 0 0 1
0 20 3 4
0 21 2 1
0 38 1 0
1
end_operator
begin_operator
pour-shaker-to-shot cocktail1 shot9 right shaker1 l2 l1
8
1 10
2 1
3 0
32 0
36 1
37 0
39 0
40 0
4
0 0 0 1
0 20 3 4
0 21 2 1
0 38 1 0
1
end_operator
begin_operator
pour-shaker-to-shot cocktail1 shot9 right shaker1 l2 l1
5
1 0
2 1
3 0
32 0
36 1
7
0 0 0 1
0 20 3 4
0 21 2 1
0 37 1 0
0 38 1 0
0 39 1 0
0 40 0 1
1
end_operator
begin_operator
pour-shaker-to-shot cocktail2 shot5 left shaker1 l1 l0
3
1 1
3 1
32 0
3
0 8 0 1
0 16 3 4
0 21 1 0
1
end_operator
begin_operator
pour-shaker-to-shot cocktail2 shot5 left shaker1 l2 l1
3
1 1
3 1
32 0
3
0 8 0 1
0 16 3 4
0 21 2 1
1
end_operator
begin_operator
pour-shaker-to-shot cocktail2 shot5 right shaker1 l1 l0
3
2 1
3 1
32 0
3
0 8 0 1
0 16 3 4
0 21 1 0
1
end_operator
begin_operator
pour-shaker-to-shot cocktail2 shot5 right shaker1 l2 l1
3
2 1
3 1
32 0
3
0 8 0 1
0 16 3 4
0 21 2 1
1
end_operator
begin_operator
pour-shaker-to-shot cocktail2 shot9 left shaker1 l1 l0
4
1 1
3 1
32 0
36 1
4
0 0 0 2
0 20 3 4
0 21 1 0
0 38 1 0
1
end_operator
begin_operator
pour-shaker-to-shot cocktail2 shot9 left shaker1 l2 l1
4
1 1
3 1
32 0
36 1
4
0 0 0 2
0 20 3 4
0 21 2 1
0 38 1 0
1
end_operator
begin_operator
pour-shaker-to-shot cocktail2 shot9 right shaker1 l1 l0
7
1 2
2 1
3 1
32 0
36 1
37 0
39 0
4
0 0 0 2
0 20 3 4
0 21 1 0
0 38 1 0
1
end_operator
begin_operator
pour-shaker-to-shot cocktail2 shot9 right shaker1 l1 l0
7
1 3
2 1
3 1
32 0
36 1
37 0
39 0
4
0 0 0 2
0 20 3 4
0 21 1 0
0 38 1 0
1
end_operator
begin_operator
pour-shaker-to-shot cocktail2 shot9 right shaker1 l1 l0
7
1 4
2 1
3 1
32 0
36 1
37 0
39 0
4
0 0 0 2
0 20 3 4
0 21 1 0
0 38 1 0
1
end_operator
begin_operator
pour-shaker-to-shot cocktail2 shot9 right shaker1 l1 l0
7
1 5
2 1
3 1
32 0
36 1
37 0
39 0
4
0 0 0 2
0 20 3 4
0 21 1 0
0 38 1 0
1
end_operator
begin_operator
pour-shaker-to-shot cocktail2 shot9 right shaker1 l1 l0
7
1 6
2 1
3 1
32 0
36 1
37 0
39 0
4
0 0 0 2
0 20 3 4
0 21 1 0
0 38 1 0
1
end_operator
begin_operator
pour-shaker-to-shot cocktail2 shot9 right shaker1 l1 l0
7
1 7
2 1
3 1
32 0
36 1
37 0
39 0
4
0 0 0 2
0 20 3 4
0 21 1 0
0 38 1 0
1
end_operator
begin_operator
pour-shaker-to-shot cocktail2 shot9 right shaker1 l1 l0
7
1 8
2 1
3 1
32 0
36 1
37 0
39 0
4
0 0 0 2
0 20 3 4
0 21 1 0
0 38 1 0
1
end_operator
begin_operator
pour-shaker-to-shot cocktail2 shot9 right shaker1 l1 l0
7
1 9
2 1
3 1
32 0
36 1
37 0
39 0
4
0 0 0 2
0 20 3 4
0 21 1 0
0 38 1 0
1
end_operator
begin_operator
pour-shaker-to-shot cocktail2 shot9 right shaker1 l1 l0
7
1 10
2 1
3 1
32 0
36 1
37 0
39 0
4
0 0 0 2
0 20 3 4
0 21 1 0
0 38 1 0
1
end_operator
begin_operator
pour-shaker-to-shot cocktail2 shot9 right shaker1 l1 l0
5
1 0
2 1
3 1
32 0
36 1
6
0 0 0 2
0 20 3 4
0 21 1 0
0 37 1 0
0 38 1 0
0 39 1 0
1
end_operator
begin_operator
pour-shaker-to-shot cocktail2 shot9 right shaker1 l2 l1
7
1 2
2 1
3 1
32 0
36 1
37 0
39 0
4
0 0 0 2
0 20 3 4
0 21 2 1
0 38 1 0
1
end_operator
begin_operator
pour-shaker-to-shot cocktail2 shot9 right shaker1 l2 l1
7
1 3
2 1
3 1
32 0
36 1
37 0
39 0
4
0 0 0 2
0 20 3 4
0 21 2 1
0 38 1 0
1
end_operator
begin_operator
pour-shaker-to-shot cocktail2 shot9 right shaker1 l2 l1
7
1 4
2 1
3 1
32 0
36 1
37 0
39 0
4
0 0 0 2
0 20 3 4
0 21 2 1
0 38 1 0
1
end_operator
begin_operator
pour-shaker-to-shot cocktail2 shot9 right shaker1 l2 l1
7
1 5
2 1
3 1
32 0
36 1
37 0
39 0
4
0 0 0 2
0 20 3 4
0 21 2 1
0 38 1 0
1
end_operator
begin_operator
pour-shaker-to-shot cocktail2 shot9 right shaker1 l2 l1
7
1 6
2 1
3 1
32 0
36 1
37 0
39 0
4
0 0 0 2
0 20 3 4
0 21 2 1
0 38 1 0
1
end_operator
begin_operator
pour-shaker-to-shot cocktail2 shot9 right shaker1 l2 l1
7
1 7
2 1
3 1
32 0
36 1
37 0
39 0
4
0 0 0 2
0 20 3 4
0 21 2 1
0 38 1 0
1
end_operator
begin_operator
pour-shaker-to-shot cocktail2 shot9 right shaker1 l2 l1
7
1 8
2 1
3 1
32 0
36 1
37 0
39 0
4
0 0 0 2
0 20 3 4
0 21 2 1
0 38 1 0
1
end_operator
begin_operator
pour-shaker-to-shot cocktail2 shot9 right shaker1 l2 l1
7
1 9
2 1
3 1
32 0
36 1
37 0
39 0
4
0 0 0 2
0 20 3 4
0 21 2 1
0 38 1 0
1
end_operator
begin_operator
pour-shaker-to-shot cocktail2 shot9 right shaker1 l2 l1
7
1 10
2 1
3 1
32 0
36 1
37 0
39 0
4
0 0 0 2
0 20 3 4
0 21 2 1
0 38 1 0
1
end_operator
begin_operator
pour-shaker-to-shot cocktail2 shot9 right shaker1 l2 l1
5
1 0
2 1
3 1
32 0
36 1
6
0 0 0 2
0 20 3 4
0 21 2 1
0 37 1 0
0 38 1 0
0 39 1 0
1
end_operator
begin_operator
pour-shaker-to-shot cocktail3 shot1 left shaker1 l1 l0
3
1 1
3 2
32 0
3
0 4 0 1
0 12 3 4
0 21 1 0
1
end_operator
begin_operator
pour-shaker-to-shot cocktail3 shot1 left shaker1 l2 l1
3
1 1
3 2
32 0
3
0 4 0 1
0 12 3 4
0 21 2 1
1
end_operator
begin_operator
pour-shaker-to-shot cocktail3 shot1 right shaker1 l1 l0
3
2 1
3 2
32 0
3
0 4 0 1
0 12 3 4
0 21 1 0
1
end_operator
begin_operator
pour-shaker-to-shot cocktail3 shot1 right shaker1 l2 l1
3
2 1
3 2
32 0
3
0 4 0 1
0 12 3 4
0 21 2 1
1
end_operator
begin_operator
pour-shaker-to-shot cocktail3 shot9 left shaker1 l1 l0
4
1 1
3 2
32 0
36 1
4
0 0 0 3
0 20 3 4
0 21 1 0
0 38 1 0
1
end_operator
begin_operator
pour-shaker-to-shot cocktail3 shot9 left shaker1 l2 l1
4
1 1
3 2
32 0
36 1
4
0 0 0 3
0 20 3 4
0 21 2 1
0 38 1 0
1
end_operator
begin_operator
pour-shaker-to-shot cocktail3 shot9 right shaker1 l1 l0
7
1 2
2 1
3 2
32 0
36 1
37 0
39 0
4
0 0 0 3
0 20 3 4
0 21 1 0
0 38 1 0
1
end_operator
begin_operator
pour-shaker-to-shot cocktail3 shot9 right shaker1 l1 l0
7
1 3
2 1
3 2
32 0
36 1
37 0
39 0
4
0 0 0 3
0 20 3 4
0 21 1 0
0 38 1 0
1
end_operator
begin_operator
pour-shaker-to-shot cocktail3 shot9 right shaker1 l1 l0
7
1 4
2 1
3 2
32 0
36 1
37 0
39 0
4
0 0 0 3
0 20 3 4
0 21 1 0
0 38 1 0
1
end_operator
begin_operator
pour-shaker-to-shot cocktail3 shot9 right shaker1 l1 l0
7
1 5
2 1
3 2
32 0
36 1
37 0
39 0
4
0 0 0 3
0 20 3 4
0 21 1 0
0 38 1 0
1
end_operator
begin_operator
pour-shaker-to-shot cocktail3 shot9 right shaker1 l1 l0
7
1 6
2 1
3 2
32 0
36 1
37 0
39 0
4
0 0 0 3
0 20 3 4
0 21 1 0
0 38 1 0
1
end_operator
begin_operator
pour-shaker-to-shot cocktail3 shot9 right shaker1 l1 l0
7
1 7
2 1
3 2
32 0
36 1
37 0
39 0
4
0 0 0 3
0 20 3 4
0 21 1 0
0 38 1 0
1
end_operator
begin_operator
pour-shaker-to-shot cocktail3 shot9 right shaker1 l1 l0
7
1 8
2 1
3 2
32 0
36 1
37 0
39 0
4
0 0 0 3
0 20 3 4
0 21 1 0
0 38 1 0
1
end_operator
begin_operator
pour-shaker-to-shot cocktail3 shot9 right shaker1 l1 l0
7
1 9
2 1
3 2
32 0
36 1
37 0
39 0
4
0 0 0 3
0 20 3 4
0 21 1 0
0 38 1 0
1
end_operator
begin_operator
pour-shaker-to-shot cocktail3 shot9 right shaker1 l1 l0
7
1 10
2 1
3 2
32 0
36 1
37 0
39 0
4
0 0 0 3
0 20 3 4
0 21 1 0
0 38 1 0
1
end_operator
begin_operator
pour-shaker-to-shot cocktail3 shot9 right shaker1 l1 l0
5
1 0
2 1
3 2
32 0
36 1
6
0 0 0 3
0 20 3 4
0 21 1 0
0 37 1 0
0 38 1 0
0 39 1 0
1
end_operator
begin_operator
pour-shaker-to-shot cocktail3 shot9 right shaker1 l2 l1
7
1 2
2 1
3 2
32 0
36 1
37 0
39 0
4
0 0 0 3
0 20 3 4
0 21 2 1
0 38 1 0
1
end_operator
begin_operator
pour-shaker-to-shot cocktail3 shot9 right shaker1 l2 l1
7
1 3
2 1
3 2
32 0
36 1
37 0
39 0
4
0 0 0 3
0 20 3 4
0 21 2 1
0 38 1 0
1
end_operator
begin_operator
pour-shaker-to-shot cocktail3 shot9 right shaker1 l2 l1
7
1 4
2 1
3 2
32 0
36 1
37 0
39 0
4
0 0 0 3
0 20 3 4
0 21 2 1
0 38 1 0
1
end_operator
begin_operator
pour-shaker-to-shot cocktail3 shot9 right shaker1 l2 l1
7
1 5
2 1
3 2
32 0
36 1
37 0
39 0
4
0 0 0 3
0 20 3 4
0 21 2 1
0 38 1 0
1
end_operator
begin_operator
pour-shaker-to-shot cocktail3 shot9 right shaker1 l2 l1
7
1 6
2 1
3 2
32 0
36 1
37 0
39 0
4
0 0 0 3
0 20 3 4
0 21 2 1
0 38 1 0
1
end_operator
begin_operator
pour-shaker-to-shot cocktail3 shot9 right shaker1 l2 l1
7
1 7
2 1
3 2
32 0
36 1
37 0
39 0
4
0 0 0 3
0 20 3 4
0 21 2 1
0 38 1 0
1
end_operator
begin_operator
pour-shaker-to-shot cocktail3 shot9 right shaker1 l2 l1
7
1 8
2 1
3 2
32 0
36 1
37 0
39 0
4
0 0 0 3
0 20 3 4
0 21 2 1
0 38 1 0
1
end_operator
begin_operator
pour-shaker-to-shot cocktail3 shot9 right shaker1 l2 l1
7
1 9
2 1
3 2
32 0
36 1
37 0
39 0
4
0 0 0 3
0 20 3 4
0 21 2 1
0 38 1 0
1
end_operator
begin_operator
pour-shaker-to-shot cocktail3 shot9 right shaker1 l2 l1
7
1 10
2 1
3 2
32 0
36 1
37 0
39 0
4
0 0 0 3
0 20 3 4
0 21 2 1
0 38 1 0
1
end_operator
begin_operator
pour-shaker-to-shot cocktail3 shot9 right shaker1 l2 l1
5
1 0
2 1
3 2
32 0
36 1
6
0 0 0 3
0 20 3 4
0 21 2 1
0 37 1 0
0 38 1 0
0 39 1 0
1
end_operator
begin_operator
pour-shaker-to-shot cocktail4 shot7 left shaker1 l1 l0
3
1 1
3 3
32 0
3
0 10 0 1
0 18 3 4
0 21 1 0
1
end_operator
begin_operator
pour-shaker-to-shot cocktail4 shot7 left shaker1 l2 l1
3
1 1
3 3
32 0
3
0 10 0 1
0 18 3 4
0 21 2 1
1
end_operator
begin_operator
pour-shaker-to-shot cocktail4 shot7 right shaker1 l1 l0
3
2 1
3 3
32 0
3
0 10 0 1
0 18 3 4
0 21 1 0
1
end_operator
begin_operator
pour-shaker-to-shot cocktail4 shot7 right shaker1 l2 l1
3
2 1
3 3
32 0
3
0 10 0 1
0 18 3 4
0 21 2 1
1
end_operator
begin_operator
pour-shaker-to-shot cocktail4 shot9 left shaker1 l1 l0
4
1 1
3 3
32 0
36 1
4
0 0 0 4
0 20 3 4
0 21 1 0
0 38 1 0
1
end_operator
begin_operator
pour-shaker-to-shot cocktail4 shot9 left shaker1 l2 l1
4
1 1
3 3
32 0
36 1
4
0 0 0 4
0 20 3 4
0 21 2 1
0 38 1 0
1
end_operator
begin_operator
pour-shaker-to-shot cocktail4 shot9 right shaker1 l1 l0
7
1 2
2 1
3 3
32 0
36 1
37 0
39 0
4
0 0 0 4
0 20 3 4
0 21 1 0
0 38 1 0
1
end_operator
begin_operator
pour-shaker-to-shot cocktail4 shot9 right shaker1 l1 l0
7
1 3
2 1
3 3
32 0
36 1
37 0
39 0
4
0 0 0 4
0 20 3 4
0 21 1 0
0 38 1 0
1
end_operator
begin_operator
pour-shaker-to-shot cocktail4 shot9 right shaker1 l1 l0
7
1 4
2 1
3 3
32 0
36 1
37 0
39 0
4
0 0 0 4
0 20 3 4
0 21 1 0
0 38 1 0
1
end_operator
begin_operator
pour-shaker-to-shot cocktail4 shot9 right shaker1 l1 l0
7
1 5
2 1
3 3
32 0
36 1
37 0
39 0
4
0 0 0 4
0 20 3 4
0 21 1 0
0 38 1 0
1
end_operator
begin_operator
pour-shaker-to-shot cocktail4 shot9 right shaker1 l1 l0
7
1 6
2 1
3 3
32 0
36 1
37 0
39 0
4
0 0 0 4
0 20 3 4
0 21 1 0
0 38 1 0
1
end_operator
begin_operator
pour-shaker-to-shot cocktail4 shot9 right shaker1 l1 l0
7
1 7
2 1
3 3
32 0
36 1
37 0
39 0
4
0 0 0 4
0 20 3 4
0 21 1 0
0 38 1 0
1
end_operator
begin_operator
pour-shaker-to-shot cocktail4 shot9 right shaker1 l1 l0
7
1 8
2 1
3 3
32 0
36 1
37 0
39 0
4
0 0 0 4
0 20 3 4
0 21 1 0
0 38 1 0
1
end_operator
begin_operator
pour-shaker-to-shot cocktail4 shot9 right shaker1 l1 l0
7
1 9
2 1
3 3
32 0
36 1
37 0
39 0
4
0 0 0 4
0 20 3 4
0 21 1 0
0 38 1 0
1
end_operator
begin_operator
pour-shaker-to-shot cocktail4 shot9 right shaker1 l1 l0
7
1 10
2 1
3 3
32 0
36 1
37 0
39 0
4
0 0 0 4
0 20 3 4
0 21 1 0
0 38 1 0
1
end_operator
begin_operator
pour-shaker-to-shot cocktail4 shot9 right shaker1 l1 l0
5
1 0
2 1
3 3
32 0
36 1
6
0 0 0 4
0 20 3 4
0 21 1 0
0 37 1 0
0 38 1 0
0 39 1 0
1
end_operator
begin_operator
pour-shaker-to-shot cocktail4 shot9 right shaker1 l2 l1
7
1 2
2 1
3 3
32 0
36 1
37 0
39 0
4
0 0 0 4
0 20 3 4
0 21 2 1
0 38 1 0
1
end_operator
begin_operator
pour-shaker-to-shot cocktail4 shot9 right shaker1 l2 l1
7
1 3
2 1
3 3
32 0
36 1
37 0
39 0
4
0 0 0 4
0 20 3 4
0 21 2 1
0 38 1 0
1
end_operator
begin_operator
pour-shaker-to-shot cocktail4 shot9 right shaker1 l2 l1
7
1 4
2 1
3 3
32 0
36 1
37 0
39 0
4
0 0 0 4
0 20 3 4
0 21 2 1
0 38 1 0
1
end_operator
begin_operator
pour-shaker-to-shot cocktail4 shot9 right shaker1 l2 l1
7
1 5
2 1
3 3
32 0
36 1
37 0
39 0
4
0 0 0 4
0 20 3 4
0 21 2 1
0 38 1 0
1
end_operator
begin_operator
pour-shaker-to-shot cocktail4 shot9 right shaker1 l2 l1
7
1 6
2 1
3 3
32 0
36 1
37 0
39 0
4
0 0 0 4
0 20 3 4
0 21 2 1
0 38 1 0
1
end_operator
begin_operator
pour-shaker-to-shot cocktail4 shot9 right shaker1 l2 l1
7
1 7
2 1
3 3
32 0
36 1
37 0
39 0
4
0 0 0 4
0 20 3 4
0 21 2 1
0 38 1 0
1
end_operator
begin_operator
pour-shaker-to-shot cocktail4 shot9 right shaker1 l2 l1
7
1 8
2 1
3 3
32 0
36 1
37 0
39 0
4
0 0 0 4
0 20 3 4
0 21 2 1
0 38 1 0
1
end_operator
begin_operator
pour-shaker-to-shot cocktail4 shot9 right shaker1 l2 l1
7
1 9
2 1
3 3
32 0
36 1
37 0
39 0
4
0 0 0 4
0 20 3 4
0 21 2 1
0 38 1 0
1
end_operator
begin_operator
pour-shaker-to-shot cocktail4 shot9 right shaker1 l2 l1
7
1 10
2 1
3 3
32 0
36 1
37 0
39 0
4
0 0 0 4
0 20 3 4
0 21 2 1
0 38 1 0
1
end_operator
begin_operator
pour-shaker-to-shot cocktail4 shot9 right shaker1 l2 l1
5
1 0
2 1
3 3
32 0
36 1
6
0 0 0 4
0 20 3 4
0 21 2 1
0 37 1 0
0 38 1 0
0 39 1 0
1
end_operator
begin_operator
pour-shaker-to-shot cocktail5 shot6 left shaker1 l1 l0
3
1 1
3 4
32 0
3
0 9 0 1
0 17 3 4
0 21 1 0
1
end_operator
begin_operator
pour-shaker-to-shot cocktail5 shot6 left shaker1 l2 l1
3
1 1
3 4
32 0
3
0 9 0 1
0 17 3 4
0 21 2 1
1
end_operator
begin_operator
pour-shaker-to-shot cocktail5 shot6 right shaker1 l1 l0
3
2 1
3 4
32 0
3
0 9 0 1
0 17 3 4
0 21 1 0
1
end_operator
begin_operator
pour-shaker-to-shot cocktail5 shot6 right shaker1 l2 l1
3
2 1
3 4
32 0
3
0 9 0 1
0 17 3 4
0 21 2 1
1
end_operator
begin_operator
pour-shaker-to-shot cocktail5 shot8 left shaker1 l1 l0
3
1 1
3 4
32 0
3
0 11 0 1
0 19 3 4
0 21 1 0
1
end_operator
begin_operator
pour-shaker-to-shot cocktail5 shot8 left shaker1 l2 l1
3
1 1
3 4
32 0
3
0 11 0 1
0 19 3 4
0 21 2 1
1
end_operator
begin_operator
pour-shaker-to-shot cocktail5 shot8 right shaker1 l1 l0
3
2 1
3 4
32 0
3
0 11 0 1
0 19 3 4
0 21 1 0
1
end_operator
begin_operator
pour-shaker-to-shot cocktail5 shot8 right shaker1 l2 l1
3
2 1
3 4
32 0
3
0 11 0 1
0 19 3 4
0 21 2 1
1
end_operator
begin_operator
pour-shaker-to-shot cocktail5 shot9 left shaker1 l1 l0
4
1 1
3 4
32 0
36 1
4
0 0 0 5
0 20 3 4
0 21 1 0
0 38 1 0
1
end_operator
begin_operator
pour-shaker-to-shot cocktail5 shot9 left shaker1 l2 l1
4
1 1
3 4
32 0
36 1
4
0 0 0 5
0 20 3 4
0 21 2 1
0 38 1 0
1
end_operator
begin_operator
pour-shaker-to-shot cocktail5 shot9 right shaker1 l1 l0
7
1 2
2 1
3 4
32 0
36 1
37 0
39 0
4
0 0 0 5
0 20 3 4
0 21 1 0
0 38 1 0
1
end_operator
begin_operator
pour-shaker-to-shot cocktail5 shot9 right shaker1 l1 l0
7
1 3
2 1
3 4
32 0
36 1
37 0
39 0
4
0 0 0 5
0 20 3 4
0 21 1 0
0 38 1 0
1
end_operator
begin_operator
pour-shaker-to-shot cocktail5 shot9 right shaker1 l1 l0
7
1 4
2 1
3 4
32 0
36 1
37 0
39 0
4
0 0 0 5
0 20 3 4
0 21 1 0
0 38 1 0
1
end_operator
begin_operator
pour-shaker-to-shot cocktail5 shot9 right shaker1 l1 l0
7
1 5
2 1
3 4
32 0
36 1
37 0
39 0
4
0 0 0 5
0 20 3 4
0 21 1 0
0 38 1 0
1
end_operator
begin_operator
pour-shaker-to-shot cocktail5 shot9 right shaker1 l1 l0
7
1 6
2 1
3 4
32 0
36 1
37 0
39 0
4
0 0 0 5
0 20 3 4
0 21 1 0
0 38 1 0
1
end_operator
begin_operator
pour-shaker-to-shot cocktail5 shot9 right shaker1 l1 l0
7
1 7
2 1
3 4
32 0
36 1
37 0
39 0
4
0 0 0 5
0 20 3 4
0 21 1 0
0 38 1 0
1
end_operator
begin_operator
pour-shaker-to-shot cocktail5 shot9 right shaker1 l1 l0
7
1 8
2 1
3 4
32 0
36 1
37 0
39 0
4
0 0 0 5
0 20 3 4
0 21 1 0
0 38 1 0
1
end_operator
begin_operator
pour-shaker-to-shot cocktail5 shot9 right shaker1 l1 l0
7
1 9
2 1
3 4
32 0
36 1
37 0
39 0
4
0 0 0 5
0 20 3 4
0 21 1 0
0 38 1 0
1
end_operator
begin_operator
pour-shaker-to-shot cocktail5 shot9 right shaker1 l1 l0
7
1 10
2 1
3 4
32 0
36 1
37 0
39 0
4
0 0 0 5
0 20 3 4
0 21 1 0
0 38 1 0
1
end_operator
begin_operator
pour-shaker-to-shot cocktail5 shot9 right shaker1 l1 l0
5
1 0
2 1
3 4
32 0
36 1
6
0 0 0 5
0 20 3 4
0 21 1 0
0 37 1 0
0 38 1 0
0 39 1 0
1
end_operator
begin_operator
pour-shaker-to-shot cocktail5 shot9 right shaker1 l2 l1
7
1 2
2 1
3 4
32 0
36 1
37 0
39 0
4
0 0 0 5
0 20 3 4
0 21 2 1
0 38 1 0
1
end_operator
begin_operator
pour-shaker-to-shot cocktail5 shot9 right shaker1 l2 l1
7
1 3
2 1
3 4
32 0
36 1
37 0
39 0
4
0 0 0 5
0 20 3 4
0 21 2 1
0 38 1 0
1
end_operator
begin_operator
pour-shaker-to-shot cocktail5 shot9 right shaker1 l2 l1
7
1 4
2 1
3 4
32 0
36 1
37 0
39 0
4
0 0 0 5
0 20 3 4
0 21 2 1
0 38 1 0
1
end_operator
begin_operator
pour-shaker-to-shot cocktail5 shot9 right shaker1 l2 l1
7
1 5
2 1
3 4
32 0
36 1
37 0
39 0
4
0 0 0 5
0 20 3 4
0 21 2 1
0 38 1 0
1
end_operator
begin_operator
pour-shaker-to-shot cocktail5 shot9 right shaker1 l2 l1
7
1 6
2 1
3 4
32 0
36 1
37 0
39 0
4
0 0 0 5
0 20 3 4
0 21 2 1
0 38 1 0
1
end_operator
begin_operator
pour-shaker-to-shot cocktail5 shot9 right shaker1 l2 l1
7
1 7
2 1
3 4
32 0
36 1
37 0
39 0
4
0 0 0 5
0 20 3 4
0 21 2 1
0 38 1 0
1
end_operator
begin_operator
pour-shaker-to-shot cocktail5 shot9 right shaker1 l2 l1
7
1 8
2 1
3 4
32 0
36 1
37 0
39 0
4
0 0 0 5
0 20 3 4
0 21 2 1
0 38 1 0
1
end_operator
begin_operator
pour-shaker-to-shot cocktail5 shot9 right shaker1 l2 l1
7
1 9
2 1
3 4
32 0
36 1
37 0
39 0
4
0 0 0 5
0 20 3 4
0 21 2 1
0 38 1 0
1
end_operator
begin_operator
pour-shaker-to-shot cocktail5 shot9 right shaker1 l2 l1
7
1 10
2 1
3 4
32 0
36 1
37 0
39 0
4
0 0 0 5
0 20 3 4
0 21 2 1
0 38 1 0
1
end_operator
begin_operator
pour-shaker-to-shot cocktail5 shot9 right shaker1 l2 l1
5
1 0
2 1
3 4
32 0
36 1
6
0 0 0 5
0 20 3 4
0 21 2 1
0 37 1 0
0 38 1 0
0 39 1 0
1
end_operator
begin_operator
pour-shaker-to-shot cocktail6 shot2 left shaker1 l1 l0
3
1 1
3 5
32 0
3
0 5 0 1
0 13 3 4
0 21 1 0
1
end_operator
begin_operator
pour-shaker-to-shot cocktail6 shot2 left shaker1 l2 l1
3
1 1
3 5
32 0
3
0 5 0 1
0 13 3 4
0 21 2 1
1
end_operator
begin_operator
pour-shaker-to-shot cocktail6 shot2 right shaker1 l1 l0
3
2 1
3 5
32 0
3
0 5 0 1
0 13 3 4
0 21 1 0
1
end_operator
begin_operator
pour-shaker-to-shot cocktail6 shot2 right shaker1 l2 l1
3
2 1
3 5
32 0
3
0 5 0 1
0 13 3 4
0 21 2 1
1
end_operator
begin_operator
pour-shaker-to-shot cocktail6 shot9 left shaker1 l1 l0
5
1 1
3 5
32 0
36 0
38 0
3
0 0 0 6
0 20 3 4
0 21 1 0
1
end_operator
begin_operator
pour-shaker-to-shot cocktail6 shot9 left shaker1 l1 l0
4
1 1
3 5
32 0
36 1
4
0 0 0 6
0 20 3 4
0 21 1 0
0 38 1 0
1
end_operator
begin_operator
pour-shaker-to-shot cocktail6 shot9 left shaker1 l2 l1
5
1 1
3 5
32 0
36 0
38 0
3
0 0 0 6
0 20 3 4
0 21 2 1
1
end_operator
begin_operator
pour-shaker-to-shot cocktail6 shot9 left shaker1 l2 l1
4
1 1
3 5
32 0
36 1
4
0 0 0 6
0 20 3 4
0 21 2 1
0 38 1 0
1
end_operator
begin_operator
pour-shaker-to-shot cocktail6 shot9 right shaker1 l1 l0
8
1 2
2 1
3 5
32 0
36 0
37 0
38 0
39 0
3
0 0 0 6
0 20 3 4
0 21 1 0
1
end_operator
begin_operator
pour-shaker-to-shot cocktail6 shot9 right shaker1 l1 l0
8
1 3
2 1
3 5
32 0
36 0
37 0
38 0
39 0
3
0 0 0 6
0 20 3 4
0 21 1 0
1
end_operator
begin_operator
pour-shaker-to-shot cocktail6 shot9 right shaker1 l1 l0
8
1 4
2 1
3 5
32 0
36 0
37 0
38 0
39 0
3
0 0 0 6
0 20 3 4
0 21 1 0
1
end_operator
begin_operator
pour-shaker-to-shot cocktail6 shot9 right shaker1 l1 l0
8
1 5
2 1
3 5
32 0
36 0
37 0
38 0
39 0
3
0 0 0 6
0 20 3 4
0 21 1 0
1
end_operator
begin_operator
pour-shaker-to-shot cocktail6 shot9 right shaker1 l1 l0
8
1 6
2 1
3 5
32 0
36 0
37 0
38 0
39 0
3
0 0 0 6
0 20 3 4
0 21 1 0
1
end_operator
begin_operator
pour-shaker-to-shot cocktail6 shot9 right shaker1 l1 l0
8
1 7
2 1
3 5
32 0
36 0
37 0
38 0
39 0
3
0 0 0 6
0 20 3 4
0 21 1 0
1
end_operator
begin_operator
pour-shaker-to-shot cocktail6 shot9 right shaker1 l1 l0
8
1 8
2 1
3 5
32 0
36 0
37 0
38 0
39 0
3
0 0 0 6
0 20 3 4
0 21 1 0
1
end_operator
begin_operator
pour-shaker-to-shot cocktail6 shot9 right shaker1 l1 l0
8
1 9
2 1
3 5
32 0
36 0
37 0
38 0
39 0
3
0 0 0 6
0 20 3 4
0 21 1 0
1
end_operator
begin_operator
pour-shaker-to-shot cocktail6 shot9 right shaker1 l1 l0
8
1 10
2 1
3 5
32 0
36 0
37 0
38 0
39 0
3
0 0 0 6
0 20 3 4
0 21 1 0
1
end_operator
begin_operator
pour-shaker-to-shot cocktail6 shot9 right shaker1 l1 l0
7
1 2
2 1
3 5
32 0
36 1
37 0
39 0
4
0 0 0 6
0 20 3 4
0 21 1 0
0 38 1 0
1
end_operator
begin_operator
pour-shaker-to-shot cocktail6 shot9 right shaker1 l1 l0
7
1 3
2 1
3 5
32 0
36 1
37 0
39 0
4
0 0 0 6
0 20 3 4
0 21 1 0
0 38 1 0
1
end_operator
begin_operator
pour-shaker-to-shot cocktail6 shot9 right shaker1 l1 l0
7
1 4
2 1
3 5
32 0
36 1
37 0
39 0
4
0 0 0 6
0 20 3 4
0 21 1 0
0 38 1 0
1
end_operator
begin_operator
pour-shaker-to-shot cocktail6 shot9 right shaker1 l1 l0
7
1 5
2 1
3 5
32 0
36 1
37 0
39 0
4
0 0 0 6
0 20 3 4
0 21 1 0
0 38 1 0
1
end_operator
begin_operator
pour-shaker-to-shot cocktail6 shot9 right shaker1 l1 l0
7
1 6
2 1
3 5
32 0
36 1
37 0
39 0
4
0 0 0 6
0 20 3 4
0 21 1 0
0 38 1 0
1
end_operator
begin_operator
pour-shaker-to-shot cocktail6 shot9 right shaker1 l1 l0
7
1 7
2 1
3 5
32 0
36 1
37 0
39 0
4
0 0 0 6
0 20 3 4
0 21 1 0
0 38 1 0
1
end_operator
begin_operator
pour-shaker-to-shot cocktail6 shot9 right shaker1 l1 l0
7
1 8
2 1
3 5
32 0
36 1
37 0
39 0
4
0 0 0 6
0 20 3 4
0 21 1 0
0 38 1 0
1
end_operator
begin_operator
pour-shaker-to-shot cocktail6 shot9 right shaker1 l1 l0
7
1 9
2 1
3 5
32 0
36 1
37 0
39 0
4
0 0 0 6
0 20 3 4
0 21 1 0
0 38 1 0
1
end_operator
begin_operator
pour-shaker-to-shot cocktail6 shot9 right shaker1 l1 l0
7
1 10
2 1
3 5
32 0
36 1
37 0
39 0
4
0 0 0 6
0 20 3 4
0 21 1 0
0 38 1 0
1
end_operator
begin_operator
pour-shaker-to-shot cocktail6 shot9 right shaker1 l1 l0
7
1 0
2 1
3 5
32 0
36 0
38 0
39 0
4
0 0 0 6
0 20 3 4
0 21 1 0
0 37 1 0
1
end_operator
begin_operator
pour-shaker-to-shot cocktail6 shot9 right shaker1 l1 l0
5
1 0
2 1
3 5
32 0
36 1
6
0 0 0 6
0 20 3 4
0 21 1 0
0 37 1 0
0 38 1 0
0 39 1 0
1
end_operator
begin_operator
pour-shaker-to-shot cocktail6 shot9 right shaker1 l2 l1
8
1 2
2 1
3 5
32 0
36 0
37 0
38 0
39 0
3
0 0 0 6
0 20 3 4
0 21 2 1
1
end_operator
begin_operator
pour-shaker-to-shot cocktail6 shot9 right shaker1 l2 l1
8
1 3
2 1
3 5
32 0
36 0
37 0
38 0
39 0
3
0 0 0 6
0 20 3 4
0 21 2 1
1
end_operator
begin_operator
pour-shaker-to-shot cocktail6 shot9 right shaker1 l2 l1
8
1 4
2 1
3 5
32 0
36 0
37 0
38 0
39 0
3
0 0 0 6
0 20 3 4
0 21 2 1
1
end_operator
begin_operator
pour-shaker-to-shot cocktail6 shot9 right shaker1 l2 l1
8
1 5
2 1
3 5
32 0
36 0
37 0
38 0
39 0
3
0 0 0 6
0 20 3 4
0 21 2 1
1
end_operator
begin_operator
pour-shaker-to-shot cocktail6 shot9 right shaker1 l2 l1
8
1 6
2 1
3 5
32 0
36 0
37 0
38 0
39 0
3
0 0 0 6
0 20 3 4
0 21 2 1
1
end_operator
begin_operator
pour-shaker-to-shot cocktail6 shot9 right shaker1 l2 l1
8
1 7
2 1
3 5
32 0
36 0
37 0
38 0
39 0
3
0 0 0 6
0 20 3 4
0 21 2 1
1
end_operator
begin_operator
pour-shaker-to-shot cocktail6 shot9 right shaker1 l2 l1
8
1 8
2 1
3 5
32 0
36 0
37 0
38 0
39 0
3
0 0 0 6
0 20 3 4
0 21 2 1
1
end_operator
begin_operator
pour-shaker-to-shot cocktail6 shot9 right shaker1 l2 l1
8
1 9
2 1
3 5
32 0
36 0
37 0
38 0
39 0
3
0 0 0 6
0 20 3 4
0 21 2 1
1
end_operator
begin_operator
pour-shaker-to-shot cocktail6 shot9 right shaker1 l2 l1
8
1 10
2 1
3 5
32 0
36 0
37 0
38 0
39 0
3
0 0 0 6
0 20 3 4
0 21 2 1
1
end_operator
begin_operator
pour-shaker-to-shot cocktail6 shot9 right shaker1 l2 l1
7
1 2
2 1
3 5
32 0
36 1
37 0
39 0
4
0 0 0 6
0 20 3 4
0 21 2 1
0 38 1 0
1
end_operator
begin_operator
pour-shaker-to-shot cocktail6 shot9 right shaker1 l2 l1
7
1 3
2 1
3 5
32 0
36 1
37 0
39 0
4
0 0 0 6
0 20 3 4
0 21 2 1
0 38 1 0
1
end_operator
begin_operator
pour-shaker-to-shot cocktail6 shot9 right shaker1 l2 l1
7
1 4
2 1
3 5
32 0
36 1
37 0
39 0
4
0 0 0 6
0 20 3 4
0 21 2 1
0 38 1 0
1
end_operator
begin_operator
pour-shaker-to-shot cocktail6 shot9 right shaker1 l2 l1
7
1 5
2 1
3 5
32 0
36 1
37 0
39 0
4
0 0 0 6
0 20 3 4
0 21 2 1
0 38 1 0
1
end_operator
begin_operator
pour-shaker-to-shot cocktail6 shot9 right shaker1 l2 l1
7
1 6
2 1
3 5
32 0
36 1
37 0
39 0
4
0 0 0 6
0 20 3 4
0 21 2 1
0 38 1 0
1
end_operator
begin_operator
pour-shaker-to-shot cocktail6 shot9 right shaker1 l2 l1
7
1 7
2 1
3 5
32 0
36 1
37 0
39 0
4
0 0 0 6
0 20 3 4
0 21 2 1
0 38 1 0
1
end_operator
begin_operator
pour-shaker-to-shot cocktail6 shot9 right shaker1 l2 l1
7
1 8
2 1
3 5
32 0
36 1
37 0
39 0
4
0 0 0 6
0 20 3 4
0 21 2 1
0 38 1 0
1
end_operator
begin_operator
pour-shaker-to-shot cocktail6 shot9 right shaker1 l2 l1
7
1 9
2 1
3 5
32 0
36 1
37 0
39 0
4
0 0 0 6
0 20 3 4
0 21 2 1
0 38 1 0
1
end_operator
begin_operator
pour-shaker-to-shot cocktail6 shot9 right shaker1 l2 l1
7
1 10
2 1
3 5
32 0
36 1
37 0
39 0
4
0 0 0 6
0 20 3 4
0 21 2 1
0 38 1 0
1
end_operator
begin_operator
pour-shaker-to-shot cocktail6 shot9 right shaker1 l2 l1
7
1 0
2 1
3 5
32 0
36 0
38 0
39 0
4
0 0 0 6
0 20 3 4
0 21 2 1
0 37 1 0
1
end_operator
begin_operator
pour-shaker-to-shot cocktail6 shot9 right shaker1 l2 l1
5
1 0
2 1
3 5
32 0
36 1
6
0 0 0 6
0 20 3 4
0 21 2 1
0 37 1 0
0 38 1 0
0 39 1 0
1
end_operator
begin_operator
pour-shaker-to-shot cocktail7 shot4 left shaker1 l1 l0
3
1 1
3 6
32 0
3
0 7 0 1
0 15 3 4
0 21 1 0
1
end_operator
begin_operator
pour-shaker-to-shot cocktail7 shot4 left shaker1 l2 l1
3
1 1
3 6
32 0
3
0 7 0 1
0 15 3 4
0 21 2 1
1
end_operator
begin_operator
pour-shaker-to-shot cocktail7 shot4 right shaker1 l1 l0
3
2 1
3 6
32 0
3
0 7 0 1
0 15 3 4
0 21 1 0
1
end_operator
begin_operator
pour-shaker-to-shot cocktail7 shot4 right shaker1 l2 l1
3
2 1
3 6
32 0
3
0 7 0 1
0 15 3 4
0 21 2 1
1
end_operator
begin_operator
pour-shaker-to-shot cocktail7 shot9 left shaker1 l1 l0
5
1 1
3 6
32 0
36 0
38 0
3
0 0 0 7
0 20 3 4
0 21 1 0
1
end_operator
begin_operator
pour-shaker-to-shot cocktail7 shot9 left shaker1 l1 l0
4
1 1
3 6
32 0
36 1
4
0 0 0 7
0 20 3 4
0 21 1 0
0 38 1 0
1
end_operator
begin_operator
pour-shaker-to-shot cocktail7 shot9 left shaker1 l2 l1
5
1 1
3 6
32 0
36 0
38 0
3
0 0 0 7
0 20 3 4
0 21 2 1
1
end_operator
begin_operator
pour-shaker-to-shot cocktail7 shot9 left shaker1 l2 l1
4
1 1
3 6
32 0
36 1
4
0 0 0 7
0 20 3 4
0 21 2 1
0 38 1 0
1
end_operator
begin_operator
pour-shaker-to-shot cocktail7 shot9 right shaker1 l1 l0
8
1 2
2 1
3 6
32 0
36 0
37 0
38 0
39 0
3
0 0 0 7
0 20 3 4
0 21 1 0
1
end_operator
begin_operator
pour-shaker-to-shot cocktail7 shot9 right shaker1 l1 l0
8
1 3
2 1
3 6
32 0
36 0
37 0
38 0
39 0
3
0 0 0 7
0 20 3 4
0 21 1 0
1
end_operator
begin_operator
pour-shaker-to-shot cocktail7 shot9 right shaker1 l1 l0
8
1 4
2 1
3 6
32 0
36 0
37 0
38 0
39 0
3
0 0 0 7
0 20 3 4
0 21 1 0
1
end_operator
begin_operator
pour-shaker-to-shot cocktail7 shot9 right shaker1 l1 l0
8
1 5
2 1
3 6
32 0
36 0
37 0
38 0
39 0
3
0 0 0 7
0 20 3 4
0 21 1 0
1
end_operator
begin_operator
pour-shaker-to-shot cocktail7 shot9 right shaker1 l1 l0
8
1 6
2 1
3 6
32 0
36 0
37 0
38 0
39 0
3
0 0 0 7
0 20 3 4
0 21 1 0
1
end_operator
begin_operator
pour-shaker-to-shot cocktail7 shot9 right shaker1 l1 l0
8
1 7
2 1
3 6
32 0
36 0
37 0
38 0
39 0
3
0 0 0 7
0 20 3 4
0 21 1 0
1
end_operator
begin_operator
pour-shaker-to-shot cocktail7 shot9 right shaker1 l1 l0
8
1 8
2 1
3 6
32 0
36 0
37 0
38 0
39 0
3
0 0 0 7
0 20 3 4
0 21 1 0
1
end_operator
begin_operator
pour-shaker-to-shot cocktail7 shot9 right shaker1 l1 l0
8
1 9
2 1
3 6
32 0
36 0
37 0
38 0
39 0
3
0 0 0 7
0 20 3 4
0 21 1 0
1
end_operator
begin_operator
pour-shaker-to-shot cocktail7 shot9 right shaker1 l1 l0
8
1 10
2 1
3 6
32 0
36 0
37 0
38 0
39 0
3
0 0 0 7
0 20 3 4
0 21 1 0
1
end_operator
begin_operator
pour-shaker-to-shot cocktail7 shot9 right shaker1 l1 l0
7
1 2
2 1
3 6
32 0
36 1
37 0
39 0
4
0 0 0 7
0 20 3 4
0 21 1 0
0 38 1 0
1
end_operator
begin_operator
pour-shaker-to-shot cocktail7 shot9 right shaker1 l1 l0
7
1 3
2 1
3 6
32 0
36 1
37 0
39 0
4
0 0 0 7
0 20 3 4
0 21 1 0
0 38 1 0
1
end_operator
begin_operator
pour-shaker-to-shot cocktail7 shot9 right shaker1 l1 l0
7
1 4
2 1
3 6
32 0
36 1
37 0
39 0
4
0 0 0 7
0 20 3 4
0 21 1 0
0 38 1 0
1
end_operator
begin_operator
pour-shaker-to-shot cocktail7 shot9 right shaker1 l1 l0
7
1 5
2 1
3 6
32 0
36 1
37 0
39 0
4
0 0 0 7
0 20 3 4
0 21 1 0
0 38 1 0
1
end_operator
begin_operator
pour-shaker-to-shot cocktail7 shot9 right shaker1 l1 l0
7
1 6
2 1
3 6
32 0
36 1
37 0
39 0
4
0 0 0 7
0 20 3 4
0 21 1 0
0 38 1 0
1
end_operator
begin_operator
pour-shaker-to-shot cocktail7 shot9 right shaker1 l1 l0
7
1 7
2 1
3 6
32 0
36 1
37 0
39 0
4
0 0 0 7
0 20 3 4
0 21 1 0
0 38 1 0
1
end_operator
begin_operator
pour-shaker-to-shot cocktail7 shot9 right shaker1 l1 l0
7
1 8
2 1
3 6
32 0
36 1
37 0
39 0
4
0 0 0 7
0 20 3 4
0 21 1 0
0 38 1 0
1
end_operator
begin_operator
pour-shaker-to-shot cocktail7 shot9 right shaker1 l1 l0
7
1 9
2 1
3 6
32 0
36 1
37 0
39 0
4
0 0 0 7
0 20 3 4
0 21 1 0
0 38 1 0
1
end_operator
begin_operator
pour-shaker-to-shot cocktail7 shot9 right shaker1 l1 l0
7
1 10
2 1
3 6
32 0
36 1
37 0
39 0
4
0 0 0 7
0 20 3 4
0 21 1 0
0 38 1 0
1
end_operator
begin_operator
pour-shaker-to-shot cocktail7 shot9 right shaker1 l1 l0
7
1 0
2 1
3 6
32 0
36 0
38 0
39 0
4
0 0 0 7
0 20 3 4
0 21 1 0
0 37 1 0
1
end_operator
begin_operator
pour-shaker-to-shot cocktail7 shot9 right shaker1 l1 l0
5
1 0
2 1
3 6
32 0
36 1
6
0 0 0 7
0 20 3 4
0 21 1 0
0 37 1 0
0 38 1 0
0 39 1 0
1
end_operator
begin_operator
pour-shaker-to-shot cocktail7 shot9 right shaker1 l2 l1
8
1 2
2 1
3 6
32 0
36 0
37 0
38 0
39 0
3
0 0 0 7
0 20 3 4
0 21 2 1
1
end_operator
begin_operator
pour-shaker-to-shot cocktail7 shot9 right shaker1 l2 l1
8
1 3
2 1
3 6
32 0
36 0
37 0
38 0
39 0
3
0 0 0 7
0 20 3 4
0 21 2 1
1
end_operator
begin_operator
pour-shaker-to-shot cocktail7 shot9 right shaker1 l2 l1
8
1 4
2 1
3 6
32 0
36 0
37 0
38 0
39 0
3
0 0 0 7
0 20 3 4
0 21 2 1
1
end_operator
begin_operator
pour-shaker-to-shot cocktail7 shot9 right shaker1 l2 l1
8
1 5
2 1
3 6
32 0
36 0
37 0
38 0
39 0
3
0 0 0 7
0 20 3 4
0 21 2 1
1
end_operator
begin_operator
pour-shaker-to-shot cocktail7 shot9 right shaker1 l2 l1
8
1 6
2 1
3 6
32 0
36 0
37 0
38 0
39 0
3
0 0 0 7
0 20 3 4
0 21 2 1
1
end_operator
begin_operator
pour-shaker-to-shot cocktail7 shot9 right shaker1 l2 l1
8
1 7
2 1
3 6
32 0
36 0
37 0
38 0
39 0
3
0 0 0 7
0 20 3 4
0 21 2 1
1
end_operator
begin_operator
pour-shaker-to-shot cocktail7 shot9 right shaker1 l2 l1
8
1 8
2 1
3 6
32 0
36 0
37 0
38 0
39 0
3
0 0 0 7
0 20 3 4
0 21 2 1
1
end_operator
begin_operator
pour-shaker-to-shot cocktail7 shot9 right shaker1 l2 l1
8
1 9
2 1
3 6
32 0
36 0
37 0
38 0
39 0
3
0 0 0 7
0 20 3 4
0 21 2 1
1
end_operator
begin_operator
pour-shaker-to-shot cocktail7 shot9 right shaker1 l2 l1
8
1 10
2 1
3 6
32 0
36 0
37 0
38 0
39 0
3
0 0 0 7
0 20 3 4
0 21 2 1
1
end_operator
begin_operator
pour-shaker-to-shot cocktail7 shot9 right shaker1 l2 l1
7
1 2
2 1
3 6
32 0
36 1
37 0
39 0
4
0 0 0 7
0 20 3 4
0 21 2 1
0 38 1 0
1
end_operator
begin_operator
pour-shaker-to-shot cocktail7 shot9 right shaker1 l2 l1
7
1 3
2 1
3 6
32 0
36 1
37 0
39 0
4
0 0 0 7
0 20 3 4
0 21 2 1
0 38 1 0
1
end_operator
begin_operator
pour-shaker-to-shot cocktail7 shot9 right shaker1 l2 l1
7
1 4
2 1
3 6
32 0
36 1
37 0
39 0
4
0 0 0 7
0 20 3 4
0 21 2 1
0 38 1 0
1
end_operator
begin_operator
pour-shaker-to-shot cocktail7 shot9 right shaker1 l2 l1
7
1 5
2 1
3 6
32 0
36 1
37 0
39 0
4
0 0 0 7
0 20 3 4
0 21 2 1
0 38 1 0
1
end_operator
begin_operator
pour-shaker-to-shot cocktail7 shot9 right shaker1 l2 l1
7
1 6
2 1
3 6
32 0
36 1
37 0
39 0
4
0 0 0 7
0 20 3 4
0 21 2 1
0 38 1 0
1
end_operator
begin_operator
pour-shaker-to-shot cocktail7 shot9 right shaker1 l2 l1
7
1 7
2 1
3 6
32 0
36 1
37 0
39 0
4
0 0 0 7
0 20 3 4
0 21 2 1
0 38 1 0
1
end_operator
begin_operator
pour-shaker-to-shot cocktail7 shot9 right shaker1 l2 l1
7
1 8
2 1
3 6
32 0
36 1
37 0
39 0
4
0 0 0 7
0 20 3 4
0 21 2 1
0 38 1 0
1
end_operator
begin_operator
pour-shaker-to-shot cocktail7 shot9 right shaker1 l2 l1
7
1 9
2 1
3 6
32 0
36 1
37 0
39 0
4
0 0 0 7
0 20 3 4
0 21 2 1
0 38 1 0
1
end_operator
begin_operator
pour-shaker-to-shot cocktail7 shot9 right shaker1 l2 l1
7
1 10
2 1
3 6
32 0
36 1
37 0
39 0
4
0 0 0 7
0 20 3 4
0 21 2 1
0 38 1 0
1
end_operator
begin_operator
pour-shaker-to-shot cocktail7 shot9 right shaker1 l2 l1
7
1 0
2 1
3 6
32 0
36 0
38 0
39 0
4
0 0 0 7
0 20 3 4
0 21 2 1
0 37 1 0
1
end_operator
begin_operator
pour-shaker-to-shot cocktail7 shot9 right shaker1 l2 l1
5
1 0
2 1
3 6
32 0
36 1
6
0 0 0 7
0 20 3 4
0 21 2 1
0 37 1 0
0 38 1 0
0 39 1 0
1
end_operator
begin_operator
pour-shaker-to-shot ingredient1 shot1 left shaker1 l1 l0
3
1 1
32 0
34 0
3
0 4 0 5
0 12 3 0
0 21 1 0
1
end_operator
begin_operator
pour-shaker-to-shot ingredient1 shot1 left shaker1 l2 l1
3
1 1
32 0
34 0
3
0 4 0 5
0 12 3 0
0 21 2 1
1
end_operator
begin_operator
pour-shaker-to-shot ingredient1 shot1 right shaker1 l1 l0
3
2 1
32 0
34 0
3
0 4 0 5
0 12 3 0
0 21 1 0
1
end_operator
begin_operator
pour-shaker-to-shot ingredient1 shot1 right shaker1 l2 l1
3
2 1
32 0
34 0
3
0 4 0 5
0 12 3 0
0 21 2 1
1
end_operator
begin_operator
pour-shaker-to-shot ingredient1 shot2 left shaker1 l1 l0
3
1 1
32 0
34 0
3
0 5 0 5
0 13 3 0
0 21 1 0
1
end_operator
begin_operator
pour-shaker-to-shot ingredient1 shot2 left shaker1 l2 l1
3
1 1
32 0
34 0
3
0 5 0 5
0 13 3 0
0 21 2 1
1
end_operator
begin_operator
pour-shaker-to-shot ingredient1 shot2 right shaker1 l1 l0
3
2 1
32 0
34 0
3
0 5 0 5
0 13 3 0
0 21 1 0
1
end_operator
begin_operator
pour-shaker-to-shot ingredient1 shot2 right shaker1 l2 l1
3
2 1
32 0
34 0
3
0 5 0 5
0 13 3 0
0 21 2 1
1
end_operator
begin_operator
pour-shaker-to-shot ingredient1 shot3 left shaker1 l1 l0
3
1 1
32 0
34 0
3
0 6 0 5
0 14 3 0
0 21 1 0
1
end_operator
begin_operator
pour-shaker-to-shot ingredient1 shot3 left shaker1 l2 l1
3
1 1
32 0
34 0
3
0 6 0 5
0 14 3 0
0 21 2 1
1
end_operator
begin_operator
pour-shaker-to-shot ingredient1 shot3 right shaker1 l1 l0
3
2 1
32 0
34 0
3
0 6 0 5
0 14 3 0
0 21 1 0
1
end_operator
begin_operator
pour-shaker-to-shot ingredient1 shot3 right shaker1 l2 l1
3
2 1
32 0
34 0
3
0 6 0 5
0 14 3 0
0 21 2 1
1
end_operator
begin_operator
pour-shaker-to-shot ingredient1 shot4 left shaker1 l1 l0
3
1 1
32 0
34 0
3
0 7 0 5
0 15 3 0
0 21 1 0
1
end_operator
begin_operator
pour-shaker-to-shot ingredient1 shot4 left shaker1 l2 l1
3
1 1
32 0
34 0
3
0 7 0 5
0 15 3 0
0 21 2 1
1
end_operator
begin_operator
pour-shaker-to-shot ingredient1 shot4 right shaker1 l1 l0
3
2 1
32 0
34 0
3
0 7 0 5
0 15 3 0
0 21 1 0
1
end_operator
begin_operator
pour-shaker-to-shot ingredient1 shot4 right shaker1 l2 l1
3
2 1
32 0
34 0
3
0 7 0 5
0 15 3 0
0 21 2 1
1
end_operator
begin_operator
pour-shaker-to-shot ingredient1 shot5 left shaker1 l1 l0
3
1 1
32 0
34 0
3
0 8 0 5
0 16 3 0
0 21 1 0
1
end_operator
begin_operator
pour-shaker-to-shot ingredient1 shot5 left shaker1 l2 l1
3
1 1
32 0
34 0
3
0 8 0 5
0 16 3 0
0 21 2 1
1
end_operator
begin_operator
pour-shaker-to-shot ingredient1 shot5 right shaker1 l1 l0
3
2 1
32 0
34 0
3
0 8 0 5
0 16 3 0
0 21 1 0
1
end_operator
begin_operator
pour-shaker-to-shot ingredient1 shot5 right shaker1 l2 l1
3
2 1
32 0
34 0
3
0 8 0 5
0 16 3 0
0 21 2 1
1
end_operator
begin_operator
pour-shaker-to-shot ingredient1 shot6 left shaker1 l1 l0
3
1 1
32 0
34 0
3
0 9 0 5
0 17 3 0
0 21 1 0
1
end_operator
begin_operator
pour-shaker-to-shot ingredient1 shot6 left shaker1 l2 l1
3
1 1
32 0
34 0
3
0 9 0 5
0 17 3 0
0 21 2 1
1
end_operator
begin_operator
pour-shaker-to-shot ingredient1 shot6 right shaker1 l1 l0
3
2 1
32 0
34 0
3
0 9 0 5
0 17 3 0
0 21 1 0
1
end_operator
begin_operator
pour-shaker-to-shot ingredient1 shot6 right shaker1 l2 l1
3
2 1
32 0
34 0
3
0 9 0 5
0 17 3 0
0 21 2 1
1
end_operator
begin_operator
pour-shaker-to-shot ingredient1 shot7 left shaker1 l1 l0
3
1 1
32 0
34 0
3
0 10 0 5
0 18 3 0
0 21 1 0
1
end_operator
begin_operator
pour-shaker-to-shot ingredient1 shot7 left shaker1 l2 l1
3
1 1
32 0
34 0
3
0 10 0 5
0 18 3 0
0 21 2 1
1
end_operator
begin_operator
pour-shaker-to-shot ingredient1 shot7 right shaker1 l1 l0
3
2 1
32 0
34 0
3
0 10 0 5
0 18 3 0
0 21 1 0
1
end_operator
begin_operator
pour-shaker-to-shot ingredient1 shot7 right shaker1 l2 l1
3
2 1
32 0
34 0
3
0 10 0 5
0 18 3 0
0 21 2 1
1
end_operator
begin_operator
pour-shaker-to-shot ingredient1 shot8 left shaker1 l1 l0
3
1 1
32 0
34 0
3
0 11 0 5
0 19 3 0
0 21 1 0
1
end_operator
begin_operator
pour-shaker-to-shot ingredient1 shot8 left shaker1 l2 l1
3
1 1
32 0
34 0
3
0 11 0 5
0 19 3 0
0 21 2 1
1
end_operator
begin_operator
pour-shaker-to-shot ingredient1 shot8 right shaker1 l1 l0
3
2 1
32 0
34 0
3
0 11 0 5
0 19 3 0
0 21 1 0
1
end_operator
begin_operator
pour-shaker-to-shot ingredient1 shot8 right shaker1 l2 l1
3
2 1
32 0
34 0
3
0 11 0 5
0 19 3 0
0 21 2 1
1
end_operator
begin_operator
pour-shaker-to-shot ingredient1 shot9 left shaker1 l1 l0
5
1 1
32 0
34 0
36 0
38 0
3
0 0 0 11
0 20 3 0
0 21 1 0
1
end_operator
begin_operator
pour-shaker-to-shot ingredient1 shot9 left shaker1 l1 l0
4
1 1
32 0
34 0
36 1
4
0 0 0 11
0 20 3 0
0 21 1 0
0 38 1 0
1
end_operator
begin_operator
pour-shaker-to-shot ingredient1 shot9 left shaker1 l2 l1
5
1 1
32 0
34 0
36 0
38 0
3
0 0 0 11
0 20 3 0
0 21 2 1
1
end_operator
begin_operator
pour-shaker-to-shot ingredient1 shot9 left shaker1 l2 l1
4
1 1
32 0
34 0
36 1
4
0 0 0 11
0 20 3 0
0 21 2 1
0 38 1 0
1
end_operator
begin_operator
pour-shaker-to-shot ingredient1 shot9 right shaker1 l1 l0
8
1 2
2 1
32 0
34 0
36 0
37 0
38 0
39 0
3
0 0 0 11
0 20 3 0
0 21 1 0
1
end_operator
begin_operator
pour-shaker-to-shot ingredient1 shot9 right shaker1 l1 l0
8
1 3
2 1
32 0
34 0
36 0
37 0
38 0
39 0
3
0 0 0 11
0 20 3 0
0 21 1 0
1
end_operator
begin_operator
pour-shaker-to-shot ingredient1 shot9 right shaker1 l1 l0
8
1 4
2 1
32 0
34 0
36 0
37 0
38 0
39 0
3
0 0 0 11
0 20 3 0
0 21 1 0
1
end_operator
begin_operator
pour-shaker-to-shot ingredient1 shot9 right shaker1 l1 l0
8
1 5
2 1
32 0
34 0
36 0
37 0
38 0
39 0
3
0 0 0 11
0 20 3 0
0 21 1 0
1
end_operator
begin_operator
pour-shaker-to-shot ingredient1 shot9 right shaker1 l1 l0
8
1 6
2 1
32 0
34 0
36 0
37 0
38 0
39 0
3
0 0 0 11
0 20 3 0
0 21 1 0
1
end_operator
begin_operator
pour-shaker-to-shot ingredient1 shot9 right shaker1 l1 l0
8
1 7
2 1
32 0
34 0
36 0
37 0
38 0
39 0
3
0 0 0 11
0 20 3 0
0 21 1 0
1
end_operator
begin_operator
pour-shaker-to-shot ingredient1 shot9 right shaker1 l1 l0
8
1 8
2 1
32 0
34 0
36 0
37 0
38 0
39 0
3
0 0 0 11
0 20 3 0
0 21 1 0
1
end_operator
begin_operator
pour-shaker-to-shot ingredient1 shot9 right shaker1 l1 l0
8
1 9
2 1
32 0
34 0
36 0
37 0
38 0
39 0
3
0 0 0 11
0 20 3 0
0 21 1 0
1
end_operator
begin_operator
pour-shaker-to-shot ingredient1 shot9 right shaker1 l1 l0
8
1 10
2 1
32 0
34 0
36 0
37 0
38 0
39 0
3
0 0 0 11
0 20 3 0
0 21 1 0
1
end_operator
begin_operator
pour-shaker-to-shot ingredient1 shot9 right shaker1 l1 l0
7
1 2
2 1
32 0
34 0
36 1
37 0
39 0
4
0 0 0 11
0 20 3 0
0 21 1 0
0 38 1 0
1
end_operator
begin_operator
pour-shaker-to-shot ingredient1 shot9 right shaker1 l1 l0
7
1 3
2 1
32 0
34 0
36 1
37 0
39 0
4
0 0 0 11
0 20 3 0
0 21 1 0
0 38 1 0
1
end_operator
begin_operator
pour-shaker-to-shot ingredient1 shot9 right shaker1 l1 l0
7
1 4
2 1
32 0
34 0
36 1
37 0
39 0
4
0 0 0 11
0 20 3 0
0 21 1 0
0 38 1 0
1
end_operator
begin_operator
pour-shaker-to-shot ingredient1 shot9 right shaker1 l1 l0
7
1 5
2 1
32 0
34 0
36 1
37 0
39 0
4
0 0 0 11
0 20 3 0
0 21 1 0
0 38 1 0
1
end_operator
begin_operator
pour-shaker-to-shot ingredient1 shot9 right shaker1 l1 l0
7
1 6
2 1
32 0
34 0
36 1
37 0
39 0
4
0 0 0 11
0 20 3 0
0 21 1 0
0 38 1 0
1
end_operator
begin_operator
pour-shaker-to-shot ingredient1 shot9 right shaker1 l1 l0
7
1 7
2 1
32 0
34 0
36 1
37 0
39 0
4
0 0 0 11
0 20 3 0
0 21 1 0
0 38 1 0
1
end_operator
begin_operator
pour-shaker-to-shot ingredient1 shot9 right shaker1 l1 l0
7
1 8
2 1
32 0
34 0
36 1
37 0
39 0
4
0 0 0 11
0 20 3 0
0 21 1 0
0 38 1 0
1
end_operator
begin_operator
pour-shaker-to-shot ingredient1 shot9 right shaker1 l1 l0
7
1 9
2 1
32 0
34 0
36 1
37 0
39 0
4
0 0 0 11
0 20 3 0
0 21 1 0
0 38 1 0
1
end_operator
begin_operator
pour-shaker-to-shot ingredient1 shot9 right shaker1 l1 l0
7
1 10
2 1
32 0
34 0
36 1
37 0
39 0
4
0 0 0 11
0 20 3 0
0 21 1 0
0 38 1 0
1
end_operator
begin_operator
pour-shaker-to-shot ingredient1 shot9 right shaker1 l1 l0
7
1 0
2 1
32 0
34 0
36 0
38 0
39 0
4
0 0 0 11
0 20 3 0
0 21 1 0
0 37 1 0
1
end_operator
begin_operator
pour-shaker-to-shot ingredient1 shot9 right shaker1 l1 l0
5
1 0
2 1
32 0
34 0
36 1
6
0 0 0 11
0 20 3 0
0 21 1 0
0 37 1 0
0 38 1 0
0 39 1 0
1
end_operator
begin_operator
pour-shaker-to-shot ingredient1 shot9 right shaker1 l2 l1
8
1 2
2 1
32 0
34 0
36 0
37 0
38 0
39 0
3
0 0 0 11
0 20 3 0
0 21 2 1
1
end_operator
begin_operator
pour-shaker-to-shot ingredient1 shot9 right shaker1 l2 l1
8
1 3
2 1
32 0
34 0
36 0
37 0
38 0
39 0
3
0 0 0 11
0 20 3 0
0 21 2 1
1
end_operator
begin_operator
pour-shaker-to-shot ingredient1 shot9 right shaker1 l2 l1
8
1 4
2 1
32 0
34 0
36 0
37 0
38 0
39 0
3
0 0 0 11
0 20 3 0
0 21 2 1
1
end_operator
begin_operator
pour-shaker-to-shot ingredient1 shot9 right shaker1 l2 l1
8
1 5
2 1
32 0
34 0
36 0
37 0
38 0
39 0
3
0 0 0 11
0 20 3 0
0 21 2 1
1
end_operator
begin_operator
pour-shaker-to-shot ingredient1 shot9 right shaker1 l2 l1
8
1 6
2 1
32 0
34 0
36 0
37 0
38 0
39 0
3
0 0 0 11
0 20 3 0
0 21 2 1
1
end_operator
begin_operator
pour-shaker-to-shot ingredient1 shot9 right shaker1 l2 l1
8
1 7
2 1
32 0
34 0
36 0
37 0
38 0
39 0
3
0 0 0 11
0 20 3 0
0 21 2 1
1
end_operator
begin_operator
pour-shaker-to-shot ingredient1 shot9 right shaker1 l2 l1
8
1 8
2 1
32 0
34 0
36 0
37 0
38 0
39 0
3
0 0 0 11
0 20 3 0
0 21 2 1
1
end_operator
begin_operator
pour-shaker-to-shot ingredient1 shot9 right shaker1 l2 l1
8
1 9
2 1
32 0
34 0
36 0
37 0
38 0
39 0
3
0 0 0 11
0 20 3 0
0 21 2 1
1
end_operator
begin_operator
pour-shaker-to-shot ingredient1 shot9 right shaker1 l2 l1
8
1 10
2 1
32 0
34 0
36 0
37 0
38 0
39 0
3
0 0 0 11
0 20 3 0
0 21 2 1
1
end_operator
begin_operator
pour-shaker-to-shot ingredient1 shot9 right shaker1 l2 l1
7
1 2
2 1
32 0
34 0
36 1
37 0
39 0
4
0 0 0 11
0 20 3 0
0 21 2 1
0 38 1 0
1
end_operator
begin_operator
pour-shaker-to-shot ingredient1 shot9 right shaker1 l2 l1
7
1 3
2 1
32 0
34 0
36 1
37 0
39 0
4
0 0 0 11
0 20 3 0
0 21 2 1
0 38 1 0
1
end_operator
begin_operator
pour-shaker-to-shot ingredient1 shot9 right shaker1 l2 l1
7
1 4
2 1
32 0
34 0
36 1
37 0
39 0
4
0 0 0 11
0 20 3 0
0 21 2 1
0 38 1 0
1
end_operator
begin_operator
pour-shaker-to-shot ingredient1 shot9 right shaker1 l2 l1
7
1 5
2 1
32 0
34 0
36 1
37 0
39 0
4
0 0 0 11
0 20 3 0
0 21 2 1
0 38 1 0
1
end_operator
begin_operator
pour-shaker-to-shot ingredient1 shot9 right shaker1 l2 l1
7
1 6
2 1
32 0
34 0
36 1
37 0
39 0
4
0 0 0 11
0 20 3 0
0 21 2 1
0 38 1 0
1
end_operator
begin_operator
pour-shaker-to-shot ingredient1 shot9 right shaker1 l2 l1
7
1 7
2 1
32 0
34 0
36 1
37 0
39 0
4
0 0 0 11
0 20 3 0
0 21 2 1
0 38 1 0
1
end_operator
begin_operator
pour-shaker-to-shot ingredient1 shot9 right shaker1 l2 l1
7
1 8
2 1
32 0
34 0
36 1
37 0
39 0
4
0 0 0 11
0 20 3 0
0 21 2 1
0 38 1 0
1
end_operator
begin_operator
pour-shaker-to-shot ingredient1 shot9 right shaker1 l2 l1
7
1 9
2 1
32 0
34 0
36 1
37 0
39 0
4
0 0 0 11
0 20 3 0
0 21 2 1
0 38 1 0
1
end_operator
begin_operator
pour-shaker-to-shot ingredient1 shot9 right shaker1 l2 l1
7
1 10
2 1
32 0
34 0
36 1
37 0
39 0
4
0 0 0 11
0 20 3 0
0 21 2 1
0 38 1 0
1
end_operator
begin_operator
pour-shaker-to-shot ingredient1 shot9 right shaker1 l2 l1
7
1 0
2 1
32 0
34 0
36 0
38 0
39 0
4
0 0 0 11
0 20 3 0
0 21 2 1
0 37 1 0
1
end_operator
begin_operator
pour-shaker-to-shot ingredient1 shot9 right shaker1 l2 l1
5
1 0
2 1
32 0
34 0
36 1
6
0 0 0 11
0 20 3 0
0 21 2 1
0 37 1 0
0 38 1 0
0 39 1 0
1
end_operator
begin_operator
pour-shaker-to-shot ingredient2 shot1 left shaker1 l1 l0
3
1 1
32 0
35 0
3
0 4 0 5
0 12 3 1
0 21 1 0
1
end_operator
begin_operator
pour-shaker-to-shot ingredient2 shot1 left shaker1 l2 l1
3
1 1
32 0
35 0
3
0 4 0 5
0 12 3 1
0 21 2 1
1
end_operator
begin_operator
pour-shaker-to-shot ingredient2 shot1 right shaker1 l1 l0
3
2 1
32 0
35 0
3
0 4 0 5
0 12 3 1
0 21 1 0
1
end_operator
begin_operator
pour-shaker-to-shot ingredient2 shot1 right shaker1 l2 l1
3
2 1
32 0
35 0
3
0 4 0 5
0 12 3 1
0 21 2 1
1
end_operator
begin_operator
pour-shaker-to-shot ingredient2 shot2 left shaker1 l1 l0
3
1 1
32 0
35 0
3
0 5 0 5
0 13 3 1
0 21 1 0
1
end_operator
begin_operator
pour-shaker-to-shot ingredient2 shot2 left shaker1 l2 l1
3
1 1
32 0
35 0
3
0 5 0 5
0 13 3 1
0 21 2 1
1
end_operator
begin_operator
pour-shaker-to-shot ingredient2 shot2 right shaker1 l1 l0
3
2 1
32 0
35 0
3
0 5 0 5
0 13 3 1
0 21 1 0
1
end_operator
begin_operator
pour-shaker-to-shot ingredient2 shot2 right shaker1 l2 l1
3
2 1
32 0
35 0
3
0 5 0 5
0 13 3 1
0 21 2 1
1
end_operator
begin_operator
pour-shaker-to-shot ingredient2 shot3 left shaker1 l1 l0
3
1 1
32 0
35 0
3
0 6 0 5
0 14 3 1
0 21 1 0
1
end_operator
begin_operator
pour-shaker-to-shot ingredient2 shot3 left shaker1 l2 l1
3
1 1
32 0
35 0
3
0 6 0 5
0 14 3 1
0 21 2 1
1
end_operator
begin_operator
pour-shaker-to-shot ingredient2 shot3 right shaker1 l1 l0
3
2 1
32 0
35 0
3
0 6 0 5
0 14 3 1
0 21 1 0
1
end_operator
begin_operator
pour-shaker-to-shot ingredient2 shot3 right shaker1 l2 l1
3
2 1
32 0
35 0
3
0 6 0 5
0 14 3 1
0 21 2 1
1
end_operator
begin_operator
pour-shaker-to-shot ingredient2 shot4 left shaker1 l1 l0
3
1 1
32 0
35 0
3
0 7 0 5
0 15 3 1
0 21 1 0
1
end_operator
begin_operator
pour-shaker-to-shot ingredient2 shot4 left shaker1 l2 l1
3
1 1
32 0
35 0
3
0 7 0 5
0 15 3 1
0 21 2 1
1
end_operator
begin_operator
pour-shaker-to-shot ingredient2 shot4 right shaker1 l1 l0
3
2 1
32 0
35 0
3
0 7 0 5
0 15 3 1
0 21 1 0
1
end_operator
begin_operator
pour-shaker-to-shot ingredient2 shot4 right shaker1 l2 l1
3
2 1
32 0
35 0
3
0 7 0 5
0 15 3 1
0 21 2 1
1
end_operator
begin_operator
pour-shaker-to-shot ingredient2 shot5 left shaker1 l1 l0
3
1 1
32 0
35 0
3
0 8 0 5
0 16 3 1
0 21 1 0
1
end_operator
begin_operator
pour-shaker-to-shot ingredient2 shot5 left shaker1 l2 l1
3
1 1
32 0
35 0
3
0 8 0 5
0 16 3 1
0 21 2 1
1
end_operator
begin_operator
pour-shaker-to-shot ingredient2 shot5 right shaker1 l1 l0
3
2 1
32 0
35 0
3
0 8 0 5
0 16 3 1
0 21 1 0
1
end_operator
begin_operator
pour-shaker-to-shot ingredient2 shot5 right shaker1 l2 l1
3
2 1
32 0
35 0
3
0 8 0 5
0 16 3 1
0 21 2 1
1
end_operator
begin_operator
pour-shaker-to-shot ingredient2 shot6 left shaker1 l1 l0
3
1 1
32 0
35 0
3
0 9 0 5
0 17 3 1
0 21 1 0
1
end_operator
begin_operator
pour-shaker-to-shot ingredient2 shot6 left shaker1 l2 l1
3
1 1
32 0
35 0
3
0 9 0 5
0 17 3 1
0 21 2 1
1
end_operator
begin_operator
pour-shaker-to-shot ingredient2 shot6 right shaker1 l1 l0
3
2 1
32 0
35 0
3
0 9 0 5
0 17 3 1
0 21 1 0
1
end_operator
begin_operator
pour-shaker-to-shot ingredient2 shot6 right shaker1 l2 l1
3
2 1
32 0
35 0
3
0 9 0 5
0 17 3 1
0 21 2 1
1
end_operator
begin_operator
pour-shaker-to-shot ingredient2 shot7 left shaker1 l1 l0
3
1 1
32 0
35 0
3
0 10 0 5
0 18 3 1
0 21 1 0
1
end_operator
begin_operator
pour-shaker-to-shot ingredient2 shot7 left shaker1 l2 l1
3
1 1
32 0
35 0
3
0 10 0 5
0 18 3 1
0 21 2 1
1
end_operator
begin_operator
pour-shaker-to-shot ingredient2 shot7 right shaker1 l1 l0
3
2 1
32 0
35 0
3
0 10 0 5
0 18 3 1
0 21 1 0
1
end_operator
begin_operator
pour-shaker-to-shot ingredient2 shot7 right shaker1 l2 l1
3
2 1
32 0
35 0
3
0 10 0 5
0 18 3 1
0 21 2 1
1
end_operator
begin_operator
pour-shaker-to-shot ingredient2 shot8 left shaker1 l1 l0
3
1 1
32 0
35 0
3
0 11 0 5
0 19 3 1
0 21 1 0
1
end_operator
begin_operator
pour-shaker-to-shot ingredient2 shot8 left shaker1 l2 l1
3
1 1
32 0
35 0
3
0 11 0 5
0 19 3 1
0 21 2 1
1
end_operator
begin_operator
pour-shaker-to-shot ingredient2 shot8 right shaker1 l1 l0
3
2 1
32 0
35 0
3
0 11 0 5
0 19 3 1
0 21 1 0
1
end_operator
begin_operator
pour-shaker-to-shot ingredient2 shot8 right shaker1 l2 l1
3
2 1
32 0
35 0
3
0 11 0 5
0 19 3 1
0 21 2 1
1
end_operator
begin_operator
pour-shaker-to-shot ingredient2 shot9 left shaker1 l1 l0
5
1 1
32 0
35 0
36 0
38 0
3
0 0 0 11
0 20 3 1
0 21 1 0
1
end_operator
begin_operator
pour-shaker-to-shot ingredient2 shot9 left shaker1 l1 l0
4
1 1
32 0
35 0
36 1
4
0 0 0 11
0 20 3 1
0 21 1 0
0 38 1 0
1
end_operator
begin_operator
pour-shaker-to-shot ingredient2 shot9 left shaker1 l2 l1
5
1 1
32 0
35 0
36 0
38 0
3
0 0 0 11
0 20 3 1
0 21 2 1
1
end_operator
begin_operator
pour-shaker-to-shot ingredient2 shot9 left shaker1 l2 l1
4
1 1
32 0
35 0
36 1
4
0 0 0 11
0 20 3 1
0 21 2 1
0 38 1 0
1
end_operator
begin_operator
pour-shaker-to-shot ingredient2 shot9 right shaker1 l1 l0
8
1 2
2 1
32 0
35 0
36 0
37 0
38 0
39 0
3
0 0 0 11
0 20 3 1
0 21 1 0
1
end_operator
begin_operator
pour-shaker-to-shot ingredient2 shot9 right shaker1 l1 l0
8
1 3
2 1
32 0
35 0
36 0
37 0
38 0
39 0
3
0 0 0 11
0 20 3 1
0 21 1 0
1
end_operator
begin_operator
pour-shaker-to-shot ingredient2 shot9 right shaker1 l1 l0
8
1 4
2 1
32 0
35 0
36 0
37 0
38 0
39 0
3
0 0 0 11
0 20 3 1
0 21 1 0
1
end_operator
begin_operator
pour-shaker-to-shot ingredient2 shot9 right shaker1 l1 l0
8
1 5
2 1
32 0
35 0
36 0
37 0
38 0
39 0
3
0 0 0 11
0 20 3 1
0 21 1 0
1
end_operator
begin_operator
pour-shaker-to-shot ingredient2 shot9 right shaker1 l1 l0
8
1 6
2 1
32 0
35 0
36 0
37 0
38 0
39 0
3
0 0 0 11
0 20 3 1
0 21 1 0
1
end_operator
begin_operator
pour-shaker-to-shot ingredient2 shot9 right shaker1 l1 l0
8
1 7
2 1
32 0
35 0
36 0
37 0
38 0
39 0
3
0 0 0 11
0 20 3 1
0 21 1 0
1
end_operator
begin_operator
pour-shaker-to-shot ingredient2 shot9 right shaker1 l1 l0
8
1 8
2 1
32 0
35 0
36 0
37 0
38 0
39 0
3
0 0 0 11
0 20 3 1
0 21 1 0
1
end_operator
begin_operator
pour-shaker-to-shot ingredient2 shot9 right shaker1 l1 l0
8
1 9
2 1
32 0
35 0
36 0
37 0
38 0
39 0
3
0 0 0 11
0 20 3 1
0 21 1 0
1
end_operator
begin_operator
pour-shaker-to-shot ingredient2 shot9 right shaker1 l1 l0
8
1 10
2 1
32 0
35 0
36 0
37 0
38 0
39 0
3
0 0 0 11
0 20 3 1
0 21 1 0
1
end_operator
begin_operator
pour-shaker-to-shot ingredient2 shot9 right shaker1 l1 l0
7
1 2
2 1
32 0
35 0
36 1
37 0
39 0
4
0 0 0 11
0 20 3 1
0 21 1 0
0 38 1 0
1
end_operator
begin_operator
pour-shaker-to-shot ingredient2 shot9 right shaker1 l1 l0
7
1 3
2 1
32 0
35 0
36 1
37 0
39 0
4
0 0 0 11
0 20 3 1
0 21 1 0
0 38 1 0
1
end_operator
begin_operator
pour-shaker-to-shot ingredient2 shot9 right shaker1 l1 l0
7
1 4
2 1
32 0
35 0
36 1
37 0
39 0
4
0 0 0 11
0 20 3 1
0 21 1 0
0 38 1 0
1
end_operator
begin_operator
pour-shaker-to-shot ingredient2 shot9 right shaker1 l1 l0
7
1 5
2 1
32 0
35 0
36 1
37 0
39 0
4
0 0 0 11
0 20 3 1
0 21 1 0
0 38 1 0
1
end_operator
begin_operator
pour-shaker-to-shot ingredient2 shot9 right shaker1 l1 l0
7
1 6
2 1
32 0
35 0
36 1
37 0
39 0
4
0 0 0 11
0 20 3 1
0 21 1 0
0 38 1 0
1
end_operator
begin_operator
pour-shaker-to-shot ingredient2 shot9 right shaker1 l1 l0
7
1 7
2 1
32 0
35 0
36 1
37 0
39 0
4
0 0 0 11
0 20 3 1
0 21 1 0
0 38 1 0
1
end_operator
begin_operator
pour-shaker-to-shot ingredient2 shot9 right shaker1 l1 l0
7
1 8
2 1
32 0
35 0
36 1
37 0
39 0
4
0 0 0 11
0 20 3 1
0 21 1 0
0 38 1 0
1
end_operator
begin_operator
pour-shaker-to-shot ingredient2 shot9 right shaker1 l1 l0
7
1 9
2 1
32 0
35 0
36 1
37 0
39 0
4
0 0 0 11
0 20 3 1
0 21 1 0
0 38 1 0
1
end_operator
begin_operator
pour-shaker-to-shot ingredient2 shot9 right shaker1 l1 l0
7
1 10
2 1
32 0
35 0
36 1
37 0
39 0
4
0 0 0 11
0 20 3 1
0 21 1 0
0 38 1 0
1
end_operator
begin_operator
pour-shaker-to-shot ingredient2 shot9 right shaker1 l1 l0
7
1 0
2 1
32 0
35 0
36 0
38 0
39 0
4
0 0 0 11
0 20 3 1
0 21 1 0
0 37 1 0
1
end_operator
begin_operator
pour-shaker-to-shot ingredient2 shot9 right shaker1 l1 l0
5
1 0
2 1
32 0
35 0
36 1
6
0 0 0 11
0 20 3 1
0 21 1 0
0 37 1 0
0 38 1 0
0 39 1 0
1
end_operator
begin_operator
pour-shaker-to-shot ingredient2 shot9 right shaker1 l2 l1
8
1 2
2 1
32 0
35 0
36 0
37 0
38 0
39 0
3
0 0 0 11
0 20 3 1
0 21 2 1
1
end_operator
begin_operator
pour-shaker-to-shot ingredient2 shot9 right shaker1 l2 l1
8
1 3
2 1
32 0
35 0
36 0
37 0
38 0
39 0
3
0 0 0 11
0 20 3 1
0 21 2 1
1
end_operator
begin_operator
pour-shaker-to-shot ingredient2 shot9 right shaker1 l2 l1
8
1 4
2 1
32 0
35 0
36 0
37 0
38 0
39 0
3
0 0 0 11
0 20 3 1
0 21 2 1
1
end_operator
begin_operator
pour-shaker-to-shot ingredient2 shot9 right shaker1 l2 l1
8
1 5
2 1
32 0
35 0
36 0
37 0
38 0
39 0
3
0 0 0 11
0 20 3 1
0 21 2 1
1
end_operator
begin_operator
pour-shaker-to-shot ingredient2 shot9 right shaker1 l2 l1
8
1 6
2 1
32 0
35 0
36 0
37 0
38 0
39 0
3
0 0 0 11
0 20 3 1
0 21 2 1
1
end_operator
begin_operator
pour-shaker-to-shot ingredient2 shot9 right shaker1 l2 l1
8
1 7
2 1
32 0
35 0
36 0
37 0
38 0
39 0
3
0 0 0 11
0 20 3 1
0 21 2 1
1
end_operator
begin_operator
pour-shaker-to-shot ingredient2 shot9 right shaker1 l2 l1
8
1 8
2 1
32 0
35 0
36 0
37 0
38 0
39 0
3
0 0 0 11
0 20 3 1
0 21 2 1
1
end_operator
begin_operator
pour-shaker-to-shot ingredient2 shot9 right shaker1 l2 l1
8
1 9
2 1
32 0
35 0
36 0
37 0
38 0
39 0
3
0 0 0 11
0 20 3 1
0 21 2 1
1
end_operator
begin_operator
pour-shaker-to-shot ingredient2 shot9 right shaker1 l2 l1
8
1 10
2 1
32 0
35 0
36 0
37 0
38 0
39 0
3
0 0 0 11
0 20 3 1
0 21 2 1
1
end_operator
begin_operator
pour-shaker-to-shot ingredient2 shot9 right shaker1 l2 l1
7
1 2
2 1
32 0
35 0
36 1
37 0
39 0
4
0 0 0 11
0 20 3 1
0 21 2 1
0 38 1 0
1
end_operator
begin_operator
pour-shaker-to-shot ingredient2 shot9 right shaker1 l2 l1
7
1 3
2 1
32 0
35 0
36 1
37 0
39 0
4
0 0 0 11
0 20 3 1
0 21 2 1
0 38 1 0
1
end_operator
begin_operator
pour-shaker-to-shot ingredient2 shot9 right shaker1 l2 l1
7
1 4
2 1
32 0
35 0
36 1
37 0
39 0
4
0 0 0 11
0 20 3 1
0 21 2 1
0 38 1 0
1
end_operator
begin_operator
pour-shaker-to-shot ingredient2 shot9 right shaker1 l2 l1
7
1 5
2 1
32 0
35 0
36 1
37 0
39 0
4
0 0 0 11
0 20 3 1
0 21 2 1
0 38 1 0
1
end_operator
begin_operator
pour-shaker-to-shot ingredient2 shot9 right shaker1 l2 l1
7
1 6
2 1
32 0
35 0
36 1
37 0
39 0
4
0 0 0 11
0 20 3 1
0 21 2 1
0 38 1 0
1
end_operator
begin_operator
pour-shaker-to-shot ingredient2 shot9 right shaker1 l2 l1
7
1 7
2 1
32 0
35 0
36 1
37 0
39 0
4
0 0 0 11
0 20 3 1
0 21 2 1
0 38 1 0
1
end_operator
begin_operator
pour-shaker-to-shot ingredient2 shot9 right shaker1 l2 l1
7
1 8
2 1
32 0
35 0
36 1
37 0
39 0
4
0 0 0 11
0 20 3 1
0 21 2 1
0 38 1 0
1
end_operator
begin_operator
pour-shaker-to-shot ingredient2 shot9 right shaker1 l2 l1
7
1 9
2 1
32 0
35 0
36 1
37 0
39 0
4
0 0 0 11
0 20 3 1
0 21 2 1
0 38 1 0
1
end_operator
begin_operator
pour-shaker-to-shot ingredient2 shot9 right shaker1 l2 l1
7
1 10
2 1
32 0
35 0
36 1
37 0
39 0
4
0 0 0 11
0 20 3 1
0 21 2 1
0 38 1 0
1
end_operator
begin_operator
pour-shaker-to-shot ingredient2 shot9 right shaker1 l2 l1
7
1 0
2 1
32 0
35 0
36 0
38 0
39 0
4
0 0 0 11
0 20 3 1
0 21 2 1
0 37 1 0
1
end_operator
begin_operator
pour-shaker-to-shot ingredient2 shot9 right shaker1 l2 l1
5
1 0
2 1
32 0
35 0
36 1
6
0 0 0 11
0 20 3 1
0 21 2 1
0 37 1 0
0 38 1 0
0 39 1 0
1
end_operator
begin_operator
pour-shaker-to-shot ingredient3 shot1 left shaker1 l1 l0
3
1 1
32 0
36 0
3
0 4 0 5
0 12 3 2
0 21 1 0
1
end_operator
begin_operator
pour-shaker-to-shot ingredient3 shot1 left shaker1 l2 l1
3
1 1
32 0
36 0
3
0 4 0 5
0 12 3 2
0 21 2 1
1
end_operator
begin_operator
pour-shaker-to-shot ingredient3 shot1 right shaker1 l1 l0
3
2 1
32 0
36 0
3
0 4 0 5
0 12 3 2
0 21 1 0
1
end_operator
begin_operator
pour-shaker-to-shot ingredient3 shot1 right shaker1 l2 l1
3
2 1
32 0
36 0
3
0 4 0 5
0 12 3 2
0 21 2 1
1
end_operator
begin_operator
pour-shaker-to-shot ingredient3 shot2 left shaker1 l1 l0
3
1 1
32 0
36 0
3
0 5 0 5
0 13 3 2
0 21 1 0
1
end_operator
begin_operator
pour-shaker-to-shot ingredient3 shot2 left shaker1 l2 l1
3
1 1
32 0
36 0
3
0 5 0 5
0 13 3 2
0 21 2 1
1
end_operator
begin_operator
pour-shaker-to-shot ingredient3 shot2 right shaker1 l1 l0
3
2 1
32 0
36 0
3
0 5 0 5
0 13 3 2
0 21 1 0
1
end_operator
begin_operator
pour-shaker-to-shot ingredient3 shot2 right shaker1 l2 l1
3
2 1
32 0
36 0
3
0 5 0 5
0 13 3 2
0 21 2 1
1
end_operator
begin_operator
pour-shaker-to-shot ingredient3 shot3 left shaker1 l1 l0
3
1 1
32 0
36 0
3
0 6 0 5
0 14 3 2
0 21 1 0
1
end_operator
begin_operator
pour-shaker-to-shot ingredient3 shot3 left shaker1 l2 l1
3
1 1
32 0
36 0
3
0 6 0 5
0 14 3 2
0 21 2 1
1
end_operator
begin_operator
pour-shaker-to-shot ingredient3 shot3 right shaker1 l1 l0
3
2 1
32 0
36 0
3
0 6 0 5
0 14 3 2
0 21 1 0
1
end_operator
begin_operator
pour-shaker-to-shot ingredient3 shot3 right shaker1 l2 l1
3
2 1
32 0
36 0
3
0 6 0 5
0 14 3 2
0 21 2 1
1
end_operator
begin_operator
pour-shaker-to-shot ingredient3 shot4 left shaker1 l1 l0
3
1 1
32 0
36 0
3
0 7 0 5
0 15 3 2
0 21 1 0
1
end_operator
begin_operator
pour-shaker-to-shot ingredient3 shot4 left shaker1 l2 l1
3
1 1
32 0
36 0
3
0 7 0 5
0 15 3 2
0 21 2 1
1
end_operator
begin_operator
pour-shaker-to-shot ingredient3 shot4 right shaker1 l1 l0
3
2 1
32 0
36 0
3
0 7 0 5
0 15 3 2
0 21 1 0
1
end_operator
begin_operator
pour-shaker-to-shot ingredient3 shot4 right shaker1 l2 l1
3
2 1
32 0
36 0
3
0 7 0 5
0 15 3 2
0 21 2 1
1
end_operator
begin_operator
pour-shaker-to-shot ingredient3 shot5 left shaker1 l1 l0
3
1 1
32 0
36 0
3
0 8 0 5
0 16 3 2
0 21 1 0
1
end_operator
begin_operator
pour-shaker-to-shot ingredient3 shot5 left shaker1 l2 l1
3
1 1
32 0
36 0
3
0 8 0 5
0 16 3 2
0 21 2 1
1
end_operator
begin_operator
pour-shaker-to-shot ingredient3 shot5 right shaker1 l1 l0
3
2 1
32 0
36 0
3
0 8 0 5
0 16 3 2
0 21 1 0
1
end_operator
begin_operator
pour-shaker-to-shot ingredient3 shot5 right shaker1 l2 l1
3
2 1
32 0
36 0
3
0 8 0 5
0 16 3 2
0 21 2 1
1
end_operator
begin_operator
pour-shaker-to-shot ingredient3 shot6 left shaker1 l1 l0
3
1 1
32 0
36 0
3
0 9 0 5
0 17 3 2
0 21 1 0
1
end_operator
begin_operator
pour-shaker-to-shot ingredient3 shot6 left shaker1 l2 l1
3
1 1
32 0
36 0
3
0 9 0 5
0 17 3 2
0 21 2 1
1
end_operator
begin_operator
pour-shaker-to-shot ingredient3 shot6 right shaker1 l1 l0
3
2 1
32 0
36 0
3
0 9 0 5
0 17 3 2
0 21 1 0
1
end_operator
begin_operator
pour-shaker-to-shot ingredient3 shot6 right shaker1 l2 l1
3
2 1
32 0
36 0
3
0 9 0 5
0 17 3 2
0 21 2 1
1
end_operator
begin_operator
pour-shaker-to-shot ingredient3 shot7 left shaker1 l1 l0
3
1 1
32 0
36 0
3
0 10 0 5
0 18 3 2
0 21 1 0
1
end_operator
begin_operator
pour-shaker-to-shot ingredient3 shot7 left shaker1 l2 l1
3
1 1
32 0
36 0
3
0 10 0 5
0 18 3 2
0 21 2 1
1
end_operator
begin_operator
pour-shaker-to-shot ingredient3 shot7 right shaker1 l1 l0
3
2 1
32 0
36 0
3
0 10 0 5
0 18 3 2
0 21 1 0
1
end_operator
begin_operator
pour-shaker-to-shot ingredient3 shot7 right shaker1 l2 l1
3
2 1
32 0
36 0
3
0 10 0 5
0 18 3 2
0 21 2 1
1
end_operator
begin_operator
pour-shaker-to-shot ingredient3 shot8 left shaker1 l1 l0
3
1 1
32 0
36 0
3
0 11 0 5
0 19 3 2
0 21 1 0
1
end_operator
begin_operator
pour-shaker-to-shot ingredient3 shot8 left shaker1 l2 l1
3
1 1
32 0
36 0
3
0 11 0 5
0 19 3 2
0 21 2 1
1
end_operator
begin_operator
pour-shaker-to-shot ingredient3 shot8 right shaker1 l1 l0
3
2 1
32 0
36 0
3
0 11 0 5
0 19 3 2
0 21 1 0
1
end_operator
begin_operator
pour-shaker-to-shot ingredient3 shot8 right shaker1 l2 l1
3
2 1
32 0
36 0
3
0 11 0 5
0 19 3 2
0 21 2 1
1
end_operator
begin_operator
pour-shaker-to-shot ingredient3 shot9 left shaker1 l1 l0
3
1 1
32 0
36 0
3
0 0 0 11
0 20 3 2
0 21 1 0
1
end_operator
begin_operator
pour-shaker-to-shot ingredient3 shot9 left shaker1 l2 l1
3
1 1
32 0
36 0
3
0 0 0 11
0 20 3 2
0 21 2 1
1
end_operator
begin_operator
pour-shaker-to-shot ingredient3 shot9 right shaker1 l1 l0
5
1 2
2 1
32 0
36 0
37 0
3
0 0 0 11
0 20 3 2
0 21 1 0
1
end_operator
begin_operator
pour-shaker-to-shot ingredient3 shot9 right shaker1 l1 l0
5
1 3
2 1
32 0
36 0
37 0
3
0 0 0 11
0 20 3 2
0 21 1 0
1
end_operator
begin_operator
pour-shaker-to-shot ingredient3 shot9 right shaker1 l1 l0
5
1 4
2 1
32 0
36 0
37 0
3
0 0 0 11
0 20 3 2
0 21 1 0
1
end_operator
begin_operator
pour-shaker-to-shot ingredient3 shot9 right shaker1 l1 l0
5
1 5
2 1
32 0
36 0
37 0
3
0 0 0 11
0 20 3 2
0 21 1 0
1
end_operator
begin_operator
pour-shaker-to-shot ingredient3 shot9 right shaker1 l1 l0
5
1 6
2 1
32 0
36 0
37 0
3
0 0 0 11
0 20 3 2
0 21 1 0
1
end_operator
begin_operator
pour-shaker-to-shot ingredient3 shot9 right shaker1 l1 l0
5
1 7
2 1
32 0
36 0
37 0
3
0 0 0 11
0 20 3 2
0 21 1 0
1
end_operator
begin_operator
pour-shaker-to-shot ingredient3 shot9 right shaker1 l1 l0
5
1 8
2 1
32 0
36 0
37 0
3
0 0 0 11
0 20 3 2
0 21 1 0
1
end_operator
begin_operator
pour-shaker-to-shot ingredient3 shot9 right shaker1 l1 l0
5
1 9
2 1
32 0
36 0
37 0
3
0 0 0 11
0 20 3 2
0 21 1 0
1
end_operator
begin_operator
pour-shaker-to-shot ingredient3 shot9 right shaker1 l1 l0
5
1 10
2 1
32 0
36 0
37 0
3
0 0 0 11
0 20 3 2
0 21 1 0
1
end_operator
begin_operator
pour-shaker-to-shot ingredient3 shot9 right shaker1 l1 l0
4
1 0
2 1
32 0
36 0
4
0 0 0 11
0 20 3 2
0 21 1 0
0 37 1 0
1
end_operator
begin_operator
pour-shaker-to-shot ingredient3 shot9 right shaker1 l2 l1
5
1 2
2 1
32 0
36 0
37 0
3
0 0 0 11
0 20 3 2
0 21 2 1
1
end_operator
begin_operator
pour-shaker-to-shot ingredient3 shot9 right shaker1 l2 l1
5
1 3
2 1
32 0
36 0
37 0
3
0 0 0 11
0 20 3 2
0 21 2 1
1
end_operator
begin_operator
pour-shaker-to-shot ingredient3 shot9 right shaker1 l2 l1
5
1 4
2 1
32 0
36 0
37 0
3
0 0 0 11
0 20 3 2
0 21 2 1
1
end_operator
begin_operator
pour-shaker-to-shot ingredient3 shot9 right shaker1 l2 l1
5
1 5
2 1
32 0
36 0
37 0
3
0 0 0 11
0 20 3 2
0 21 2 1
1
end_operator
begin_operator
pour-shaker-to-shot ingredient3 shot9 right shaker1 l2 l1
5
1 6
2 1
32 0
36 0
37 0
3
0 0 0 11
0 20 3 2
0 21 2 1
1
end_operator
begin_operator
pour-shaker-to-shot ingredient3 shot9 right shaker1 l2 l1
5
1 7
2 1
32 0
36 0
37 0
3
0 0 0 11
0 20 3 2
0 21 2 1
1
end_operator
begin_operator
pour-shaker-to-shot ingredient3 shot9 right shaker1 l2 l1
5
1 8
2 1
32 0
36 0
37 0
3
0 0 0 11
0 20 3 2
0 21 2 1
1
end_operator
begin_operator
pour-shaker-to-shot ingredient3 shot9 right shaker1 l2 l1
5
1 9
2 1
32 0
36 0
37 0
3
0 0 0 11
0 20 3 2
0 21 2 1
1
end_operator
begin_operator
pour-shaker-to-shot ingredient3 shot9 right shaker1 l2 l1
5
1 10
2 1
32 0
36 0
37 0
3
0 0 0 11
0 20 3 2
0 21 2 1
1
end_operator
begin_operator
pour-shaker-to-shot ingredient3 shot9 right shaker1 l2 l1
4
1 0
2 1
32 0
36 0
4
0 0 0 11
0 20 3 2
0 21 2 1
0 37 1 0
1
end_operator
begin_operator
pour-shot-to-clean-shaker shot1 ingredient1 shaker1 left l0 l1
1
1 2
5
0 3 7 8
0 12 0 3
0 21 0 1
0 33 0 1
0 34 -1 0
1
end_operator
begin_operator
pour-shot-to-clean-shaker shot1 ingredient1 shaker1 right l0 l1
1
2 2
5
0 3 7 8
0 12 0 3
0 21 0 1
0 33 0 1
0 34 -1 0
1
end_operator
begin_operator
pour-shot-to-clean-shaker shot1 ingredient2 shaker1 left l0 l1
1
1 2
5
0 3 7 8
0 12 1 3
0 21 0 1
0 33 0 1
0 35 -1 0
1
end_operator
begin_operator
pour-shot-to-clean-shaker shot1 ingredient2 shaker1 right l0 l1
1
2 2
5
0 3 7 8
0 12 1 3
0 21 0 1
0 33 0 1
0 35 -1 0
1
end_operator
begin_operator
pour-shot-to-clean-shaker shot1 ingredient3 shaker1 left l0 l1
3
0 0
1 2
38 0
5
0 3 7 8
0 12 2 3
0 21 0 1
0 33 0 1
0 36 -1 0
1
end_operator
begin_operator
pour-shot-to-clean-shaker shot1 ingredient3 shaker1 left l0 l1
3
0 1
1 2
38 0
5
0 3 7 8
0 12 2 3
0 21 0 1
0 33 0 1
0 36 -1 0
1
end_operator
begin_operator
pour-shot-to-clean-shaker shot1 ingredient3 shaker1 left l0 l1
3
0 2
1 2
38 0
5
0 3 7 8
0 12 2 3
0 21 0 1
0 33 0 1
0 36 -1 0
1
end_operator
begin_operator
pour-shot-to-clean-shaker shot1 ingredient3 shaker1 left l0 l1
3
0 3
1 2
38 0
5
0 3 7 8
0 12 2 3
0 21 0 1
0 33 0 1
0 36 -1 0
1
end_operator
begin_operator
pour-shot-to-clean-shaker shot1 ingredient3 shaker1 left l0 l1
3
0 4
1 2
38 0
5
0 3 7 8
0 12 2 3
0 21 0 1
0 33 0 1
0 36 -1 0
1
end_operator
begin_operator
pour-shot-to-clean-shaker shot1 ingredient3 shaker1 left l0 l1
3
0 5
1 2
38 0
5
0 3 7 8
0 12 2 3
0 21 0 1
0 33 0 1
0 36 -1 0
1
end_operator
begin_operator
pour-shot-to-clean-shaker shot1 ingredient3 shaker1 left l0 l1
3
0 6
1 2
38 0
5
0 3 7 8
0 12 2 3
0 21 0 1
0 33 0 1
0 36 -1 0
1
end_operator
begin_operator
pour-shot-to-clean-shaker shot1 ingredient3 shaker1 left l0 l1
3
0 7
1 2
38 0
5
0 3 7 8
0 12 2 3
0 21 0 1
0 33 0 1
0 36 -1 0
1
end_operator
begin_operator
pour-shot-to-clean-shaker shot1 ingredient3 shaker1 left l0 l1
3
0 8
1 2
38 0
5
0 3 7 8
0 12 2 3
0 21 0 1
0 33 0 1
0 36 -1 0
1
end_operator
begin_operator
pour-shot-to-clean-shaker shot1 ingredient3 shaker1 left l0 l1
3
0 9
1 2
38 0
5
0 3 7 8
0 12 2 3
0 21 0 1
0 33 0 1
0 36 -1 0
1
end_operator
begin_operator
pour-shot-to-clean-shaker shot1 ingredient3 shaker1 left l0 l1
3
0 10
1 2
38 0
5
0 3 7 8
0 12 2 3
0 21 0 1
0 33 0 1
0 36 -1 0
1
end_operator
begin_operator
pour-shot-to-clean-shaker shot1 ingredient3 shaker1 left l0 l1
3
0 11
1 2
38 0
5
0 3 7 8
0 12 2 3
0 21 0 1
0 33 0 1
0 36 -1 0
1
end_operator
begin_operator
pour-shot-to-clean-shaker shot1 ingredient3 shaker1 left l0 l1
2
0 0
1 2
6
0 3 7 8
0 12 2 3
0 21 0 1
0 33 0 1
0 36 1 0
0 38 1 0
1
end_operator
begin_operator
pour-shot-to-clean-shaker shot1 ingredient3 shaker1 right l0 l1
5
0 0
1 0
2 2
38 0
39 0
5
0 3 7 8
0 12 2 3
0 21 0 1
0 33 0 1
0 36 -1 0
1
end_operator
begin_operator
pour-shot-to-clean-shaker shot1 ingredient3 shaker1 right l0 l1
5
0 0
1 1
2 2
38 0
39 0
5
0 3 7 8
0 12 2 3
0 21 0 1
0 33 0 1
0 36 -1 0
1
end_operator
begin_operator
pour-shot-to-clean-shaker shot1 ingredient3 shaker1 right l0 l1
5
0 0
1 3
2 2
38 0
39 0
5
0 3 7 8
0 12 2 3
0 21 0 1
0 33 0 1
0 36 -1 0
1
end_operator
begin_operator
pour-shot-to-clean-shaker shot1 ingredient3 shaker1 right l0 l1
5
0 0
1 4
2 2
38 0
39 0
5
0 3 7 8
0 12 2 3
0 21 0 1
0 33 0 1
0 36 -1 0
1
end_operator
begin_operator
pour-shot-to-clean-shaker shot1 ingredient3 shaker1 right l0 l1
5
0 0
1 5
2 2
38 0
39 0
5
0 3 7 8
0 12 2 3
0 21 0 1
0 33 0 1
0 36 -1 0
1
end_operator
begin_operator
pour-shot-to-clean-shaker shot1 ingredient3 shaker1 right l0 l1
5
0 0
1 6
2 2
38 0
39 0
5
0 3 7 8
0 12 2 3
0 21 0 1
0 33 0 1
0 36 -1 0
1
end_operator
begin_operator
pour-shot-to-clean-shaker shot1 ingredient3 shaker1 right l0 l1
5
0 0
1 7
2 2
38 0
39 0
5
0 3 7 8
0 12 2 3
0 21 0 1
0 33 0 1
0 36 -1 0
1
end_operator
begin_operator
pour-shot-to-clean-shaker shot1 ingredient3 shaker1 right l0 l1
5
0 0
1 8
2 2
38 0
39 0
5
0 3 7 8
0 12 2 3
0 21 0 1
0 33 0 1
0 36 -1 0
1
end_operator
begin_operator
pour-shot-to-clean-shaker shot1 ingredient3 shaker1 right l0 l1
5
0 0
1 9
2 2
38 0
39 0
5
0 3 7 8
0 12 2 3
0 21 0 1
0 33 0 1
0 36 -1 0
1
end_operator
begin_operator
pour-shot-to-clean-shaker shot1 ingredient3 shaker1 right l0 l1
5
0 0
1 10
2 2
38 0
39 0
5
0 3 7 8
0 12 2 3
0 21 0 1
0 33 0 1
0 36 -1 0
1
end_operator
begin_operator
pour-shot-to-clean-shaker shot1 ingredient3 shaker1 right l0 l1
5
0 1
1 0
2 2
38 0
39 0
5
0 3 7 8
0 12 2 3
0 21 0 1
0 33 0 1
0 36 -1 0
1
end_operator
begin_operator
pour-shot-to-clean-shaker shot1 ingredient3 shaker1 right l0 l1
5
0 1
1 1
2 2
38 0
39 0
5
0 3 7 8
0 12 2 3
0 21 0 1
0 33 0 1
0 36 -1 0
1
end_operator
begin_operator
pour-shot-to-clean-shaker shot1 ingredient3 shaker1 right l0 l1
5
0 1
1 3
2 2
38 0
39 0
5
0 3 7 8
0 12 2 3
0 21 0 1
0 33 0 1
0 36 -1 0
1
end_operator
begin_operator
pour-shot-to-clean-shaker shot1 ingredient3 shaker1 right l0 l1
5
0 1
1 4
2 2
38 0
39 0
5
0 3 7 8
0 12 2 3
0 21 0 1
0 33 0 1
0 36 -1 0
1
end_operator
begin_operator
pour-shot-to-clean-shaker shot1 ingredient3 shaker1 right l0 l1
5
0 1
1 5
2 2
38 0
39 0
5
0 3 7 8
0 12 2 3
0 21 0 1
0 33 0 1
0 36 -1 0
1
end_operator
begin_operator
pour-shot-to-clean-shaker shot1 ingredient3 shaker1 right l0 l1
5
0 1
1 6
2 2
38 0
39 0
5
0 3 7 8
0 12 2 3
0 21 0 1
0 33 0 1
0 36 -1 0
1
end_operator
begin_operator
pour-shot-to-clean-shaker shot1 ingredient3 shaker1 right l0 l1
5
0 1
1 7
2 2
38 0
39 0
5
0 3 7 8
0 12 2 3
0 21 0 1
0 33 0 1
0 36 -1 0
1
end_operator
begin_operator
pour-shot-to-clean-shaker shot1 ingredient3 shaker1 right l0 l1
5
0 1
1 8
2 2
38 0
39 0
5
0 3 7 8
0 12 2 3
0 21 0 1
0 33 0 1
0 36 -1 0
1
end_operator
begin_operator
pour-shot-to-clean-shaker shot1 ingredient3 shaker1 right l0 l1
5
0 1
1 9
2 2
38 0
39 0
5
0 3 7 8
0 12 2 3
0 21 0 1
0 33 0 1
0 36 -1 0
1
end_operator
begin_operator
pour-shot-to-clean-shaker shot1 ingredient3 shaker1 right l0 l1
5
0 1
1 10
2 2
38 0
39 0
5
0 3 7 8
0 12 2 3
0 21 0 1
0 33 0 1
0 36 -1 0
1
end_operator
begin_operator
pour-shot-to-clean-shaker shot1 ingredient3 shaker1 right l0 l1
5
0 2
1 0
2 2
38 0
39 0
5
0 3 7 8
0 12 2 3
0 21 0 1
0 33 0 1
0 36 -1 0
1
end_operator
begin_operator
pour-shot-to-clean-shaker shot1 ingredient3 shaker1 right l0 l1
5
0 2
1 1
2 2
38 0
39 0
5
0 3 7 8
0 12 2 3
0 21 0 1
0 33 0 1
0 36 -1 0
1
end_operator
begin_operator
pour-shot-to-clean-shaker shot1 ingredient3 shaker1 right l0 l1
5
0 2
1 3
2 2
38 0
39 0
5
0 3 7 8
0 12 2 3
0 21 0 1
0 33 0 1
0 36 -1 0
1
end_operator
begin_operator
pour-shot-to-clean-shaker shot1 ingredient3 shaker1 right l0 l1
5
0 2
1 4
2 2
38 0
39 0
5
0 3 7 8
0 12 2 3
0 21 0 1
0 33 0 1
0 36 -1 0
1
end_operator
begin_operator
pour-shot-to-clean-shaker shot1 ingredient3 shaker1 right l0 l1
5
0 2
1 5
2 2
38 0
39 0
5
0 3 7 8
0 12 2 3
0 21 0 1
0 33 0 1
0 36 -1 0
1
end_operator
begin_operator
pour-shot-to-clean-shaker shot1 ingredient3 shaker1 right l0 l1
5
0 2
1 6
2 2
38 0
39 0
5
0 3 7 8
0 12 2 3
0 21 0 1
0 33 0 1
0 36 -1 0
1
end_operator
begin_operator
pour-shot-to-clean-shaker shot1 ingredient3 shaker1 right l0 l1
5
0 2
1 7
2 2
38 0
39 0
5
0 3 7 8
0 12 2 3
0 21 0 1
0 33 0 1
0 36 -1 0
1
end_operator
begin_operator
pour-shot-to-clean-shaker shot1 ingredient3 shaker1 right l0 l1
5
0 2
1 8
2 2
38 0
39 0
5
0 3 7 8
0 12 2 3
0 21 0 1
0 33 0 1
0 36 -1 0
1
end_operator
begin_operator
pour-shot-to-clean-shaker shot1 ingredient3 shaker1 right l0 l1
5
0 2
1 9
2 2
38 0
39 0
5
0 3 7 8
0 12 2 3
0 21 0 1
0 33 0 1
0 36 -1 0
1
end_operator
begin_operator
pour-shot-to-clean-shaker shot1 ingredient3 shaker1 right l0 l1
5
0 2
1 10
2 2
38 0
39 0
5
0 3 7 8
0 12 2 3
0 21 0 1
0 33 0 1
0 36 -1 0
1
end_operator
begin_operator
pour-shot-to-clean-shaker shot1 ingredient3 shaker1 right l0 l1
5
0 3
1 0
2 2
38 0
39 0
5
0 3 7 8
0 12 2 3
0 21 0 1
0 33 0 1
0 36 -1 0
1
end_operator
begin_operator
pour-shot-to-clean-shaker shot1 ingredient3 shaker1 right l0 l1
5
0 3
1 1
2 2
38 0
39 0
5
0 3 7 8
0 12 2 3
0 21 0 1
0 33 0 1
0 36 -1 0
1
end_operator
begin_operator
pour-shot-to-clean-shaker shot1 ingredient3 shaker1 right l0 l1
5
0 3
1 3
2 2
38 0
39 0
5
0 3 7 8
0 12 2 3
0 21 0 1
0 33 0 1
0 36 -1 0
1
end_operator
begin_operator
pour-shot-to-clean-shaker shot1 ingredient3 shaker1 right l0 l1
5
0 3
1 4
2 2
38 0
39 0
5
0 3 7 8
0 12 2 3
0 21 0 1
0 33 0 1
0 36 -1 0
1
end_operator
begin_operator
pour-shot-to-clean-shaker shot1 ingredient3 shaker1 right l0 l1
5
0 3
1 5
2 2
38 0
39 0
5
0 3 7 8
0 12 2 3
0 21 0 1
0 33 0 1
0 36 -1 0
1
end_operator
begin_operator
pour-shot-to-clean-shaker shot1 ingredient3 shaker1 right l0 l1
5
0 3
1 6
2 2
38 0
39 0
5
0 3 7 8
0 12 2 3
0 21 0 1
0 33 0 1
0 36 -1 0
1
end_operator
begin_operator
pour-shot-to-clean-shaker shot1 ingredient3 shaker1 right l0 l1
5
0 3
1 7
2 2
38 0
39 0
5
0 3 7 8
0 12 2 3
0 21 0 1
0 33 0 1
0 36 -1 0
1
end_operator
begin_operator
pour-shot-to-clean-shaker shot1 ingredient3 shaker1 right l0 l1
5
0 3
1 8
2 2
38 0
39 0
5
0 3 7 8
0 12 2 3
0 21 0 1
0 33 0 1
0 36 -1 0
1
end_operator
begin_operator
pour-shot-to-clean-shaker shot1 ingredient3 shaker1 right l0 l1
5
0 3
1 9
2 2
38 0
39 0
5
0 3 7 8
0 12 2 3
0 21 0 1
0 33 0 1
0 36 -1 0
1
end_operator
begin_operator
pour-shot-to-clean-shaker shot1 ingredient3 shaker1 right l0 l1
5
0 3
1 10
2 2
38 0
39 0
5
0 3 7 8
0 12 2 3
0 21 0 1
0 33 0 1
0 36 -1 0
1
end_operator
begin_operator
pour-shot-to-clean-shaker shot1 ingredient3 shaker1 right l0 l1
5
0 4
1 0
2 2
38 0
39 0
5
0 3 7 8
0 12 2 3
0 21 0 1
0 33 0 1
0 36 -1 0
1
end_operator
begin_operator
pour-shot-to-clean-shaker shot1 ingredient3 shaker1 right l0 l1
5
0 4
1 1
2 2
38 0
39 0
5
0 3 7 8
0 12 2 3
0 21 0 1
0 33 0 1
0 36 -1 0
1
end_operator
begin_operator
pour-shot-to-clean-shaker shot1 ingredient3 shaker1 right l0 l1
5
0 4
1 3
2 2
38 0
39 0
5
0 3 7 8
0 12 2 3
0 21 0 1
0 33 0 1
0 36 -1 0
1
end_operator
begin_operator
pour-shot-to-clean-shaker shot1 ingredient3 shaker1 right l0 l1
5
0 4
1 4
2 2
38 0
39 0
5
0 3 7 8
0 12 2 3
0 21 0 1
0 33 0 1
0 36 -1 0
1
end_operator
begin_operator
pour-shot-to-clean-shaker shot1 ingredient3 shaker1 right l0 l1
5
0 4
1 5
2 2
38 0
39 0
5
0 3 7 8
0 12 2 3
0 21 0 1
0 33 0 1
0 36 -1 0
1
end_operator
begin_operator
pour-shot-to-clean-shaker shot1 ingredient3 shaker1 right l0 l1
5
0 4
1 6
2 2
38 0
39 0
5
0 3 7 8
0 12 2 3
0 21 0 1
0 33 0 1
0 36 -1 0
1
end_operator
begin_operator
pour-shot-to-clean-shaker shot1 ingredient3 shaker1 right l0 l1
5
0 4
1 7
2 2
38 0
39 0
5
0 3 7 8
0 12 2 3
0 21 0 1
0 33 0 1
0 36 -1 0
1
end_operator
begin_operator
pour-shot-to-clean-shaker shot1 ingredient3 shaker1 right l0 l1
5
0 4
1 8
2 2
38 0
39 0
5
0 3 7 8
0 12 2 3
0 21 0 1
0 33 0 1
0 36 -1 0
1
end_operator
begin_operator
pour-shot-to-clean-shaker shot1 ingredient3 shaker1 right l0 l1
5
0 4
1 9
2 2
38 0
39 0
5
0 3 7 8
0 12 2 3
0 21 0 1
0 33 0 1
0 36 -1 0
1
end_operator
begin_operator
pour-shot-to-clean-shaker shot1 ingredient3 shaker1 right l0 l1
5
0 4
1 10
2 2
38 0
39 0
5
0 3 7 8
0 12 2 3
0 21 0 1
0 33 0 1
0 36 -1 0
1
end_operator
begin_operator
pour-shot-to-clean-shaker shot1 ingredient3 shaker1 right l0 l1
5
0 5
1 0
2 2
38 0
39 0
5
0 3 7 8
0 12 2 3
0 21 0 1
0 33 0 1
0 36 -1 0
1
end_operator
begin_operator
pour-shot-to-clean-shaker shot1 ingredient3 shaker1 right l0 l1
5
0 5
1 1
2 2
38 0
39 0
5
0 3 7 8
0 12 2 3
0 21 0 1
0 33 0 1
0 36 -1 0
1
end_operator
begin_operator
pour-shot-to-clean-shaker shot1 ingredient3 shaker1 right l0 l1
5
0 5
1 3
2 2
38 0
39 0
5
0 3 7 8
0 12 2 3
0 21 0 1
0 33 0 1
0 36 -1 0
1
end_operator
begin_operator
pour-shot-to-clean-shaker shot1 ingredient3 shaker1 right l0 l1
5
0 5
1 4
2 2
38 0
39 0
5
0 3 7 8
0 12 2 3
0 21 0 1
0 33 0 1
0 36 -1 0
1
end_operator
begin_operator
pour-shot-to-clean-shaker shot1 ingredient3 shaker1 right l0 l1
5
0 5
1 5
2 2
38 0
39 0
5
0 3 7 8
0 12 2 3
0 21 0 1
0 33 0 1
0 36 -1 0
1
end_operator
begin_operator
pour-shot-to-clean-shaker shot1 ingredient3 shaker1 right l0 l1
5
0 5
1 6
2 2
38 0
39 0
5
0 3 7 8
0 12 2 3
0 21 0 1
0 33 0 1
0 36 -1 0
1
end_operator
begin_operator
pour-shot-to-clean-shaker shot1 ingredient3 shaker1 right l0 l1
5
0 5
1 7
2 2
38 0
39 0
5
0 3 7 8
0 12 2 3
0 21 0 1
0 33 0 1
0 36 -1 0
1
end_operator
begin_operator
pour-shot-to-clean-shaker shot1 ingredient3 shaker1 right l0 l1
5
0 5
1 8
2 2
38 0
39 0
5
0 3 7 8
0 12 2 3
0 21 0 1
0 33 0 1
0 36 -1 0
1
end_operator
begin_operator
pour-shot-to-clean-shaker shot1 ingredient3 shaker1 right l0 l1
5
0 5
1 9
2 2
38 0
39 0
5
0 3 7 8
0 12 2 3
0 21 0 1
0 33 0 1
0 36 -1 0
1
end_operator
begin_operator
pour-shot-to-clean-shaker shot1 ingredient3 shaker1 right l0 l1
5
0 5
1 10
2 2
38 0
39 0
5
0 3 7 8
0 12 2 3
0 21 0 1
0 33 0 1
0 36 -1 0
1
end_operator
begin_operator
pour-shot-to-clean-shaker shot1 ingredient3 shaker1 right l0 l1
5
0 6
1 0
2 2
38 0
39 0
5
0 3 7 8
0 12 2 3
0 21 0 1
0 33 0 1
0 36 -1 0
1
end_operator
begin_operator
pour-shot-to-clean-shaker shot1 ingredient3 shaker1 right l0 l1
5
0 6
1 1
2 2
38 0
39 0
5
0 3 7 8
0 12 2 3
0 21 0 1
0 33 0 1
0 36 -1 0
1
end_operator
begin_operator
pour-shot-to-clean-shaker shot1 ingredient3 shaker1 right l0 l1
5
0 6
1 3
2 2
38 0
39 0
5
0 3 7 8
0 12 2 3
0 21 0 1
0 33 0 1
0 36 -1 0
1
end_operator
begin_operator
pour-shot-to-clean-shaker shot1 ingredient3 shaker1 right l0 l1
5
0 6
1 4
2 2
38 0
39 0
5
0 3 7 8
0 12 2 3
0 21 0 1
0 33 0 1
0 36 -1 0
1
end_operator
begin_operator
pour-shot-to-clean-shaker shot1 ingredient3 shaker1 right l0 l1
5
0 6
1 5
2 2
38 0
39 0
5
0 3 7 8
0 12 2 3
0 21 0 1
0 33 0 1
0 36 -1 0
1
end_operator
begin_operator
pour-shot-to-clean-shaker shot1 ingredient3 shaker1 right l0 l1
5
0 6
1 6
2 2
38 0
39 0
5
0 3 7 8
0 12 2 3
0 21 0 1
0 33 0 1
0 36 -1 0
1
end_operator
begin_operator
pour-shot-to-clean-shaker shot1 ingredient3 shaker1 right l0 l1
5
0 6
1 7
2 2
38 0
39 0
5
0 3 7 8
0 12 2 3
0 21 0 1
0 33 0 1
0 36 -1 0
1
end_operator
begin_operator
pour-shot-to-clean-shaker shot1 ingredient3 shaker1 right l0 l1
5
0 6
1 8
2 2
38 0
39 0
5
0 3 7 8
0 12 2 3
0 21 0 1
0 33 0 1
0 36 -1 0
1
end_operator
begin_operator
pour-shot-to-clean-shaker shot1 ingredient3 shaker1 right l0 l1
5
0 6
1 9
2 2
38 0
39 0
5
0 3 7 8
0 12 2 3
0 21 0 1
0 33 0 1
0 36 -1 0
1
end_operator
begin_operator
pour-shot-to-clean-shaker shot1 ingredient3 shaker1 right l0 l1
5
0 6
1 10
2 2
38 0
39 0
5
0 3 7 8
0 12 2 3
0 21 0 1
0 33 0 1
0 36 -1 0
1
end_operator
begin_operator
pour-shot-to-clean-shaker shot1 ingredient3 shaker1 right l0 l1
5
0 7
1 0
2 2
38 0
39 0
5
0 3 7 8
0 12 2 3
0 21 0 1
0 33 0 1
0 36 -1 0
1
end_operator
begin_operator
pour-shot-to-clean-shaker shot1 ingredient3 shaker1 right l0 l1
5
0 7
1 1
2 2
38 0
39 0
5
0 3 7 8
0 12 2 3
0 21 0 1
0 33 0 1
0 36 -1 0
1
end_operator
begin_operator
pour-shot-to-clean-shaker shot1 ingredient3 shaker1 right l0 l1
5
0 7
1 3
2 2
38 0
39 0
5
0 3 7 8
0 12 2 3
0 21 0 1
0 33 0 1
0 36 -1 0
1
end_operator
begin_operator
pour-shot-to-clean-shaker shot1 ingredient3 shaker1 right l0 l1
5
0 7
1 4
2 2
38 0
39 0
5
0 3 7 8
0 12 2 3
0 21 0 1
0 33 0 1
0 36 -1 0
1
end_operator
begin_operator
pour-shot-to-clean-shaker shot1 ingredient3 shaker1 right l0 l1
5
0 7
1 5
2 2
38 0
39 0
5
0 3 7 8
0 12 2 3
0 21 0 1
0 33 0 1
0 36 -1 0
1
end_operator
begin_operator
pour-shot-to-clean-shaker shot1 ingredient3 shaker1 right l0 l1
5
0 7
1 6
2 2
38 0
39 0
5
0 3 7 8
0 12 2 3
0 21 0 1
0 33 0 1
0 36 -1 0
1
end_operator
begin_operator
pour-shot-to-clean-shaker shot1 ingredient3 shaker1 right l0 l1
5
0 7
1 7
2 2
38 0
39 0
5
0 3 7 8
0 12 2 3
0 21 0 1
0 33 0 1
0 36 -1 0
1
end_operator
begin_operator
pour-shot-to-clean-shaker shot1 ingredient3 shaker1 right l0 l1
5
0 7
1 8
2 2
38 0
39 0
5
0 3 7 8
0 12 2 3
0 21 0 1
0 33 0 1
0 36 -1 0
1
end_operator
begin_operator
pour-shot-to-clean-shaker shot1 ingredient3 shaker1 right l0 l1
5
0 7
1 9
2 2
38 0
39 0
5
0 3 7 8
0 12 2 3
0 21 0 1
0 33 0 1
0 36 -1 0
1
end_operator
begin_operator
pour-shot-to-clean-shaker shot1 ingredient3 shaker1 right l0 l1
5
0 7
1 10
2 2
38 0
39 0
5
0 3 7 8
0 12 2 3
0 21 0 1
0 33 0 1
0 36 -1 0
1
end_operator
begin_operator
pour-shot-to-clean-shaker shot1 ingredient3 shaker1 right l0 l1
5
0 8
1 0
2 2
38 0
39 0
5
0 3 7 8
0 12 2 3
0 21 0 1
0 33 0 1
0 36 -1 0
1
end_operator
begin_operator
pour-shot-to-clean-shaker shot1 ingredient3 shaker1 right l0 l1
5
0 8
1 1
2 2
38 0
39 0
5
0 3 7 8
0 12 2 3
0 21 0 1
0 33 0 1
0 36 -1 0
1
end_operator
begin_operator
pour-shot-to-clean-shaker shot1 ingredient3 shaker1 right l0 l1
5
0 8
1 3
2 2
38 0
39 0
5
0 3 7 8
0 12 2 3
0 21 0 1
0 33 0 1
0 36 -1 0
1
end_operator
begin_operator
pour-shot-to-clean-shaker shot1 ingredient3 shaker1 right l0 l1
5
0 8
1 4
2 2
38 0
39 0
5
0 3 7 8
0 12 2 3
0 21 0 1
0 33 0 1
0 36 -1 0
1
end_operator
begin_operator
pour-shot-to-clean-shaker shot1 ingredient3 shaker1 right l0 l1
5
0 8
1 5
2 2
38 0
39 0
5
0 3 7 8
0 12 2 3
0 21 0 1
0 33 0 1
0 36 -1 0
1
end_operator
begin_operator
pour-shot-to-clean-shaker shot1 ingredient3 shaker1 right l0 l1
5
0 8
1 6
2 2
38 0
39 0
5
0 3 7 8
0 12 2 3
0 21 0 1
0 33 0 1
0 36 -1 0
1
end_operator
begin_operator
pour-shot-to-clean-shaker shot1 ingredient3 shaker1 right l0 l1
5
0 8
1 7
2 2
38 0
39 0
5
0 3 7 8
0 12 2 3
0 21 0 1
0 33 0 1
0 36 -1 0
1
end_operator
begin_operator
pour-shot-to-clean-shaker shot1 ingredient3 shaker1 right l0 l1
5
0 8
1 8
2 2
38 0
39 0
5
0 3 7 8
0 12 2 3
0 21 0 1
0 33 0 1
0 36 -1 0
1
end_operator
begin_operator
pour-shot-to-clean-shaker shot1 ingredient3 shaker1 right l0 l1
5
0 8
1 9
2 2
38 0
39 0
5
0 3 7 8
0 12 2 3
0 21 0 1
0 33 0 1
0 36 -1 0
1
end_operator
begin_operator
pour-shot-to-clean-shaker shot1 ingredient3 shaker1 right l0 l1
5
0 8
1 10
2 2
38 0
39 0
5
0 3 7 8
0 12 2 3
0 21 0 1
0 33 0 1
0 36 -1 0
1
end_operator
begin_operator
pour-shot-to-clean-shaker shot1 ingredient3 shaker1 right l0 l1
5
0 9
1 0
2 2
38 0
39 0
5
0 3 7 8
0 12 2 3
0 21 0 1
0 33 0 1
0 36 -1 0
1
end_operator
begin_operator
pour-shot-to-clean-shaker shot1 ingredient3 shaker1 right l0 l1
5
0 9
1 1
2 2
38 0
39 0
5
0 3 7 8
0 12 2 3
0 21 0 1
0 33 0 1
0 36 -1 0
1
end_operator
begin_operator
pour-shot-to-clean-shaker shot1 ingredient3 shaker1 right l0 l1
5
0 9
1 3
2 2
38 0
39 0
5
0 3 7 8
0 12 2 3
0 21 0 1
0 33 0 1
0 36 -1 0
1
end_operator
begin_operator
pour-shot-to-clean-shaker shot1 ingredient3 shaker1 right l0 l1
5
0 9
1 4
2 2
38 0
39 0
5
0 3 7 8
0 12 2 3
0 21 0 1
0 33 0 1
0 36 -1 0
1
end_operator
begin_operator
pour-shot-to-clean-shaker shot1 ingredient3 shaker1 right l0 l1
5
0 9
1 5
2 2
38 0
39 0
5
0 3 7 8
0 12 2 3
0 21 0 1
0 33 0 1
0 36 -1 0
1
end_operator
begin_operator
pour-shot-to-clean-shaker shot1 ingredient3 shaker1 right l0 l1
5
0 9
1 6
2 2
38 0
39 0
5
0 3 7 8
0 12 2 3
0 21 0 1
0 33 0 1
0 36 -1 0
1
end_operator
begin_operator
pour-shot-to-clean-shaker shot1 ingredient3 shaker1 right l0 l1
5
0 9
1 7
2 2
38 0
39 0
5
0 3 7 8
0 12 2 3
0 21 0 1
0 33 0 1
0 36 -1 0
1
end_operator
begin_operator
pour-shot-to-clean-shaker shot1 ingredient3 shaker1 right l0 l1
5
0 9
1 8
2 2
38 0
39 0
5
0 3 7 8
0 12 2 3
0 21 0 1
0 33 0 1
0 36 -1 0
1
end_operator
begin_operator
pour-shot-to-clean-shaker shot1 ingredient3 shaker1 right l0 l1
5
0 9
1 9
2 2
38 0
39 0
5
0 3 7 8
0 12 2 3
0 21 0 1
0 33 0 1
0 36 -1 0
1
end_operator
begin_operator
pour-shot-to-clean-shaker shot1 ingredient3 shaker1 right l0 l1
5
0 9
1 10
2 2
38 0
39 0
5
0 3 7 8
0 12 2 3
0 21 0 1
0 33 0 1
0 36 -1 0
1
end_operator
begin_operator
pour-shot-to-clean-shaker shot1 ingredient3 shaker1 right l0 l1
5
0 10
1 0
2 2
38 0
39 0
5
0 3 7 8
0 12 2 3
0 21 0 1
0 33 0 1
0 36 -1 0
1
end_operator
begin_operator
pour-shot-to-clean-shaker shot1 ingredient3 shaker1 right l0 l1
5
0 10
1 1
2 2
38 0
39 0
5
0 3 7 8
0 12 2 3
0 21 0 1
0 33 0 1
0 36 -1 0
1
end_operator
begin_operator
pour-shot-to-clean-shaker shot1 ingredient3 shaker1 right l0 l1
5
0 10
1 3
2 2
38 0
39 0
5
0 3 7 8
0 12 2 3
0 21 0 1
0 33 0 1
0 36 -1 0
1
end_operator
begin_operator
pour-shot-to-clean-shaker shot1 ingredient3 shaker1 right l0 l1
5
0 10
1 4
2 2
38 0
39 0
5
0 3 7 8
0 12 2 3
0 21 0 1
0 33 0 1
0 36 -1 0
1
end_operator
begin_operator
pour-shot-to-clean-shaker shot1 ingredient3 shaker1 right l0 l1
5
0 10
1 5
2 2
38 0
39 0
5
0 3 7 8
0 12 2 3
0 21 0 1
0 33 0 1
0 36 -1 0
1
end_operator
begin_operator
pour-shot-to-clean-shaker shot1 ingredient3 shaker1 right l0 l1
5
0 10
1 6
2 2
38 0
39 0
5
0 3 7 8
0 12 2 3
0 21 0 1
0 33 0 1
0 36 -1 0
1
end_operator
begin_operator
pour-shot-to-clean-shaker shot1 ingredient3 shaker1 right l0 l1
5
0 10
1 7
2 2
38 0
39 0
5
0 3 7 8
0 12 2 3
0 21 0 1
0 33 0 1
0 36 -1 0
1
end_operator
begin_operator
pour-shot-to-clean-shaker shot1 ingredient3 shaker1 right l0 l1
5
0 10
1 8
2 2
38 0
39 0
5
0 3 7 8
0 12 2 3
0 21 0 1
0 33 0 1
0 36 -1 0
1
end_operator
begin_operator
pour-shot-to-clean-shaker shot1 ingredient3 shaker1 right l0 l1
5
0 10
1 9
2 2
38 0
39 0
5
0 3 7 8
0 12 2 3
0 21 0 1
0 33 0 1
0 36 -1 0
1
end_operator
begin_operator
pour-shot-to-clean-shaker shot1 ingredient3 shaker1 right l0 l1
5
0 10
1 10
2 2
38 0
39 0
5
0 3 7 8
0 12 2 3
0 21 0 1
0 33 0 1
0 36 -1 0
1
end_operator
begin_operator
pour-shot-to-clean-shaker shot1 ingredient3 shaker1 right l0 l1
5
0 11
1 0
2 2
38 0
39 0
5
0 3 7 8
0 12 2 3
0 21 0 1
0 33 0 1
0 36 -1 0
1
end_operator
begin_operator
pour-shot-to-clean-shaker shot1 ingredient3 shaker1 right l0 l1
5
0 11
1 1
2 2
38 0
39 0
5
0 3 7 8
0 12 2 3
0 21 0 1
0 33 0 1
0 36 -1 0
1
end_operator
begin_operator
pour-shot-to-clean-shaker shot1 ingredient3 shaker1 right l0 l1
5
0 11
1 3
2 2
38 0
39 0
5
0 3 7 8
0 12 2 3
0 21 0 1
0 33 0 1
0 36 -1 0
1
end_operator
begin_operator
pour-shot-to-clean-shaker shot1 ingredient3 shaker1 right l0 l1
5
0 11
1 4
2 2
38 0
39 0
5
0 3 7 8
0 12 2 3
0 21 0 1
0 33 0 1
0 36 -1 0
1
end_operator
begin_operator
pour-shot-to-clean-shaker shot1 ingredient3 shaker1 right l0 l1
5
0 11
1 5
2 2
38 0
39 0
5
0 3 7 8
0 12 2 3
0 21 0 1
0 33 0 1
0 36 -1 0
1
end_operator
begin_operator
pour-shot-to-clean-shaker shot1 ingredient3 shaker1 right l0 l1
5
0 11
1 6
2 2
38 0
39 0
5
0 3 7 8
0 12 2 3
0 21 0 1
0 33 0 1
0 36 -1 0
1
end_operator
begin_operator
pour-shot-to-clean-shaker shot1 ingredient3 shaker1 right l0 l1
5
0 11
1 7
2 2
38 0
39 0
5
0 3 7 8
0 12 2 3
0 21 0 1
0 33 0 1
0 36 -1 0
1
end_operator
begin_operator
pour-shot-to-clean-shaker shot1 ingredient3 shaker1 right l0 l1
5
0 11
1 8
2 2
38 0
39 0
5
0 3 7 8
0 12 2 3
0 21 0 1
0 33 0 1
0 36 -1 0
1
end_operator
begin_operator
pour-shot-to-clean-shaker shot1 ingredient3 shaker1 right l0 l1
5
0 11
1 9
2 2
38 0
39 0
5
0 3 7 8
0 12 2 3
0 21 0 1
0 33 0 1
0 36 -1 0
1
end_operator
begin_operator
pour-shot-to-clean-shaker shot1 ingredient3 shaker1 right l0 l1
5
0 11
1 10
2 2
38 0
39 0
5
0 3 7 8
0 12 2 3
0 21 0 1
0 33 0 1
0 36 -1 0
1
end_operator
begin_operator
pour-shot-to-clean-shaker shot1 ingredient3 shaker1 right l0 l1
4
0 0
1 1
2 2
39 0
6
0 3 7 8
0 12 2 3
0 21 0 1
0 33 0 1
0 36 1 0
0 38 1 0
1
end_operator
begin_operator
pour-shot-to-clean-shaker shot1 ingredient3 shaker1 right l0 l1
4
0 0
1 3
2 2
39 0
6
0 3 7 8
0 12 2 3
0 21 0 1
0 33 0 1
0 36 1 0
0 38 1 0
1
end_operator
begin_operator
pour-shot-to-clean-shaker shot1 ingredient3 shaker1 right l0 l1
4
0 0
1 4
2 2
39 0
6
0 3 7 8
0 12 2 3
0 21 0 1
0 33 0 1
0 36 1 0
0 38 1 0
1
end_operator
begin_operator
pour-shot-to-clean-shaker shot1 ingredient3 shaker1 right l0 l1
4
0 0
1 5
2 2
39 0
6
0 3 7 8
0 12 2 3
0 21 0 1
0 33 0 1
0 36 1 0
0 38 1 0
1
end_operator
begin_operator
pour-shot-to-clean-shaker shot1 ingredient3 shaker1 right l0 l1
4
0 0
1 6
2 2
39 0
6
0 3 7 8
0 12 2 3
0 21 0 1
0 33 0 1
0 36 1 0
0 38 1 0
1
end_operator
begin_operator
pour-shot-to-clean-shaker shot1 ingredient3 shaker1 right l0 l1
4
0 0
1 7
2 2
39 0
6
0 3 7 8
0 12 2 3
0 21 0 1
0 33 0 1
0 36 1 0
0 38 1 0
1
end_operator
begin_operator
pour-shot-to-clean-shaker shot1 ingredient3 shaker1 right l0 l1
4
0 0
1 8
2 2
39 0
6
0 3 7 8
0 12 2 3
0 21 0 1
0 33 0 1
0 36 1 0
0 38 1 0
1
end_operator
begin_operator
pour-shot-to-clean-shaker shot1 ingredient3 shaker1 right l0 l1
4
0 0
1 9
2 2
39 0
6
0 3 7 8
0 12 2 3
0 21 0 1
0 33 0 1
0 36 1 0
0 38 1 0
1
end_operator
begin_operator
pour-shot-to-clean-shaker shot1 ingredient3 shaker1 right l0 l1
4
0 0
1 10
2 2
39 0
6
0 3 7 8
0 12 2 3
0 21 0 1
0 33 0 1
0 36 1 0
0 38 1 0
1
end_operator
begin_operator
pour-shot-to-clean-shaker shot1 ingredient3 shaker1 right l0 l1
3
0 0
1 0
2 2
7
0 3 7 8
0 12 2 3
0 21 0 1
0 33 0 1
0 36 1 0
0 38 1 0
0 39 1 0
1
end_operator
begin_operator
pour-shot-to-clean-shaker shot2 ingredient1 shaker1 left l0 l1
1
1 3
5
0 3 7 8
0 13 0 3
0 21 0 1
0 33 0 1
0 34 -1 0
1
end_operator
begin_operator
pour-shot-to-clean-shaker shot2 ingredient1 shaker1 right l0 l1
1
2 3
5
0 3 7 8
0 13 0 3
0 21 0 1
0 33 0 1
0 34 -1 0
1
end_operator
begin_operator
pour-shot-to-clean-shaker shot2 ingredient2 shaker1 left l0 l1
1
1 3
5
0 3 7 8
0 13 1 3
0 21 0 1
0 33 0 1
0 35 -1 0
1
end_operator
begin_operator
pour-shot-to-clean-shaker shot2 ingredient2 shaker1 right l0 l1
1
2 3
5
0 3 7 8
0 13 1 3
0 21 0 1
0 33 0 1
0 35 -1 0
1
end_operator
begin_operator
pour-shot-to-clean-shaker shot2 ingredient3 shaker1 left l0 l1
3
0 0
1 3
38 0
5
0 3 7 8
0 13 2 3
0 21 0 1
0 33 0 1
0 36 -1 0
1
end_operator
begin_operator
pour-shot-to-clean-shaker shot2 ingredient3 shaker1 left l0 l1
3
0 1
1 3
38 0
5
0 3 7 8
0 13 2 3
0 21 0 1
0 33 0 1
0 36 -1 0
1
end_operator
begin_operator
pour-shot-to-clean-shaker shot2 ingredient3 shaker1 left l0 l1
3
0 2
1 3
38 0
5
0 3 7 8
0 13 2 3
0 21 0 1
0 33 0 1
0 36 -1 0
1
end_operator
begin_operator
pour-shot-to-clean-shaker shot2 ingredient3 shaker1 left l0 l1
3
0 3
1 3
38 0
5
0 3 7 8
0 13 2 3
0 21 0 1
0 33 0 1
0 36 -1 0
1
end_operator
begin_operator
pour-shot-to-clean-shaker shot2 ingredient3 shaker1 left l0 l1
3
0 4
1 3
38 0
5
0 3 7 8
0 13 2 3
0 21 0 1
0 33 0 1
0 36 -1 0
1
end_operator
begin_operator
pour-shot-to-clean-shaker shot2 ingredient3 shaker1 left l0 l1
3
0 5
1 3
38 0
5
0 3 7 8
0 13 2 3
0 21 0 1
0 33 0 1
0 36 -1 0
1
end_operator
begin_operator
pour-shot-to-clean-shaker shot2 ingredient3 shaker1 left l0 l1
3
0 6
1 3
38 0
5
0 3 7 8
0 13 2 3
0 21 0 1
0 33 0 1
0 36 -1 0
1
end_operator
begin_operator
pour-shot-to-clean-shaker shot2 ingredient3 shaker1 left l0 l1
3
0 7
1 3
38 0
5
0 3 7 8
0 13 2 3
0 21 0 1
0 33 0 1
0 36 -1 0
1
end_operator
begin_operator
pour-shot-to-clean-shaker shot2 ingredient3 shaker1 left l0 l1
3
0 8
1 3
38 0
5
0 3 7 8
0 13 2 3
0 21 0 1
0 33 0 1
0 36 -1 0
1
end_operator
begin_operator
pour-shot-to-clean-shaker shot2 ingredient3 shaker1 left l0 l1
3
0 9
1 3
38 0
5
0 3 7 8
0 13 2 3
0 21 0 1
0 33 0 1
0 36 -1 0
1
end_operator
begin_operator
pour-shot-to-clean-shaker shot2 ingredient3 shaker1 left l0 l1
3
0 10
1 3
38 0
5
0 3 7 8
0 13 2 3
0 21 0 1
0 33 0 1
0 36 -1 0
1
end_operator
begin_operator
pour-shot-to-clean-shaker shot2 ingredient3 shaker1 left l0 l1
3
0 11
1 3
38 0
5
0 3 7 8
0 13 2 3
0 21 0 1
0 33 0 1
0 36 -1 0
1
end_operator
begin_operator
pour-shot-to-clean-shaker shot2 ingredient3 shaker1 left l0 l1
2
0 0
1 3
6
0 3 7 8
0 13 2 3
0 21 0 1
0 33 0 1
0 36 1 0
0 38 1 0
1
end_operator
begin_operator
pour-shot-to-clean-shaker shot2 ingredient3 shaker1 right l0 l1
5
0 0
1 0
2 3
38 0
39 0
5
0 3 7 8
0 13 2 3
0 21 0 1
0 33 0 1
0 36 -1 0
1
end_operator
begin_operator
pour-shot-to-clean-shaker shot2 ingredient3 shaker1 right l0 l1
5
0 0
1 1
2 3
38 0
39 0
5
0 3 7 8
0 13 2 3
0 21 0 1
0 33 0 1
0 36 -1 0
1
end_operator
begin_operator
pour-shot-to-clean-shaker shot2 ingredient3 shaker1 right l0 l1
5
0 0
1 2
2 3
38 0
39 0
5
0 3 7 8
0 13 2 3
0 21 0 1
0 33 0 1
0 36 -1 0
1
end_operator
begin_operator
pour-shot-to-clean-shaker shot2 ingredient3 shaker1 right l0 l1
5
0 0
1 4
2 3
38 0
39 0
5
0 3 7 8
0 13 2 3
0 21 0 1
0 33 0 1
0 36 -1 0
1
end_operator
begin_operator
pour-shot-to-clean-shaker shot2 ingredient3 shaker1 right l0 l1
5
0 0
1 5
2 3
38 0
39 0
5
0 3 7 8
0 13 2 3
0 21 0 1
0 33 0 1
0 36 -1 0
1
end_operator
begin_operator
pour-shot-to-clean-shaker shot2 ingredient3 shaker1 right l0 l1
5
0 0
1 6
2 3
38 0
39 0
5
0 3 7 8
0 13 2 3
0 21 0 1
0 33 0 1
0 36 -1 0
1
end_operator
begin_operator
pour-shot-to-clean-shaker shot2 ingredient3 shaker1 right l0 l1
5
0 0
1 7
2 3
38 0
39 0
5
0 3 7 8
0 13 2 3
0 21 0 1
0 33 0 1
0 36 -1 0
1
end_operator
begin_operator
pour-shot-to-clean-shaker shot2 ingredient3 shaker1 right l0 l1
5
0 0
1 8
2 3
38 0
39 0
5
0 3 7 8
0 13 2 3
0 21 0 1
0 33 0 1
0 36 -1 0
1
end_operator
begin_operator
pour-shot-to-clean-shaker shot2 ingredient3 shaker1 right l0 l1
5
0 0
1 9
2 3
38 0
39 0
5
0 3 7 8
0 13 2 3
0 21 0 1
0 33 0 1
0 36 -1 0
1
end_operator
begin_operator
pour-shot-to-clean-shaker shot2 ingredient3 shaker1 right l0 l1
5
0 0
1 10
2 3
38 0
39 0
5
0 3 7 8
0 13 2 3
0 21 0 1
0 33 0 1
0 36 -1 0
1
end_operator
begin_operator
pour-shot-to-clean-shaker shot2 ingredient3 shaker1 right l0 l1
5
0 1
1 0
2 3
38 0
39 0
5
0 3 7 8
0 13 2 3
0 21 0 1
0 33 0 1
0 36 -1 0
1
end_operator
begin_operator
pour-shot-to-clean-shaker shot2 ingredient3 shaker1 right l0 l1
5
0 1
1 1
2 3
38 0
39 0
5
0 3 7 8
0 13 2 3
0 21 0 1
0 33 0 1
0 36 -1 0
1
end_operator
begin_operator
pour-shot-to-clean-shaker shot2 ingredient3 shaker1 right l0 l1
5
0 1
1 2
2 3
38 0
39 0
5
0 3 7 8
0 13 2 3
0 21 0 1
0 33 0 1
0 36 -1 0
1
end_operator
begin_operator
pour-shot-to-clean-shaker shot2 ingredient3 shaker1 right l0 l1
5
0 1
1 4
2 3
38 0
39 0
5
0 3 7 8
0 13 2 3
0 21 0 1
0 33 0 1
0 36 -1 0
1
end_operator
begin_operator
pour-shot-to-clean-shaker shot2 ingredient3 shaker1 right l0 l1
5
0 1
1 5
2 3
38 0
39 0
5
0 3 7 8
0 13 2 3
0 21 0 1
0 33 0 1
0 36 -1 0
1
end_operator
begin_operator
pour-shot-to-clean-shaker shot2 ingredient3 shaker1 right l0 l1
5
0 1
1 6
2 3
38 0
39 0
5
0 3 7 8
0 13 2 3
0 21 0 1
0 33 0 1
0 36 -1 0
1
end_operator
begin_operator
pour-shot-to-clean-shaker shot2 ingredient3 shaker1 right l0 l1
5
0 1
1 7
2 3
38 0
39 0
5
0 3 7 8
0 13 2 3
0 21 0 1
0 33 0 1
0 36 -1 0
1
end_operator
begin_operator
pour-shot-to-clean-shaker shot2 ingredient3 shaker1 right l0 l1
5
0 1
1 8
2 3
38 0
39 0
5
0 3 7 8
0 13 2 3
0 21 0 1
0 33 0 1
0 36 -1 0
1
end_operator
begin_operator
pour-shot-to-clean-shaker shot2 ingredient3 shaker1 right l0 l1
5
0 1
1 9
2 3
38 0
39 0
5
0 3 7 8
0 13 2 3
0 21 0 1
0 33 0 1
0 36 -1 0
1
end_operator
begin_operator
pour-shot-to-clean-shaker shot2 ingredient3 shaker1 right l0 l1
5
0 1
1 10
2 3
38 0
39 0
5
0 3 7 8
0 13 2 3
0 21 0 1
0 33 0 1
0 36 -1 0
1
end_operator
begin_operator
pour-shot-to-clean-shaker shot2 ingredient3 shaker1 right l0 l1
5
0 2
1 0
2 3
38 0
39 0
5
0 3 7 8
0 13 2 3
0 21 0 1
0 33 0 1
0 36 -1 0
1
end_operator
begin_operator
pour-shot-to-clean-shaker shot2 ingredient3 shaker1 right l0 l1
5
0 2
1 1
2 3
38 0
39 0
5
0 3 7 8
0 13 2 3
0 21 0 1
0 33 0 1
0 36 -1 0
1
end_operator
begin_operator
pour-shot-to-clean-shaker shot2 ingredient3 shaker1 right l0 l1
5
0 2
1 2
2 3
38 0
39 0
5
0 3 7 8
0 13 2 3
0 21 0 1
0 33 0 1
0 36 -1 0
1
end_operator
begin_operator
pour-shot-to-clean-shaker shot2 ingredient3 shaker1 right l0 l1
5
0 2
1 4
2 3
38 0
39 0
5
0 3 7 8
0 13 2 3
0 21 0 1
0 33 0 1
0 36 -1 0
1
end_operator
begin_operator
pour-shot-to-clean-shaker shot2 ingredient3 shaker1 right l0 l1
5
0 2
1 5
2 3
38 0
39 0
5
0 3 7 8
0 13 2 3
0 21 0 1
0 33 0 1
0 36 -1 0
1
end_operator
begin_operator
pour-shot-to-clean-shaker shot2 ingredient3 shaker1 right l0 l1
5
0 2
1 6
2 3
38 0
39 0
5
0 3 7 8
0 13 2 3
0 21 0 1
0 33 0 1
0 36 -1 0
1
end_operator
begin_operator
pour-shot-to-clean-shaker shot2 ingredient3 shaker1 right l0 l1
5
0 2
1 7
2 3
38 0
39 0
5
0 3 7 8
0 13 2 3
0 21 0 1
0 33 0 1
0 36 -1 0
1
end_operator
begin_operator
pour-shot-to-clean-shaker shot2 ingredient3 shaker1 right l0 l1
5
0 2
1 8
2 3
38 0
39 0
5
0 3 7 8
0 13 2 3
0 21 0 1
0 33 0 1
0 36 -1 0
1
end_operator
begin_operator
pour-shot-to-clean-shaker shot2 ingredient3 shaker1 right l0 l1
5
0 2
1 9
2 3
38 0
39 0
5
0 3 7 8
0 13 2 3
0 21 0 1
0 33 0 1
0 36 -1 0
1
end_operator
begin_operator
pour-shot-to-clean-shaker shot2 ingredient3 shaker1 right l0 l1
5
0 2
1 10
2 3
38 0
39 0
5
0 3 7 8
0 13 2 3
0 21 0 1
0 33 0 1
0 36 -1 0
1
end_operator
begin_operator
pour-shot-to-clean-shaker shot2 ingredient3 shaker1 right l0 l1
5
0 3
1 0
2 3
38 0
39 0
5
0 3 7 8
0 13 2 3
0 21 0 1
0 33 0 1
0 36 -1 0
1
end_operator
begin_operator
pour-shot-to-clean-shaker shot2 ingredient3 shaker1 right l0 l1
5
0 3
1 1
2 3
38 0
39 0
5
0 3 7 8
0 13 2 3
0 21 0 1
0 33 0 1
0 36 -1 0
1
end_operator
begin_operator
pour-shot-to-clean-shaker shot2 ingredient3 shaker1 right l0 l1
5
0 3
1 2
2 3
38 0
39 0
5
0 3 7 8
0 13 2 3
0 21 0 1
0 33 0 1
0 36 -1 0
1
end_operator
begin_operator
pour-shot-to-clean-shaker shot2 ingredient3 shaker1 right l0 l1
5
0 3
1 4
2 3
38 0
39 0
5
0 3 7 8
0 13 2 3
0 21 0 1
0 33 0 1
0 36 -1 0
1
end_operator
begin_operator
pour-shot-to-clean-shaker shot2 ingredient3 shaker1 right l0 l1
5
0 3
1 5
2 3
38 0
39 0
5
0 3 7 8
0 13 2 3
0 21 0 1
0 33 0 1
0 36 -1 0
1
end_operator
begin_operator
pour-shot-to-clean-shaker shot2 ingredient3 shaker1 right l0 l1
5
0 3
1 6
2 3
38 0
39 0
5
0 3 7 8
0 13 2 3
0 21 0 1
0 33 0 1
0 36 -1 0
1
end_operator
begin_operator
pour-shot-to-clean-shaker shot2 ingredient3 shaker1 right l0 l1
5
0 3
1 7
2 3
38 0
39 0
5
0 3 7 8
0 13 2 3
0 21 0 1
0 33 0 1
0 36 -1 0
1
end_operator
begin_operator
pour-shot-to-clean-shaker shot2 ingredient3 shaker1 right l0 l1
5
0 3
1 8
2 3
38 0
39 0
5
0 3 7 8
0 13 2 3
0 21 0 1
0 33 0 1
0 36 -1 0
1
end_operator
begin_operator
pour-shot-to-clean-shaker shot2 ingredient3 shaker1 right l0 l1
5
0 3
1 9
2 3
38 0
39 0
5
0 3 7 8
0 13 2 3
0 21 0 1
0 33 0 1
0 36 -1 0
1
end_operator
begin_operator
pour-shot-to-clean-shaker shot2 ingredient3 shaker1 right l0 l1
5
0 3
1 10
2 3
38 0
39 0
5
0 3 7 8
0 13 2 3
0 21 0 1
0 33 0 1
0 36 -1 0
1
end_operator
begin_operator
pour-shot-to-clean-shaker shot2 ingredient3 shaker1 right l0 l1
5
0 4
1 0
2 3
38 0
39 0
5
0 3 7 8
0 13 2 3
0 21 0 1
0 33 0 1
0 36 -1 0
1
end_operator
begin_operator
pour-shot-to-clean-shaker shot2 ingredient3 shaker1 right l0 l1
5
0 4
1 1
2 3
38 0
39 0
5
0 3 7 8
0 13 2 3
0 21 0 1
0 33 0 1
0 36 -1 0
1
end_operator
begin_operator
pour-shot-to-clean-shaker shot2 ingredient3 shaker1 right l0 l1
5
0 4
1 2
2 3
38 0
39 0
5
0 3 7 8
0 13 2 3
0 21 0 1
0 33 0 1
0 36 -1 0
1
end_operator
begin_operator
pour-shot-to-clean-shaker shot2 ingredient3 shaker1 right l0 l1
5
0 4
1 4
2 3
38 0
39 0
5
0 3 7 8
0 13 2 3
0 21 0 1
0 33 0 1
0 36 -1 0
1
end_operator
begin_operator
pour-shot-to-clean-shaker shot2 ingredient3 shaker1 right l0 l1
5
0 4
1 5
2 3
38 0
39 0
5
0 3 7 8
0 13 2 3
0 21 0 1
0 33 0 1
0 36 -1 0
1
end_operator
begin_operator
pour-shot-to-clean-shaker shot2 ingredient3 shaker1 right l0 l1
5
0 4
1 6
2 3
38 0
39 0
5
0 3 7 8
0 13 2 3
0 21 0 1
0 33 0 1
0 36 -1 0
1
end_operator
begin_operator
pour-shot-to-clean-shaker shot2 ingredient3 shaker1 right l0 l1
5
0 4
1 7
2 3
38 0
39 0
5
0 3 7 8
0 13 2 3
0 21 0 1
0 33 0 1
0 36 -1 0
1
end_operator
begin_operator
pour-shot-to-clean-shaker shot2 ingredient3 shaker1 right l0 l1
5
0 4
1 8
2 3
38 0
39 0
5
0 3 7 8
0 13 2 3
0 21 0 1
0 33 0 1
0 36 -1 0
1
end_operator
begin_operator
pour-shot-to-clean-shaker shot2 ingredient3 shaker1 right l0 l1
5
0 4
1 9
2 3
38 0
39 0
5
0 3 7 8
0 13 2 3
0 21 0 1
0 33 0 1
0 36 -1 0
1
end_operator
begin_operator
pour-shot-to-clean-shaker shot2 ingredient3 shaker1 right l0 l1
5
0 4
1 10
2 3
38 0
39 0
5
0 3 7 8
0 13 2 3
0 21 0 1
0 33 0 1
0 36 -1 0
1
end_operator
begin_operator
pour-shot-to-clean-shaker shot2 ingredient3 shaker1 right l0 l1
5
0 5
1 0
2 3
38 0
39 0
5
0 3 7 8
0 13 2 3
0 21 0 1
0 33 0 1
0 36 -1 0
1
end_operator
begin_operator
pour-shot-to-clean-shaker shot2 ingredient3 shaker1 right l0 l1
5
0 5
1 1
2 3
38 0
39 0
5
0 3 7 8
0 13 2 3
0 21 0 1
0 33 0 1
0 36 -1 0
1
end_operator
begin_operator
pour-shot-to-clean-shaker shot2 ingredient3 shaker1 right l0 l1
5
0 5
1 2
2 3
38 0
39 0
5
0 3 7 8
0 13 2 3
0 21 0 1
0 33 0 1
0 36 -1 0
1
end_operator
begin_operator
pour-shot-to-clean-shaker shot2 ingredient3 shaker1 right l0 l1
5
0 5
1 4
2 3
38 0
39 0
5
0 3 7 8
0 13 2 3
0 21 0 1
0 33 0 1
0 36 -1 0
1
end_operator
begin_operator
pour-shot-to-clean-shaker shot2 ingredient3 shaker1 right l0 l1
5
0 5
1 5
2 3
38 0
39 0
5
0 3 7 8
0 13 2 3
0 21 0 1
0 33 0 1
0 36 -1 0
1
end_operator
begin_operator
pour-shot-to-clean-shaker shot2 ingredient3 shaker1 right l0 l1
5
0 5
1 6
2 3
38 0
39 0
5
0 3 7 8
0 13 2 3
0 21 0 1
0 33 0 1
0 36 -1 0
1
end_operator
begin_operator
pour-shot-to-clean-shaker shot2 ingredient3 shaker1 right l0 l1
5
0 5
1 7
2 3
38 0
39 0
5
0 3 7 8
0 13 2 3
0 21 0 1
0 33 0 1
0 36 -1 0
1
end_operator
begin_operator
pour-shot-to-clean-shaker shot2 ingredient3 shaker1 right l0 l1
5
0 5
1 8
2 3
38 0
39 0
5
0 3 7 8
0 13 2 3
0 21 0 1
0 33 0 1
0 36 -1 0
1
end_operator
begin_operator
pour-shot-to-clean-shaker shot2 ingredient3 shaker1 right l0 l1
5
0 5
1 9
2 3
38 0
39 0
5
0 3 7 8
0 13 2 3
0 21 0 1
0 33 0 1
0 36 -1 0
1
end_operator
begin_operator
pour-shot-to-clean-shaker shot2 ingredient3 shaker1 right l0 l1
5
0 5
1 10
2 3
38 0
39 0
5
0 3 7 8
0 13 2 3
0 21 0 1
0 33 0 1
0 36 -1 0
1
end_operator
begin_operator
pour-shot-to-clean-shaker shot2 ingredient3 shaker1 right l0 l1
5
0 6
1 0
2 3
38 0
39 0
5
0 3 7 8
0 13 2 3
0 21 0 1
0 33 0 1
0 36 -1 0
1
end_operator
begin_operator
pour-shot-to-clean-shaker shot2 ingredient3 shaker1 right l0 l1
5
0 6
1 1
2 3
38 0
39 0
5
0 3 7 8
0 13 2 3
0 21 0 1
0 33 0 1
0 36 -1 0
1
end_operator
begin_operator
pour-shot-to-clean-shaker shot2 ingredient3 shaker1 right l0 l1
5
0 6
1 2
2 3
38 0
39 0
5
0 3 7 8
0 13 2 3
0 21 0 1
0 33 0 1
0 36 -1 0
1
end_operator
begin_operator
pour-shot-to-clean-shaker shot2 ingredient3 shaker1 right l0 l1
5
0 6
1 4
2 3
38 0
39 0
5
0 3 7 8
0 13 2 3
0 21 0 1
0 33 0 1
0 36 -1 0
1
end_operator
begin_operator
pour-shot-to-clean-shaker shot2 ingredient3 shaker1 right l0 l1
5
0 6
1 5
2 3
38 0
39 0
5
0 3 7 8
0 13 2 3
0 21 0 1
0 33 0 1
0 36 -1 0
1
end_operator
begin_operator
pour-shot-to-clean-shaker shot2 ingredient3 shaker1 right l0 l1
5
0 6
1 6
2 3
38 0
39 0
5
0 3 7 8
0 13 2 3
0 21 0 1
0 33 0 1
0 36 -1 0
1
end_operator
begin_operator
pour-shot-to-clean-shaker shot2 ingredient3 shaker1 right l0 l1
5
0 6
1 7
2 3
38 0
39 0
5
0 3 7 8
0 13 2 3
0 21 0 1
0 33 0 1
0 36 -1 0
1
end_operator
begin_operator
pour-shot-to-clean-shaker shot2 ingredient3 shaker1 right l0 l1
5
0 6
1 8
2 3
38 0
39 0
5
0 3 7 8
0 13 2 3
0 21 0 1
0 33 0 1
0 36 -1 0
1
end_operator
begin_operator
pour-shot-to-clean-shaker shot2 ingredient3 shaker1 right l0 l1
5
0 6
1 9
2 3
38 0
39 0
5
0 3 7 8
0 13 2 3
0 21 0 1
0 33 0 1
0 36 -1 0
1
end_operator
begin_operator
pour-shot-to-clean-shaker shot2 ingredient3 shaker1 right l0 l1
5
0 6
1 10
2 3
38 0
39 0
5
0 3 7 8
0 13 2 3
0 21 0 1
0 33 0 1
0 36 -1 0
1
end_operator
begin_operator
pour-shot-to-clean-shaker shot2 ingredient3 shaker1 right l0 l1
5
0 7
1 0
2 3
38 0
39 0
5
0 3 7 8
0 13 2 3
0 21 0 1
0 33 0 1
0 36 -1 0
1
end_operator
begin_operator
pour-shot-to-clean-shaker shot2 ingredient3 shaker1 right l0 l1
5
0 7
1 1
2 3
38 0
39 0
5
0 3 7 8
0 13 2 3
0 21 0 1
0 33 0 1
0 36 -1 0
1
end_operator
begin_operator
pour-shot-to-clean-shaker shot2 ingredient3 shaker1 right l0 l1
5
0 7
1 2
2 3
38 0
39 0
5
0 3 7 8
0 13 2 3
0 21 0 1
0 33 0 1
0 36 -1 0
1
end_operator
begin_operator
pour-shot-to-clean-shaker shot2 ingredient3 shaker1 right l0 l1
5
0 7
1 4
2 3
38 0
39 0
5
0 3 7 8
0 13 2 3
0 21 0 1
0 33 0 1
0 36 -1 0
1
end_operator
begin_operator
pour-shot-to-clean-shaker shot2 ingredient3 shaker1 right l0 l1
5
0 7
1 5
2 3
38 0
39 0
5
0 3 7 8
0 13 2 3
0 21 0 1
0 33 0 1
0 36 -1 0
1
end_operator
begin_operator
pour-shot-to-clean-shaker shot2 ingredient3 shaker1 right l0 l1
5
0 7
1 6
2 3
38 0
39 0
5
0 3 7 8
0 13 2 3
0 21 0 1
0 33 0 1
0 36 -1 0
1
end_operator
begin_operator
pour-shot-to-clean-shaker shot2 ingredient3 shaker1 right l0 l1
5
0 7
1 7
2 3
38 0
39 0
5
0 3 7 8
0 13 2 3
0 21 0 1
0 33 0 1
0 36 -1 0
1
end_operator
begin_operator
pour-shot-to-clean-shaker shot2 ingredient3 shaker1 right l0 l1
5
0 7
1 8
2 3
38 0
39 0
5
0 3 7 8
0 13 2 3
0 21 0 1
0 33 0 1
0 36 -1 0
1
end_operator
begin_operator
pour-shot-to-clean-shaker shot2 ingredient3 shaker1 right l0 l1
5
0 7
1 9
2 3
38 0
39 0
5
0 3 7 8
0 13 2 3
0 21 0 1
0 33 0 1
0 36 -1 0
1
end_operator
begin_operator
pour-shot-to-clean-shaker shot2 ingredient3 shaker1 right l0 l1
5
0 7
1 10
2 3
38 0
39 0
5
0 3 7 8
0 13 2 3
0 21 0 1
0 33 0 1
0 36 -1 0
1
end_operator
begin_operator
pour-shot-to-clean-shaker shot2 ingredient3 shaker1 right l0 l1
5
0 8
1 0
2 3
38 0
39 0
5
0 3 7 8
0 13 2 3
0 21 0 1
0 33 0 1
0 36 -1 0
1
end_operator
begin_operator
pour-shot-to-clean-shaker shot2 ingredient3 shaker1 right l0 l1
5
0 8
1 1
2 3
38 0
39 0
5
0 3 7 8
0 13 2 3
0 21 0 1
0 33 0 1
0 36 -1 0
1
end_operator
begin_operator
pour-shot-to-clean-shaker shot2 ingredient3 shaker1 right l0 l1
5
0 8
1 2
2 3
38 0
39 0
5
0 3 7 8
0 13 2 3
0 21 0 1
0 33 0 1
0 36 -1 0
1
end_operator
begin_operator
pour-shot-to-clean-shaker shot2 ingredient3 shaker1 right l0 l1
5
0 8
1 4
2 3
38 0
39 0
5
0 3 7 8
0 13 2 3
0 21 0 1
0 33 0 1
0 36 -1 0
1
end_operator
begin_operator
pour-shot-to-clean-shaker shot2 ingredient3 shaker1 right l0 l1
5
0 8
1 5
2 3
38 0
39 0
5
0 3 7 8
0 13 2 3
0 21 0 1
0 33 0 1
0 36 -1 0
1
end_operator
begin_operator
pour-shot-to-clean-shaker shot2 ingredient3 shaker1 right l0 l1
5
0 8
1 6
2 3
38 0
39 0
5
0 3 7 8
0 13 2 3
0 21 0 1
0 33 0 1
0 36 -1 0
1
end_operator
begin_operator
pour-shot-to-clean-shaker shot2 ingredient3 shaker1 right l0 l1
5
0 8
1 7
2 3
38 0
39 0
5
0 3 7 8
0 13 2 3
0 21 0 1
0 33 0 1
0 36 -1 0
1
end_operator
begin_operator
pour-shot-to-clean-shaker shot2 ingredient3 shaker1 right l0 l1
5
0 8
1 8
2 3
38 0
39 0
5
0 3 7 8
0 13 2 3
0 21 0 1
0 33 0 1
0 36 -1 0
1
end_operator
begin_operator
pour-shot-to-clean-shaker shot2 ingredient3 shaker1 right l0 l1
5
0 8
1 9
2 3
38 0
39 0
5
0 3 7 8
0 13 2 3
0 21 0 1
0 33 0 1
0 36 -1 0
1
end_operator
begin_operator
pour-shot-to-clean-shaker shot2 ingredient3 shaker1 right l0 l1
5
0 8
1 10
2 3
38 0
39 0
5
0 3 7 8
0 13 2 3
0 21 0 1
0 33 0 1
0 36 -1 0
1
end_operator
begin_operator
pour-shot-to-clean-shaker shot2 ingredient3 shaker1 right l0 l1
5
0 9
1 0
2 3
38 0
39 0
5
0 3 7 8
0 13 2 3
0 21 0 1
0 33 0 1
0 36 -1 0
1
end_operator
begin_operator
pour-shot-to-clean-shaker shot2 ingredient3 shaker1 right l0 l1
5
0 9
1 1
2 3
38 0
39 0
5
0 3 7 8
0 13 2 3
0 21 0 1
0 33 0 1
0 36 -1 0
1
end_operator
begin_operator
pour-shot-to-clean-shaker shot2 ingredient3 shaker1 right l0 l1
5
0 9
1 2
2 3
38 0
39 0
5
0 3 7 8
0 13 2 3
0 21 0 1
0 33 0 1
0 36 -1 0
1
end_operator
begin_operator
pour-shot-to-clean-shaker shot2 ingredient3 shaker1 right l0 l1
5
0 9
1 4
2 3
38 0
39 0
5
0 3 7 8
0 13 2 3
0 21 0 1
0 33 0 1
0 36 -1 0
1
end_operator
begin_operator
pour-shot-to-clean-shaker shot2 ingredient3 shaker1 right l0 l1
5
0 9
1 5
2 3
38 0
39 0
5
0 3 7 8
0 13 2 3
0 21 0 1
0 33 0 1
0 36 -1 0
1
end_operator
begin_operator
pour-shot-to-clean-shaker shot2 ingredient3 shaker1 right l0 l1
5
0 9
1 6
2 3
38 0
39 0
5
0 3 7 8
0 13 2 3
0 21 0 1
0 33 0 1
0 36 -1 0
1
end_operator
begin_operator
pour-shot-to-clean-shaker shot2 ingredient3 shaker1 right l0 l1
5
0 9
1 7
2 3
38 0
39 0
5
0 3 7 8
0 13 2 3
0 21 0 1
0 33 0 1
0 36 -1 0
1
end_operator
begin_operator
pour-shot-to-clean-shaker shot2 ingredient3 shaker1 right l0 l1
5
0 9
1 8
2 3
38 0
39 0
5
0 3 7 8
0 13 2 3
0 21 0 1
0 33 0 1
0 36 -1 0
1
end_operator
begin_operator
pour-shot-to-clean-shaker shot2 ingredient3 shaker1 right l0 l1
5
0 9
1 9
2 3
38 0
39 0
5
0 3 7 8
0 13 2 3
0 21 0 1
0 33 0 1
0 36 -1 0
1
end_operator
begin_operator
pour-shot-to-clean-shaker shot2 ingredient3 shaker1 right l0 l1
5
0 9
1 10
2 3
38 0
39 0
5
0 3 7 8
0 13 2 3
0 21 0 1
0 33 0 1
0 36 -1 0
1
end_operator
begin_operator
pour-shot-to-clean-shaker shot2 ingredient3 shaker1 right l0 l1
5
0 10
1 0
2 3
38 0
39 0
5
0 3 7 8
0 13 2 3
0 21 0 1
0 33 0 1
0 36 -1 0
1
end_operator
begin_operator
pour-shot-to-clean-shaker shot2 ingredient3 shaker1 right l0 l1
5
0 10
1 1
2 3
38 0
39 0
5
0 3 7 8
0 13 2 3
0 21 0 1
0 33 0 1
0 36 -1 0
1
end_operator
begin_operator
pour-shot-to-clean-shaker shot2 ingredient3 shaker1 right l0 l1
5
0 10
1 2
2 3
38 0
39 0
5
0 3 7 8
0 13 2 3
0 21 0 1
0 33 0 1
0 36 -1 0
1
end_operator
begin_operator
pour-shot-to-clean-shaker shot2 ingredient3 shaker1 right l0 l1
5
0 10
1 4
2 3
38 0
39 0
5
0 3 7 8
0 13 2 3
0 21 0 1
0 33 0 1
0 36 -1 0
1
end_operator
begin_operator
pour-shot-to-clean-shaker shot2 ingredient3 shaker1 right l0 l1
5
0 10
1 5
2 3
38 0
39 0
5
0 3 7 8
0 13 2 3
0 21 0 1
0 33 0 1
0 36 -1 0
1
end_operator
begin_operator
pour-shot-to-clean-shaker shot2 ingredient3 shaker1 right l0 l1
5
0 10
1 6
2 3
38 0
39 0
5
0 3 7 8
0 13 2 3
0 21 0 1
0 33 0 1
0 36 -1 0
1
end_operator
begin_operator
pour-shot-to-clean-shaker shot2 ingredient3 shaker1 right l0 l1
5
0 10
1 7
2 3
38 0
39 0
5
0 3 7 8
0 13 2 3
0 21 0 1
0 33 0 1
0 36 -1 0
1
end_operator
begin_operator
pour-shot-to-clean-shaker shot2 ingredient3 shaker1 right l0 l1
5
0 10
1 8
2 3
38 0
39 0
5
0 3 7 8
0 13 2 3
0 21 0 1
0 33 0 1
0 36 -1 0
1
end_operator
begin_operator
pour-shot-to-clean-shaker shot2 ingredient3 shaker1 right l0 l1
5
0 10
1 9
2 3
38 0
39 0
5
0 3 7 8
0 13 2 3
0 21 0 1
0 33 0 1
0 36 -1 0
1
end_operator
begin_operator
pour-shot-to-clean-shaker shot2 ingredient3 shaker1 right l0 l1
5
0 10
1 10
2 3
38 0
39 0
5
0 3 7 8
0 13 2 3
0 21 0 1
0 33 0 1
0 36 -1 0
1
end_operator
begin_operator
pour-shot-to-clean-shaker shot2 ingredient3 shaker1 right l0 l1
5
0 11
1 0
2 3
38 0
39 0
5
0 3 7 8
0 13 2 3
0 21 0 1
0 33 0 1
0 36 -1 0
1
end_operator
begin_operator
pour-shot-to-clean-shaker shot2 ingredient3 shaker1 right l0 l1
5
0 11
1 1
2 3
38 0
39 0
5
0 3 7 8
0 13 2 3
0 21 0 1
0 33 0 1
0 36 -1 0
1
end_operator
begin_operator
pour-shot-to-clean-shaker shot2 ingredient3 shaker1 right l0 l1
5
0 11
1 2
2 3
38 0
39 0
5
0 3 7 8
0 13 2 3
0 21 0 1
0 33 0 1
0 36 -1 0
1
end_operator
begin_operator
pour-shot-to-clean-shaker shot2 ingredient3 shaker1 right l0 l1
5
0 11
1 4
2 3
38 0
39 0
5
0 3 7 8
0 13 2 3
0 21 0 1
0 33 0 1
0 36 -1 0
1
end_operator
begin_operator
pour-shot-to-clean-shaker shot2 ingredient3 shaker1 right l0 l1
5
0 11
1 5
2 3
38 0
39 0
5
0 3 7 8
0 13 2 3
0 21 0 1
0 33 0 1
0 36 -1 0
1
end_operator
begin_operator
pour-shot-to-clean-shaker shot2 ingredient3 shaker1 right l0 l1
5
0 11
1 6
2 3
38 0
39 0
5
0 3 7 8
0 13 2 3
0 21 0 1
0 33 0 1
0 36 -1 0
1
end_operator
begin_operator
pour-shot-to-clean-shaker shot2 ingredient3 shaker1 right l0 l1
5
0 11
1 7
2 3
38 0
39 0
5
0 3 7 8
0 13 2 3
0 21 0 1
0 33 0 1
0 36 -1 0
1
end_operator
begin_operator
pour-shot-to-clean-shaker shot2 ingredient3 shaker1 right l0 l1
5
0 11
1 8
2 3
38 0
39 0
5
0 3 7 8
0 13 2 3
0 21 0 1
0 33 0 1
0 36 -1 0
1
end_operator
begin_operator
pour-shot-to-clean-shaker shot2 ingredient3 shaker1 right l0 l1
5
0 11
1 9
2 3
38 0
39 0
5
0 3 7 8
0 13 2 3
0 21 0 1
0 33 0 1
0 36 -1 0
1
end_operator
begin_operator
pour-shot-to-clean-shaker shot2 ingredient3 shaker1 right l0 l1
5
0 11
1 10
2 3
38 0
39 0
5
0 3 7 8
0 13 2 3
0 21 0 1
0 33 0 1
0 36 -1 0
1
end_operator
begin_operator
pour-shot-to-clean-shaker shot2 ingredient3 shaker1 right l0 l1
4
0 0
1 1
2 3
39 0
6
0 3 7 8
0 13 2 3
0 21 0 1
0 33 0 1
0 36 1 0
0 38 1 0
1
end_operator
begin_operator
pour-shot-to-clean-shaker shot2 ingredient3 shaker1 right l0 l1
4
0 0
1 2
2 3
39 0
6
0 3 7 8
0 13 2 3
0 21 0 1
0 33 0 1
0 36 1 0
0 38 1 0
1
end_operator
begin_operator
pour-shot-to-clean-shaker shot2 ingredient3 shaker1 right l0 l1
4
0 0
1 4
2 3
39 0
6
0 3 7 8
0 13 2 3
0 21 0 1
0 33 0 1
0 36 1 0
0 38 1 0
1
end_operator
begin_operator
pour-shot-to-clean-shaker shot2 ingredient3 shaker1 right l0 l1
4
0 0
1 5
2 3
39 0
6
0 3 7 8
0 13 2 3
0 21 0 1
0 33 0 1
0 36 1 0
0 38 1 0
1
end_operator
begin_operator
pour-shot-to-clean-shaker shot2 ingredient3 shaker1 right l0 l1
4
0 0
1 6
2 3
39 0
6
0 3 7 8
0 13 2 3
0 21 0 1
0 33 0 1
0 36 1 0
0 38 1 0
1
end_operator
begin_operator
pour-shot-to-clean-shaker shot2 ingredient3 shaker1 right l0 l1
4
0 0
1 7
2 3
39 0
6
0 3 7 8
0 13 2 3
0 21 0 1
0 33 0 1
0 36 1 0
0 38 1 0
1
end_operator
begin_operator
pour-shot-to-clean-shaker shot2 ingredient3 shaker1 right l0 l1
4
0 0
1 8
2 3
39 0
6
0 3 7 8
0 13 2 3
0 21 0 1
0 33 0 1
0 36 1 0
0 38 1 0
1
end_operator
begin_operator
pour-shot-to-clean-shaker shot2 ingredient3 shaker1 right l0 l1
4
0 0
1 9
2 3
39 0
6
0 3 7 8
0 13 2 3
0 21 0 1
0 33 0 1
0 36 1 0
0 38 1 0
1
end_operator
begin_operator
pour-shot-to-clean-shaker shot2 ingredient3 shaker1 right l0 l1
4
0 0
1 10
2 3
39 0
6
0 3 7 8
0 13 2 3
0 21 0 1
0 33 0 1
0 36 1 0
0 38 1 0
1
end_operator
begin_operator
pour-shot-to-clean-shaker shot2 ingredient3 shaker1 right l0 l1
3
0 0
1 0
2 3
7
0 3 7 8
0 13 2 3
0 21 0 1
0 33 0 1
0 36 1 0
0 38 1 0
0 39 1 0
1
end_operator
begin_operator
pour-shot-to-clean-shaker shot3 ingredient1 shaker1 left l0 l1
1
1 4
5
0 3 7 8
0 14 0 3
0 21 0 1
0 33 0 1
0 34 -1 0
1
end_operator
begin_operator
pour-shot-to-clean-shaker shot3 ingredient1 shaker1 right l0 l1
1
2 4
5
0 3 7 8
0 14 0 3
0 21 0 1
0 33 0 1
0 34 -1 0
1
end_operator
begin_operator
pour-shot-to-clean-shaker shot3 ingredient2 shaker1 left l0 l1
1
1 4
5
0 3 7 8
0 14 1 3
0 21 0 1
0 33 0 1
0 35 -1 0
1
end_operator
begin_operator
pour-shot-to-clean-shaker shot3 ingredient2 shaker1 right l0 l1
1
2 4
5
0 3 7 8
0 14 1 3
0 21 0 1
0 33 0 1
0 35 -1 0
1
end_operator
begin_operator
pour-shot-to-clean-shaker shot3 ingredient3 shaker1 left l0 l1
3
0 0
1 4
38 0
5
0 3 7 8
0 14 2 3
0 21 0 1
0 33 0 1
0 36 -1 0
1
end_operator
begin_operator
pour-shot-to-clean-shaker shot3 ingredient3 shaker1 left l0 l1
3
0 1
1 4
38 0
5
0 3 7 8
0 14 2 3
0 21 0 1
0 33 0 1
0 36 -1 0
1
end_operator
begin_operator
pour-shot-to-clean-shaker shot3 ingredient3 shaker1 left l0 l1
3
0 2
1 4
38 0
5
0 3 7 8
0 14 2 3
0 21 0 1
0 33 0 1
0 36 -1 0
1
end_operator
begin_operator
pour-shot-to-clean-shaker shot3 ingredient3 shaker1 left l0 l1
3
0 3
1 4
38 0
5
0 3 7 8
0 14 2 3
0 21 0 1
0 33 0 1
0 36 -1 0
1
end_operator
begin_operator
pour-shot-to-clean-shaker shot3 ingredient3 shaker1 left l0 l1
3
0 4
1 4
38 0
5
0 3 7 8
0 14 2 3
0 21 0 1
0 33 0 1
0 36 -1 0
1
end_operator
begin_operator
pour-shot-to-clean-shaker shot3 ingredient3 shaker1 left l0 l1
3
0 5
1 4
38 0
5
0 3 7 8
0 14 2 3
0 21 0 1
0 33 0 1
0 36 -1 0
1
end_operator
begin_operator
pour-shot-to-clean-shaker shot3 ingredient3 shaker1 left l0 l1
3
0 6
1 4
38 0
5
0 3 7 8
0 14 2 3
0 21 0 1
0 33 0 1
0 36 -1 0
1
end_operator
begin_operator
pour-shot-to-clean-shaker shot3 ingredient3 shaker1 left l0 l1
3
0 7
1 4
38 0
5
0 3 7 8
0 14 2 3
0 21 0 1
0 33 0 1
0 36 -1 0
1
end_operator
begin_operator
pour-shot-to-clean-shaker shot3 ingredient3 shaker1 left l0 l1
3
0 8
1 4
38 0
5
0 3 7 8
0 14 2 3
0 21 0 1
0 33 0 1
0 36 -1 0
1
end_operator
begin_operator
pour-shot-to-clean-shaker shot3 ingredient3 shaker1 left l0 l1
3
0 9
1 4
38 0
5
0 3 7 8
0 14 2 3
0 21 0 1
0 33 0 1
0 36 -1 0
1
end_operator
begin_operator
pour-shot-to-clean-shaker shot3 ingredient3 shaker1 left l0 l1
3
0 10
1 4
38 0
5
0 3 7 8
0 14 2 3
0 21 0 1
0 33 0 1
0 36 -1 0
1
end_operator
begin_operator
pour-shot-to-clean-shaker shot3 ingredient3 shaker1 left l0 l1
3
0 11
1 4
38 0
5
0 3 7 8
0 14 2 3
0 21 0 1
0 33 0 1
0 36 -1 0
1
end_operator
begin_operator
pour-shot-to-clean-shaker shot3 ingredient3 shaker1 left l0 l1
2
0 0
1 4
6
0 3 7 8
0 14 2 3
0 21 0 1
0 33 0 1
0 36 1 0
0 38 1 0
1
end_operator
begin_operator
pour-shot-to-clean-shaker shot3 ingredient3 shaker1 right l0 l1
5
0 0
1 0
2 4
38 0
39 0
5
0 3 7 8
0 14 2 3
0 21 0 1
0 33 0 1
0 36 -1 0
1
end_operator
begin_operator
pour-shot-to-clean-shaker shot3 ingredient3 shaker1 right l0 l1
5
0 0
1 1
2 4
38 0
39 0
5
0 3 7 8
0 14 2 3
0 21 0 1
0 33 0 1
0 36 -1 0
1
end_operator
begin_operator
pour-shot-to-clean-shaker shot3 ingredient3 shaker1 right l0 l1
5
0 0
1 2
2 4
38 0
39 0
5
0 3 7 8
0 14 2 3
0 21 0 1
0 33 0 1
0 36 -1 0
1
end_operator
begin_operator
pour-shot-to-clean-shaker shot3 ingredient3 shaker1 right l0 l1
5
0 0
1 3
2 4
38 0
39 0
5
0 3 7 8
0 14 2 3
0 21 0 1
0 33 0 1
0 36 -1 0
1
end_operator
begin_operator
pour-shot-to-clean-shaker shot3 ingredient3 shaker1 right l0 l1
5
0 0
1 5
2 4
38 0
39 0
5
0 3 7 8
0 14 2 3
0 21 0 1
0 33 0 1
0 36 -1 0
1
end_operator
begin_operator
pour-shot-to-clean-shaker shot3 ingredient3 shaker1 right l0 l1
5
0 0
1 6
2 4
38 0
39 0
5
0 3 7 8
0 14 2 3
0 21 0 1
0 33 0 1
0 36 -1 0
1
end_operator
begin_operator
pour-shot-to-clean-shaker shot3 ingredient3 shaker1 right l0 l1
5
0 0
1 7
2 4
38 0
39 0
5
0 3 7 8
0 14 2 3
0 21 0 1
0 33 0 1
0 36 -1 0
1
end_operator
begin_operator
pour-shot-to-clean-shaker shot3 ingredient3 shaker1 right l0 l1
5
0 0
1 8
2 4
38 0
39 0
5
0 3 7 8
0 14 2 3
0 21 0 1
0 33 0 1
0 36 -1 0
1
end_operator
begin_operator
pour-shot-to-clean-shaker shot3 ingredient3 shaker1 right l0 l1
5
0 0
1 9
2 4
38 0
39 0
5
0 3 7 8
0 14 2 3
0 21 0 1
0 33 0 1
0 36 -1 0
1
end_operator
begin_operator
pour-shot-to-clean-shaker shot3 ingredient3 shaker1 right l0 l1
5
0 0
1 10
2 4
38 0
39 0
5
0 3 7 8
0 14 2 3
0 21 0 1
0 33 0 1
0 36 -1 0
1
end_operator
begin_operator
pour-shot-to-clean-shaker shot3 ingredient3 shaker1 right l0 l1
5
0 1
1 0
2 4
38 0
39 0
5
0 3 7 8
0 14 2 3
0 21 0 1
0 33 0 1
0 36 -1 0
1
end_operator
begin_operator
pour-shot-to-clean-shaker shot3 ingredient3 shaker1 right l0 l1
5
0 1
1 1
2 4
38 0
39 0
5
0 3 7 8
0 14 2 3
0 21 0 1
0 33 0 1
0 36 -1 0
1
end_operator
begin_operator
pour-shot-to-clean-shaker shot3 ingredient3 shaker1 right l0 l1
5
0 1
1 2
2 4
38 0
39 0
5
0 3 7 8
0 14 2 3
0 21 0 1
0 33 0 1
0 36 -1 0
1
end_operator
begin_operator
pour-shot-to-clean-shaker shot3 ingredient3 shaker1 right l0 l1
5
0 1
1 3
2 4
38 0
39 0
5
0 3 7 8
0 14 2 3
0 21 0 1
0 33 0 1
0 36 -1 0
1
end_operator
begin_operator
pour-shot-to-clean-shaker shot3 ingredient3 shaker1 right l0 l1
5
0 1
1 5
2 4
38 0
39 0
5
0 3 7 8
0 14 2 3
0 21 0 1
0 33 0 1
0 36 -1 0
1
end_operator
begin_operator
pour-shot-to-clean-shaker shot3 ingredient3 shaker1 right l0 l1
5
0 1
1 6
2 4
38 0
39 0
5
0 3 7 8
0 14 2 3
0 21 0 1
0 33 0 1
0 36 -1 0
1
end_operator
begin_operator
pour-shot-to-clean-shaker shot3 ingredient3 shaker1 right l0 l1
5
0 1
1 7
2 4
38 0
39 0
5
0 3 7 8
0 14 2 3
0 21 0 1
0 33 0 1
0 36 -1 0
1
end_operator
begin_operator
pour-shot-to-clean-shaker shot3 ingredient3 shaker1 right l0 l1
5
0 1
1 8
2 4
38 0
39 0
5
0 3 7 8
0 14 2 3
0 21 0 1
0 33 0 1
0 36 -1 0
1
end_operator
begin_operator
pour-shot-to-clean-shaker shot3 ingredient3 shaker1 right l0 l1
5
0 1
1 9
2 4
38 0
39 0
5
0 3 7 8
0 14 2 3
0 21 0 1
0 33 0 1
0 36 -1 0
1
end_operator
begin_operator
pour-shot-to-clean-shaker shot3 ingredient3 shaker1 right l0 l1
5
0 1
1 10
2 4
38 0
39 0
5
0 3 7 8
0 14 2 3
0 21 0 1
0 33 0 1
0 36 -1 0
1
end_operator
begin_operator
pour-shot-to-clean-shaker shot3 ingredient3 shaker1 right l0 l1
5
0 2
1 0
2 4
38 0
39 0
5
0 3 7 8
0 14 2 3
0 21 0 1
0 33 0 1
0 36 -1 0
1
end_operator
begin_operator
pour-shot-to-clean-shaker shot3 ingredient3 shaker1 right l0 l1
5
0 2
1 1
2 4
38 0
39 0
5
0 3 7 8
0 14 2 3
0 21 0 1
0 33 0 1
0 36 -1 0
1
end_operator
begin_operator
pour-shot-to-clean-shaker shot3 ingredient3 shaker1 right l0 l1
5
0 2
1 2
2 4
38 0
39 0
5
0 3 7 8
0 14 2 3
0 21 0 1
0 33 0 1
0 36 -1 0
1
end_operator
begin_operator
pour-shot-to-clean-shaker shot3 ingredient3 shaker1 right l0 l1
5
0 2
1 3
2 4
38 0
39 0
5
0 3 7 8
0 14 2 3
0 21 0 1
0 33 0 1
0 36 -1 0
1
end_operator
begin_operator
pour-shot-to-clean-shaker shot3 ingredient3 shaker1 right l0 l1
5
0 2
1 5
2 4
38 0
39 0
5
0 3 7 8
0 14 2 3
0 21 0 1
0 33 0 1
0 36 -1 0
1
end_operator
begin_operator
pour-shot-to-clean-shaker shot3 ingredient3 shaker1 right l0 l1
5
0 2
1 6
2 4
38 0
39 0
5
0 3 7 8
0 14 2 3
0 21 0 1
0 33 0 1
0 36 -1 0
1
end_operator
begin_operator
pour-shot-to-clean-shaker shot3 ingredient3 shaker1 right l0 l1
5
0 2
1 7
2 4
38 0
39 0
5
0 3 7 8
0 14 2 3
0 21 0 1
0 33 0 1
0 36 -1 0
1
end_operator
begin_operator
pour-shot-to-clean-shaker shot3 ingredient3 shaker1 right l0 l1
5
0 2
1 8
2 4
38 0
39 0
5
0 3 7 8
0 14 2 3
0 21 0 1
0 33 0 1
0 36 -1 0
1
end_operator
begin_operator
pour-shot-to-clean-shaker shot3 ingredient3 shaker1 right l0 l1
5
0 2
1 9
2 4
38 0
39 0
5
0 3 7 8
0 14 2 3
0 21 0 1
0 33 0 1
0 36 -1 0
1
end_operator
begin_operator
pour-shot-to-clean-shaker shot3 ingredient3 shaker1 right l0 l1
5
0 2
1 10
2 4
38 0
39 0
5
0 3 7 8
0 14 2 3
0 21 0 1
0 33 0 1
0 36 -1 0
1
end_operator
begin_operator
pour-shot-to-clean-shaker shot3 ingredient3 shaker1 right l0 l1
5
0 3
1 0
2 4
38 0
39 0
5
0 3 7 8
0 14 2 3
0 21 0 1
0 33 0 1
0 36 -1 0
1
end_operator
begin_operator
pour-shot-to-clean-shaker shot3 ingredient3 shaker1 right l0 l1
5
0 3
1 1
2 4
38 0
39 0
5
0 3 7 8
0 14 2 3
0 21 0 1
0 33 0 1
0 36 -1 0
1
end_operator
begin_operator
pour-shot-to-clean-shaker shot3 ingredient3 shaker1 right l0 l1
5
0 3
1 2
2 4
38 0
39 0
5
0 3 7 8
0 14 2 3
0 21 0 1
0 33 0 1
0 36 -1 0
1
end_operator
begin_operator
pour-shot-to-clean-shaker shot3 ingredient3 shaker1 right l0 l1
5
0 3
1 3
2 4
38 0
39 0
5
0 3 7 8
0 14 2 3
0 21 0 1
0 33 0 1
0 36 -1 0
1
end_operator
begin_operator
pour-shot-to-clean-shaker shot3 ingredient3 shaker1 right l0 l1
5
0 3
1 5
2 4
38 0
39 0
5
0 3 7 8
0 14 2 3
0 21 0 1
0 33 0 1
0 36 -1 0
1
end_operator
begin_operator
pour-shot-to-clean-shaker shot3 ingredient3 shaker1 right l0 l1
5
0 3
1 6
2 4
38 0
39 0
5
0 3 7 8
0 14 2 3
0 21 0 1
0 33 0 1
0 36 -1 0
1
end_operator
begin_operator
pour-shot-to-clean-shaker shot3 ingredient3 shaker1 right l0 l1
5
0 3
1 7
2 4
38 0
39 0
5
0 3 7 8
0 14 2 3
0 21 0 1
0 33 0 1
0 36 -1 0
1
end_operator
begin_operator
pour-shot-to-clean-shaker shot3 ingredient3 shaker1 right l0 l1
5
0 3
1 8
2 4
38 0
39 0
5
0 3 7 8
0 14 2 3
0 21 0 1
0 33 0 1
0 36 -1 0
1
end_operator
begin_operator
pour-shot-to-clean-shaker shot3 ingredient3 shaker1 right l0 l1
5
0 3
1 9
2 4
38 0
39 0
5
0 3 7 8
0 14 2 3
0 21 0 1
0 33 0 1
0 36 -1 0
1
end_operator
begin_operator
pour-shot-to-clean-shaker shot3 ingredient3 shaker1 right l0 l1
5
0 3
1 10
2 4
38 0
39 0
5
0 3 7 8
0 14 2 3
0 21 0 1
0 33 0 1
0 36 -1 0
1
end_operator
begin_operator
pour-shot-to-clean-shaker shot3 ingredient3 shaker1 right l0 l1
5
0 4
1 0
2 4
38 0
39 0
5
0 3 7 8
0 14 2 3
0 21 0 1
0 33 0 1
0 36 -1 0
1
end_operator
begin_operator
pour-shot-to-clean-shaker shot3 ingredient3 shaker1 right l0 l1
5
0 4
1 1
2 4
38 0
39 0
5
0 3 7 8
0 14 2 3
0 21 0 1
0 33 0 1
0 36 -1 0
1
end_operator
begin_operator
pour-shot-to-clean-shaker shot3 ingredient3 shaker1 right l0 l1
5
0 4
1 2
2 4
38 0
39 0
5
0 3 7 8
0 14 2 3
0 21 0 1
0 33 0 1
0 36 -1 0
1
end_operator
begin_operator
pour-shot-to-clean-shaker shot3 ingredient3 shaker1 right l0 l1
5
0 4
1 3
2 4
38 0
39 0
5
0 3 7 8
0 14 2 3
0 21 0 1
0 33 0 1
0 36 -1 0
1
end_operator
begin_operator
pour-shot-to-clean-shaker shot3 ingredient3 shaker1 right l0 l1
5
0 4
1 5
2 4
38 0
39 0
5
0 3 7 8
0 14 2 3
0 21 0 1
0 33 0 1
0 36 -1 0
1
end_operator
begin_operator
pour-shot-to-clean-shaker shot3 ingredient3 shaker1 right l0 l1
5
0 4
1 6
2 4
38 0
39 0
5
0 3 7 8
0 14 2 3
0 21 0 1
0 33 0 1
0 36 -1 0
1
end_operator
begin_operator
pour-shot-to-clean-shaker shot3 ingredient3 shaker1 right l0 l1
5
0 4
1 7
2 4
38 0
39 0
5
0 3 7 8
0 14 2 3
0 21 0 1
0 33 0 1
0 36 -1 0
1
end_operator
begin_operator
pour-shot-to-clean-shaker shot3 ingredient3 shaker1 right l0 l1
5
0 4
1 8
2 4
38 0
39 0
5
0 3 7 8
0 14 2 3
0 21 0 1
0 33 0 1
0 36 -1 0
1
end_operator
begin_operator
pour-shot-to-clean-shaker shot3 ingredient3 shaker1 right l0 l1
5
0 4
1 9
2 4
38 0
39 0
5
0 3 7 8
0 14 2 3
0 21 0 1
0 33 0 1
0 36 -1 0
1
end_operator
begin_operator
pour-shot-to-clean-shaker shot3 ingredient3 shaker1 right l0 l1
5
0 4
1 10
2 4
38 0
39 0
5
0 3 7 8
0 14 2 3
0 21 0 1
0 33 0 1
0 36 -1 0
1
end_operator
begin_operator
pour-shot-to-clean-shaker shot3 ingredient3 shaker1 right l0 l1
5
0 5
1 0
2 4
38 0
39 0
5
0 3 7 8
0 14 2 3
0 21 0 1
0 33 0 1
0 36 -1 0
1
end_operator
begin_operator
pour-shot-to-clean-shaker shot3 ingredient3 shaker1 right l0 l1
5
0 5
1 1
2 4
38 0
39 0
5
0 3 7 8
0 14 2 3
0 21 0 1
0 33 0 1
0 36 -1 0
1
end_operator
begin_operator
pour-shot-to-clean-shaker shot3 ingredient3 shaker1 right l0 l1
5
0 5
1 2
2 4
38 0
39 0
5
0 3 7 8
0 14 2 3
0 21 0 1
0 33 0 1
0 36 -1 0
1
end_operator
begin_operator
pour-shot-to-clean-shaker shot3 ingredient3 shaker1 right l0 l1
5
0 5
1 3
2 4
38 0
39 0
5
0 3 7 8
0 14 2 3
0 21 0 1
0 33 0 1
0 36 -1 0
1
end_operator
begin_operator
pour-shot-to-clean-shaker shot3 ingredient3 shaker1 right l0 l1
5
0 5
1 5
2 4
38 0
39 0
5
0 3 7 8
0 14 2 3
0 21 0 1
0 33 0 1
0 36 -1 0
1
end_operator
begin_operator
pour-shot-to-clean-shaker shot3 ingredient3 shaker1 right l0 l1
5
0 5
1 6
2 4
38 0
39 0
5
0 3 7 8
0 14 2 3
0 21 0 1
0 33 0 1
0 36 -1 0
1
end_operator
begin_operator
pour-shot-to-clean-shaker shot3 ingredient3 shaker1 right l0 l1
5
0 5
1 7
2 4
38 0
39 0
5
0 3 7 8
0 14 2 3
0 21 0 1
0 33 0 1
0 36 -1 0
1
end_operator
begin_operator
pour-shot-to-clean-shaker shot3 ingredient3 shaker1 right l0 l1
5
0 5
1 8
2 4
38 0
39 0
5
0 3 7 8
0 14 2 3
0 21 0 1
0 33 0 1
0 36 -1 0
1
end_operator
begin_operator
pour-shot-to-clean-shaker shot3 ingredient3 shaker1 right l0 l1
5
0 5
1 9
2 4
38 0
39 0
5
0 3 7 8
0 14 2 3
0 21 0 1
0 33 0 1
0 36 -1 0
1
end_operator
begin_operator
pour-shot-to-clean-shaker shot3 ingredient3 shaker1 right l0 l1
5
0 5
1 10
2 4
38 0
39 0
5
0 3 7 8
0 14 2 3
0 21 0 1
0 33 0 1
0 36 -1 0
1
end_operator
begin_operator
pour-shot-to-clean-shaker shot3 ingredient3 shaker1 right l0 l1
5
0 6
1 0
2 4
38 0
39 0
5
0 3 7 8
0 14 2 3
0 21 0 1
0 33 0 1
0 36 -1 0
1
end_operator
begin_operator
pour-shot-to-clean-shaker shot3 ingredient3 shaker1 right l0 l1
5
0 6
1 1
2 4
38 0
39 0
5
0 3 7 8
0 14 2 3
0 21 0 1
0 33 0 1
0 36 -1 0
1
end_operator
begin_operator
pour-shot-to-clean-shaker shot3 ingredient3 shaker1 right l0 l1
5
0 6
1 2
2 4
38 0
39 0
5
0 3 7 8
0 14 2 3
0 21 0 1
0 33 0 1
0 36 -1 0
1
end_operator
begin_operator
pour-shot-to-clean-shaker shot3 ingredient3 shaker1 right l0 l1
5
0 6
1 3
2 4
38 0
39 0
5
0 3 7 8
0 14 2 3
0 21 0 1
0 33 0 1
0 36 -1 0
1
end_operator
begin_operator
pour-shot-to-clean-shaker shot3 ingredient3 shaker1 right l0 l1
5
0 6
1 5
2 4
38 0
39 0
5
0 3 7 8
0 14 2 3
0 21 0 1
0 33 0 1
0 36 -1 0
1
end_operator
begin_operator
pour-shot-to-clean-shaker shot3 ingredient3 shaker1 right l0 l1
5
0 6
1 6
2 4
38 0
39 0
5
0 3 7 8
0 14 2 3
0 21 0 1
0 33 0 1
0 36 -1 0
1
end_operator
begin_operator
pour-shot-to-clean-shaker shot3 ingredient3 shaker1 right l0 l1
5
0 6
1 7
2 4
38 0
39 0
5
0 3 7 8
0 14 2 3
0 21 0 1
0 33 0 1
0 36 -1 0
1
end_operator
begin_operator
pour-shot-to-clean-shaker shot3 ingredient3 shaker1 right l0 l1
5
0 6
1 8
2 4
38 0
39 0
5
0 3 7 8
0 14 2 3
0 21 0 1
0 33 0 1
0 36 -1 0
1
end_operator
begin_operator
pour-shot-to-clean-shaker shot3 ingredient3 shaker1 right l0 l1
5
0 6
1 9
2 4
38 0
39 0
5
0 3 7 8
0 14 2 3
0 21 0 1
0 33 0 1
0 36 -1 0
1
end_operator
begin_operator
pour-shot-to-clean-shaker shot3 ingredient3 shaker1 right l0 l1
5
0 6
1 10
2 4
38 0
39 0
5
0 3 7 8
0 14 2 3
0 21 0 1
0 33 0 1
0 36 -1 0
1
end_operator
begin_operator
pour-shot-to-clean-shaker shot3 ingredient3 shaker1 right l0 l1
5
0 7
1 0
2 4
38 0
39 0
5
0 3 7 8
0 14 2 3
0 21 0 1
0 33 0 1
0 36 -1 0
1
end_operator
begin_operator
pour-shot-to-clean-shaker shot3 ingredient3 shaker1 right l0 l1
5
0 7
1 1
2 4
38 0
39 0
5
0 3 7 8
0 14 2 3
0 21 0 1
0 33 0 1
0 36 -1 0
1
end_operator
begin_operator
pour-shot-to-clean-shaker shot3 ingredient3 shaker1 right l0 l1
5
0 7
1 2
2 4
38 0
39 0
5
0 3 7 8
0 14 2 3
0 21 0 1
0 33 0 1
0 36 -1 0
1
end_operator
begin_operator
pour-shot-to-clean-shaker shot3 ingredient3 shaker1 right l0 l1
5
0 7
1 3
2 4
38 0
39 0
5
0 3 7 8
0 14 2 3
0 21 0 1
0 33 0 1
0 36 -1 0
1
end_operator
begin_operator
pour-shot-to-clean-shaker shot3 ingredient3 shaker1 right l0 l1
5
0 7
1 5
2 4
38 0
39 0
5
0 3 7 8
0 14 2 3
0 21 0 1
0 33 0 1
0 36 -1 0
1
end_operator
begin_operator
pour-shot-to-clean-shaker shot3 ingredient3 shaker1 right l0 l1
5
0 7
1 6
2 4
38 0
39 0
5
0 3 7 8
0 14 2 3
0 21 0 1
0 33 0 1
0 36 -1 0
1
end_operator
begin_operator
pour-shot-to-clean-shaker shot3 ingredient3 shaker1 right l0 l1
5
0 7
1 7
2 4
38 0
39 0
5
0 3 7 8
0 14 2 3
0 21 0 1
0 33 0 1
0 36 -1 0
1
end_operator
begin_operator
pour-shot-to-clean-shaker shot3 ingredient3 shaker1 right l0 l1
5
0 7
1 8
2 4
38 0
39 0
5
0 3 7 8
0 14 2 3
0 21 0 1
0 33 0 1
0 36 -1 0
1
end_operator
begin_operator
pour-shot-to-clean-shaker shot3 ingredient3 shaker1 right l0 l1
5
0 7
1 9
2 4
38 0
39 0
5
0 3 7 8
0 14 2 3
0 21 0 1
0 33 0 1
0 36 -1 0
1
end_operator
begin_operator
pour-shot-to-clean-shaker shot3 ingredient3 shaker1 right l0 l1
5
0 7
1 10
2 4
38 0
39 0
5
0 3 7 8
0 14 2 3
0 21 0 1
0 33 0 1
0 36 -1 0
1
end_operator
begin_operator
pour-shot-to-clean-shaker shot3 ingredient3 shaker1 right l0 l1
5
0 8
1 0
2 4
38 0
39 0
5
0 3 7 8
0 14 2 3
0 21 0 1
0 33 0 1
0 36 -1 0
1
end_operator
begin_operator
pour-shot-to-clean-shaker shot3 ingredient3 shaker1 right l0 l1
5
0 8
1 1
2 4
38 0
39 0
5
0 3 7 8
0 14 2 3
0 21 0 1
0 33 0 1
0 36 -1 0
1
end_operator
begin_operator
pour-shot-to-clean-shaker shot3 ingredient3 shaker1 right l0 l1
5
0 8
1 2
2 4
38 0
39 0
5
0 3 7 8
0 14 2 3
0 21 0 1
0 33 0 1
0 36 -1 0
1
end_operator
begin_operator
pour-shot-to-clean-shaker shot3 ingredient3 shaker1 right l0 l1
5
0 8
1 3
2 4
38 0
39 0
5
0 3 7 8
0 14 2 3
0 21 0 1
0 33 0 1
0 36 -1 0
1
end_operator
begin_operator
pour-shot-to-clean-shaker shot3 ingredient3 shaker1 right l0 l1
5
0 8
1 5
2 4
38 0
39 0
5
0 3 7 8
0 14 2 3
0 21 0 1
0 33 0 1
0 36 -1 0
1
end_operator
begin_operator
pour-shot-to-clean-shaker shot3 ingredient3 shaker1 right l0 l1
5
0 8
1 6
2 4
38 0
39 0
5
0 3 7 8
0 14 2 3
0 21 0 1
0 33 0 1
0 36 -1 0
1
end_operator
begin_operator
pour-shot-to-clean-shaker shot3 ingredient3 shaker1 right l0 l1
5
0 8
1 7
2 4
38 0
39 0
5
0 3 7 8
0 14 2 3
0 21 0 1
0 33 0 1
0 36 -1 0
1
end_operator
begin_operator
pour-shot-to-clean-shaker shot3 ingredient3 shaker1 right l0 l1
5
0 8
1 8
2 4
38 0
39 0
5
0 3 7 8
0 14 2 3
0 21 0 1
0 33 0 1
0 36 -1 0
1
end_operator
begin_operator
pour-shot-to-clean-shaker shot3 ingredient3 shaker1 right l0 l1
5
0 8
1 9
2 4
38 0
39 0
5
0 3 7 8
0 14 2 3
0 21 0 1
0 33 0 1
0 36 -1 0
1
end_operator
begin_operator
pour-shot-to-clean-shaker shot3 ingredient3 shaker1 right l0 l1
5
0 8
1 10
2 4
38 0
39 0
5
0 3 7 8
0 14 2 3
0 21 0 1
0 33 0 1
0 36 -1 0
1
end_operator
begin_operator
pour-shot-to-clean-shaker shot3 ingredient3 shaker1 right l0 l1
5
0 9
1 0
2 4
38 0
39 0
5
0 3 7 8
0 14 2 3
0 21 0 1
0 33 0 1
0 36 -1 0
1
end_operator
begin_operator
pour-shot-to-clean-shaker shot3 ingredient3 shaker1 right l0 l1
5
0 9
1 1
2 4
38 0
39 0
5
0 3 7 8
0 14 2 3
0 21 0 1
0 33 0 1
0 36 -1 0
1
end_operator
begin_operator
pour-shot-to-clean-shaker shot3 ingredient3 shaker1 right l0 l1
5
0 9
1 2
2 4
38 0
39 0
5
0 3 7 8
0 14 2 3
0 21 0 1
0 33 0 1
0 36 -1 0
1
end_operator
begin_operator
pour-shot-to-clean-shaker shot3 ingredient3 shaker1 right l0 l1
5
0 9
1 3
2 4
38 0
39 0
5
0 3 7 8
0 14 2 3
0 21 0 1
0 33 0 1
0 36 -1 0
1
end_operator
begin_operator
pour-shot-to-clean-shaker shot3 ingredient3 shaker1 right l0 l1
5
0 9
1 5
2 4
38 0
39 0
5
0 3 7 8
0 14 2 3
0 21 0 1
0 33 0 1
0 36 -1 0
1
end_operator
begin_operator
pour-shot-to-clean-shaker shot3 ingredient3 shaker1 right l0 l1
5
0 9
1 6
2 4
38 0
39 0
5
0 3 7 8
0 14 2 3
0 21 0 1
0 33 0 1
0 36 -1 0
1
end_operator
begin_operator
pour-shot-to-clean-shaker shot3 ingredient3 shaker1 right l0 l1
5
0 9
1 7
2 4
38 0
39 0
5
0 3 7 8
0 14 2 3
0 21 0 1
0 33 0 1
0 36 -1 0
1
end_operator
begin_operator
pour-shot-to-clean-shaker shot3 ingredient3 shaker1 right l0 l1
5
0 9
1 8
2 4
38 0
39 0
5
0 3 7 8
0 14 2 3
0 21 0 1
0 33 0 1
0 36 -1 0
1
end_operator
begin_operator
pour-shot-to-clean-shaker shot3 ingredient3 shaker1 right l0 l1
5
0 9
1 9
2 4
38 0
39 0
5
0 3 7 8
0 14 2 3
0 21 0 1
0 33 0 1
0 36 -1 0
1
end_operator
begin_operator
pour-shot-to-clean-shaker shot3 ingredient3 shaker1 right l0 l1
5
0 9
1 10
2 4
38 0
39 0
5
0 3 7 8
0 14 2 3
0 21 0 1
0 33 0 1
0 36 -1 0
1
end_operator
begin_operator
pour-shot-to-clean-shaker shot3 ingredient3 shaker1 right l0 l1
5
0 10
1 0
2 4
38 0
39 0
5
0 3 7 8
0 14 2 3
0 21 0 1
0 33 0 1
0 36 -1 0
1
end_operator
begin_operator
pour-shot-to-clean-shaker shot3 ingredient3 shaker1 right l0 l1
5
0 10
1 1
2 4
38 0
39 0
5
0 3 7 8
0 14 2 3
0 21 0 1
0 33 0 1
0 36 -1 0
1
end_operator
begin_operator
pour-shot-to-clean-shaker shot3 ingredient3 shaker1 right l0 l1
5
0 10
1 2
2 4
38 0
39 0
5
0 3 7 8
0 14 2 3
0 21 0 1
0 33 0 1
0 36 -1 0
1
end_operator
begin_operator
pour-shot-to-clean-shaker shot3 ingredient3 shaker1 right l0 l1
5
0 10
1 3
2 4
38 0
39 0
5
0 3 7 8
0 14 2 3
0 21 0 1
0 33 0 1
0 36 -1 0
1
end_operator
begin_operator
pour-shot-to-clean-shaker shot3 ingredient3 shaker1 right l0 l1
5
0 10
1 5
2 4
38 0
39 0
5
0 3 7 8
0 14 2 3
0 21 0 1
0 33 0 1
0 36 -1 0
1
end_operator
begin_operator
pour-shot-to-clean-shaker shot3 ingredient3 shaker1 right l0 l1
5
0 10
1 6
2 4
38 0
39 0
5
0 3 7 8
0 14 2 3
0 21 0 1
0 33 0 1
0 36 -1 0
1
end_operator
begin_operator
pour-shot-to-clean-shaker shot3 ingredient3 shaker1 right l0 l1
5
0 10
1 7
2 4
38 0
39 0
5
0 3 7 8
0 14 2 3
0 21 0 1
0 33 0 1
0 36 -1 0
1
end_operator
begin_operator
pour-shot-to-clean-shaker shot3 ingredient3 shaker1 right l0 l1
5
0 10
1 8
2 4
38 0
39 0
5
0 3 7 8
0 14 2 3
0 21 0 1
0 33 0 1
0 36 -1 0
1
end_operator
begin_operator
pour-shot-to-clean-shaker shot3 ingredient3 shaker1 right l0 l1
5
0 10
1 9
2 4
38 0
39 0
5
0 3 7 8
0 14 2 3
0 21 0 1
0 33 0 1
0 36 -1 0
1
end_operator
begin_operator
pour-shot-to-clean-shaker shot3 ingredient3 shaker1 right l0 l1
5
0 10
1 10
2 4
38 0
39 0
5
0 3 7 8
0 14 2 3
0 21 0 1
0 33 0 1
0 36 -1 0
1
end_operator
begin_operator
pour-shot-to-clean-shaker shot3 ingredient3 shaker1 right l0 l1
5
0 11
1 0
2 4
38 0
39 0
5
0 3 7 8
0 14 2 3
0 21 0 1
0 33 0 1
0 36 -1 0
1
end_operator
begin_operator
pour-shot-to-clean-shaker shot3 ingredient3 shaker1 right l0 l1
5
0 11
1 1
2 4
38 0
39 0
5
0 3 7 8
0 14 2 3
0 21 0 1
0 33 0 1
0 36 -1 0
1
end_operator
begin_operator
pour-shot-to-clean-shaker shot3 ingredient3 shaker1 right l0 l1
5
0 11
1 2
2 4
38 0
39 0
5
0 3 7 8
0 14 2 3
0 21 0 1
0 33 0 1
0 36 -1 0
1
end_operator
begin_operator
pour-shot-to-clean-shaker shot3 ingredient3 shaker1 right l0 l1
5
0 11
1 3
2 4
38 0
39 0
5
0 3 7 8
0 14 2 3
0 21 0 1
0 33 0 1
0 36 -1 0
1
end_operator
begin_operator
pour-shot-to-clean-shaker shot3 ingredient3 shaker1 right l0 l1
5
0 11
1 5
2 4
38 0
39 0
5
0 3 7 8
0 14 2 3
0 21 0 1
0 33 0 1
0 36 -1 0
1
end_operator
begin_operator
pour-shot-to-clean-shaker shot3 ingredient3 shaker1 right l0 l1
5
0 11
1 6
2 4
38 0
39 0
5
0 3 7 8
0 14 2 3
0 21 0 1
0 33 0 1
0 36 -1 0
1
end_operator
begin_operator
pour-shot-to-clean-shaker shot3 ingredient3 shaker1 right l0 l1
5
0 11
1 7
2 4
38 0
39 0
5
0 3 7 8
0 14 2 3
0 21 0 1
0 33 0 1
0 36 -1 0
1
end_operator
begin_operator
pour-shot-to-clean-shaker shot3 ingredient3 shaker1 right l0 l1
5
0 11
1 8
2 4
38 0
39 0
5
0 3 7 8
0 14 2 3
0 21 0 1
0 33 0 1
0 36 -1 0
1
end_operator
begin_operator
pour-shot-to-clean-shaker shot3 ingredient3 shaker1 right l0 l1
5
0 11
1 9
2 4
38 0
39 0
5
0 3 7 8
0 14 2 3
0 21 0 1
0 33 0 1
0 36 -1 0
1
end_operator
begin_operator
pour-shot-to-clean-shaker shot3 ingredient3 shaker1 right l0 l1
5
0 11
1 10
2 4
38 0
39 0
5
0 3 7 8
0 14 2 3
0 21 0 1
0 33 0 1
0 36 -1 0
1
end_operator
begin_operator
pour-shot-to-clean-shaker shot3 ingredient3 shaker1 right l0 l1
4
0 0
1 1
2 4
39 0
6
0 3 7 8
0 14 2 3
0 21 0 1
0 33 0 1
0 36 1 0
0 38 1 0
1
end_operator
begin_operator
pour-shot-to-clean-shaker shot3 ingredient3 shaker1 right l0 l1
4
0 0
1 2
2 4
39 0
6
0 3 7 8
0 14 2 3
0 21 0 1
0 33 0 1
0 36 1 0
0 38 1 0
1
end_operator
begin_operator
pour-shot-to-clean-shaker shot3 ingredient3 shaker1 right l0 l1
4
0 0
1 3
2 4
39 0
6
0 3 7 8
0 14 2 3
0 21 0 1
0 33 0 1
0 36 1 0
0 38 1 0
1
end_operator
begin_operator
pour-shot-to-clean-shaker shot3 ingredient3 shaker1 right l0 l1
4
0 0
1 5
2 4
39 0
6
0 3 7 8
0 14 2 3
0 21 0 1
0 33 0 1
0 36 1 0
0 38 1 0
1
end_operator
begin_operator
pour-shot-to-clean-shaker shot3 ingredient3 shaker1 right l0 l1
4
0 0
1 6
2 4
39 0
6
0 3 7 8
0 14 2 3
0 21 0 1
0 33 0 1
0 36 1 0
0 38 1 0
1
end_operator
begin_operator
pour-shot-to-clean-shaker shot3 ingredient3 shaker1 right l0 l1
4
0 0
1 7
2 4
39 0
6
0 3 7 8
0 14 2 3
0 21 0 1
0 33 0 1
0 36 1 0
0 38 1 0
1
end_operator
begin_operator
pour-shot-to-clean-shaker shot3 ingredient3 shaker1 right l0 l1
4
0 0
1 8
2 4
39 0
6
0 3 7 8
0 14 2 3
0 21 0 1
0 33 0 1
0 36 1 0
0 38 1 0
1
end_operator
begin_operator
pour-shot-to-clean-shaker shot3 ingredient3 shaker1 right l0 l1
4
0 0
1 9
2 4
39 0
6
0 3 7 8
0 14 2 3
0 21 0 1
0 33 0 1
0 36 1 0
0 38 1 0
1
end_operator
begin_operator
pour-shot-to-clean-shaker shot3 ingredient3 shaker1 right l0 l1
4
0 0
1 10
2 4
39 0
6
0 3 7 8
0 14 2 3
0 21 0 1
0 33 0 1
0 36 1 0
0 38 1 0
1
end_operator
begin_operator
pour-shot-to-clean-shaker shot3 ingredient3 shaker1 right l0 l1
3
0 0
1 0
2 4
7
0 3 7 8
0 14 2 3
0 21 0 1
0 33 0 1
0 36 1 0
0 38 1 0
0 39 1 0
1
end_operator
begin_operator
pour-shot-to-clean-shaker shot4 ingredient1 shaker1 left l0 l1
1
1 5
5
0 3 7 8
0 15 0 3
0 21 0 1
0 33 0 1
0 34 -1 0
1
end_operator
begin_operator
pour-shot-to-clean-shaker shot4 ingredient1 shaker1 right l0 l1
1
2 5
5
0 3 7 8
0 15 0 3
0 21 0 1
0 33 0 1
0 34 -1 0
1
end_operator
begin_operator
pour-shot-to-clean-shaker shot4 ingredient2 shaker1 left l0 l1
1
1 5
5
0 3 7 8
0 15 1 3
0 21 0 1
0 33 0 1
0 35 -1 0
1
end_operator
begin_operator
pour-shot-to-clean-shaker shot4 ingredient2 shaker1 right l0 l1
1
2 5
5
0 3 7 8
0 15 1 3
0 21 0 1
0 33 0 1
0 35 -1 0
1
end_operator
begin_operator
pour-shot-to-clean-shaker shot4 ingredient3 shaker1 left l0 l1
3
0 0
1 5
38 0
5
0 3 7 8
0 15 2 3
0 21 0 1
0 33 0 1
0 36 -1 0
1
end_operator
begin_operator
pour-shot-to-clean-shaker shot4 ingredient3 shaker1 left l0 l1
3
0 1
1 5
38 0
5
0 3 7 8
0 15 2 3
0 21 0 1
0 33 0 1
0 36 -1 0
1
end_operator
begin_operator
pour-shot-to-clean-shaker shot4 ingredient3 shaker1 left l0 l1
3
0 2
1 5
38 0
5
0 3 7 8
0 15 2 3
0 21 0 1
0 33 0 1
0 36 -1 0
1
end_operator
begin_operator
pour-shot-to-clean-shaker shot4 ingredient3 shaker1 left l0 l1
3
0 3
1 5
38 0
5
0 3 7 8
0 15 2 3
0 21 0 1
0 33 0 1
0 36 -1 0
1
end_operator
begin_operator
pour-shot-to-clean-shaker shot4 ingredient3 shaker1 left l0 l1
3
0 4
1 5
38 0
5
0 3 7 8
0 15 2 3
0 21 0 1
0 33 0 1
0 36 -1 0
1
end_operator
begin_operator
pour-shot-to-clean-shaker shot4 ingredient3 shaker1 left l0 l1
3
0 5
1 5
38 0
5
0 3 7 8
0 15 2 3
0 21 0 1
0 33 0 1
0 36 -1 0
1
end_operator
begin_operator
pour-shot-to-clean-shaker shot4 ingredient3 shaker1 left l0 l1
3
0 6
1 5
38 0
5
0 3 7 8
0 15 2 3
0 21 0 1
0 33 0 1
0 36 -1 0
1
end_operator
begin_operator
pour-shot-to-clean-shaker shot4 ingredient3 shaker1 left l0 l1
3
0 7
1 5
38 0
5
0 3 7 8
0 15 2 3
0 21 0 1
0 33 0 1
0 36 -1 0
1
end_operator
begin_operator
pour-shot-to-clean-shaker shot4 ingredient3 shaker1 left l0 l1
3
0 8
1 5
38 0
5
0 3 7 8
0 15 2 3
0 21 0 1
0 33 0 1
0 36 -1 0
1
end_operator
begin_operator
pour-shot-to-clean-shaker shot4 ingredient3 shaker1 left l0 l1
3
0 9
1 5
38 0
5
0 3 7 8
0 15 2 3
0 21 0 1
0 33 0 1
0 36 -1 0
1
end_operator
begin_operator
pour-shot-to-clean-shaker shot4 ingredient3 shaker1 left l0 l1
3
0 10
1 5
38 0
5
0 3 7 8
0 15 2 3
0 21 0 1
0 33 0 1
0 36 -1 0
1
end_operator
begin_operator
pour-shot-to-clean-shaker shot4 ingredient3 shaker1 left l0 l1
3
0 11
1 5
38 0
5
0 3 7 8
0 15 2 3
0 21 0 1
0 33 0 1
0 36 -1 0
1
end_operator
begin_operator
pour-shot-to-clean-shaker shot4 ingredient3 shaker1 left l0 l1
2
0 0
1 5
6
0 3 7 8
0 15 2 3
0 21 0 1
0 33 0 1
0 36 1 0
0 38 1 0
1
end_operator
begin_operator
pour-shot-to-clean-shaker shot4 ingredient3 shaker1 right l0 l1
5
0 0
1 0
2 5
38 0
39 0
5
0 3 7 8
0 15 2 3
0 21 0 1
0 33 0 1
0 36 -1 0
1
end_operator
begin_operator
pour-shot-to-clean-shaker shot4 ingredient3 shaker1 right l0 l1
5
0 0
1 1
2 5
38 0
39 0
5
0 3 7 8
0 15 2 3
0 21 0 1
0 33 0 1
0 36 -1 0
1
end_operator
begin_operator
pour-shot-to-clean-shaker shot4 ingredient3 shaker1 right l0 l1
5
0 0
1 2
2 5
38 0
39 0
5
0 3 7 8
0 15 2 3
0 21 0 1
0 33 0 1
0 36 -1 0
1
end_operator
begin_operator
pour-shot-to-clean-shaker shot4 ingredient3 shaker1 right l0 l1
5
0 0
1 3
2 5
38 0
39 0
5
0 3 7 8
0 15 2 3
0 21 0 1
0 33 0 1
0 36 -1 0
1
end_operator
begin_operator
pour-shot-to-clean-shaker shot4 ingredient3 shaker1 right l0 l1
5
0 0
1 4
2 5
38 0
39 0
5
0 3 7 8
0 15 2 3
0 21 0 1
0 33 0 1
0 36 -1 0
1
end_operator
begin_operator
pour-shot-to-clean-shaker shot4 ingredient3 shaker1 right l0 l1
5
0 0
1 6
2 5
38 0
39 0
5
0 3 7 8
0 15 2 3
0 21 0 1
0 33 0 1
0 36 -1 0
1
end_operator
begin_operator
pour-shot-to-clean-shaker shot4 ingredient3 shaker1 right l0 l1
5
0 0
1 7
2 5
38 0
39 0
5
0 3 7 8
0 15 2 3
0 21 0 1
0 33 0 1
0 36 -1 0
1
end_operator
begin_operator
pour-shot-to-clean-shaker shot4 ingredient3 shaker1 right l0 l1
5
0 0
1 8
2 5
38 0
39 0
5
0 3 7 8
0 15 2 3
0 21 0 1
0 33 0 1
0 36 -1 0
1
end_operator
begin_operator
pour-shot-to-clean-shaker shot4 ingredient3 shaker1 right l0 l1
5
0 0
1 9
2 5
38 0
39 0
5
0 3 7 8
0 15 2 3
0 21 0 1
0 33 0 1
0 36 -1 0
1
end_operator
begin_operator
pour-shot-to-clean-shaker shot4 ingredient3 shaker1 right l0 l1
5
0 0
1 10
2 5
38 0
39 0
5
0 3 7 8
0 15 2 3
0 21 0 1
0 33 0 1
0 36 -1 0
1
end_operator
begin_operator
pour-shot-to-clean-shaker shot4 ingredient3 shaker1 right l0 l1
5
0 1
1 0
2 5
38 0
39 0
5
0 3 7 8
0 15 2 3
0 21 0 1
0 33 0 1
0 36 -1 0
1
end_operator
begin_operator
pour-shot-to-clean-shaker shot4 ingredient3 shaker1 right l0 l1
5
0 1
1 1
2 5
38 0
39 0
5
0 3 7 8
0 15 2 3
0 21 0 1
0 33 0 1
0 36 -1 0
1
end_operator
begin_operator
pour-shot-to-clean-shaker shot4 ingredient3 shaker1 right l0 l1
5
0 1
1 2
2 5
38 0
39 0
5
0 3 7 8
0 15 2 3
0 21 0 1
0 33 0 1
0 36 -1 0
1
end_operator
begin_operator
pour-shot-to-clean-shaker shot4 ingredient3 shaker1 right l0 l1
5
0 1
1 3
2 5
38 0
39 0
5
0 3 7 8
0 15 2 3
0 21 0 1
0 33 0 1
0 36 -1 0
1
end_operator
begin_operator
pour-shot-to-clean-shaker shot4 ingredient3 shaker1 right l0 l1
5
0 1
1 4
2 5
38 0
39 0
5
0 3 7 8
0 15 2 3
0 21 0 1
0 33 0 1
0 36 -1 0
1
end_operator
begin_operator
pour-shot-to-clean-shaker shot4 ingredient3 shaker1 right l0 l1
5
0 1
1 6
2 5
38 0
39 0
5
0 3 7 8
0 15 2 3
0 21 0 1
0 33 0 1
0 36 -1 0
1
end_operator
begin_operator
pour-shot-to-clean-shaker shot4 ingredient3 shaker1 right l0 l1
5
0 1
1 7
2 5
38 0
39 0
5
0 3 7 8
0 15 2 3
0 21 0 1
0 33 0 1
0 36 -1 0
1
end_operator
begin_operator
pour-shot-to-clean-shaker shot4 ingredient3 shaker1 right l0 l1
5
0 1
1 8
2 5
38 0
39 0
5
0 3 7 8
0 15 2 3
0 21 0 1
0 33 0 1
0 36 -1 0
1
end_operator
begin_operator
pour-shot-to-clean-shaker shot4 ingredient3 shaker1 right l0 l1
5
0 1
1 9
2 5
38 0
39 0
5
0 3 7 8
0 15 2 3
0 21 0 1
0 33 0 1
0 36 -1 0
1
end_operator
begin_operator
pour-shot-to-clean-shaker shot4 ingredient3 shaker1 right l0 l1
5
0 1
1 10
2 5
38 0
39 0
5
0 3 7 8
0 15 2 3
0 21 0 1
0 33 0 1
0 36 -1 0
1
end_operator
begin_operator
pour-shot-to-clean-shaker shot4 ingredient3 shaker1 right l0 l1
5
0 2
1 0
2 5
38 0
39 0
5
0 3 7 8
0 15 2 3
0 21 0 1
0 33 0 1
0 36 -1 0
1
end_operator
begin_operator
pour-shot-to-clean-shaker shot4 ingredient3 shaker1 right l0 l1
5
0 2
1 1
2 5
38 0
39 0
5
0 3 7 8
0 15 2 3
0 21 0 1
0 33 0 1
0 36 -1 0
1
end_operator
begin_operator
pour-shot-to-clean-shaker shot4 ingredient3 shaker1 right l0 l1
5
0 2
1 2
2 5
38 0
39 0
5
0 3 7 8
0 15 2 3
0 21 0 1
0 33 0 1
0 36 -1 0
1
end_operator
begin_operator
pour-shot-to-clean-shaker shot4 ingredient3 shaker1 right l0 l1
5
0 2
1 3
2 5
38 0
39 0
5
0 3 7 8
0 15 2 3
0 21 0 1
0 33 0 1
0 36 -1 0
1
end_operator
begin_operator
pour-shot-to-clean-shaker shot4 ingredient3 shaker1 right l0 l1
5
0 2
1 4
2 5
38 0
39 0
5
0 3 7 8
0 15 2 3
0 21 0 1
0 33 0 1
0 36 -1 0
1
end_operator
begin_operator
pour-shot-to-clean-shaker shot4 ingredient3 shaker1 right l0 l1
5
0 2
1 6
2 5
38 0
39 0
5
0 3 7 8
0 15 2 3
0 21 0 1
0 33 0 1
0 36 -1 0
1
end_operator
begin_operator
pour-shot-to-clean-shaker shot4 ingredient3 shaker1 right l0 l1
5
0 2
1 7
2 5
38 0
39 0
5
0 3 7 8
0 15 2 3
0 21 0 1
0 33 0 1
0 36 -1 0
1
end_operator
begin_operator
pour-shot-to-clean-shaker shot4 ingredient3 shaker1 right l0 l1
5
0 2
1 8
2 5
38 0
39 0
5
0 3 7 8
0 15 2 3
0 21 0 1
0 33 0 1
0 36 -1 0
1
end_operator
begin_operator
pour-shot-to-clean-shaker shot4 ingredient3 shaker1 right l0 l1
5
0 2
1 9
2 5
38 0
39 0
5
0 3 7 8
0 15 2 3
0 21 0 1
0 33 0 1
0 36 -1 0
1
end_operator
begin_operator
pour-shot-to-clean-shaker shot4 ingredient3 shaker1 right l0 l1
5
0 2
1 10
2 5
38 0
39 0
5
0 3 7 8
0 15 2 3
0 21 0 1
0 33 0 1
0 36 -1 0
1
end_operator
begin_operator
pour-shot-to-clean-shaker shot4 ingredient3 shaker1 right l0 l1
5
0 3
1 0
2 5
38 0
39 0
5
0 3 7 8
0 15 2 3
0 21 0 1
0 33 0 1
0 36 -1 0
1
end_operator
begin_operator
pour-shot-to-clean-shaker shot4 ingredient3 shaker1 right l0 l1
5
0 3
1 1
2 5
38 0
39 0
5
0 3 7 8
0 15 2 3
0 21 0 1
0 33 0 1
0 36 -1 0
1
end_operator
begin_operator
pour-shot-to-clean-shaker shot4 ingredient3 shaker1 right l0 l1
5
0 3
1 2
2 5
38 0
39 0
5
0 3 7 8
0 15 2 3
0 21 0 1
0 33 0 1
0 36 -1 0
1
end_operator
begin_operator
pour-shot-to-clean-shaker shot4 ingredient3 shaker1 right l0 l1
5
0 3
1 3
2 5
38 0
39 0
5
0 3 7 8
0 15 2 3
0 21 0 1
0 33 0 1
0 36 -1 0
1
end_operator
begin_operator
pour-shot-to-clean-shaker shot4 ingredient3 shaker1 right l0 l1
5
0 3
1 4
2 5
38 0
39 0
5
0 3 7 8
0 15 2 3
0 21 0 1
0 33 0 1
0 36 -1 0
1
end_operator
begin_operator
pour-shot-to-clean-shaker shot4 ingredient3 shaker1 right l0 l1
5
0 3
1 6
2 5
38 0
39 0
5
0 3 7 8
0 15 2 3
0 21 0 1
0 33 0 1
0 36 -1 0
1
end_operator
begin_operator
pour-shot-to-clean-shaker shot4 ingredient3 shaker1 right l0 l1
5
0 3
1 7
2 5
38 0
39 0
5
0 3 7 8
0 15 2 3
0 21 0 1
0 33 0 1
0 36 -1 0
1
end_operator
begin_operator
pour-shot-to-clean-shaker shot4 ingredient3 shaker1 right l0 l1
5
0 3
1 8
2 5
38 0
39 0
5
0 3 7 8
0 15 2 3
0 21 0 1
0 33 0 1
0 36 -1 0
1
end_operator
begin_operator
pour-shot-to-clean-shaker shot4 ingredient3 shaker1 right l0 l1
5
0 3
1 9
2 5
38 0
39 0
5
0 3 7 8
0 15 2 3
0 21 0 1
0 33 0 1
0 36 -1 0
1
end_operator
begin_operator
pour-shot-to-clean-shaker shot4 ingredient3 shaker1 right l0 l1
5
0 3
1 10
2 5
38 0
39 0
5
0 3 7 8
0 15 2 3
0 21 0 1
0 33 0 1
0 36 -1 0
1
end_operator
begin_operator
pour-shot-to-clean-shaker shot4 ingredient3 shaker1 right l0 l1
5
0 4
1 0
2 5
38 0
39 0
5
0 3 7 8
0 15 2 3
0 21 0 1
0 33 0 1
0 36 -1 0
1
end_operator
begin_operator
pour-shot-to-clean-shaker shot4 ingredient3 shaker1 right l0 l1
5
0 4
1 1
2 5
38 0
39 0
5
0 3 7 8
0 15 2 3
0 21 0 1
0 33 0 1
0 36 -1 0
1
end_operator
begin_operator
pour-shot-to-clean-shaker shot4 ingredient3 shaker1 right l0 l1
5
0 4
1 2
2 5
38 0
39 0
5
0 3 7 8
0 15 2 3
0 21 0 1
0 33 0 1
0 36 -1 0
1
end_operator
begin_operator
pour-shot-to-clean-shaker shot4 ingredient3 shaker1 right l0 l1
5
0 4
1 3
2 5
38 0
39 0
5
0 3 7 8
0 15 2 3
0 21 0 1
0 33 0 1
0 36 -1 0
1
end_operator
begin_operator
pour-shot-to-clean-shaker shot4 ingredient3 shaker1 right l0 l1
5
0 4
1 4
2 5
38 0
39 0
5
0 3 7 8
0 15 2 3
0 21 0 1
0 33 0 1
0 36 -1 0
1
end_operator
begin_operator
pour-shot-to-clean-shaker shot4 ingredient3 shaker1 right l0 l1
5
0 4
1 6
2 5
38 0
39 0
5
0 3 7 8
0 15 2 3
0 21 0 1
0 33 0 1
0 36 -1 0
1
end_operator
begin_operator
pour-shot-to-clean-shaker shot4 ingredient3 shaker1 right l0 l1
5
0 4
1 7
2 5
38 0
39 0
5
0 3 7 8
0 15 2 3
0 21 0 1
0 33 0 1
0 36 -1 0
1
end_operator
begin_operator
pour-shot-to-clean-shaker shot4 ingredient3 shaker1 right l0 l1
5
0 4
1 8
2 5
38 0
39 0
5
0 3 7 8
0 15 2 3
0 21 0 1
0 33 0 1
0 36 -1 0
1
end_operator
begin_operator
pour-shot-to-clean-shaker shot4 ingredient3 shaker1 right l0 l1
5
0 4
1 9
2 5
38 0
39 0
5
0 3 7 8
0 15 2 3
0 21 0 1
0 33 0 1
0 36 -1 0
1
end_operator
begin_operator
pour-shot-to-clean-shaker shot4 ingredient3 shaker1 right l0 l1
5
0 4
1 10
2 5
38 0
39 0
5
0 3 7 8
0 15 2 3
0 21 0 1
0 33 0 1
0 36 -1 0
1
end_operator
begin_operator
pour-shot-to-clean-shaker shot4 ingredient3 shaker1 right l0 l1
5
0 5
1 0
2 5
38 0
39 0
5
0 3 7 8
0 15 2 3
0 21 0 1
0 33 0 1
0 36 -1 0
1
end_operator
begin_operator
pour-shot-to-clean-shaker shot4 ingredient3 shaker1 right l0 l1
5
0 5
1 1
2 5
38 0
39 0
5
0 3 7 8
0 15 2 3
0 21 0 1
0 33 0 1
0 36 -1 0
1
end_operator
begin_operator
pour-shot-to-clean-shaker shot4 ingredient3 shaker1 right l0 l1
5
0 5
1 2
2 5
38 0
39 0
5
0 3 7 8
0 15 2 3
0 21 0 1
0 33 0 1
0 36 -1 0
1
end_operator
begin_operator
pour-shot-to-clean-shaker shot4 ingredient3 shaker1 right l0 l1
5
0 5
1 3
2 5
38 0
39 0
5
0 3 7 8
0 15 2 3
0 21 0 1
0 33 0 1
0 36 -1 0
1
end_operator
begin_operator
pour-shot-to-clean-shaker shot4 ingredient3 shaker1 right l0 l1
5
0 5
1 4
2 5
38 0
39 0
5
0 3 7 8
0 15 2 3
0 21 0 1
0 33 0 1
0 36 -1 0
1
end_operator
begin_operator
pour-shot-to-clean-shaker shot4 ingredient3 shaker1 right l0 l1
5
0 5
1 6
2 5
38 0
39 0
5
0 3 7 8
0 15 2 3
0 21 0 1
0 33 0 1
0 36 -1 0
1
end_operator
begin_operator
pour-shot-to-clean-shaker shot4 ingredient3 shaker1 right l0 l1
5
0 5
1 7
2 5
38 0
39 0
5
0 3 7 8
0 15 2 3
0 21 0 1
0 33 0 1
0 36 -1 0
1
end_operator
begin_operator
pour-shot-to-clean-shaker shot4 ingredient3 shaker1 right l0 l1
5
0 5
1 8
2 5
38 0
39 0
5
0 3 7 8
0 15 2 3
0 21 0 1
0 33 0 1
0 36 -1 0
1
end_operator
begin_operator
pour-shot-to-clean-shaker shot4 ingredient3 shaker1 right l0 l1
5
0 5
1 9
2 5
38 0
39 0
5
0 3 7 8
0 15 2 3
0 21 0 1
0 33 0 1
0 36 -1 0
1
end_operator
begin_operator
pour-shot-to-clean-shaker shot4 ingredient3 shaker1 right l0 l1
5
0 5
1 10
2 5
38 0
39 0
5
0 3 7 8
0 15 2 3
0 21 0 1
0 33 0 1
0 36 -1 0
1
end_operator
begin_operator
pour-shot-to-clean-shaker shot4 ingredient3 shaker1 right l0 l1
5
0 6
1 0
2 5
38 0
39 0
5
0 3 7 8
0 15 2 3
0 21 0 1
0 33 0 1
0 36 -1 0
1
end_operator
begin_operator
pour-shot-to-clean-shaker shot4 ingredient3 shaker1 right l0 l1
5
0 6
1 1
2 5
38 0
39 0
5
0 3 7 8
0 15 2 3
0 21 0 1
0 33 0 1
0 36 -1 0
1
end_operator
begin_operator
pour-shot-to-clean-shaker shot4 ingredient3 shaker1 right l0 l1
5
0 6
1 2
2 5
38 0
39 0
5
0 3 7 8
0 15 2 3
0 21 0 1
0 33 0 1
0 36 -1 0
1
end_operator
begin_operator
pour-shot-to-clean-shaker shot4 ingredient3 shaker1 right l0 l1
5
0 6
1 3
2 5
38 0
39 0
5
0 3 7 8
0 15 2 3
0 21 0 1
0 33 0 1
0 36 -1 0
1
end_operator
begin_operator
pour-shot-to-clean-shaker shot4 ingredient3 shaker1 right l0 l1
5
0 6
1 4
2 5
38 0
39 0
5
0 3 7 8
0 15 2 3
0 21 0 1
0 33 0 1
0 36 -1 0
1
end_operator
begin_operator
pour-shot-to-clean-shaker shot4 ingredient3 shaker1 right l0 l1
5
0 6
1 6
2 5
38 0
39 0
5
0 3 7 8
0 15 2 3
0 21 0 1
0 33 0 1
0 36 -1 0
1
end_operator
begin_operator
pour-shot-to-clean-shaker shot4 ingredient3 shaker1 right l0 l1
5
0 6
1 7
2 5
38 0
39 0
5
0 3 7 8
0 15 2 3
0 21 0 1
0 33 0 1
0 36 -1 0
1
end_operator
begin_operator
pour-shot-to-clean-shaker shot4 ingredient3 shaker1 right l0 l1
5
0 6
1 8
2 5
38 0
39 0
5
0 3 7 8
0 15 2 3
0 21 0 1
0 33 0 1
0 36 -1 0
1
end_operator
begin_operator
pour-shot-to-clean-shaker shot4 ingredient3 shaker1 right l0 l1
5
0 6
1 9
2 5
38 0
39 0
5
0 3 7 8
0 15 2 3
0 21 0 1
0 33 0 1
0 36 -1 0
1
end_operator
begin_operator
pour-shot-to-clean-shaker shot4 ingredient3 shaker1 right l0 l1
5
0 6
1 10
2 5
38 0
39 0
5
0 3 7 8
0 15 2 3
0 21 0 1
0 33 0 1
0 36 -1 0
1
end_operator
begin_operator
pour-shot-to-clean-shaker shot4 ingredient3 shaker1 right l0 l1
5
0 7
1 0
2 5
38 0
39 0
5
0 3 7 8
0 15 2 3
0 21 0 1
0 33 0 1
0 36 -1 0
1
end_operator
begin_operator
pour-shot-to-clean-shaker shot4 ingredient3 shaker1 right l0 l1
5
0 7
1 1
2 5
38 0
39 0
5
0 3 7 8
0 15 2 3
0 21 0 1
0 33 0 1
0 36 -1 0
1
end_operator
begin_operator
pour-shot-to-clean-shaker shot4 ingredient3 shaker1 right l0 l1
5
0 7
1 2
2 5
38 0
39 0
5
0 3 7 8
0 15 2 3
0 21 0 1
0 33 0 1
0 36 -1 0
1
end_operator
begin_operator
pour-shot-to-clean-shaker shot4 ingredient3 shaker1 right l0 l1
5
0 7
1 3
2 5
38 0
39 0
5
0 3 7 8
0 15 2 3
0 21 0 1
0 33 0 1
0 36 -1 0
1
end_operator
begin_operator
pour-shot-to-clean-shaker shot4 ingredient3 shaker1 right l0 l1
5
0 7
1 4
2 5
38 0
39 0
5
0 3 7 8
0 15 2 3
0 21 0 1
0 33 0 1
0 36 -1 0
1
end_operator
begin_operator
pour-shot-to-clean-shaker shot4 ingredient3 shaker1 right l0 l1
5
0 7
1 6
2 5
38 0
39 0
5
0 3 7 8
0 15 2 3
0 21 0 1
0 33 0 1
0 36 -1 0
1
end_operator
begin_operator
pour-shot-to-clean-shaker shot4 ingredient3 shaker1 right l0 l1
5
0 7
1 7
2 5
38 0
39 0
5
0 3 7 8
0 15 2 3
0 21 0 1
0 33 0 1
0 36 -1 0
1
end_operator
begin_operator
pour-shot-to-clean-shaker shot4 ingredient3 shaker1 right l0 l1
5
0 7
1 8
2 5
38 0
39 0
5
0 3 7 8
0 15 2 3
0 21 0 1
0 33 0 1
0 36 -1 0
1
end_operator
begin_operator
pour-shot-to-clean-shaker shot4 ingredient3 shaker1 right l0 l1
5
0 7
1 9
2 5
38 0
39 0
5
0 3 7 8
0 15 2 3
0 21 0 1
0 33 0 1
0 36 -1 0
1
end_operator
begin_operator
pour-shot-to-clean-shaker shot4 ingredient3 shaker1 right l0 l1
5
0 7
1 10
2 5
38 0
39 0
5
0 3 7 8
0 15 2 3
0 21 0 1
0 33 0 1
0 36 -1 0
1
end_operator
begin_operator
pour-shot-to-clean-shaker shot4 ingredient3 shaker1 right l0 l1
5
0 8
1 0
2 5
38 0
39 0
5
0 3 7 8
0 15 2 3
0 21 0 1
0 33 0 1
0 36 -1 0
1
end_operator
begin_operator
pour-shot-to-clean-shaker shot4 ingredient3 shaker1 right l0 l1
5
0 8
1 1
2 5
38 0
39 0
5
0 3 7 8
0 15 2 3
0 21 0 1
0 33 0 1
0 36 -1 0
1
end_operator
begin_operator
pour-shot-to-clean-shaker shot4 ingredient3 shaker1 right l0 l1
5
0 8
1 2
2 5
38 0
39 0
5
0 3 7 8
0 15 2 3
0 21 0 1
0 33 0 1
0 36 -1 0
1
end_operator
begin_operator
pour-shot-to-clean-shaker shot4 ingredient3 shaker1 right l0 l1
5
0 8
1 3
2 5
38 0
39 0
5
0 3 7 8
0 15 2 3
0 21 0 1
0 33 0 1
0 36 -1 0
1
end_operator
begin_operator
pour-shot-to-clean-shaker shot4 ingredient3 shaker1 right l0 l1
5
0 8
1 4
2 5
38 0
39 0
5
0 3 7 8
0 15 2 3
0 21 0 1
0 33 0 1
0 36 -1 0
1
end_operator
begin_operator
pour-shot-to-clean-shaker shot4 ingredient3 shaker1 right l0 l1
5
0 8
1 6
2 5
38 0
39 0
5
0 3 7 8
0 15 2 3
0 21 0 1
0 33 0 1
0 36 -1 0
1
end_operator
begin_operator
pour-shot-to-clean-shaker shot4 ingredient3 shaker1 right l0 l1
5
0 8
1 7
2 5
38 0
39 0
5
0 3 7 8
0 15 2 3
0 21 0 1
0 33 0 1
0 36 -1 0
1
end_operator
begin_operator
pour-shot-to-clean-shaker shot4 ingredient3 shaker1 right l0 l1
5
0 8
1 8
2 5
38 0
39 0
5
0 3 7 8
0 15 2 3
0 21 0 1
0 33 0 1
0 36 -1 0
1
end_operator
begin_operator
pour-shot-to-clean-shaker shot4 ingredient3 shaker1 right l0 l1
5
0 8
1 9
2 5
38 0
39 0
5
0 3 7 8
0 15 2 3
0 21 0 1
0 33 0 1
0 36 -1 0
1
end_operator
begin_operator
pour-shot-to-clean-shaker shot4 ingredient3 shaker1 right l0 l1
5
0 8
1 10
2 5
38 0
39 0
5
0 3 7 8
0 15 2 3
0 21 0 1
0 33 0 1
0 36 -1 0
1
end_operator
begin_operator
pour-shot-to-clean-shaker shot4 ingredient3 shaker1 right l0 l1
5
0 9
1 0
2 5
38 0
39 0
5
0 3 7 8
0 15 2 3
0 21 0 1
0 33 0 1
0 36 -1 0
1
end_operator
begin_operator
pour-shot-to-clean-shaker shot4 ingredient3 shaker1 right l0 l1
5
0 9
1 1
2 5
38 0
39 0
5
0 3 7 8
0 15 2 3
0 21 0 1
0 33 0 1
0 36 -1 0
1
end_operator
begin_operator
pour-shot-to-clean-shaker shot4 ingredient3 shaker1 right l0 l1
5
0 9
1 2
2 5
38 0
39 0
5
0 3 7 8
0 15 2 3
0 21 0 1
0 33 0 1
0 36 -1 0
1
end_operator
begin_operator
pour-shot-to-clean-shaker shot4 ingredient3 shaker1 right l0 l1
5
0 9
1 3
2 5
38 0
39 0
5
0 3 7 8
0 15 2 3
0 21 0 1
0 33 0 1
0 36 -1 0
1
end_operator
begin_operator
pour-shot-to-clean-shaker shot4 ingredient3 shaker1 right l0 l1
5
0 9
1 4
2 5
38 0
39 0
5
0 3 7 8
0 15 2 3
0 21 0 1
0 33 0 1
0 36 -1 0
1
end_operator
begin_operator
pour-shot-to-clean-shaker shot4 ingredient3 shaker1 right l0 l1
5
0 9
1 6
2 5
38 0
39 0
5
0 3 7 8
0 15 2 3
0 21 0 1
0 33 0 1
0 36 -1 0
1
end_operator
begin_operator
pour-shot-to-clean-shaker shot4 ingredient3 shaker1 right l0 l1
5
0 9
1 7
2 5
38 0
39 0
5
0 3 7 8
0 15 2 3
0 21 0 1
0 33 0 1
0 36 -1 0
1
end_operator
begin_operator
pour-shot-to-clean-shaker shot4 ingredient3 shaker1 right l0 l1
5
0 9
1 8
2 5
38 0
39 0
5
0 3 7 8
0 15 2 3
0 21 0 1
0 33 0 1
0 36 -1 0
1
end_operator
begin_operator
pour-shot-to-clean-shaker shot4 ingredient3 shaker1 right l0 l1
5
0 9
1 9
2 5
38 0
39 0
5
0 3 7 8
0 15 2 3
0 21 0 1
0 33 0 1
0 36 -1 0
1
end_operator
begin_operator
pour-shot-to-clean-shaker shot4 ingredient3 shaker1 right l0 l1
5
0 9
1 10
2 5
38 0
39 0
5
0 3 7 8
0 15 2 3
0 21 0 1
0 33 0 1
0 36 -1 0
1
end_operator
begin_operator
pour-shot-to-clean-shaker shot4 ingredient3 shaker1 right l0 l1
5
0 10
1 0
2 5
38 0
39 0
5
0 3 7 8
0 15 2 3
0 21 0 1
0 33 0 1
0 36 -1 0
1
end_operator
begin_operator
pour-shot-to-clean-shaker shot4 ingredient3 shaker1 right l0 l1
5
0 10
1 1
2 5
38 0
39 0
5
0 3 7 8
0 15 2 3
0 21 0 1
0 33 0 1
0 36 -1 0
1
end_operator
begin_operator
pour-shot-to-clean-shaker shot4 ingredient3 shaker1 right l0 l1
5
0 10
1 2
2 5
38 0
39 0
5
0 3 7 8
0 15 2 3
0 21 0 1
0 33 0 1
0 36 -1 0
1
end_operator
begin_operator
pour-shot-to-clean-shaker shot4 ingredient3 shaker1 right l0 l1
5
0 10
1 3
2 5
38 0
39 0
5
0 3 7 8
0 15 2 3
0 21 0 1
0 33 0 1
0 36 -1 0
1
end_operator
begin_operator
pour-shot-to-clean-shaker shot4 ingredient3 shaker1 right l0 l1
5
0 10
1 4
2 5
38 0
39 0
5
0 3 7 8
0 15 2 3
0 21 0 1
0 33 0 1
0 36 -1 0
1
end_operator
begin_operator
pour-shot-to-clean-shaker shot4 ingredient3 shaker1 right l0 l1
5
0 10
1 6
2 5
38 0
39 0
5
0 3 7 8
0 15 2 3
0 21 0 1
0 33 0 1
0 36 -1 0
1
end_operator
begin_operator
pour-shot-to-clean-shaker shot4 ingredient3 shaker1 right l0 l1
5
0 10
1 7
2 5
38 0
39 0
5
0 3 7 8
0 15 2 3
0 21 0 1
0 33 0 1
0 36 -1 0
1
end_operator
begin_operator
pour-shot-to-clean-shaker shot4 ingredient3 shaker1 right l0 l1
5
0 10
1 8
2 5
38 0
39 0
5
0 3 7 8
0 15 2 3
0 21 0 1
0 33 0 1
0 36 -1 0
1
end_operator
begin_operator
pour-shot-to-clean-shaker shot4 ingredient3 shaker1 right l0 l1
5
0 10
1 9
2 5
38 0
39 0
5
0 3 7 8
0 15 2 3
0 21 0 1
0 33 0 1
0 36 -1 0
1
end_operator
begin_operator
pour-shot-to-clean-shaker shot4 ingredient3 shaker1 right l0 l1
5
0 10
1 10
2 5
38 0
39 0
5
0 3 7 8
0 15 2 3
0 21 0 1
0 33 0 1
0 36 -1 0
1
end_operator
begin_operator
pour-shot-to-clean-shaker shot4 ingredient3 shaker1 right l0 l1
5
0 11
1 0
2 5
38 0
39 0
5
0 3 7 8
0 15 2 3
0 21 0 1
0 33 0 1
0 36 -1 0
1
end_operator
begin_operator
pour-shot-to-clean-shaker shot4 ingredient3 shaker1 right l0 l1
5
0 11
1 1
2 5
38 0
39 0
5
0 3 7 8
0 15 2 3
0 21 0 1
0 33 0 1
0 36 -1 0
1
end_operator
begin_operator
pour-shot-to-clean-shaker shot4 ingredient3 shaker1 right l0 l1
5
0 11
1 2
2 5
38 0
39 0
5
0 3 7 8
0 15 2 3
0 21 0 1
0 33 0 1
0 36 -1 0
1
end_operator
begin_operator
pour-shot-to-clean-shaker shot4 ingredient3 shaker1 right l0 l1
5
0 11
1 3
2 5
38 0
39 0
5
0 3 7 8
0 15 2 3
0 21 0 1
0 33 0 1
0 36 -1 0
1
end_operator
begin_operator
pour-shot-to-clean-shaker shot4 ingredient3 shaker1 right l0 l1
5
0 11
1 4
2 5
38 0
39 0
5
0 3 7 8
0 15 2 3
0 21 0 1
0 33 0 1
0 36 -1 0
1
end_operator
begin_operator
pour-shot-to-clean-shaker shot4 ingredient3 shaker1 right l0 l1
5
0 11
1 6
2 5
38 0
39 0
5
0 3 7 8
0 15 2 3
0 21 0 1
0 33 0 1
0 36 -1 0
1
end_operator
begin_operator
pour-shot-to-clean-shaker shot4 ingredient3 shaker1 right l0 l1
5
0 11
1 7
2 5
38 0
39 0
5
0 3 7 8
0 15 2 3
0 21 0 1
0 33 0 1
0 36 -1 0
1
end_operator
begin_operator
pour-shot-to-clean-shaker shot4 ingredient3 shaker1 right l0 l1
5
0 11
1 8
2 5
38 0
39 0
5
0 3 7 8
0 15 2 3
0 21 0 1
0 33 0 1
0 36 -1 0
1
end_operator
begin_operator
pour-shot-to-clean-shaker shot4 ingredient3 shaker1 right l0 l1
5
0 11
1 9
2 5
38 0
39 0
5
0 3 7 8
0 15 2 3
0 21 0 1
0 33 0 1
0 36 -1 0
1
end_operator
begin_operator
pour-shot-to-clean-shaker shot4 ingredient3 shaker1 right l0 l1
5
0 11
1 10
2 5
38 0
39 0
5
0 3 7 8
0 15 2 3
0 21 0 1
0 33 0 1
0 36 -1 0
1
end_operator
begin_operator
pour-shot-to-clean-shaker shot4 ingredient3 shaker1 right l0 l1
4
0 0
1 1
2 5
39 0
6
0 3 7 8
0 15 2 3
0 21 0 1
0 33 0 1
0 36 1 0
0 38 1 0
1
end_operator
begin_operator
pour-shot-to-clean-shaker shot4 ingredient3 shaker1 right l0 l1
4
0 0
1 2
2 5
39 0
6
0 3 7 8
0 15 2 3
0 21 0 1
0 33 0 1
0 36 1 0
0 38 1 0
1
end_operator
begin_operator
pour-shot-to-clean-shaker shot4 ingredient3 shaker1 right l0 l1
4
0 0
1 3
2 5
39 0
6
0 3 7 8
0 15 2 3
0 21 0 1
0 33 0 1
0 36 1 0
0 38 1 0
1
end_operator
begin_operator
pour-shot-to-clean-shaker shot4 ingredient3 shaker1 right l0 l1
4
0 0
1 4
2 5
39 0
6
0 3 7 8
0 15 2 3
0 21 0 1
0 33 0 1
0 36 1 0
0 38 1 0
1
end_operator
begin_operator
pour-shot-to-clean-shaker shot4 ingredient3 shaker1 right l0 l1
4
0 0
1 6
2 5
39 0
6
0 3 7 8
0 15 2 3
0 21 0 1
0 33 0 1
0 36 1 0
0 38 1 0
1
end_operator
begin_operator
pour-shot-to-clean-shaker shot4 ingredient3 shaker1 right l0 l1
4
0 0
1 7
2 5
39 0
6
0 3 7 8
0 15 2 3
0 21 0 1
0 33 0 1
0 36 1 0
0 38 1 0
1
end_operator
begin_operator
pour-shot-to-clean-shaker shot4 ingredient3 shaker1 right l0 l1
4
0 0
1 8
2 5
39 0
6
0 3 7 8
0 15 2 3
0 21 0 1
0 33 0 1
0 36 1 0
0 38 1 0
1
end_operator
begin_operator
pour-shot-to-clean-shaker shot4 ingredient3 shaker1 right l0 l1
4
0 0
1 9
2 5
39 0
6
0 3 7 8
0 15 2 3
0 21 0 1
0 33 0 1
0 36 1 0
0 38 1 0
1
end_operator
begin_operator
pour-shot-to-clean-shaker shot4 ingredient3 shaker1 right l0 l1
4
0 0
1 10
2 5
39 0
6
0 3 7 8
0 15 2 3
0 21 0 1
0 33 0 1
0 36 1 0
0 38 1 0
1
end_operator
begin_operator
pour-shot-to-clean-shaker shot4 ingredient3 shaker1 right l0 l1
3
0 0
1 0
2 5
7
0 3 7 8
0 15 2 3
0 21 0 1
0 33 0 1
0 36 1 0
0 38 1 0
0 39 1 0
1
end_operator
begin_operator
pour-shot-to-clean-shaker shot5 ingredient1 shaker1 left l0 l1
1
1 6
5
0 3 7 8
0 16 0 3
0 21 0 1
0 33 0 1
0 34 -1 0
1
end_operator
begin_operator
pour-shot-to-clean-shaker shot5 ingredient1 shaker1 right l0 l1
1
2 6
5
0 3 7 8
0 16 0 3
0 21 0 1
0 33 0 1
0 34 -1 0
1
end_operator
begin_operator
pour-shot-to-clean-shaker shot5 ingredient2 shaker1 left l0 l1
1
1 6
5
0 3 7 8
0 16 1 3
0 21 0 1
0 33 0 1
0 35 -1 0
1
end_operator
begin_operator
pour-shot-to-clean-shaker shot5 ingredient2 shaker1 right l0 l1
1
2 6
5
0 3 7 8
0 16 1 3
0 21 0 1
0 33 0 1
0 35 -1 0
1
end_operator
begin_operator
pour-shot-to-clean-shaker shot5 ingredient3 shaker1 left l0 l1
3
0 0
1 6
38 0
5
0 3 7 8
0 16 2 3
0 21 0 1
0 33 0 1
0 36 -1 0
1
end_operator
begin_operator
pour-shot-to-clean-shaker shot5 ingredient3 shaker1 left l0 l1
3
0 1
1 6
38 0
5
0 3 7 8
0 16 2 3
0 21 0 1
0 33 0 1
0 36 -1 0
1
end_operator
begin_operator
pour-shot-to-clean-shaker shot5 ingredient3 shaker1 left l0 l1
3
0 2
1 6
38 0
5
0 3 7 8
0 16 2 3
0 21 0 1
0 33 0 1
0 36 -1 0
1
end_operator
begin_operator
pour-shot-to-clean-shaker shot5 ingredient3 shaker1 left l0 l1
3
0 3
1 6
38 0
5
0 3 7 8
0 16 2 3
0 21 0 1
0 33 0 1
0 36 -1 0
1
end_operator
begin_operator
pour-shot-to-clean-shaker shot5 ingredient3 shaker1 left l0 l1
3
0 4
1 6
38 0
5
0 3 7 8
0 16 2 3
0 21 0 1
0 33 0 1
0 36 -1 0
1
end_operator
begin_operator
pour-shot-to-clean-shaker shot5 ingredient3 shaker1 left l0 l1
3
0 5
1 6
38 0
5
0 3 7 8
0 16 2 3
0 21 0 1
0 33 0 1
0 36 -1 0
1
end_operator
begin_operator
pour-shot-to-clean-shaker shot5 ingredient3 shaker1 left l0 l1
3
0 6
1 6
38 0
5
0 3 7 8
0 16 2 3
0 21 0 1
0 33 0 1
0 36 -1 0
1
end_operator
begin_operator
pour-shot-to-clean-shaker shot5 ingredient3 shaker1 left l0 l1
3
0 7
1 6
38 0
5
0 3 7 8
0 16 2 3
0 21 0 1
0 33 0 1
0 36 -1 0
1
end_operator
begin_operator
pour-shot-to-clean-shaker shot5 ingredient3 shaker1 left l0 l1
3
0 8
1 6
38 0
5
0 3 7 8
0 16 2 3
0 21 0 1
0 33 0 1
0 36 -1 0
1
end_operator
begin_operator
pour-shot-to-clean-shaker shot5 ingredient3 shaker1 left l0 l1
3
0 9
1 6
38 0
5
0 3 7 8
0 16 2 3
0 21 0 1
0 33 0 1
0 36 -1 0
1
end_operator
begin_operator
pour-shot-to-clean-shaker shot5 ingredient3 shaker1 left l0 l1
3
0 10
1 6
38 0
5
0 3 7 8
0 16 2 3
0 21 0 1
0 33 0 1
0 36 -1 0
1
end_operator
begin_operator
pour-shot-to-clean-shaker shot5 ingredient3 shaker1 left l0 l1
3
0 11
1 6
38 0
5
0 3 7 8
0 16 2 3
0 21 0 1
0 33 0 1
0 36 -1 0
1
end_operator
begin_operator
pour-shot-to-clean-shaker shot5 ingredient3 shaker1 left l0 l1
2
0 0
1 6
6
0 3 7 8
0 16 2 3
0 21 0 1
0 33 0 1
0 36 1 0
0 38 1 0
1
end_operator
begin_operator
pour-shot-to-clean-shaker shot5 ingredient3 shaker1 right l0 l1
5
0 0
1 0
2 6
38 0
39 0
5
0 3 7 8
0 16 2 3
0 21 0 1
0 33 0 1
0 36 -1 0
1
end_operator
begin_operator
pour-shot-to-clean-shaker shot5 ingredient3 shaker1 right l0 l1
5
0 0
1 1
2 6
38 0
39 0
5
0 3 7 8
0 16 2 3
0 21 0 1
0 33 0 1
0 36 -1 0
1
end_operator
begin_operator
pour-shot-to-clean-shaker shot5 ingredient3 shaker1 right l0 l1
5
0 0
1 2
2 6
38 0
39 0
5
0 3 7 8
0 16 2 3
0 21 0 1
0 33 0 1
0 36 -1 0
1
end_operator
begin_operator
pour-shot-to-clean-shaker shot5 ingredient3 shaker1 right l0 l1
5
0 0
1 3
2 6
38 0
39 0
5
0 3 7 8
0 16 2 3
0 21 0 1
0 33 0 1
0 36 -1 0
1
end_operator
begin_operator
pour-shot-to-clean-shaker shot5 ingredient3 shaker1 right l0 l1
5
0 0
1 4
2 6
38 0
39 0
5
0 3 7 8
0 16 2 3
0 21 0 1
0 33 0 1
0 36 -1 0
1
end_operator
begin_operator
pour-shot-to-clean-shaker shot5 ingredient3 shaker1 right l0 l1
5
0 0
1 5
2 6
38 0
39 0
5
0 3 7 8
0 16 2 3
0 21 0 1
0 33 0 1
0 36 -1 0
1
end_operator
begin_operator
pour-shot-to-clean-shaker shot5 ingredient3 shaker1 right l0 l1
5
0 0
1 7
2 6
38 0
39 0
5
0 3 7 8
0 16 2 3
0 21 0 1
0 33 0 1
0 36 -1 0
1
end_operator
begin_operator
pour-shot-to-clean-shaker shot5 ingredient3 shaker1 right l0 l1
5
0 0
1 8
2 6
38 0
39 0
5
0 3 7 8
0 16 2 3
0 21 0 1
0 33 0 1
0 36 -1 0
1
end_operator
begin_operator
pour-shot-to-clean-shaker shot5 ingredient3 shaker1 right l0 l1
5
0 0
1 9
2 6
38 0
39 0
5
0 3 7 8
0 16 2 3
0 21 0 1
0 33 0 1
0 36 -1 0
1
end_operator
begin_operator
pour-shot-to-clean-shaker shot5 ingredient3 shaker1 right l0 l1
5
0 0
1 10
2 6
38 0
39 0
5
0 3 7 8
0 16 2 3
0 21 0 1
0 33 0 1
0 36 -1 0
1
end_operator
begin_operator
pour-shot-to-clean-shaker shot5 ingredient3 shaker1 right l0 l1
5
0 1
1 0
2 6
38 0
39 0
5
0 3 7 8
0 16 2 3
0 21 0 1
0 33 0 1
0 36 -1 0
1
end_operator
begin_operator
pour-shot-to-clean-shaker shot5 ingredient3 shaker1 right l0 l1
5
0 1
1 1
2 6
38 0
39 0
5
0 3 7 8
0 16 2 3
0 21 0 1
0 33 0 1
0 36 -1 0
1
end_operator
begin_operator
pour-shot-to-clean-shaker shot5 ingredient3 shaker1 right l0 l1
5
0 1
1 2
2 6
38 0
39 0
5
0 3 7 8
0 16 2 3
0 21 0 1
0 33 0 1
0 36 -1 0
1
end_operator
begin_operator
pour-shot-to-clean-shaker shot5 ingredient3 shaker1 right l0 l1
5
0 1
1 3
2 6
38 0
39 0
5
0 3 7 8
0 16 2 3
0 21 0 1
0 33 0 1
0 36 -1 0
1
end_operator
begin_operator
pour-shot-to-clean-shaker shot5 ingredient3 shaker1 right l0 l1
5
0 1
1 4
2 6
38 0
39 0
5
0 3 7 8
0 16 2 3
0 21 0 1
0 33 0 1
0 36 -1 0
1
end_operator
begin_operator
pour-shot-to-clean-shaker shot5 ingredient3 shaker1 right l0 l1
5
0 1
1 5
2 6
38 0
39 0
5
0 3 7 8
0 16 2 3
0 21 0 1
0 33 0 1
0 36 -1 0
1
end_operator
begin_operator
pour-shot-to-clean-shaker shot5 ingredient3 shaker1 right l0 l1
5
0 1
1 7
2 6
38 0
39 0
5
0 3 7 8
0 16 2 3
0 21 0 1
0 33 0 1
0 36 -1 0
1
end_operator
begin_operator
pour-shot-to-clean-shaker shot5 ingredient3 shaker1 right l0 l1
5
0 1
1 8
2 6
38 0
39 0
5
0 3 7 8
0 16 2 3
0 21 0 1
0 33 0 1
0 36 -1 0
1
end_operator
begin_operator
pour-shot-to-clean-shaker shot5 ingredient3 shaker1 right l0 l1
5
0 1
1 9
2 6
38 0
39 0
5
0 3 7 8
0 16 2 3
0 21 0 1
0 33 0 1
0 36 -1 0
1
end_operator
begin_operator
pour-shot-to-clean-shaker shot5 ingredient3 shaker1 right l0 l1
5
0 1
1 10
2 6
38 0
39 0
5
0 3 7 8
0 16 2 3
0 21 0 1
0 33 0 1
0 36 -1 0
1
end_operator
begin_operator
pour-shot-to-clean-shaker shot5 ingredient3 shaker1 right l0 l1
5
0 2
1 0
2 6
38 0
39 0
5
0 3 7 8
0 16 2 3
0 21 0 1
0 33 0 1
0 36 -1 0
1
end_operator
begin_operator
pour-shot-to-clean-shaker shot5 ingredient3 shaker1 right l0 l1
5
0 2
1 1
2 6
38 0
39 0
5
0 3 7 8
0 16 2 3
0 21 0 1
0 33 0 1
0 36 -1 0
1
end_operator
begin_operator
pour-shot-to-clean-shaker shot5 ingredient3 shaker1 right l0 l1
5
0 2
1 2
2 6
38 0
39 0
5
0 3 7 8
0 16 2 3
0 21 0 1
0 33 0 1
0 36 -1 0
1
end_operator
begin_operator
pour-shot-to-clean-shaker shot5 ingredient3 shaker1 right l0 l1
5
0 2
1 3
2 6
38 0
39 0
5
0 3 7 8
0 16 2 3
0 21 0 1
0 33 0 1
0 36 -1 0
1
end_operator
begin_operator
pour-shot-to-clean-shaker shot5 ingredient3 shaker1 right l0 l1
5
0 2
1 4
2 6
38 0
39 0
5
0 3 7 8
0 16 2 3
0 21 0 1
0 33 0 1
0 36 -1 0
1
end_operator
begin_operator
pour-shot-to-clean-shaker shot5 ingredient3 shaker1 right l0 l1
5
0 2
1 5
2 6
38 0
39 0
5
0 3 7 8
0 16 2 3
0 21 0 1
0 33 0 1
0 36 -1 0
1
end_operator
begin_operator
pour-shot-to-clean-shaker shot5 ingredient3 shaker1 right l0 l1
5
0 2
1 7
2 6
38 0
39 0
5
0 3 7 8
0 16 2 3
0 21 0 1
0 33 0 1
0 36 -1 0
1
end_operator
begin_operator
pour-shot-to-clean-shaker shot5 ingredient3 shaker1 right l0 l1
5
0 2
1 8
2 6
38 0
39 0
5
0 3 7 8
0 16 2 3
0 21 0 1
0 33 0 1
0 36 -1 0
1
end_operator
begin_operator
pour-shot-to-clean-shaker shot5 ingredient3 shaker1 right l0 l1
5
0 2
1 9
2 6
38 0
39 0
5
0 3 7 8
0 16 2 3
0 21 0 1
0 33 0 1
0 36 -1 0
1
end_operator
begin_operator
pour-shot-to-clean-shaker shot5 ingredient3 shaker1 right l0 l1
5
0 2
1 10
2 6
38 0
39 0
5
0 3 7 8
0 16 2 3
0 21 0 1
0 33 0 1
0 36 -1 0
1
end_operator
begin_operator
pour-shot-to-clean-shaker shot5 ingredient3 shaker1 right l0 l1
5
0 3
1 0
2 6
38 0
39 0
5
0 3 7 8
0 16 2 3
0 21 0 1
0 33 0 1
0 36 -1 0
1
end_operator
begin_operator
pour-shot-to-clean-shaker shot5 ingredient3 shaker1 right l0 l1
5
0 3
1 1
2 6
38 0
39 0
5
0 3 7 8
0 16 2 3
0 21 0 1
0 33 0 1
0 36 -1 0
1
end_operator
begin_operator
pour-shot-to-clean-shaker shot5 ingredient3 shaker1 right l0 l1
5
0 3
1 2
2 6
38 0
39 0
5
0 3 7 8
0 16 2 3
0 21 0 1
0 33 0 1
0 36 -1 0
1
end_operator
begin_operator
pour-shot-to-clean-shaker shot5 ingredient3 shaker1 right l0 l1
5
0 3
1 3
2 6
38 0
39 0
5
0 3 7 8
0 16 2 3
0 21 0 1
0 33 0 1
0 36 -1 0
1
end_operator
begin_operator
pour-shot-to-clean-shaker shot5 ingredient3 shaker1 right l0 l1
5
0 3
1 4
2 6
38 0
39 0
5
0 3 7 8
0 16 2 3
0 21 0 1
0 33 0 1
0 36 -1 0
1
end_operator
begin_operator
pour-shot-to-clean-shaker shot5 ingredient3 shaker1 right l0 l1
5
0 3
1 5
2 6
38 0
39 0
5
0 3 7 8
0 16 2 3
0 21 0 1
0 33 0 1
0 36 -1 0
1
end_operator
begin_operator
pour-shot-to-clean-shaker shot5 ingredient3 shaker1 right l0 l1
5
0 3
1 7
2 6
38 0
39 0
5
0 3 7 8
0 16 2 3
0 21 0 1
0 33 0 1
0 36 -1 0
1
end_operator
begin_operator
pour-shot-to-clean-shaker shot5 ingredient3 shaker1 right l0 l1
5
0 3
1 8
2 6
38 0
39 0
5
0 3 7 8
0 16 2 3
0 21 0 1
0 33 0 1
0 36 -1 0
1
end_operator
begin_operator
pour-shot-to-clean-shaker shot5 ingredient3 shaker1 right l0 l1
5
0 3
1 9
2 6
38 0
39 0
5
0 3 7 8
0 16 2 3
0 21 0 1
0 33 0 1
0 36 -1 0
1
end_operator
begin_operator
pour-shot-to-clean-shaker shot5 ingredient3 shaker1 right l0 l1
5
0 3
1 10
2 6
38 0
39 0
5
0 3 7 8
0 16 2 3
0 21 0 1
0 33 0 1
0 36 -1 0
1
end_operator
begin_operator
pour-shot-to-clean-shaker shot5 ingredient3 shaker1 right l0 l1
5
0 4
1 0
2 6
38 0
39 0
5
0 3 7 8
0 16 2 3
0 21 0 1
0 33 0 1
0 36 -1 0
1
end_operator
begin_operator
pour-shot-to-clean-shaker shot5 ingredient3 shaker1 right l0 l1
5
0 4
1 1
2 6
38 0
39 0
5
0 3 7 8
0 16 2 3
0 21 0 1
0 33 0 1
0 36 -1 0
1
end_operator
begin_operator
pour-shot-to-clean-shaker shot5 ingredient3 shaker1 right l0 l1
5
0 4
1 2
2 6
38 0
39 0
5
0 3 7 8
0 16 2 3
0 21 0 1
0 33 0 1
0 36 -1 0
1
end_operator
begin_operator
pour-shot-to-clean-shaker shot5 ingredient3 shaker1 right l0 l1
5
0 4
1 3
2 6
38 0
39 0
5
0 3 7 8
0 16 2 3
0 21 0 1
0 33 0 1
0 36 -1 0
1
end_operator
begin_operator
pour-shot-to-clean-shaker shot5 ingredient3 shaker1 right l0 l1
5
0 4
1 4
2 6
38 0
39 0
5
0 3 7 8
0 16 2 3
0 21 0 1
0 33 0 1
0 36 -1 0
1
end_operator
begin_operator
pour-shot-to-clean-shaker shot5 ingredient3 shaker1 right l0 l1
5
0 4
1 5
2 6
38 0
39 0
5
0 3 7 8
0 16 2 3
0 21 0 1
0 33 0 1
0 36 -1 0
1
end_operator
begin_operator
pour-shot-to-clean-shaker shot5 ingredient3 shaker1 right l0 l1
5
0 4
1 7
2 6
38 0
39 0
5
0 3 7 8
0 16 2 3
0 21 0 1
0 33 0 1
0 36 -1 0
1
end_operator
begin_operator
pour-shot-to-clean-shaker shot5 ingredient3 shaker1 right l0 l1
5
0 4
1 8
2 6
38 0
39 0
5
0 3 7 8
0 16 2 3
0 21 0 1
0 33 0 1
0 36 -1 0
1
end_operator
begin_operator
pour-shot-to-clean-shaker shot5 ingredient3 shaker1 right l0 l1
5
0 4
1 9
2 6
38 0
39 0
5
0 3 7 8
0 16 2 3
0 21 0 1
0 33 0 1
0 36 -1 0
1
end_operator
begin_operator
pour-shot-to-clean-shaker shot5 ingredient3 shaker1 right l0 l1
5
0 4
1 10
2 6
38 0
39 0
5
0 3 7 8
0 16 2 3
0 21 0 1
0 33 0 1
0 36 -1 0
1
end_operator
begin_operator
pour-shot-to-clean-shaker shot5 ingredient3 shaker1 right l0 l1
5
0 5
1 0
2 6
38 0
39 0
5
0 3 7 8
0 16 2 3
0 21 0 1
0 33 0 1
0 36 -1 0
1
end_operator
begin_operator
pour-shot-to-clean-shaker shot5 ingredient3 shaker1 right l0 l1
5
0 5
1 1
2 6
38 0
39 0
5
0 3 7 8
0 16 2 3
0 21 0 1
0 33 0 1
0 36 -1 0
1
end_operator
begin_operator
pour-shot-to-clean-shaker shot5 ingredient3 shaker1 right l0 l1
5
0 5
1 2
2 6
38 0
39 0
5
0 3 7 8
0 16 2 3
0 21 0 1
0 33 0 1
0 36 -1 0
1
end_operator
begin_operator
pour-shot-to-clean-shaker shot5 ingredient3 shaker1 right l0 l1
5
0 5
1 3
2 6
38 0
39 0
5
0 3 7 8
0 16 2 3
0 21 0 1
0 33 0 1
0 36 -1 0
1
end_operator
begin_operator
pour-shot-to-clean-shaker shot5 ingredient3 shaker1 right l0 l1
5
0 5
1 4
2 6
38 0
39 0
5
0 3 7 8
0 16 2 3
0 21 0 1
0 33 0 1
0 36 -1 0
1
end_operator
begin_operator
pour-shot-to-clean-shaker shot5 ingredient3 shaker1 right l0 l1
5
0 5
1 5
2 6
38 0
39 0
5
0 3 7 8
0 16 2 3
0 21 0 1
0 33 0 1
0 36 -1 0
1
end_operator
begin_operator
pour-shot-to-clean-shaker shot5 ingredient3 shaker1 right l0 l1
5
0 5
1 7
2 6
38 0
39 0
5
0 3 7 8
0 16 2 3
0 21 0 1
0 33 0 1
0 36 -1 0
1
end_operator
begin_operator
pour-shot-to-clean-shaker shot5 ingredient3 shaker1 right l0 l1
5
0 5
1 8
2 6
38 0
39 0
5
0 3 7 8
0 16 2 3
0 21 0 1
0 33 0 1
0 36 -1 0
1
end_operator
begin_operator
pour-shot-to-clean-shaker shot5 ingredient3 shaker1 right l0 l1
5
0 5
1 9
2 6
38 0
39 0
5
0 3 7 8
0 16 2 3
0 21 0 1
0 33 0 1
0 36 -1 0
1
end_operator
begin_operator
pour-shot-to-clean-shaker shot5 ingredient3 shaker1 right l0 l1
5
0 5
1 10
2 6
38 0
39 0
5
0 3 7 8
0 16 2 3
0 21 0 1
0 33 0 1
0 36 -1 0
1
end_operator
begin_operator
pour-shot-to-clean-shaker shot5 ingredient3 shaker1 right l0 l1
5
0 6
1 0
2 6
38 0
39 0
5
0 3 7 8
0 16 2 3
0 21 0 1
0 33 0 1
0 36 -1 0
1
end_operator
begin_operator
pour-shot-to-clean-shaker shot5 ingredient3 shaker1 right l0 l1
5
0 6
1 1
2 6
38 0
39 0
5
0 3 7 8
0 16 2 3
0 21 0 1
0 33 0 1
0 36 -1 0
1
end_operator
begin_operator
pour-shot-to-clean-shaker shot5 ingredient3 shaker1 right l0 l1
5
0 6
1 2
2 6
38 0
39 0
5
0 3 7 8
0 16 2 3
0 21 0 1
0 33 0 1
0 36 -1 0
1
end_operator
begin_operator
pour-shot-to-clean-shaker shot5 ingredient3 shaker1 right l0 l1
5
0 6
1 3
2 6
38 0
39 0
5
0 3 7 8
0 16 2 3
0 21 0 1
0 33 0 1
0 36 -1 0
1
end_operator
begin_operator
pour-shot-to-clean-shaker shot5 ingredient3 shaker1 right l0 l1
5
0 6
1 4
2 6
38 0
39 0
5
0 3 7 8
0 16 2 3
0 21 0 1
0 33 0 1
0 36 -1 0
1
end_operator
begin_operator
pour-shot-to-clean-shaker shot5 ingredient3 shaker1 right l0 l1
5
0 6
1 5
2 6
38 0
39 0
5
0 3 7 8
0 16 2 3
0 21 0 1
0 33 0 1
0 36 -1 0
1
end_operator
begin_operator
pour-shot-to-clean-shaker shot5 ingredient3 shaker1 right l0 l1
5
0 6
1 7
2 6
38 0
39 0
5
0 3 7 8
0 16 2 3
0 21 0 1
0 33 0 1
0 36 -1 0
1
end_operator
begin_operator
pour-shot-to-clean-shaker shot5 ingredient3 shaker1 right l0 l1
5
0 6
1 8
2 6
38 0
39 0
5
0 3 7 8
0 16 2 3
0 21 0 1
0 33 0 1
0 36 -1 0
1
end_operator
begin_operator
pour-shot-to-clean-shaker shot5 ingredient3 shaker1 right l0 l1
5
0 6
1 9
2 6
38 0
39 0
5
0 3 7 8
0 16 2 3
0 21 0 1
0 33 0 1
0 36 -1 0
1
end_operator
begin_operator
pour-shot-to-clean-shaker shot5 ingredient3 shaker1 right l0 l1
5
0 6
1 10
2 6
38 0
39 0
5
0 3 7 8
0 16 2 3
0 21 0 1
0 33 0 1
0 36 -1 0
1
end_operator
begin_operator
pour-shot-to-clean-shaker shot5 ingredient3 shaker1 right l0 l1
5
0 7
1 0
2 6
38 0
39 0
5
0 3 7 8
0 16 2 3
0 21 0 1
0 33 0 1
0 36 -1 0
1
end_operator
begin_operator
pour-shot-to-clean-shaker shot5 ingredient3 shaker1 right l0 l1
5
0 7
1 1
2 6
38 0
39 0
5
0 3 7 8
0 16 2 3
0 21 0 1
0 33 0 1
0 36 -1 0
1
end_operator
begin_operator
pour-shot-to-clean-shaker shot5 ingredient3 shaker1 right l0 l1
5
0 7
1 2
2 6
38 0
39 0
5
0 3 7 8
0 16 2 3
0 21 0 1
0 33 0 1
0 36 -1 0
1
end_operator
begin_operator
pour-shot-to-clean-shaker shot5 ingredient3 shaker1 right l0 l1
5
0 7
1 3
2 6
38 0
39 0
5
0 3 7 8
0 16 2 3
0 21 0 1
0 33 0 1
0 36 -1 0
1
end_operator
begin_operator
pour-shot-to-clean-shaker shot5 ingredient3 shaker1 right l0 l1
5
0 7
1 4
2 6
38 0
39 0
5
0 3 7 8
0 16 2 3
0 21 0 1
0 33 0 1
0 36 -1 0
1
end_operator
begin_operator
pour-shot-to-clean-shaker shot5 ingredient3 shaker1 right l0 l1
5
0 7
1 5
2 6
38 0
39 0
5
0 3 7 8
0 16 2 3
0 21 0 1
0 33 0 1
0 36 -1 0
1
end_operator
begin_operator
pour-shot-to-clean-shaker shot5 ingredient3 shaker1 right l0 l1
5
0 7
1 7
2 6
38 0
39 0
5
0 3 7 8
0 16 2 3
0 21 0 1
0 33 0 1
0 36 -1 0
1
end_operator
begin_operator
pour-shot-to-clean-shaker shot5 ingredient3 shaker1 right l0 l1
5
0 7
1 8
2 6
38 0
39 0
5
0 3 7 8
0 16 2 3
0 21 0 1
0 33 0 1
0 36 -1 0
1
end_operator
begin_operator
pour-shot-to-clean-shaker shot5 ingredient3 shaker1 right l0 l1
5
0 7
1 9
2 6
38 0
39 0
5
0 3 7 8
0 16 2 3
0 21 0 1
0 33 0 1
0 36 -1 0
1
end_operator
begin_operator
pour-shot-to-clean-shaker shot5 ingredient3 shaker1 right l0 l1
5
0 7
1 10
2 6
38 0
39 0
5
0 3 7 8
0 16 2 3
0 21 0 1
0 33 0 1
0 36 -1 0
1
end_operator
begin_operator
pour-shot-to-clean-shaker shot5 ingredient3 shaker1 right l0 l1
5
0 8
1 0
2 6
38 0
39 0
5
0 3 7 8
0 16 2 3
0 21 0 1
0 33 0 1
0 36 -1 0
1
end_operator
begin_operator
pour-shot-to-clean-shaker shot5 ingredient3 shaker1 right l0 l1
5
0 8
1 1
2 6
38 0
39 0
5
0 3 7 8
0 16 2 3
0 21 0 1
0 33 0 1
0 36 -1 0
1
end_operator
begin_operator
pour-shot-to-clean-shaker shot5 ingredient3 shaker1 right l0 l1
5
0 8
1 2
2 6
38 0
39 0
5
0 3 7 8
0 16 2 3
0 21 0 1
0 33 0 1
0 36 -1 0
1
end_operator
begin_operator
pour-shot-to-clean-shaker shot5 ingredient3 shaker1 right l0 l1
5
0 8
1 3
2 6
38 0
39 0
5
0 3 7 8
0 16 2 3
0 21 0 1
0 33 0 1
0 36 -1 0
1
end_operator
begin_operator
pour-shot-to-clean-shaker shot5 ingredient3 shaker1 right l0 l1
5
0 8
1 4
2 6
38 0
39 0
5
0 3 7 8
0 16 2 3
0 21 0 1
0 33 0 1
0 36 -1 0
1
end_operator
begin_operator
pour-shot-to-clean-shaker shot5 ingredient3 shaker1 right l0 l1
5
0 8
1 5
2 6
38 0
39 0
5
0 3 7 8
0 16 2 3
0 21 0 1
0 33 0 1
0 36 -1 0
1
end_operator
begin_operator
pour-shot-to-clean-shaker shot5 ingredient3 shaker1 right l0 l1
5
0 8
1 7
2 6
38 0
39 0
5
0 3 7 8
0 16 2 3
0 21 0 1
0 33 0 1
0 36 -1 0
1
end_operator
begin_operator
pour-shot-to-clean-shaker shot5 ingredient3 shaker1 right l0 l1
5
0 8
1 8
2 6
38 0
39 0
5
0 3 7 8
0 16 2 3
0 21 0 1
0 33 0 1
0 36 -1 0
1
end_operator
begin_operator
pour-shot-to-clean-shaker shot5 ingredient3 shaker1 right l0 l1
5
0 8
1 9
2 6
38 0
39 0
5
0 3 7 8
0 16 2 3
0 21 0 1
0 33 0 1
0 36 -1 0
1
end_operator
begin_operator
pour-shot-to-clean-shaker shot5 ingredient3 shaker1 right l0 l1
5
0 8
1 10
2 6
38 0
39 0
5
0 3 7 8
0 16 2 3
0 21 0 1
0 33 0 1
0 36 -1 0
1
end_operator
begin_operator
pour-shot-to-clean-shaker shot5 ingredient3 shaker1 right l0 l1
5
0 9
1 0
2 6
38 0
39 0
5
0 3 7 8
0 16 2 3
0 21 0 1
0 33 0 1
0 36 -1 0
1
end_operator
begin_operator
pour-shot-to-clean-shaker shot5 ingredient3 shaker1 right l0 l1
5
0 9
1 1
2 6
38 0
39 0
5
0 3 7 8
0 16 2 3
0 21 0 1
0 33 0 1
0 36 -1 0
1
end_operator
begin_operator
pour-shot-to-clean-shaker shot5 ingredient3 shaker1 right l0 l1
5
0 9
1 2
2 6
38 0
39 0
5
0 3 7 8
0 16 2 3
0 21 0 1
0 33 0 1
0 36 -1 0
1
end_operator
begin_operator
pour-shot-to-clean-shaker shot5 ingredient3 shaker1 right l0 l1
5
0 9
1 3
2 6
38 0
39 0
5
0 3 7 8
0 16 2 3
0 21 0 1
0 33 0 1
0 36 -1 0
1
end_operator
begin_operator
pour-shot-to-clean-shaker shot5 ingredient3 shaker1 right l0 l1
5
0 9
1 4
2 6
38 0
39 0
5
0 3 7 8
0 16 2 3
0 21 0 1
0 33 0 1
0 36 -1 0
1
end_operator
begin_operator
pour-shot-to-clean-shaker shot5 ingredient3 shaker1 right l0 l1
5
0 9
1 5
2 6
38 0
39 0
5
0 3 7 8
0 16 2 3
0 21 0 1
0 33 0 1
0 36 -1 0
1
end_operator
begin_operator
pour-shot-to-clean-shaker shot5 ingredient3 shaker1 right l0 l1
5
0 9
1 7
2 6
38 0
39 0
5
0 3 7 8
0 16 2 3
0 21 0 1
0 33 0 1
0 36 -1 0
1
end_operator
begin_operator
pour-shot-to-clean-shaker shot5 ingredient3 shaker1 right l0 l1
5
0 9
1 8
2 6
38 0
39 0
5
0 3 7 8
0 16 2 3
0 21 0 1
0 33 0 1
0 36 -1 0
1
end_operator
begin_operator
pour-shot-to-clean-shaker shot5 ingredient3 shaker1 right l0 l1
5
0 9
1 9
2 6
38 0
39 0
5
0 3 7 8
0 16 2 3
0 21 0 1
0 33 0 1
0 36 -1 0
1
end_operator
begin_operator
pour-shot-to-clean-shaker shot5 ingredient3 shaker1 right l0 l1
5
0 9
1 10
2 6
38 0
39 0
5
0 3 7 8
0 16 2 3
0 21 0 1
0 33 0 1
0 36 -1 0
1
end_operator
begin_operator
pour-shot-to-clean-shaker shot5 ingredient3 shaker1 right l0 l1
5
0 10
1 0
2 6
38 0
39 0
5
0 3 7 8
0 16 2 3
0 21 0 1
0 33 0 1
0 36 -1 0
1
end_operator
begin_operator
pour-shot-to-clean-shaker shot5 ingredient3 shaker1 right l0 l1
5
0 10
1 1
2 6
38 0
39 0
5
0 3 7 8
0 16 2 3
0 21 0 1
0 33 0 1
0 36 -1 0
1
end_operator
begin_operator
pour-shot-to-clean-shaker shot5 ingredient3 shaker1 right l0 l1
5
0 10
1 2
2 6
38 0
39 0
5
0 3 7 8
0 16 2 3
0 21 0 1
0 33 0 1
0 36 -1 0
1
end_operator
begin_operator
pour-shot-to-clean-shaker shot5 ingredient3 shaker1 right l0 l1
5
0 10
1 3
2 6
38 0
39 0
5
0 3 7 8
0 16 2 3
0 21 0 1
0 33 0 1
0 36 -1 0
1
end_operator
begin_operator
pour-shot-to-clean-shaker shot5 ingredient3 shaker1 right l0 l1
5
0 10
1 4
2 6
38 0
39 0
5
0 3 7 8
0 16 2 3
0 21 0 1
0 33 0 1
0 36 -1 0
1
end_operator
begin_operator
pour-shot-to-clean-shaker shot5 ingredient3 shaker1 right l0 l1
5
0 10
1 5
2 6
38 0
39 0
5
0 3 7 8
0 16 2 3
0 21 0 1
0 33 0 1
0 36 -1 0
1
end_operator
begin_operator
pour-shot-to-clean-shaker shot5 ingredient3 shaker1 right l0 l1
5
0 10
1 7
2 6
38 0
39 0
5
0 3 7 8
0 16 2 3
0 21 0 1
0 33 0 1
0 36 -1 0
1
end_operator
begin_operator
pour-shot-to-clean-shaker shot5 ingredient3 shaker1 right l0 l1
5
0 10
1 8
2 6
38 0
39 0
5
0 3 7 8
0 16 2 3
0 21 0 1
0 33 0 1
0 36 -1 0
1
end_operator
begin_operator
pour-shot-to-clean-shaker shot5 ingredient3 shaker1 right l0 l1
5
0 10
1 9
2 6
38 0
39 0
5
0 3 7 8
0 16 2 3
0 21 0 1
0 33 0 1
0 36 -1 0
1
end_operator
begin_operator
pour-shot-to-clean-shaker shot5 ingredient3 shaker1 right l0 l1
5
0 10
1 10
2 6
38 0
39 0
5
0 3 7 8
0 16 2 3
0 21 0 1
0 33 0 1
0 36 -1 0
1
end_operator
begin_operator
pour-shot-to-clean-shaker shot5 ingredient3 shaker1 right l0 l1
5
0 11
1 0
2 6
38 0
39 0
5
0 3 7 8
0 16 2 3
0 21 0 1
0 33 0 1
0 36 -1 0
1
end_operator
begin_operator
pour-shot-to-clean-shaker shot5 ingredient3 shaker1 right l0 l1
5
0 11
1 1
2 6
38 0
39 0
5
0 3 7 8
0 16 2 3
0 21 0 1
0 33 0 1
0 36 -1 0
1
end_operator
begin_operator
pour-shot-to-clean-shaker shot5 ingredient3 shaker1 right l0 l1
5
0 11
1 2
2 6
38 0
39 0
5
0 3 7 8
0 16 2 3
0 21 0 1
0 33 0 1
0 36 -1 0
1
end_operator
begin_operator
pour-shot-to-clean-shaker shot5 ingredient3 shaker1 right l0 l1
5
0 11
1 3
2 6
38 0
39 0
5
0 3 7 8
0 16 2 3
0 21 0 1
0 33 0 1
0 36 -1 0
1
end_operator
begin_operator
pour-shot-to-clean-shaker shot5 ingredient3 shaker1 right l0 l1
5
0 11
1 4
2 6
38 0
39 0
5
0 3 7 8
0 16 2 3
0 21 0 1
0 33 0 1
0 36 -1 0
1
end_operator
begin_operator
pour-shot-to-clean-shaker shot5 ingredient3 shaker1 right l0 l1
5
0 11
1 5
2 6
38 0
39 0
5
0 3 7 8
0 16 2 3
0 21 0 1
0 33 0 1
0 36 -1 0
1
end_operator
begin_operator
pour-shot-to-clean-shaker shot5 ingredient3 shaker1 right l0 l1
5
0 11
1 7
2 6
38 0
39 0
5
0 3 7 8
0 16 2 3
0 21 0 1
0 33 0 1
0 36 -1 0
1
end_operator
begin_operator
pour-shot-to-clean-shaker shot5 ingredient3 shaker1 right l0 l1
5
0 11
1 8
2 6
38 0
39 0
5
0 3 7 8
0 16 2 3
0 21 0 1
0 33 0 1
0 36 -1 0
1
end_operator
begin_operator
pour-shot-to-clean-shaker shot5 ingredient3 shaker1 right l0 l1
5
0 11
1 9
2 6
38 0
39 0
5
0 3 7 8
0 16 2 3
0 21 0 1
0 33 0 1
0 36 -1 0
1
end_operator
begin_operator
pour-shot-to-clean-shaker shot5 ingredient3 shaker1 right l0 l1
5
0 11
1 10
2 6
38 0
39 0
5
0 3 7 8
0 16 2 3
0 21 0 1
0 33 0 1
0 36 -1 0
1
end_operator
begin_operator
pour-shot-to-clean-shaker shot5 ingredient3 shaker1 right l0 l1
4
0 0
1 1
2 6
39 0
6
0 3 7 8
0 16 2 3
0 21 0 1
0 33 0 1
0 36 1 0
0 38 1 0
1
end_operator
begin_operator
pour-shot-to-clean-shaker shot5 ingredient3 shaker1 right l0 l1
4
0 0
1 2
2 6
39 0
6
0 3 7 8
0 16 2 3
0 21 0 1
0 33 0 1
0 36 1 0
0 38 1 0
1
end_operator
begin_operator
pour-shot-to-clean-shaker shot5 ingredient3 shaker1 right l0 l1
4
0 0
1 3
2 6
39 0
6
0 3 7 8
0 16 2 3
0 21 0 1
0 33 0 1
0 36 1 0
0 38 1 0
1
end_operator
begin_operator
pour-shot-to-clean-shaker shot5 ingredient3 shaker1 right l0 l1
4
0 0
1 4
2 6
39 0
6
0 3 7 8
0 16 2 3
0 21 0 1
0 33 0 1
0 36 1 0
0 38 1 0
1
end_operator
begin_operator
pour-shot-to-clean-shaker shot5 ingredient3 shaker1 right l0 l1
4
0 0
1 5
2 6
39 0
6
0 3 7 8
0 16 2 3
0 21 0 1
0 33 0 1
0 36 1 0
0 38 1 0
1
end_operator
begin_operator
pour-shot-to-clean-shaker shot5 ingredient3 shaker1 right l0 l1
4
0 0
1 7
2 6
39 0
6
0 3 7 8
0 16 2 3
0 21 0 1
0 33 0 1
0 36 1 0
0 38 1 0
1
end_operator
begin_operator
pour-shot-to-clean-shaker shot5 ingredient3 shaker1 right l0 l1
4
0 0
1 8
2 6
39 0
6
0 3 7 8
0 16 2 3
0 21 0 1
0 33 0 1
0 36 1 0
0 38 1 0
1
end_operator
begin_operator
pour-shot-to-clean-shaker shot5 ingredient3 shaker1 right l0 l1
4
0 0
1 9
2 6
39 0
6
0 3 7 8
0 16 2 3
0 21 0 1
0 33 0 1
0 36 1 0
0 38 1 0
1
end_operator
begin_operator
pour-shot-to-clean-shaker shot5 ingredient3 shaker1 right l0 l1
4
0 0
1 10
2 6
39 0
6
0 3 7 8
0 16 2 3
0 21 0 1
0 33 0 1
0 36 1 0
0 38 1 0
1
end_operator
begin_operator
pour-shot-to-clean-shaker shot5 ingredient3 shaker1 right l0 l1
3
0 0
1 0
2 6
7
0 3 7 8
0 16 2 3
0 21 0 1
0 33 0 1
0 36 1 0
0 38 1 0
0 39 1 0
1
end_operator
begin_operator
pour-shot-to-clean-shaker shot6 ingredient1 shaker1 left l0 l1
1
1 7
5
0 3 7 8
0 17 0 3
0 21 0 1
0 33 0 1
0 34 -1 0
1
end_operator
begin_operator
pour-shot-to-clean-shaker shot6 ingredient1 shaker1 right l0 l1
1
2 7
5
0 3 7 8
0 17 0 3
0 21 0 1
0 33 0 1
0 34 -1 0
1
end_operator
begin_operator
pour-shot-to-clean-shaker shot6 ingredient2 shaker1 left l0 l1
1
1 7
5
0 3 7 8
0 17 1 3
0 21 0 1
0 33 0 1
0 35 -1 0
1
end_operator
begin_operator
pour-shot-to-clean-shaker shot6 ingredient2 shaker1 right l0 l1
1
2 7
5
0 3 7 8
0 17 1 3
0 21 0 1
0 33 0 1
0 35 -1 0
1
end_operator
begin_operator
pour-shot-to-clean-shaker shot6 ingredient3 shaker1 left l0 l1
3
0 0
1 7
38 0
5
0 3 7 8
0 17 2 3
0 21 0 1
0 33 0 1
0 36 -1 0
1
end_operator
begin_operator
pour-shot-to-clean-shaker shot6 ingredient3 shaker1 left l0 l1
3
0 1
1 7
38 0
5
0 3 7 8
0 17 2 3
0 21 0 1
0 33 0 1
0 36 -1 0
1
end_operator
begin_operator
pour-shot-to-clean-shaker shot6 ingredient3 shaker1 left l0 l1
3
0 2
1 7
38 0
5
0 3 7 8
0 17 2 3
0 21 0 1
0 33 0 1
0 36 -1 0
1
end_operator
begin_operator
pour-shot-to-clean-shaker shot6 ingredient3 shaker1 left l0 l1
3
0 3
1 7
38 0
5
0 3 7 8
0 17 2 3
0 21 0 1
0 33 0 1
0 36 -1 0
1
end_operator
begin_operator
pour-shot-to-clean-shaker shot6 ingredient3 shaker1 left l0 l1
3
0 4
1 7
38 0
5
0 3 7 8
0 17 2 3
0 21 0 1
0 33 0 1
0 36 -1 0
1
end_operator
begin_operator
pour-shot-to-clean-shaker shot6 ingredient3 shaker1 left l0 l1
3
0 5
1 7
38 0
5
0 3 7 8
0 17 2 3
0 21 0 1
0 33 0 1
0 36 -1 0
1
end_operator
begin_operator
pour-shot-to-clean-shaker shot6 ingredient3 shaker1 left l0 l1
3
0 6
1 7
38 0
5
0 3 7 8
0 17 2 3
0 21 0 1
0 33 0 1
0 36 -1 0
1
end_operator
begin_operator
pour-shot-to-clean-shaker shot6 ingredient3 shaker1 left l0 l1
3
0 7
1 7
38 0
5
0 3 7 8
0 17 2 3
0 21 0 1
0 33 0 1
0 36 -1 0
1
end_operator
begin_operator
pour-shot-to-clean-shaker shot6 ingredient3 shaker1 left l0 l1
3
0 8
1 7
38 0
5
0 3 7 8
0 17 2 3
0 21 0 1
0 33 0 1
0 36 -1 0
1
end_operator
begin_operator
pour-shot-to-clean-shaker shot6 ingredient3 shaker1 left l0 l1
3
0 9
1 7
38 0
5
0 3 7 8
0 17 2 3
0 21 0 1
0 33 0 1
0 36 -1 0
1
end_operator
begin_operator
pour-shot-to-clean-shaker shot6 ingredient3 shaker1 left l0 l1
3
0 10
1 7
38 0
5
0 3 7 8
0 17 2 3
0 21 0 1
0 33 0 1
0 36 -1 0
1
end_operator
begin_operator
pour-shot-to-clean-shaker shot6 ingredient3 shaker1 left l0 l1
3
0 11
1 7
38 0
5
0 3 7 8
0 17 2 3
0 21 0 1
0 33 0 1
0 36 -1 0
1
end_operator
begin_operator
pour-shot-to-clean-shaker shot6 ingredient3 shaker1 left l0 l1
2
0 0
1 7
6
0 3 7 8
0 17 2 3
0 21 0 1
0 33 0 1
0 36 1 0
0 38 1 0
1
end_operator
begin_operator
pour-shot-to-clean-shaker shot6 ingredient3 shaker1 right l0 l1
5
0 0
1 0
2 7
38 0
39 0
5
0 3 7 8
0 17 2 3
0 21 0 1
0 33 0 1
0 36 -1 0
1
end_operator
begin_operator
pour-shot-to-clean-shaker shot6 ingredient3 shaker1 right l0 l1
5
0 0
1 1
2 7
38 0
39 0
5
0 3 7 8
0 17 2 3
0 21 0 1
0 33 0 1
0 36 -1 0
1
end_operator
begin_operator
pour-shot-to-clean-shaker shot6 ingredient3 shaker1 right l0 l1
5
0 0
1 2
2 7
38 0
39 0
5
0 3 7 8
0 17 2 3
0 21 0 1
0 33 0 1
0 36 -1 0
1
end_operator
begin_operator
pour-shot-to-clean-shaker shot6 ingredient3 shaker1 right l0 l1
5
0 0
1 3
2 7
38 0
39 0
5
0 3 7 8
0 17 2 3
0 21 0 1
0 33 0 1
0 36 -1 0
1
end_operator
begin_operator
pour-shot-to-clean-shaker shot6 ingredient3 shaker1 right l0 l1
5
0 0
1 4
2 7
38 0
39 0
5
0 3 7 8
0 17 2 3
0 21 0 1
0 33 0 1
0 36 -1 0
1
end_operator
begin_operator
pour-shot-to-clean-shaker shot6 ingredient3 shaker1 right l0 l1
5
0 0
1 5
2 7
38 0
39 0
5
0 3 7 8
0 17 2 3
0 21 0 1
0 33 0 1
0 36 -1 0
1
end_operator
begin_operator
pour-shot-to-clean-shaker shot6 ingredient3 shaker1 right l0 l1
5
0 0
1 6
2 7
38 0
39 0
5
0 3 7 8
0 17 2 3
0 21 0 1
0 33 0 1
0 36 -1 0
1
end_operator
begin_operator
pour-shot-to-clean-shaker shot6 ingredient3 shaker1 right l0 l1
5
0 0
1 8
2 7
38 0
39 0
5
0 3 7 8
0 17 2 3
0 21 0 1
0 33 0 1
0 36 -1 0
1
end_operator
begin_operator
pour-shot-to-clean-shaker shot6 ingredient3 shaker1 right l0 l1
5
0 0
1 9
2 7
38 0
39 0
5
0 3 7 8
0 17 2 3
0 21 0 1
0 33 0 1
0 36 -1 0
1
end_operator
begin_operator
pour-shot-to-clean-shaker shot6 ingredient3 shaker1 right l0 l1
5
0 0
1 10
2 7
38 0
39 0
5
0 3 7 8
0 17 2 3
0 21 0 1
0 33 0 1
0 36 -1 0
1
end_operator
begin_operator
pour-shot-to-clean-shaker shot6 ingredient3 shaker1 right l0 l1
5
0 1
1 0
2 7
38 0
39 0
5
0 3 7 8
0 17 2 3
0 21 0 1
0 33 0 1
0 36 -1 0
1
end_operator
begin_operator
pour-shot-to-clean-shaker shot6 ingredient3 shaker1 right l0 l1
5
0 1
1 1
2 7
38 0
39 0
5
0 3 7 8
0 17 2 3
0 21 0 1
0 33 0 1
0 36 -1 0
1
end_operator
begin_operator
pour-shot-to-clean-shaker shot6 ingredient3 shaker1 right l0 l1
5
0 1
1 2
2 7
38 0
39 0
5
0 3 7 8
0 17 2 3
0 21 0 1
0 33 0 1
0 36 -1 0
1
end_operator
begin_operator
pour-shot-to-clean-shaker shot6 ingredient3 shaker1 right l0 l1
5
0 1
1 3
2 7
38 0
39 0
5
0 3 7 8
0 17 2 3
0 21 0 1
0 33 0 1
0 36 -1 0
1
end_operator
begin_operator
pour-shot-to-clean-shaker shot6 ingredient3 shaker1 right l0 l1
5
0 1
1 4
2 7
38 0
39 0
5
0 3 7 8
0 17 2 3
0 21 0 1
0 33 0 1
0 36 -1 0
1
end_operator
begin_operator
pour-shot-to-clean-shaker shot6 ingredient3 shaker1 right l0 l1
5
0 1
1 5
2 7
38 0
39 0
5
0 3 7 8
0 17 2 3
0 21 0 1
0 33 0 1
0 36 -1 0
1
end_operator
begin_operator
pour-shot-to-clean-shaker shot6 ingredient3 shaker1 right l0 l1
5
0 1
1 6
2 7
38 0
39 0
5
0 3 7 8
0 17 2 3
0 21 0 1
0 33 0 1
0 36 -1 0
1
end_operator
begin_operator
pour-shot-to-clean-shaker shot6 ingredient3 shaker1 right l0 l1
5
0 1
1 8
2 7
38 0
39 0
5
0 3 7 8
0 17 2 3
0 21 0 1
0 33 0 1
0 36 -1 0
1
end_operator
begin_operator
pour-shot-to-clean-shaker shot6 ingredient3 shaker1 right l0 l1
5
0 1
1 9
2 7
38 0
39 0
5
0 3 7 8
0 17 2 3
0 21 0 1
0 33 0 1
0 36 -1 0
1
end_operator
begin_operator
pour-shot-to-clean-shaker shot6 ingredient3 shaker1 right l0 l1
5
0 1
1 10
2 7
38 0
39 0
5
0 3 7 8
0 17 2 3
0 21 0 1
0 33 0 1
0 36 -1 0
1
end_operator
begin_operator
pour-shot-to-clean-shaker shot6 ingredient3 shaker1 right l0 l1
5
0 2
1 0
2 7
38 0
39 0
5
0 3 7 8
0 17 2 3
0 21 0 1
0 33 0 1
0 36 -1 0
1
end_operator
begin_operator
pour-shot-to-clean-shaker shot6 ingredient3 shaker1 right l0 l1
5
0 2
1 1
2 7
38 0
39 0
5
0 3 7 8
0 17 2 3
0 21 0 1
0 33 0 1
0 36 -1 0
1
end_operator
begin_operator
pour-shot-to-clean-shaker shot6 ingredient3 shaker1 right l0 l1
5
0 2
1 2
2 7
38 0
39 0
5
0 3 7 8
0 17 2 3
0 21 0 1
0 33 0 1
0 36 -1 0
1
end_operator
begin_operator
pour-shot-to-clean-shaker shot6 ingredient3 shaker1 right l0 l1
5
0 2
1 3
2 7
38 0
39 0
5
0 3 7 8
0 17 2 3
0 21 0 1
0 33 0 1
0 36 -1 0
1
end_operator
begin_operator
pour-shot-to-clean-shaker shot6 ingredient3 shaker1 right l0 l1
5
0 2
1 4
2 7
38 0
39 0
5
0 3 7 8
0 17 2 3
0 21 0 1
0 33 0 1
0 36 -1 0
1
end_operator
begin_operator
pour-shot-to-clean-shaker shot6 ingredient3 shaker1 right l0 l1
5
0 2
1 5
2 7
38 0
39 0
5
0 3 7 8
0 17 2 3
0 21 0 1
0 33 0 1
0 36 -1 0
1
end_operator
begin_operator
pour-shot-to-clean-shaker shot6 ingredient3 shaker1 right l0 l1
5
0 2
1 6
2 7
38 0
39 0
5
0 3 7 8
0 17 2 3
0 21 0 1
0 33 0 1
0 36 -1 0
1
end_operator
begin_operator
pour-shot-to-clean-shaker shot6 ingredient3 shaker1 right l0 l1
5
0 2
1 8
2 7
38 0
39 0
5
0 3 7 8
0 17 2 3
0 21 0 1
0 33 0 1
0 36 -1 0
1
end_operator
begin_operator
pour-shot-to-clean-shaker shot6 ingredient3 shaker1 right l0 l1
5
0 2
1 9
2 7
38 0
39 0
5
0 3 7 8
0 17 2 3
0 21 0 1
0 33 0 1
0 36 -1 0
1
end_operator
begin_operator
pour-shot-to-clean-shaker shot6 ingredient3 shaker1 right l0 l1
5
0 2
1 10
2 7
38 0
39 0
5
0 3 7 8
0 17 2 3
0 21 0 1
0 33 0 1
0 36 -1 0
1
end_operator
begin_operator
pour-shot-to-clean-shaker shot6 ingredient3 shaker1 right l0 l1
5
0 3
1 0
2 7
38 0
39 0
5
0 3 7 8
0 17 2 3
0 21 0 1
0 33 0 1
0 36 -1 0
1
end_operator
begin_operator
pour-shot-to-clean-shaker shot6 ingredient3 shaker1 right l0 l1
5
0 3
1 1
2 7
38 0
39 0
5
0 3 7 8
0 17 2 3
0 21 0 1
0 33 0 1
0 36 -1 0
1
end_operator
begin_operator
pour-shot-to-clean-shaker shot6 ingredient3 shaker1 right l0 l1
5
0 3
1 2
2 7
38 0
39 0
5
0 3 7 8
0 17 2 3
0 21 0 1
0 33 0 1
0 36 -1 0
1
end_operator
begin_operator
pour-shot-to-clean-shaker shot6 ingredient3 shaker1 right l0 l1
5
0 3
1 3
2 7
38 0
39 0
5
0 3 7 8
0 17 2 3
0 21 0 1
0 33 0 1
0 36 -1 0
1
end_operator
begin_operator
pour-shot-to-clean-shaker shot6 ingredient3 shaker1 right l0 l1
5
0 3
1 4
2 7
38 0
39 0
5
0 3 7 8
0 17 2 3
0 21 0 1
0 33 0 1
0 36 -1 0
1
end_operator
begin_operator
pour-shot-to-clean-shaker shot6 ingredient3 shaker1 right l0 l1
5
0 3
1 5
2 7
38 0
39 0
5
0 3 7 8
0 17 2 3
0 21 0 1
0 33 0 1
0 36 -1 0
1
end_operator
begin_operator
pour-shot-to-clean-shaker shot6 ingredient3 shaker1 right l0 l1
5
0 3
1 6
2 7
38 0
39 0
5
0 3 7 8
0 17 2 3
0 21 0 1
0 33 0 1
0 36 -1 0
1
end_operator
begin_operator
pour-shot-to-clean-shaker shot6 ingredient3 shaker1 right l0 l1
5
0 3
1 8
2 7
38 0
39 0
5
0 3 7 8
0 17 2 3
0 21 0 1
0 33 0 1
0 36 -1 0
1
end_operator
begin_operator
pour-shot-to-clean-shaker shot6 ingredient3 shaker1 right l0 l1
5
0 3
1 9
2 7
38 0
39 0
5
0 3 7 8
0 17 2 3
0 21 0 1
0 33 0 1
0 36 -1 0
1
end_operator
begin_operator
pour-shot-to-clean-shaker shot6 ingredient3 shaker1 right l0 l1
5
0 3
1 10
2 7
38 0
39 0
5
0 3 7 8
0 17 2 3
0 21 0 1
0 33 0 1
0 36 -1 0
1
end_operator
begin_operator
pour-shot-to-clean-shaker shot6 ingredient3 shaker1 right l0 l1
5
0 4
1 0
2 7
38 0
39 0
5
0 3 7 8
0 17 2 3
0 21 0 1
0 33 0 1
0 36 -1 0
1
end_operator
begin_operator
pour-shot-to-clean-shaker shot6 ingredient3 shaker1 right l0 l1
5
0 4
1 1
2 7
38 0
39 0
5
0 3 7 8
0 17 2 3
0 21 0 1
0 33 0 1
0 36 -1 0
1
end_operator
begin_operator
pour-shot-to-clean-shaker shot6 ingredient3 shaker1 right l0 l1
5
0 4
1 2
2 7
38 0
39 0
5
0 3 7 8
0 17 2 3
0 21 0 1
0 33 0 1
0 36 -1 0
1
end_operator
begin_operator
pour-shot-to-clean-shaker shot6 ingredient3 shaker1 right l0 l1
5
0 4
1 3
2 7
38 0
39 0
5
0 3 7 8
0 17 2 3
0 21 0 1
0 33 0 1
0 36 -1 0
1
end_operator
begin_operator
pour-shot-to-clean-shaker shot6 ingredient3 shaker1 right l0 l1
5
0 4
1 4
2 7
38 0
39 0
5
0 3 7 8
0 17 2 3
0 21 0 1
0 33 0 1
0 36 -1 0
1
end_operator
begin_operator
pour-shot-to-clean-shaker shot6 ingredient3 shaker1 right l0 l1
5
0 4
1 5
2 7
38 0
39 0
5
0 3 7 8
0 17 2 3
0 21 0 1
0 33 0 1
0 36 -1 0
1
end_operator
begin_operator
pour-shot-to-clean-shaker shot6 ingredient3 shaker1 right l0 l1
5
0 4
1 6
2 7
38 0
39 0
5
0 3 7 8
0 17 2 3
0 21 0 1
0 33 0 1
0 36 -1 0
1
end_operator
begin_operator
pour-shot-to-clean-shaker shot6 ingredient3 shaker1 right l0 l1
5
0 4
1 8
2 7
38 0
39 0
5
0 3 7 8
0 17 2 3
0 21 0 1
0 33 0 1
0 36 -1 0
1
end_operator
begin_operator
pour-shot-to-clean-shaker shot6 ingredient3 shaker1 right l0 l1
5
0 4
1 9
2 7
38 0
39 0
5
0 3 7 8
0 17 2 3
0 21 0 1
0 33 0 1
0 36 -1 0
1
end_operator
begin_operator
pour-shot-to-clean-shaker shot6 ingredient3 shaker1 right l0 l1
5
0 4
1 10
2 7
38 0
39 0
5
0 3 7 8
0 17 2 3
0 21 0 1
0 33 0 1
0 36 -1 0
1
end_operator
begin_operator
pour-shot-to-clean-shaker shot6 ingredient3 shaker1 right l0 l1
5
0 5
1 0
2 7
38 0
39 0
5
0 3 7 8
0 17 2 3
0 21 0 1
0 33 0 1
0 36 -1 0
1
end_operator
begin_operator
pour-shot-to-clean-shaker shot6 ingredient3 shaker1 right l0 l1
5
0 5
1 1
2 7
38 0
39 0
5
0 3 7 8
0 17 2 3
0 21 0 1
0 33 0 1
0 36 -1 0
1
end_operator
begin_operator
pour-shot-to-clean-shaker shot6 ingredient3 shaker1 right l0 l1
5
0 5
1 2
2 7
38 0
39 0
5
0 3 7 8
0 17 2 3
0 21 0 1
0 33 0 1
0 36 -1 0
1
end_operator
begin_operator
pour-shot-to-clean-shaker shot6 ingredient3 shaker1 right l0 l1
5
0 5
1 3
2 7
38 0
39 0
5
0 3 7 8
0 17 2 3
0 21 0 1
0 33 0 1
0 36 -1 0
1
end_operator
begin_operator
pour-shot-to-clean-shaker shot6 ingredient3 shaker1 right l0 l1
5
0 5
1 4
2 7
38 0
39 0
5
0 3 7 8
0 17 2 3
0 21 0 1
0 33 0 1
0 36 -1 0
1
end_operator
begin_operator
pour-shot-to-clean-shaker shot6 ingredient3 shaker1 right l0 l1
5
0 5
1 5
2 7
38 0
39 0
5
0 3 7 8
0 17 2 3
0 21 0 1
0 33 0 1
0 36 -1 0
1
end_operator
begin_operator
pour-shot-to-clean-shaker shot6 ingredient3 shaker1 right l0 l1
5
0 5
1 6
2 7
38 0
39 0
5
0 3 7 8
0 17 2 3
0 21 0 1
0 33 0 1
0 36 -1 0
1
end_operator
begin_operator
pour-shot-to-clean-shaker shot6 ingredient3 shaker1 right l0 l1
5
0 5
1 8
2 7
38 0
39 0
5
0 3 7 8
0 17 2 3
0 21 0 1
0 33 0 1
0 36 -1 0
1
end_operator
begin_operator
pour-shot-to-clean-shaker shot6 ingredient3 shaker1 right l0 l1
5
0 5
1 9
2 7
38 0
39 0
5
0 3 7 8
0 17 2 3
0 21 0 1
0 33 0 1
0 36 -1 0
1
end_operator
begin_operator
pour-shot-to-clean-shaker shot6 ingredient3 shaker1 right l0 l1
5
0 5
1 10
2 7
38 0
39 0
5
0 3 7 8
0 17 2 3
0 21 0 1
0 33 0 1
0 36 -1 0
1
end_operator
begin_operator
pour-shot-to-clean-shaker shot6 ingredient3 shaker1 right l0 l1
5
0 6
1 0
2 7
38 0
39 0
5
0 3 7 8
0 17 2 3
0 21 0 1
0 33 0 1
0 36 -1 0
1
end_operator
begin_operator
pour-shot-to-clean-shaker shot6 ingredient3 shaker1 right l0 l1
5
0 6
1 1
2 7
38 0
39 0
5
0 3 7 8
0 17 2 3
0 21 0 1
0 33 0 1
0 36 -1 0
1
end_operator
begin_operator
pour-shot-to-clean-shaker shot6 ingredient3 shaker1 right l0 l1
5
0 6
1 2
2 7
38 0
39 0
5
0 3 7 8
0 17 2 3
0 21 0 1
0 33 0 1
0 36 -1 0
1
end_operator
begin_operator
pour-shot-to-clean-shaker shot6 ingredient3 shaker1 right l0 l1
5
0 6
1 3
2 7
38 0
39 0
5
0 3 7 8
0 17 2 3
0 21 0 1
0 33 0 1
0 36 -1 0
1
end_operator
begin_operator
pour-shot-to-clean-shaker shot6 ingredient3 shaker1 right l0 l1
5
0 6
1 4
2 7
38 0
39 0
5
0 3 7 8
0 17 2 3
0 21 0 1
0 33 0 1
0 36 -1 0
1
end_operator
begin_operator
pour-shot-to-clean-shaker shot6 ingredient3 shaker1 right l0 l1
5
0 6
1 5
2 7
38 0
39 0
5
0 3 7 8
0 17 2 3
0 21 0 1
0 33 0 1
0 36 -1 0
1
end_operator
begin_operator
pour-shot-to-clean-shaker shot6 ingredient3 shaker1 right l0 l1
5
0 6
1 6
2 7
38 0
39 0
5
0 3 7 8
0 17 2 3
0 21 0 1
0 33 0 1
0 36 -1 0
1
end_operator
begin_operator
pour-shot-to-clean-shaker shot6 ingredient3 shaker1 right l0 l1
5
0 6
1 8
2 7
38 0
39 0
5
0 3 7 8
0 17 2 3
0 21 0 1
0 33 0 1
0 36 -1 0
1
end_operator
begin_operator
pour-shot-to-clean-shaker shot6 ingredient3 shaker1 right l0 l1
5
0 6
1 9
2 7
38 0
39 0
5
0 3 7 8
0 17 2 3
0 21 0 1
0 33 0 1
0 36 -1 0
1
end_operator
begin_operator
pour-shot-to-clean-shaker shot6 ingredient3 shaker1 right l0 l1
5
0 6
1 10
2 7
38 0
39 0
5
0 3 7 8
0 17 2 3
0 21 0 1
0 33 0 1
0 36 -1 0
1
end_operator
begin_operator
pour-shot-to-clean-shaker shot6 ingredient3 shaker1 right l0 l1
5
0 7
1 0
2 7
38 0
39 0
5
0 3 7 8
0 17 2 3
0 21 0 1
0 33 0 1
0 36 -1 0
1
end_operator
begin_operator
pour-shot-to-clean-shaker shot6 ingredient3 shaker1 right l0 l1
5
0 7
1 1
2 7
38 0
39 0
5
0 3 7 8
0 17 2 3
0 21 0 1
0 33 0 1
0 36 -1 0
1
end_operator
begin_operator
pour-shot-to-clean-shaker shot6 ingredient3 shaker1 right l0 l1
5
0 7
1 2
2 7
38 0
39 0
5
0 3 7 8
0 17 2 3
0 21 0 1
0 33 0 1
0 36 -1 0
1
end_operator
begin_operator
pour-shot-to-clean-shaker shot6 ingredient3 shaker1 right l0 l1
5
0 7
1 3
2 7
38 0
39 0
5
0 3 7 8
0 17 2 3
0 21 0 1
0 33 0 1
0 36 -1 0
1
end_operator
begin_operator
pour-shot-to-clean-shaker shot6 ingredient3 shaker1 right l0 l1
5
0 7
1 4
2 7
38 0
39 0
5
0 3 7 8
0 17 2 3
0 21 0 1
0 33 0 1
0 36 -1 0
1
end_operator
begin_operator
pour-shot-to-clean-shaker shot6 ingredient3 shaker1 right l0 l1
5
0 7
1 5
2 7
38 0
39 0
5
0 3 7 8
0 17 2 3
0 21 0 1
0 33 0 1
0 36 -1 0
1
end_operator
begin_operator
pour-shot-to-clean-shaker shot6 ingredient3 shaker1 right l0 l1
5
0 7
1 6
2 7
38 0
39 0
5
0 3 7 8
0 17 2 3
0 21 0 1
0 33 0 1
0 36 -1 0
1
end_operator
begin_operator
pour-shot-to-clean-shaker shot6 ingredient3 shaker1 right l0 l1
5
0 7
1 8
2 7
38 0
39 0
5
0 3 7 8
0 17 2 3
0 21 0 1
0 33 0 1
0 36 -1 0
1
end_operator
begin_operator
pour-shot-to-clean-shaker shot6 ingredient3 shaker1 right l0 l1
5
0 7
1 9
2 7
38 0
39 0
5
0 3 7 8
0 17 2 3
0 21 0 1
0 33 0 1
0 36 -1 0
1
end_operator
begin_operator
pour-shot-to-clean-shaker shot6 ingredient3 shaker1 right l0 l1
5
0 7
1 10
2 7
38 0
39 0
5
0 3 7 8
0 17 2 3
0 21 0 1
0 33 0 1
0 36 -1 0
1
end_operator
begin_operator
pour-shot-to-clean-shaker shot6 ingredient3 shaker1 right l0 l1
5
0 8
1 0
2 7
38 0
39 0
5
0 3 7 8
0 17 2 3
0 21 0 1
0 33 0 1
0 36 -1 0
1
end_operator
begin_operator
pour-shot-to-clean-shaker shot6 ingredient3 shaker1 right l0 l1
5
0 8
1 1
2 7
38 0
39 0
5
0 3 7 8
0 17 2 3
0 21 0 1
0 33 0 1
0 36 -1 0
1
end_operator
begin_operator
pour-shot-to-clean-shaker shot6 ingredient3 shaker1 right l0 l1
5
0 8
1 2
2 7
38 0
39 0
5
0 3 7 8
0 17 2 3
0 21 0 1
0 33 0 1
0 36 -1 0
1
end_operator
begin_operator
pour-shot-to-clean-shaker shot6 ingredient3 shaker1 right l0 l1
5
0 8
1 3
2 7
38 0
39 0
5
0 3 7 8
0 17 2 3
0 21 0 1
0 33 0 1
0 36 -1 0
1
end_operator
begin_operator
pour-shot-to-clean-shaker shot6 ingredient3 shaker1 right l0 l1
5
0 8
1 4
2 7
38 0
39 0
5
0 3 7 8
0 17 2 3
0 21 0 1
0 33 0 1
0 36 -1 0
1
end_operator
begin_operator
pour-shot-to-clean-shaker shot6 ingredient3 shaker1 right l0 l1
5
0 8
1 5
2 7
38 0
39 0
5
0 3 7 8
0 17 2 3
0 21 0 1
0 33 0 1
0 36 -1 0
1
end_operator
begin_operator
pour-shot-to-clean-shaker shot6 ingredient3 shaker1 right l0 l1
5
0 8
1 6
2 7
38 0
39 0
5
0 3 7 8
0 17 2 3
0 21 0 1
0 33 0 1
0 36 -1 0
1
end_operator
begin_operator
pour-shot-to-clean-shaker shot6 ingredient3 shaker1 right l0 l1
5
0 8
1 8
2 7
38 0
39 0
5
0 3 7 8
0 17 2 3
0 21 0 1
0 33 0 1
0 36 -1 0
1
end_operator
begin_operator
pour-shot-to-clean-shaker shot6 ingredient3 shaker1 right l0 l1
5
0 8
1 9
2 7
38 0
39 0
5
0 3 7 8
0 17 2 3
0 21 0 1
0 33 0 1
0 36 -1 0
1
end_operator
begin_operator
pour-shot-to-clean-shaker shot6 ingredient3 shaker1 right l0 l1
5
0 8
1 10
2 7
38 0
39 0
5
0 3 7 8
0 17 2 3
0 21 0 1
0 33 0 1
0 36 -1 0
1
end_operator
begin_operator
pour-shot-to-clean-shaker shot6 ingredient3 shaker1 right l0 l1
5
0 9
1 0
2 7
38 0
39 0
5
0 3 7 8
0 17 2 3
0 21 0 1
0 33 0 1
0 36 -1 0
1
end_operator
begin_operator
pour-shot-to-clean-shaker shot6 ingredient3 shaker1 right l0 l1
5
0 9
1 1
2 7
38 0
39 0
5
0 3 7 8
0 17 2 3
0 21 0 1
0 33 0 1
0 36 -1 0
1
end_operator
begin_operator
pour-shot-to-clean-shaker shot6 ingredient3 shaker1 right l0 l1
5
0 9
1 2
2 7
38 0
39 0
5
0 3 7 8
0 17 2 3
0 21 0 1
0 33 0 1
0 36 -1 0
1
end_operator
begin_operator
pour-shot-to-clean-shaker shot6 ingredient3 shaker1 right l0 l1
5
0 9
1 3
2 7
38 0
39 0
5
0 3 7 8
0 17 2 3
0 21 0 1
0 33 0 1
0 36 -1 0
1
end_operator
begin_operator
pour-shot-to-clean-shaker shot6 ingredient3 shaker1 right l0 l1
5
0 9
1 4
2 7
38 0
39 0
5
0 3 7 8
0 17 2 3
0 21 0 1
0 33 0 1
0 36 -1 0
1
end_operator
begin_operator
pour-shot-to-clean-shaker shot6 ingredient3 shaker1 right l0 l1
5
0 9
1 5
2 7
38 0
39 0
5
0 3 7 8
0 17 2 3
0 21 0 1
0 33 0 1
0 36 -1 0
1
end_operator
begin_operator
pour-shot-to-clean-shaker shot6 ingredient3 shaker1 right l0 l1
5
0 9
1 6
2 7
38 0
39 0
5
0 3 7 8
0 17 2 3
0 21 0 1
0 33 0 1
0 36 -1 0
1
end_operator
begin_operator
pour-shot-to-clean-shaker shot6 ingredient3 shaker1 right l0 l1
5
0 9
1 8
2 7
38 0
39 0
5
0 3 7 8
0 17 2 3
0 21 0 1
0 33 0 1
0 36 -1 0
1
end_operator
begin_operator
pour-shot-to-clean-shaker shot6 ingredient3 shaker1 right l0 l1
5
0 9
1 9
2 7
38 0
39 0
5
0 3 7 8
0 17 2 3
0 21 0 1
0 33 0 1
0 36 -1 0
1
end_operator
begin_operator
pour-shot-to-clean-shaker shot6 ingredient3 shaker1 right l0 l1
5
0 9
1 10
2 7
38 0
39 0
5
0 3 7 8
0 17 2 3
0 21 0 1
0 33 0 1
0 36 -1 0
1
end_operator
begin_operator
pour-shot-to-clean-shaker shot6 ingredient3 shaker1 right l0 l1
5
0 10
1 0
2 7
38 0
39 0
5
0 3 7 8
0 17 2 3
0 21 0 1
0 33 0 1
0 36 -1 0
1
end_operator
begin_operator
pour-shot-to-clean-shaker shot6 ingredient3 shaker1 right l0 l1
5
0 10
1 1
2 7
38 0
39 0
5
0 3 7 8
0 17 2 3
0 21 0 1
0 33 0 1
0 36 -1 0
1
end_operator
begin_operator
pour-shot-to-clean-shaker shot6 ingredient3 shaker1 right l0 l1
5
0 10
1 2
2 7
38 0
39 0
5
0 3 7 8
0 17 2 3
0 21 0 1
0 33 0 1
0 36 -1 0
1
end_operator
begin_operator
pour-shot-to-clean-shaker shot6 ingredient3 shaker1 right l0 l1
5
0 10
1 3
2 7
38 0
39 0
5
0 3 7 8
0 17 2 3
0 21 0 1
0 33 0 1
0 36 -1 0
1
end_operator
begin_operator
pour-shot-to-clean-shaker shot6 ingredient3 shaker1 right l0 l1
5
0 10
1 4
2 7
38 0
39 0
5
0 3 7 8
0 17 2 3
0 21 0 1
0 33 0 1
0 36 -1 0
1
end_operator
begin_operator
pour-shot-to-clean-shaker shot6 ingredient3 shaker1 right l0 l1
5
0 10
1 5
2 7
38 0
39 0
5
0 3 7 8
0 17 2 3
0 21 0 1
0 33 0 1
0 36 -1 0
1
end_operator
begin_operator
pour-shot-to-clean-shaker shot6 ingredient3 shaker1 right l0 l1
5
0 10
1 6
2 7
38 0
39 0
5
0 3 7 8
0 17 2 3
0 21 0 1
0 33 0 1
0 36 -1 0
1
end_operator
begin_operator
pour-shot-to-clean-shaker shot6 ingredient3 shaker1 right l0 l1
5
0 10
1 8
2 7
38 0
39 0
5
0 3 7 8
0 17 2 3
0 21 0 1
0 33 0 1
0 36 -1 0
1
end_operator
begin_operator
pour-shot-to-clean-shaker shot6 ingredient3 shaker1 right l0 l1
5
0 10
1 9
2 7
38 0
39 0
5
0 3 7 8
0 17 2 3
0 21 0 1
0 33 0 1
0 36 -1 0
1
end_operator
begin_operator
pour-shot-to-clean-shaker shot6 ingredient3 shaker1 right l0 l1
5
0 10
1 10
2 7
38 0
39 0
5
0 3 7 8
0 17 2 3
0 21 0 1
0 33 0 1
0 36 -1 0
1
end_operator
begin_operator
pour-shot-to-clean-shaker shot6 ingredient3 shaker1 right l0 l1
5
0 11
1 0
2 7
38 0
39 0
5
0 3 7 8
0 17 2 3
0 21 0 1
0 33 0 1
0 36 -1 0
1
end_operator
begin_operator
pour-shot-to-clean-shaker shot6 ingredient3 shaker1 right l0 l1
5
0 11
1 1
2 7
38 0
39 0
5
0 3 7 8
0 17 2 3
0 21 0 1
0 33 0 1
0 36 -1 0
1
end_operator
begin_operator
pour-shot-to-clean-shaker shot6 ingredient3 shaker1 right l0 l1
5
0 11
1 2
2 7
38 0
39 0
5
0 3 7 8
0 17 2 3
0 21 0 1
0 33 0 1
0 36 -1 0
1
end_operator
begin_operator
pour-shot-to-clean-shaker shot6 ingredient3 shaker1 right l0 l1
5
0 11
1 3
2 7
38 0
39 0
5
0 3 7 8
0 17 2 3
0 21 0 1
0 33 0 1
0 36 -1 0
1
end_operator
begin_operator
pour-shot-to-clean-shaker shot6 ingredient3 shaker1 right l0 l1
5
0 11
1 4
2 7
38 0
39 0
5
0 3 7 8
0 17 2 3
0 21 0 1
0 33 0 1
0 36 -1 0
1
end_operator
begin_operator
pour-shot-to-clean-shaker shot6 ingredient3 shaker1 right l0 l1
5
0 11
1 5
2 7
38 0
39 0
5
0 3 7 8
0 17 2 3
0 21 0 1
0 33 0 1
0 36 -1 0
1
end_operator
begin_operator
pour-shot-to-clean-shaker shot6 ingredient3 shaker1 right l0 l1
5
0 11
1 6
2 7
38 0
39 0
5
0 3 7 8
0 17 2 3
0 21 0 1
0 33 0 1
0 36 -1 0
1
end_operator
begin_operator
pour-shot-to-clean-shaker shot6 ingredient3 shaker1 right l0 l1
5
0 11
1 8
2 7
38 0
39 0
5
0 3 7 8
0 17 2 3
0 21 0 1
0 33 0 1
0 36 -1 0
1
end_operator
begin_operator
pour-shot-to-clean-shaker shot6 ingredient3 shaker1 right l0 l1
5
0 11
1 9
2 7
38 0
39 0
5
0 3 7 8
0 17 2 3
0 21 0 1
0 33 0 1
0 36 -1 0
1
end_operator
begin_operator
pour-shot-to-clean-shaker shot6 ingredient3 shaker1 right l0 l1
5
0 11
1 10
2 7
38 0
39 0
5
0 3 7 8
0 17 2 3
0 21 0 1
0 33 0 1
0 36 -1 0
1
end_operator
begin_operator
pour-shot-to-clean-shaker shot6 ingredient3 shaker1 right l0 l1
4
0 0
1 1
2 7
39 0
6
0 3 7 8
0 17 2 3
0 21 0 1
0 33 0 1
0 36 1 0
0 38 1 0
1
end_operator
begin_operator
pour-shot-to-clean-shaker shot6 ingredient3 shaker1 right l0 l1
4
0 0
1 2
2 7
39 0
6
0 3 7 8
0 17 2 3
0 21 0 1
0 33 0 1
0 36 1 0
0 38 1 0
1
end_operator
begin_operator
pour-shot-to-clean-shaker shot6 ingredient3 shaker1 right l0 l1
4
0 0
1 3
2 7
39 0
6
0 3 7 8
0 17 2 3
0 21 0 1
0 33 0 1
0 36 1 0
0 38 1 0
1
end_operator
begin_operator
pour-shot-to-clean-shaker shot6 ingredient3 shaker1 right l0 l1
4
0 0
1 4
2 7
39 0
6
0 3 7 8
0 17 2 3
0 21 0 1
0 33 0 1
0 36 1 0
0 38 1 0
1
end_operator
begin_operator
pour-shot-to-clean-shaker shot6 ingredient3 shaker1 right l0 l1
4
0 0
1 5
2 7
39 0
6
0 3 7 8
0 17 2 3
0 21 0 1
0 33 0 1
0 36 1 0
0 38 1 0
1
end_operator
begin_operator
pour-shot-to-clean-shaker shot6 ingredient3 shaker1 right l0 l1
4
0 0
1 6
2 7
39 0
6
0 3 7 8
0 17 2 3
0 21 0 1
0 33 0 1
0 36 1 0
0 38 1 0
1
end_operator
begin_operator
pour-shot-to-clean-shaker shot6 ingredient3 shaker1 right l0 l1
4
0 0
1 8
2 7
39 0
6
0 3 7 8
0 17 2 3
0 21 0 1
0 33 0 1
0 36 1 0
0 38 1 0
1
end_operator
begin_operator
pour-shot-to-clean-shaker shot6 ingredient3 shaker1 right l0 l1
4
0 0
1 9
2 7
39 0
6
0 3 7 8
0 17 2 3
0 21 0 1
0 33 0 1
0 36 1 0
0 38 1 0
1
end_operator
begin_operator
pour-shot-to-clean-shaker shot6 ingredient3 shaker1 right l0 l1
4
0 0
1 10
2 7
39 0
6
0 3 7 8
0 17 2 3
0 21 0 1
0 33 0 1
0 36 1 0
0 38 1 0
1
end_operator
begin_operator
pour-shot-to-clean-shaker shot6 ingredient3 shaker1 right l0 l1
3
0 0
1 0
2 7
7
0 3 7 8
0 17 2 3
0 21 0 1
0 33 0 1
0 36 1 0
0 38 1 0
0 39 1 0
1
end_operator
begin_operator
pour-shot-to-clean-shaker shot7 ingredient1 shaker1 left l0 l1
1
1 8
5
0 3 7 8
0 18 0 3
0 21 0 1
0 33 0 1
0 34 -1 0
1
end_operator
begin_operator
pour-shot-to-clean-shaker shot7 ingredient1 shaker1 right l0 l1
1
2 8
5
0 3 7 8
0 18 0 3
0 21 0 1
0 33 0 1
0 34 -1 0
1
end_operator
begin_operator
pour-shot-to-clean-shaker shot7 ingredient2 shaker1 left l0 l1
1
1 8
5
0 3 7 8
0 18 1 3
0 21 0 1
0 33 0 1
0 35 -1 0
1
end_operator
begin_operator
pour-shot-to-clean-shaker shot7 ingredient2 shaker1 right l0 l1
1
2 8
5
0 3 7 8
0 18 1 3
0 21 0 1
0 33 0 1
0 35 -1 0
1
end_operator
begin_operator
pour-shot-to-clean-shaker shot7 ingredient3 shaker1 left l0 l1
3
0 0
1 8
38 0
5
0 3 7 8
0 18 2 3
0 21 0 1
0 33 0 1
0 36 -1 0
1
end_operator
begin_operator
pour-shot-to-clean-shaker shot7 ingredient3 shaker1 left l0 l1
3
0 1
1 8
38 0
5
0 3 7 8
0 18 2 3
0 21 0 1
0 33 0 1
0 36 -1 0
1
end_operator
begin_operator
pour-shot-to-clean-shaker shot7 ingredient3 shaker1 left l0 l1
3
0 2
1 8
38 0
5
0 3 7 8
0 18 2 3
0 21 0 1
0 33 0 1
0 36 -1 0
1
end_operator
begin_operator
pour-shot-to-clean-shaker shot7 ingredient3 shaker1 left l0 l1
3
0 3
1 8
38 0
5
0 3 7 8
0 18 2 3
0 21 0 1
0 33 0 1
0 36 -1 0
1
end_operator
begin_operator
pour-shot-to-clean-shaker shot7 ingredient3 shaker1 left l0 l1
3
0 4
1 8
38 0
5
0 3 7 8
0 18 2 3
0 21 0 1
0 33 0 1
0 36 -1 0
1
end_operator
begin_operator
pour-shot-to-clean-shaker shot7 ingredient3 shaker1 left l0 l1
3
0 5
1 8
38 0
5
0 3 7 8
0 18 2 3
0 21 0 1
0 33 0 1
0 36 -1 0
1
end_operator
begin_operator
pour-shot-to-clean-shaker shot7 ingredient3 shaker1 left l0 l1
3
0 6
1 8
38 0
5
0 3 7 8
0 18 2 3
0 21 0 1
0 33 0 1
0 36 -1 0
1
end_operator
begin_operator
pour-shot-to-clean-shaker shot7 ingredient3 shaker1 left l0 l1
3
0 7
1 8
38 0
5
0 3 7 8
0 18 2 3
0 21 0 1
0 33 0 1
0 36 -1 0
1
end_operator
begin_operator
pour-shot-to-clean-shaker shot7 ingredient3 shaker1 left l0 l1
3
0 8
1 8
38 0
5
0 3 7 8
0 18 2 3
0 21 0 1
0 33 0 1
0 36 -1 0
1
end_operator
begin_operator
pour-shot-to-clean-shaker shot7 ingredient3 shaker1 left l0 l1
3
0 9
1 8
38 0
5
0 3 7 8
0 18 2 3
0 21 0 1
0 33 0 1
0 36 -1 0
1
end_operator
begin_operator
pour-shot-to-clean-shaker shot7 ingredient3 shaker1 left l0 l1
3
0 10
1 8
38 0
5
0 3 7 8
0 18 2 3
0 21 0 1
0 33 0 1
0 36 -1 0
1
end_operator
begin_operator
pour-shot-to-clean-shaker shot7 ingredient3 shaker1 left l0 l1
3
0 11
1 8
38 0
5
0 3 7 8
0 18 2 3
0 21 0 1
0 33 0 1
0 36 -1 0
1
end_operator
begin_operator
pour-shot-to-clean-shaker shot7 ingredient3 shaker1 left l0 l1
2
0 0
1 8
6
0 3 7 8
0 18 2 3
0 21 0 1
0 33 0 1
0 36 1 0
0 38 1 0
1
end_operator
begin_operator
pour-shot-to-clean-shaker shot7 ingredient3 shaker1 right l0 l1
5
0 0
1 0
2 8
38 0
39 0
5
0 3 7 8
0 18 2 3
0 21 0 1
0 33 0 1
0 36 -1 0
1
end_operator
begin_operator
pour-shot-to-clean-shaker shot7 ingredient3 shaker1 right l0 l1
5
0 0
1 1
2 8
38 0
39 0
5
0 3 7 8
0 18 2 3
0 21 0 1
0 33 0 1
0 36 -1 0
1
end_operator
begin_operator
pour-shot-to-clean-shaker shot7 ingredient3 shaker1 right l0 l1
5
0 0
1 2
2 8
38 0
39 0
5
0 3 7 8
0 18 2 3
0 21 0 1
0 33 0 1
0 36 -1 0
1
end_operator
begin_operator
pour-shot-to-clean-shaker shot7 ingredient3 shaker1 right l0 l1
5
0 0
1 3
2 8
38 0
39 0
5
0 3 7 8
0 18 2 3
0 21 0 1
0 33 0 1
0 36 -1 0
1
end_operator
begin_operator
pour-shot-to-clean-shaker shot7 ingredient3 shaker1 right l0 l1
5
0 0
1 4
2 8
38 0
39 0
5
0 3 7 8
0 18 2 3
0 21 0 1
0 33 0 1
0 36 -1 0
1
end_operator
begin_operator
pour-shot-to-clean-shaker shot7 ingredient3 shaker1 right l0 l1
5
0 0
1 5
2 8
38 0
39 0
5
0 3 7 8
0 18 2 3
0 21 0 1
0 33 0 1
0 36 -1 0
1
end_operator
begin_operator
pour-shot-to-clean-shaker shot7 ingredient3 shaker1 right l0 l1
5
0 0
1 6
2 8
38 0
39 0
5
0 3 7 8
0 18 2 3
0 21 0 1
0 33 0 1
0 36 -1 0
1
end_operator
begin_operator
pour-shot-to-clean-shaker shot7 ingredient3 shaker1 right l0 l1
5
0 0
1 7
2 8
38 0
39 0
5
0 3 7 8
0 18 2 3
0 21 0 1
0 33 0 1
0 36 -1 0
1
end_operator
begin_operator
pour-shot-to-clean-shaker shot7 ingredient3 shaker1 right l0 l1
5
0 0
1 9
2 8
38 0
39 0
5
0 3 7 8
0 18 2 3
0 21 0 1
0 33 0 1
0 36 -1 0
1
end_operator
begin_operator
pour-shot-to-clean-shaker shot7 ingredient3 shaker1 right l0 l1
5
0 0
1 10
2 8
38 0
39 0
5
0 3 7 8
0 18 2 3
0 21 0 1
0 33 0 1
0 36 -1 0
1
end_operator
begin_operator
pour-shot-to-clean-shaker shot7 ingredient3 shaker1 right l0 l1
5
0 1
1 0
2 8
38 0
39 0
5
0 3 7 8
0 18 2 3
0 21 0 1
0 33 0 1
0 36 -1 0
1
end_operator
begin_operator
pour-shot-to-clean-shaker shot7 ingredient3 shaker1 right l0 l1
5
0 1
1 1
2 8
38 0
39 0
5
0 3 7 8
0 18 2 3
0 21 0 1
0 33 0 1
0 36 -1 0
1
end_operator
begin_operator
pour-shot-to-clean-shaker shot7 ingredient3 shaker1 right l0 l1
5
0 1
1 2
2 8
38 0
39 0
5
0 3 7 8
0 18 2 3
0 21 0 1
0 33 0 1
0 36 -1 0
1
end_operator
begin_operator
pour-shot-to-clean-shaker shot7 ingredient3 shaker1 right l0 l1
5
0 1
1 3
2 8
38 0
39 0
5
0 3 7 8
0 18 2 3
0 21 0 1
0 33 0 1
0 36 -1 0
1
end_operator
begin_operator
pour-shot-to-clean-shaker shot7 ingredient3 shaker1 right l0 l1
5
0 1
1 4
2 8
38 0
39 0
5
0 3 7 8
0 18 2 3
0 21 0 1
0 33 0 1
0 36 -1 0
1
end_operator
begin_operator
pour-shot-to-clean-shaker shot7 ingredient3 shaker1 right l0 l1
5
0 1
1 5
2 8
38 0
39 0
5
0 3 7 8
0 18 2 3
0 21 0 1
0 33 0 1
0 36 -1 0
1
end_operator
begin_operator
pour-shot-to-clean-shaker shot7 ingredient3 shaker1 right l0 l1
5
0 1
1 6
2 8
38 0
39 0
5
0 3 7 8
0 18 2 3
0 21 0 1
0 33 0 1
0 36 -1 0
1
end_operator
begin_operator
pour-shot-to-clean-shaker shot7 ingredient3 shaker1 right l0 l1
5
0 1
1 7
2 8
38 0
39 0
5
0 3 7 8
0 18 2 3
0 21 0 1
0 33 0 1
0 36 -1 0
1
end_operator
begin_operator
pour-shot-to-clean-shaker shot7 ingredient3 shaker1 right l0 l1
5
0 1
1 9
2 8
38 0
39 0
5
0 3 7 8
0 18 2 3
0 21 0 1
0 33 0 1
0 36 -1 0
1
end_operator
begin_operator
pour-shot-to-clean-shaker shot7 ingredient3 shaker1 right l0 l1
5
0 1
1 10
2 8
38 0
39 0
5
0 3 7 8
0 18 2 3
0 21 0 1
0 33 0 1
0 36 -1 0
1
end_operator
begin_operator
pour-shot-to-clean-shaker shot7 ingredient3 shaker1 right l0 l1
5
0 2
1 0
2 8
38 0
39 0
5
0 3 7 8
0 18 2 3
0 21 0 1
0 33 0 1
0 36 -1 0
1
end_operator
begin_operator
pour-shot-to-clean-shaker shot7 ingredient3 shaker1 right l0 l1
5
0 2
1 1
2 8
38 0
39 0
5
0 3 7 8
0 18 2 3
0 21 0 1
0 33 0 1
0 36 -1 0
1
end_operator
begin_operator
pour-shot-to-clean-shaker shot7 ingredient3 shaker1 right l0 l1
5
0 2
1 2
2 8
38 0
39 0
5
0 3 7 8
0 18 2 3
0 21 0 1
0 33 0 1
0 36 -1 0
1
end_operator
begin_operator
pour-shot-to-clean-shaker shot7 ingredient3 shaker1 right l0 l1
5
0 2
1 3
2 8
38 0
39 0
5
0 3 7 8
0 18 2 3
0 21 0 1
0 33 0 1
0 36 -1 0
1
end_operator
begin_operator
pour-shot-to-clean-shaker shot7 ingredient3 shaker1 right l0 l1
5
0 2
1 4
2 8
38 0
39 0
5
0 3 7 8
0 18 2 3
0 21 0 1
0 33 0 1
0 36 -1 0
1
end_operator
begin_operator
pour-shot-to-clean-shaker shot7 ingredient3 shaker1 right l0 l1
5
0 2
1 5
2 8
38 0
39 0
5
0 3 7 8
0 18 2 3
0 21 0 1
0 33 0 1
0 36 -1 0
1
end_operator
begin_operator
pour-shot-to-clean-shaker shot7 ingredient3 shaker1 right l0 l1
5
0 2
1 6
2 8
38 0
39 0
5
0 3 7 8
0 18 2 3
0 21 0 1
0 33 0 1
0 36 -1 0
1
end_operator
begin_operator
pour-shot-to-clean-shaker shot7 ingredient3 shaker1 right l0 l1
5
0 2
1 7
2 8
38 0
39 0
5
0 3 7 8
0 18 2 3
0 21 0 1
0 33 0 1
0 36 -1 0
1
end_operator
begin_operator
pour-shot-to-clean-shaker shot7 ingredient3 shaker1 right l0 l1
5
0 2
1 9
2 8
38 0
39 0
5
0 3 7 8
0 18 2 3
0 21 0 1
0 33 0 1
0 36 -1 0
1
end_operator
begin_operator
pour-shot-to-clean-shaker shot7 ingredient3 shaker1 right l0 l1
5
0 2
1 10
2 8
38 0
39 0
5
0 3 7 8
0 18 2 3
0 21 0 1
0 33 0 1
0 36 -1 0
1
end_operator
begin_operator
pour-shot-to-clean-shaker shot7 ingredient3 shaker1 right l0 l1
5
0 3
1 0
2 8
38 0
39 0
5
0 3 7 8
0 18 2 3
0 21 0 1
0 33 0 1
0 36 -1 0
1
end_operator
begin_operator
pour-shot-to-clean-shaker shot7 ingredient3 shaker1 right l0 l1
5
0 3
1 1
2 8
38 0
39 0
5
0 3 7 8
0 18 2 3
0 21 0 1
0 33 0 1
0 36 -1 0
1
end_operator
begin_operator
pour-shot-to-clean-shaker shot7 ingredient3 shaker1 right l0 l1
5
0 3
1 2
2 8
38 0
39 0
5
0 3 7 8
0 18 2 3
0 21 0 1
0 33 0 1
0 36 -1 0
1
end_operator
begin_operator
pour-shot-to-clean-shaker shot7 ingredient3 shaker1 right l0 l1
5
0 3
1 3
2 8
38 0
39 0
5
0 3 7 8
0 18 2 3
0 21 0 1
0 33 0 1
0 36 -1 0
1
end_operator
begin_operator
pour-shot-to-clean-shaker shot7 ingredient3 shaker1 right l0 l1
5
0 3
1 4
2 8
38 0
39 0
5
0 3 7 8
0 18 2 3
0 21 0 1
0 33 0 1
0 36 -1 0
1
end_operator
begin_operator
pour-shot-to-clean-shaker shot7 ingredient3 shaker1 right l0 l1
5
0 3
1 5
2 8
38 0
39 0
5
0 3 7 8
0 18 2 3
0 21 0 1
0 33 0 1
0 36 -1 0
1
end_operator
begin_operator
pour-shot-to-clean-shaker shot7 ingredient3 shaker1 right l0 l1
5
0 3
1 6
2 8
38 0
39 0
5
0 3 7 8
0 18 2 3
0 21 0 1
0 33 0 1
0 36 -1 0
1
end_operator
begin_operator
pour-shot-to-clean-shaker shot7 ingredient3 shaker1 right l0 l1
5
0 3
1 7
2 8
38 0
39 0
5
0 3 7 8
0 18 2 3
0 21 0 1
0 33 0 1
0 36 -1 0
1
end_operator
begin_operator
pour-shot-to-clean-shaker shot7 ingredient3 shaker1 right l0 l1
5
0 3
1 9
2 8
38 0
39 0
5
0 3 7 8
0 18 2 3
0 21 0 1
0 33 0 1
0 36 -1 0
1
end_operator
begin_operator
pour-shot-to-clean-shaker shot7 ingredient3 shaker1 right l0 l1
5
0 3
1 10
2 8
38 0
39 0
5
0 3 7 8
0 18 2 3
0 21 0 1
0 33 0 1
0 36 -1 0
1
end_operator
begin_operator
pour-shot-to-clean-shaker shot7 ingredient3 shaker1 right l0 l1
5
0 4
1 0
2 8
38 0
39 0
5
0 3 7 8
0 18 2 3
0 21 0 1
0 33 0 1
0 36 -1 0
1
end_operator
begin_operator
pour-shot-to-clean-shaker shot7 ingredient3 shaker1 right l0 l1
5
0 4
1 1
2 8
38 0
39 0
5
0 3 7 8
0 18 2 3
0 21 0 1
0 33 0 1
0 36 -1 0
1
end_operator
begin_operator
pour-shot-to-clean-shaker shot7 ingredient3 shaker1 right l0 l1
5
0 4
1 2
2 8
38 0
39 0
5
0 3 7 8
0 18 2 3
0 21 0 1
0 33 0 1
0 36 -1 0
1
end_operator
begin_operator
pour-shot-to-clean-shaker shot7 ingredient3 shaker1 right l0 l1
5
0 4
1 3
2 8
38 0
39 0
5
0 3 7 8
0 18 2 3
0 21 0 1
0 33 0 1
0 36 -1 0
1
end_operator
begin_operator
pour-shot-to-clean-shaker shot7 ingredient3 shaker1 right l0 l1
5
0 4
1 4
2 8
38 0
39 0
5
0 3 7 8
0 18 2 3
0 21 0 1
0 33 0 1
0 36 -1 0
1
end_operator
begin_operator
pour-shot-to-clean-shaker shot7 ingredient3 shaker1 right l0 l1
5
0 4
1 5
2 8
38 0
39 0
5
0 3 7 8
0 18 2 3
0 21 0 1
0 33 0 1
0 36 -1 0
1
end_operator
begin_operator
pour-shot-to-clean-shaker shot7 ingredient3 shaker1 right l0 l1
5
0 4
1 6
2 8
38 0
39 0
5
0 3 7 8
0 18 2 3
0 21 0 1
0 33 0 1
0 36 -1 0
1
end_operator
begin_operator
pour-shot-to-clean-shaker shot7 ingredient3 shaker1 right l0 l1
5
0 4
1 7
2 8
38 0
39 0
5
0 3 7 8
0 18 2 3
0 21 0 1
0 33 0 1
0 36 -1 0
1
end_operator
begin_operator
pour-shot-to-clean-shaker shot7 ingredient3 shaker1 right l0 l1
5
0 4
1 9
2 8
38 0
39 0
5
0 3 7 8
0 18 2 3
0 21 0 1
0 33 0 1
0 36 -1 0
1
end_operator
begin_operator
pour-shot-to-clean-shaker shot7 ingredient3 shaker1 right l0 l1
5
0 4
1 10
2 8
38 0
39 0
5
0 3 7 8
0 18 2 3
0 21 0 1
0 33 0 1
0 36 -1 0
1
end_operator
begin_operator
pour-shot-to-clean-shaker shot7 ingredient3 shaker1 right l0 l1
5
0 5
1 0
2 8
38 0
39 0
5
0 3 7 8
0 18 2 3
0 21 0 1
0 33 0 1
0 36 -1 0
1
end_operator
begin_operator
pour-shot-to-clean-shaker shot7 ingredient3 shaker1 right l0 l1
5
0 5
1 1
2 8
38 0
39 0
5
0 3 7 8
0 18 2 3
0 21 0 1
0 33 0 1
0 36 -1 0
1
end_operator
begin_operator
pour-shot-to-clean-shaker shot7 ingredient3 shaker1 right l0 l1
5
0 5
1 2
2 8
38 0
39 0
5
0 3 7 8
0 18 2 3
0 21 0 1
0 33 0 1
0 36 -1 0
1
end_operator
begin_operator
pour-shot-to-clean-shaker shot7 ingredient3 shaker1 right l0 l1
5
0 5
1 3
2 8
38 0
39 0
5
0 3 7 8
0 18 2 3
0 21 0 1
0 33 0 1
0 36 -1 0
1
end_operator
begin_operator
pour-shot-to-clean-shaker shot7 ingredient3 shaker1 right l0 l1
5
0 5
1 4
2 8
38 0
39 0
5
0 3 7 8
0 18 2 3
0 21 0 1
0 33 0 1
0 36 -1 0
1
end_operator
begin_operator
pour-shot-to-clean-shaker shot7 ingredient3 shaker1 right l0 l1
5
0 5
1 5
2 8
38 0
39 0
5
0 3 7 8
0 18 2 3
0 21 0 1
0 33 0 1
0 36 -1 0
1
end_operator
begin_operator
pour-shot-to-clean-shaker shot7 ingredient3 shaker1 right l0 l1
5
0 5
1 6
2 8
38 0
39 0
5
0 3 7 8
0 18 2 3
0 21 0 1
0 33 0 1
0 36 -1 0
1
end_operator
begin_operator
pour-shot-to-clean-shaker shot7 ingredient3 shaker1 right l0 l1
5
0 5
1 7
2 8
38 0
39 0
5
0 3 7 8
0 18 2 3
0 21 0 1
0 33 0 1
0 36 -1 0
1
end_operator
begin_operator
pour-shot-to-clean-shaker shot7 ingredient3 shaker1 right l0 l1
5
0 5
1 9
2 8
38 0
39 0
5
0 3 7 8
0 18 2 3
0 21 0 1
0 33 0 1
0 36 -1 0
1
end_operator
begin_operator
pour-shot-to-clean-shaker shot7 ingredient3 shaker1 right l0 l1
5
0 5
1 10
2 8
38 0
39 0
5
0 3 7 8
0 18 2 3
0 21 0 1
0 33 0 1
0 36 -1 0
1
end_operator
begin_operator
pour-shot-to-clean-shaker shot7 ingredient3 shaker1 right l0 l1
5
0 6
1 0
2 8
38 0
39 0
5
0 3 7 8
0 18 2 3
0 21 0 1
0 33 0 1
0 36 -1 0
1
end_operator
begin_operator
pour-shot-to-clean-shaker shot7 ingredient3 shaker1 right l0 l1
5
0 6
1 1
2 8
38 0
39 0
5
0 3 7 8
0 18 2 3
0 21 0 1
0 33 0 1
0 36 -1 0
1
end_operator
begin_operator
pour-shot-to-clean-shaker shot7 ingredient3 shaker1 right l0 l1
5
0 6
1 2
2 8
38 0
39 0
5
0 3 7 8
0 18 2 3
0 21 0 1
0 33 0 1
0 36 -1 0
1
end_operator
begin_operator
pour-shot-to-clean-shaker shot7 ingredient3 shaker1 right l0 l1
5
0 6
1 3
2 8
38 0
39 0
5
0 3 7 8
0 18 2 3
0 21 0 1
0 33 0 1
0 36 -1 0
1
end_operator
begin_operator
pour-shot-to-clean-shaker shot7 ingredient3 shaker1 right l0 l1
5
0 6
1 4
2 8
38 0
39 0
5
0 3 7 8
0 18 2 3
0 21 0 1
0 33 0 1
0 36 -1 0
1
end_operator
begin_operator
pour-shot-to-clean-shaker shot7 ingredient3 shaker1 right l0 l1
5
0 6
1 5
2 8
38 0
39 0
5
0 3 7 8
0 18 2 3
0 21 0 1
0 33 0 1
0 36 -1 0
1
end_operator
begin_operator
pour-shot-to-clean-shaker shot7 ingredient3 shaker1 right l0 l1
5
0 6
1 6
2 8
38 0
39 0
5
0 3 7 8
0 18 2 3
0 21 0 1
0 33 0 1
0 36 -1 0
1
end_operator
begin_operator
pour-shot-to-clean-shaker shot7 ingredient3 shaker1 right l0 l1
5
0 6
1 7
2 8
38 0
39 0
5
0 3 7 8
0 18 2 3
0 21 0 1
0 33 0 1
0 36 -1 0
1
end_operator
begin_operator
pour-shot-to-clean-shaker shot7 ingredient3 shaker1 right l0 l1
5
0 6
1 9
2 8
38 0
39 0
5
0 3 7 8
0 18 2 3
0 21 0 1
0 33 0 1
0 36 -1 0
1
end_operator
begin_operator
pour-shot-to-clean-shaker shot7 ingredient3 shaker1 right l0 l1
5
0 6
1 10
2 8
38 0
39 0
5
0 3 7 8
0 18 2 3
0 21 0 1
0 33 0 1
0 36 -1 0
1
end_operator
begin_operator
pour-shot-to-clean-shaker shot7 ingredient3 shaker1 right l0 l1
5
0 7
1 0
2 8
38 0
39 0
5
0 3 7 8
0 18 2 3
0 21 0 1
0 33 0 1
0 36 -1 0
1
end_operator
begin_operator
pour-shot-to-clean-shaker shot7 ingredient3 shaker1 right l0 l1
5
0 7
1 1
2 8
38 0
39 0
5
0 3 7 8
0 18 2 3
0 21 0 1
0 33 0 1
0 36 -1 0
1
end_operator
begin_operator
pour-shot-to-clean-shaker shot7 ingredient3 shaker1 right l0 l1
5
0 7
1 2
2 8
38 0
39 0
5
0 3 7 8
0 18 2 3
0 21 0 1
0 33 0 1
0 36 -1 0
1
end_operator
begin_operator
pour-shot-to-clean-shaker shot7 ingredient3 shaker1 right l0 l1
5
0 7
1 3
2 8
38 0
39 0
5
0 3 7 8
0 18 2 3
0 21 0 1
0 33 0 1
0 36 -1 0
1
end_operator
begin_operator
pour-shot-to-clean-shaker shot7 ingredient3 shaker1 right l0 l1
5
0 7
1 4
2 8
38 0
39 0
5
0 3 7 8
0 18 2 3
0 21 0 1
0 33 0 1
0 36 -1 0
1
end_operator
begin_operator
pour-shot-to-clean-shaker shot7 ingredient3 shaker1 right l0 l1
5
0 7
1 5
2 8
38 0
39 0
5
0 3 7 8
0 18 2 3
0 21 0 1
0 33 0 1
0 36 -1 0
1
end_operator
begin_operator
pour-shot-to-clean-shaker shot7 ingredient3 shaker1 right l0 l1
5
0 7
1 6
2 8
38 0
39 0
5
0 3 7 8
0 18 2 3
0 21 0 1
0 33 0 1
0 36 -1 0
1
end_operator
begin_operator
pour-shot-to-clean-shaker shot7 ingredient3 shaker1 right l0 l1
5
0 7
1 7
2 8
38 0
39 0
5
0 3 7 8
0 18 2 3
0 21 0 1
0 33 0 1
0 36 -1 0
1
end_operator
begin_operator
pour-shot-to-clean-shaker shot7 ingredient3 shaker1 right l0 l1
5
0 7
1 9
2 8
38 0
39 0
5
0 3 7 8
0 18 2 3
0 21 0 1
0 33 0 1
0 36 -1 0
1
end_operator
begin_operator
pour-shot-to-clean-shaker shot7 ingredient3 shaker1 right l0 l1
5
0 7
1 10
2 8
38 0
39 0
5
0 3 7 8
0 18 2 3
0 21 0 1
0 33 0 1
0 36 -1 0
1
end_operator
begin_operator
pour-shot-to-clean-shaker shot7 ingredient3 shaker1 right l0 l1
5
0 8
1 0
2 8
38 0
39 0
5
0 3 7 8
0 18 2 3
0 21 0 1
0 33 0 1
0 36 -1 0
1
end_operator
begin_operator
pour-shot-to-clean-shaker shot7 ingredient3 shaker1 right l0 l1
5
0 8
1 1
2 8
38 0
39 0
5
0 3 7 8
0 18 2 3
0 21 0 1
0 33 0 1
0 36 -1 0
1
end_operator
begin_operator
pour-shot-to-clean-shaker shot7 ingredient3 shaker1 right l0 l1
5
0 8
1 2
2 8
38 0
39 0
5
0 3 7 8
0 18 2 3
0 21 0 1
0 33 0 1
0 36 -1 0
1
end_operator
begin_operator
pour-shot-to-clean-shaker shot7 ingredient3 shaker1 right l0 l1
5
0 8
1 3
2 8
38 0
39 0
5
0 3 7 8
0 18 2 3
0 21 0 1
0 33 0 1
0 36 -1 0
1
end_operator
begin_operator
pour-shot-to-clean-shaker shot7 ingredient3 shaker1 right l0 l1
5
0 8
1 4
2 8
38 0
39 0
5
0 3 7 8
0 18 2 3
0 21 0 1
0 33 0 1
0 36 -1 0
1
end_operator
begin_operator
pour-shot-to-clean-shaker shot7 ingredient3 shaker1 right l0 l1
5
0 8
1 5
2 8
38 0
39 0
5
0 3 7 8
0 18 2 3
0 21 0 1
0 33 0 1
0 36 -1 0
1
end_operator
begin_operator
pour-shot-to-clean-shaker shot7 ingredient3 shaker1 right l0 l1
5
0 8
1 6
2 8
38 0
39 0
5
0 3 7 8
0 18 2 3
0 21 0 1
0 33 0 1
0 36 -1 0
1
end_operator
begin_operator
pour-shot-to-clean-shaker shot7 ingredient3 shaker1 right l0 l1
5
0 8
1 7
2 8
38 0
39 0
5
0 3 7 8
0 18 2 3
0 21 0 1
0 33 0 1
0 36 -1 0
1
end_operator
begin_operator
pour-shot-to-clean-shaker shot7 ingredient3 shaker1 right l0 l1
5
0 8
1 9
2 8
38 0
39 0
5
0 3 7 8
0 18 2 3
0 21 0 1
0 33 0 1
0 36 -1 0
1
end_operator
begin_operator
pour-shot-to-clean-shaker shot7 ingredient3 shaker1 right l0 l1
5
0 8
1 10
2 8
38 0
39 0
5
0 3 7 8
0 18 2 3
0 21 0 1
0 33 0 1
0 36 -1 0
1
end_operator
begin_operator
pour-shot-to-clean-shaker shot7 ingredient3 shaker1 right l0 l1
5
0 9
1 0
2 8
38 0
39 0
5
0 3 7 8
0 18 2 3
0 21 0 1
0 33 0 1
0 36 -1 0
1
end_operator
begin_operator
pour-shot-to-clean-shaker shot7 ingredient3 shaker1 right l0 l1
5
0 9
1 1
2 8
38 0
39 0
5
0 3 7 8
0 18 2 3
0 21 0 1
0 33 0 1
0 36 -1 0
1
end_operator
begin_operator
pour-shot-to-clean-shaker shot7 ingredient3 shaker1 right l0 l1
5
0 9
1 2
2 8
38 0
39 0
5
0 3 7 8
0 18 2 3
0 21 0 1
0 33 0 1
0 36 -1 0
1
end_operator
begin_operator
pour-shot-to-clean-shaker shot7 ingredient3 shaker1 right l0 l1
5
0 9
1 3
2 8
38 0
39 0
5
0 3 7 8
0 18 2 3
0 21 0 1
0 33 0 1
0 36 -1 0
1
end_operator
begin_operator
pour-shot-to-clean-shaker shot7 ingredient3 shaker1 right l0 l1
5
0 9
1 4
2 8
38 0
39 0
5
0 3 7 8
0 18 2 3
0 21 0 1
0 33 0 1
0 36 -1 0
1
end_operator
begin_operator
pour-shot-to-clean-shaker shot7 ingredient3 shaker1 right l0 l1
5
0 9
1 5
2 8
38 0
39 0
5
0 3 7 8
0 18 2 3
0 21 0 1
0 33 0 1
0 36 -1 0
1
end_operator
begin_operator
pour-shot-to-clean-shaker shot7 ingredient3 shaker1 right l0 l1
5
0 9
1 6
2 8
38 0
39 0
5
0 3 7 8
0 18 2 3
0 21 0 1
0 33 0 1
0 36 -1 0
1
end_operator
begin_operator
pour-shot-to-clean-shaker shot7 ingredient3 shaker1 right l0 l1
5
0 9
1 7
2 8
38 0
39 0
5
0 3 7 8
0 18 2 3
0 21 0 1
0 33 0 1
0 36 -1 0
1
end_operator
begin_operator
pour-shot-to-clean-shaker shot7 ingredient3 shaker1 right l0 l1
5
0 9
1 9
2 8
38 0
39 0
5
0 3 7 8
0 18 2 3
0 21 0 1
0 33 0 1
0 36 -1 0
1
end_operator
begin_operator
pour-shot-to-clean-shaker shot7 ingredient3 shaker1 right l0 l1
5
0 9
1 10
2 8
38 0
39 0
5
0 3 7 8
0 18 2 3
0 21 0 1
0 33 0 1
0 36 -1 0
1
end_operator
begin_operator
pour-shot-to-clean-shaker shot7 ingredient3 shaker1 right l0 l1
5
0 10
1 0
2 8
38 0
39 0
5
0 3 7 8
0 18 2 3
0 21 0 1
0 33 0 1
0 36 -1 0
1
end_operator
begin_operator
pour-shot-to-clean-shaker shot7 ingredient3 shaker1 right l0 l1
5
0 10
1 1
2 8
38 0
39 0
5
0 3 7 8
0 18 2 3
0 21 0 1
0 33 0 1
0 36 -1 0
1
end_operator
begin_operator
pour-shot-to-clean-shaker shot7 ingredient3 shaker1 right l0 l1
5
0 10
1 2
2 8
38 0
39 0
5
0 3 7 8
0 18 2 3
0 21 0 1
0 33 0 1
0 36 -1 0
1
end_operator
begin_operator
pour-shot-to-clean-shaker shot7 ingredient3 shaker1 right l0 l1
5
0 10
1 3
2 8
38 0
39 0
5
0 3 7 8
0 18 2 3
0 21 0 1
0 33 0 1
0 36 -1 0
1
end_operator
begin_operator
pour-shot-to-clean-shaker shot7 ingredient3 shaker1 right l0 l1
5
0 10
1 4
2 8
38 0
39 0
5
0 3 7 8
0 18 2 3
0 21 0 1
0 33 0 1
0 36 -1 0
1
end_operator
begin_operator
pour-shot-to-clean-shaker shot7 ingredient3 shaker1 right l0 l1
5
0 10
1 5
2 8
38 0
39 0
5
0 3 7 8
0 18 2 3
0 21 0 1
0 33 0 1
0 36 -1 0
1
end_operator
begin_operator
pour-shot-to-clean-shaker shot7 ingredient3 shaker1 right l0 l1
5
0 10
1 6
2 8
38 0
39 0
5
0 3 7 8
0 18 2 3
0 21 0 1
0 33 0 1
0 36 -1 0
1
end_operator
begin_operator
pour-shot-to-clean-shaker shot7 ingredient3 shaker1 right l0 l1
5
0 10
1 7
2 8
38 0
39 0
5
0 3 7 8
0 18 2 3
0 21 0 1
0 33 0 1
0 36 -1 0
1
end_operator
begin_operator
pour-shot-to-clean-shaker shot7 ingredient3 shaker1 right l0 l1
5
0 10
1 9
2 8
38 0
39 0
5
0 3 7 8
0 18 2 3
0 21 0 1
0 33 0 1
0 36 -1 0
1
end_operator
begin_operator
pour-shot-to-clean-shaker shot7 ingredient3 shaker1 right l0 l1
5
0 10
1 10
2 8
38 0
39 0
5
0 3 7 8
0 18 2 3
0 21 0 1
0 33 0 1
0 36 -1 0
1
end_operator
begin_operator
pour-shot-to-clean-shaker shot7 ingredient3 shaker1 right l0 l1
5
0 11
1 0
2 8
38 0
39 0
5
0 3 7 8
0 18 2 3
0 21 0 1
0 33 0 1
0 36 -1 0
1
end_operator
begin_operator
pour-shot-to-clean-shaker shot7 ingredient3 shaker1 right l0 l1
5
0 11
1 1
2 8
38 0
39 0
5
0 3 7 8
0 18 2 3
0 21 0 1
0 33 0 1
0 36 -1 0
1
end_operator
begin_operator
pour-shot-to-clean-shaker shot7 ingredient3 shaker1 right l0 l1
5
0 11
1 2
2 8
38 0
39 0
5
0 3 7 8
0 18 2 3
0 21 0 1
0 33 0 1
0 36 -1 0
1
end_operator
begin_operator
pour-shot-to-clean-shaker shot7 ingredient3 shaker1 right l0 l1
5
0 11
1 3
2 8
38 0
39 0
5
0 3 7 8
0 18 2 3
0 21 0 1
0 33 0 1
0 36 -1 0
1
end_operator
begin_operator
pour-shot-to-clean-shaker shot7 ingredient3 shaker1 right l0 l1
5
0 11
1 4
2 8
38 0
39 0
5
0 3 7 8
0 18 2 3
0 21 0 1
0 33 0 1
0 36 -1 0
1
end_operator
begin_operator
pour-shot-to-clean-shaker shot7 ingredient3 shaker1 right l0 l1
5
0 11
1 5
2 8
38 0
39 0
5
0 3 7 8
0 18 2 3
0 21 0 1
0 33 0 1
0 36 -1 0
1
end_operator
begin_operator
pour-shot-to-clean-shaker shot7 ingredient3 shaker1 right l0 l1
5
0 11
1 6
2 8
38 0
39 0
5
0 3 7 8
0 18 2 3
0 21 0 1
0 33 0 1
0 36 -1 0
1
end_operator
begin_operator
pour-shot-to-clean-shaker shot7 ingredient3 shaker1 right l0 l1
5
0 11
1 7
2 8
38 0
39 0
5
0 3 7 8
0 18 2 3
0 21 0 1
0 33 0 1
0 36 -1 0
1
end_operator
begin_operator
pour-shot-to-clean-shaker shot7 ingredient3 shaker1 right l0 l1
5
0 11
1 9
2 8
38 0
39 0
5
0 3 7 8
0 18 2 3
0 21 0 1
0 33 0 1
0 36 -1 0
1
end_operator
begin_operator
pour-shot-to-clean-shaker shot7 ingredient3 shaker1 right l0 l1
5
0 11
1 10
2 8
38 0
39 0
5
0 3 7 8
0 18 2 3
0 21 0 1
0 33 0 1
0 36 -1 0
1
end_operator
begin_operator
pour-shot-to-clean-shaker shot7 ingredient3 shaker1 right l0 l1
4
0 0
1 1
2 8
39 0
6
0 3 7 8
0 18 2 3
0 21 0 1
0 33 0 1
0 36 1 0
0 38 1 0
1
end_operator
begin_operator
pour-shot-to-clean-shaker shot7 ingredient3 shaker1 right l0 l1
4
0 0
1 2
2 8
39 0
6
0 3 7 8
0 18 2 3
0 21 0 1
0 33 0 1
0 36 1 0
0 38 1 0
1
end_operator
begin_operator
pour-shot-to-clean-shaker shot7 ingredient3 shaker1 right l0 l1
4
0 0
1 3
2 8
39 0
6
0 3 7 8
0 18 2 3
0 21 0 1
0 33 0 1
0 36 1 0
0 38 1 0
1
end_operator
begin_operator
pour-shot-to-clean-shaker shot7 ingredient3 shaker1 right l0 l1
4
0 0
1 4
2 8
39 0
6
0 3 7 8
0 18 2 3
0 21 0 1
0 33 0 1
0 36 1 0
0 38 1 0
1
end_operator
begin_operator
pour-shot-to-clean-shaker shot7 ingredient3 shaker1 right l0 l1
4
0 0
1 5
2 8
39 0
6
0 3 7 8
0 18 2 3
0 21 0 1
0 33 0 1
0 36 1 0
0 38 1 0
1
end_operator
begin_operator
pour-shot-to-clean-shaker shot7 ingredient3 shaker1 right l0 l1
4
0 0
1 6
2 8
39 0
6
0 3 7 8
0 18 2 3
0 21 0 1
0 33 0 1
0 36 1 0
0 38 1 0
1
end_operator
begin_operator
pour-shot-to-clean-shaker shot7 ingredient3 shaker1 right l0 l1
4
0 0
1 7
2 8
39 0
6
0 3 7 8
0 18 2 3
0 21 0 1
0 33 0 1
0 36 1 0
0 38 1 0
1
end_operator
begin_operator
pour-shot-to-clean-shaker shot7 ingredient3 shaker1 right l0 l1
4
0 0
1 9
2 8
39 0
6
0 3 7 8
0 18 2 3
0 21 0 1
0 33 0 1
0 36 1 0
0 38 1 0
1
end_operator
begin_operator
pour-shot-to-clean-shaker shot7 ingredient3 shaker1 right l0 l1
4
0 0
1 10
2 8
39 0
6
0 3 7 8
0 18 2 3
0 21 0 1
0 33 0 1
0 36 1 0
0 38 1 0
1
end_operator
begin_operator
pour-shot-to-clean-shaker shot7 ingredient3 shaker1 right l0 l1
3
0 0
1 0
2 8
7
0 3 7 8
0 18 2 3
0 21 0 1
0 33 0 1
0 36 1 0
0 38 1 0
0 39 1 0
1
end_operator
begin_operator
pour-shot-to-clean-shaker shot8 ingredient1 shaker1 left l0 l1
1
1 9
5
0 3 7 8
0 19 0 3
0 21 0 1
0 33 0 1
0 34 -1 0
1
end_operator
begin_operator
pour-shot-to-clean-shaker shot8 ingredient1 shaker1 right l0 l1
1
2 9
5
0 3 7 8
0 19 0 3
0 21 0 1
0 33 0 1
0 34 -1 0
1
end_operator
begin_operator
pour-shot-to-clean-shaker shot8 ingredient2 shaker1 left l0 l1
1
1 9
5
0 3 7 8
0 19 1 3
0 21 0 1
0 33 0 1
0 35 -1 0
1
end_operator
begin_operator
pour-shot-to-clean-shaker shot8 ingredient2 shaker1 right l0 l1
1
2 9
5
0 3 7 8
0 19 1 3
0 21 0 1
0 33 0 1
0 35 -1 0
1
end_operator
begin_operator
pour-shot-to-clean-shaker shot8 ingredient3 shaker1 left l0 l1
3
0 0
1 9
38 0
5
0 3 7 8
0 19 2 3
0 21 0 1
0 33 0 1
0 36 -1 0
1
end_operator
begin_operator
pour-shot-to-clean-shaker shot8 ingredient3 shaker1 left l0 l1
3
0 1
1 9
38 0
5
0 3 7 8
0 19 2 3
0 21 0 1
0 33 0 1
0 36 -1 0
1
end_operator
begin_operator
pour-shot-to-clean-shaker shot8 ingredient3 shaker1 left l0 l1
3
0 2
1 9
38 0
5
0 3 7 8
0 19 2 3
0 21 0 1
0 33 0 1
0 36 -1 0
1
end_operator
begin_operator
pour-shot-to-clean-shaker shot8 ingredient3 shaker1 left l0 l1
3
0 3
1 9
38 0
5
0 3 7 8
0 19 2 3
0 21 0 1
0 33 0 1
0 36 -1 0
1
end_operator
begin_operator
pour-shot-to-clean-shaker shot8 ingredient3 shaker1 left l0 l1
3
0 4
1 9
38 0
5
0 3 7 8
0 19 2 3
0 21 0 1
0 33 0 1
0 36 -1 0
1
end_operator
begin_operator
pour-shot-to-clean-shaker shot8 ingredient3 shaker1 left l0 l1
3
0 5
1 9
38 0
5
0 3 7 8
0 19 2 3
0 21 0 1
0 33 0 1
0 36 -1 0
1
end_operator
begin_operator
pour-shot-to-clean-shaker shot8 ingredient3 shaker1 left l0 l1
3
0 6
1 9
38 0
5
0 3 7 8
0 19 2 3
0 21 0 1
0 33 0 1
0 36 -1 0
1
end_operator
begin_operator
pour-shot-to-clean-shaker shot8 ingredient3 shaker1 left l0 l1
3
0 7
1 9
38 0
5
0 3 7 8
0 19 2 3
0 21 0 1
0 33 0 1
0 36 -1 0
1
end_operator
begin_operator
pour-shot-to-clean-shaker shot8 ingredient3 shaker1 left l0 l1
3
0 8
1 9
38 0
5
0 3 7 8
0 19 2 3
0 21 0 1
0 33 0 1
0 36 -1 0
1
end_operator
begin_operator
pour-shot-to-clean-shaker shot8 ingredient3 shaker1 left l0 l1
3
0 9
1 9
38 0
5
0 3 7 8
0 19 2 3
0 21 0 1
0 33 0 1
0 36 -1 0
1
end_operator
begin_operator
pour-shot-to-clean-shaker shot8 ingredient3 shaker1 left l0 l1
3
0 10
1 9
38 0
5
0 3 7 8
0 19 2 3
0 21 0 1
0 33 0 1
0 36 -1 0
1
end_operator
begin_operator
pour-shot-to-clean-shaker shot8 ingredient3 shaker1 left l0 l1
3
0 11
1 9
38 0
5
0 3 7 8
0 19 2 3
0 21 0 1
0 33 0 1
0 36 -1 0
1
end_operator
begin_operator
pour-shot-to-clean-shaker shot8 ingredient3 shaker1 left l0 l1
2
0 0
1 9
6
0 3 7 8
0 19 2 3
0 21 0 1
0 33 0 1
0 36 1 0
0 38 1 0
1
end_operator
begin_operator
pour-shot-to-clean-shaker shot8 ingredient3 shaker1 right l0 l1
5
0 0
1 0
2 9
38 0
39 0
5
0 3 7 8
0 19 2 3
0 21 0 1
0 33 0 1
0 36 -1 0
1
end_operator
begin_operator
pour-shot-to-clean-shaker shot8 ingredient3 shaker1 right l0 l1
5
0 0
1 1
2 9
38 0
39 0
5
0 3 7 8
0 19 2 3
0 21 0 1
0 33 0 1
0 36 -1 0
1
end_operator
begin_operator
pour-shot-to-clean-shaker shot8 ingredient3 shaker1 right l0 l1
5
0 0
1 2
2 9
38 0
39 0
5
0 3 7 8
0 19 2 3
0 21 0 1
0 33 0 1
0 36 -1 0
1
end_operator
begin_operator
pour-shot-to-clean-shaker shot8 ingredient3 shaker1 right l0 l1
5
0 0
1 3
2 9
38 0
39 0
5
0 3 7 8
0 19 2 3
0 21 0 1
0 33 0 1
0 36 -1 0
1
end_operator
begin_operator
pour-shot-to-clean-shaker shot8 ingredient3 shaker1 right l0 l1
5
0 0
1 4
2 9
38 0
39 0
5
0 3 7 8
0 19 2 3
0 21 0 1
0 33 0 1
0 36 -1 0
1
end_operator
begin_operator
pour-shot-to-clean-shaker shot8 ingredient3 shaker1 right l0 l1
5
0 0
1 5
2 9
38 0
39 0
5
0 3 7 8
0 19 2 3
0 21 0 1
0 33 0 1
0 36 -1 0
1
end_operator
begin_operator
pour-shot-to-clean-shaker shot8 ingredient3 shaker1 right l0 l1
5
0 0
1 6
2 9
38 0
39 0
5
0 3 7 8
0 19 2 3
0 21 0 1
0 33 0 1
0 36 -1 0
1
end_operator
begin_operator
pour-shot-to-clean-shaker shot8 ingredient3 shaker1 right l0 l1
5
0 0
1 7
2 9
38 0
39 0
5
0 3 7 8
0 19 2 3
0 21 0 1
0 33 0 1
0 36 -1 0
1
end_operator
begin_operator
pour-shot-to-clean-shaker shot8 ingredient3 shaker1 right l0 l1
5
0 0
1 8
2 9
38 0
39 0
5
0 3 7 8
0 19 2 3
0 21 0 1
0 33 0 1
0 36 -1 0
1
end_operator
begin_operator
pour-shot-to-clean-shaker shot8 ingredient3 shaker1 right l0 l1
5
0 0
1 10
2 9
38 0
39 0
5
0 3 7 8
0 19 2 3
0 21 0 1
0 33 0 1
0 36 -1 0
1
end_operator
begin_operator
pour-shot-to-clean-shaker shot8 ingredient3 shaker1 right l0 l1
5
0 1
1 0
2 9
38 0
39 0
5
0 3 7 8
0 19 2 3
0 21 0 1
0 33 0 1
0 36 -1 0
1
end_operator
begin_operator
pour-shot-to-clean-shaker shot8 ingredient3 shaker1 right l0 l1
5
0 1
1 1
2 9
38 0
39 0
5
0 3 7 8
0 19 2 3
0 21 0 1
0 33 0 1
0 36 -1 0
1
end_operator
begin_operator
pour-shot-to-clean-shaker shot8 ingredient3 shaker1 right l0 l1
5
0 1
1 2
2 9
38 0
39 0
5
0 3 7 8
0 19 2 3
0 21 0 1
0 33 0 1
0 36 -1 0
1
end_operator
begin_operator
pour-shot-to-clean-shaker shot8 ingredient3 shaker1 right l0 l1
5
0 1
1 3
2 9
38 0
39 0
5
0 3 7 8
0 19 2 3
0 21 0 1
0 33 0 1
0 36 -1 0
1
end_operator
begin_operator
pour-shot-to-clean-shaker shot8 ingredient3 shaker1 right l0 l1
5
0 1
1 4
2 9
38 0
39 0
5
0 3 7 8
0 19 2 3
0 21 0 1
0 33 0 1
0 36 -1 0
1
end_operator
begin_operator
pour-shot-to-clean-shaker shot8 ingredient3 shaker1 right l0 l1
5
0 1
1 5
2 9
38 0
39 0
5
0 3 7 8
0 19 2 3
0 21 0 1
0 33 0 1
0 36 -1 0
1
end_operator
begin_operator
pour-shot-to-clean-shaker shot8 ingredient3 shaker1 right l0 l1
5
0 1
1 6
2 9
38 0
39 0
5
0 3 7 8
0 19 2 3
0 21 0 1
0 33 0 1
0 36 -1 0
1
end_operator
begin_operator
pour-shot-to-clean-shaker shot8 ingredient3 shaker1 right l0 l1
5
0 1
1 7
2 9
38 0
39 0
5
0 3 7 8
0 19 2 3
0 21 0 1
0 33 0 1
0 36 -1 0
1
end_operator
begin_operator
pour-shot-to-clean-shaker shot8 ingredient3 shaker1 right l0 l1
5
0 1
1 8
2 9
38 0
39 0
5
0 3 7 8
0 19 2 3
0 21 0 1
0 33 0 1
0 36 -1 0
1
end_operator
begin_operator
pour-shot-to-clean-shaker shot8 ingredient3 shaker1 right l0 l1
5
0 1
1 10
2 9
38 0
39 0
5
0 3 7 8
0 19 2 3
0 21 0 1
0 33 0 1
0 36 -1 0
1
end_operator
begin_operator
pour-shot-to-clean-shaker shot8 ingredient3 shaker1 right l0 l1
5
0 2
1 0
2 9
38 0
39 0
5
0 3 7 8
0 19 2 3
0 21 0 1
0 33 0 1
0 36 -1 0
1
end_operator
begin_operator
pour-shot-to-clean-shaker shot8 ingredient3 shaker1 right l0 l1
5
0 2
1 1
2 9
38 0
39 0
5
0 3 7 8
0 19 2 3
0 21 0 1
0 33 0 1
0 36 -1 0
1
end_operator
begin_operator
pour-shot-to-clean-shaker shot8 ingredient3 shaker1 right l0 l1
5
0 2
1 2
2 9
38 0
39 0
5
0 3 7 8
0 19 2 3
0 21 0 1
0 33 0 1
0 36 -1 0
1
end_operator
begin_operator
pour-shot-to-clean-shaker shot8 ingredient3 shaker1 right l0 l1
5
0 2
1 3
2 9
38 0
39 0
5
0 3 7 8
0 19 2 3
0 21 0 1
0 33 0 1
0 36 -1 0
1
end_operator
begin_operator
pour-shot-to-clean-shaker shot8 ingredient3 shaker1 right l0 l1
5
0 2
1 4
2 9
38 0
39 0
5
0 3 7 8
0 19 2 3
0 21 0 1
0 33 0 1
0 36 -1 0
1
end_operator
begin_operator
pour-shot-to-clean-shaker shot8 ingredient3 shaker1 right l0 l1
5
0 2
1 5
2 9
38 0
39 0
5
0 3 7 8
0 19 2 3
0 21 0 1
0 33 0 1
0 36 -1 0
1
end_operator
begin_operator
pour-shot-to-clean-shaker shot8 ingredient3 shaker1 right l0 l1
5
0 2
1 6
2 9
38 0
39 0
5
0 3 7 8
0 19 2 3
0 21 0 1
0 33 0 1
0 36 -1 0
1
end_operator
begin_operator
pour-shot-to-clean-shaker shot8 ingredient3 shaker1 right l0 l1
5
0 2
1 7
2 9
38 0
39 0
5
0 3 7 8
0 19 2 3
0 21 0 1
0 33 0 1
0 36 -1 0
1
end_operator
begin_operator
pour-shot-to-clean-shaker shot8 ingredient3 shaker1 right l0 l1
5
0 2
1 8
2 9
38 0
39 0
5
0 3 7 8
0 19 2 3
0 21 0 1
0 33 0 1
0 36 -1 0
1
end_operator
begin_operator
pour-shot-to-clean-shaker shot8 ingredient3 shaker1 right l0 l1
5
0 2
1 10
2 9
38 0
39 0
5
0 3 7 8
0 19 2 3
0 21 0 1
0 33 0 1
0 36 -1 0
1
end_operator
begin_operator
pour-shot-to-clean-shaker shot8 ingredient3 shaker1 right l0 l1
5
0 3
1 0
2 9
38 0
39 0
5
0 3 7 8
0 19 2 3
0 21 0 1
0 33 0 1
0 36 -1 0
1
end_operator
begin_operator
pour-shot-to-clean-shaker shot8 ingredient3 shaker1 right l0 l1
5
0 3
1 1
2 9
38 0
39 0
5
0 3 7 8
0 19 2 3
0 21 0 1
0 33 0 1
0 36 -1 0
1
end_operator
begin_operator
pour-shot-to-clean-shaker shot8 ingredient3 shaker1 right l0 l1
5
0 3
1 2
2 9
38 0
39 0
5
0 3 7 8
0 19 2 3
0 21 0 1
0 33 0 1
0 36 -1 0
1
end_operator
begin_operator
pour-shot-to-clean-shaker shot8 ingredient3 shaker1 right l0 l1
5
0 3
1 3
2 9
38 0
39 0
5
0 3 7 8
0 19 2 3
0 21 0 1
0 33 0 1
0 36 -1 0
1
end_operator
begin_operator
pour-shot-to-clean-shaker shot8 ingredient3 shaker1 right l0 l1
5
0 3
1 4
2 9
38 0
39 0
5
0 3 7 8
0 19 2 3
0 21 0 1
0 33 0 1
0 36 -1 0
1
end_operator
begin_operator
pour-shot-to-clean-shaker shot8 ingredient3 shaker1 right l0 l1
5
0 3
1 5
2 9
38 0
39 0
5
0 3 7 8
0 19 2 3
0 21 0 1
0 33 0 1
0 36 -1 0
1
end_operator
begin_operator
pour-shot-to-clean-shaker shot8 ingredient3 shaker1 right l0 l1
5
0 3
1 6
2 9
38 0
39 0
5
0 3 7 8
0 19 2 3
0 21 0 1
0 33 0 1
0 36 -1 0
1
end_operator
begin_operator
pour-shot-to-clean-shaker shot8 ingredient3 shaker1 right l0 l1
5
0 3
1 7
2 9
38 0
39 0
5
0 3 7 8
0 19 2 3
0 21 0 1
0 33 0 1
0 36 -1 0
1
end_operator
begin_operator
pour-shot-to-clean-shaker shot8 ingredient3 shaker1 right l0 l1
5
0 3
1 8
2 9
38 0
39 0
5
0 3 7 8
0 19 2 3
0 21 0 1
0 33 0 1
0 36 -1 0
1
end_operator
begin_operator
pour-shot-to-clean-shaker shot8 ingredient3 shaker1 right l0 l1
5
0 3
1 10
2 9
38 0
39 0
5
0 3 7 8
0 19 2 3
0 21 0 1
0 33 0 1
0 36 -1 0
1
end_operator
begin_operator
pour-shot-to-clean-shaker shot8 ingredient3 shaker1 right l0 l1
5
0 4
1 0
2 9
38 0
39 0
5
0 3 7 8
0 19 2 3
0 21 0 1
0 33 0 1
0 36 -1 0
1
end_operator
begin_operator
pour-shot-to-clean-shaker shot8 ingredient3 shaker1 right l0 l1
5
0 4
1 1
2 9
38 0
39 0
5
0 3 7 8
0 19 2 3
0 21 0 1
0 33 0 1
0 36 -1 0
1
end_operator
begin_operator
pour-shot-to-clean-shaker shot8 ingredient3 shaker1 right l0 l1
5
0 4
1 2
2 9
38 0
39 0
5
0 3 7 8
0 19 2 3
0 21 0 1
0 33 0 1
0 36 -1 0
1
end_operator
begin_operator
pour-shot-to-clean-shaker shot8 ingredient3 shaker1 right l0 l1
5
0 4
1 3
2 9
38 0
39 0
5
0 3 7 8
0 19 2 3
0 21 0 1
0 33 0 1
0 36 -1 0
1
end_operator
begin_operator
pour-shot-to-clean-shaker shot8 ingredient3 shaker1 right l0 l1
5
0 4
1 4
2 9
38 0
39 0
5
0 3 7 8
0 19 2 3
0 21 0 1
0 33 0 1
0 36 -1 0
1
end_operator
begin_operator
pour-shot-to-clean-shaker shot8 ingredient3 shaker1 right l0 l1
5
0 4
1 5
2 9
38 0
39 0
5
0 3 7 8
0 19 2 3
0 21 0 1
0 33 0 1
0 36 -1 0
1
end_operator
begin_operator
pour-shot-to-clean-shaker shot8 ingredient3 shaker1 right l0 l1
5
0 4
1 6
2 9
38 0
39 0
5
0 3 7 8
0 19 2 3
0 21 0 1
0 33 0 1
0 36 -1 0
1
end_operator
begin_operator
pour-shot-to-clean-shaker shot8 ingredient3 shaker1 right l0 l1
5
0 4
1 7
2 9
38 0
39 0
5
0 3 7 8
0 19 2 3
0 21 0 1
0 33 0 1
0 36 -1 0
1
end_operator
begin_operator
pour-shot-to-clean-shaker shot8 ingredient3 shaker1 right l0 l1
5
0 4
1 8
2 9
38 0
39 0
5
0 3 7 8
0 19 2 3
0 21 0 1
0 33 0 1
0 36 -1 0
1
end_operator
begin_operator
pour-shot-to-clean-shaker shot8 ingredient3 shaker1 right l0 l1
5
0 4
1 10
2 9
38 0
39 0
5
0 3 7 8
0 19 2 3
0 21 0 1
0 33 0 1
0 36 -1 0
1
end_operator
begin_operator
pour-shot-to-clean-shaker shot8 ingredient3 shaker1 right l0 l1
5
0 5
1 0
2 9
38 0
39 0
5
0 3 7 8
0 19 2 3
0 21 0 1
0 33 0 1
0 36 -1 0
1
end_operator
begin_operator
pour-shot-to-clean-shaker shot8 ingredient3 shaker1 right l0 l1
5
0 5
1 1
2 9
38 0
39 0
5
0 3 7 8
0 19 2 3
0 21 0 1
0 33 0 1
0 36 -1 0
1
end_operator
begin_operator
pour-shot-to-clean-shaker shot8 ingredient3 shaker1 right l0 l1
5
0 5
1 2
2 9
38 0
39 0
5
0 3 7 8
0 19 2 3
0 21 0 1
0 33 0 1
0 36 -1 0
1
end_operator
begin_operator
pour-shot-to-clean-shaker shot8 ingredient3 shaker1 right l0 l1
5
0 5
1 3
2 9
38 0
39 0
5
0 3 7 8
0 19 2 3
0 21 0 1
0 33 0 1
0 36 -1 0
1
end_operator
begin_operator
pour-shot-to-clean-shaker shot8 ingredient3 shaker1 right l0 l1
5
0 5
1 4
2 9
38 0
39 0
5
0 3 7 8
0 19 2 3
0 21 0 1
0 33 0 1
0 36 -1 0
1
end_operator
begin_operator
pour-shot-to-clean-shaker shot8 ingredient3 shaker1 right l0 l1
5
0 5
1 5
2 9
38 0
39 0
5
0 3 7 8
0 19 2 3
0 21 0 1
0 33 0 1
0 36 -1 0
1
end_operator
begin_operator
pour-shot-to-clean-shaker shot8 ingredient3 shaker1 right l0 l1
5
0 5
1 6
2 9
38 0
39 0
5
0 3 7 8
0 19 2 3
0 21 0 1
0 33 0 1
0 36 -1 0
1
end_operator
begin_operator
pour-shot-to-clean-shaker shot8 ingredient3 shaker1 right l0 l1
5
0 5
1 7
2 9
38 0
39 0
5
0 3 7 8
0 19 2 3
0 21 0 1
0 33 0 1
0 36 -1 0
1
end_operator
begin_operator
pour-shot-to-clean-shaker shot8 ingredient3 shaker1 right l0 l1
5
0 5
1 8
2 9
38 0
39 0
5
0 3 7 8
0 19 2 3
0 21 0 1
0 33 0 1
0 36 -1 0
1
end_operator
begin_operator
pour-shot-to-clean-shaker shot8 ingredient3 shaker1 right l0 l1
5
0 5
1 10
2 9
38 0
39 0
5
0 3 7 8
0 19 2 3
0 21 0 1
0 33 0 1
0 36 -1 0
1
end_operator
begin_operator
pour-shot-to-clean-shaker shot8 ingredient3 shaker1 right l0 l1
5
0 6
1 0
2 9
38 0
39 0
5
0 3 7 8
0 19 2 3
0 21 0 1
0 33 0 1
0 36 -1 0
1
end_operator
begin_operator
pour-shot-to-clean-shaker shot8 ingredient3 shaker1 right l0 l1
5
0 6
1 1
2 9
38 0
39 0
5
0 3 7 8
0 19 2 3
0 21 0 1
0 33 0 1
0 36 -1 0
1
end_operator
begin_operator
pour-shot-to-clean-shaker shot8 ingredient3 shaker1 right l0 l1
5
0 6
1 2
2 9
38 0
39 0
5
0 3 7 8
0 19 2 3
0 21 0 1
0 33 0 1
0 36 -1 0
1
end_operator
begin_operator
pour-shot-to-clean-shaker shot8 ingredient3 shaker1 right l0 l1
5
0 6
1 3
2 9
38 0
39 0
5
0 3 7 8
0 19 2 3
0 21 0 1
0 33 0 1
0 36 -1 0
1
end_operator
begin_operator
pour-shot-to-clean-shaker shot8 ingredient3 shaker1 right l0 l1
5
0 6
1 4
2 9
38 0
39 0
5
0 3 7 8
0 19 2 3
0 21 0 1
0 33 0 1
0 36 -1 0
1
end_operator
begin_operator
pour-shot-to-clean-shaker shot8 ingredient3 shaker1 right l0 l1
5
0 6
1 5
2 9
38 0
39 0
5
0 3 7 8
0 19 2 3
0 21 0 1
0 33 0 1
0 36 -1 0
1
end_operator
begin_operator
pour-shot-to-clean-shaker shot8 ingredient3 shaker1 right l0 l1
5
0 6
1 6
2 9
38 0
39 0
5
0 3 7 8
0 19 2 3
0 21 0 1
0 33 0 1
0 36 -1 0
1
end_operator
begin_operator
pour-shot-to-clean-shaker shot8 ingredient3 shaker1 right l0 l1
5
0 6
1 7
2 9
38 0
39 0
5
0 3 7 8
0 19 2 3
0 21 0 1
0 33 0 1
0 36 -1 0
1
end_operator
begin_operator
pour-shot-to-clean-shaker shot8 ingredient3 shaker1 right l0 l1
5
0 6
1 8
2 9
38 0
39 0
5
0 3 7 8
0 19 2 3
0 21 0 1
0 33 0 1
0 36 -1 0
1
end_operator
begin_operator
pour-shot-to-clean-shaker shot8 ingredient3 shaker1 right l0 l1
5
0 6
1 10
2 9
38 0
39 0
5
0 3 7 8
0 19 2 3
0 21 0 1
0 33 0 1
0 36 -1 0
1
end_operator
begin_operator
pour-shot-to-clean-shaker shot8 ingredient3 shaker1 right l0 l1
5
0 7
1 0
2 9
38 0
39 0
5
0 3 7 8
0 19 2 3
0 21 0 1
0 33 0 1
0 36 -1 0
1
end_operator
begin_operator
pour-shot-to-clean-shaker shot8 ingredient3 shaker1 right l0 l1
5
0 7
1 1
2 9
38 0
39 0
5
0 3 7 8
0 19 2 3
0 21 0 1
0 33 0 1
0 36 -1 0
1
end_operator
begin_operator
pour-shot-to-clean-shaker shot8 ingredient3 shaker1 right l0 l1
5
0 7
1 2
2 9
38 0
39 0
5
0 3 7 8
0 19 2 3
0 21 0 1
0 33 0 1
0 36 -1 0
1
end_operator
begin_operator
pour-shot-to-clean-shaker shot8 ingredient3 shaker1 right l0 l1
5
0 7
1 3
2 9
38 0
39 0
5
0 3 7 8
0 19 2 3
0 21 0 1
0 33 0 1
0 36 -1 0
1
end_operator
begin_operator
pour-shot-to-clean-shaker shot8 ingredient3 shaker1 right l0 l1
5
0 7
1 4
2 9
38 0
39 0
5
0 3 7 8
0 19 2 3
0 21 0 1
0 33 0 1
0 36 -1 0
1
end_operator
begin_operator
pour-shot-to-clean-shaker shot8 ingredient3 shaker1 right l0 l1
5
0 7
1 5
2 9
38 0
39 0
5
0 3 7 8
0 19 2 3
0 21 0 1
0 33 0 1
0 36 -1 0
1
end_operator
begin_operator
pour-shot-to-clean-shaker shot8 ingredient3 shaker1 right l0 l1
5
0 7
1 6
2 9
38 0
39 0
5
0 3 7 8
0 19 2 3
0 21 0 1
0 33 0 1
0 36 -1 0
1
end_operator
begin_operator
pour-shot-to-clean-shaker shot8 ingredient3 shaker1 right l0 l1
5
0 7
1 7
2 9
38 0
39 0
5
0 3 7 8
0 19 2 3
0 21 0 1
0 33 0 1
0 36 -1 0
1
end_operator
begin_operator
pour-shot-to-clean-shaker shot8 ingredient3 shaker1 right l0 l1
5
0 7
1 8
2 9
38 0
39 0
5
0 3 7 8
0 19 2 3
0 21 0 1
0 33 0 1
0 36 -1 0
1
end_operator
begin_operator
pour-shot-to-clean-shaker shot8 ingredient3 shaker1 right l0 l1
5
0 7
1 10
2 9
38 0
39 0
5
0 3 7 8
0 19 2 3
0 21 0 1
0 33 0 1
0 36 -1 0
1
end_operator
begin_operator
pour-shot-to-clean-shaker shot8 ingredient3 shaker1 right l0 l1
5
0 8
1 0
2 9
38 0
39 0
5
0 3 7 8
0 19 2 3
0 21 0 1
0 33 0 1
0 36 -1 0
1
end_operator
begin_operator
pour-shot-to-clean-shaker shot8 ingredient3 shaker1 right l0 l1
5
0 8
1 1
2 9
38 0
39 0
5
0 3 7 8
0 19 2 3
0 21 0 1
0 33 0 1
0 36 -1 0
1
end_operator
begin_operator
pour-shot-to-clean-shaker shot8 ingredient3 shaker1 right l0 l1
5
0 8
1 2
2 9
38 0
39 0
5
0 3 7 8
0 19 2 3
0 21 0 1
0 33 0 1
0 36 -1 0
1
end_operator
begin_operator
pour-shot-to-clean-shaker shot8 ingredient3 shaker1 right l0 l1
5
0 8
1 3
2 9
38 0
39 0
5
0 3 7 8
0 19 2 3
0 21 0 1
0 33 0 1
0 36 -1 0
1
end_operator
begin_operator
pour-shot-to-clean-shaker shot8 ingredient3 shaker1 right l0 l1
5
0 8
1 4
2 9
38 0
39 0
5
0 3 7 8
0 19 2 3
0 21 0 1
0 33 0 1
0 36 -1 0
1
end_operator
begin_operator
pour-shot-to-clean-shaker shot8 ingredient3 shaker1 right l0 l1
5
0 8
1 5
2 9
38 0
39 0
5
0 3 7 8
0 19 2 3
0 21 0 1
0 33 0 1
0 36 -1 0
1
end_operator
begin_operator
pour-shot-to-clean-shaker shot8 ingredient3 shaker1 right l0 l1
5
0 8
1 6
2 9
38 0
39 0
5
0 3 7 8
0 19 2 3
0 21 0 1
0 33 0 1
0 36 -1 0
1
end_operator
begin_operator
pour-shot-to-clean-shaker shot8 ingredient3 shaker1 right l0 l1
5
0 8
1 7
2 9
38 0
39 0
5
0 3 7 8
0 19 2 3
0 21 0 1
0 33 0 1
0 36 -1 0
1
end_operator
begin_operator
pour-shot-to-clean-shaker shot8 ingredient3 shaker1 right l0 l1
5
0 8
1 8
2 9
38 0
39 0
5
0 3 7 8
0 19 2 3
0 21 0 1
0 33 0 1
0 36 -1 0
1
end_operator
begin_operator
pour-shot-to-clean-shaker shot8 ingredient3 shaker1 right l0 l1
5
0 8
1 10
2 9
38 0
39 0
5
0 3 7 8
0 19 2 3
0 21 0 1
0 33 0 1
0 36 -1 0
1
end_operator
begin_operator
pour-shot-to-clean-shaker shot8 ingredient3 shaker1 right l0 l1
5
0 9
1 0
2 9
38 0
39 0
5
0 3 7 8
0 19 2 3
0 21 0 1
0 33 0 1
0 36 -1 0
1
end_operator
begin_operator
pour-shot-to-clean-shaker shot8 ingredient3 shaker1 right l0 l1
5
0 9
1 1
2 9
38 0
39 0
5
0 3 7 8
0 19 2 3
0 21 0 1
0 33 0 1
0 36 -1 0
1
end_operator
begin_operator
pour-shot-to-clean-shaker shot8 ingredient3 shaker1 right l0 l1
5
0 9
1 2
2 9
38 0
39 0
5
0 3 7 8
0 19 2 3
0 21 0 1
0 33 0 1
0 36 -1 0
1
end_operator
begin_operator
pour-shot-to-clean-shaker shot8 ingredient3 shaker1 right l0 l1
5
0 9
1 3
2 9
38 0
39 0
5
0 3 7 8
0 19 2 3
0 21 0 1
0 33 0 1
0 36 -1 0
1
end_operator
begin_operator
pour-shot-to-clean-shaker shot8 ingredient3 shaker1 right l0 l1
5
0 9
1 4
2 9
38 0
39 0
5
0 3 7 8
0 19 2 3
0 21 0 1
0 33 0 1
0 36 -1 0
1
end_operator
begin_operator
pour-shot-to-clean-shaker shot8 ingredient3 shaker1 right l0 l1
5
0 9
1 5
2 9
38 0
39 0
5
0 3 7 8
0 19 2 3
0 21 0 1
0 33 0 1
0 36 -1 0
1
end_operator
begin_operator
pour-shot-to-clean-shaker shot8 ingredient3 shaker1 right l0 l1
5
0 9
1 6
2 9
38 0
39 0
5
0 3 7 8
0 19 2 3
0 21 0 1
0 33 0 1
0 36 -1 0
1
end_operator
begin_operator
pour-shot-to-clean-shaker shot8 ingredient3 shaker1 right l0 l1
5
0 9
1 7
2 9
38 0
39 0
5
0 3 7 8
0 19 2 3
0 21 0 1
0 33 0 1
0 36 -1 0
1
end_operator
begin_operator
pour-shot-to-clean-shaker shot8 ingredient3 shaker1 right l0 l1
5
0 9
1 8
2 9
38 0
39 0
5
0 3 7 8
0 19 2 3
0 21 0 1
0 33 0 1
0 36 -1 0
1
end_operator
begin_operator
pour-shot-to-clean-shaker shot8 ingredient3 shaker1 right l0 l1
5
0 9
1 10
2 9
38 0
39 0
5
0 3 7 8
0 19 2 3
0 21 0 1
0 33 0 1
0 36 -1 0
1
end_operator
begin_operator
pour-shot-to-clean-shaker shot8 ingredient3 shaker1 right l0 l1
5
0 10
1 0
2 9
38 0
39 0
5
0 3 7 8
0 19 2 3
0 21 0 1
0 33 0 1
0 36 -1 0
1
end_operator
begin_operator
pour-shot-to-clean-shaker shot8 ingredient3 shaker1 right l0 l1
5
0 10
1 1
2 9
38 0
39 0
5
0 3 7 8
0 19 2 3
0 21 0 1
0 33 0 1
0 36 -1 0
1
end_operator
begin_operator
pour-shot-to-clean-shaker shot8 ingredient3 shaker1 right l0 l1
5
0 10
1 2
2 9
38 0
39 0
5
0 3 7 8
0 19 2 3
0 21 0 1
0 33 0 1
0 36 -1 0
1
end_operator
begin_operator
pour-shot-to-clean-shaker shot8 ingredient3 shaker1 right l0 l1
5
0 10
1 3
2 9
38 0
39 0
5
0 3 7 8
0 19 2 3
0 21 0 1
0 33 0 1
0 36 -1 0
1
end_operator
begin_operator
pour-shot-to-clean-shaker shot8 ingredient3 shaker1 right l0 l1
5
0 10
1 4
2 9
38 0
39 0
5
0 3 7 8
0 19 2 3
0 21 0 1
0 33 0 1
0 36 -1 0
1
end_operator
begin_operator
pour-shot-to-clean-shaker shot8 ingredient3 shaker1 right l0 l1
5
0 10
1 5
2 9
38 0
39 0
5
0 3 7 8
0 19 2 3
0 21 0 1
0 33 0 1
0 36 -1 0
1
end_operator
begin_operator
pour-shot-to-clean-shaker shot8 ingredient3 shaker1 right l0 l1
5
0 10
1 6
2 9
38 0
39 0
5
0 3 7 8
0 19 2 3
0 21 0 1
0 33 0 1
0 36 -1 0
1
end_operator
begin_operator
pour-shot-to-clean-shaker shot8 ingredient3 shaker1 right l0 l1
5
0 10
1 7
2 9
38 0
39 0
5
0 3 7 8
0 19 2 3
0 21 0 1
0 33 0 1
0 36 -1 0
1
end_operator
begin_operator
pour-shot-to-clean-shaker shot8 ingredient3 shaker1 right l0 l1
5
0 10
1 8
2 9
38 0
39 0
5
0 3 7 8
0 19 2 3
0 21 0 1
0 33 0 1
0 36 -1 0
1
end_operator
begin_operator
pour-shot-to-clean-shaker shot8 ingredient3 shaker1 right l0 l1
5
0 10
1 10
2 9
38 0
39 0
5
0 3 7 8
0 19 2 3
0 21 0 1
0 33 0 1
0 36 -1 0
1
end_operator
begin_operator
pour-shot-to-clean-shaker shot8 ingredient3 shaker1 right l0 l1
5
0 11
1 0
2 9
38 0
39 0
5
0 3 7 8
0 19 2 3
0 21 0 1
0 33 0 1
0 36 -1 0
1
end_operator
begin_operator
pour-shot-to-clean-shaker shot8 ingredient3 shaker1 right l0 l1
5
0 11
1 1
2 9
38 0
39 0
5
0 3 7 8
0 19 2 3
0 21 0 1
0 33 0 1
0 36 -1 0
1
end_operator
begin_operator
pour-shot-to-clean-shaker shot8 ingredient3 shaker1 right l0 l1
5
0 11
1 2
2 9
38 0
39 0
5
0 3 7 8
0 19 2 3
0 21 0 1
0 33 0 1
0 36 -1 0
1
end_operator
begin_operator
pour-shot-to-clean-shaker shot8 ingredient3 shaker1 right l0 l1
5
0 11
1 3
2 9
38 0
39 0
5
0 3 7 8
0 19 2 3
0 21 0 1
0 33 0 1
0 36 -1 0
1
end_operator
begin_operator
pour-shot-to-clean-shaker shot8 ingredient3 shaker1 right l0 l1
5
0 11
1 4
2 9
38 0
39 0
5
0 3 7 8
0 19 2 3
0 21 0 1
0 33 0 1
0 36 -1 0
1
end_operator
begin_operator
pour-shot-to-clean-shaker shot8 ingredient3 shaker1 right l0 l1
5
0 11
1 5
2 9
38 0
39 0
5
0 3 7 8
0 19 2 3
0 21 0 1
0 33 0 1
0 36 -1 0
1
end_operator
begin_operator
pour-shot-to-clean-shaker shot8 ingredient3 shaker1 right l0 l1
5
0 11
1 6
2 9
38 0
39 0
5
0 3 7 8
0 19 2 3
0 21 0 1
0 33 0 1
0 36 -1 0
1
end_operator
begin_operator
pour-shot-to-clean-shaker shot8 ingredient3 shaker1 right l0 l1
5
0 11
1 7
2 9
38 0
39 0
5
0 3 7 8
0 19 2 3
0 21 0 1
0 33 0 1
0 36 -1 0
1
end_operator
begin_operator
pour-shot-to-clean-shaker shot8 ingredient3 shaker1 right l0 l1
5
0 11
1 8
2 9
38 0
39 0
5
0 3 7 8
0 19 2 3
0 21 0 1
0 33 0 1
0 36 -1 0
1
end_operator
begin_operator
pour-shot-to-clean-shaker shot8 ingredient3 shaker1 right l0 l1
5
0 11
1 10
2 9
38 0
39 0
5
0 3 7 8
0 19 2 3
0 21 0 1
0 33 0 1
0 36 -1 0
1
end_operator
begin_operator
pour-shot-to-clean-shaker shot8 ingredient3 shaker1 right l0 l1
4
0 0
1 1
2 9
39 0
6
0 3 7 8
0 19 2 3
0 21 0 1
0 33 0 1
0 36 1 0
0 38 1 0
1
end_operator
begin_operator
pour-shot-to-clean-shaker shot8 ingredient3 shaker1 right l0 l1
4
0 0
1 2
2 9
39 0
6
0 3 7 8
0 19 2 3
0 21 0 1
0 33 0 1
0 36 1 0
0 38 1 0
1
end_operator
begin_operator
pour-shot-to-clean-shaker shot8 ingredient3 shaker1 right l0 l1
4
0 0
1 3
2 9
39 0
6
0 3 7 8
0 19 2 3
0 21 0 1
0 33 0 1
0 36 1 0
0 38 1 0
1
end_operator
begin_operator
pour-shot-to-clean-shaker shot8 ingredient3 shaker1 right l0 l1
4
0 0
1 4
2 9
39 0
6
0 3 7 8
0 19 2 3
0 21 0 1
0 33 0 1
0 36 1 0
0 38 1 0
1
end_operator
begin_operator
pour-shot-to-clean-shaker shot8 ingredient3 shaker1 right l0 l1
4
0 0
1 5
2 9
39 0
6
0 3 7 8
0 19 2 3
0 21 0 1
0 33 0 1
0 36 1 0
0 38 1 0
1
end_operator
begin_operator
pour-shot-to-clean-shaker shot8 ingredient3 shaker1 right l0 l1
4
0 0
1 6
2 9
39 0
6
0 3 7 8
0 19 2 3
0 21 0 1
0 33 0 1
0 36 1 0
0 38 1 0
1
end_operator
begin_operator
pour-shot-to-clean-shaker shot8 ingredient3 shaker1 right l0 l1
4
0 0
1 7
2 9
39 0
6
0 3 7 8
0 19 2 3
0 21 0 1
0 33 0 1
0 36 1 0
0 38 1 0
1
end_operator
begin_operator
pour-shot-to-clean-shaker shot8 ingredient3 shaker1 right l0 l1
4
0 0
1 8
2 9
39 0
6
0 3 7 8
0 19 2 3
0 21 0 1
0 33 0 1
0 36 1 0
0 38 1 0
1
end_operator
begin_operator
pour-shot-to-clean-shaker shot8 ingredient3 shaker1 right l0 l1
4
0 0
1 10
2 9
39 0
6
0 3 7 8
0 19 2 3
0 21 0 1
0 33 0 1
0 36 1 0
0 38 1 0
1
end_operator
begin_operator
pour-shot-to-clean-shaker shot8 ingredient3 shaker1 right l0 l1
3
0 0
1 0
2 9
7
0 3 7 8
0 19 2 3
0 21 0 1
0 33 0 1
0 36 1 0
0 38 1 0
0 39 1 0
1
end_operator
begin_operator
pour-shot-to-clean-shaker shot9 ingredient1 shaker1 left l0 l1
1
1 10
5
0 3 7 8
0 20 0 3
0 21 0 1
0 33 0 1
0 34 -1 0
1
end_operator
begin_operator
pour-shot-to-clean-shaker shot9 ingredient1 shaker1 right l0 l1
1
2 10
5
0 3 7 8
0 20 0 3
0 21 0 1
0 33 0 1
0 34 -1 0
1
end_operator
begin_operator
pour-shot-to-clean-shaker shot9 ingredient2 shaker1 left l0 l1
1
1 10
5
0 3 7 8
0 20 1 3
0 21 0 1
0 33 0 1
0 35 -1 0
1
end_operator
begin_operator
pour-shot-to-clean-shaker shot9 ingredient2 shaker1 right l0 l1
1
2 10
5
0 3 7 8
0 20 1 3
0 21 0 1
0 33 0 1
0 35 -1 0
1
end_operator
begin_operator
pour-shot-to-clean-shaker shot9 ingredient3 shaker1 left l0 l1
3
0 10
1 10
38 0
5
0 3 7 8
0 20 2 3
0 21 0 1
0 33 0 1
0 36 -1 0
1
end_operator
begin_operator
pour-shot-to-clean-shaker shot9 ingredient3 shaker1 left l0 l1
3
0 11
1 10
38 0
5
0 3 7 8
0 20 2 3
0 21 0 1
0 33 0 1
0 36 -1 0
1
end_operator
begin_operator
pour-shot-to-clean-shaker shot9 ingredient3 shaker1 right l0 l1
5
0 10
1 0
2 10
38 0
39 0
5
0 3 7 8
0 20 2 3
0 21 0 1
0 33 0 1
0 36 -1 0
1
end_operator
begin_operator
pour-shot-to-clean-shaker shot9 ingredient3 shaker1 right l0 l1
5
0 10
1 1
2 10
38 0
39 0
5
0 3 7 8
0 20 2 3
0 21 0 1
0 33 0 1
0 36 -1 0
1
end_operator
begin_operator
pour-shot-to-clean-shaker shot9 ingredient3 shaker1 right l0 l1
5
0 10
1 2
2 10
38 0
39 0
5
0 3 7 8
0 20 2 3
0 21 0 1
0 33 0 1
0 36 -1 0
1
end_operator
begin_operator
pour-shot-to-clean-shaker shot9 ingredient3 shaker1 right l0 l1
5
0 10
1 3
2 10
38 0
39 0
5
0 3 7 8
0 20 2 3
0 21 0 1
0 33 0 1
0 36 -1 0
1
end_operator
begin_operator
pour-shot-to-clean-shaker shot9 ingredient3 shaker1 right l0 l1
5
0 10
1 4
2 10
38 0
39 0
5
0 3 7 8
0 20 2 3
0 21 0 1
0 33 0 1
0 36 -1 0
1
end_operator
begin_operator
pour-shot-to-clean-shaker shot9 ingredient3 shaker1 right l0 l1
5
0 10
1 5
2 10
38 0
39 0
5
0 3 7 8
0 20 2 3
0 21 0 1
0 33 0 1
0 36 -1 0
1
end_operator
begin_operator
pour-shot-to-clean-shaker shot9 ingredient3 shaker1 right l0 l1
5
0 10
1 6
2 10
38 0
39 0
5
0 3 7 8
0 20 2 3
0 21 0 1
0 33 0 1
0 36 -1 0
1
end_operator
begin_operator
pour-shot-to-clean-shaker shot9 ingredient3 shaker1 right l0 l1
5
0 10
1 7
2 10
38 0
39 0
5
0 3 7 8
0 20 2 3
0 21 0 1
0 33 0 1
0 36 -1 0
1
end_operator
begin_operator
pour-shot-to-clean-shaker shot9 ingredient3 shaker1 right l0 l1
5
0 10
1 8
2 10
38 0
39 0
5
0 3 7 8
0 20 2 3
0 21 0 1
0 33 0 1
0 36 -1 0
1
end_operator
begin_operator
pour-shot-to-clean-shaker shot9 ingredient3 shaker1 right l0 l1
5
0 10
1 9
2 10
38 0
39 0
5
0 3 7 8
0 20 2 3
0 21 0 1
0 33 0 1
0 36 -1 0
1
end_operator
begin_operator
pour-shot-to-clean-shaker shot9 ingredient3 shaker1 right l0 l1
5
0 11
1 0
2 10
38 0
39 0
5
0 3 7 8
0 20 2 3
0 21 0 1
0 33 0 1
0 36 -1 0
1
end_operator
begin_operator
pour-shot-to-clean-shaker shot9 ingredient3 shaker1 right l0 l1
5
0 11
1 1
2 10
38 0
39 0
5
0 3 7 8
0 20 2 3
0 21 0 1
0 33 0 1
0 36 -1 0
1
end_operator
begin_operator
pour-shot-to-clean-shaker shot9 ingredient3 shaker1 right l0 l1
5
0 11
1 2
2 10
38 0
39 0
5
0 3 7 8
0 20 2 3
0 21 0 1
0 33 0 1
0 36 -1 0
1
end_operator
begin_operator
pour-shot-to-clean-shaker shot9 ingredient3 shaker1 right l0 l1
5
0 11
1 3
2 10
38 0
39 0
5
0 3 7 8
0 20 2 3
0 21 0 1
0 33 0 1
0 36 -1 0
1
end_operator
begin_operator
pour-shot-to-clean-shaker shot9 ingredient3 shaker1 right l0 l1
5
0 11
1 4
2 10
38 0
39 0
5
0 3 7 8
0 20 2 3
0 21 0 1
0 33 0 1
0 36 -1 0
1
end_operator
begin_operator
pour-shot-to-clean-shaker shot9 ingredient3 shaker1 right l0 l1
5
0 11
1 5
2 10
38 0
39 0
5
0 3 7 8
0 20 2 3
0 21 0 1
0 33 0 1
0 36 -1 0
1
end_operator
begin_operator
pour-shot-to-clean-shaker shot9 ingredient3 shaker1 right l0 l1
5
0 11
1 6
2 10
38 0
39 0
5
0 3 7 8
0 20 2 3
0 21 0 1
0 33 0 1
0 36 -1 0
1
end_operator
begin_operator
pour-shot-to-clean-shaker shot9 ingredient3 shaker1 right l0 l1
5
0 11
1 7
2 10
38 0
39 0
5
0 3 7 8
0 20 2 3
0 21 0 1
0 33 0 1
0 36 -1 0
1
end_operator
begin_operator
pour-shot-to-clean-shaker shot9 ingredient3 shaker1 right l0 l1
5
0 11
1 8
2 10
38 0
39 0
5
0 3 7 8
0 20 2 3
0 21 0 1
0 33 0 1
0 36 -1 0
1
end_operator
begin_operator
pour-shot-to-clean-shaker shot9 ingredient3 shaker1 right l0 l1
5
0 11
1 9
2 10
38 0
39 0
5
0 3 7 8
0 20 2 3
0 21 0 1
0 33 0 1
0 36 -1 0
1
end_operator
begin_operator
pour-shot-to-used-shaker shot1 ingredient1 shaker1 left l1 l2
2
1 2
3 8
3
0 12 0 3
0 21 1 2
0 34 -1 0
1
end_operator
begin_operator
pour-shot-to-used-shaker shot1 ingredient1 shaker1 right l1 l2
2
2 2
3 8
3
0 12 0 3
0 21 1 2
0 34 -1 0
1
end_operator
begin_operator
pour-shot-to-used-shaker shot1 ingredient2 shaker1 left l1 l2
2
1 2
3 8
3
0 12 1 3
0 21 1 2
0 35 -1 0
1
end_operator
begin_operator
pour-shot-to-used-shaker shot1 ingredient2 shaker1 right l1 l2
2
2 2
3 8
3
0 12 1 3
0 21 1 2
0 35 -1 0
1
end_operator
begin_operator
pour-shot-to-used-shaker shot1 ingredient3 shaker1 left l1 l2
4
0 0
1 2
3 8
38 0
3
0 12 2 3
0 21 1 2
0 36 -1 0
1
end_operator
begin_operator
pour-shot-to-used-shaker shot1 ingredient3 shaker1 left l1 l2
4
0 1
1 2
3 8
38 0
3
0 12 2 3
0 21 1 2
0 36 -1 0
1
end_operator
begin_operator
pour-shot-to-used-shaker shot1 ingredient3 shaker1 left l1 l2
4
0 2
1 2
3 8
38 0
3
0 12 2 3
0 21 1 2
0 36 -1 0
1
end_operator
begin_operator
pour-shot-to-used-shaker shot1 ingredient3 shaker1 left l1 l2
4
0 3
1 2
3 8
38 0
3
0 12 2 3
0 21 1 2
0 36 -1 0
1
end_operator
begin_operator
pour-shot-to-used-shaker shot1 ingredient3 shaker1 left l1 l2
4
0 4
1 2
3 8
38 0
3
0 12 2 3
0 21 1 2
0 36 -1 0
1
end_operator
begin_operator
pour-shot-to-used-shaker shot1 ingredient3 shaker1 left l1 l2
4
0 5
1 2
3 8
38 0
3
0 12 2 3
0 21 1 2
0 36 -1 0
1
end_operator
begin_operator
pour-shot-to-used-shaker shot1 ingredient3 shaker1 left l1 l2
4
0 6
1 2
3 8
38 0
3
0 12 2 3
0 21 1 2
0 36 -1 0
1
end_operator
begin_operator
pour-shot-to-used-shaker shot1 ingredient3 shaker1 left l1 l2
4
0 7
1 2
3 8
38 0
3
0 12 2 3
0 21 1 2
0 36 -1 0
1
end_operator
begin_operator
pour-shot-to-used-shaker shot1 ingredient3 shaker1 left l1 l2
4
0 8
1 2
3 8
38 0
3
0 12 2 3
0 21 1 2
0 36 -1 0
1
end_operator
begin_operator
pour-shot-to-used-shaker shot1 ingredient3 shaker1 left l1 l2
4
0 9
1 2
3 8
38 0
3
0 12 2 3
0 21 1 2
0 36 -1 0
1
end_operator
begin_operator
pour-shot-to-used-shaker shot1 ingredient3 shaker1 left l1 l2
4
0 10
1 2
3 8
38 0
3
0 12 2 3
0 21 1 2
0 36 -1 0
1
end_operator
begin_operator
pour-shot-to-used-shaker shot1 ingredient3 shaker1 left l1 l2
4
0 11
1 2
3 8
38 0
3
0 12 2 3
0 21 1 2
0 36 -1 0
1
end_operator
begin_operator
pour-shot-to-used-shaker shot1 ingredient3 shaker1 left l1 l2
3
0 0
1 2
3 8
4
0 12 2 3
0 21 1 2
0 36 1 0
0 38 1 0
1
end_operator
begin_operator
pour-shot-to-used-shaker shot1 ingredient3 shaker1 right l1 l2
6
0 0
1 0
2 2
3 8
38 0
39 0
3
0 12 2 3
0 21 1 2
0 36 -1 0
1
end_operator
begin_operator
pour-shot-to-used-shaker shot1 ingredient3 shaker1 right l1 l2
6
0 0
1 1
2 2
3 8
38 0
39 0
3
0 12 2 3
0 21 1 2
0 36 -1 0
1
end_operator
begin_operator
pour-shot-to-used-shaker shot1 ingredient3 shaker1 right l1 l2
6
0 0
1 3
2 2
3 8
38 0
39 0
3
0 12 2 3
0 21 1 2
0 36 -1 0
1
end_operator
begin_operator
pour-shot-to-used-shaker shot1 ingredient3 shaker1 right l1 l2
6
0 0
1 4
2 2
3 8
38 0
39 0
3
0 12 2 3
0 21 1 2
0 36 -1 0
1
end_operator
begin_operator
pour-shot-to-used-shaker shot1 ingredient3 shaker1 right l1 l2
6
0 0
1 5
2 2
3 8
38 0
39 0
3
0 12 2 3
0 21 1 2
0 36 -1 0
1
end_operator
begin_operator
pour-shot-to-used-shaker shot1 ingredient3 shaker1 right l1 l2
6
0 0
1 6
2 2
3 8
38 0
39 0
3
0 12 2 3
0 21 1 2
0 36 -1 0
1
end_operator
begin_operator
pour-shot-to-used-shaker shot1 ingredient3 shaker1 right l1 l2
6
0 0
1 7
2 2
3 8
38 0
39 0
3
0 12 2 3
0 21 1 2
0 36 -1 0
1
end_operator
begin_operator
pour-shot-to-used-shaker shot1 ingredient3 shaker1 right l1 l2
6
0 0
1 8
2 2
3 8
38 0
39 0
3
0 12 2 3
0 21 1 2
0 36 -1 0
1
end_operator
begin_operator
pour-shot-to-used-shaker shot1 ingredient3 shaker1 right l1 l2
6
0 0
1 9
2 2
3 8
38 0
39 0
3
0 12 2 3
0 21 1 2
0 36 -1 0
1
end_operator
begin_operator
pour-shot-to-used-shaker shot1 ingredient3 shaker1 right l1 l2
6
0 0
1 10
2 2
3 8
38 0
39 0
3
0 12 2 3
0 21 1 2
0 36 -1 0
1
end_operator
begin_operator
pour-shot-to-used-shaker shot1 ingredient3 shaker1 right l1 l2
6
0 1
1 0
2 2
3 8
38 0
39 0
3
0 12 2 3
0 21 1 2
0 36 -1 0
1
end_operator
begin_operator
pour-shot-to-used-shaker shot1 ingredient3 shaker1 right l1 l2
6
0 1
1 1
2 2
3 8
38 0
39 0
3
0 12 2 3
0 21 1 2
0 36 -1 0
1
end_operator
begin_operator
pour-shot-to-used-shaker shot1 ingredient3 shaker1 right l1 l2
6
0 1
1 3
2 2
3 8
38 0
39 0
3
0 12 2 3
0 21 1 2
0 36 -1 0
1
end_operator
begin_operator
pour-shot-to-used-shaker shot1 ingredient3 shaker1 right l1 l2
6
0 1
1 4
2 2
3 8
38 0
39 0
3
0 12 2 3
0 21 1 2
0 36 -1 0
1
end_operator
begin_operator
pour-shot-to-used-shaker shot1 ingredient3 shaker1 right l1 l2
6
0 1
1 5
2 2
3 8
38 0
39 0
3
0 12 2 3
0 21 1 2
0 36 -1 0
1
end_operator
begin_operator
pour-shot-to-used-shaker shot1 ingredient3 shaker1 right l1 l2
6
0 1
1 6
2 2
3 8
38 0
39 0
3
0 12 2 3
0 21 1 2
0 36 -1 0
1
end_operator
begin_operator
pour-shot-to-used-shaker shot1 ingredient3 shaker1 right l1 l2
6
0 1
1 7
2 2
3 8
38 0
39 0
3
0 12 2 3
0 21 1 2
0 36 -1 0
1
end_operator
begin_operator
pour-shot-to-used-shaker shot1 ingredient3 shaker1 right l1 l2
6
0 1
1 8
2 2
3 8
38 0
39 0
3
0 12 2 3
0 21 1 2
0 36 -1 0
1
end_operator
begin_operator
pour-shot-to-used-shaker shot1 ingredient3 shaker1 right l1 l2
6
0 1
1 9
2 2
3 8
38 0
39 0
3
0 12 2 3
0 21 1 2
0 36 -1 0
1
end_operator
begin_operator
pour-shot-to-used-shaker shot1 ingredient3 shaker1 right l1 l2
6
0 1
1 10
2 2
3 8
38 0
39 0
3
0 12 2 3
0 21 1 2
0 36 -1 0
1
end_operator
begin_operator
pour-shot-to-used-shaker shot1 ingredient3 shaker1 right l1 l2
6
0 2
1 0
2 2
3 8
38 0
39 0
3
0 12 2 3
0 21 1 2
0 36 -1 0
1
end_operator
begin_operator
pour-shot-to-used-shaker shot1 ingredient3 shaker1 right l1 l2
6
0 2
1 1
2 2
3 8
38 0
39 0
3
0 12 2 3
0 21 1 2
0 36 -1 0
1
end_operator
begin_operator
pour-shot-to-used-shaker shot1 ingredient3 shaker1 right l1 l2
6
0 2
1 3
2 2
3 8
38 0
39 0
3
0 12 2 3
0 21 1 2
0 36 -1 0
1
end_operator
begin_operator
pour-shot-to-used-shaker shot1 ingredient3 shaker1 right l1 l2
6
0 2
1 4
2 2
3 8
38 0
39 0
3
0 12 2 3
0 21 1 2
0 36 -1 0
1
end_operator
begin_operator
pour-shot-to-used-shaker shot1 ingredient3 shaker1 right l1 l2
6
0 2
1 5
2 2
3 8
38 0
39 0
3
0 12 2 3
0 21 1 2
0 36 -1 0
1
end_operator
begin_operator
pour-shot-to-used-shaker shot1 ingredient3 shaker1 right l1 l2
6
0 2
1 6
2 2
3 8
38 0
39 0
3
0 12 2 3
0 21 1 2
0 36 -1 0
1
end_operator
begin_operator
pour-shot-to-used-shaker shot1 ingredient3 shaker1 right l1 l2
6
0 2
1 7
2 2
3 8
38 0
39 0
3
0 12 2 3
0 21 1 2
0 36 -1 0
1
end_operator
begin_operator
pour-shot-to-used-shaker shot1 ingredient3 shaker1 right l1 l2
6
0 2
1 8
2 2
3 8
38 0
39 0
3
0 12 2 3
0 21 1 2
0 36 -1 0
1
end_operator
begin_operator
pour-shot-to-used-shaker shot1 ingredient3 shaker1 right l1 l2
6
0 2
1 9
2 2
3 8
38 0
39 0
3
0 12 2 3
0 21 1 2
0 36 -1 0
1
end_operator
begin_operator
pour-shot-to-used-shaker shot1 ingredient3 shaker1 right l1 l2
6
0 2
1 10
2 2
3 8
38 0
39 0
3
0 12 2 3
0 21 1 2
0 36 -1 0
1
end_operator
begin_operator
pour-shot-to-used-shaker shot1 ingredient3 shaker1 right l1 l2
6
0 3
1 0
2 2
3 8
38 0
39 0
3
0 12 2 3
0 21 1 2
0 36 -1 0
1
end_operator
begin_operator
pour-shot-to-used-shaker shot1 ingredient3 shaker1 right l1 l2
6
0 3
1 1
2 2
3 8
38 0
39 0
3
0 12 2 3
0 21 1 2
0 36 -1 0
1
end_operator
begin_operator
pour-shot-to-used-shaker shot1 ingredient3 shaker1 right l1 l2
6
0 3
1 3
2 2
3 8
38 0
39 0
3
0 12 2 3
0 21 1 2
0 36 -1 0
1
end_operator
begin_operator
pour-shot-to-used-shaker shot1 ingredient3 shaker1 right l1 l2
6
0 3
1 4
2 2
3 8
38 0
39 0
3
0 12 2 3
0 21 1 2
0 36 -1 0
1
end_operator
begin_operator
pour-shot-to-used-shaker shot1 ingredient3 shaker1 right l1 l2
6
0 3
1 5
2 2
3 8
38 0
39 0
3
0 12 2 3
0 21 1 2
0 36 -1 0
1
end_operator
begin_operator
pour-shot-to-used-shaker shot1 ingredient3 shaker1 right l1 l2
6
0 3
1 6
2 2
3 8
38 0
39 0
3
0 12 2 3
0 21 1 2
0 36 -1 0
1
end_operator
begin_operator
pour-shot-to-used-shaker shot1 ingredient3 shaker1 right l1 l2
6
0 3
1 7
2 2
3 8
38 0
39 0
3
0 12 2 3
0 21 1 2
0 36 -1 0
1
end_operator
begin_operator
pour-shot-to-used-shaker shot1 ingredient3 shaker1 right l1 l2
6
0 3
1 8
2 2
3 8
38 0
39 0
3
0 12 2 3
0 21 1 2
0 36 -1 0
1
end_operator
begin_operator
pour-shot-to-used-shaker shot1 ingredient3 shaker1 right l1 l2
6
0 3
1 9
2 2
3 8
38 0
39 0
3
0 12 2 3
0 21 1 2
0 36 -1 0
1
end_operator
begin_operator
pour-shot-to-used-shaker shot1 ingredient3 shaker1 right l1 l2
6
0 3
1 10
2 2
3 8
38 0
39 0
3
0 12 2 3
0 21 1 2
0 36 -1 0
1
end_operator
begin_operator
pour-shot-to-used-shaker shot1 ingredient3 shaker1 right l1 l2
6
0 4
1 0
2 2
3 8
38 0
39 0
3
0 12 2 3
0 21 1 2
0 36 -1 0
1
end_operator
begin_operator
pour-shot-to-used-shaker shot1 ingredient3 shaker1 right l1 l2
6
0 4
1 1
2 2
3 8
38 0
39 0
3
0 12 2 3
0 21 1 2
0 36 -1 0
1
end_operator
begin_operator
pour-shot-to-used-shaker shot1 ingredient3 shaker1 right l1 l2
6
0 4
1 3
2 2
3 8
38 0
39 0
3
0 12 2 3
0 21 1 2
0 36 -1 0
1
end_operator
begin_operator
pour-shot-to-used-shaker shot1 ingredient3 shaker1 right l1 l2
6
0 4
1 4
2 2
3 8
38 0
39 0
3
0 12 2 3
0 21 1 2
0 36 -1 0
1
end_operator
begin_operator
pour-shot-to-used-shaker shot1 ingredient3 shaker1 right l1 l2
6
0 4
1 5
2 2
3 8
38 0
39 0
3
0 12 2 3
0 21 1 2
0 36 -1 0
1
end_operator
begin_operator
pour-shot-to-used-shaker shot1 ingredient3 shaker1 right l1 l2
6
0 4
1 6
2 2
3 8
38 0
39 0
3
0 12 2 3
0 21 1 2
0 36 -1 0
1
end_operator
begin_operator
pour-shot-to-used-shaker shot1 ingredient3 shaker1 right l1 l2
6
0 4
1 7
2 2
3 8
38 0
39 0
3
0 12 2 3
0 21 1 2
0 36 -1 0
1
end_operator
begin_operator
pour-shot-to-used-shaker shot1 ingredient3 shaker1 right l1 l2
6
0 4
1 8
2 2
3 8
38 0
39 0
3
0 12 2 3
0 21 1 2
0 36 -1 0
1
end_operator
begin_operator
pour-shot-to-used-shaker shot1 ingredient3 shaker1 right l1 l2
6
0 4
1 9
2 2
3 8
38 0
39 0
3
0 12 2 3
0 21 1 2
0 36 -1 0
1
end_operator
begin_operator
pour-shot-to-used-shaker shot1 ingredient3 shaker1 right l1 l2
6
0 4
1 10
2 2
3 8
38 0
39 0
3
0 12 2 3
0 21 1 2
0 36 -1 0
1
end_operator
begin_operator
pour-shot-to-used-shaker shot1 ingredient3 shaker1 right l1 l2
6
0 5
1 0
2 2
3 8
38 0
39 0
3
0 12 2 3
0 21 1 2
0 36 -1 0
1
end_operator
begin_operator
pour-shot-to-used-shaker shot1 ingredient3 shaker1 right l1 l2
6
0 5
1 1
2 2
3 8
38 0
39 0
3
0 12 2 3
0 21 1 2
0 36 -1 0
1
end_operator
begin_operator
pour-shot-to-used-shaker shot1 ingredient3 shaker1 right l1 l2
6
0 5
1 3
2 2
3 8
38 0
39 0
3
0 12 2 3
0 21 1 2
0 36 -1 0
1
end_operator
begin_operator
pour-shot-to-used-shaker shot1 ingredient3 shaker1 right l1 l2
6
0 5
1 4
2 2
3 8
38 0
39 0
3
0 12 2 3
0 21 1 2
0 36 -1 0
1
end_operator
begin_operator
pour-shot-to-used-shaker shot1 ingredient3 shaker1 right l1 l2
6
0 5
1 5
2 2
3 8
38 0
39 0
3
0 12 2 3
0 21 1 2
0 36 -1 0
1
end_operator
begin_operator
pour-shot-to-used-shaker shot1 ingredient3 shaker1 right l1 l2
6
0 5
1 6
2 2
3 8
38 0
39 0
3
0 12 2 3
0 21 1 2
0 36 -1 0
1
end_operator
begin_operator
pour-shot-to-used-shaker shot1 ingredient3 shaker1 right l1 l2
6
0 5
1 7
2 2
3 8
38 0
39 0
3
0 12 2 3
0 21 1 2
0 36 -1 0
1
end_operator
begin_operator
pour-shot-to-used-shaker shot1 ingredient3 shaker1 right l1 l2
6
0 5
1 8
2 2
3 8
38 0
39 0
3
0 12 2 3
0 21 1 2
0 36 -1 0
1
end_operator
begin_operator
pour-shot-to-used-shaker shot1 ingredient3 shaker1 right l1 l2
6
0 5
1 9
2 2
3 8
38 0
39 0
3
0 12 2 3
0 21 1 2
0 36 -1 0
1
end_operator
begin_operator
pour-shot-to-used-shaker shot1 ingredient3 shaker1 right l1 l2
6
0 5
1 10
2 2
3 8
38 0
39 0
3
0 12 2 3
0 21 1 2
0 36 -1 0
1
end_operator
begin_operator
pour-shot-to-used-shaker shot1 ingredient3 shaker1 right l1 l2
6
0 6
1 0
2 2
3 8
38 0
39 0
3
0 12 2 3
0 21 1 2
0 36 -1 0
1
end_operator
begin_operator
pour-shot-to-used-shaker shot1 ingredient3 shaker1 right l1 l2
6
0 6
1 1
2 2
3 8
38 0
39 0
3
0 12 2 3
0 21 1 2
0 36 -1 0
1
end_operator
begin_operator
pour-shot-to-used-shaker shot1 ingredient3 shaker1 right l1 l2
6
0 6
1 3
2 2
3 8
38 0
39 0
3
0 12 2 3
0 21 1 2
0 36 -1 0
1
end_operator
begin_operator
pour-shot-to-used-shaker shot1 ingredient3 shaker1 right l1 l2
6
0 6
1 4
2 2
3 8
38 0
39 0
3
0 12 2 3
0 21 1 2
0 36 -1 0
1
end_operator
begin_operator
pour-shot-to-used-shaker shot1 ingredient3 shaker1 right l1 l2
6
0 6
1 5
2 2
3 8
38 0
39 0
3
0 12 2 3
0 21 1 2
0 36 -1 0
1
end_operator
begin_operator
pour-shot-to-used-shaker shot1 ingredient3 shaker1 right l1 l2
6
0 6
1 6
2 2
3 8
38 0
39 0
3
0 12 2 3
0 21 1 2
0 36 -1 0
1
end_operator
begin_operator
pour-shot-to-used-shaker shot1 ingredient3 shaker1 right l1 l2
6
0 6
1 7
2 2
3 8
38 0
39 0
3
0 12 2 3
0 21 1 2
0 36 -1 0
1
end_operator
begin_operator
pour-shot-to-used-shaker shot1 ingredient3 shaker1 right l1 l2
6
0 6
1 8
2 2
3 8
38 0
39 0
3
0 12 2 3
0 21 1 2
0 36 -1 0
1
end_operator
begin_operator
pour-shot-to-used-shaker shot1 ingredient3 shaker1 right l1 l2
6
0 6
1 9
2 2
3 8
38 0
39 0
3
0 12 2 3
0 21 1 2
0 36 -1 0
1
end_operator
begin_operator
pour-shot-to-used-shaker shot1 ingredient3 shaker1 right l1 l2
6
0 6
1 10
2 2
3 8
38 0
39 0
3
0 12 2 3
0 21 1 2
0 36 -1 0
1
end_operator
begin_operator
pour-shot-to-used-shaker shot1 ingredient3 shaker1 right l1 l2
6
0 7
1 0
2 2
3 8
38 0
39 0
3
0 12 2 3
0 21 1 2
0 36 -1 0
1
end_operator
begin_operator
pour-shot-to-used-shaker shot1 ingredient3 shaker1 right l1 l2
6
0 7
1 1
2 2
3 8
38 0
39 0
3
0 12 2 3
0 21 1 2
0 36 -1 0
1
end_operator
begin_operator
pour-shot-to-used-shaker shot1 ingredient3 shaker1 right l1 l2
6
0 7
1 3
2 2
3 8
38 0
39 0
3
0 12 2 3
0 21 1 2
0 36 -1 0
1
end_operator
begin_operator
pour-shot-to-used-shaker shot1 ingredient3 shaker1 right l1 l2
6
0 7
1 4
2 2
3 8
38 0
39 0
3
0 12 2 3
0 21 1 2
0 36 -1 0
1
end_operator
begin_operator
pour-shot-to-used-shaker shot1 ingredient3 shaker1 right l1 l2
6
0 7
1 5
2 2
3 8
38 0
39 0
3
0 12 2 3
0 21 1 2
0 36 -1 0
1
end_operator
begin_operator
pour-shot-to-used-shaker shot1 ingredient3 shaker1 right l1 l2
6
0 7
1 6
2 2
3 8
38 0
39 0
3
0 12 2 3
0 21 1 2
0 36 -1 0
1
end_operator
begin_operator
pour-shot-to-used-shaker shot1 ingredient3 shaker1 right l1 l2
6
0 7
1 7
2 2
3 8
38 0
39 0
3
0 12 2 3
0 21 1 2
0 36 -1 0
1
end_operator
begin_operator
pour-shot-to-used-shaker shot1 ingredient3 shaker1 right l1 l2
6
0 7
1 8
2 2
3 8
38 0
39 0
3
0 12 2 3
0 21 1 2
0 36 -1 0
1
end_operator
begin_operator
pour-shot-to-used-shaker shot1 ingredient3 shaker1 right l1 l2
6
0 7
1 9
2 2
3 8
38 0
39 0
3
0 12 2 3
0 21 1 2
0 36 -1 0
1
end_operator
begin_operator
pour-shot-to-used-shaker shot1 ingredient3 shaker1 right l1 l2
6
0 7
1 10
2 2
3 8
38 0
39 0
3
0 12 2 3
0 21 1 2
0 36 -1 0
1
end_operator
begin_operator
pour-shot-to-used-shaker shot1 ingredient3 shaker1 right l1 l2
6
0 8
1 0
2 2
3 8
38 0
39 0
3
0 12 2 3
0 21 1 2
0 36 -1 0
1
end_operator
begin_operator
pour-shot-to-used-shaker shot1 ingredient3 shaker1 right l1 l2
6
0 8
1 1
2 2
3 8
38 0
39 0
3
0 12 2 3
0 21 1 2
0 36 -1 0
1
end_operator
begin_operator
pour-shot-to-used-shaker shot1 ingredient3 shaker1 right l1 l2
6
0 8
1 3
2 2
3 8
38 0
39 0
3
0 12 2 3
0 21 1 2
0 36 -1 0
1
end_operator
begin_operator
pour-shot-to-used-shaker shot1 ingredient3 shaker1 right l1 l2
6
0 8
1 4
2 2
3 8
38 0
39 0
3
0 12 2 3
0 21 1 2
0 36 -1 0
1
end_operator
begin_operator
pour-shot-to-used-shaker shot1 ingredient3 shaker1 right l1 l2
6
0 8
1 5
2 2
3 8
38 0
39 0
3
0 12 2 3
0 21 1 2
0 36 -1 0
1
end_operator
begin_operator
pour-shot-to-used-shaker shot1 ingredient3 shaker1 right l1 l2
6
0 8
1 6
2 2
3 8
38 0
39 0
3
0 12 2 3
0 21 1 2
0 36 -1 0
1
end_operator
begin_operator
pour-shot-to-used-shaker shot1 ingredient3 shaker1 right l1 l2
6
0 8
1 7
2 2
3 8
38 0
39 0
3
0 12 2 3
0 21 1 2
0 36 -1 0
1
end_operator
begin_operator
pour-shot-to-used-shaker shot1 ingredient3 shaker1 right l1 l2
6
0 8
1 8
2 2
3 8
38 0
39 0
3
0 12 2 3
0 21 1 2
0 36 -1 0
1
end_operator
begin_operator
pour-shot-to-used-shaker shot1 ingredient3 shaker1 right l1 l2
6
0 8
1 9
2 2
3 8
38 0
39 0
3
0 12 2 3
0 21 1 2
0 36 -1 0
1
end_operator
begin_operator
pour-shot-to-used-shaker shot1 ingredient3 shaker1 right l1 l2
6
0 8
1 10
2 2
3 8
38 0
39 0
3
0 12 2 3
0 21 1 2
0 36 -1 0
1
end_operator
begin_operator
pour-shot-to-used-shaker shot1 ingredient3 shaker1 right l1 l2
6
0 9
1 0
2 2
3 8
38 0
39 0
3
0 12 2 3
0 21 1 2
0 36 -1 0
1
end_operator
begin_operator
pour-shot-to-used-shaker shot1 ingredient3 shaker1 right l1 l2
6
0 9
1 1
2 2
3 8
38 0
39 0
3
0 12 2 3
0 21 1 2
0 36 -1 0
1
end_operator
begin_operator
pour-shot-to-used-shaker shot1 ingredient3 shaker1 right l1 l2
6
0 9
1 3
2 2
3 8
38 0
39 0
3
0 12 2 3
0 21 1 2
0 36 -1 0
1
end_operator
begin_operator
pour-shot-to-used-shaker shot1 ingredient3 shaker1 right l1 l2
6
0 9
1 4
2 2
3 8
38 0
39 0
3
0 12 2 3
0 21 1 2
0 36 -1 0
1
end_operator
begin_operator
pour-shot-to-used-shaker shot1 ingredient3 shaker1 right l1 l2
6
0 9
1 5
2 2
3 8
38 0
39 0
3
0 12 2 3
0 21 1 2
0 36 -1 0
1
end_operator
begin_operator
pour-shot-to-used-shaker shot1 ingredient3 shaker1 right l1 l2
6
0 9
1 6
2 2
3 8
38 0
39 0
3
0 12 2 3
0 21 1 2
0 36 -1 0
1
end_operator
begin_operator
pour-shot-to-used-shaker shot1 ingredient3 shaker1 right l1 l2
6
0 9
1 7
2 2
3 8
38 0
39 0
3
0 12 2 3
0 21 1 2
0 36 -1 0
1
end_operator
begin_operator
pour-shot-to-used-shaker shot1 ingredient3 shaker1 right l1 l2
6
0 9
1 8
2 2
3 8
38 0
39 0
3
0 12 2 3
0 21 1 2
0 36 -1 0
1
end_operator
begin_operator
pour-shot-to-used-shaker shot1 ingredient3 shaker1 right l1 l2
6
0 9
1 9
2 2
3 8
38 0
39 0
3
0 12 2 3
0 21 1 2
0 36 -1 0
1
end_operator
begin_operator
pour-shot-to-used-shaker shot1 ingredient3 shaker1 right l1 l2
6
0 9
1 10
2 2
3 8
38 0
39 0
3
0 12 2 3
0 21 1 2
0 36 -1 0
1
end_operator
begin_operator
pour-shot-to-used-shaker shot1 ingredient3 shaker1 right l1 l2
6
0 10
1 0
2 2
3 8
38 0
39 0
3
0 12 2 3
0 21 1 2
0 36 -1 0
1
end_operator
begin_operator
pour-shot-to-used-shaker shot1 ingredient3 shaker1 right l1 l2
6
0 10
1 1
2 2
3 8
38 0
39 0
3
0 12 2 3
0 21 1 2
0 36 -1 0
1
end_operator
begin_operator
pour-shot-to-used-shaker shot1 ingredient3 shaker1 right l1 l2
6
0 10
1 3
2 2
3 8
38 0
39 0
3
0 12 2 3
0 21 1 2
0 36 -1 0
1
end_operator
begin_operator
pour-shot-to-used-shaker shot1 ingredient3 shaker1 right l1 l2
6
0 10
1 4
2 2
3 8
38 0
39 0
3
0 12 2 3
0 21 1 2
0 36 -1 0
1
end_operator
begin_operator
pour-shot-to-used-shaker shot1 ingredient3 shaker1 right l1 l2
6
0 10
1 5
2 2
3 8
38 0
39 0
3
0 12 2 3
0 21 1 2
0 36 -1 0
1
end_operator
begin_operator
pour-shot-to-used-shaker shot1 ingredient3 shaker1 right l1 l2
6
0 10
1 6
2 2
3 8
38 0
39 0
3
0 12 2 3
0 21 1 2
0 36 -1 0
1
end_operator
begin_operator
pour-shot-to-used-shaker shot1 ingredient3 shaker1 right l1 l2
6
0 10
1 7
2 2
3 8
38 0
39 0
3
0 12 2 3
0 21 1 2
0 36 -1 0
1
end_operator
begin_operator
pour-shot-to-used-shaker shot1 ingredient3 shaker1 right l1 l2
6
0 10
1 8
2 2
3 8
38 0
39 0
3
0 12 2 3
0 21 1 2
0 36 -1 0
1
end_operator
begin_operator
pour-shot-to-used-shaker shot1 ingredient3 shaker1 right l1 l2
6
0 10
1 9
2 2
3 8
38 0
39 0
3
0 12 2 3
0 21 1 2
0 36 -1 0
1
end_operator
begin_operator
pour-shot-to-used-shaker shot1 ingredient3 shaker1 right l1 l2
6
0 10
1 10
2 2
3 8
38 0
39 0
3
0 12 2 3
0 21 1 2
0 36 -1 0
1
end_operator
begin_operator
pour-shot-to-used-shaker shot1 ingredient3 shaker1 right l1 l2
6
0 11
1 0
2 2
3 8
38 0
39 0
3
0 12 2 3
0 21 1 2
0 36 -1 0
1
end_operator
begin_operator
pour-shot-to-used-shaker shot1 ingredient3 shaker1 right l1 l2
6
0 11
1 1
2 2
3 8
38 0
39 0
3
0 12 2 3
0 21 1 2
0 36 -1 0
1
end_operator
begin_operator
pour-shot-to-used-shaker shot1 ingredient3 shaker1 right l1 l2
6
0 11
1 3
2 2
3 8
38 0
39 0
3
0 12 2 3
0 21 1 2
0 36 -1 0
1
end_operator
begin_operator
pour-shot-to-used-shaker shot1 ingredient3 shaker1 right l1 l2
6
0 11
1 4
2 2
3 8
38 0
39 0
3
0 12 2 3
0 21 1 2
0 36 -1 0
1
end_operator
begin_operator
pour-shot-to-used-shaker shot1 ingredient3 shaker1 right l1 l2
6
0 11
1 5
2 2
3 8
38 0
39 0
3
0 12 2 3
0 21 1 2
0 36 -1 0
1
end_operator
begin_operator
pour-shot-to-used-shaker shot1 ingredient3 shaker1 right l1 l2
6
0 11
1 6
2 2
3 8
38 0
39 0
3
0 12 2 3
0 21 1 2
0 36 -1 0
1
end_operator
begin_operator
pour-shot-to-used-shaker shot1 ingredient3 shaker1 right l1 l2
6
0 11
1 7
2 2
3 8
38 0
39 0
3
0 12 2 3
0 21 1 2
0 36 -1 0
1
end_operator
begin_operator
pour-shot-to-used-shaker shot1 ingredient3 shaker1 right l1 l2
6
0 11
1 8
2 2
3 8
38 0
39 0
3
0 12 2 3
0 21 1 2
0 36 -1 0
1
end_operator
begin_operator
pour-shot-to-used-shaker shot1 ingredient3 shaker1 right l1 l2
6
0 11
1 9
2 2
3 8
38 0
39 0
3
0 12 2 3
0 21 1 2
0 36 -1 0
1
end_operator
begin_operator
pour-shot-to-used-shaker shot1 ingredient3 shaker1 right l1 l2
6
0 11
1 10
2 2
3 8
38 0
39 0
3
0 12 2 3
0 21 1 2
0 36 -1 0
1
end_operator
begin_operator
pour-shot-to-used-shaker shot1 ingredient3 shaker1 right l1 l2
5
0 0
1 1
2 2
3 8
39 0
4
0 12 2 3
0 21 1 2
0 36 1 0
0 38 1 0
1
end_operator
begin_operator
pour-shot-to-used-shaker shot1 ingredient3 shaker1 right l1 l2
5
0 0
1 3
2 2
3 8
39 0
4
0 12 2 3
0 21 1 2
0 36 1 0
0 38 1 0
1
end_operator
begin_operator
pour-shot-to-used-shaker shot1 ingredient3 shaker1 right l1 l2
5
0 0
1 4
2 2
3 8
39 0
4
0 12 2 3
0 21 1 2
0 36 1 0
0 38 1 0
1
end_operator
begin_operator
pour-shot-to-used-shaker shot1 ingredient3 shaker1 right l1 l2
5
0 0
1 5
2 2
3 8
39 0
4
0 12 2 3
0 21 1 2
0 36 1 0
0 38 1 0
1
end_operator
begin_operator
pour-shot-to-used-shaker shot1 ingredient3 shaker1 right l1 l2
5
0 0
1 6
2 2
3 8
39 0
4
0 12 2 3
0 21 1 2
0 36 1 0
0 38 1 0
1
end_operator
begin_operator
pour-shot-to-used-shaker shot1 ingredient3 shaker1 right l1 l2
5
0 0
1 7
2 2
3 8
39 0
4
0 12 2 3
0 21 1 2
0 36 1 0
0 38 1 0
1
end_operator
begin_operator
pour-shot-to-used-shaker shot1 ingredient3 shaker1 right l1 l2
5
0 0
1 8
2 2
3 8
39 0
4
0 12 2 3
0 21 1 2
0 36 1 0
0 38 1 0
1
end_operator
begin_operator
pour-shot-to-used-shaker shot1 ingredient3 shaker1 right l1 l2
5
0 0
1 9
2 2
3 8
39 0
4
0 12 2 3
0 21 1 2
0 36 1 0
0 38 1 0
1
end_operator
begin_operator
pour-shot-to-used-shaker shot1 ingredient3 shaker1 right l1 l2
5
0 0
1 10
2 2
3 8
39 0
4
0 12 2 3
0 21 1 2
0 36 1 0
0 38 1 0
1
end_operator
begin_operator
pour-shot-to-used-shaker shot1 ingredient3 shaker1 right l1 l2
4
0 0
1 0
2 2
3 8
5
0 12 2 3
0 21 1 2
0 36 1 0
0 38 1 0
0 39 1 0
1
end_operator
begin_operator
pour-shot-to-used-shaker shot2 ingredient1 shaker1 left l1 l2
2
1 3
3 8
3
0 13 0 3
0 21 1 2
0 34 -1 0
1
end_operator
begin_operator
pour-shot-to-used-shaker shot2 ingredient1 shaker1 right l1 l2
2
2 3
3 8
3
0 13 0 3
0 21 1 2
0 34 -1 0
1
end_operator
begin_operator
pour-shot-to-used-shaker shot2 ingredient2 shaker1 left l1 l2
2
1 3
3 8
3
0 13 1 3
0 21 1 2
0 35 -1 0
1
end_operator
begin_operator
pour-shot-to-used-shaker shot2 ingredient2 shaker1 right l1 l2
2
2 3
3 8
3
0 13 1 3
0 21 1 2
0 35 -1 0
1
end_operator
begin_operator
pour-shot-to-used-shaker shot2 ingredient3 shaker1 left l1 l2
4
0 0
1 3
3 8
38 0
3
0 13 2 3
0 21 1 2
0 36 -1 0
1
end_operator
begin_operator
pour-shot-to-used-shaker shot2 ingredient3 shaker1 left l1 l2
4
0 1
1 3
3 8
38 0
3
0 13 2 3
0 21 1 2
0 36 -1 0
1
end_operator
begin_operator
pour-shot-to-used-shaker shot2 ingredient3 shaker1 left l1 l2
4
0 2
1 3
3 8
38 0
3
0 13 2 3
0 21 1 2
0 36 -1 0
1
end_operator
begin_operator
pour-shot-to-used-shaker shot2 ingredient3 shaker1 left l1 l2
4
0 3
1 3
3 8
38 0
3
0 13 2 3
0 21 1 2
0 36 -1 0
1
end_operator
begin_operator
pour-shot-to-used-shaker shot2 ingredient3 shaker1 left l1 l2
4
0 4
1 3
3 8
38 0
3
0 13 2 3
0 21 1 2
0 36 -1 0
1
end_operator
begin_operator
pour-shot-to-used-shaker shot2 ingredient3 shaker1 left l1 l2
4
0 5
1 3
3 8
38 0
3
0 13 2 3
0 21 1 2
0 36 -1 0
1
end_operator
begin_operator
pour-shot-to-used-shaker shot2 ingredient3 shaker1 left l1 l2
4
0 6
1 3
3 8
38 0
3
0 13 2 3
0 21 1 2
0 36 -1 0
1
end_operator
begin_operator
pour-shot-to-used-shaker shot2 ingredient3 shaker1 left l1 l2
4
0 7
1 3
3 8
38 0
3
0 13 2 3
0 21 1 2
0 36 -1 0
1
end_operator
begin_operator
pour-shot-to-used-shaker shot2 ingredient3 shaker1 left l1 l2
4
0 8
1 3
3 8
38 0
3
0 13 2 3
0 21 1 2
0 36 -1 0
1
end_operator
begin_operator
pour-shot-to-used-shaker shot2 ingredient3 shaker1 left l1 l2
4
0 9
1 3
3 8
38 0
3
0 13 2 3
0 21 1 2
0 36 -1 0
1
end_operator
begin_operator
pour-shot-to-used-shaker shot2 ingredient3 shaker1 left l1 l2
4
0 10
1 3
3 8
38 0
3
0 13 2 3
0 21 1 2
0 36 -1 0
1
end_operator
begin_operator
pour-shot-to-used-shaker shot2 ingredient3 shaker1 left l1 l2
4
0 11
1 3
3 8
38 0
3
0 13 2 3
0 21 1 2
0 36 -1 0
1
end_operator
begin_operator
pour-shot-to-used-shaker shot2 ingredient3 shaker1 left l1 l2
3
0 0
1 3
3 8
4
0 13 2 3
0 21 1 2
0 36 1 0
0 38 1 0
1
end_operator
begin_operator
pour-shot-to-used-shaker shot2 ingredient3 shaker1 right l1 l2
6
0 0
1 0
2 3
3 8
38 0
39 0
3
0 13 2 3
0 21 1 2
0 36 -1 0
1
end_operator
begin_operator
pour-shot-to-used-shaker shot2 ingredient3 shaker1 right l1 l2
6
0 0
1 1
2 3
3 8
38 0
39 0
3
0 13 2 3
0 21 1 2
0 36 -1 0
1
end_operator
begin_operator
pour-shot-to-used-shaker shot2 ingredient3 shaker1 right l1 l2
6
0 0
1 2
2 3
3 8
38 0
39 0
3
0 13 2 3
0 21 1 2
0 36 -1 0
1
end_operator
begin_operator
pour-shot-to-used-shaker shot2 ingredient3 shaker1 right l1 l2
6
0 0
1 4
2 3
3 8
38 0
39 0
3
0 13 2 3
0 21 1 2
0 36 -1 0
1
end_operator
begin_operator
pour-shot-to-used-shaker shot2 ingredient3 shaker1 right l1 l2
6
0 0
1 5
2 3
3 8
38 0
39 0
3
0 13 2 3
0 21 1 2
0 36 -1 0
1
end_operator
begin_operator
pour-shot-to-used-shaker shot2 ingredient3 shaker1 right l1 l2
6
0 0
1 6
2 3
3 8
38 0
39 0
3
0 13 2 3
0 21 1 2
0 36 -1 0
1
end_operator
begin_operator
pour-shot-to-used-shaker shot2 ingredient3 shaker1 right l1 l2
6
0 0
1 7
2 3
3 8
38 0
39 0
3
0 13 2 3
0 21 1 2
0 36 -1 0
1
end_operator
begin_operator
pour-shot-to-used-shaker shot2 ingredient3 shaker1 right l1 l2
6
0 0
1 8
2 3
3 8
38 0
39 0
3
0 13 2 3
0 21 1 2
0 36 -1 0
1
end_operator
begin_operator
pour-shot-to-used-shaker shot2 ingredient3 shaker1 right l1 l2
6
0 0
1 9
2 3
3 8
38 0
39 0
3
0 13 2 3
0 21 1 2
0 36 -1 0
1
end_operator
begin_operator
pour-shot-to-used-shaker shot2 ingredient3 shaker1 right l1 l2
6
0 0
1 10
2 3
3 8
38 0
39 0
3
0 13 2 3
0 21 1 2
0 36 -1 0
1
end_operator
begin_operator
pour-shot-to-used-shaker shot2 ingredient3 shaker1 right l1 l2
6
0 1
1 0
2 3
3 8
38 0
39 0
3
0 13 2 3
0 21 1 2
0 36 -1 0
1
end_operator
begin_operator
pour-shot-to-used-shaker shot2 ingredient3 shaker1 right l1 l2
6
0 1
1 1
2 3
3 8
38 0
39 0
3
0 13 2 3
0 21 1 2
0 36 -1 0
1
end_operator
begin_operator
pour-shot-to-used-shaker shot2 ingredient3 shaker1 right l1 l2
6
0 1
1 2
2 3
3 8
38 0
39 0
3
0 13 2 3
0 21 1 2
0 36 -1 0
1
end_operator
begin_operator
pour-shot-to-used-shaker shot2 ingredient3 shaker1 right l1 l2
6
0 1
1 4
2 3
3 8
38 0
39 0
3
0 13 2 3
0 21 1 2
0 36 -1 0
1
end_operator
begin_operator
pour-shot-to-used-shaker shot2 ingredient3 shaker1 right l1 l2
6
0 1
1 5
2 3
3 8
38 0
39 0
3
0 13 2 3
0 21 1 2
0 36 -1 0
1
end_operator
begin_operator
pour-shot-to-used-shaker shot2 ingredient3 shaker1 right l1 l2
6
0 1
1 6
2 3
3 8
38 0
39 0
3
0 13 2 3
0 21 1 2
0 36 -1 0
1
end_operator
begin_operator
pour-shot-to-used-shaker shot2 ingredient3 shaker1 right l1 l2
6
0 1
1 7
2 3
3 8
38 0
39 0
3
0 13 2 3
0 21 1 2
0 36 -1 0
1
end_operator
begin_operator
pour-shot-to-used-shaker shot2 ingredient3 shaker1 right l1 l2
6
0 1
1 8
2 3
3 8
38 0
39 0
3
0 13 2 3
0 21 1 2
0 36 -1 0
1
end_operator
begin_operator
pour-shot-to-used-shaker shot2 ingredient3 shaker1 right l1 l2
6
0 1
1 9
2 3
3 8
38 0
39 0
3
0 13 2 3
0 21 1 2
0 36 -1 0
1
end_operator
begin_operator
pour-shot-to-used-shaker shot2 ingredient3 shaker1 right l1 l2
6
0 1
1 10
2 3
3 8
38 0
39 0
3
0 13 2 3
0 21 1 2
0 36 -1 0
1
end_operator
begin_operator
pour-shot-to-used-shaker shot2 ingredient3 shaker1 right l1 l2
6
0 2
1 0
2 3
3 8
38 0
39 0
3
0 13 2 3
0 21 1 2
0 36 -1 0
1
end_operator
begin_operator
pour-shot-to-used-shaker shot2 ingredient3 shaker1 right l1 l2
6
0 2
1 1
2 3
3 8
38 0
39 0
3
0 13 2 3
0 21 1 2
0 36 -1 0
1
end_operator
begin_operator
pour-shot-to-used-shaker shot2 ingredient3 shaker1 right l1 l2
6
0 2
1 2
2 3
3 8
38 0
39 0
3
0 13 2 3
0 21 1 2
0 36 -1 0
1
end_operator
begin_operator
pour-shot-to-used-shaker shot2 ingredient3 shaker1 right l1 l2
6
0 2
1 4
2 3
3 8
38 0
39 0
3
0 13 2 3
0 21 1 2
0 36 -1 0
1
end_operator
begin_operator
pour-shot-to-used-shaker shot2 ingredient3 shaker1 right l1 l2
6
0 2
1 5
2 3
3 8
38 0
39 0
3
0 13 2 3
0 21 1 2
0 36 -1 0
1
end_operator
begin_operator
pour-shot-to-used-shaker shot2 ingredient3 shaker1 right l1 l2
6
0 2
1 6
2 3
3 8
38 0
39 0
3
0 13 2 3
0 21 1 2
0 36 -1 0
1
end_operator
begin_operator
pour-shot-to-used-shaker shot2 ingredient3 shaker1 right l1 l2
6
0 2
1 7
2 3
3 8
38 0
39 0
3
0 13 2 3
0 21 1 2
0 36 -1 0
1
end_operator
begin_operator
pour-shot-to-used-shaker shot2 ingredient3 shaker1 right l1 l2
6
0 2
1 8
2 3
3 8
38 0
39 0
3
0 13 2 3
0 21 1 2
0 36 -1 0
1
end_operator
begin_operator
pour-shot-to-used-shaker shot2 ingredient3 shaker1 right l1 l2
6
0 2
1 9
2 3
3 8
38 0
39 0
3
0 13 2 3
0 21 1 2
0 36 -1 0
1
end_operator
begin_operator
pour-shot-to-used-shaker shot2 ingredient3 shaker1 right l1 l2
6
0 2
1 10
2 3
3 8
38 0
39 0
3
0 13 2 3
0 21 1 2
0 36 -1 0
1
end_operator
begin_operator
pour-shot-to-used-shaker shot2 ingredient3 shaker1 right l1 l2
6
0 3
1 0
2 3
3 8
38 0
39 0
3
0 13 2 3
0 21 1 2
0 36 -1 0
1
end_operator
begin_operator
pour-shot-to-used-shaker shot2 ingredient3 shaker1 right l1 l2
6
0 3
1 1
2 3
3 8
38 0
39 0
3
0 13 2 3
0 21 1 2
0 36 -1 0
1
end_operator
begin_operator
pour-shot-to-used-shaker shot2 ingredient3 shaker1 right l1 l2
6
0 3
1 2
2 3
3 8
38 0
39 0
3
0 13 2 3
0 21 1 2
0 36 -1 0
1
end_operator
begin_operator
pour-shot-to-used-shaker shot2 ingredient3 shaker1 right l1 l2
6
0 3
1 4
2 3
3 8
38 0
39 0
3
0 13 2 3
0 21 1 2
0 36 -1 0
1
end_operator
begin_operator
pour-shot-to-used-shaker shot2 ingredient3 shaker1 right l1 l2
6
0 3
1 5
2 3
3 8
38 0
39 0
3
0 13 2 3
0 21 1 2
0 36 -1 0
1
end_operator
begin_operator
pour-shot-to-used-shaker shot2 ingredient3 shaker1 right l1 l2
6
0 3
1 6
2 3
3 8
38 0
39 0
3
0 13 2 3
0 21 1 2
0 36 -1 0
1
end_operator
begin_operator
pour-shot-to-used-shaker shot2 ingredient3 shaker1 right l1 l2
6
0 3
1 7
2 3
3 8
38 0
39 0
3
0 13 2 3
0 21 1 2
0 36 -1 0
1
end_operator
begin_operator
pour-shot-to-used-shaker shot2 ingredient3 shaker1 right l1 l2
6
0 3
1 8
2 3
3 8
38 0
39 0
3
0 13 2 3
0 21 1 2
0 36 -1 0
1
end_operator
begin_operator
pour-shot-to-used-shaker shot2 ingredient3 shaker1 right l1 l2
6
0 3
1 9
2 3
3 8
38 0
39 0
3
0 13 2 3
0 21 1 2
0 36 -1 0
1
end_operator
begin_operator
pour-shot-to-used-shaker shot2 ingredient3 shaker1 right l1 l2
6
0 3
1 10
2 3
3 8
38 0
39 0
3
0 13 2 3
0 21 1 2
0 36 -1 0
1
end_operator
begin_operator
pour-shot-to-used-shaker shot2 ingredient3 shaker1 right l1 l2
6
0 4
1 0
2 3
3 8
38 0
39 0
3
0 13 2 3
0 21 1 2
0 36 -1 0
1
end_operator
begin_operator
pour-shot-to-used-shaker shot2 ingredient3 shaker1 right l1 l2
6
0 4
1 1
2 3
3 8
38 0
39 0
3
0 13 2 3
0 21 1 2
0 36 -1 0
1
end_operator
begin_operator
pour-shot-to-used-shaker shot2 ingredient3 shaker1 right l1 l2
6
0 4
1 2
2 3
3 8
38 0
39 0
3
0 13 2 3
0 21 1 2
0 36 -1 0
1
end_operator
begin_operator
pour-shot-to-used-shaker shot2 ingredient3 shaker1 right l1 l2
6
0 4
1 4
2 3
3 8
38 0
39 0
3
0 13 2 3
0 21 1 2
0 36 -1 0
1
end_operator
begin_operator
pour-shot-to-used-shaker shot2 ingredient3 shaker1 right l1 l2
6
0 4
1 5
2 3
3 8
38 0
39 0
3
0 13 2 3
0 21 1 2
0 36 -1 0
1
end_operator
begin_operator
pour-shot-to-used-shaker shot2 ingredient3 shaker1 right l1 l2
6
0 4
1 6
2 3
3 8
38 0
39 0
3
0 13 2 3
0 21 1 2
0 36 -1 0
1
end_operator
begin_operator
pour-shot-to-used-shaker shot2 ingredient3 shaker1 right l1 l2
6
0 4
1 7
2 3
3 8
38 0
39 0
3
0 13 2 3
0 21 1 2
0 36 -1 0
1
end_operator
begin_operator
pour-shot-to-used-shaker shot2 ingredient3 shaker1 right l1 l2
6
0 4
1 8
2 3
3 8
38 0
39 0
3
0 13 2 3
0 21 1 2
0 36 -1 0
1
end_operator
begin_operator
pour-shot-to-used-shaker shot2 ingredient3 shaker1 right l1 l2
6
0 4
1 9
2 3
3 8
38 0
39 0
3
0 13 2 3
0 21 1 2
0 36 -1 0
1
end_operator
begin_operator
pour-shot-to-used-shaker shot2 ingredient3 shaker1 right l1 l2
6
0 4
1 10
2 3
3 8
38 0
39 0
3
0 13 2 3
0 21 1 2
0 36 -1 0
1
end_operator
begin_operator
pour-shot-to-used-shaker shot2 ingredient3 shaker1 right l1 l2
6
0 5
1 0
2 3
3 8
38 0
39 0
3
0 13 2 3
0 21 1 2
0 36 -1 0
1
end_operator
begin_operator
pour-shot-to-used-shaker shot2 ingredient3 shaker1 right l1 l2
6
0 5
1 1
2 3
3 8
38 0
39 0
3
0 13 2 3
0 21 1 2
0 36 -1 0
1
end_operator
begin_operator
pour-shot-to-used-shaker shot2 ingredient3 shaker1 right l1 l2
6
0 5
1 2
2 3
3 8
38 0
39 0
3
0 13 2 3
0 21 1 2
0 36 -1 0
1
end_operator
begin_operator
pour-shot-to-used-shaker shot2 ingredient3 shaker1 right l1 l2
6
0 5
1 4
2 3
3 8
38 0
39 0
3
0 13 2 3
0 21 1 2
0 36 -1 0
1
end_operator
begin_operator
pour-shot-to-used-shaker shot2 ingredient3 shaker1 right l1 l2
6
0 5
1 5
2 3
3 8
38 0
39 0
3
0 13 2 3
0 21 1 2
0 36 -1 0
1
end_operator
begin_operator
pour-shot-to-used-shaker shot2 ingredient3 shaker1 right l1 l2
6
0 5
1 6
2 3
3 8
38 0
39 0
3
0 13 2 3
0 21 1 2
0 36 -1 0
1
end_operator
begin_operator
pour-shot-to-used-shaker shot2 ingredient3 shaker1 right l1 l2
6
0 5
1 7
2 3
3 8
38 0
39 0
3
0 13 2 3
0 21 1 2
0 36 -1 0
1
end_operator
begin_operator
pour-shot-to-used-shaker shot2 ingredient3 shaker1 right l1 l2
6
0 5
1 8
2 3
3 8
38 0
39 0
3
0 13 2 3
0 21 1 2
0 36 -1 0
1
end_operator
begin_operator
pour-shot-to-used-shaker shot2 ingredient3 shaker1 right l1 l2
6
0 5
1 9
2 3
3 8
38 0
39 0
3
0 13 2 3
0 21 1 2
0 36 -1 0
1
end_operator
begin_operator
pour-shot-to-used-shaker shot2 ingredient3 shaker1 right l1 l2
6
0 5
1 10
2 3
3 8
38 0
39 0
3
0 13 2 3
0 21 1 2
0 36 -1 0
1
end_operator
begin_operator
pour-shot-to-used-shaker shot2 ingredient3 shaker1 right l1 l2
6
0 6
1 0
2 3
3 8
38 0
39 0
3
0 13 2 3
0 21 1 2
0 36 -1 0
1
end_operator
begin_operator
pour-shot-to-used-shaker shot2 ingredient3 shaker1 right l1 l2
6
0 6
1 1
2 3
3 8
38 0
39 0
3
0 13 2 3
0 21 1 2
0 36 -1 0
1
end_operator
begin_operator
pour-shot-to-used-shaker shot2 ingredient3 shaker1 right l1 l2
6
0 6
1 2
2 3
3 8
38 0
39 0
3
0 13 2 3
0 21 1 2
0 36 -1 0
1
end_operator
begin_operator
pour-shot-to-used-shaker shot2 ingredient3 shaker1 right l1 l2
6
0 6
1 4
2 3
3 8
38 0
39 0
3
0 13 2 3
0 21 1 2
0 36 -1 0
1
end_operator
begin_operator
pour-shot-to-used-shaker shot2 ingredient3 shaker1 right l1 l2
6
0 6
1 5
2 3
3 8
38 0
39 0
3
0 13 2 3
0 21 1 2
0 36 -1 0
1
end_operator
begin_operator
pour-shot-to-used-shaker shot2 ingredient3 shaker1 right l1 l2
6
0 6
1 6
2 3
3 8
38 0
39 0
3
0 13 2 3
0 21 1 2
0 36 -1 0
1
end_operator
begin_operator
pour-shot-to-used-shaker shot2 ingredient3 shaker1 right l1 l2
6
0 6
1 7
2 3
3 8
38 0
39 0
3
0 13 2 3
0 21 1 2
0 36 -1 0
1
end_operator
begin_operator
pour-shot-to-used-shaker shot2 ingredient3 shaker1 right l1 l2
6
0 6
1 8
2 3
3 8
38 0
39 0
3
0 13 2 3
0 21 1 2
0 36 -1 0
1
end_operator
begin_operator
pour-shot-to-used-shaker shot2 ingredient3 shaker1 right l1 l2
6
0 6
1 9
2 3
3 8
38 0
39 0
3
0 13 2 3
0 21 1 2
0 36 -1 0
1
end_operator
begin_operator
pour-shot-to-used-shaker shot2 ingredient3 shaker1 right l1 l2
6
0 6
1 10
2 3
3 8
38 0
39 0
3
0 13 2 3
0 21 1 2
0 36 -1 0
1
end_operator
begin_operator
pour-shot-to-used-shaker shot2 ingredient3 shaker1 right l1 l2
6
0 7
1 0
2 3
3 8
38 0
39 0
3
0 13 2 3
0 21 1 2
0 36 -1 0
1
end_operator
begin_operator
pour-shot-to-used-shaker shot2 ingredient3 shaker1 right l1 l2
6
0 7
1 1
2 3
3 8
38 0
39 0
3
0 13 2 3
0 21 1 2
0 36 -1 0
1
end_operator
begin_operator
pour-shot-to-used-shaker shot2 ingredient3 shaker1 right l1 l2
6
0 7
1 2
2 3
3 8
38 0
39 0
3
0 13 2 3
0 21 1 2
0 36 -1 0
1
end_operator
begin_operator
pour-shot-to-used-shaker shot2 ingredient3 shaker1 right l1 l2
6
0 7
1 4
2 3
3 8
38 0
39 0
3
0 13 2 3
0 21 1 2
0 36 -1 0
1
end_operator
begin_operator
pour-shot-to-used-shaker shot2 ingredient3 shaker1 right l1 l2
6
0 7
1 5
2 3
3 8
38 0
39 0
3
0 13 2 3
0 21 1 2
0 36 -1 0
1
end_operator
begin_operator
pour-shot-to-used-shaker shot2 ingredient3 shaker1 right l1 l2
6
0 7
1 6
2 3
3 8
38 0
39 0
3
0 13 2 3
0 21 1 2
0 36 -1 0
1
end_operator
begin_operator
pour-shot-to-used-shaker shot2 ingredient3 shaker1 right l1 l2
6
0 7
1 7
2 3
3 8
38 0
39 0
3
0 13 2 3
0 21 1 2
0 36 -1 0
1
end_operator
begin_operator
pour-shot-to-used-shaker shot2 ingredient3 shaker1 right l1 l2
6
0 7
1 8
2 3
3 8
38 0
39 0
3
0 13 2 3
0 21 1 2
0 36 -1 0
1
end_operator
begin_operator
pour-shot-to-used-shaker shot2 ingredient3 shaker1 right l1 l2
6
0 7
1 9
2 3
3 8
38 0
39 0
3
0 13 2 3
0 21 1 2
0 36 -1 0
1
end_operator
begin_operator
pour-shot-to-used-shaker shot2 ingredient3 shaker1 right l1 l2
6
0 7
1 10
2 3
3 8
38 0
39 0
3
0 13 2 3
0 21 1 2
0 36 -1 0
1
end_operator
begin_operator
pour-shot-to-used-shaker shot2 ingredient3 shaker1 right l1 l2
6
0 8
1 0
2 3
3 8
38 0
39 0
3
0 13 2 3
0 21 1 2
0 36 -1 0
1
end_operator
begin_operator
pour-shot-to-used-shaker shot2 ingredient3 shaker1 right l1 l2
6
0 8
1 1
2 3
3 8
38 0
39 0
3
0 13 2 3
0 21 1 2
0 36 -1 0
1
end_operator
begin_operator
pour-shot-to-used-shaker shot2 ingredient3 shaker1 right l1 l2
6
0 8
1 2
2 3
3 8
38 0
39 0
3
0 13 2 3
0 21 1 2
0 36 -1 0
1
end_operator
begin_operator
pour-shot-to-used-shaker shot2 ingredient3 shaker1 right l1 l2
6
0 8
1 4
2 3
3 8
38 0
39 0
3
0 13 2 3
0 21 1 2
0 36 -1 0
1
end_operator
begin_operator
pour-shot-to-used-shaker shot2 ingredient3 shaker1 right l1 l2
6
0 8
1 5
2 3
3 8
38 0
39 0
3
0 13 2 3
0 21 1 2
0 36 -1 0
1
end_operator
begin_operator
pour-shot-to-used-shaker shot2 ingredient3 shaker1 right l1 l2
6
0 8
1 6
2 3
3 8
38 0
39 0
3
0 13 2 3
0 21 1 2
0 36 -1 0
1
end_operator
begin_operator
pour-shot-to-used-shaker shot2 ingredient3 shaker1 right l1 l2
6
0 8
1 7
2 3
3 8
38 0
39 0
3
0 13 2 3
0 21 1 2
0 36 -1 0
1
end_operator
begin_operator
pour-shot-to-used-shaker shot2 ingredient3 shaker1 right l1 l2
6
0 8
1 8
2 3
3 8
38 0
39 0
3
0 13 2 3
0 21 1 2
0 36 -1 0
1
end_operator
begin_operator
pour-shot-to-used-shaker shot2 ingredient3 shaker1 right l1 l2
6
0 8
1 9
2 3
3 8
38 0
39 0
3
0 13 2 3
0 21 1 2
0 36 -1 0
1
end_operator
begin_operator
pour-shot-to-used-shaker shot2 ingredient3 shaker1 right l1 l2
6
0 8
1 10
2 3
3 8
38 0
39 0
3
0 13 2 3
0 21 1 2
0 36 -1 0
1
end_operator
begin_operator
pour-shot-to-used-shaker shot2 ingredient3 shaker1 right l1 l2
6
0 9
1 0
2 3
3 8
38 0
39 0
3
0 13 2 3
0 21 1 2
0 36 -1 0
1
end_operator
begin_operator
pour-shot-to-used-shaker shot2 ingredient3 shaker1 right l1 l2
6
0 9
1 1
2 3
3 8
38 0
39 0
3
0 13 2 3
0 21 1 2
0 36 -1 0
1
end_operator
begin_operator
pour-shot-to-used-shaker shot2 ingredient3 shaker1 right l1 l2
6
0 9
1 2
2 3
3 8
38 0
39 0
3
0 13 2 3
0 21 1 2
0 36 -1 0
1
end_operator
begin_operator
pour-shot-to-used-shaker shot2 ingredient3 shaker1 right l1 l2
6
0 9
1 4
2 3
3 8
38 0
39 0
3
0 13 2 3
0 21 1 2
0 36 -1 0
1
end_operator
begin_operator
pour-shot-to-used-shaker shot2 ingredient3 shaker1 right l1 l2
6
0 9
1 5
2 3
3 8
38 0
39 0
3
0 13 2 3
0 21 1 2
0 36 -1 0
1
end_operator
begin_operator
pour-shot-to-used-shaker shot2 ingredient3 shaker1 right l1 l2
6
0 9
1 6
2 3
3 8
38 0
39 0
3
0 13 2 3
0 21 1 2
0 36 -1 0
1
end_operator
begin_operator
pour-shot-to-used-shaker shot2 ingredient3 shaker1 right l1 l2
6
0 9
1 7
2 3
3 8
38 0
39 0
3
0 13 2 3
0 21 1 2
0 36 -1 0
1
end_operator
begin_operator
pour-shot-to-used-shaker shot2 ingredient3 shaker1 right l1 l2
6
0 9
1 8
2 3
3 8
38 0
39 0
3
0 13 2 3
0 21 1 2
0 36 -1 0
1
end_operator
begin_operator
pour-shot-to-used-shaker shot2 ingredient3 shaker1 right l1 l2
6
0 9
1 9
2 3
3 8
38 0
39 0
3
0 13 2 3
0 21 1 2
0 36 -1 0
1
end_operator
begin_operator
pour-shot-to-used-shaker shot2 ingredient3 shaker1 right l1 l2
6
0 9
1 10
2 3
3 8
38 0
39 0
3
0 13 2 3
0 21 1 2
0 36 -1 0
1
end_operator
begin_operator
pour-shot-to-used-shaker shot2 ingredient3 shaker1 right l1 l2
6
0 10
1 0
2 3
3 8
38 0
39 0
3
0 13 2 3
0 21 1 2
0 36 -1 0
1
end_operator
begin_operator
pour-shot-to-used-shaker shot2 ingredient3 shaker1 right l1 l2
6
0 10
1 1
2 3
3 8
38 0
39 0
3
0 13 2 3
0 21 1 2
0 36 -1 0
1
end_operator
begin_operator
pour-shot-to-used-shaker shot2 ingredient3 shaker1 right l1 l2
6
0 10
1 2
2 3
3 8
38 0
39 0
3
0 13 2 3
0 21 1 2
0 36 -1 0
1
end_operator
begin_operator
pour-shot-to-used-shaker shot2 ingredient3 shaker1 right l1 l2
6
0 10
1 4
2 3
3 8
38 0
39 0
3
0 13 2 3
0 21 1 2
0 36 -1 0
1
end_operator
begin_operator
pour-shot-to-used-shaker shot2 ingredient3 shaker1 right l1 l2
6
0 10
1 5
2 3
3 8
38 0
39 0
3
0 13 2 3
0 21 1 2
0 36 -1 0
1
end_operator
begin_operator
pour-shot-to-used-shaker shot2 ingredient3 shaker1 right l1 l2
6
0 10
1 6
2 3
3 8
38 0
39 0
3
0 13 2 3
0 21 1 2
0 36 -1 0
1
end_operator
begin_operator
pour-shot-to-used-shaker shot2 ingredient3 shaker1 right l1 l2
6
0 10
1 7
2 3
3 8
38 0
39 0
3
0 13 2 3
0 21 1 2
0 36 -1 0
1
end_operator
begin_operator
pour-shot-to-used-shaker shot2 ingredient3 shaker1 right l1 l2
6
0 10
1 8
2 3
3 8
38 0
39 0
3
0 13 2 3
0 21 1 2
0 36 -1 0
1
end_operator
begin_operator
pour-shot-to-used-shaker shot2 ingredient3 shaker1 right l1 l2
6
0 10
1 9
2 3
3 8
38 0
39 0
3
0 13 2 3
0 21 1 2
0 36 -1 0
1
end_operator
begin_operator
pour-shot-to-used-shaker shot2 ingredient3 shaker1 right l1 l2
6
0 10
1 10
2 3
3 8
38 0
39 0
3
0 13 2 3
0 21 1 2
0 36 -1 0
1
end_operator
begin_operator
pour-shot-to-used-shaker shot2 ingredient3 shaker1 right l1 l2
6
0 11
1 0
2 3
3 8
38 0
39 0
3
0 13 2 3
0 21 1 2
0 36 -1 0
1
end_operator
begin_operator
pour-shot-to-used-shaker shot2 ingredient3 shaker1 right l1 l2
6
0 11
1 1
2 3
3 8
38 0
39 0
3
0 13 2 3
0 21 1 2
0 36 -1 0
1
end_operator
begin_operator
pour-shot-to-used-shaker shot2 ingredient3 shaker1 right l1 l2
6
0 11
1 2
2 3
3 8
38 0
39 0
3
0 13 2 3
0 21 1 2
0 36 -1 0
1
end_operator
begin_operator
pour-shot-to-used-shaker shot2 ingredient3 shaker1 right l1 l2
6
0 11
1 4
2 3
3 8
38 0
39 0
3
0 13 2 3
0 21 1 2
0 36 -1 0
1
end_operator
begin_operator
pour-shot-to-used-shaker shot2 ingredient3 shaker1 right l1 l2
6
0 11
1 5
2 3
3 8
38 0
39 0
3
0 13 2 3
0 21 1 2
0 36 -1 0
1
end_operator
begin_operator
pour-shot-to-used-shaker shot2 ingredient3 shaker1 right l1 l2
6
0 11
1 6
2 3
3 8
38 0
39 0
3
0 13 2 3
0 21 1 2
0 36 -1 0
1
end_operator
begin_operator
pour-shot-to-used-shaker shot2 ingredient3 shaker1 right l1 l2
6
0 11
1 7
2 3
3 8
38 0
39 0
3
0 13 2 3
0 21 1 2
0 36 -1 0
1
end_operator
begin_operator
pour-shot-to-used-shaker shot2 ingredient3 shaker1 right l1 l2
6
0 11
1 8
2 3
3 8
38 0
39 0
3
0 13 2 3
0 21 1 2
0 36 -1 0
1
end_operator
begin_operator
pour-shot-to-used-shaker shot2 ingredient3 shaker1 right l1 l2
6
0 11
1 9
2 3
3 8
38 0
39 0
3
0 13 2 3
0 21 1 2
0 36 -1 0
1
end_operator
begin_operator
pour-shot-to-used-shaker shot2 ingredient3 shaker1 right l1 l2
6
0 11
1 10
2 3
3 8
38 0
39 0
3
0 13 2 3
0 21 1 2
0 36 -1 0
1
end_operator
begin_operator
pour-shot-to-used-shaker shot2 ingredient3 shaker1 right l1 l2
5
0 0
1 1
2 3
3 8
39 0
4
0 13 2 3
0 21 1 2
0 36 1 0
0 38 1 0
1
end_operator
begin_operator
pour-shot-to-used-shaker shot2 ingredient3 shaker1 right l1 l2
5
0 0
1 2
2 3
3 8
39 0
4
0 13 2 3
0 21 1 2
0 36 1 0
0 38 1 0
1
end_operator
begin_operator
pour-shot-to-used-shaker shot2 ingredient3 shaker1 right l1 l2
5
0 0
1 4
2 3
3 8
39 0
4
0 13 2 3
0 21 1 2
0 36 1 0
0 38 1 0
1
end_operator
begin_operator
pour-shot-to-used-shaker shot2 ingredient3 shaker1 right l1 l2
5
0 0
1 5
2 3
3 8
39 0
4
0 13 2 3
0 21 1 2
0 36 1 0
0 38 1 0
1
end_operator
begin_operator
pour-shot-to-used-shaker shot2 ingredient3 shaker1 right l1 l2
5
0 0
1 6
2 3
3 8
39 0
4
0 13 2 3
0 21 1 2
0 36 1 0
0 38 1 0
1
end_operator
begin_operator
pour-shot-to-used-shaker shot2 ingredient3 shaker1 right l1 l2
5
0 0
1 7
2 3
3 8
39 0
4
0 13 2 3
0 21 1 2
0 36 1 0
0 38 1 0
1
end_operator
begin_operator
pour-shot-to-used-shaker shot2 ingredient3 shaker1 right l1 l2
5
0 0
1 8
2 3
3 8
39 0
4
0 13 2 3
0 21 1 2
0 36 1 0
0 38 1 0
1
end_operator
begin_operator
pour-shot-to-used-shaker shot2 ingredient3 shaker1 right l1 l2
5
0 0
1 9
2 3
3 8
39 0
4
0 13 2 3
0 21 1 2
0 36 1 0
0 38 1 0
1
end_operator
begin_operator
pour-shot-to-used-shaker shot2 ingredient3 shaker1 right l1 l2
5
0 0
1 10
2 3
3 8
39 0
4
0 13 2 3
0 21 1 2
0 36 1 0
0 38 1 0
1
end_operator
begin_operator
pour-shot-to-used-shaker shot2 ingredient3 shaker1 right l1 l2
4
0 0
1 0
2 3
3 8
5
0 13 2 3
0 21 1 2
0 36 1 0
0 38 1 0
0 39 1 0
1
end_operator
begin_operator
pour-shot-to-used-shaker shot3 ingredient1 shaker1 left l1 l2
2
1 4
3 8
3
0 14 0 3
0 21 1 2
0 34 -1 0
1
end_operator
begin_operator
pour-shot-to-used-shaker shot3 ingredient1 shaker1 right l1 l2
2
2 4
3 8
3
0 14 0 3
0 21 1 2
0 34 -1 0
1
end_operator
begin_operator
pour-shot-to-used-shaker shot3 ingredient2 shaker1 left l1 l2
2
1 4
3 8
3
0 14 1 3
0 21 1 2
0 35 -1 0
1
end_operator
begin_operator
pour-shot-to-used-shaker shot3 ingredient2 shaker1 right l1 l2
2
2 4
3 8
3
0 14 1 3
0 21 1 2
0 35 -1 0
1
end_operator
begin_operator
pour-shot-to-used-shaker shot3 ingredient3 shaker1 left l1 l2
4
0 0
1 4
3 8
38 0
3
0 14 2 3
0 21 1 2
0 36 -1 0
1
end_operator
begin_operator
pour-shot-to-used-shaker shot3 ingredient3 shaker1 left l1 l2
4
0 1
1 4
3 8
38 0
3
0 14 2 3
0 21 1 2
0 36 -1 0
1
end_operator
begin_operator
pour-shot-to-used-shaker shot3 ingredient3 shaker1 left l1 l2
4
0 2
1 4
3 8
38 0
3
0 14 2 3
0 21 1 2
0 36 -1 0
1
end_operator
begin_operator
pour-shot-to-used-shaker shot3 ingredient3 shaker1 left l1 l2
4
0 3
1 4
3 8
38 0
3
0 14 2 3
0 21 1 2
0 36 -1 0
1
end_operator
begin_operator
pour-shot-to-used-shaker shot3 ingredient3 shaker1 left l1 l2
4
0 4
1 4
3 8
38 0
3
0 14 2 3
0 21 1 2
0 36 -1 0
1
end_operator
begin_operator
pour-shot-to-used-shaker shot3 ingredient3 shaker1 left l1 l2
4
0 5
1 4
3 8
38 0
3
0 14 2 3
0 21 1 2
0 36 -1 0
1
end_operator
begin_operator
pour-shot-to-used-shaker shot3 ingredient3 shaker1 left l1 l2
4
0 6
1 4
3 8
38 0
3
0 14 2 3
0 21 1 2
0 36 -1 0
1
end_operator
begin_operator
pour-shot-to-used-shaker shot3 ingredient3 shaker1 left l1 l2
4
0 7
1 4
3 8
38 0
3
0 14 2 3
0 21 1 2
0 36 -1 0
1
end_operator
begin_operator
pour-shot-to-used-shaker shot3 ingredient3 shaker1 left l1 l2
4
0 8
1 4
3 8
38 0
3
0 14 2 3
0 21 1 2
0 36 -1 0
1
end_operator
begin_operator
pour-shot-to-used-shaker shot3 ingredient3 shaker1 left l1 l2
4
0 9
1 4
3 8
38 0
3
0 14 2 3
0 21 1 2
0 36 -1 0
1
end_operator
begin_operator
pour-shot-to-used-shaker shot3 ingredient3 shaker1 left l1 l2
4
0 10
1 4
3 8
38 0
3
0 14 2 3
0 21 1 2
0 36 -1 0
1
end_operator
begin_operator
pour-shot-to-used-shaker shot3 ingredient3 shaker1 left l1 l2
4
0 11
1 4
3 8
38 0
3
0 14 2 3
0 21 1 2
0 36 -1 0
1
end_operator
begin_operator
pour-shot-to-used-shaker shot3 ingredient3 shaker1 left l1 l2
3
0 0
1 4
3 8
4
0 14 2 3
0 21 1 2
0 36 1 0
0 38 1 0
1
end_operator
begin_operator
pour-shot-to-used-shaker shot3 ingredient3 shaker1 right l1 l2
6
0 0
1 0
2 4
3 8
38 0
39 0
3
0 14 2 3
0 21 1 2
0 36 -1 0
1
end_operator
begin_operator
pour-shot-to-used-shaker shot3 ingredient3 shaker1 right l1 l2
6
0 0
1 1
2 4
3 8
38 0
39 0
3
0 14 2 3
0 21 1 2
0 36 -1 0
1
end_operator
begin_operator
pour-shot-to-used-shaker shot3 ingredient3 shaker1 right l1 l2
6
0 0
1 2
2 4
3 8
38 0
39 0
3
0 14 2 3
0 21 1 2
0 36 -1 0
1
end_operator
begin_operator
pour-shot-to-used-shaker shot3 ingredient3 shaker1 right l1 l2
6
0 0
1 3
2 4
3 8
38 0
39 0
3
0 14 2 3
0 21 1 2
0 36 -1 0
1
end_operator
begin_operator
pour-shot-to-used-shaker shot3 ingredient3 shaker1 right l1 l2
6
0 0
1 5
2 4
3 8
38 0
39 0
3
0 14 2 3
0 21 1 2
0 36 -1 0
1
end_operator
begin_operator
pour-shot-to-used-shaker shot3 ingredient3 shaker1 right l1 l2
6
0 0
1 6
2 4
3 8
38 0
39 0
3
0 14 2 3
0 21 1 2
0 36 -1 0
1
end_operator
begin_operator
pour-shot-to-used-shaker shot3 ingredient3 shaker1 right l1 l2
6
0 0
1 7
2 4
3 8
38 0
39 0
3
0 14 2 3
0 21 1 2
0 36 -1 0
1
end_operator
begin_operator
pour-shot-to-used-shaker shot3 ingredient3 shaker1 right l1 l2
6
0 0
1 8
2 4
3 8
38 0
39 0
3
0 14 2 3
0 21 1 2
0 36 -1 0
1
end_operator
begin_operator
pour-shot-to-used-shaker shot3 ingredient3 shaker1 right l1 l2
6
0 0
1 9
2 4
3 8
38 0
39 0
3
0 14 2 3
0 21 1 2
0 36 -1 0
1
end_operator
begin_operator
pour-shot-to-used-shaker shot3 ingredient3 shaker1 right l1 l2
6
0 0
1 10
2 4
3 8
38 0
39 0
3
0 14 2 3
0 21 1 2
0 36 -1 0
1
end_operator
begin_operator
pour-shot-to-used-shaker shot3 ingredient3 shaker1 right l1 l2
6
0 1
1 0
2 4
3 8
38 0
39 0
3
0 14 2 3
0 21 1 2
0 36 -1 0
1
end_operator
begin_operator
pour-shot-to-used-shaker shot3 ingredient3 shaker1 right l1 l2
6
0 1
1 1
2 4
3 8
38 0
39 0
3
0 14 2 3
0 21 1 2
0 36 -1 0
1
end_operator
begin_operator
pour-shot-to-used-shaker shot3 ingredient3 shaker1 right l1 l2
6
0 1
1 2
2 4
3 8
38 0
39 0
3
0 14 2 3
0 21 1 2
0 36 -1 0
1
end_operator
begin_operator
pour-shot-to-used-shaker shot3 ingredient3 shaker1 right l1 l2
6
0 1
1 3
2 4
3 8
38 0
39 0
3
0 14 2 3
0 21 1 2
0 36 -1 0
1
end_operator
begin_operator
pour-shot-to-used-shaker shot3 ingredient3 shaker1 right l1 l2
6
0 1
1 5
2 4
3 8
38 0
39 0
3
0 14 2 3
0 21 1 2
0 36 -1 0
1
end_operator
begin_operator
pour-shot-to-used-shaker shot3 ingredient3 shaker1 right l1 l2
6
0 1
1 6
2 4
3 8
38 0
39 0
3
0 14 2 3
0 21 1 2
0 36 -1 0
1
end_operator
begin_operator
pour-shot-to-used-shaker shot3 ingredient3 shaker1 right l1 l2
6
0 1
1 7
2 4
3 8
38 0
39 0
3
0 14 2 3
0 21 1 2
0 36 -1 0
1
end_operator
begin_operator
pour-shot-to-used-shaker shot3 ingredient3 shaker1 right l1 l2
6
0 1
1 8
2 4
3 8
38 0
39 0
3
0 14 2 3
0 21 1 2
0 36 -1 0
1
end_operator
begin_operator
pour-shot-to-used-shaker shot3 ingredient3 shaker1 right l1 l2
6
0 1
1 9
2 4
3 8
38 0
39 0
3
0 14 2 3
0 21 1 2
0 36 -1 0
1
end_operator
begin_operator
pour-shot-to-used-shaker shot3 ingredient3 shaker1 right l1 l2
6
0 1
1 10
2 4
3 8
38 0
39 0
3
0 14 2 3
0 21 1 2
0 36 -1 0
1
end_operator
begin_operator
pour-shot-to-used-shaker shot3 ingredient3 shaker1 right l1 l2
6
0 2
1 0
2 4
3 8
38 0
39 0
3
0 14 2 3
0 21 1 2
0 36 -1 0
1
end_operator
begin_operator
pour-shot-to-used-shaker shot3 ingredient3 shaker1 right l1 l2
6
0 2
1 1
2 4
3 8
38 0
39 0
3
0 14 2 3
0 21 1 2
0 36 -1 0
1
end_operator
begin_operator
pour-shot-to-used-shaker shot3 ingredient3 shaker1 right l1 l2
6
0 2
1 2
2 4
3 8
38 0
39 0
3
0 14 2 3
0 21 1 2
0 36 -1 0
1
end_operator
begin_operator
pour-shot-to-used-shaker shot3 ingredient3 shaker1 right l1 l2
6
0 2
1 3
2 4
3 8
38 0
39 0
3
0 14 2 3
0 21 1 2
0 36 -1 0
1
end_operator
begin_operator
pour-shot-to-used-shaker shot3 ingredient3 shaker1 right l1 l2
6
0 2
1 5
2 4
3 8
38 0
39 0
3
0 14 2 3
0 21 1 2
0 36 -1 0
1
end_operator
begin_operator
pour-shot-to-used-shaker shot3 ingredient3 shaker1 right l1 l2
6
0 2
1 6
2 4
3 8
38 0
39 0
3
0 14 2 3
0 21 1 2
0 36 -1 0
1
end_operator
begin_operator
pour-shot-to-used-shaker shot3 ingredient3 shaker1 right l1 l2
6
0 2
1 7
2 4
3 8
38 0
39 0
3
0 14 2 3
0 21 1 2
0 36 -1 0
1
end_operator
begin_operator
pour-shot-to-used-shaker shot3 ingredient3 shaker1 right l1 l2
6
0 2
1 8
2 4
3 8
38 0
39 0
3
0 14 2 3
0 21 1 2
0 36 -1 0
1
end_operator
begin_operator
pour-shot-to-used-shaker shot3 ingredient3 shaker1 right l1 l2
6
0 2
1 9
2 4
3 8
38 0
39 0
3
0 14 2 3
0 21 1 2
0 36 -1 0
1
end_operator
begin_operator
pour-shot-to-used-shaker shot3 ingredient3 shaker1 right l1 l2
6
0 2
1 10
2 4
3 8
38 0
39 0
3
0 14 2 3
0 21 1 2
0 36 -1 0
1
end_operator
begin_operator
pour-shot-to-used-shaker shot3 ingredient3 shaker1 right l1 l2
6
0 3
1 0
2 4
3 8
38 0
39 0
3
0 14 2 3
0 21 1 2
0 36 -1 0
1
end_operator
begin_operator
pour-shot-to-used-shaker shot3 ingredient3 shaker1 right l1 l2
6
0 3
1 1
2 4
3 8
38 0
39 0
3
0 14 2 3
0 21 1 2
0 36 -1 0
1
end_operator
begin_operator
pour-shot-to-used-shaker shot3 ingredient3 shaker1 right l1 l2
6
0 3
1 2
2 4
3 8
38 0
39 0
3
0 14 2 3
0 21 1 2
0 36 -1 0
1
end_operator
begin_operator
pour-shot-to-used-shaker shot3 ingredient3 shaker1 right l1 l2
6
0 3
1 3
2 4
3 8
38 0
39 0
3
0 14 2 3
0 21 1 2
0 36 -1 0
1
end_operator
begin_operator
pour-shot-to-used-shaker shot3 ingredient3 shaker1 right l1 l2
6
0 3
1 5
2 4
3 8
38 0
39 0
3
0 14 2 3
0 21 1 2
0 36 -1 0
1
end_operator
begin_operator
pour-shot-to-used-shaker shot3 ingredient3 shaker1 right l1 l2
6
0 3
1 6
2 4
3 8
38 0
39 0
3
0 14 2 3
0 21 1 2
0 36 -1 0
1
end_operator
begin_operator
pour-shot-to-used-shaker shot3 ingredient3 shaker1 right l1 l2
6
0 3
1 7
2 4
3 8
38 0
39 0
3
0 14 2 3
0 21 1 2
0 36 -1 0
1
end_operator
begin_operator
pour-shot-to-used-shaker shot3 ingredient3 shaker1 right l1 l2
6
0 3
1 8
2 4
3 8
38 0
39 0
3
0 14 2 3
0 21 1 2
0 36 -1 0
1
end_operator
begin_operator
pour-shot-to-used-shaker shot3 ingredient3 shaker1 right l1 l2
6
0 3
1 9
2 4
3 8
38 0
39 0
3
0 14 2 3
0 21 1 2
0 36 -1 0
1
end_operator
begin_operator
pour-shot-to-used-shaker shot3 ingredient3 shaker1 right l1 l2
6
0 3
1 10
2 4
3 8
38 0
39 0
3
0 14 2 3
0 21 1 2
0 36 -1 0
1
end_operator
begin_operator
pour-shot-to-used-shaker shot3 ingredient3 shaker1 right l1 l2
6
0 4
1 0
2 4
3 8
38 0
39 0
3
0 14 2 3
0 21 1 2
0 36 -1 0
1
end_operator
begin_operator
pour-shot-to-used-shaker shot3 ingredient3 shaker1 right l1 l2
6
0 4
1 1
2 4
3 8
38 0
39 0
3
0 14 2 3
0 21 1 2
0 36 -1 0
1
end_operator
begin_operator
pour-shot-to-used-shaker shot3 ingredient3 shaker1 right l1 l2
6
0 4
1 2
2 4
3 8
38 0
39 0
3
0 14 2 3
0 21 1 2
0 36 -1 0
1
end_operator
begin_operator
pour-shot-to-used-shaker shot3 ingredient3 shaker1 right l1 l2
6
0 4
1 3
2 4
3 8
38 0
39 0
3
0 14 2 3
0 21 1 2
0 36 -1 0
1
end_operator
begin_operator
pour-shot-to-used-shaker shot3 ingredient3 shaker1 right l1 l2
6
0 4
1 5
2 4
3 8
38 0
39 0
3
0 14 2 3
0 21 1 2
0 36 -1 0
1
end_operator
begin_operator
pour-shot-to-used-shaker shot3 ingredient3 shaker1 right l1 l2
6
0 4
1 6
2 4
3 8
38 0
39 0
3
0 14 2 3
0 21 1 2
0 36 -1 0
1
end_operator
begin_operator
pour-shot-to-used-shaker shot3 ingredient3 shaker1 right l1 l2
6
0 4
1 7
2 4
3 8
38 0
39 0
3
0 14 2 3
0 21 1 2
0 36 -1 0
1
end_operator
begin_operator
pour-shot-to-used-shaker shot3 ingredient3 shaker1 right l1 l2
6
0 4
1 8
2 4
3 8
38 0
39 0
3
0 14 2 3
0 21 1 2
0 36 -1 0
1
end_operator
begin_operator
pour-shot-to-used-shaker shot3 ingredient3 shaker1 right l1 l2
6
0 4
1 9
2 4
3 8
38 0
39 0
3
0 14 2 3
0 21 1 2
0 36 -1 0
1
end_operator
begin_operator
pour-shot-to-used-shaker shot3 ingredient3 shaker1 right l1 l2
6
0 4
1 10
2 4
3 8
38 0
39 0
3
0 14 2 3
0 21 1 2
0 36 -1 0
1
end_operator
begin_operator
pour-shot-to-used-shaker shot3 ingredient3 shaker1 right l1 l2
6
0 5
1 0
2 4
3 8
38 0
39 0
3
0 14 2 3
0 21 1 2
0 36 -1 0
1
end_operator
begin_operator
pour-shot-to-used-shaker shot3 ingredient3 shaker1 right l1 l2
6
0 5
1 1
2 4
3 8
38 0
39 0
3
0 14 2 3
0 21 1 2
0 36 -1 0
1
end_operator
begin_operator
pour-shot-to-used-shaker shot3 ingredient3 shaker1 right l1 l2
6
0 5
1 2
2 4
3 8
38 0
39 0
3
0 14 2 3
0 21 1 2
0 36 -1 0
1
end_operator
begin_operator
pour-shot-to-used-shaker shot3 ingredient3 shaker1 right l1 l2
6
0 5
1 3
2 4
3 8
38 0
39 0
3
0 14 2 3
0 21 1 2
0 36 -1 0
1
end_operator
begin_operator
pour-shot-to-used-shaker shot3 ingredient3 shaker1 right l1 l2
6
0 5
1 5
2 4
3 8
38 0
39 0
3
0 14 2 3
0 21 1 2
0 36 -1 0
1
end_operator
begin_operator
pour-shot-to-used-shaker shot3 ingredient3 shaker1 right l1 l2
6
0 5
1 6
2 4
3 8
38 0
39 0
3
0 14 2 3
0 21 1 2
0 36 -1 0
1
end_operator
begin_operator
pour-shot-to-used-shaker shot3 ingredient3 shaker1 right l1 l2
6
0 5
1 7
2 4
3 8
38 0
39 0
3
0 14 2 3
0 21 1 2
0 36 -1 0
1
end_operator
begin_operator
pour-shot-to-used-shaker shot3 ingredient3 shaker1 right l1 l2
6
0 5
1 8
2 4
3 8
38 0
39 0
3
0 14 2 3
0 21 1 2
0 36 -1 0
1
end_operator
begin_operator
pour-shot-to-used-shaker shot3 ingredient3 shaker1 right l1 l2
6
0 5
1 9
2 4
3 8
38 0
39 0
3
0 14 2 3
0 21 1 2
0 36 -1 0
1
end_operator
begin_operator
pour-shot-to-used-shaker shot3 ingredient3 shaker1 right l1 l2
6
0 5
1 10
2 4
3 8
38 0
39 0
3
0 14 2 3
0 21 1 2
0 36 -1 0
1
end_operator
begin_operator
pour-shot-to-used-shaker shot3 ingredient3 shaker1 right l1 l2
6
0 6
1 0
2 4
3 8
38 0
39 0
3
0 14 2 3
0 21 1 2
0 36 -1 0
1
end_operator
begin_operator
pour-shot-to-used-shaker shot3 ingredient3 shaker1 right l1 l2
6
0 6
1 1
2 4
3 8
38 0
39 0
3
0 14 2 3
0 21 1 2
0 36 -1 0
1
end_operator
begin_operator
pour-shot-to-used-shaker shot3 ingredient3 shaker1 right l1 l2
6
0 6
1 2
2 4
3 8
38 0
39 0
3
0 14 2 3
0 21 1 2
0 36 -1 0
1
end_operator
begin_operator
pour-shot-to-used-shaker shot3 ingredient3 shaker1 right l1 l2
6
0 6
1 3
2 4
3 8
38 0
39 0
3
0 14 2 3
0 21 1 2
0 36 -1 0
1
end_operator
begin_operator
pour-shot-to-used-shaker shot3 ingredient3 shaker1 right l1 l2
6
0 6
1 5
2 4
3 8
38 0
39 0
3
0 14 2 3
0 21 1 2
0 36 -1 0
1
end_operator
begin_operator
pour-shot-to-used-shaker shot3 ingredient3 shaker1 right l1 l2
6
0 6
1 6
2 4
3 8
38 0
39 0
3
0 14 2 3
0 21 1 2
0 36 -1 0
1
end_operator
begin_operator
pour-shot-to-used-shaker shot3 ingredient3 shaker1 right l1 l2
6
0 6
1 7
2 4
3 8
38 0
39 0
3
0 14 2 3
0 21 1 2
0 36 -1 0
1
end_operator
begin_operator
pour-shot-to-used-shaker shot3 ingredient3 shaker1 right l1 l2
6
0 6
1 8
2 4
3 8
38 0
39 0
3
0 14 2 3
0 21 1 2
0 36 -1 0
1
end_operator
begin_operator
pour-shot-to-used-shaker shot3 ingredient3 shaker1 right l1 l2
6
0 6
1 9
2 4
3 8
38 0
39 0
3
0 14 2 3
0 21 1 2
0 36 -1 0
1
end_operator
begin_operator
pour-shot-to-used-shaker shot3 ingredient3 shaker1 right l1 l2
6
0 6
1 10
2 4
3 8
38 0
39 0
3
0 14 2 3
0 21 1 2
0 36 -1 0
1
end_operator
begin_operator
pour-shot-to-used-shaker shot3 ingredient3 shaker1 right l1 l2
6
0 7
1 0
2 4
3 8
38 0
39 0
3
0 14 2 3
0 21 1 2
0 36 -1 0
1
end_operator
begin_operator
pour-shot-to-used-shaker shot3 ingredient3 shaker1 right l1 l2
6
0 7
1 1
2 4
3 8
38 0
39 0
3
0 14 2 3
0 21 1 2
0 36 -1 0
1
end_operator
begin_operator
pour-shot-to-used-shaker shot3 ingredient3 shaker1 right l1 l2
6
0 7
1 2
2 4
3 8
38 0
39 0
3
0 14 2 3
0 21 1 2
0 36 -1 0
1
end_operator
begin_operator
pour-shot-to-used-shaker shot3 ingredient3 shaker1 right l1 l2
6
0 7
1 3
2 4
3 8
38 0
39 0
3
0 14 2 3
0 21 1 2
0 36 -1 0
1
end_operator
begin_operator
pour-shot-to-used-shaker shot3 ingredient3 shaker1 right l1 l2
6
0 7
1 5
2 4
3 8
38 0
39 0
3
0 14 2 3
0 21 1 2
0 36 -1 0
1
end_operator
begin_operator
pour-shot-to-used-shaker shot3 ingredient3 shaker1 right l1 l2
6
0 7
1 6
2 4
3 8
38 0
39 0
3
0 14 2 3
0 21 1 2
0 36 -1 0
1
end_operator
begin_operator
pour-shot-to-used-shaker shot3 ingredient3 shaker1 right l1 l2
6
0 7
1 7
2 4
3 8
38 0
39 0
3
0 14 2 3
0 21 1 2
0 36 -1 0
1
end_operator
begin_operator
pour-shot-to-used-shaker shot3 ingredient3 shaker1 right l1 l2
6
0 7
1 8
2 4
3 8
38 0
39 0
3
0 14 2 3
0 21 1 2
0 36 -1 0
1
end_operator
begin_operator
pour-shot-to-used-shaker shot3 ingredient3 shaker1 right l1 l2
6
0 7
1 9
2 4
3 8
38 0
39 0
3
0 14 2 3
0 21 1 2
0 36 -1 0
1
end_operator
begin_operator
pour-shot-to-used-shaker shot3 ingredient3 shaker1 right l1 l2
6
0 7
1 10
2 4
3 8
38 0
39 0
3
0 14 2 3
0 21 1 2
0 36 -1 0
1
end_operator
begin_operator
pour-shot-to-used-shaker shot3 ingredient3 shaker1 right l1 l2
6
0 8
1 0
2 4
3 8
38 0
39 0
3
0 14 2 3
0 21 1 2
0 36 -1 0
1
end_operator
begin_operator
pour-shot-to-used-shaker shot3 ingredient3 shaker1 right l1 l2
6
0 8
1 1
2 4
3 8
38 0
39 0
3
0 14 2 3
0 21 1 2
0 36 -1 0
1
end_operator
begin_operator
pour-shot-to-used-shaker shot3 ingredient3 shaker1 right l1 l2
6
0 8
1 2
2 4
3 8
38 0
39 0
3
0 14 2 3
0 21 1 2
0 36 -1 0
1
end_operator
begin_operator
pour-shot-to-used-shaker shot3 ingredient3 shaker1 right l1 l2
6
0 8
1 3
2 4
3 8
38 0
39 0
3
0 14 2 3
0 21 1 2
0 36 -1 0
1
end_operator
begin_operator
pour-shot-to-used-shaker shot3 ingredient3 shaker1 right l1 l2
6
0 8
1 5
2 4
3 8
38 0
39 0
3
0 14 2 3
0 21 1 2
0 36 -1 0
1
end_operator
begin_operator
pour-shot-to-used-shaker shot3 ingredient3 shaker1 right l1 l2
6
0 8
1 6
2 4
3 8
38 0
39 0
3
0 14 2 3
0 21 1 2
0 36 -1 0
1
end_operator
begin_operator
pour-shot-to-used-shaker shot3 ingredient3 shaker1 right l1 l2
6
0 8
1 7
2 4
3 8
38 0
39 0
3
0 14 2 3
0 21 1 2
0 36 -1 0
1
end_operator
begin_operator
pour-shot-to-used-shaker shot3 ingredient3 shaker1 right l1 l2
6
0 8
1 8
2 4
3 8
38 0
39 0
3
0 14 2 3
0 21 1 2
0 36 -1 0
1
end_operator
begin_operator
pour-shot-to-used-shaker shot3 ingredient3 shaker1 right l1 l2
6
0 8
1 9
2 4
3 8
38 0
39 0
3
0 14 2 3
0 21 1 2
0 36 -1 0
1
end_operator
begin_operator
pour-shot-to-used-shaker shot3 ingredient3 shaker1 right l1 l2
6
0 8
1 10
2 4
3 8
38 0
39 0
3
0 14 2 3
0 21 1 2
0 36 -1 0
1
end_operator
begin_operator
pour-shot-to-used-shaker shot3 ingredient3 shaker1 right l1 l2
6
0 9
1 0
2 4
3 8
38 0
39 0
3
0 14 2 3
0 21 1 2
0 36 -1 0
1
end_operator
begin_operator
pour-shot-to-used-shaker shot3 ingredient3 shaker1 right l1 l2
6
0 9
1 1
2 4
3 8
38 0
39 0
3
0 14 2 3
0 21 1 2
0 36 -1 0
1
end_operator
begin_operator
pour-shot-to-used-shaker shot3 ingredient3 shaker1 right l1 l2
6
0 9
1 2
2 4
3 8
38 0
39 0
3
0 14 2 3
0 21 1 2
0 36 -1 0
1
end_operator
begin_operator
pour-shot-to-used-shaker shot3 ingredient3 shaker1 right l1 l2
6
0 9
1 3
2 4
3 8
38 0
39 0
3
0 14 2 3
0 21 1 2
0 36 -1 0
1
end_operator
begin_operator
pour-shot-to-used-shaker shot3 ingredient3 shaker1 right l1 l2
6
0 9
1 5
2 4
3 8
38 0
39 0
3
0 14 2 3
0 21 1 2
0 36 -1 0
1
end_operator
begin_operator
pour-shot-to-used-shaker shot3 ingredient3 shaker1 right l1 l2
6
0 9
1 6
2 4
3 8
38 0
39 0
3
0 14 2 3
0 21 1 2
0 36 -1 0
1
end_operator
begin_operator
pour-shot-to-used-shaker shot3 ingredient3 shaker1 right l1 l2
6
0 9
1 7
2 4
3 8
38 0
39 0
3
0 14 2 3
0 21 1 2
0 36 -1 0
1
end_operator
begin_operator
pour-shot-to-used-shaker shot3 ingredient3 shaker1 right l1 l2
6
0 9
1 8
2 4
3 8
38 0
39 0
3
0 14 2 3
0 21 1 2
0 36 -1 0
1
end_operator
begin_operator
pour-shot-to-used-shaker shot3 ingredient3 shaker1 right l1 l2
6
0 9
1 9
2 4
3 8
38 0
39 0
3
0 14 2 3
0 21 1 2
0 36 -1 0
1
end_operator
begin_operator
pour-shot-to-used-shaker shot3 ingredient3 shaker1 right l1 l2
6
0 9
1 10
2 4
3 8
38 0
39 0
3
0 14 2 3
0 21 1 2
0 36 -1 0
1
end_operator
begin_operator
pour-shot-to-used-shaker shot3 ingredient3 shaker1 right l1 l2
6
0 10
1 0
2 4
3 8
38 0
39 0
3
0 14 2 3
0 21 1 2
0 36 -1 0
1
end_operator
begin_operator
pour-shot-to-used-shaker shot3 ingredient3 shaker1 right l1 l2
6
0 10
1 1
2 4
3 8
38 0
39 0
3
0 14 2 3
0 21 1 2
0 36 -1 0
1
end_operator
begin_operator
pour-shot-to-used-shaker shot3 ingredient3 shaker1 right l1 l2
6
0 10
1 2
2 4
3 8
38 0
39 0
3
0 14 2 3
0 21 1 2
0 36 -1 0
1
end_operator
begin_operator
pour-shot-to-used-shaker shot3 ingredient3 shaker1 right l1 l2
6
0 10
1 3
2 4
3 8
38 0
39 0
3
0 14 2 3
0 21 1 2
0 36 -1 0
1
end_operator
begin_operator
pour-shot-to-used-shaker shot3 ingredient3 shaker1 right l1 l2
6
0 10
1 5
2 4
3 8
38 0
39 0
3
0 14 2 3
0 21 1 2
0 36 -1 0
1
end_operator
begin_operator
pour-shot-to-used-shaker shot3 ingredient3 shaker1 right l1 l2
6
0 10
1 6
2 4
3 8
38 0
39 0
3
0 14 2 3
0 21 1 2
0 36 -1 0
1
end_operator
begin_operator
pour-shot-to-used-shaker shot3 ingredient3 shaker1 right l1 l2
6
0 10
1 7
2 4
3 8
38 0
39 0
3
0 14 2 3
0 21 1 2
0 36 -1 0
1
end_operator
begin_operator
pour-shot-to-used-shaker shot3 ingredient3 shaker1 right l1 l2
6
0 10
1 8
2 4
3 8
38 0
39 0
3
0 14 2 3
0 21 1 2
0 36 -1 0
1
end_operator
begin_operator
pour-shot-to-used-shaker shot3 ingredient3 shaker1 right l1 l2
6
0 10
1 9
2 4
3 8
38 0
39 0
3
0 14 2 3
0 21 1 2
0 36 -1 0
1
end_operator
begin_operator
pour-shot-to-used-shaker shot3 ingredient3 shaker1 right l1 l2
6
0 10
1 10
2 4
3 8
38 0
39 0
3
0 14 2 3
0 21 1 2
0 36 -1 0
1
end_operator
begin_operator
pour-shot-to-used-shaker shot3 ingredient3 shaker1 right l1 l2
6
0 11
1 0
2 4
3 8
38 0
39 0
3
0 14 2 3
0 21 1 2
0 36 -1 0
1
end_operator
begin_operator
pour-shot-to-used-shaker shot3 ingredient3 shaker1 right l1 l2
6
0 11
1 1
2 4
3 8
38 0
39 0
3
0 14 2 3
0 21 1 2
0 36 -1 0
1
end_operator
begin_operator
pour-shot-to-used-shaker shot3 ingredient3 shaker1 right l1 l2
6
0 11
1 2
2 4
3 8
38 0
39 0
3
0 14 2 3
0 21 1 2
0 36 -1 0
1
end_operator
begin_operator
pour-shot-to-used-shaker shot3 ingredient3 shaker1 right l1 l2
6
0 11
1 3
2 4
3 8
38 0
39 0
3
0 14 2 3
0 21 1 2
0 36 -1 0
1
end_operator
begin_operator
pour-shot-to-used-shaker shot3 ingredient3 shaker1 right l1 l2
6
0 11
1 5
2 4
3 8
38 0
39 0
3
0 14 2 3
0 21 1 2
0 36 -1 0
1
end_operator
begin_operator
pour-shot-to-used-shaker shot3 ingredient3 shaker1 right l1 l2
6
0 11
1 6
2 4
3 8
38 0
39 0
3
0 14 2 3
0 21 1 2
0 36 -1 0
1
end_operator
begin_operator
pour-shot-to-used-shaker shot3 ingredient3 shaker1 right l1 l2
6
0 11
1 7
2 4
3 8
38 0
39 0
3
0 14 2 3
0 21 1 2
0 36 -1 0
1
end_operator
begin_operator
pour-shot-to-used-shaker shot3 ingredient3 shaker1 right l1 l2
6
0 11
1 8
2 4
3 8
38 0
39 0
3
0 14 2 3
0 21 1 2
0 36 -1 0
1
end_operator
begin_operator
pour-shot-to-used-shaker shot3 ingredient3 shaker1 right l1 l2
6
0 11
1 9
2 4
3 8
38 0
39 0
3
0 14 2 3
0 21 1 2
0 36 -1 0
1
end_operator
begin_operator
pour-shot-to-used-shaker shot3 ingredient3 shaker1 right l1 l2
6
0 11
1 10
2 4
3 8
38 0
39 0
3
0 14 2 3
0 21 1 2
0 36 -1 0
1
end_operator
begin_operator
pour-shot-to-used-shaker shot3 ingredient3 shaker1 right l1 l2
5
0 0
1 1
2 4
3 8
39 0
4
0 14 2 3
0 21 1 2
0 36 1 0
0 38 1 0
1
end_operator
begin_operator
pour-shot-to-used-shaker shot3 ingredient3 shaker1 right l1 l2
5
0 0
1 2
2 4
3 8
39 0
4
0 14 2 3
0 21 1 2
0 36 1 0
0 38 1 0
1
end_operator
begin_operator
pour-shot-to-used-shaker shot3 ingredient3 shaker1 right l1 l2
5
0 0
1 3
2 4
3 8
39 0
4
0 14 2 3
0 21 1 2
0 36 1 0
0 38 1 0
1
end_operator
begin_operator
pour-shot-to-used-shaker shot3 ingredient3 shaker1 right l1 l2
5
0 0
1 5
2 4
3 8
39 0
4
0 14 2 3
0 21 1 2
0 36 1 0
0 38 1 0
1
end_operator
begin_operator
pour-shot-to-used-shaker shot3 ingredient3 shaker1 right l1 l2
5
0 0
1 6
2 4
3 8
39 0
4
0 14 2 3
0 21 1 2
0 36 1 0
0 38 1 0
1
end_operator
begin_operator
pour-shot-to-used-shaker shot3 ingredient3 shaker1 right l1 l2
5
0 0
1 7
2 4
3 8
39 0
4
0 14 2 3
0 21 1 2
0 36 1 0
0 38 1 0
1
end_operator
begin_operator
pour-shot-to-used-shaker shot3 ingredient3 shaker1 right l1 l2
5
0 0
1 8
2 4
3 8
39 0
4
0 14 2 3
0 21 1 2
0 36 1 0
0 38 1 0
1
end_operator
begin_operator
pour-shot-to-used-shaker shot3 ingredient3 shaker1 right l1 l2
5
0 0
1 9
2 4
3 8
39 0
4
0 14 2 3
0 21 1 2
0 36 1 0
0 38 1 0
1
end_operator
begin_operator
pour-shot-to-used-shaker shot3 ingredient3 shaker1 right l1 l2
5
0 0
1 10
2 4
3 8
39 0
4
0 14 2 3
0 21 1 2
0 36 1 0
0 38 1 0
1
end_operator
begin_operator
pour-shot-to-used-shaker shot3 ingredient3 shaker1 right l1 l2
4
0 0
1 0
2 4
3 8
5
0 14 2 3
0 21 1 2
0 36 1 0
0 38 1 0
0 39 1 0
1
end_operator
begin_operator
pour-shot-to-used-shaker shot4 ingredient1 shaker1 left l1 l2
2
1 5
3 8
3
0 15 0 3
0 21 1 2
0 34 -1 0
1
end_operator
begin_operator
pour-shot-to-used-shaker shot4 ingredient1 shaker1 right l1 l2
2
2 5
3 8
3
0 15 0 3
0 21 1 2
0 34 -1 0
1
end_operator
begin_operator
pour-shot-to-used-shaker shot4 ingredient2 shaker1 left l1 l2
2
1 5
3 8
3
0 15 1 3
0 21 1 2
0 35 -1 0
1
end_operator
begin_operator
pour-shot-to-used-shaker shot4 ingredient2 shaker1 right l1 l2
2
2 5
3 8
3
0 15 1 3
0 21 1 2
0 35 -1 0
1
end_operator
begin_operator
pour-shot-to-used-shaker shot4 ingredient3 shaker1 left l1 l2
4
0 0
1 5
3 8
38 0
3
0 15 2 3
0 21 1 2
0 36 -1 0
1
end_operator
begin_operator
pour-shot-to-used-shaker shot4 ingredient3 shaker1 left l1 l2
4
0 1
1 5
3 8
38 0
3
0 15 2 3
0 21 1 2
0 36 -1 0
1
end_operator
begin_operator
pour-shot-to-used-shaker shot4 ingredient3 shaker1 left l1 l2
4
0 2
1 5
3 8
38 0
3
0 15 2 3
0 21 1 2
0 36 -1 0
1
end_operator
begin_operator
pour-shot-to-used-shaker shot4 ingredient3 shaker1 left l1 l2
4
0 3
1 5
3 8
38 0
3
0 15 2 3
0 21 1 2
0 36 -1 0
1
end_operator
begin_operator
pour-shot-to-used-shaker shot4 ingredient3 shaker1 left l1 l2
4
0 4
1 5
3 8
38 0
3
0 15 2 3
0 21 1 2
0 36 -1 0
1
end_operator
begin_operator
pour-shot-to-used-shaker shot4 ingredient3 shaker1 left l1 l2
4
0 5
1 5
3 8
38 0
3
0 15 2 3
0 21 1 2
0 36 -1 0
1
end_operator
begin_operator
pour-shot-to-used-shaker shot4 ingredient3 shaker1 left l1 l2
4
0 6
1 5
3 8
38 0
3
0 15 2 3
0 21 1 2
0 36 -1 0
1
end_operator
begin_operator
pour-shot-to-used-shaker shot4 ingredient3 shaker1 left l1 l2
4
0 7
1 5
3 8
38 0
3
0 15 2 3
0 21 1 2
0 36 -1 0
1
end_operator
begin_operator
pour-shot-to-used-shaker shot4 ingredient3 shaker1 left l1 l2
4
0 8
1 5
3 8
38 0
3
0 15 2 3
0 21 1 2
0 36 -1 0
1
end_operator
begin_operator
pour-shot-to-used-shaker shot4 ingredient3 shaker1 left l1 l2
4
0 9
1 5
3 8
38 0
3
0 15 2 3
0 21 1 2
0 36 -1 0
1
end_operator
begin_operator
pour-shot-to-used-shaker shot4 ingredient3 shaker1 left l1 l2
4
0 10
1 5
3 8
38 0
3
0 15 2 3
0 21 1 2
0 36 -1 0
1
end_operator
begin_operator
pour-shot-to-used-shaker shot4 ingredient3 shaker1 left l1 l2
4
0 11
1 5
3 8
38 0
3
0 15 2 3
0 21 1 2
0 36 -1 0
1
end_operator
begin_operator
pour-shot-to-used-shaker shot4 ingredient3 shaker1 left l1 l2
3
0 0
1 5
3 8
4
0 15 2 3
0 21 1 2
0 36 1 0
0 38 1 0
1
end_operator
begin_operator
pour-shot-to-used-shaker shot4 ingredient3 shaker1 right l1 l2
6
0 0
1 0
2 5
3 8
38 0
39 0
3
0 15 2 3
0 21 1 2
0 36 -1 0
1
end_operator
begin_operator
pour-shot-to-used-shaker shot4 ingredient3 shaker1 right l1 l2
6
0 0
1 1
2 5
3 8
38 0
39 0
3
0 15 2 3
0 21 1 2
0 36 -1 0
1
end_operator
begin_operator
pour-shot-to-used-shaker shot4 ingredient3 shaker1 right l1 l2
6
0 0
1 2
2 5
3 8
38 0
39 0
3
0 15 2 3
0 21 1 2
0 36 -1 0
1
end_operator
begin_operator
pour-shot-to-used-shaker shot4 ingredient3 shaker1 right l1 l2
6
0 0
1 3
2 5
3 8
38 0
39 0
3
0 15 2 3
0 21 1 2
0 36 -1 0
1
end_operator
begin_operator
pour-shot-to-used-shaker shot4 ingredient3 shaker1 right l1 l2
6
0 0
1 4
2 5
3 8
38 0
39 0
3
0 15 2 3
0 21 1 2
0 36 -1 0
1
end_operator
begin_operator
pour-shot-to-used-shaker shot4 ingredient3 shaker1 right l1 l2
6
0 0
1 6
2 5
3 8
38 0
39 0
3
0 15 2 3
0 21 1 2
0 36 -1 0
1
end_operator
begin_operator
pour-shot-to-used-shaker shot4 ingredient3 shaker1 right l1 l2
6
0 0
1 7
2 5
3 8
38 0
39 0
3
0 15 2 3
0 21 1 2
0 36 -1 0
1
end_operator
begin_operator
pour-shot-to-used-shaker shot4 ingredient3 shaker1 right l1 l2
6
0 0
1 8
2 5
3 8
38 0
39 0
3
0 15 2 3
0 21 1 2
0 36 -1 0
1
end_operator
begin_operator
pour-shot-to-used-shaker shot4 ingredient3 shaker1 right l1 l2
6
0 0
1 9
2 5
3 8
38 0
39 0
3
0 15 2 3
0 21 1 2
0 36 -1 0
1
end_operator
begin_operator
pour-shot-to-used-shaker shot4 ingredient3 shaker1 right l1 l2
6
0 0
1 10
2 5
3 8
38 0
39 0
3
0 15 2 3
0 21 1 2
0 36 -1 0
1
end_operator
begin_operator
pour-shot-to-used-shaker shot4 ingredient3 shaker1 right l1 l2
6
0 1
1 0
2 5
3 8
38 0
39 0
3
0 15 2 3
0 21 1 2
0 36 -1 0
1
end_operator
begin_operator
pour-shot-to-used-shaker shot4 ingredient3 shaker1 right l1 l2
6
0 1
1 1
2 5
3 8
38 0
39 0
3
0 15 2 3
0 21 1 2
0 36 -1 0
1
end_operator
begin_operator
pour-shot-to-used-shaker shot4 ingredient3 shaker1 right l1 l2
6
0 1
1 2
2 5
3 8
38 0
39 0
3
0 15 2 3
0 21 1 2
0 36 -1 0
1
end_operator
begin_operator
pour-shot-to-used-shaker shot4 ingredient3 shaker1 right l1 l2
6
0 1
1 3
2 5
3 8
38 0
39 0
3
0 15 2 3
0 21 1 2
0 36 -1 0
1
end_operator
begin_operator
pour-shot-to-used-shaker shot4 ingredient3 shaker1 right l1 l2
6
0 1
1 4
2 5
3 8
38 0
39 0
3
0 15 2 3
0 21 1 2
0 36 -1 0
1
end_operator
begin_operator
pour-shot-to-used-shaker shot4 ingredient3 shaker1 right l1 l2
6
0 1
1 6
2 5
3 8
38 0
39 0
3
0 15 2 3
0 21 1 2
0 36 -1 0
1
end_operator
begin_operator
pour-shot-to-used-shaker shot4 ingredient3 shaker1 right l1 l2
6
0 1
1 7
2 5
3 8
38 0
39 0
3
0 15 2 3
0 21 1 2
0 36 -1 0
1
end_operator
begin_operator
pour-shot-to-used-shaker shot4 ingredient3 shaker1 right l1 l2
6
0 1
1 8
2 5
3 8
38 0
39 0
3
0 15 2 3
0 21 1 2
0 36 -1 0
1
end_operator
begin_operator
pour-shot-to-used-shaker shot4 ingredient3 shaker1 right l1 l2
6
0 1
1 9
2 5
3 8
38 0
39 0
3
0 15 2 3
0 21 1 2
0 36 -1 0
1
end_operator
begin_operator
pour-shot-to-used-shaker shot4 ingredient3 shaker1 right l1 l2
6
0 1
1 10
2 5
3 8
38 0
39 0
3
0 15 2 3
0 21 1 2
0 36 -1 0
1
end_operator
begin_operator
pour-shot-to-used-shaker shot4 ingredient3 shaker1 right l1 l2
6
0 2
1 0
2 5
3 8
38 0
39 0
3
0 15 2 3
0 21 1 2
0 36 -1 0
1
end_operator
begin_operator
pour-shot-to-used-shaker shot4 ingredient3 shaker1 right l1 l2
6
0 2
1 1
2 5
3 8
38 0
39 0
3
0 15 2 3
0 21 1 2
0 36 -1 0
1
end_operator
begin_operator
pour-shot-to-used-shaker shot4 ingredient3 shaker1 right l1 l2
6
0 2
1 2
2 5
3 8
38 0
39 0
3
0 15 2 3
0 21 1 2
0 36 -1 0
1
end_operator
begin_operator
pour-shot-to-used-shaker shot4 ingredient3 shaker1 right l1 l2
6
0 2
1 3
2 5
3 8
38 0
39 0
3
0 15 2 3
0 21 1 2
0 36 -1 0
1
end_operator
begin_operator
pour-shot-to-used-shaker shot4 ingredient3 shaker1 right l1 l2
6
0 2
1 4
2 5
3 8
38 0
39 0
3
0 15 2 3
0 21 1 2
0 36 -1 0
1
end_operator
begin_operator
pour-shot-to-used-shaker shot4 ingredient3 shaker1 right l1 l2
6
0 2
1 6
2 5
3 8
38 0
39 0
3
0 15 2 3
0 21 1 2
0 36 -1 0
1
end_operator
begin_operator
pour-shot-to-used-shaker shot4 ingredient3 shaker1 right l1 l2
6
0 2
1 7
2 5
3 8
38 0
39 0
3
0 15 2 3
0 21 1 2
0 36 -1 0
1
end_operator
begin_operator
pour-shot-to-used-shaker shot4 ingredient3 shaker1 right l1 l2
6
0 2
1 8
2 5
3 8
38 0
39 0
3
0 15 2 3
0 21 1 2
0 36 -1 0
1
end_operator
begin_operator
pour-shot-to-used-shaker shot4 ingredient3 shaker1 right l1 l2
6
0 2
1 9
2 5
3 8
38 0
39 0
3
0 15 2 3
0 21 1 2
0 36 -1 0
1
end_operator
begin_operator
pour-shot-to-used-shaker shot4 ingredient3 shaker1 right l1 l2
6
0 2
1 10
2 5
3 8
38 0
39 0
3
0 15 2 3
0 21 1 2
0 36 -1 0
1
end_operator
begin_operator
pour-shot-to-used-shaker shot4 ingredient3 shaker1 right l1 l2
6
0 3
1 0
2 5
3 8
38 0
39 0
3
0 15 2 3
0 21 1 2
0 36 -1 0
1
end_operator
begin_operator
pour-shot-to-used-shaker shot4 ingredient3 shaker1 right l1 l2
6
0 3
1 1
2 5
3 8
38 0
39 0
3
0 15 2 3
0 21 1 2
0 36 -1 0
1
end_operator
begin_operator
pour-shot-to-used-shaker shot4 ingredient3 shaker1 right l1 l2
6
0 3
1 2
2 5
3 8
38 0
39 0
3
0 15 2 3
0 21 1 2
0 36 -1 0
1
end_operator
begin_operator
pour-shot-to-used-shaker shot4 ingredient3 shaker1 right l1 l2
6
0 3
1 3
2 5
3 8
38 0
39 0
3
0 15 2 3
0 21 1 2
0 36 -1 0
1
end_operator
begin_operator
pour-shot-to-used-shaker shot4 ingredient3 shaker1 right l1 l2
6
0 3
1 4
2 5
3 8
38 0
39 0
3
0 15 2 3
0 21 1 2
0 36 -1 0
1
end_operator
begin_operator
pour-shot-to-used-shaker shot4 ingredient3 shaker1 right l1 l2
6
0 3
1 6
2 5
3 8
38 0
39 0
3
0 15 2 3
0 21 1 2
0 36 -1 0
1
end_operator
begin_operator
pour-shot-to-used-shaker shot4 ingredient3 shaker1 right l1 l2
6
0 3
1 7
2 5
3 8
38 0
39 0
3
0 15 2 3
0 21 1 2
0 36 -1 0
1
end_operator
begin_operator
pour-shot-to-used-shaker shot4 ingredient3 shaker1 right l1 l2
6
0 3
1 8
2 5
3 8
38 0
39 0
3
0 15 2 3
0 21 1 2
0 36 -1 0
1
end_operator
begin_operator
pour-shot-to-used-shaker shot4 ingredient3 shaker1 right l1 l2
6
0 3
1 9
2 5
3 8
38 0
39 0
3
0 15 2 3
0 21 1 2
0 36 -1 0
1
end_operator
begin_operator
pour-shot-to-used-shaker shot4 ingredient3 shaker1 right l1 l2
6
0 3
1 10
2 5
3 8
38 0
39 0
3
0 15 2 3
0 21 1 2
0 36 -1 0
1
end_operator
begin_operator
pour-shot-to-used-shaker shot4 ingredient3 shaker1 right l1 l2
6
0 4
1 0
2 5
3 8
38 0
39 0
3
0 15 2 3
0 21 1 2
0 36 -1 0
1
end_operator
begin_operator
pour-shot-to-used-shaker shot4 ingredient3 shaker1 right l1 l2
6
0 4
1 1
2 5
3 8
38 0
39 0
3
0 15 2 3
0 21 1 2
0 36 -1 0
1
end_operator
begin_operator
pour-shot-to-used-shaker shot4 ingredient3 shaker1 right l1 l2
6
0 4
1 2
2 5
3 8
38 0
39 0
3
0 15 2 3
0 21 1 2
0 36 -1 0
1
end_operator
begin_operator
pour-shot-to-used-shaker shot4 ingredient3 shaker1 right l1 l2
6
0 4
1 3
2 5
3 8
38 0
39 0
3
0 15 2 3
0 21 1 2
0 36 -1 0
1
end_operator
begin_operator
pour-shot-to-used-shaker shot4 ingredient3 shaker1 right l1 l2
6
0 4
1 4
2 5
3 8
38 0
39 0
3
0 15 2 3
0 21 1 2
0 36 -1 0
1
end_operator
begin_operator
pour-shot-to-used-shaker shot4 ingredient3 shaker1 right l1 l2
6
0 4
1 6
2 5
3 8
38 0
39 0
3
0 15 2 3
0 21 1 2
0 36 -1 0
1
end_operator
begin_operator
pour-shot-to-used-shaker shot4 ingredient3 shaker1 right l1 l2
6
0 4
1 7
2 5
3 8
38 0
39 0
3
0 15 2 3
0 21 1 2
0 36 -1 0
1
end_operator
begin_operator
pour-shot-to-used-shaker shot4 ingredient3 shaker1 right l1 l2
6
0 4
1 8
2 5
3 8
38 0
39 0
3
0 15 2 3
0 21 1 2
0 36 -1 0
1
end_operator
begin_operator
pour-shot-to-used-shaker shot4 ingredient3 shaker1 right l1 l2
6
0 4
1 9
2 5
3 8
38 0
39 0
3
0 15 2 3
0 21 1 2
0 36 -1 0
1
end_operator
begin_operator
pour-shot-to-used-shaker shot4 ingredient3 shaker1 right l1 l2
6
0 4
1 10
2 5
3 8
38 0
39 0
3
0 15 2 3
0 21 1 2
0 36 -1 0
1
end_operator
begin_operator
pour-shot-to-used-shaker shot4 ingredient3 shaker1 right l1 l2
6
0 5
1 0
2 5
3 8
38 0
39 0
3
0 15 2 3
0 21 1 2
0 36 -1 0
1
end_operator
begin_operator
pour-shot-to-used-shaker shot4 ingredient3 shaker1 right l1 l2
6
0 5
1 1
2 5
3 8
38 0
39 0
3
0 15 2 3
0 21 1 2
0 36 -1 0
1
end_operator
begin_operator
pour-shot-to-used-shaker shot4 ingredient3 shaker1 right l1 l2
6
0 5
1 2
2 5
3 8
38 0
39 0
3
0 15 2 3
0 21 1 2
0 36 -1 0
1
end_operator
begin_operator
pour-shot-to-used-shaker shot4 ingredient3 shaker1 right l1 l2
6
0 5
1 3
2 5
3 8
38 0
39 0
3
0 15 2 3
0 21 1 2
0 36 -1 0
1
end_operator
begin_operator
pour-shot-to-used-shaker shot4 ingredient3 shaker1 right l1 l2
6
0 5
1 4
2 5
3 8
38 0
39 0
3
0 15 2 3
0 21 1 2
0 36 -1 0
1
end_operator
begin_operator
pour-shot-to-used-shaker shot4 ingredient3 shaker1 right l1 l2
6
0 5
1 6
2 5
3 8
38 0
39 0
3
0 15 2 3
0 21 1 2
0 36 -1 0
1
end_operator
begin_operator
pour-shot-to-used-shaker shot4 ingredient3 shaker1 right l1 l2
6
0 5
1 7
2 5
3 8
38 0
39 0
3
0 15 2 3
0 21 1 2
0 36 -1 0
1
end_operator
begin_operator
pour-shot-to-used-shaker shot4 ingredient3 shaker1 right l1 l2
6
0 5
1 8
2 5
3 8
38 0
39 0
3
0 15 2 3
0 21 1 2
0 36 -1 0
1
end_operator
begin_operator
pour-shot-to-used-shaker shot4 ingredient3 shaker1 right l1 l2
6
0 5
1 9
2 5
3 8
38 0
39 0
3
0 15 2 3
0 21 1 2
0 36 -1 0
1
end_operator
begin_operator
pour-shot-to-used-shaker shot4 ingredient3 shaker1 right l1 l2
6
0 5
1 10
2 5
3 8
38 0
39 0
3
0 15 2 3
0 21 1 2
0 36 -1 0
1
end_operator
begin_operator
pour-shot-to-used-shaker shot4 ingredient3 shaker1 right l1 l2
6
0 6
1 0
2 5
3 8
38 0
39 0
3
0 15 2 3
0 21 1 2
0 36 -1 0
1
end_operator
begin_operator
pour-shot-to-used-shaker shot4 ingredient3 shaker1 right l1 l2
6
0 6
1 1
2 5
3 8
38 0
39 0
3
0 15 2 3
0 21 1 2
0 36 -1 0
1
end_operator
begin_operator
pour-shot-to-used-shaker shot4 ingredient3 shaker1 right l1 l2
6
0 6
1 2
2 5
3 8
38 0
39 0
3
0 15 2 3
0 21 1 2
0 36 -1 0
1
end_operator
begin_operator
pour-shot-to-used-shaker shot4 ingredient3 shaker1 right l1 l2
6
0 6
1 3
2 5
3 8
38 0
39 0
3
0 15 2 3
0 21 1 2
0 36 -1 0
1
end_operator
begin_operator
pour-shot-to-used-shaker shot4 ingredient3 shaker1 right l1 l2
6
0 6
1 4
2 5
3 8
38 0
39 0
3
0 15 2 3
0 21 1 2
0 36 -1 0
1
end_operator
begin_operator
pour-shot-to-used-shaker shot4 ingredient3 shaker1 right l1 l2
6
0 6
1 6
2 5
3 8
38 0
39 0
3
0 15 2 3
0 21 1 2
0 36 -1 0
1
end_operator
begin_operator
pour-shot-to-used-shaker shot4 ingredient3 shaker1 right l1 l2
6
0 6
1 7
2 5
3 8
38 0
39 0
3
0 15 2 3
0 21 1 2
0 36 -1 0
1
end_operator
begin_operator
pour-shot-to-used-shaker shot4 ingredient3 shaker1 right l1 l2
6
0 6
1 8
2 5
3 8
38 0
39 0
3
0 15 2 3
0 21 1 2
0 36 -1 0
1
end_operator
begin_operator
pour-shot-to-used-shaker shot4 ingredient3 shaker1 right l1 l2
6
0 6
1 9
2 5
3 8
38 0
39 0
3
0 15 2 3
0 21 1 2
0 36 -1 0
1
end_operator
begin_operator
pour-shot-to-used-shaker shot4 ingredient3 shaker1 right l1 l2
6
0 6
1 10
2 5
3 8
38 0
39 0
3
0 15 2 3
0 21 1 2
0 36 -1 0
1
end_operator
begin_operator
pour-shot-to-used-shaker shot4 ingredient3 shaker1 right l1 l2
6
0 7
1 0
2 5
3 8
38 0
39 0
3
0 15 2 3
0 21 1 2
0 36 -1 0
1
end_operator
begin_operator
pour-shot-to-used-shaker shot4 ingredient3 shaker1 right l1 l2
6
0 7
1 1
2 5
3 8
38 0
39 0
3
0 15 2 3
0 21 1 2
0 36 -1 0
1
end_operator
begin_operator
pour-shot-to-used-shaker shot4 ingredient3 shaker1 right l1 l2
6
0 7
1 2
2 5
3 8
38 0
39 0
3
0 15 2 3
0 21 1 2
0 36 -1 0
1
end_operator
begin_operator
pour-shot-to-used-shaker shot4 ingredient3 shaker1 right l1 l2
6
0 7
1 3
2 5
3 8
38 0
39 0
3
0 15 2 3
0 21 1 2
0 36 -1 0
1
end_operator
begin_operator
pour-shot-to-used-shaker shot4 ingredient3 shaker1 right l1 l2
6
0 7
1 4
2 5
3 8
38 0
39 0
3
0 15 2 3
0 21 1 2
0 36 -1 0
1
end_operator
begin_operator
pour-shot-to-used-shaker shot4 ingredient3 shaker1 right l1 l2
6
0 7
1 6
2 5
3 8
38 0
39 0
3
0 15 2 3
0 21 1 2
0 36 -1 0
1
end_operator
begin_operator
pour-shot-to-used-shaker shot4 ingredient3 shaker1 right l1 l2
6
0 7
1 7
2 5
3 8
38 0
39 0
3
0 15 2 3
0 21 1 2
0 36 -1 0
1
end_operator
begin_operator
pour-shot-to-used-shaker shot4 ingredient3 shaker1 right l1 l2
6
0 7
1 8
2 5
3 8
38 0
39 0
3
0 15 2 3
0 21 1 2
0 36 -1 0
1
end_operator
begin_operator
pour-shot-to-used-shaker shot4 ingredient3 shaker1 right l1 l2
6
0 7
1 9
2 5
3 8
38 0
39 0
3
0 15 2 3
0 21 1 2
0 36 -1 0
1
end_operator
begin_operator
pour-shot-to-used-shaker shot4 ingredient3 shaker1 right l1 l2
6
0 7
1 10
2 5
3 8
38 0
39 0
3
0 15 2 3
0 21 1 2
0 36 -1 0
1
end_operator
begin_operator
pour-shot-to-used-shaker shot4 ingredient3 shaker1 right l1 l2
6
0 8
1 0
2 5
3 8
38 0
39 0
3
0 15 2 3
0 21 1 2
0 36 -1 0
1
end_operator
begin_operator
pour-shot-to-used-shaker shot4 ingredient3 shaker1 right l1 l2
6
0 8
1 1
2 5
3 8
38 0
39 0
3
0 15 2 3
0 21 1 2
0 36 -1 0
1
end_operator
begin_operator
pour-shot-to-used-shaker shot4 ingredient3 shaker1 right l1 l2
6
0 8
1 2
2 5
3 8
38 0
39 0
3
0 15 2 3
0 21 1 2
0 36 -1 0
1
end_operator
begin_operator
pour-shot-to-used-shaker shot4 ingredient3 shaker1 right l1 l2
6
0 8
1 3
2 5
3 8
38 0
39 0
3
0 15 2 3
0 21 1 2
0 36 -1 0
1
end_operator
begin_operator
pour-shot-to-used-shaker shot4 ingredient3 shaker1 right l1 l2
6
0 8
1 4
2 5
3 8
38 0
39 0
3
0 15 2 3
0 21 1 2
0 36 -1 0
1
end_operator
begin_operator
pour-shot-to-used-shaker shot4 ingredient3 shaker1 right l1 l2
6
0 8
1 6
2 5
3 8
38 0
39 0
3
0 15 2 3
0 21 1 2
0 36 -1 0
1
end_operator
begin_operator
pour-shot-to-used-shaker shot4 ingredient3 shaker1 right l1 l2
6
0 8
1 7
2 5
3 8
38 0
39 0
3
0 15 2 3
0 21 1 2
0 36 -1 0
1
end_operator
begin_operator
pour-shot-to-used-shaker shot4 ingredient3 shaker1 right l1 l2
6
0 8
1 8
2 5
3 8
38 0
39 0
3
0 15 2 3
0 21 1 2
0 36 -1 0
1
end_operator
begin_operator
pour-shot-to-used-shaker shot4 ingredient3 shaker1 right l1 l2
6
0 8
1 9
2 5
3 8
38 0
39 0
3
0 15 2 3
0 21 1 2
0 36 -1 0
1
end_operator
begin_operator
pour-shot-to-used-shaker shot4 ingredient3 shaker1 right l1 l2
6
0 8
1 10
2 5
3 8
38 0
39 0
3
0 15 2 3
0 21 1 2
0 36 -1 0
1
end_operator
begin_operator
pour-shot-to-used-shaker shot4 ingredient3 shaker1 right l1 l2
6
0 9
1 0
2 5
3 8
38 0
39 0
3
0 15 2 3
0 21 1 2
0 36 -1 0
1
end_operator
begin_operator
pour-shot-to-used-shaker shot4 ingredient3 shaker1 right l1 l2
6
0 9
1 1
2 5
3 8
38 0
39 0
3
0 15 2 3
0 21 1 2
0 36 -1 0
1
end_operator
begin_operator
pour-shot-to-used-shaker shot4 ingredient3 shaker1 right l1 l2
6
0 9
1 2
2 5
3 8
38 0
39 0
3
0 15 2 3
0 21 1 2
0 36 -1 0
1
end_operator
begin_operator
pour-shot-to-used-shaker shot4 ingredient3 shaker1 right l1 l2
6
0 9
1 3
2 5
3 8
38 0
39 0
3
0 15 2 3
0 21 1 2
0 36 -1 0
1
end_operator
begin_operator
pour-shot-to-used-shaker shot4 ingredient3 shaker1 right l1 l2
6
0 9
1 4
2 5
3 8
38 0
39 0
3
0 15 2 3
0 21 1 2
0 36 -1 0
1
end_operator
begin_operator
pour-shot-to-used-shaker shot4 ingredient3 shaker1 right l1 l2
6
0 9
1 6
2 5
3 8
38 0
39 0
3
0 15 2 3
0 21 1 2
0 36 -1 0
1
end_operator
begin_operator
pour-shot-to-used-shaker shot4 ingredient3 shaker1 right l1 l2
6
0 9
1 7
2 5
3 8
38 0
39 0
3
0 15 2 3
0 21 1 2
0 36 -1 0
1
end_operator
begin_operator
pour-shot-to-used-shaker shot4 ingredient3 shaker1 right l1 l2
6
0 9
1 8
2 5
3 8
38 0
39 0
3
0 15 2 3
0 21 1 2
0 36 -1 0
1
end_operator
begin_operator
pour-shot-to-used-shaker shot4 ingredient3 shaker1 right l1 l2
6
0 9
1 9
2 5
3 8
38 0
39 0
3
0 15 2 3
0 21 1 2
0 36 -1 0
1
end_operator
begin_operator
pour-shot-to-used-shaker shot4 ingredient3 shaker1 right l1 l2
6
0 9
1 10
2 5
3 8
38 0
39 0
3
0 15 2 3
0 21 1 2
0 36 -1 0
1
end_operator
begin_operator
pour-shot-to-used-shaker shot4 ingredient3 shaker1 right l1 l2
6
0 10
1 0
2 5
3 8
38 0
39 0
3
0 15 2 3
0 21 1 2
0 36 -1 0
1
end_operator
begin_operator
pour-shot-to-used-shaker shot4 ingredient3 shaker1 right l1 l2
6
0 10
1 1
2 5
3 8
38 0
39 0
3
0 15 2 3
0 21 1 2
0 36 -1 0
1
end_operator
begin_operator
pour-shot-to-used-shaker shot4 ingredient3 shaker1 right l1 l2
6
0 10
1 2
2 5
3 8
38 0
39 0
3
0 15 2 3
0 21 1 2
0 36 -1 0
1
end_operator
begin_operator
pour-shot-to-used-shaker shot4 ingredient3 shaker1 right l1 l2
6
0 10
1 3
2 5
3 8
38 0
39 0
3
0 15 2 3
0 21 1 2
0 36 -1 0
1
end_operator
begin_operator
pour-shot-to-used-shaker shot4 ingredient3 shaker1 right l1 l2
6
0 10
1 4
2 5
3 8
38 0
39 0
3
0 15 2 3
0 21 1 2
0 36 -1 0
1
end_operator
begin_operator
pour-shot-to-used-shaker shot4 ingredient3 shaker1 right l1 l2
6
0 10
1 6
2 5
3 8
38 0
39 0
3
0 15 2 3
0 21 1 2
0 36 -1 0
1
end_operator
begin_operator
pour-shot-to-used-shaker shot4 ingredient3 shaker1 right l1 l2
6
0 10
1 7
2 5
3 8
38 0
39 0
3
0 15 2 3
0 21 1 2
0 36 -1 0
1
end_operator
begin_operator
pour-shot-to-used-shaker shot4 ingredient3 shaker1 right l1 l2
6
0 10
1 8
2 5
3 8
38 0
39 0
3
0 15 2 3
0 21 1 2
0 36 -1 0
1
end_operator
begin_operator
pour-shot-to-used-shaker shot4 ingredient3 shaker1 right l1 l2
6
0 10
1 9
2 5
3 8
38 0
39 0
3
0 15 2 3
0 21 1 2
0 36 -1 0
1
end_operator
begin_operator
pour-shot-to-used-shaker shot4 ingredient3 shaker1 right l1 l2
6
0 10
1 10
2 5
3 8
38 0
39 0
3
0 15 2 3
0 21 1 2
0 36 -1 0
1
end_operator
begin_operator
pour-shot-to-used-shaker shot4 ingredient3 shaker1 right l1 l2
6
0 11
1 0
2 5
3 8
38 0
39 0
3
0 15 2 3
0 21 1 2
0 36 -1 0
1
end_operator
begin_operator
pour-shot-to-used-shaker shot4 ingredient3 shaker1 right l1 l2
6
0 11
1 1
2 5
3 8
38 0
39 0
3
0 15 2 3
0 21 1 2
0 36 -1 0
1
end_operator
begin_operator
pour-shot-to-used-shaker shot4 ingredient3 shaker1 right l1 l2
6
0 11
1 2
2 5
3 8
38 0
39 0
3
0 15 2 3
0 21 1 2
0 36 -1 0
1
end_operator
begin_operator
pour-shot-to-used-shaker shot4 ingredient3 shaker1 right l1 l2
6
0 11
1 3
2 5
3 8
38 0
39 0
3
0 15 2 3
0 21 1 2
0 36 -1 0
1
end_operator
begin_operator
pour-shot-to-used-shaker shot4 ingredient3 shaker1 right l1 l2
6
0 11
1 4
2 5
3 8
38 0
39 0
3
0 15 2 3
0 21 1 2
0 36 -1 0
1
end_operator
begin_operator
pour-shot-to-used-shaker shot4 ingredient3 shaker1 right l1 l2
6
0 11
1 6
2 5
3 8
38 0
39 0
3
0 15 2 3
0 21 1 2
0 36 -1 0
1
end_operator
begin_operator
pour-shot-to-used-shaker shot4 ingredient3 shaker1 right l1 l2
6
0 11
1 7
2 5
3 8
38 0
39 0
3
0 15 2 3
0 21 1 2
0 36 -1 0
1
end_operator
begin_operator
pour-shot-to-used-shaker shot4 ingredient3 shaker1 right l1 l2
6
0 11
1 8
2 5
3 8
38 0
39 0
3
0 15 2 3
0 21 1 2
0 36 -1 0
1
end_operator
begin_operator
pour-shot-to-used-shaker shot4 ingredient3 shaker1 right l1 l2
6
0 11
1 9
2 5
3 8
38 0
39 0
3
0 15 2 3
0 21 1 2
0 36 -1 0
1
end_operator
begin_operator
pour-shot-to-used-shaker shot4 ingredient3 shaker1 right l1 l2
6
0 11
1 10
2 5
3 8
38 0
39 0
3
0 15 2 3
0 21 1 2
0 36 -1 0
1
end_operator
begin_operator
pour-shot-to-used-shaker shot4 ingredient3 shaker1 right l1 l2
5
0 0
1 1
2 5
3 8
39 0
4
0 15 2 3
0 21 1 2
0 36 1 0
0 38 1 0
1
end_operator
begin_operator
pour-shot-to-used-shaker shot4 ingredient3 shaker1 right l1 l2
5
0 0
1 2
2 5
3 8
39 0
4
0 15 2 3
0 21 1 2
0 36 1 0
0 38 1 0
1
end_operator
begin_operator
pour-shot-to-used-shaker shot4 ingredient3 shaker1 right l1 l2
5
0 0
1 3
2 5
3 8
39 0
4
0 15 2 3
0 21 1 2
0 36 1 0
0 38 1 0
1
end_operator
begin_operator
pour-shot-to-used-shaker shot4 ingredient3 shaker1 right l1 l2
5
0 0
1 4
2 5
3 8
39 0
4
0 15 2 3
0 21 1 2
0 36 1 0
0 38 1 0
1
end_operator
begin_operator
pour-shot-to-used-shaker shot4 ingredient3 shaker1 right l1 l2
5
0 0
1 6
2 5
3 8
39 0
4
0 15 2 3
0 21 1 2
0 36 1 0
0 38 1 0
1
end_operator
begin_operator
pour-shot-to-used-shaker shot4 ingredient3 shaker1 right l1 l2
5
0 0
1 7
2 5
3 8
39 0
4
0 15 2 3
0 21 1 2
0 36 1 0
0 38 1 0
1
end_operator
begin_operator
pour-shot-to-used-shaker shot4 ingredient3 shaker1 right l1 l2
5
0 0
1 8
2 5
3 8
39 0
4
0 15 2 3
0 21 1 2
0 36 1 0
0 38 1 0
1
end_operator
begin_operator
pour-shot-to-used-shaker shot4 ingredient3 shaker1 right l1 l2
5
0 0
1 9
2 5
3 8
39 0
4
0 15 2 3
0 21 1 2
0 36 1 0
0 38 1 0
1
end_operator
begin_operator
pour-shot-to-used-shaker shot4 ingredient3 shaker1 right l1 l2
5
0 0
1 10
2 5
3 8
39 0
4
0 15 2 3
0 21 1 2
0 36 1 0
0 38 1 0
1
end_operator
begin_operator
pour-shot-to-used-shaker shot4 ingredient3 shaker1 right l1 l2
4
0 0
1 0
2 5
3 8
5
0 15 2 3
0 21 1 2
0 36 1 0
0 38 1 0
0 39 1 0
1
end_operator
begin_operator
pour-shot-to-used-shaker shot5 ingredient1 shaker1 left l1 l2
2
1 6
3 8
3
0 16 0 3
0 21 1 2
0 34 -1 0
1
end_operator
begin_operator
pour-shot-to-used-shaker shot5 ingredient1 shaker1 right l1 l2
2
2 6
3 8
3
0 16 0 3
0 21 1 2
0 34 -1 0
1
end_operator
begin_operator
pour-shot-to-used-shaker shot5 ingredient2 shaker1 left l1 l2
2
1 6
3 8
3
0 16 1 3
0 21 1 2
0 35 -1 0
1
end_operator
begin_operator
pour-shot-to-used-shaker shot5 ingredient2 shaker1 right l1 l2
2
2 6
3 8
3
0 16 1 3
0 21 1 2
0 35 -1 0
1
end_operator
begin_operator
pour-shot-to-used-shaker shot5 ingredient3 shaker1 left l1 l2
4
0 0
1 6
3 8
38 0
3
0 16 2 3
0 21 1 2
0 36 -1 0
1
end_operator
begin_operator
pour-shot-to-used-shaker shot5 ingredient3 shaker1 left l1 l2
4
0 1
1 6
3 8
38 0
3
0 16 2 3
0 21 1 2
0 36 -1 0
1
end_operator
begin_operator
pour-shot-to-used-shaker shot5 ingredient3 shaker1 left l1 l2
4
0 2
1 6
3 8
38 0
3
0 16 2 3
0 21 1 2
0 36 -1 0
1
end_operator
begin_operator
pour-shot-to-used-shaker shot5 ingredient3 shaker1 left l1 l2
4
0 3
1 6
3 8
38 0
3
0 16 2 3
0 21 1 2
0 36 -1 0
1
end_operator
begin_operator
pour-shot-to-used-shaker shot5 ingredient3 shaker1 left l1 l2
4
0 4
1 6
3 8
38 0
3
0 16 2 3
0 21 1 2
0 36 -1 0
1
end_operator
begin_operator
pour-shot-to-used-shaker shot5 ingredient3 shaker1 left l1 l2
4
0 5
1 6
3 8
38 0
3
0 16 2 3
0 21 1 2
0 36 -1 0
1
end_operator
begin_operator
pour-shot-to-used-shaker shot5 ingredient3 shaker1 left l1 l2
4
0 6
1 6
3 8
38 0
3
0 16 2 3
0 21 1 2
0 36 -1 0
1
end_operator
begin_operator
pour-shot-to-used-shaker shot5 ingredient3 shaker1 left l1 l2
4
0 7
1 6
3 8
38 0
3
0 16 2 3
0 21 1 2
0 36 -1 0
1
end_operator
begin_operator
pour-shot-to-used-shaker shot5 ingredient3 shaker1 left l1 l2
4
0 8
1 6
3 8
38 0
3
0 16 2 3
0 21 1 2
0 36 -1 0
1
end_operator
begin_operator
pour-shot-to-used-shaker shot5 ingredient3 shaker1 left l1 l2
4
0 9
1 6
3 8
38 0
3
0 16 2 3
0 21 1 2
0 36 -1 0
1
end_operator
begin_operator
pour-shot-to-used-shaker shot5 ingredient3 shaker1 left l1 l2
4
0 10
1 6
3 8
38 0
3
0 16 2 3
0 21 1 2
0 36 -1 0
1
end_operator
begin_operator
pour-shot-to-used-shaker shot5 ingredient3 shaker1 left l1 l2
4
0 11
1 6
3 8
38 0
3
0 16 2 3
0 21 1 2
0 36 -1 0
1
end_operator
begin_operator
pour-shot-to-used-shaker shot5 ingredient3 shaker1 left l1 l2
3
0 0
1 6
3 8
4
0 16 2 3
0 21 1 2
0 36 1 0
0 38 1 0
1
end_operator
begin_operator
pour-shot-to-used-shaker shot5 ingredient3 shaker1 right l1 l2
6
0 0
1 0
2 6
3 8
38 0
39 0
3
0 16 2 3
0 21 1 2
0 36 -1 0
1
end_operator
begin_operator
pour-shot-to-used-shaker shot5 ingredient3 shaker1 right l1 l2
6
0 0
1 1
2 6
3 8
38 0
39 0
3
0 16 2 3
0 21 1 2
0 36 -1 0
1
end_operator
begin_operator
pour-shot-to-used-shaker shot5 ingredient3 shaker1 right l1 l2
6
0 0
1 2
2 6
3 8
38 0
39 0
3
0 16 2 3
0 21 1 2
0 36 -1 0
1
end_operator
begin_operator
pour-shot-to-used-shaker shot5 ingredient3 shaker1 right l1 l2
6
0 0
1 3
2 6
3 8
38 0
39 0
3
0 16 2 3
0 21 1 2
0 36 -1 0
1
end_operator
begin_operator
pour-shot-to-used-shaker shot5 ingredient3 shaker1 right l1 l2
6
0 0
1 4
2 6
3 8
38 0
39 0
3
0 16 2 3
0 21 1 2
0 36 -1 0
1
end_operator
begin_operator
pour-shot-to-used-shaker shot5 ingredient3 shaker1 right l1 l2
6
0 0
1 5
2 6
3 8
38 0
39 0
3
0 16 2 3
0 21 1 2
0 36 -1 0
1
end_operator
begin_operator
pour-shot-to-used-shaker shot5 ingredient3 shaker1 right l1 l2
6
0 0
1 7
2 6
3 8
38 0
39 0
3
0 16 2 3
0 21 1 2
0 36 -1 0
1
end_operator
begin_operator
pour-shot-to-used-shaker shot5 ingredient3 shaker1 right l1 l2
6
0 0
1 8
2 6
3 8
38 0
39 0
3
0 16 2 3
0 21 1 2
0 36 -1 0
1
end_operator
begin_operator
pour-shot-to-used-shaker shot5 ingredient3 shaker1 right l1 l2
6
0 0
1 9
2 6
3 8
38 0
39 0
3
0 16 2 3
0 21 1 2
0 36 -1 0
1
end_operator
begin_operator
pour-shot-to-used-shaker shot5 ingredient3 shaker1 right l1 l2
6
0 0
1 10
2 6
3 8
38 0
39 0
3
0 16 2 3
0 21 1 2
0 36 -1 0
1
end_operator
begin_operator
pour-shot-to-used-shaker shot5 ingredient3 shaker1 right l1 l2
6
0 1
1 0
2 6
3 8
38 0
39 0
3
0 16 2 3
0 21 1 2
0 36 -1 0
1
end_operator
begin_operator
pour-shot-to-used-shaker shot5 ingredient3 shaker1 right l1 l2
6
0 1
1 1
2 6
3 8
38 0
39 0
3
0 16 2 3
0 21 1 2
0 36 -1 0
1
end_operator
begin_operator
pour-shot-to-used-shaker shot5 ingredient3 shaker1 right l1 l2
6
0 1
1 2
2 6
3 8
38 0
39 0
3
0 16 2 3
0 21 1 2
0 36 -1 0
1
end_operator
begin_operator
pour-shot-to-used-shaker shot5 ingredient3 shaker1 right l1 l2
6
0 1
1 3
2 6
3 8
38 0
39 0
3
0 16 2 3
0 21 1 2
0 36 -1 0
1
end_operator
begin_operator
pour-shot-to-used-shaker shot5 ingredient3 shaker1 right l1 l2
6
0 1
1 4
2 6
3 8
38 0
39 0
3
0 16 2 3
0 21 1 2
0 36 -1 0
1
end_operator
begin_operator
pour-shot-to-used-shaker shot5 ingredient3 shaker1 right l1 l2
6
0 1
1 5
2 6
3 8
38 0
39 0
3
0 16 2 3
0 21 1 2
0 36 -1 0
1
end_operator
begin_operator
pour-shot-to-used-shaker shot5 ingredient3 shaker1 right l1 l2
6
0 1
1 7
2 6
3 8
38 0
39 0
3
0 16 2 3
0 21 1 2
0 36 -1 0
1
end_operator
begin_operator
pour-shot-to-used-shaker shot5 ingredient3 shaker1 right l1 l2
6
0 1
1 8
2 6
3 8
38 0
39 0
3
0 16 2 3
0 21 1 2
0 36 -1 0
1
end_operator
begin_operator
pour-shot-to-used-shaker shot5 ingredient3 shaker1 right l1 l2
6
0 1
1 9
2 6
3 8
38 0
39 0
3
0 16 2 3
0 21 1 2
0 36 -1 0
1
end_operator
begin_operator
pour-shot-to-used-shaker shot5 ingredient3 shaker1 right l1 l2
6
0 1
1 10
2 6
3 8
38 0
39 0
3
0 16 2 3
0 21 1 2
0 36 -1 0
1
end_operator
begin_operator
pour-shot-to-used-shaker shot5 ingredient3 shaker1 right l1 l2
6
0 2
1 0
2 6
3 8
38 0
39 0
3
0 16 2 3
0 21 1 2
0 36 -1 0
1
end_operator
begin_operator
pour-shot-to-used-shaker shot5 ingredient3 shaker1 right l1 l2
6
0 2
1 1
2 6
3 8
38 0
39 0
3
0 16 2 3
0 21 1 2
0 36 -1 0
1
end_operator
begin_operator
pour-shot-to-used-shaker shot5 ingredient3 shaker1 right l1 l2
6
0 2
1 2
2 6
3 8
38 0
39 0
3
0 16 2 3
0 21 1 2
0 36 -1 0
1
end_operator
begin_operator
pour-shot-to-used-shaker shot5 ingredient3 shaker1 right l1 l2
6
0 2
1 3
2 6
3 8
38 0
39 0
3
0 16 2 3
0 21 1 2
0 36 -1 0
1
end_operator
begin_operator
pour-shot-to-used-shaker shot5 ingredient3 shaker1 right l1 l2
6
0 2
1 4
2 6
3 8
38 0
39 0
3
0 16 2 3
0 21 1 2
0 36 -1 0
1
end_operator
begin_operator
pour-shot-to-used-shaker shot5 ingredient3 shaker1 right l1 l2
6
0 2
1 5
2 6
3 8
38 0
39 0
3
0 16 2 3
0 21 1 2
0 36 -1 0
1
end_operator
begin_operator
pour-shot-to-used-shaker shot5 ingredient3 shaker1 right l1 l2
6
0 2
1 7
2 6
3 8
38 0
39 0
3
0 16 2 3
0 21 1 2
0 36 -1 0
1
end_operator
begin_operator
pour-shot-to-used-shaker shot5 ingredient3 shaker1 right l1 l2
6
0 2
1 8
2 6
3 8
38 0
39 0
3
0 16 2 3
0 21 1 2
0 36 -1 0
1
end_operator
begin_operator
pour-shot-to-used-shaker shot5 ingredient3 shaker1 right l1 l2
6
0 2
1 9
2 6
3 8
38 0
39 0
3
0 16 2 3
0 21 1 2
0 36 -1 0
1
end_operator
begin_operator
pour-shot-to-used-shaker shot5 ingredient3 shaker1 right l1 l2
6
0 2
1 10
2 6
3 8
38 0
39 0
3
0 16 2 3
0 21 1 2
0 36 -1 0
1
end_operator
begin_operator
pour-shot-to-used-shaker shot5 ingredient3 shaker1 right l1 l2
6
0 3
1 0
2 6
3 8
38 0
39 0
3
0 16 2 3
0 21 1 2
0 36 -1 0
1
end_operator
begin_operator
pour-shot-to-used-shaker shot5 ingredient3 shaker1 right l1 l2
6
0 3
1 1
2 6
3 8
38 0
39 0
3
0 16 2 3
0 21 1 2
0 36 -1 0
1
end_operator
begin_operator
pour-shot-to-used-shaker shot5 ingredient3 shaker1 right l1 l2
6
0 3
1 2
2 6
3 8
38 0
39 0
3
0 16 2 3
0 21 1 2
0 36 -1 0
1
end_operator
begin_operator
pour-shot-to-used-shaker shot5 ingredient3 shaker1 right l1 l2
6
0 3
1 3
2 6
3 8
38 0
39 0
3
0 16 2 3
0 21 1 2
0 36 -1 0
1
end_operator
begin_operator
pour-shot-to-used-shaker shot5 ingredient3 shaker1 right l1 l2
6
0 3
1 4
2 6
3 8
38 0
39 0
3
0 16 2 3
0 21 1 2
0 36 -1 0
1
end_operator
begin_operator
pour-shot-to-used-shaker shot5 ingredient3 shaker1 right l1 l2
6
0 3
1 5
2 6
3 8
38 0
39 0
3
0 16 2 3
0 21 1 2
0 36 -1 0
1
end_operator
begin_operator
pour-shot-to-used-shaker shot5 ingredient3 shaker1 right l1 l2
6
0 3
1 7
2 6
3 8
38 0
39 0
3
0 16 2 3
0 21 1 2
0 36 -1 0
1
end_operator
begin_operator
pour-shot-to-used-shaker shot5 ingredient3 shaker1 right l1 l2
6
0 3
1 8
2 6
3 8
38 0
39 0
3
0 16 2 3
0 21 1 2
0 36 -1 0
1
end_operator
begin_operator
pour-shot-to-used-shaker shot5 ingredient3 shaker1 right l1 l2
6
0 3
1 9
2 6
3 8
38 0
39 0
3
0 16 2 3
0 21 1 2
0 36 -1 0
1
end_operator
begin_operator
pour-shot-to-used-shaker shot5 ingredient3 shaker1 right l1 l2
6
0 3
1 10
2 6
3 8
38 0
39 0
3
0 16 2 3
0 21 1 2
0 36 -1 0
1
end_operator
begin_operator
pour-shot-to-used-shaker shot5 ingredient3 shaker1 right l1 l2
6
0 4
1 0
2 6
3 8
38 0
39 0
3
0 16 2 3
0 21 1 2
0 36 -1 0
1
end_operator
begin_operator
pour-shot-to-used-shaker shot5 ingredient3 shaker1 right l1 l2
6
0 4
1 1
2 6
3 8
38 0
39 0
3
0 16 2 3
0 21 1 2
0 36 -1 0
1
end_operator
begin_operator
pour-shot-to-used-shaker shot5 ingredient3 shaker1 right l1 l2
6
0 4
1 2
2 6
3 8
38 0
39 0
3
0 16 2 3
0 21 1 2
0 36 -1 0
1
end_operator
begin_operator
pour-shot-to-used-shaker shot5 ingredient3 shaker1 right l1 l2
6
0 4
1 3
2 6
3 8
38 0
39 0
3
0 16 2 3
0 21 1 2
0 36 -1 0
1
end_operator
begin_operator
pour-shot-to-used-shaker shot5 ingredient3 shaker1 right l1 l2
6
0 4
1 4
2 6
3 8
38 0
39 0
3
0 16 2 3
0 21 1 2
0 36 -1 0
1
end_operator
begin_operator
pour-shot-to-used-shaker shot5 ingredient3 shaker1 right l1 l2
6
0 4
1 5
2 6
3 8
38 0
39 0
3
0 16 2 3
0 21 1 2
0 36 -1 0
1
end_operator
begin_operator
pour-shot-to-used-shaker shot5 ingredient3 shaker1 right l1 l2
6
0 4
1 7
2 6
3 8
38 0
39 0
3
0 16 2 3
0 21 1 2
0 36 -1 0
1
end_operator
begin_operator
pour-shot-to-used-shaker shot5 ingredient3 shaker1 right l1 l2
6
0 4
1 8
2 6
3 8
38 0
39 0
3
0 16 2 3
0 21 1 2
0 36 -1 0
1
end_operator
begin_operator
pour-shot-to-used-shaker shot5 ingredient3 shaker1 right l1 l2
6
0 4
1 9
2 6
3 8
38 0
39 0
3
0 16 2 3
0 21 1 2
0 36 -1 0
1
end_operator
begin_operator
pour-shot-to-used-shaker shot5 ingredient3 shaker1 right l1 l2
6
0 4
1 10
2 6
3 8
38 0
39 0
3
0 16 2 3
0 21 1 2
0 36 -1 0
1
end_operator
begin_operator
pour-shot-to-used-shaker shot5 ingredient3 shaker1 right l1 l2
6
0 5
1 0
2 6
3 8
38 0
39 0
3
0 16 2 3
0 21 1 2
0 36 -1 0
1
end_operator
begin_operator
pour-shot-to-used-shaker shot5 ingredient3 shaker1 right l1 l2
6
0 5
1 1
2 6
3 8
38 0
39 0
3
0 16 2 3
0 21 1 2
0 36 -1 0
1
end_operator
begin_operator
pour-shot-to-used-shaker shot5 ingredient3 shaker1 right l1 l2
6
0 5
1 2
2 6
3 8
38 0
39 0
3
0 16 2 3
0 21 1 2
0 36 -1 0
1
end_operator
begin_operator
pour-shot-to-used-shaker shot5 ingredient3 shaker1 right l1 l2
6
0 5
1 3
2 6
3 8
38 0
39 0
3
0 16 2 3
0 21 1 2
0 36 -1 0
1
end_operator
begin_operator
pour-shot-to-used-shaker shot5 ingredient3 shaker1 right l1 l2
6
0 5
1 4
2 6
3 8
38 0
39 0
3
0 16 2 3
0 21 1 2
0 36 -1 0
1
end_operator
begin_operator
pour-shot-to-used-shaker shot5 ingredient3 shaker1 right l1 l2
6
0 5
1 5
2 6
3 8
38 0
39 0
3
0 16 2 3
0 21 1 2
0 36 -1 0
1
end_operator
begin_operator
pour-shot-to-used-shaker shot5 ingredient3 shaker1 right l1 l2
6
0 5
1 7
2 6
3 8
38 0
39 0
3
0 16 2 3
0 21 1 2
0 36 -1 0
1
end_operator
begin_operator
pour-shot-to-used-shaker shot5 ingredient3 shaker1 right l1 l2
6
0 5
1 8
2 6
3 8
38 0
39 0
3
0 16 2 3
0 21 1 2
0 36 -1 0
1
end_operator
begin_operator
pour-shot-to-used-shaker shot5 ingredient3 shaker1 right l1 l2
6
0 5
1 9
2 6
3 8
38 0
39 0
3
0 16 2 3
0 21 1 2
0 36 -1 0
1
end_operator
begin_operator
pour-shot-to-used-shaker shot5 ingredient3 shaker1 right l1 l2
6
0 5
1 10
2 6
3 8
38 0
39 0
3
0 16 2 3
0 21 1 2
0 36 -1 0
1
end_operator
begin_operator
pour-shot-to-used-shaker shot5 ingredient3 shaker1 right l1 l2
6
0 6
1 0
2 6
3 8
38 0
39 0
3
0 16 2 3
0 21 1 2
0 36 -1 0
1
end_operator
begin_operator
pour-shot-to-used-shaker shot5 ingredient3 shaker1 right l1 l2
6
0 6
1 1
2 6
3 8
38 0
39 0
3
0 16 2 3
0 21 1 2
0 36 -1 0
1
end_operator
begin_operator
pour-shot-to-used-shaker shot5 ingredient3 shaker1 right l1 l2
6
0 6
1 2
2 6
3 8
38 0
39 0
3
0 16 2 3
0 21 1 2
0 36 -1 0
1
end_operator
begin_operator
pour-shot-to-used-shaker shot5 ingredient3 shaker1 right l1 l2
6
0 6
1 3
2 6
3 8
38 0
39 0
3
0 16 2 3
0 21 1 2
0 36 -1 0
1
end_operator
begin_operator
pour-shot-to-used-shaker shot5 ingredient3 shaker1 right l1 l2
6
0 6
1 4
2 6
3 8
38 0
39 0
3
0 16 2 3
0 21 1 2
0 36 -1 0
1
end_operator
begin_operator
pour-shot-to-used-shaker shot5 ingredient3 shaker1 right l1 l2
6
0 6
1 5
2 6
3 8
38 0
39 0
3
0 16 2 3
0 21 1 2
0 36 -1 0
1
end_operator
begin_operator
pour-shot-to-used-shaker shot5 ingredient3 shaker1 right l1 l2
6
0 6
1 7
2 6
3 8
38 0
39 0
3
0 16 2 3
0 21 1 2
0 36 -1 0
1
end_operator
begin_operator
pour-shot-to-used-shaker shot5 ingredient3 shaker1 right l1 l2
6
0 6
1 8
2 6
3 8
38 0
39 0
3
0 16 2 3
0 21 1 2
0 36 -1 0
1
end_operator
begin_operator
pour-shot-to-used-shaker shot5 ingredient3 shaker1 right l1 l2
6
0 6
1 9
2 6
3 8
38 0
39 0
3
0 16 2 3
0 21 1 2
0 36 -1 0
1
end_operator
begin_operator
pour-shot-to-used-shaker shot5 ingredient3 shaker1 right l1 l2
6
0 6
1 10
2 6
3 8
38 0
39 0
3
0 16 2 3
0 21 1 2
0 36 -1 0
1
end_operator
begin_operator
pour-shot-to-used-shaker shot5 ingredient3 shaker1 right l1 l2
6
0 7
1 0
2 6
3 8
38 0
39 0
3
0 16 2 3
0 21 1 2
0 36 -1 0
1
end_operator
begin_operator
pour-shot-to-used-shaker shot5 ingredient3 shaker1 right l1 l2
6
0 7
1 1
2 6
3 8
38 0
39 0
3
0 16 2 3
0 21 1 2
0 36 -1 0
1
end_operator
begin_operator
pour-shot-to-used-shaker shot5 ingredient3 shaker1 right l1 l2
6
0 7
1 2
2 6
3 8
38 0
39 0
3
0 16 2 3
0 21 1 2
0 36 -1 0
1
end_operator
begin_operator
pour-shot-to-used-shaker shot5 ingredient3 shaker1 right l1 l2
6
0 7
1 3
2 6
3 8
38 0
39 0
3
0 16 2 3
0 21 1 2
0 36 -1 0
1
end_operator
begin_operator
pour-shot-to-used-shaker shot5 ingredient3 shaker1 right l1 l2
6
0 7
1 4
2 6
3 8
38 0
39 0
3
0 16 2 3
0 21 1 2
0 36 -1 0
1
end_operator
begin_operator
pour-shot-to-used-shaker shot5 ingredient3 shaker1 right l1 l2
6
0 7
1 5
2 6
3 8
38 0
39 0
3
0 16 2 3
0 21 1 2
0 36 -1 0
1
end_operator
begin_operator
pour-shot-to-used-shaker shot5 ingredient3 shaker1 right l1 l2
6
0 7
1 7
2 6
3 8
38 0
39 0
3
0 16 2 3
0 21 1 2
0 36 -1 0
1
end_operator
begin_operator
pour-shot-to-used-shaker shot5 ingredient3 shaker1 right l1 l2
6
0 7
1 8
2 6
3 8
38 0
39 0
3
0 16 2 3
0 21 1 2
0 36 -1 0
1
end_operator
begin_operator
pour-shot-to-used-shaker shot5 ingredient3 shaker1 right l1 l2
6
0 7
1 9
2 6
3 8
38 0
39 0
3
0 16 2 3
0 21 1 2
0 36 -1 0
1
end_operator
begin_operator
pour-shot-to-used-shaker shot5 ingredient3 shaker1 right l1 l2
6
0 7
1 10
2 6
3 8
38 0
39 0
3
0 16 2 3
0 21 1 2
0 36 -1 0
1
end_operator
begin_operator
pour-shot-to-used-shaker shot5 ingredient3 shaker1 right l1 l2
6
0 8
1 0
2 6
3 8
38 0
39 0
3
0 16 2 3
0 21 1 2
0 36 -1 0
1
end_operator
begin_operator
pour-shot-to-used-shaker shot5 ingredient3 shaker1 right l1 l2
6
0 8
1 1
2 6
3 8
38 0
39 0
3
0 16 2 3
0 21 1 2
0 36 -1 0
1
end_operator
begin_operator
pour-shot-to-used-shaker shot5 ingredient3 shaker1 right l1 l2
6
0 8
1 2
2 6
3 8
38 0
39 0
3
0 16 2 3
0 21 1 2
0 36 -1 0
1
end_operator
begin_operator
pour-shot-to-used-shaker shot5 ingredient3 shaker1 right l1 l2
6
0 8
1 3
2 6
3 8
38 0
39 0
3
0 16 2 3
0 21 1 2
0 36 -1 0
1
end_operator
begin_operator
pour-shot-to-used-shaker shot5 ingredient3 shaker1 right l1 l2
6
0 8
1 4
2 6
3 8
38 0
39 0
3
0 16 2 3
0 21 1 2
0 36 -1 0
1
end_operator
begin_operator
pour-shot-to-used-shaker shot5 ingredient3 shaker1 right l1 l2
6
0 8
1 5
2 6
3 8
38 0
39 0
3
0 16 2 3
0 21 1 2
0 36 -1 0
1
end_operator
begin_operator
pour-shot-to-used-shaker shot5 ingredient3 shaker1 right l1 l2
6
0 8
1 7
2 6
3 8
38 0
39 0
3
0 16 2 3
0 21 1 2
0 36 -1 0
1
end_operator
begin_operator
pour-shot-to-used-shaker shot5 ingredient3 shaker1 right l1 l2
6
0 8
1 8
2 6
3 8
38 0
39 0
3
0 16 2 3
0 21 1 2
0 36 -1 0
1
end_operator
begin_operator
pour-shot-to-used-shaker shot5 ingredient3 shaker1 right l1 l2
6
0 8
1 9
2 6
3 8
38 0
39 0
3
0 16 2 3
0 21 1 2
0 36 -1 0
1
end_operator
begin_operator
pour-shot-to-used-shaker shot5 ingredient3 shaker1 right l1 l2
6
0 8
1 10
2 6
3 8
38 0
39 0
3
0 16 2 3
0 21 1 2
0 36 -1 0
1
end_operator
begin_operator
pour-shot-to-used-shaker shot5 ingredient3 shaker1 right l1 l2
6
0 9
1 0
2 6
3 8
38 0
39 0
3
0 16 2 3
0 21 1 2
0 36 -1 0
1
end_operator
begin_operator
pour-shot-to-used-shaker shot5 ingredient3 shaker1 right l1 l2
6
0 9
1 1
2 6
3 8
38 0
39 0
3
0 16 2 3
0 21 1 2
0 36 -1 0
1
end_operator
begin_operator
pour-shot-to-used-shaker shot5 ingredient3 shaker1 right l1 l2
6
0 9
1 2
2 6
3 8
38 0
39 0
3
0 16 2 3
0 21 1 2
0 36 -1 0
1
end_operator
begin_operator
pour-shot-to-used-shaker shot5 ingredient3 shaker1 right l1 l2
6
0 9
1 3
2 6
3 8
38 0
39 0
3
0 16 2 3
0 21 1 2
0 36 -1 0
1
end_operator
begin_operator
pour-shot-to-used-shaker shot5 ingredient3 shaker1 right l1 l2
6
0 9
1 4
2 6
3 8
38 0
39 0
3
0 16 2 3
0 21 1 2
0 36 -1 0
1
end_operator
begin_operator
pour-shot-to-used-shaker shot5 ingredient3 shaker1 right l1 l2
6
0 9
1 5
2 6
3 8
38 0
39 0
3
0 16 2 3
0 21 1 2
0 36 -1 0
1
end_operator
begin_operator
pour-shot-to-used-shaker shot5 ingredient3 shaker1 right l1 l2
6
0 9
1 7
2 6
3 8
38 0
39 0
3
0 16 2 3
0 21 1 2
0 36 -1 0
1
end_operator
begin_operator
pour-shot-to-used-shaker shot5 ingredient3 shaker1 right l1 l2
6
0 9
1 8
2 6
3 8
38 0
39 0
3
0 16 2 3
0 21 1 2
0 36 -1 0
1
end_operator
begin_operator
pour-shot-to-used-shaker shot5 ingredient3 shaker1 right l1 l2
6
0 9
1 9
2 6
3 8
38 0
39 0
3
0 16 2 3
0 21 1 2
0 36 -1 0
1
end_operator
begin_operator
pour-shot-to-used-shaker shot5 ingredient3 shaker1 right l1 l2
6
0 9
1 10
2 6
3 8
38 0
39 0
3
0 16 2 3
0 21 1 2
0 36 -1 0
1
end_operator
begin_operator
pour-shot-to-used-shaker shot5 ingredient3 shaker1 right l1 l2
6
0 10
1 0
2 6
3 8
38 0
39 0
3
0 16 2 3
0 21 1 2
0 36 -1 0
1
end_operator
begin_operator
pour-shot-to-used-shaker shot5 ingredient3 shaker1 right l1 l2
6
0 10
1 1
2 6
3 8
38 0
39 0
3
0 16 2 3
0 21 1 2
0 36 -1 0
1
end_operator
begin_operator
pour-shot-to-used-shaker shot5 ingredient3 shaker1 right l1 l2
6
0 10
1 2
2 6
3 8
38 0
39 0
3
0 16 2 3
0 21 1 2
0 36 -1 0
1
end_operator
begin_operator
pour-shot-to-used-shaker shot5 ingredient3 shaker1 right l1 l2
6
0 10
1 3
2 6
3 8
38 0
39 0
3
0 16 2 3
0 21 1 2
0 36 -1 0
1
end_operator
begin_operator
pour-shot-to-used-shaker shot5 ingredient3 shaker1 right l1 l2
6
0 10
1 4
2 6
3 8
38 0
39 0
3
0 16 2 3
0 21 1 2
0 36 -1 0
1
end_operator
begin_operator
pour-shot-to-used-shaker shot5 ingredient3 shaker1 right l1 l2
6
0 10
1 5
2 6
3 8
38 0
39 0
3
0 16 2 3
0 21 1 2
0 36 -1 0
1
end_operator
begin_operator
pour-shot-to-used-shaker shot5 ingredient3 shaker1 right l1 l2
6
0 10
1 7
2 6
3 8
38 0
39 0
3
0 16 2 3
0 21 1 2
0 36 -1 0
1
end_operator
begin_operator
pour-shot-to-used-shaker shot5 ingredient3 shaker1 right l1 l2
6
0 10
1 8
2 6
3 8
38 0
39 0
3
0 16 2 3
0 21 1 2
0 36 -1 0
1
end_operator
begin_operator
pour-shot-to-used-shaker shot5 ingredient3 shaker1 right l1 l2
6
0 10
1 9
2 6
3 8
38 0
39 0
3
0 16 2 3
0 21 1 2
0 36 -1 0
1
end_operator
begin_operator
pour-shot-to-used-shaker shot5 ingredient3 shaker1 right l1 l2
6
0 10
1 10
2 6
3 8
38 0
39 0
3
0 16 2 3
0 21 1 2
0 36 -1 0
1
end_operator
begin_operator
pour-shot-to-used-shaker shot5 ingredient3 shaker1 right l1 l2
6
0 11
1 0
2 6
3 8
38 0
39 0
3
0 16 2 3
0 21 1 2
0 36 -1 0
1
end_operator
begin_operator
pour-shot-to-used-shaker shot5 ingredient3 shaker1 right l1 l2
6
0 11
1 1
2 6
3 8
38 0
39 0
3
0 16 2 3
0 21 1 2
0 36 -1 0
1
end_operator
begin_operator
pour-shot-to-used-shaker shot5 ingredient3 shaker1 right l1 l2
6
0 11
1 2
2 6
3 8
38 0
39 0
3
0 16 2 3
0 21 1 2
0 36 -1 0
1
end_operator
begin_operator
pour-shot-to-used-shaker shot5 ingredient3 shaker1 right l1 l2
6
0 11
1 3
2 6
3 8
38 0
39 0
3
0 16 2 3
0 21 1 2
0 36 -1 0
1
end_operator
begin_operator
pour-shot-to-used-shaker shot5 ingredient3 shaker1 right l1 l2
6
0 11
1 4
2 6
3 8
38 0
39 0
3
0 16 2 3
0 21 1 2
0 36 -1 0
1
end_operator
begin_operator
pour-shot-to-used-shaker shot5 ingredient3 shaker1 right l1 l2
6
0 11
1 5
2 6
3 8
38 0
39 0
3
0 16 2 3
0 21 1 2
0 36 -1 0
1
end_operator
begin_operator
pour-shot-to-used-shaker shot5 ingredient3 shaker1 right l1 l2
6
0 11
1 7
2 6
3 8
38 0
39 0
3
0 16 2 3
0 21 1 2
0 36 -1 0
1
end_operator
begin_operator
pour-shot-to-used-shaker shot5 ingredient3 shaker1 right l1 l2
6
0 11
1 8
2 6
3 8
38 0
39 0
3
0 16 2 3
0 21 1 2
0 36 -1 0
1
end_operator
begin_operator
pour-shot-to-used-shaker shot5 ingredient3 shaker1 right l1 l2
6
0 11
1 9
2 6
3 8
38 0
39 0
3
0 16 2 3
0 21 1 2
0 36 -1 0
1
end_operator
begin_operator
pour-shot-to-used-shaker shot5 ingredient3 shaker1 right l1 l2
6
0 11
1 10
2 6
3 8
38 0
39 0
3
0 16 2 3
0 21 1 2
0 36 -1 0
1
end_operator
begin_operator
pour-shot-to-used-shaker shot5 ingredient3 shaker1 right l1 l2
5
0 0
1 1
2 6
3 8
39 0
4
0 16 2 3
0 21 1 2
0 36 1 0
0 38 1 0
1
end_operator
begin_operator
pour-shot-to-used-shaker shot5 ingredient3 shaker1 right l1 l2
5
0 0
1 2
2 6
3 8
39 0
4
0 16 2 3
0 21 1 2
0 36 1 0
0 38 1 0
1
end_operator
begin_operator
pour-shot-to-used-shaker shot5 ingredient3 shaker1 right l1 l2
5
0 0
1 3
2 6
3 8
39 0
4
0 16 2 3
0 21 1 2
0 36 1 0
0 38 1 0
1
end_operator
begin_operator
pour-shot-to-used-shaker shot5 ingredient3 shaker1 right l1 l2
5
0 0
1 4
2 6
3 8
39 0
4
0 16 2 3
0 21 1 2
0 36 1 0
0 38 1 0
1
end_operator
begin_operator
pour-shot-to-used-shaker shot5 ingredient3 shaker1 right l1 l2
5
0 0
1 5
2 6
3 8
39 0
4
0 16 2 3
0 21 1 2
0 36 1 0
0 38 1 0
1
end_operator
begin_operator
pour-shot-to-used-shaker shot5 ingredient3 shaker1 right l1 l2
5
0 0
1 7
2 6
3 8
39 0
4
0 16 2 3
0 21 1 2
0 36 1 0
0 38 1 0
1
end_operator
begin_operator
pour-shot-to-used-shaker shot5 ingredient3 shaker1 right l1 l2
5
0 0
1 8
2 6
3 8
39 0
4
0 16 2 3
0 21 1 2
0 36 1 0
0 38 1 0
1
end_operator
begin_operator
pour-shot-to-used-shaker shot5 ingredient3 shaker1 right l1 l2
5
0 0
1 9
2 6
3 8
39 0
4
0 16 2 3
0 21 1 2
0 36 1 0
0 38 1 0
1
end_operator
begin_operator
pour-shot-to-used-shaker shot5 ingredient3 shaker1 right l1 l2
5
0 0
1 10
2 6
3 8
39 0
4
0 16 2 3
0 21 1 2
0 36 1 0
0 38 1 0
1
end_operator
begin_operator
pour-shot-to-used-shaker shot5 ingredient3 shaker1 right l1 l2
4
0 0
1 0
2 6
3 8
5
0 16 2 3
0 21 1 2
0 36 1 0
0 38 1 0
0 39 1 0
1
end_operator
begin_operator
pour-shot-to-used-shaker shot6 ingredient1 shaker1 left l1 l2
2
1 7
3 8
3
0 17 0 3
0 21 1 2
0 34 -1 0
1
end_operator
begin_operator
pour-shot-to-used-shaker shot6 ingredient1 shaker1 right l1 l2
2
2 7
3 8
3
0 17 0 3
0 21 1 2
0 34 -1 0
1
end_operator
begin_operator
pour-shot-to-used-shaker shot6 ingredient2 shaker1 left l1 l2
2
1 7
3 8
3
0 17 1 3
0 21 1 2
0 35 -1 0
1
end_operator
begin_operator
pour-shot-to-used-shaker shot6 ingredient2 shaker1 right l1 l2
2
2 7
3 8
3
0 17 1 3
0 21 1 2
0 35 -1 0
1
end_operator
begin_operator
pour-shot-to-used-shaker shot6 ingredient3 shaker1 left l1 l2
4
0 0
1 7
3 8
38 0
3
0 17 2 3
0 21 1 2
0 36 -1 0
1
end_operator
begin_operator
pour-shot-to-used-shaker shot6 ingredient3 shaker1 left l1 l2
4
0 1
1 7
3 8
38 0
3
0 17 2 3
0 21 1 2
0 36 -1 0
1
end_operator
begin_operator
pour-shot-to-used-shaker shot6 ingredient3 shaker1 left l1 l2
4
0 2
1 7
3 8
38 0
3
0 17 2 3
0 21 1 2
0 36 -1 0
1
end_operator
begin_operator
pour-shot-to-used-shaker shot6 ingredient3 shaker1 left l1 l2
4
0 3
1 7
3 8
38 0
3
0 17 2 3
0 21 1 2
0 36 -1 0
1
end_operator
begin_operator
pour-shot-to-used-shaker shot6 ingredient3 shaker1 left l1 l2
4
0 4
1 7
3 8
38 0
3
0 17 2 3
0 21 1 2
0 36 -1 0
1
end_operator
begin_operator
pour-shot-to-used-shaker shot6 ingredient3 shaker1 left l1 l2
4
0 5
1 7
3 8
38 0
3
0 17 2 3
0 21 1 2
0 36 -1 0
1
end_operator
begin_operator
pour-shot-to-used-shaker shot6 ingredient3 shaker1 left l1 l2
4
0 6
1 7
3 8
38 0
3
0 17 2 3
0 21 1 2
0 36 -1 0
1
end_operator
begin_operator
pour-shot-to-used-shaker shot6 ingredient3 shaker1 left l1 l2
4
0 7
1 7
3 8
38 0
3
0 17 2 3
0 21 1 2
0 36 -1 0
1
end_operator
begin_operator
pour-shot-to-used-shaker shot6 ingredient3 shaker1 left l1 l2
4
0 8
1 7
3 8
38 0
3
0 17 2 3
0 21 1 2
0 36 -1 0
1
end_operator
begin_operator
pour-shot-to-used-shaker shot6 ingredient3 shaker1 left l1 l2
4
0 9
1 7
3 8
38 0
3
0 17 2 3
0 21 1 2
0 36 -1 0
1
end_operator
begin_operator
pour-shot-to-used-shaker shot6 ingredient3 shaker1 left l1 l2
4
0 10
1 7
3 8
38 0
3
0 17 2 3
0 21 1 2
0 36 -1 0
1
end_operator
begin_operator
pour-shot-to-used-shaker shot6 ingredient3 shaker1 left l1 l2
4
0 11
1 7
3 8
38 0
3
0 17 2 3
0 21 1 2
0 36 -1 0
1
end_operator
begin_operator
pour-shot-to-used-shaker shot6 ingredient3 shaker1 left l1 l2
3
0 0
1 7
3 8
4
0 17 2 3
0 21 1 2
0 36 1 0
0 38 1 0
1
end_operator
begin_operator
pour-shot-to-used-shaker shot6 ingredient3 shaker1 right l1 l2
6
0 0
1 0
2 7
3 8
38 0
39 0
3
0 17 2 3
0 21 1 2
0 36 -1 0
1
end_operator
begin_operator
pour-shot-to-used-shaker shot6 ingredient3 shaker1 right l1 l2
6
0 0
1 1
2 7
3 8
38 0
39 0
3
0 17 2 3
0 21 1 2
0 36 -1 0
1
end_operator
begin_operator
pour-shot-to-used-shaker shot6 ingredient3 shaker1 right l1 l2
6
0 0
1 2
2 7
3 8
38 0
39 0
3
0 17 2 3
0 21 1 2
0 36 -1 0
1
end_operator
begin_operator
pour-shot-to-used-shaker shot6 ingredient3 shaker1 right l1 l2
6
0 0
1 3
2 7
3 8
38 0
39 0
3
0 17 2 3
0 21 1 2
0 36 -1 0
1
end_operator
begin_operator
pour-shot-to-used-shaker shot6 ingredient3 shaker1 right l1 l2
6
0 0
1 4
2 7
3 8
38 0
39 0
3
0 17 2 3
0 21 1 2
0 36 -1 0
1
end_operator
begin_operator
pour-shot-to-used-shaker shot6 ingredient3 shaker1 right l1 l2
6
0 0
1 5
2 7
3 8
38 0
39 0
3
0 17 2 3
0 21 1 2
0 36 -1 0
1
end_operator
begin_operator
pour-shot-to-used-shaker shot6 ingredient3 shaker1 right l1 l2
6
0 0
1 6
2 7
3 8
38 0
39 0
3
0 17 2 3
0 21 1 2
0 36 -1 0
1
end_operator
begin_operator
pour-shot-to-used-shaker shot6 ingredient3 shaker1 right l1 l2
6
0 0
1 8
2 7
3 8
38 0
39 0
3
0 17 2 3
0 21 1 2
0 36 -1 0
1
end_operator
begin_operator
pour-shot-to-used-shaker shot6 ingredient3 shaker1 right l1 l2
6
0 0
1 9
2 7
3 8
38 0
39 0
3
0 17 2 3
0 21 1 2
0 36 -1 0
1
end_operator
begin_operator
pour-shot-to-used-shaker shot6 ingredient3 shaker1 right l1 l2
6
0 0
1 10
2 7
3 8
38 0
39 0
3
0 17 2 3
0 21 1 2
0 36 -1 0
1
end_operator
begin_operator
pour-shot-to-used-shaker shot6 ingredient3 shaker1 right l1 l2
6
0 1
1 0
2 7
3 8
38 0
39 0
3
0 17 2 3
0 21 1 2
0 36 -1 0
1
end_operator
begin_operator
pour-shot-to-used-shaker shot6 ingredient3 shaker1 right l1 l2
6
0 1
1 1
2 7
3 8
38 0
39 0
3
0 17 2 3
0 21 1 2
0 36 -1 0
1
end_operator
begin_operator
pour-shot-to-used-shaker shot6 ingredient3 shaker1 right l1 l2
6
0 1
1 2
2 7
3 8
38 0
39 0
3
0 17 2 3
0 21 1 2
0 36 -1 0
1
end_operator
begin_operator
pour-shot-to-used-shaker shot6 ingredient3 shaker1 right l1 l2
6
0 1
1 3
2 7
3 8
38 0
39 0
3
0 17 2 3
0 21 1 2
0 36 -1 0
1
end_operator
begin_operator
pour-shot-to-used-shaker shot6 ingredient3 shaker1 right l1 l2
6
0 1
1 4
2 7
3 8
38 0
39 0
3
0 17 2 3
0 21 1 2
0 36 -1 0
1
end_operator
begin_operator
pour-shot-to-used-shaker shot6 ingredient3 shaker1 right l1 l2
6
0 1
1 5
2 7
3 8
38 0
39 0
3
0 17 2 3
0 21 1 2
0 36 -1 0
1
end_operator
begin_operator
pour-shot-to-used-shaker shot6 ingredient3 shaker1 right l1 l2
6
0 1
1 6
2 7
3 8
38 0
39 0
3
0 17 2 3
0 21 1 2
0 36 -1 0
1
end_operator
begin_operator
pour-shot-to-used-shaker shot6 ingredient3 shaker1 right l1 l2
6
0 1
1 8
2 7
3 8
38 0
39 0
3
0 17 2 3
0 21 1 2
0 36 -1 0
1
end_operator
begin_operator
pour-shot-to-used-shaker shot6 ingredient3 shaker1 right l1 l2
6
0 1
1 9
2 7
3 8
38 0
39 0
3
0 17 2 3
0 21 1 2
0 36 -1 0
1
end_operator
begin_operator
pour-shot-to-used-shaker shot6 ingredient3 shaker1 right l1 l2
6
0 1
1 10
2 7
3 8
38 0
39 0
3
0 17 2 3
0 21 1 2
0 36 -1 0
1
end_operator
begin_operator
pour-shot-to-used-shaker shot6 ingredient3 shaker1 right l1 l2
6
0 2
1 0
2 7
3 8
38 0
39 0
3
0 17 2 3
0 21 1 2
0 36 -1 0
1
end_operator
begin_operator
pour-shot-to-used-shaker shot6 ingredient3 shaker1 right l1 l2
6
0 2
1 1
2 7
3 8
38 0
39 0
3
0 17 2 3
0 21 1 2
0 36 -1 0
1
end_operator
begin_operator
pour-shot-to-used-shaker shot6 ingredient3 shaker1 right l1 l2
6
0 2
1 2
2 7
3 8
38 0
39 0
3
0 17 2 3
0 21 1 2
0 36 -1 0
1
end_operator
begin_operator
pour-shot-to-used-shaker shot6 ingredient3 shaker1 right l1 l2
6
0 2
1 3
2 7
3 8
38 0
39 0
3
0 17 2 3
0 21 1 2
0 36 -1 0
1
end_operator
begin_operator
pour-shot-to-used-shaker shot6 ingredient3 shaker1 right l1 l2
6
0 2
1 4
2 7
3 8
38 0
39 0
3
0 17 2 3
0 21 1 2
0 36 -1 0
1
end_operator
begin_operator
pour-shot-to-used-shaker shot6 ingredient3 shaker1 right l1 l2
6
0 2
1 5
2 7
3 8
38 0
39 0
3
0 17 2 3
0 21 1 2
0 36 -1 0
1
end_operator
begin_operator
pour-shot-to-used-shaker shot6 ingredient3 shaker1 right l1 l2
6
0 2
1 6
2 7
3 8
38 0
39 0
3
0 17 2 3
0 21 1 2
0 36 -1 0
1
end_operator
begin_operator
pour-shot-to-used-shaker shot6 ingredient3 shaker1 right l1 l2
6
0 2
1 8
2 7
3 8
38 0
39 0
3
0 17 2 3
0 21 1 2
0 36 -1 0
1
end_operator
begin_operator
pour-shot-to-used-shaker shot6 ingredient3 shaker1 right l1 l2
6
0 2
1 9
2 7
3 8
38 0
39 0
3
0 17 2 3
0 21 1 2
0 36 -1 0
1
end_operator
begin_operator
pour-shot-to-used-shaker shot6 ingredient3 shaker1 right l1 l2
6
0 2
1 10
2 7
3 8
38 0
39 0
3
0 17 2 3
0 21 1 2
0 36 -1 0
1
end_operator
begin_operator
pour-shot-to-used-shaker shot6 ingredient3 shaker1 right l1 l2
6
0 3
1 0
2 7
3 8
38 0
39 0
3
0 17 2 3
0 21 1 2
0 36 -1 0
1
end_operator
begin_operator
pour-shot-to-used-shaker shot6 ingredient3 shaker1 right l1 l2
6
0 3
1 1
2 7
3 8
38 0
39 0
3
0 17 2 3
0 21 1 2
0 36 -1 0
1
end_operator
begin_operator
pour-shot-to-used-shaker shot6 ingredient3 shaker1 right l1 l2
6
0 3
1 2
2 7
3 8
38 0
39 0
3
0 17 2 3
0 21 1 2
0 36 -1 0
1
end_operator
begin_operator
pour-shot-to-used-shaker shot6 ingredient3 shaker1 right l1 l2
6
0 3
1 3
2 7
3 8
38 0
39 0
3
0 17 2 3
0 21 1 2
0 36 -1 0
1
end_operator
begin_operator
pour-shot-to-used-shaker shot6 ingredient3 shaker1 right l1 l2
6
0 3
1 4
2 7
3 8
38 0
39 0
3
0 17 2 3
0 21 1 2
0 36 -1 0
1
end_operator
begin_operator
pour-shot-to-used-shaker shot6 ingredient3 shaker1 right l1 l2
6
0 3
1 5
2 7
3 8
38 0
39 0
3
0 17 2 3
0 21 1 2
0 36 -1 0
1
end_operator
begin_operator
pour-shot-to-used-shaker shot6 ingredient3 shaker1 right l1 l2
6
0 3
1 6
2 7
3 8
38 0
39 0
3
0 17 2 3
0 21 1 2
0 36 -1 0
1
end_operator
begin_operator
pour-shot-to-used-shaker shot6 ingredient3 shaker1 right l1 l2
6
0 3
1 8
2 7
3 8
38 0
39 0
3
0 17 2 3
0 21 1 2
0 36 -1 0
1
end_operator
begin_operator
pour-shot-to-used-shaker shot6 ingredient3 shaker1 right l1 l2
6
0 3
1 9
2 7
3 8
38 0
39 0
3
0 17 2 3
0 21 1 2
0 36 -1 0
1
end_operator
begin_operator
pour-shot-to-used-shaker shot6 ingredient3 shaker1 right l1 l2
6
0 3
1 10
2 7
3 8
38 0
39 0
3
0 17 2 3
0 21 1 2
0 36 -1 0
1
end_operator
begin_operator
pour-shot-to-used-shaker shot6 ingredient3 shaker1 right l1 l2
6
0 4
1 0
2 7
3 8
38 0
39 0
3
0 17 2 3
0 21 1 2
0 36 -1 0
1
end_operator
begin_operator
pour-shot-to-used-shaker shot6 ingredient3 shaker1 right l1 l2
6
0 4
1 1
2 7
3 8
38 0
39 0
3
0 17 2 3
0 21 1 2
0 36 -1 0
1
end_operator
begin_operator
pour-shot-to-used-shaker shot6 ingredient3 shaker1 right l1 l2
6
0 4
1 2
2 7
3 8
38 0
39 0
3
0 17 2 3
0 21 1 2
0 36 -1 0
1
end_operator
begin_operator
pour-shot-to-used-shaker shot6 ingredient3 shaker1 right l1 l2
6
0 4
1 3
2 7
3 8
38 0
39 0
3
0 17 2 3
0 21 1 2
0 36 -1 0
1
end_operator
begin_operator
pour-shot-to-used-shaker shot6 ingredient3 shaker1 right l1 l2
6
0 4
1 4
2 7
3 8
38 0
39 0
3
0 17 2 3
0 21 1 2
0 36 -1 0
1
end_operator
begin_operator
pour-shot-to-used-shaker shot6 ingredient3 shaker1 right l1 l2
6
0 4
1 5
2 7
3 8
38 0
39 0
3
0 17 2 3
0 21 1 2
0 36 -1 0
1
end_operator
begin_operator
pour-shot-to-used-shaker shot6 ingredient3 shaker1 right l1 l2
6
0 4
1 6
2 7
3 8
38 0
39 0
3
0 17 2 3
0 21 1 2
0 36 -1 0
1
end_operator
begin_operator
pour-shot-to-used-shaker shot6 ingredient3 shaker1 right l1 l2
6
0 4
1 8
2 7
3 8
38 0
39 0
3
0 17 2 3
0 21 1 2
0 36 -1 0
1
end_operator
begin_operator
pour-shot-to-used-shaker shot6 ingredient3 shaker1 right l1 l2
6
0 4
1 9
2 7
3 8
38 0
39 0
3
0 17 2 3
0 21 1 2
0 36 -1 0
1
end_operator
begin_operator
pour-shot-to-used-shaker shot6 ingredient3 shaker1 right l1 l2
6
0 4
1 10
2 7
3 8
38 0
39 0
3
0 17 2 3
0 21 1 2
0 36 -1 0
1
end_operator
begin_operator
pour-shot-to-used-shaker shot6 ingredient3 shaker1 right l1 l2
6
0 5
1 0
2 7
3 8
38 0
39 0
3
0 17 2 3
0 21 1 2
0 36 -1 0
1
end_operator
begin_operator
pour-shot-to-used-shaker shot6 ingredient3 shaker1 right l1 l2
6
0 5
1 1
2 7
3 8
38 0
39 0
3
0 17 2 3
0 21 1 2
0 36 -1 0
1
end_operator
begin_operator
pour-shot-to-used-shaker shot6 ingredient3 shaker1 right l1 l2
6
0 5
1 2
2 7
3 8
38 0
39 0
3
0 17 2 3
0 21 1 2
0 36 -1 0
1
end_operator
begin_operator
pour-shot-to-used-shaker shot6 ingredient3 shaker1 right l1 l2
6
0 5
1 3
2 7
3 8
38 0
39 0
3
0 17 2 3
0 21 1 2
0 36 -1 0
1
end_operator
begin_operator
pour-shot-to-used-shaker shot6 ingredient3 shaker1 right l1 l2
6
0 5
1 4
2 7
3 8
38 0
39 0
3
0 17 2 3
0 21 1 2
0 36 -1 0
1
end_operator
begin_operator
pour-shot-to-used-shaker shot6 ingredient3 shaker1 right l1 l2
6
0 5
1 5
2 7
3 8
38 0
39 0
3
0 17 2 3
0 21 1 2
0 36 -1 0
1
end_operator
begin_operator
pour-shot-to-used-shaker shot6 ingredient3 shaker1 right l1 l2
6
0 5
1 6
2 7
3 8
38 0
39 0
3
0 17 2 3
0 21 1 2
0 36 -1 0
1
end_operator
begin_operator
pour-shot-to-used-shaker shot6 ingredient3 shaker1 right l1 l2
6
0 5
1 8
2 7
3 8
38 0
39 0
3
0 17 2 3
0 21 1 2
0 36 -1 0
1
end_operator
begin_operator
pour-shot-to-used-shaker shot6 ingredient3 shaker1 right l1 l2
6
0 5
1 9
2 7
3 8
38 0
39 0
3
0 17 2 3
0 21 1 2
0 36 -1 0
1
end_operator
begin_operator
pour-shot-to-used-shaker shot6 ingredient3 shaker1 right l1 l2
6
0 5
1 10
2 7
3 8
38 0
39 0
3
0 17 2 3
0 21 1 2
0 36 -1 0
1
end_operator
begin_operator
pour-shot-to-used-shaker shot6 ingredient3 shaker1 right l1 l2
6
0 6
1 0
2 7
3 8
38 0
39 0
3
0 17 2 3
0 21 1 2
0 36 -1 0
1
end_operator
begin_operator
pour-shot-to-used-shaker shot6 ingredient3 shaker1 right l1 l2
6
0 6
1 1
2 7
3 8
38 0
39 0
3
0 17 2 3
0 21 1 2
0 36 -1 0
1
end_operator
begin_operator
pour-shot-to-used-shaker shot6 ingredient3 shaker1 right l1 l2
6
0 6
1 2
2 7
3 8
38 0
39 0
3
0 17 2 3
0 21 1 2
0 36 -1 0
1
end_operator
begin_operator
pour-shot-to-used-shaker shot6 ingredient3 shaker1 right l1 l2
6
0 6
1 3
2 7
3 8
38 0
39 0
3
0 17 2 3
0 21 1 2
0 36 -1 0
1
end_operator
begin_operator
pour-shot-to-used-shaker shot6 ingredient3 shaker1 right l1 l2
6
0 6
1 4
2 7
3 8
38 0
39 0
3
0 17 2 3
0 21 1 2
0 36 -1 0
1
end_operator
begin_operator
pour-shot-to-used-shaker shot6 ingredient3 shaker1 right l1 l2
6
0 6
1 5
2 7
3 8
38 0
39 0
3
0 17 2 3
0 21 1 2
0 36 -1 0
1
end_operator
begin_operator
pour-shot-to-used-shaker shot6 ingredient3 shaker1 right l1 l2
6
0 6
1 6
2 7
3 8
38 0
39 0
3
0 17 2 3
0 21 1 2
0 36 -1 0
1
end_operator
begin_operator
pour-shot-to-used-shaker shot6 ingredient3 shaker1 right l1 l2
6
0 6
1 8
2 7
3 8
38 0
39 0
3
0 17 2 3
0 21 1 2
0 36 -1 0
1
end_operator
begin_operator
pour-shot-to-used-shaker shot6 ingredient3 shaker1 right l1 l2
6
0 6
1 9
2 7
3 8
38 0
39 0
3
0 17 2 3
0 21 1 2
0 36 -1 0
1
end_operator
begin_operator
pour-shot-to-used-shaker shot6 ingredient3 shaker1 right l1 l2
6
0 6
1 10
2 7
3 8
38 0
39 0
3
0 17 2 3
0 21 1 2
0 36 -1 0
1
end_operator
begin_operator
pour-shot-to-used-shaker shot6 ingredient3 shaker1 right l1 l2
6
0 7
1 0
2 7
3 8
38 0
39 0
3
0 17 2 3
0 21 1 2
0 36 -1 0
1
end_operator
begin_operator
pour-shot-to-used-shaker shot6 ingredient3 shaker1 right l1 l2
6
0 7
1 1
2 7
3 8
38 0
39 0
3
0 17 2 3
0 21 1 2
0 36 -1 0
1
end_operator
begin_operator
pour-shot-to-used-shaker shot6 ingredient3 shaker1 right l1 l2
6
0 7
1 2
2 7
3 8
38 0
39 0
3
0 17 2 3
0 21 1 2
0 36 -1 0
1
end_operator
begin_operator
pour-shot-to-used-shaker shot6 ingredient3 shaker1 right l1 l2
6
0 7
1 3
2 7
3 8
38 0
39 0
3
0 17 2 3
0 21 1 2
0 36 -1 0
1
end_operator
begin_operator
pour-shot-to-used-shaker shot6 ingredient3 shaker1 right l1 l2
6
0 7
1 4
2 7
3 8
38 0
39 0
3
0 17 2 3
0 21 1 2
0 36 -1 0
1
end_operator
begin_operator
pour-shot-to-used-shaker shot6 ingredient3 shaker1 right l1 l2
6
0 7
1 5
2 7
3 8
38 0
39 0
3
0 17 2 3
0 21 1 2
0 36 -1 0
1
end_operator
begin_operator
pour-shot-to-used-shaker shot6 ingredient3 shaker1 right l1 l2
6
0 7
1 6
2 7
3 8
38 0
39 0
3
0 17 2 3
0 21 1 2
0 36 -1 0
1
end_operator
begin_operator
pour-shot-to-used-shaker shot6 ingredient3 shaker1 right l1 l2
6
0 7
1 8
2 7
3 8
38 0
39 0
3
0 17 2 3
0 21 1 2
0 36 -1 0
1
end_operator
begin_operator
pour-shot-to-used-shaker shot6 ingredient3 shaker1 right l1 l2
6
0 7
1 9
2 7
3 8
38 0
39 0
3
0 17 2 3
0 21 1 2
0 36 -1 0
1
end_operator
begin_operator
pour-shot-to-used-shaker shot6 ingredient3 shaker1 right l1 l2
6
0 7
1 10
2 7
3 8
38 0
39 0
3
0 17 2 3
0 21 1 2
0 36 -1 0
1
end_operator
begin_operator
pour-shot-to-used-shaker shot6 ingredient3 shaker1 right l1 l2
6
0 8
1 0
2 7
3 8
38 0
39 0
3
0 17 2 3
0 21 1 2
0 36 -1 0
1
end_operator
begin_operator
pour-shot-to-used-shaker shot6 ingredient3 shaker1 right l1 l2
6
0 8
1 1
2 7
3 8
38 0
39 0
3
0 17 2 3
0 21 1 2
0 36 -1 0
1
end_operator
begin_operator
pour-shot-to-used-shaker shot6 ingredient3 shaker1 right l1 l2
6
0 8
1 2
2 7
3 8
38 0
39 0
3
0 17 2 3
0 21 1 2
0 36 -1 0
1
end_operator
begin_operator
pour-shot-to-used-shaker shot6 ingredient3 shaker1 right l1 l2
6
0 8
1 3
2 7
3 8
38 0
39 0
3
0 17 2 3
0 21 1 2
0 36 -1 0
1
end_operator
begin_operator
pour-shot-to-used-shaker shot6 ingredient3 shaker1 right l1 l2
6
0 8
1 4
2 7
3 8
38 0
39 0
3
0 17 2 3
0 21 1 2
0 36 -1 0
1
end_operator
begin_operator
pour-shot-to-used-shaker shot6 ingredient3 shaker1 right l1 l2
6
0 8
1 5
2 7
3 8
38 0
39 0
3
0 17 2 3
0 21 1 2
0 36 -1 0
1
end_operator
begin_operator
pour-shot-to-used-shaker shot6 ingredient3 shaker1 right l1 l2
6
0 8
1 6
2 7
3 8
38 0
39 0
3
0 17 2 3
0 21 1 2
0 36 -1 0
1
end_operator
begin_operator
pour-shot-to-used-shaker shot6 ingredient3 shaker1 right l1 l2
6
0 8
1 8
2 7
3 8
38 0
39 0
3
0 17 2 3
0 21 1 2
0 36 -1 0
1
end_operator
begin_operator
pour-shot-to-used-shaker shot6 ingredient3 shaker1 right l1 l2
6
0 8
1 9
2 7
3 8
38 0
39 0
3
0 17 2 3
0 21 1 2
0 36 -1 0
1
end_operator
begin_operator
pour-shot-to-used-shaker shot6 ingredient3 shaker1 right l1 l2
6
0 8
1 10
2 7
3 8
38 0
39 0
3
0 17 2 3
0 21 1 2
0 36 -1 0
1
end_operator
begin_operator
pour-shot-to-used-shaker shot6 ingredient3 shaker1 right l1 l2
6
0 9
1 0
2 7
3 8
38 0
39 0
3
0 17 2 3
0 21 1 2
0 36 -1 0
1
end_operator
begin_operator
pour-shot-to-used-shaker shot6 ingredient3 shaker1 right l1 l2
6
0 9
1 1
2 7
3 8
38 0
39 0
3
0 17 2 3
0 21 1 2
0 36 -1 0
1
end_operator
begin_operator
pour-shot-to-used-shaker shot6 ingredient3 shaker1 right l1 l2
6
0 9
1 2
2 7
3 8
38 0
39 0
3
0 17 2 3
0 21 1 2
0 36 -1 0
1
end_operator
begin_operator
pour-shot-to-used-shaker shot6 ingredient3 shaker1 right l1 l2
6
0 9
1 3
2 7
3 8
38 0
39 0
3
0 17 2 3
0 21 1 2
0 36 -1 0
1
end_operator
begin_operator
pour-shot-to-used-shaker shot6 ingredient3 shaker1 right l1 l2
6
0 9
1 4
2 7
3 8
38 0
39 0
3
0 17 2 3
0 21 1 2
0 36 -1 0
1
end_operator
begin_operator
pour-shot-to-used-shaker shot6 ingredient3 shaker1 right l1 l2
6
0 9
1 5
2 7
3 8
38 0
39 0
3
0 17 2 3
0 21 1 2
0 36 -1 0
1
end_operator
begin_operator
pour-shot-to-used-shaker shot6 ingredient3 shaker1 right l1 l2
6
0 9
1 6
2 7
3 8
38 0
39 0
3
0 17 2 3
0 21 1 2
0 36 -1 0
1
end_operator
begin_operator
pour-shot-to-used-shaker shot6 ingredient3 shaker1 right l1 l2
6
0 9
1 8
2 7
3 8
38 0
39 0
3
0 17 2 3
0 21 1 2
0 36 -1 0
1
end_operator
begin_operator
pour-shot-to-used-shaker shot6 ingredient3 shaker1 right l1 l2
6
0 9
1 9
2 7
3 8
38 0
39 0
3
0 17 2 3
0 21 1 2
0 36 -1 0
1
end_operator
begin_operator
pour-shot-to-used-shaker shot6 ingredient3 shaker1 right l1 l2
6
0 9
1 10
2 7
3 8
38 0
39 0
3
0 17 2 3
0 21 1 2
0 36 -1 0
1
end_operator
begin_operator
pour-shot-to-used-shaker shot6 ingredient3 shaker1 right l1 l2
6
0 10
1 0
2 7
3 8
38 0
39 0
3
0 17 2 3
0 21 1 2
0 36 -1 0
1
end_operator
begin_operator
pour-shot-to-used-shaker shot6 ingredient3 shaker1 right l1 l2
6
0 10
1 1
2 7
3 8
38 0
39 0
3
0 17 2 3
0 21 1 2
0 36 -1 0
1
end_operator
begin_operator
pour-shot-to-used-shaker shot6 ingredient3 shaker1 right l1 l2
6
0 10
1 2
2 7
3 8
38 0
39 0
3
0 17 2 3
0 21 1 2
0 36 -1 0
1
end_operator
begin_operator
pour-shot-to-used-shaker shot6 ingredient3 shaker1 right l1 l2
6
0 10
1 3
2 7
3 8
38 0
39 0
3
0 17 2 3
0 21 1 2
0 36 -1 0
1
end_operator
begin_operator
pour-shot-to-used-shaker shot6 ingredient3 shaker1 right l1 l2
6
0 10
1 4
2 7
3 8
38 0
39 0
3
0 17 2 3
0 21 1 2
0 36 -1 0
1
end_operator
begin_operator
pour-shot-to-used-shaker shot6 ingredient3 shaker1 right l1 l2
6
0 10
1 5
2 7
3 8
38 0
39 0
3
0 17 2 3
0 21 1 2
0 36 -1 0
1
end_operator
begin_operator
pour-shot-to-used-shaker shot6 ingredient3 shaker1 right l1 l2
6
0 10
1 6
2 7
3 8
38 0
39 0
3
0 17 2 3
0 21 1 2
0 36 -1 0
1
end_operator
begin_operator
pour-shot-to-used-shaker shot6 ingredient3 shaker1 right l1 l2
6
0 10
1 8
2 7
3 8
38 0
39 0
3
0 17 2 3
0 21 1 2
0 36 -1 0
1
end_operator
begin_operator
pour-shot-to-used-shaker shot6 ingredient3 shaker1 right l1 l2
6
0 10
1 9
2 7
3 8
38 0
39 0
3
0 17 2 3
0 21 1 2
0 36 -1 0
1
end_operator
begin_operator
pour-shot-to-used-shaker shot6 ingredient3 shaker1 right l1 l2
6
0 10
1 10
2 7
3 8
38 0
39 0
3
0 17 2 3
0 21 1 2
0 36 -1 0
1
end_operator
begin_operator
pour-shot-to-used-shaker shot6 ingredient3 shaker1 right l1 l2
6
0 11
1 0
2 7
3 8
38 0
39 0
3
0 17 2 3
0 21 1 2
0 36 -1 0
1
end_operator
begin_operator
pour-shot-to-used-shaker shot6 ingredient3 shaker1 right l1 l2
6
0 11
1 1
2 7
3 8
38 0
39 0
3
0 17 2 3
0 21 1 2
0 36 -1 0
1
end_operator
begin_operator
pour-shot-to-used-shaker shot6 ingredient3 shaker1 right l1 l2
6
0 11
1 2
2 7
3 8
38 0
39 0
3
0 17 2 3
0 21 1 2
0 36 -1 0
1
end_operator
begin_operator
pour-shot-to-used-shaker shot6 ingredient3 shaker1 right l1 l2
6
0 11
1 3
2 7
3 8
38 0
39 0
3
0 17 2 3
0 21 1 2
0 36 -1 0
1
end_operator
begin_operator
pour-shot-to-used-shaker shot6 ingredient3 shaker1 right l1 l2
6
0 11
1 4
2 7
3 8
38 0
39 0
3
0 17 2 3
0 21 1 2
0 36 -1 0
1
end_operator
begin_operator
pour-shot-to-used-shaker shot6 ingredient3 shaker1 right l1 l2
6
0 11
1 5
2 7
3 8
38 0
39 0
3
0 17 2 3
0 21 1 2
0 36 -1 0
1
end_operator
begin_operator
pour-shot-to-used-shaker shot6 ingredient3 shaker1 right l1 l2
6
0 11
1 6
2 7
3 8
38 0
39 0
3
0 17 2 3
0 21 1 2
0 36 -1 0
1
end_operator
begin_operator
pour-shot-to-used-shaker shot6 ingredient3 shaker1 right l1 l2
6
0 11
1 8
2 7
3 8
38 0
39 0
3
0 17 2 3
0 21 1 2
0 36 -1 0
1
end_operator
begin_operator
pour-shot-to-used-shaker shot6 ingredient3 shaker1 right l1 l2
6
0 11
1 9
2 7
3 8
38 0
39 0
3
0 17 2 3
0 21 1 2
0 36 -1 0
1
end_operator
begin_operator
pour-shot-to-used-shaker shot6 ingredient3 shaker1 right l1 l2
6
0 11
1 10
2 7
3 8
38 0
39 0
3
0 17 2 3
0 21 1 2
0 36 -1 0
1
end_operator
begin_operator
pour-shot-to-used-shaker shot6 ingredient3 shaker1 right l1 l2
5
0 0
1 1
2 7
3 8
39 0
4
0 17 2 3
0 21 1 2
0 36 1 0
0 38 1 0
1
end_operator
begin_operator
pour-shot-to-used-shaker shot6 ingredient3 shaker1 right l1 l2
5
0 0
1 2
2 7
3 8
39 0
4
0 17 2 3
0 21 1 2
0 36 1 0
0 38 1 0
1
end_operator
begin_operator
pour-shot-to-used-shaker shot6 ingredient3 shaker1 right l1 l2
5
0 0
1 3
2 7
3 8
39 0
4
0 17 2 3
0 21 1 2
0 36 1 0
0 38 1 0
1
end_operator
begin_operator
pour-shot-to-used-shaker shot6 ingredient3 shaker1 right l1 l2
5
0 0
1 4
2 7
3 8
39 0
4
0 17 2 3
0 21 1 2
0 36 1 0
0 38 1 0
1
end_operator
begin_operator
pour-shot-to-used-shaker shot6 ingredient3 shaker1 right l1 l2
5
0 0
1 5
2 7
3 8
39 0
4
0 17 2 3
0 21 1 2
0 36 1 0
0 38 1 0
1
end_operator
begin_operator
pour-shot-to-used-shaker shot6 ingredient3 shaker1 right l1 l2
5
0 0
1 6
2 7
3 8
39 0
4
0 17 2 3
0 21 1 2
0 36 1 0
0 38 1 0
1
end_operator
begin_operator
pour-shot-to-used-shaker shot6 ingredient3 shaker1 right l1 l2
5
0 0
1 8
2 7
3 8
39 0
4
0 17 2 3
0 21 1 2
0 36 1 0
0 38 1 0
1
end_operator
begin_operator
pour-shot-to-used-shaker shot6 ingredient3 shaker1 right l1 l2
5
0 0
1 9
2 7
3 8
39 0
4
0 17 2 3
0 21 1 2
0 36 1 0
0 38 1 0
1
end_operator
begin_operator
pour-shot-to-used-shaker shot6 ingredient3 shaker1 right l1 l2
5
0 0
1 10
2 7
3 8
39 0
4
0 17 2 3
0 21 1 2
0 36 1 0
0 38 1 0
1
end_operator
begin_operator
pour-shot-to-used-shaker shot6 ingredient3 shaker1 right l1 l2
4
0 0
1 0
2 7
3 8
5
0 17 2 3
0 21 1 2
0 36 1 0
0 38 1 0
0 39 1 0
1
end_operator
begin_operator
pour-shot-to-used-shaker shot7 ingredient1 shaker1 left l1 l2
2
1 8
3 8
3
0 18 0 3
0 21 1 2
0 34 -1 0
1
end_operator
begin_operator
pour-shot-to-used-shaker shot7 ingredient1 shaker1 right l1 l2
2
2 8
3 8
3
0 18 0 3
0 21 1 2
0 34 -1 0
1
end_operator
begin_operator
pour-shot-to-used-shaker shot7 ingredient2 shaker1 left l1 l2
2
1 8
3 8
3
0 18 1 3
0 21 1 2
0 35 -1 0
1
end_operator
begin_operator
pour-shot-to-used-shaker shot7 ingredient2 shaker1 right l1 l2
2
2 8
3 8
3
0 18 1 3
0 21 1 2
0 35 -1 0
1
end_operator
begin_operator
pour-shot-to-used-shaker shot7 ingredient3 shaker1 left l1 l2
4
0 0
1 8
3 8
38 0
3
0 18 2 3
0 21 1 2
0 36 -1 0
1
end_operator
begin_operator
pour-shot-to-used-shaker shot7 ingredient3 shaker1 left l1 l2
4
0 1
1 8
3 8
38 0
3
0 18 2 3
0 21 1 2
0 36 -1 0
1
end_operator
begin_operator
pour-shot-to-used-shaker shot7 ingredient3 shaker1 left l1 l2
4
0 2
1 8
3 8
38 0
3
0 18 2 3
0 21 1 2
0 36 -1 0
1
end_operator
begin_operator
pour-shot-to-used-shaker shot7 ingredient3 shaker1 left l1 l2
4
0 3
1 8
3 8
38 0
3
0 18 2 3
0 21 1 2
0 36 -1 0
1
end_operator
begin_operator
pour-shot-to-used-shaker shot7 ingredient3 shaker1 left l1 l2
4
0 4
1 8
3 8
38 0
3
0 18 2 3
0 21 1 2
0 36 -1 0
1
end_operator
begin_operator
pour-shot-to-used-shaker shot7 ingredient3 shaker1 left l1 l2
4
0 5
1 8
3 8
38 0
3
0 18 2 3
0 21 1 2
0 36 -1 0
1
end_operator
begin_operator
pour-shot-to-used-shaker shot7 ingredient3 shaker1 left l1 l2
4
0 6
1 8
3 8
38 0
3
0 18 2 3
0 21 1 2
0 36 -1 0
1
end_operator
begin_operator
pour-shot-to-used-shaker shot7 ingredient3 shaker1 left l1 l2
4
0 7
1 8
3 8
38 0
3
0 18 2 3
0 21 1 2
0 36 -1 0
1
end_operator
begin_operator
pour-shot-to-used-shaker shot7 ingredient3 shaker1 left l1 l2
4
0 8
1 8
3 8
38 0
3
0 18 2 3
0 21 1 2
0 36 -1 0
1
end_operator
begin_operator
pour-shot-to-used-shaker shot7 ingredient3 shaker1 left l1 l2
4
0 9
1 8
3 8
38 0
3
0 18 2 3
0 21 1 2
0 36 -1 0
1
end_operator
begin_operator
pour-shot-to-used-shaker shot7 ingredient3 shaker1 left l1 l2
4
0 10
1 8
3 8
38 0
3
0 18 2 3
0 21 1 2
0 36 -1 0
1
end_operator
begin_operator
pour-shot-to-used-shaker shot7 ingredient3 shaker1 left l1 l2
4
0 11
1 8
3 8
38 0
3
0 18 2 3
0 21 1 2
0 36 -1 0
1
end_operator
begin_operator
pour-shot-to-used-shaker shot7 ingredient3 shaker1 left l1 l2
3
0 0
1 8
3 8
4
0 18 2 3
0 21 1 2
0 36 1 0
0 38 1 0
1
end_operator
begin_operator
pour-shot-to-used-shaker shot7 ingredient3 shaker1 right l1 l2
6
0 0
1 0
2 8
3 8
38 0
39 0
3
0 18 2 3
0 21 1 2
0 36 -1 0
1
end_operator
begin_operator
pour-shot-to-used-shaker shot7 ingredient3 shaker1 right l1 l2
6
0 0
1 1
2 8
3 8
38 0
39 0
3
0 18 2 3
0 21 1 2
0 36 -1 0
1
end_operator
begin_operator
pour-shot-to-used-shaker shot7 ingredient3 shaker1 right l1 l2
6
0 0
1 2
2 8
3 8
38 0
39 0
3
0 18 2 3
0 21 1 2
0 36 -1 0
1
end_operator
begin_operator
pour-shot-to-used-shaker shot7 ingredient3 shaker1 right l1 l2
6
0 0
1 3
2 8
3 8
38 0
39 0
3
0 18 2 3
0 21 1 2
0 36 -1 0
1
end_operator
begin_operator
pour-shot-to-used-shaker shot7 ingredient3 shaker1 right l1 l2
6
0 0
1 4
2 8
3 8
38 0
39 0
3
0 18 2 3
0 21 1 2
0 36 -1 0
1
end_operator
begin_operator
pour-shot-to-used-shaker shot7 ingredient3 shaker1 right l1 l2
6
0 0
1 5
2 8
3 8
38 0
39 0
3
0 18 2 3
0 21 1 2
0 36 -1 0
1
end_operator
begin_operator
pour-shot-to-used-shaker shot7 ingredient3 shaker1 right l1 l2
6
0 0
1 6
2 8
3 8
38 0
39 0
3
0 18 2 3
0 21 1 2
0 36 -1 0
1
end_operator
begin_operator
pour-shot-to-used-shaker shot7 ingredient3 shaker1 right l1 l2
6
0 0
1 7
2 8
3 8
38 0
39 0
3
0 18 2 3
0 21 1 2
0 36 -1 0
1
end_operator
begin_operator
pour-shot-to-used-shaker shot7 ingredient3 shaker1 right l1 l2
6
0 0
1 9
2 8
3 8
38 0
39 0
3
0 18 2 3
0 21 1 2
0 36 -1 0
1
end_operator
begin_operator
pour-shot-to-used-shaker shot7 ingredient3 shaker1 right l1 l2
6
0 0
1 10
2 8
3 8
38 0
39 0
3
0 18 2 3
0 21 1 2
0 36 -1 0
1
end_operator
begin_operator
pour-shot-to-used-shaker shot7 ingredient3 shaker1 right l1 l2
6
0 1
1 0
2 8
3 8
38 0
39 0
3
0 18 2 3
0 21 1 2
0 36 -1 0
1
end_operator
begin_operator
pour-shot-to-used-shaker shot7 ingredient3 shaker1 right l1 l2
6
0 1
1 1
2 8
3 8
38 0
39 0
3
0 18 2 3
0 21 1 2
0 36 -1 0
1
end_operator
begin_operator
pour-shot-to-used-shaker shot7 ingredient3 shaker1 right l1 l2
6
0 1
1 2
2 8
3 8
38 0
39 0
3
0 18 2 3
0 21 1 2
0 36 -1 0
1
end_operator
begin_operator
pour-shot-to-used-shaker shot7 ingredient3 shaker1 right l1 l2
6
0 1
1 3
2 8
3 8
38 0
39 0
3
0 18 2 3
0 21 1 2
0 36 -1 0
1
end_operator
begin_operator
pour-shot-to-used-shaker shot7 ingredient3 shaker1 right l1 l2
6
0 1
1 4
2 8
3 8
38 0
39 0
3
0 18 2 3
0 21 1 2
0 36 -1 0
1
end_operator
begin_operator
pour-shot-to-used-shaker shot7 ingredient3 shaker1 right l1 l2
6
0 1
1 5
2 8
3 8
38 0
39 0
3
0 18 2 3
0 21 1 2
0 36 -1 0
1
end_operator
begin_operator
pour-shot-to-used-shaker shot7 ingredient3 shaker1 right l1 l2
6
0 1
1 6
2 8
3 8
38 0
39 0
3
0 18 2 3
0 21 1 2
0 36 -1 0
1
end_operator
begin_operator
pour-shot-to-used-shaker shot7 ingredient3 shaker1 right l1 l2
6
0 1
1 7
2 8
3 8
38 0
39 0
3
0 18 2 3
0 21 1 2
0 36 -1 0
1
end_operator
begin_operator
pour-shot-to-used-shaker shot7 ingredient3 shaker1 right l1 l2
6
0 1
1 9
2 8
3 8
38 0
39 0
3
0 18 2 3
0 21 1 2
0 36 -1 0
1
end_operator
begin_operator
pour-shot-to-used-shaker shot7 ingredient3 shaker1 right l1 l2
6
0 1
1 10
2 8
3 8
38 0
39 0
3
0 18 2 3
0 21 1 2
0 36 -1 0
1
end_operator
begin_operator
pour-shot-to-used-shaker shot7 ingredient3 shaker1 right l1 l2
6
0 2
1 0
2 8
3 8
38 0
39 0
3
0 18 2 3
0 21 1 2
0 36 -1 0
1
end_operator
begin_operator
pour-shot-to-used-shaker shot7 ingredient3 shaker1 right l1 l2
6
0 2
1 1
2 8
3 8
38 0
39 0
3
0 18 2 3
0 21 1 2
0 36 -1 0
1
end_operator
begin_operator
pour-shot-to-used-shaker shot7 ingredient3 shaker1 right l1 l2
6
0 2
1 2
2 8
3 8
38 0
39 0
3
0 18 2 3
0 21 1 2
0 36 -1 0
1
end_operator
begin_operator
pour-shot-to-used-shaker shot7 ingredient3 shaker1 right l1 l2
6
0 2
1 3
2 8
3 8
38 0
39 0
3
0 18 2 3
0 21 1 2
0 36 -1 0
1
end_operator
begin_operator
pour-shot-to-used-shaker shot7 ingredient3 shaker1 right l1 l2
6
0 2
1 4
2 8
3 8
38 0
39 0
3
0 18 2 3
0 21 1 2
0 36 -1 0
1
end_operator
begin_operator
pour-shot-to-used-shaker shot7 ingredient3 shaker1 right l1 l2
6
0 2
1 5
2 8
3 8
38 0
39 0
3
0 18 2 3
0 21 1 2
0 36 -1 0
1
end_operator
begin_operator
pour-shot-to-used-shaker shot7 ingredient3 shaker1 right l1 l2
6
0 2
1 6
2 8
3 8
38 0
39 0
3
0 18 2 3
0 21 1 2
0 36 -1 0
1
end_operator
begin_operator
pour-shot-to-used-shaker shot7 ingredient3 shaker1 right l1 l2
6
0 2
1 7
2 8
3 8
38 0
39 0
3
0 18 2 3
0 21 1 2
0 36 -1 0
1
end_operator
begin_operator
pour-shot-to-used-shaker shot7 ingredient3 shaker1 right l1 l2
6
0 2
1 9
2 8
3 8
38 0
39 0
3
0 18 2 3
0 21 1 2
0 36 -1 0
1
end_operator
begin_operator
pour-shot-to-used-shaker shot7 ingredient3 shaker1 right l1 l2
6
0 2
1 10
2 8
3 8
38 0
39 0
3
0 18 2 3
0 21 1 2
0 36 -1 0
1
end_operator
begin_operator
pour-shot-to-used-shaker shot7 ingredient3 shaker1 right l1 l2
6
0 3
1 0
2 8
3 8
38 0
39 0
3
0 18 2 3
0 21 1 2
0 36 -1 0
1
end_operator
begin_operator
pour-shot-to-used-shaker shot7 ingredient3 shaker1 right l1 l2
6
0 3
1 1
2 8
3 8
38 0
39 0
3
0 18 2 3
0 21 1 2
0 36 -1 0
1
end_operator
begin_operator
pour-shot-to-used-shaker shot7 ingredient3 shaker1 right l1 l2
6
0 3
1 2
2 8
3 8
38 0
39 0
3
0 18 2 3
0 21 1 2
0 36 -1 0
1
end_operator
begin_operator
pour-shot-to-used-shaker shot7 ingredient3 shaker1 right l1 l2
6
0 3
1 3
2 8
3 8
38 0
39 0
3
0 18 2 3
0 21 1 2
0 36 -1 0
1
end_operator
begin_operator
pour-shot-to-used-shaker shot7 ingredient3 shaker1 right l1 l2
6
0 3
1 4
2 8
3 8
38 0
39 0
3
0 18 2 3
0 21 1 2
0 36 -1 0
1
end_operator
begin_operator
pour-shot-to-used-shaker shot7 ingredient3 shaker1 right l1 l2
6
0 3
1 5
2 8
3 8
38 0
39 0
3
0 18 2 3
0 21 1 2
0 36 -1 0
1
end_operator
begin_operator
pour-shot-to-used-shaker shot7 ingredient3 shaker1 right l1 l2
6
0 3
1 6
2 8
3 8
38 0
39 0
3
0 18 2 3
0 21 1 2
0 36 -1 0
1
end_operator
begin_operator
pour-shot-to-used-shaker shot7 ingredient3 shaker1 right l1 l2
6
0 3
1 7
2 8
3 8
38 0
39 0
3
0 18 2 3
0 21 1 2
0 36 -1 0
1
end_operator
begin_operator
pour-shot-to-used-shaker shot7 ingredient3 shaker1 right l1 l2
6
0 3
1 9
2 8
3 8
38 0
39 0
3
0 18 2 3
0 21 1 2
0 36 -1 0
1
end_operator
begin_operator
pour-shot-to-used-shaker shot7 ingredient3 shaker1 right l1 l2
6
0 3
1 10
2 8
3 8
38 0
39 0
3
0 18 2 3
0 21 1 2
0 36 -1 0
1
end_operator
begin_operator
pour-shot-to-used-shaker shot7 ingredient3 shaker1 right l1 l2
6
0 4
1 0
2 8
3 8
38 0
39 0
3
0 18 2 3
0 21 1 2
0 36 -1 0
1
end_operator
begin_operator
pour-shot-to-used-shaker shot7 ingredient3 shaker1 right l1 l2
6
0 4
1 1
2 8
3 8
38 0
39 0
3
0 18 2 3
0 21 1 2
0 36 -1 0
1
end_operator
begin_operator
pour-shot-to-used-shaker shot7 ingredient3 shaker1 right l1 l2
6
0 4
1 2
2 8
3 8
38 0
39 0
3
0 18 2 3
0 21 1 2
0 36 -1 0
1
end_operator
begin_operator
pour-shot-to-used-shaker shot7 ingredient3 shaker1 right l1 l2
6
0 4
1 3
2 8
3 8
38 0
39 0
3
0 18 2 3
0 21 1 2
0 36 -1 0
1
end_operator
begin_operator
pour-shot-to-used-shaker shot7 ingredient3 shaker1 right l1 l2
6
0 4
1 4
2 8
3 8
38 0
39 0
3
0 18 2 3
0 21 1 2
0 36 -1 0
1
end_operator
begin_operator
pour-shot-to-used-shaker shot7 ingredient3 shaker1 right l1 l2
6
0 4
1 5
2 8
3 8
38 0
39 0
3
0 18 2 3
0 21 1 2
0 36 -1 0
1
end_operator
begin_operator
pour-shot-to-used-shaker shot7 ingredient3 shaker1 right l1 l2
6
0 4
1 6
2 8
3 8
38 0
39 0
3
0 18 2 3
0 21 1 2
0 36 -1 0
1
end_operator
begin_operator
pour-shot-to-used-shaker shot7 ingredient3 shaker1 right l1 l2
6
0 4
1 7
2 8
3 8
38 0
39 0
3
0 18 2 3
0 21 1 2
0 36 -1 0
1
end_operator
begin_operator
pour-shot-to-used-shaker shot7 ingredient3 shaker1 right l1 l2
6
0 4
1 9
2 8
3 8
38 0
39 0
3
0 18 2 3
0 21 1 2
0 36 -1 0
1
end_operator
begin_operator
pour-shot-to-used-shaker shot7 ingredient3 shaker1 right l1 l2
6
0 4
1 10
2 8
3 8
38 0
39 0
3
0 18 2 3
0 21 1 2
0 36 -1 0
1
end_operator
begin_operator
pour-shot-to-used-shaker shot7 ingredient3 shaker1 right l1 l2
6
0 5
1 0
2 8
3 8
38 0
39 0
3
0 18 2 3
0 21 1 2
0 36 -1 0
1
end_operator
begin_operator
pour-shot-to-used-shaker shot7 ingredient3 shaker1 right l1 l2
6
0 5
1 1
2 8
3 8
38 0
39 0
3
0 18 2 3
0 21 1 2
0 36 -1 0
1
end_operator
begin_operator
pour-shot-to-used-shaker shot7 ingredient3 shaker1 right l1 l2
6
0 5
1 2
2 8
3 8
38 0
39 0
3
0 18 2 3
0 21 1 2
0 36 -1 0
1
end_operator
begin_operator
pour-shot-to-used-shaker shot7 ingredient3 shaker1 right l1 l2
6
0 5
1 3
2 8
3 8
38 0
39 0
3
0 18 2 3
0 21 1 2
0 36 -1 0
1
end_operator
begin_operator
pour-shot-to-used-shaker shot7 ingredient3 shaker1 right l1 l2
6
0 5
1 4
2 8
3 8
38 0
39 0
3
0 18 2 3
0 21 1 2
0 36 -1 0
1
end_operator
begin_operator
pour-shot-to-used-shaker shot7 ingredient3 shaker1 right l1 l2
6
0 5
1 5
2 8
3 8
38 0
39 0
3
0 18 2 3
0 21 1 2
0 36 -1 0
1
end_operator
begin_operator
pour-shot-to-used-shaker shot7 ingredient3 shaker1 right l1 l2
6
0 5
1 6
2 8
3 8
38 0
39 0
3
0 18 2 3
0 21 1 2
0 36 -1 0
1
end_operator
begin_operator
pour-shot-to-used-shaker shot7 ingredient3 shaker1 right l1 l2
6
0 5
1 7
2 8
3 8
38 0
39 0
3
0 18 2 3
0 21 1 2
0 36 -1 0
1
end_operator
begin_operator
pour-shot-to-used-shaker shot7 ingredient3 shaker1 right l1 l2
6
0 5
1 9
2 8
3 8
38 0
39 0
3
0 18 2 3
0 21 1 2
0 36 -1 0
1
end_operator
begin_operator
pour-shot-to-used-shaker shot7 ingredient3 shaker1 right l1 l2
6
0 5
1 10
2 8
3 8
38 0
39 0
3
0 18 2 3
0 21 1 2
0 36 -1 0
1
end_operator
begin_operator
pour-shot-to-used-shaker shot7 ingredient3 shaker1 right l1 l2
6
0 6
1 0
2 8
3 8
38 0
39 0
3
0 18 2 3
0 21 1 2
0 36 -1 0
1
end_operator
begin_operator
pour-shot-to-used-shaker shot7 ingredient3 shaker1 right l1 l2
6
0 6
1 1
2 8
3 8
38 0
39 0
3
0 18 2 3
0 21 1 2
0 36 -1 0
1
end_operator
begin_operator
pour-shot-to-used-shaker shot7 ingredient3 shaker1 right l1 l2
6
0 6
1 2
2 8
3 8
38 0
39 0
3
0 18 2 3
0 21 1 2
0 36 -1 0
1
end_operator
begin_operator
pour-shot-to-used-shaker shot7 ingredient3 shaker1 right l1 l2
6
0 6
1 3
2 8
3 8
38 0
39 0
3
0 18 2 3
0 21 1 2
0 36 -1 0
1
end_operator
begin_operator
pour-shot-to-used-shaker shot7 ingredient3 shaker1 right l1 l2
6
0 6
1 4
2 8
3 8
38 0
39 0
3
0 18 2 3
0 21 1 2
0 36 -1 0
1
end_operator
begin_operator
pour-shot-to-used-shaker shot7 ingredient3 shaker1 right l1 l2
6
0 6
1 5
2 8
3 8
38 0
39 0
3
0 18 2 3
0 21 1 2
0 36 -1 0
1
end_operator
begin_operator
pour-shot-to-used-shaker shot7 ingredient3 shaker1 right l1 l2
6
0 6
1 6
2 8
3 8
38 0
39 0
3
0 18 2 3
0 21 1 2
0 36 -1 0
1
end_operator
begin_operator
pour-shot-to-used-shaker shot7 ingredient3 shaker1 right l1 l2
6
0 6
1 7
2 8
3 8
38 0
39 0
3
0 18 2 3
0 21 1 2
0 36 -1 0
1
end_operator
begin_operator
pour-shot-to-used-shaker shot7 ingredient3 shaker1 right l1 l2
6
0 6
1 9
2 8
3 8
38 0
39 0
3
0 18 2 3
0 21 1 2
0 36 -1 0
1
end_operator
begin_operator
pour-shot-to-used-shaker shot7 ingredient3 shaker1 right l1 l2
6
0 6
1 10
2 8
3 8
38 0
39 0
3
0 18 2 3
0 21 1 2
0 36 -1 0
1
end_operator
begin_operator
pour-shot-to-used-shaker shot7 ingredient3 shaker1 right l1 l2
6
0 7
1 0
2 8
3 8
38 0
39 0
3
0 18 2 3
0 21 1 2
0 36 -1 0
1
end_operator
begin_operator
pour-shot-to-used-shaker shot7 ingredient3 shaker1 right l1 l2
6
0 7
1 1
2 8
3 8
38 0
39 0
3
0 18 2 3
0 21 1 2
0 36 -1 0
1
end_operator
begin_operator
pour-shot-to-used-shaker shot7 ingredient3 shaker1 right l1 l2
6
0 7
1 2
2 8
3 8
38 0
39 0
3
0 18 2 3
0 21 1 2
0 36 -1 0
1
end_operator
begin_operator
pour-shot-to-used-shaker shot7 ingredient3 shaker1 right l1 l2
6
0 7
1 3
2 8
3 8
38 0
39 0
3
0 18 2 3
0 21 1 2
0 36 -1 0
1
end_operator
begin_operator
pour-shot-to-used-shaker shot7 ingredient3 shaker1 right l1 l2
6
0 7
1 4
2 8
3 8
38 0
39 0
3
0 18 2 3
0 21 1 2
0 36 -1 0
1
end_operator
begin_operator
pour-shot-to-used-shaker shot7 ingredient3 shaker1 right l1 l2
6
0 7
1 5
2 8
3 8
38 0
39 0
3
0 18 2 3
0 21 1 2
0 36 -1 0
1
end_operator
begin_operator
pour-shot-to-used-shaker shot7 ingredient3 shaker1 right l1 l2
6
0 7
1 6
2 8
3 8
38 0
39 0
3
0 18 2 3
0 21 1 2
0 36 -1 0
1
end_operator
begin_operator
pour-shot-to-used-shaker shot7 ingredient3 shaker1 right l1 l2
6
0 7
1 7
2 8
3 8
38 0
39 0
3
0 18 2 3
0 21 1 2
0 36 -1 0
1
end_operator
begin_operator
pour-shot-to-used-shaker shot7 ingredient3 shaker1 right l1 l2
6
0 7
1 9
2 8
3 8
38 0
39 0
3
0 18 2 3
0 21 1 2
0 36 -1 0
1
end_operator
begin_operator
pour-shot-to-used-shaker shot7 ingredient3 shaker1 right l1 l2
6
0 7
1 10
2 8
3 8
38 0
39 0
3
0 18 2 3
0 21 1 2
0 36 -1 0
1
end_operator
begin_operator
pour-shot-to-used-shaker shot7 ingredient3 shaker1 right l1 l2
6
0 8
1 0
2 8
3 8
38 0
39 0
3
0 18 2 3
0 21 1 2
0 36 -1 0
1
end_operator
begin_operator
pour-shot-to-used-shaker shot7 ingredient3 shaker1 right l1 l2
6
0 8
1 1
2 8
3 8
38 0
39 0
3
0 18 2 3
0 21 1 2
0 36 -1 0
1
end_operator
begin_operator
pour-shot-to-used-shaker shot7 ingredient3 shaker1 right l1 l2
6
0 8
1 2
2 8
3 8
38 0
39 0
3
0 18 2 3
0 21 1 2
0 36 -1 0
1
end_operator
begin_operator
pour-shot-to-used-shaker shot7 ingredient3 shaker1 right l1 l2
6
0 8
1 3
2 8
3 8
38 0
39 0
3
0 18 2 3
0 21 1 2
0 36 -1 0
1
end_operator
begin_operator
pour-shot-to-used-shaker shot7 ingredient3 shaker1 right l1 l2
6
0 8
1 4
2 8
3 8
38 0
39 0
3
0 18 2 3
0 21 1 2
0 36 -1 0
1
end_operator
begin_operator
pour-shot-to-used-shaker shot7 ingredient3 shaker1 right l1 l2
6
0 8
1 5
2 8
3 8
38 0
39 0
3
0 18 2 3
0 21 1 2
0 36 -1 0
1
end_operator
begin_operator
pour-shot-to-used-shaker shot7 ingredient3 shaker1 right l1 l2
6
0 8
1 6
2 8
3 8
38 0
39 0
3
0 18 2 3
0 21 1 2
0 36 -1 0
1
end_operator
begin_operator
pour-shot-to-used-shaker shot7 ingredient3 shaker1 right l1 l2
6
0 8
1 7
2 8
3 8
38 0
39 0
3
0 18 2 3
0 21 1 2
0 36 -1 0
1
end_operator
begin_operator
pour-shot-to-used-shaker shot7 ingredient3 shaker1 right l1 l2
6
0 8
1 9
2 8
3 8
38 0
39 0
3
0 18 2 3
0 21 1 2
0 36 -1 0
1
end_operator
begin_operator
pour-shot-to-used-shaker shot7 ingredient3 shaker1 right l1 l2
6
0 8
1 10
2 8
3 8
38 0
39 0
3
0 18 2 3
0 21 1 2
0 36 -1 0
1
end_operator
begin_operator
pour-shot-to-used-shaker shot7 ingredient3 shaker1 right l1 l2
6
0 9
1 0
2 8
3 8
38 0
39 0
3
0 18 2 3
0 21 1 2
0 36 -1 0
1
end_operator
begin_operator
pour-shot-to-used-shaker shot7 ingredient3 shaker1 right l1 l2
6
0 9
1 1
2 8
3 8
38 0
39 0
3
0 18 2 3
0 21 1 2
0 36 -1 0
1
end_operator
begin_operator
pour-shot-to-used-shaker shot7 ingredient3 shaker1 right l1 l2
6
0 9
1 2
2 8
3 8
38 0
39 0
3
0 18 2 3
0 21 1 2
0 36 -1 0
1
end_operator
begin_operator
pour-shot-to-used-shaker shot7 ingredient3 shaker1 right l1 l2
6
0 9
1 3
2 8
3 8
38 0
39 0
3
0 18 2 3
0 21 1 2
0 36 -1 0
1
end_operator
begin_operator
pour-shot-to-used-shaker shot7 ingredient3 shaker1 right l1 l2
6
0 9
1 4
2 8
3 8
38 0
39 0
3
0 18 2 3
0 21 1 2
0 36 -1 0
1
end_operator
begin_operator
pour-shot-to-used-shaker shot7 ingredient3 shaker1 right l1 l2
6
0 9
1 5
2 8
3 8
38 0
39 0
3
0 18 2 3
0 21 1 2
0 36 -1 0
1
end_operator
begin_operator
pour-shot-to-used-shaker shot7 ingredient3 shaker1 right l1 l2
6
0 9
1 6
2 8
3 8
38 0
39 0
3
0 18 2 3
0 21 1 2
0 36 -1 0
1
end_operator
begin_operator
pour-shot-to-used-shaker shot7 ingredient3 shaker1 right l1 l2
6
0 9
1 7
2 8
3 8
38 0
39 0
3
0 18 2 3
0 21 1 2
0 36 -1 0
1
end_operator
begin_operator
pour-shot-to-used-shaker shot7 ingredient3 shaker1 right l1 l2
6
0 9
1 9
2 8
3 8
38 0
39 0
3
0 18 2 3
0 21 1 2
0 36 -1 0
1
end_operator
begin_operator
pour-shot-to-used-shaker shot7 ingredient3 shaker1 right l1 l2
6
0 9
1 10
2 8
3 8
38 0
39 0
3
0 18 2 3
0 21 1 2
0 36 -1 0
1
end_operator
begin_operator
pour-shot-to-used-shaker shot7 ingredient3 shaker1 right l1 l2
6
0 10
1 0
2 8
3 8
38 0
39 0
3
0 18 2 3
0 21 1 2
0 36 -1 0
1
end_operator
begin_operator
pour-shot-to-used-shaker shot7 ingredient3 shaker1 right l1 l2
6
0 10
1 1
2 8
3 8
38 0
39 0
3
0 18 2 3
0 21 1 2
0 36 -1 0
1
end_operator
begin_operator
pour-shot-to-used-shaker shot7 ingredient3 shaker1 right l1 l2
6
0 10
1 2
2 8
3 8
38 0
39 0
3
0 18 2 3
0 21 1 2
0 36 -1 0
1
end_operator
begin_operator
pour-shot-to-used-shaker shot7 ingredient3 shaker1 right l1 l2
6
0 10
1 3
2 8
3 8
38 0
39 0
3
0 18 2 3
0 21 1 2
0 36 -1 0
1
end_operator
begin_operator
pour-shot-to-used-shaker shot7 ingredient3 shaker1 right l1 l2
6
0 10
1 4
2 8
3 8
38 0
39 0
3
0 18 2 3
0 21 1 2
0 36 -1 0
1
end_operator
begin_operator
pour-shot-to-used-shaker shot7 ingredient3 shaker1 right l1 l2
6
0 10
1 5
2 8
3 8
38 0
39 0
3
0 18 2 3
0 21 1 2
0 36 -1 0
1
end_operator
begin_operator
pour-shot-to-used-shaker shot7 ingredient3 shaker1 right l1 l2
6
0 10
1 6
2 8
3 8
38 0
39 0
3
0 18 2 3
0 21 1 2
0 36 -1 0
1
end_operator
begin_operator
pour-shot-to-used-shaker shot7 ingredient3 shaker1 right l1 l2
6
0 10
1 7
2 8
3 8
38 0
39 0
3
0 18 2 3
0 21 1 2
0 36 -1 0
1
end_operator
begin_operator
pour-shot-to-used-shaker shot7 ingredient3 shaker1 right l1 l2
6
0 10
1 9
2 8
3 8
38 0
39 0
3
0 18 2 3
0 21 1 2
0 36 -1 0
1
end_operator
begin_operator
pour-shot-to-used-shaker shot7 ingredient3 shaker1 right l1 l2
6
0 10
1 10
2 8
3 8
38 0
39 0
3
0 18 2 3
0 21 1 2
0 36 -1 0
1
end_operator
begin_operator
pour-shot-to-used-shaker shot7 ingredient3 shaker1 right l1 l2
6
0 11
1 0
2 8
3 8
38 0
39 0
3
0 18 2 3
0 21 1 2
0 36 -1 0
1
end_operator
begin_operator
pour-shot-to-used-shaker shot7 ingredient3 shaker1 right l1 l2
6
0 11
1 1
2 8
3 8
38 0
39 0
3
0 18 2 3
0 21 1 2
0 36 -1 0
1
end_operator
begin_operator
pour-shot-to-used-shaker shot7 ingredient3 shaker1 right l1 l2
6
0 11
1 2
2 8
3 8
38 0
39 0
3
0 18 2 3
0 21 1 2
0 36 -1 0
1
end_operator
begin_operator
pour-shot-to-used-shaker shot7 ingredient3 shaker1 right l1 l2
6
0 11
1 3
2 8
3 8
38 0
39 0
3
0 18 2 3
0 21 1 2
0 36 -1 0
1
end_operator
begin_operator
pour-shot-to-used-shaker shot7 ingredient3 shaker1 right l1 l2
6
0 11
1 4
2 8
3 8
38 0
39 0
3
0 18 2 3
0 21 1 2
0 36 -1 0
1
end_operator
begin_operator
pour-shot-to-used-shaker shot7 ingredient3 shaker1 right l1 l2
6
0 11
1 5
2 8
3 8
38 0
39 0
3
0 18 2 3
0 21 1 2
0 36 -1 0
1
end_operator
begin_operator
pour-shot-to-used-shaker shot7 ingredient3 shaker1 right l1 l2
6
0 11
1 6
2 8
3 8
38 0
39 0
3
0 18 2 3
0 21 1 2
0 36 -1 0
1
end_operator
begin_operator
pour-shot-to-used-shaker shot7 ingredient3 shaker1 right l1 l2
6
0 11
1 7
2 8
3 8
38 0
39 0
3
0 18 2 3
0 21 1 2
0 36 -1 0
1
end_operator
begin_operator
pour-shot-to-used-shaker shot7 ingredient3 shaker1 right l1 l2
6
0 11
1 9
2 8
3 8
38 0
39 0
3
0 18 2 3
0 21 1 2
0 36 -1 0
1
end_operator
begin_operator
pour-shot-to-used-shaker shot7 ingredient3 shaker1 right l1 l2
6
0 11
1 10
2 8
3 8
38 0
39 0
3
0 18 2 3
0 21 1 2
0 36 -1 0
1
end_operator
begin_operator
pour-shot-to-used-shaker shot7 ingredient3 shaker1 right l1 l2
5
0 0
1 1
2 8
3 8
39 0
4
0 18 2 3
0 21 1 2
0 36 1 0
0 38 1 0
1
end_operator
begin_operator
pour-shot-to-used-shaker shot7 ingredient3 shaker1 right l1 l2
5
0 0
1 2
2 8
3 8
39 0
4
0 18 2 3
0 21 1 2
0 36 1 0
0 38 1 0
1
end_operator
begin_operator
pour-shot-to-used-shaker shot7 ingredient3 shaker1 right l1 l2
5
0 0
1 3
2 8
3 8
39 0
4
0 18 2 3
0 21 1 2
0 36 1 0
0 38 1 0
1
end_operator
begin_operator
pour-shot-to-used-shaker shot7 ingredient3 shaker1 right l1 l2
5
0 0
1 4
2 8
3 8
39 0
4
0 18 2 3
0 21 1 2
0 36 1 0
0 38 1 0
1
end_operator
begin_operator
pour-shot-to-used-shaker shot7 ingredient3 shaker1 right l1 l2
5
0 0
1 5
2 8
3 8
39 0
4
0 18 2 3
0 21 1 2
0 36 1 0
0 38 1 0
1
end_operator
begin_operator
pour-shot-to-used-shaker shot7 ingredient3 shaker1 right l1 l2
5
0 0
1 6
2 8
3 8
39 0
4
0 18 2 3
0 21 1 2
0 36 1 0
0 38 1 0
1
end_operator
begin_operator
pour-shot-to-used-shaker shot7 ingredient3 shaker1 right l1 l2
5
0 0
1 7
2 8
3 8
39 0
4
0 18 2 3
0 21 1 2
0 36 1 0
0 38 1 0
1
end_operator
begin_operator
pour-shot-to-used-shaker shot7 ingredient3 shaker1 right l1 l2
5
0 0
1 9
2 8
3 8
39 0
4
0 18 2 3
0 21 1 2
0 36 1 0
0 38 1 0
1
end_operator
begin_operator
pour-shot-to-used-shaker shot7 ingredient3 shaker1 right l1 l2
5
0 0
1 10
2 8
3 8
39 0
4
0 18 2 3
0 21 1 2
0 36 1 0
0 38 1 0
1
end_operator
begin_operator
pour-shot-to-used-shaker shot7 ingredient3 shaker1 right l1 l2
4
0 0
1 0
2 8
3 8
5
0 18 2 3
0 21 1 2
0 36 1 0
0 38 1 0
0 39 1 0
1
end_operator
begin_operator
pour-shot-to-used-shaker shot8 ingredient1 shaker1 left l1 l2
2
1 9
3 8
3
0 19 0 3
0 21 1 2
0 34 -1 0
1
end_operator
begin_operator
pour-shot-to-used-shaker shot8 ingredient1 shaker1 right l1 l2
2
2 9
3 8
3
0 19 0 3
0 21 1 2
0 34 -1 0
1
end_operator
begin_operator
pour-shot-to-used-shaker shot8 ingredient2 shaker1 left l1 l2
2
1 9
3 8
3
0 19 1 3
0 21 1 2
0 35 -1 0
1
end_operator
begin_operator
pour-shot-to-used-shaker shot8 ingredient2 shaker1 right l1 l2
2
2 9
3 8
3
0 19 1 3
0 21 1 2
0 35 -1 0
1
end_operator
begin_operator
pour-shot-to-used-shaker shot8 ingredient3 shaker1 left l1 l2
4
0 0
1 9
3 8
38 0
3
0 19 2 3
0 21 1 2
0 36 -1 0
1
end_operator
begin_operator
pour-shot-to-used-shaker shot8 ingredient3 shaker1 left l1 l2
4
0 1
1 9
3 8
38 0
3
0 19 2 3
0 21 1 2
0 36 -1 0
1
end_operator
begin_operator
pour-shot-to-used-shaker shot8 ingredient3 shaker1 left l1 l2
4
0 2
1 9
3 8
38 0
3
0 19 2 3
0 21 1 2
0 36 -1 0
1
end_operator
begin_operator
pour-shot-to-used-shaker shot8 ingredient3 shaker1 left l1 l2
4
0 3
1 9
3 8
38 0
3
0 19 2 3
0 21 1 2
0 36 -1 0
1
end_operator
begin_operator
pour-shot-to-used-shaker shot8 ingredient3 shaker1 left l1 l2
4
0 4
1 9
3 8
38 0
3
0 19 2 3
0 21 1 2
0 36 -1 0
1
end_operator
begin_operator
pour-shot-to-used-shaker shot8 ingredient3 shaker1 left l1 l2
4
0 5
1 9
3 8
38 0
3
0 19 2 3
0 21 1 2
0 36 -1 0
1
end_operator
begin_operator
pour-shot-to-used-shaker shot8 ingredient3 shaker1 left l1 l2
4
0 6
1 9
3 8
38 0
3
0 19 2 3
0 21 1 2
0 36 -1 0
1
end_operator
begin_operator
pour-shot-to-used-shaker shot8 ingredient3 shaker1 left l1 l2
4
0 7
1 9
3 8
38 0
3
0 19 2 3
0 21 1 2
0 36 -1 0
1
end_operator
begin_operator
pour-shot-to-used-shaker shot8 ingredient3 shaker1 left l1 l2
4
0 8
1 9
3 8
38 0
3
0 19 2 3
0 21 1 2
0 36 -1 0
1
end_operator
begin_operator
pour-shot-to-used-shaker shot8 ingredient3 shaker1 left l1 l2
4
0 9
1 9
3 8
38 0
3
0 19 2 3
0 21 1 2
0 36 -1 0
1
end_operator
begin_operator
pour-shot-to-used-shaker shot8 ingredient3 shaker1 left l1 l2
4
0 10
1 9
3 8
38 0
3
0 19 2 3
0 21 1 2
0 36 -1 0
1
end_operator
begin_operator
pour-shot-to-used-shaker shot8 ingredient3 shaker1 left l1 l2
4
0 11
1 9
3 8
38 0
3
0 19 2 3
0 21 1 2
0 36 -1 0
1
end_operator
begin_operator
pour-shot-to-used-shaker shot8 ingredient3 shaker1 left l1 l2
3
0 0
1 9
3 8
4
0 19 2 3
0 21 1 2
0 36 1 0
0 38 1 0
1
end_operator
begin_operator
pour-shot-to-used-shaker shot8 ingredient3 shaker1 right l1 l2
6
0 0
1 0
2 9
3 8
38 0
39 0
3
0 19 2 3
0 21 1 2
0 36 -1 0
1
end_operator
begin_operator
pour-shot-to-used-shaker shot8 ingredient3 shaker1 right l1 l2
6
0 0
1 1
2 9
3 8
38 0
39 0
3
0 19 2 3
0 21 1 2
0 36 -1 0
1
end_operator
begin_operator
pour-shot-to-used-shaker shot8 ingredient3 shaker1 right l1 l2
6
0 0
1 2
2 9
3 8
38 0
39 0
3
0 19 2 3
0 21 1 2
0 36 -1 0
1
end_operator
begin_operator
pour-shot-to-used-shaker shot8 ingredient3 shaker1 right l1 l2
6
0 0
1 3
2 9
3 8
38 0
39 0
3
0 19 2 3
0 21 1 2
0 36 -1 0
1
end_operator
begin_operator
pour-shot-to-used-shaker shot8 ingredient3 shaker1 right l1 l2
6
0 0
1 4
2 9
3 8
38 0
39 0
3
0 19 2 3
0 21 1 2
0 36 -1 0
1
end_operator
begin_operator
pour-shot-to-used-shaker shot8 ingredient3 shaker1 right l1 l2
6
0 0
1 5
2 9
3 8
38 0
39 0
3
0 19 2 3
0 21 1 2
0 36 -1 0
1
end_operator
begin_operator
pour-shot-to-used-shaker shot8 ingredient3 shaker1 right l1 l2
6
0 0
1 6
2 9
3 8
38 0
39 0
3
0 19 2 3
0 21 1 2
0 36 -1 0
1
end_operator
begin_operator
pour-shot-to-used-shaker shot8 ingredient3 shaker1 right l1 l2
6
0 0
1 7
2 9
3 8
38 0
39 0
3
0 19 2 3
0 21 1 2
0 36 -1 0
1
end_operator
begin_operator
pour-shot-to-used-shaker shot8 ingredient3 shaker1 right l1 l2
6
0 0
1 8
2 9
3 8
38 0
39 0
3
0 19 2 3
0 21 1 2
0 36 -1 0
1
end_operator
begin_operator
pour-shot-to-used-shaker shot8 ingredient3 shaker1 right l1 l2
6
0 0
1 10
2 9
3 8
38 0
39 0
3
0 19 2 3
0 21 1 2
0 36 -1 0
1
end_operator
begin_operator
pour-shot-to-used-shaker shot8 ingredient3 shaker1 right l1 l2
6
0 1
1 0
2 9
3 8
38 0
39 0
3
0 19 2 3
0 21 1 2
0 36 -1 0
1
end_operator
begin_operator
pour-shot-to-used-shaker shot8 ingredient3 shaker1 right l1 l2
6
0 1
1 1
2 9
3 8
38 0
39 0
3
0 19 2 3
0 21 1 2
0 36 -1 0
1
end_operator
begin_operator
pour-shot-to-used-shaker shot8 ingredient3 shaker1 right l1 l2
6
0 1
1 2
2 9
3 8
38 0
39 0
3
0 19 2 3
0 21 1 2
0 36 -1 0
1
end_operator
begin_operator
pour-shot-to-used-shaker shot8 ingredient3 shaker1 right l1 l2
6
0 1
1 3
2 9
3 8
38 0
39 0
3
0 19 2 3
0 21 1 2
0 36 -1 0
1
end_operator
begin_operator
pour-shot-to-used-shaker shot8 ingredient3 shaker1 right l1 l2
6
0 1
1 4
2 9
3 8
38 0
39 0
3
0 19 2 3
0 21 1 2
0 36 -1 0
1
end_operator
begin_operator
pour-shot-to-used-shaker shot8 ingredient3 shaker1 right l1 l2
6
0 1
1 5
2 9
3 8
38 0
39 0
3
0 19 2 3
0 21 1 2
0 36 -1 0
1
end_operator
begin_operator
pour-shot-to-used-shaker shot8 ingredient3 shaker1 right l1 l2
6
0 1
1 6
2 9
3 8
38 0
39 0
3
0 19 2 3
0 21 1 2
0 36 -1 0
1
end_operator
begin_operator
pour-shot-to-used-shaker shot8 ingredient3 shaker1 right l1 l2
6
0 1
1 7
2 9
3 8
38 0
39 0
3
0 19 2 3
0 21 1 2
0 36 -1 0
1
end_operator
begin_operator
pour-shot-to-used-shaker shot8 ingredient3 shaker1 right l1 l2
6
0 1
1 8
2 9
3 8
38 0
39 0
3
0 19 2 3
0 21 1 2
0 36 -1 0
1
end_operator
begin_operator
pour-shot-to-used-shaker shot8 ingredient3 shaker1 right l1 l2
6
0 1
1 10
2 9
3 8
38 0
39 0
3
0 19 2 3
0 21 1 2
0 36 -1 0
1
end_operator
begin_operator
pour-shot-to-used-shaker shot8 ingredient3 shaker1 right l1 l2
6
0 2
1 0
2 9
3 8
38 0
39 0
3
0 19 2 3
0 21 1 2
0 36 -1 0
1
end_operator
begin_operator
pour-shot-to-used-shaker shot8 ingredient3 shaker1 right l1 l2
6
0 2
1 1
2 9
3 8
38 0
39 0
3
0 19 2 3
0 21 1 2
0 36 -1 0
1
end_operator
begin_operator
pour-shot-to-used-shaker shot8 ingredient3 shaker1 right l1 l2
6
0 2
1 2
2 9
3 8
38 0
39 0
3
0 19 2 3
0 21 1 2
0 36 -1 0
1
end_operator
begin_operator
pour-shot-to-used-shaker shot8 ingredient3 shaker1 right l1 l2
6
0 2
1 3
2 9
3 8
38 0
39 0
3
0 19 2 3
0 21 1 2
0 36 -1 0
1
end_operator
begin_operator
pour-shot-to-used-shaker shot8 ingredient3 shaker1 right l1 l2
6
0 2
1 4
2 9
3 8
38 0
39 0
3
0 19 2 3
0 21 1 2
0 36 -1 0
1
end_operator
begin_operator
pour-shot-to-used-shaker shot8 ingredient3 shaker1 right l1 l2
6
0 2
1 5
2 9
3 8
38 0
39 0
3
0 19 2 3
0 21 1 2
0 36 -1 0
1
end_operator
begin_operator
pour-shot-to-used-shaker shot8 ingredient3 shaker1 right l1 l2
6
0 2
1 6
2 9
3 8
38 0
39 0
3
0 19 2 3
0 21 1 2
0 36 -1 0
1
end_operator
begin_operator
pour-shot-to-used-shaker shot8 ingredient3 shaker1 right l1 l2
6
0 2
1 7
2 9
3 8
38 0
39 0
3
0 19 2 3
0 21 1 2
0 36 -1 0
1
end_operator
begin_operator
pour-shot-to-used-shaker shot8 ingredient3 shaker1 right l1 l2
6
0 2
1 8
2 9
3 8
38 0
39 0
3
0 19 2 3
0 21 1 2
0 36 -1 0
1
end_operator
begin_operator
pour-shot-to-used-shaker shot8 ingredient3 shaker1 right l1 l2
6
0 2
1 10
2 9
3 8
38 0
39 0
3
0 19 2 3
0 21 1 2
0 36 -1 0
1
end_operator
begin_operator
pour-shot-to-used-shaker shot8 ingredient3 shaker1 right l1 l2
6
0 3
1 0
2 9
3 8
38 0
39 0
3
0 19 2 3
0 21 1 2
0 36 -1 0
1
end_operator
begin_operator
pour-shot-to-used-shaker shot8 ingredient3 shaker1 right l1 l2
6
0 3
1 1
2 9
3 8
38 0
39 0
3
0 19 2 3
0 21 1 2
0 36 -1 0
1
end_operator
begin_operator
pour-shot-to-used-shaker shot8 ingredient3 shaker1 right l1 l2
6
0 3
1 2
2 9
3 8
38 0
39 0
3
0 19 2 3
0 21 1 2
0 36 -1 0
1
end_operator
begin_operator
pour-shot-to-used-shaker shot8 ingredient3 shaker1 right l1 l2
6
0 3
1 3
2 9
3 8
38 0
39 0
3
0 19 2 3
0 21 1 2
0 36 -1 0
1
end_operator
begin_operator
pour-shot-to-used-shaker shot8 ingredient3 shaker1 right l1 l2
6
0 3
1 4
2 9
3 8
38 0
39 0
3
0 19 2 3
0 21 1 2
0 36 -1 0
1
end_operator
begin_operator
pour-shot-to-used-shaker shot8 ingredient3 shaker1 right l1 l2
6
0 3
1 5
2 9
3 8
38 0
39 0
3
0 19 2 3
0 21 1 2
0 36 -1 0
1
end_operator
begin_operator
pour-shot-to-used-shaker shot8 ingredient3 shaker1 right l1 l2
6
0 3
1 6
2 9
3 8
38 0
39 0
3
0 19 2 3
0 21 1 2
0 36 -1 0
1
end_operator
begin_operator
pour-shot-to-used-shaker shot8 ingredient3 shaker1 right l1 l2
6
0 3
1 7
2 9
3 8
38 0
39 0
3
0 19 2 3
0 21 1 2
0 36 -1 0
1
end_operator
begin_operator
pour-shot-to-used-shaker shot8 ingredient3 shaker1 right l1 l2
6
0 3
1 8
2 9
3 8
38 0
39 0
3
0 19 2 3
0 21 1 2
0 36 -1 0
1
end_operator
begin_operator
pour-shot-to-used-shaker shot8 ingredient3 shaker1 right l1 l2
6
0 3
1 10
2 9
3 8
38 0
39 0
3
0 19 2 3
0 21 1 2
0 36 -1 0
1
end_operator
begin_operator
pour-shot-to-used-shaker shot8 ingredient3 shaker1 right l1 l2
6
0 4
1 0
2 9
3 8
38 0
39 0
3
0 19 2 3
0 21 1 2
0 36 -1 0
1
end_operator
begin_operator
pour-shot-to-used-shaker shot8 ingredient3 shaker1 right l1 l2
6
0 4
1 1
2 9
3 8
38 0
39 0
3
0 19 2 3
0 21 1 2
0 36 -1 0
1
end_operator
begin_operator
pour-shot-to-used-shaker shot8 ingredient3 shaker1 right l1 l2
6
0 4
1 2
2 9
3 8
38 0
39 0
3
0 19 2 3
0 21 1 2
0 36 -1 0
1
end_operator
begin_operator
pour-shot-to-used-shaker shot8 ingredient3 shaker1 right l1 l2
6
0 4
1 3
2 9
3 8
38 0
39 0
3
0 19 2 3
0 21 1 2
0 36 -1 0
1
end_operator
begin_operator
pour-shot-to-used-shaker shot8 ingredient3 shaker1 right l1 l2
6
0 4
1 4
2 9
3 8
38 0
39 0
3
0 19 2 3
0 21 1 2
0 36 -1 0
1
end_operator
begin_operator
pour-shot-to-used-shaker shot8 ingredient3 shaker1 right l1 l2
6
0 4
1 5
2 9
3 8
38 0
39 0
3
0 19 2 3
0 21 1 2
0 36 -1 0
1
end_operator
begin_operator
pour-shot-to-used-shaker shot8 ingredient3 shaker1 right l1 l2
6
0 4
1 6
2 9
3 8
38 0
39 0
3
0 19 2 3
0 21 1 2
0 36 -1 0
1
end_operator
begin_operator
pour-shot-to-used-shaker shot8 ingredient3 shaker1 right l1 l2
6
0 4
1 7
2 9
3 8
38 0
39 0
3
0 19 2 3
0 21 1 2
0 36 -1 0
1
end_operator
begin_operator
pour-shot-to-used-shaker shot8 ingredient3 shaker1 right l1 l2
6
0 4
1 8
2 9
3 8
38 0
39 0
3
0 19 2 3
0 21 1 2
0 36 -1 0
1
end_operator
begin_operator
pour-shot-to-used-shaker shot8 ingredient3 shaker1 right l1 l2
6
0 4
1 10
2 9
3 8
38 0
39 0
3
0 19 2 3
0 21 1 2
0 36 -1 0
1
end_operator
begin_operator
pour-shot-to-used-shaker shot8 ingredient3 shaker1 right l1 l2
6
0 5
1 0
2 9
3 8
38 0
39 0
3
0 19 2 3
0 21 1 2
0 36 -1 0
1
end_operator
begin_operator
pour-shot-to-used-shaker shot8 ingredient3 shaker1 right l1 l2
6
0 5
1 1
2 9
3 8
38 0
39 0
3
0 19 2 3
0 21 1 2
0 36 -1 0
1
end_operator
begin_operator
pour-shot-to-used-shaker shot8 ingredient3 shaker1 right l1 l2
6
0 5
1 2
2 9
3 8
38 0
39 0
3
0 19 2 3
0 21 1 2
0 36 -1 0
1
end_operator
begin_operator
pour-shot-to-used-shaker shot8 ingredient3 shaker1 right l1 l2
6
0 5
1 3
2 9
3 8
38 0
39 0
3
0 19 2 3
0 21 1 2
0 36 -1 0
1
end_operator
begin_operator
pour-shot-to-used-shaker shot8 ingredient3 shaker1 right l1 l2
6
0 5
1 4
2 9
3 8
38 0
39 0
3
0 19 2 3
0 21 1 2
0 36 -1 0
1
end_operator
begin_operator
pour-shot-to-used-shaker shot8 ingredient3 shaker1 right l1 l2
6
0 5
1 5
2 9
3 8
38 0
39 0
3
0 19 2 3
0 21 1 2
0 36 -1 0
1
end_operator
begin_operator
pour-shot-to-used-shaker shot8 ingredient3 shaker1 right l1 l2
6
0 5
1 6
2 9
3 8
38 0
39 0
3
0 19 2 3
0 21 1 2
0 36 -1 0
1
end_operator
begin_operator
pour-shot-to-used-shaker shot8 ingredient3 shaker1 right l1 l2
6
0 5
1 7
2 9
3 8
38 0
39 0
3
0 19 2 3
0 21 1 2
0 36 -1 0
1
end_operator
begin_operator
pour-shot-to-used-shaker shot8 ingredient3 shaker1 right l1 l2
6
0 5
1 8
2 9
3 8
38 0
39 0
3
0 19 2 3
0 21 1 2
0 36 -1 0
1
end_operator
begin_operator
pour-shot-to-used-shaker shot8 ingredient3 shaker1 right l1 l2
6
0 5
1 10
2 9
3 8
38 0
39 0
3
0 19 2 3
0 21 1 2
0 36 -1 0
1
end_operator
begin_operator
pour-shot-to-used-shaker shot8 ingredient3 shaker1 right l1 l2
6
0 6
1 0
2 9
3 8
38 0
39 0
3
0 19 2 3
0 21 1 2
0 36 -1 0
1
end_operator
begin_operator
pour-shot-to-used-shaker shot8 ingredient3 shaker1 right l1 l2
6
0 6
1 1
2 9
3 8
38 0
39 0
3
0 19 2 3
0 21 1 2
0 36 -1 0
1
end_operator
begin_operator
pour-shot-to-used-shaker shot8 ingredient3 shaker1 right l1 l2
6
0 6
1 2
2 9
3 8
38 0
39 0
3
0 19 2 3
0 21 1 2
0 36 -1 0
1
end_operator
begin_operator
pour-shot-to-used-shaker shot8 ingredient3 shaker1 right l1 l2
6
0 6
1 3
2 9
3 8
38 0
39 0
3
0 19 2 3
0 21 1 2
0 36 -1 0
1
end_operator
begin_operator
pour-shot-to-used-shaker shot8 ingredient3 shaker1 right l1 l2
6
0 6
1 4
2 9
3 8
38 0
39 0
3
0 19 2 3
0 21 1 2
0 36 -1 0
1
end_operator
begin_operator
pour-shot-to-used-shaker shot8 ingredient3 shaker1 right l1 l2
6
0 6
1 5
2 9
3 8
38 0
39 0
3
0 19 2 3
0 21 1 2
0 36 -1 0
1
end_operator
begin_operator
pour-shot-to-used-shaker shot8 ingredient3 shaker1 right l1 l2
6
0 6
1 6
2 9
3 8
38 0
39 0
3
0 19 2 3
0 21 1 2
0 36 -1 0
1
end_operator
begin_operator
pour-shot-to-used-shaker shot8 ingredient3 shaker1 right l1 l2
6
0 6
1 7
2 9
3 8
38 0
39 0
3
0 19 2 3
0 21 1 2
0 36 -1 0
1
end_operator
begin_operator
pour-shot-to-used-shaker shot8 ingredient3 shaker1 right l1 l2
6
0 6
1 8
2 9
3 8
38 0
39 0
3
0 19 2 3
0 21 1 2
0 36 -1 0
1
end_operator
begin_operator
pour-shot-to-used-shaker shot8 ingredient3 shaker1 right l1 l2
6
0 6
1 10
2 9
3 8
38 0
39 0
3
0 19 2 3
0 21 1 2
0 36 -1 0
1
end_operator
begin_operator
pour-shot-to-used-shaker shot8 ingredient3 shaker1 right l1 l2
6
0 7
1 0
2 9
3 8
38 0
39 0
3
0 19 2 3
0 21 1 2
0 36 -1 0
1
end_operator
begin_operator
pour-shot-to-used-shaker shot8 ingredient3 shaker1 right l1 l2
6
0 7
1 1
2 9
3 8
38 0
39 0
3
0 19 2 3
0 21 1 2
0 36 -1 0
1
end_operator
begin_operator
pour-shot-to-used-shaker shot8 ingredient3 shaker1 right l1 l2
6
0 7
1 2
2 9
3 8
38 0
39 0
3
0 19 2 3
0 21 1 2
0 36 -1 0
1
end_operator
begin_operator
pour-shot-to-used-shaker shot8 ingredient3 shaker1 right l1 l2
6
0 7
1 3
2 9
3 8
38 0
39 0
3
0 19 2 3
0 21 1 2
0 36 -1 0
1
end_operator
begin_operator
pour-shot-to-used-shaker shot8 ingredient3 shaker1 right l1 l2
6
0 7
1 4
2 9
3 8
38 0
39 0
3
0 19 2 3
0 21 1 2
0 36 -1 0
1
end_operator
begin_operator
pour-shot-to-used-shaker shot8 ingredient3 shaker1 right l1 l2
6
0 7
1 5
2 9
3 8
38 0
39 0
3
0 19 2 3
0 21 1 2
0 36 -1 0
1
end_operator
begin_operator
pour-shot-to-used-shaker shot8 ingredient3 shaker1 right l1 l2
6
0 7
1 6
2 9
3 8
38 0
39 0
3
0 19 2 3
0 21 1 2
0 36 -1 0
1
end_operator
begin_operator
pour-shot-to-used-shaker shot8 ingredient3 shaker1 right l1 l2
6
0 7
1 7
2 9
3 8
38 0
39 0
3
0 19 2 3
0 21 1 2
0 36 -1 0
1
end_operator
begin_operator
pour-shot-to-used-shaker shot8 ingredient3 shaker1 right l1 l2
6
0 7
1 8
2 9
3 8
38 0
39 0
3
0 19 2 3
0 21 1 2
0 36 -1 0
1
end_operator
begin_operator
pour-shot-to-used-shaker shot8 ingredient3 shaker1 right l1 l2
6
0 7
1 10
2 9
3 8
38 0
39 0
3
0 19 2 3
0 21 1 2
0 36 -1 0
1
end_operator
begin_operator
pour-shot-to-used-shaker shot8 ingredient3 shaker1 right l1 l2
6
0 8
1 0
2 9
3 8
38 0
39 0
3
0 19 2 3
0 21 1 2
0 36 -1 0
1
end_operator
begin_operator
pour-shot-to-used-shaker shot8 ingredient3 shaker1 right l1 l2
6
0 8
1 1
2 9
3 8
38 0
39 0
3
0 19 2 3
0 21 1 2
0 36 -1 0
1
end_operator
begin_operator
pour-shot-to-used-shaker shot8 ingredient3 shaker1 right l1 l2
6
0 8
1 2
2 9
3 8
38 0
39 0
3
0 19 2 3
0 21 1 2
0 36 -1 0
1
end_operator
begin_operator
pour-shot-to-used-shaker shot8 ingredient3 shaker1 right l1 l2
6
0 8
1 3
2 9
3 8
38 0
39 0
3
0 19 2 3
0 21 1 2
0 36 -1 0
1
end_operator
begin_operator
pour-shot-to-used-shaker shot8 ingredient3 shaker1 right l1 l2
6
0 8
1 4
2 9
3 8
38 0
39 0
3
0 19 2 3
0 21 1 2
0 36 -1 0
1
end_operator
begin_operator
pour-shot-to-used-shaker shot8 ingredient3 shaker1 right l1 l2
6
0 8
1 5
2 9
3 8
38 0
39 0
3
0 19 2 3
0 21 1 2
0 36 -1 0
1
end_operator
begin_operator
pour-shot-to-used-shaker shot8 ingredient3 shaker1 right l1 l2
6
0 8
1 6
2 9
3 8
38 0
39 0
3
0 19 2 3
0 21 1 2
0 36 -1 0
1
end_operator
begin_operator
pour-shot-to-used-shaker shot8 ingredient3 shaker1 right l1 l2
6
0 8
1 7
2 9
3 8
38 0
39 0
3
0 19 2 3
0 21 1 2
0 36 -1 0
1
end_operator
begin_operator
pour-shot-to-used-shaker shot8 ingredient3 shaker1 right l1 l2
6
0 8
1 8
2 9
3 8
38 0
39 0
3
0 19 2 3
0 21 1 2
0 36 -1 0
1
end_operator
begin_operator
pour-shot-to-used-shaker shot8 ingredient3 shaker1 right l1 l2
6
0 8
1 10
2 9
3 8
38 0
39 0
3
0 19 2 3
0 21 1 2
0 36 -1 0
1
end_operator
begin_operator
pour-shot-to-used-shaker shot8 ingredient3 shaker1 right l1 l2
6
0 9
1 0
2 9
3 8
38 0
39 0
3
0 19 2 3
0 21 1 2
0 36 -1 0
1
end_operator
begin_operator
pour-shot-to-used-shaker shot8 ingredient3 shaker1 right l1 l2
6
0 9
1 1
2 9
3 8
38 0
39 0
3
0 19 2 3
0 21 1 2
0 36 -1 0
1
end_operator
begin_operator
pour-shot-to-used-shaker shot8 ingredient3 shaker1 right l1 l2
6
0 9
1 2
2 9
3 8
38 0
39 0
3
0 19 2 3
0 21 1 2
0 36 -1 0
1
end_operator
begin_operator
pour-shot-to-used-shaker shot8 ingredient3 shaker1 right l1 l2
6
0 9
1 3
2 9
3 8
38 0
39 0
3
0 19 2 3
0 21 1 2
0 36 -1 0
1
end_operator
begin_operator
pour-shot-to-used-shaker shot8 ingredient3 shaker1 right l1 l2
6
0 9
1 4
2 9
3 8
38 0
39 0
3
0 19 2 3
0 21 1 2
0 36 -1 0
1
end_operator
begin_operator
pour-shot-to-used-shaker shot8 ingredient3 shaker1 right l1 l2
6
0 9
1 5
2 9
3 8
38 0
39 0
3
0 19 2 3
0 21 1 2
0 36 -1 0
1
end_operator
begin_operator
pour-shot-to-used-shaker shot8 ingredient3 shaker1 right l1 l2
6
0 9
1 6
2 9
3 8
38 0
39 0
3
0 19 2 3
0 21 1 2
0 36 -1 0
1
end_operator
begin_operator
pour-shot-to-used-shaker shot8 ingredient3 shaker1 right l1 l2
6
0 9
1 7
2 9
3 8
38 0
39 0
3
0 19 2 3
0 21 1 2
0 36 -1 0
1
end_operator
begin_operator
pour-shot-to-used-shaker shot8 ingredient3 shaker1 right l1 l2
6
0 9
1 8
2 9
3 8
38 0
39 0
3
0 19 2 3
0 21 1 2
0 36 -1 0
1
end_operator
begin_operator
pour-shot-to-used-shaker shot8 ingredient3 shaker1 right l1 l2
6
0 9
1 10
2 9
3 8
38 0
39 0
3
0 19 2 3
0 21 1 2
0 36 -1 0
1
end_operator
begin_operator
pour-shot-to-used-shaker shot8 ingredient3 shaker1 right l1 l2
6
0 10
1 0
2 9
3 8
38 0
39 0
3
0 19 2 3
0 21 1 2
0 36 -1 0
1
end_operator
begin_operator
pour-shot-to-used-shaker shot8 ingredient3 shaker1 right l1 l2
6
0 10
1 1
2 9
3 8
38 0
39 0
3
0 19 2 3
0 21 1 2
0 36 -1 0
1
end_operator
begin_operator
pour-shot-to-used-shaker shot8 ingredient3 shaker1 right l1 l2
6
0 10
1 2
2 9
3 8
38 0
39 0
3
0 19 2 3
0 21 1 2
0 36 -1 0
1
end_operator
begin_operator
pour-shot-to-used-shaker shot8 ingredient3 shaker1 right l1 l2
6
0 10
1 3
2 9
3 8
38 0
39 0
3
0 19 2 3
0 21 1 2
0 36 -1 0
1
end_operator
begin_operator
pour-shot-to-used-shaker shot8 ingredient3 shaker1 right l1 l2
6
0 10
1 4
2 9
3 8
38 0
39 0
3
0 19 2 3
0 21 1 2
0 36 -1 0
1
end_operator
begin_operator
pour-shot-to-used-shaker shot8 ingredient3 shaker1 right l1 l2
6
0 10
1 5
2 9
3 8
38 0
39 0
3
0 19 2 3
0 21 1 2
0 36 -1 0
1
end_operator
begin_operator
pour-shot-to-used-shaker shot8 ingredient3 shaker1 right l1 l2
6
0 10
1 6
2 9
3 8
38 0
39 0
3
0 19 2 3
0 21 1 2
0 36 -1 0
1
end_operator
begin_operator
pour-shot-to-used-shaker shot8 ingredient3 shaker1 right l1 l2
6
0 10
1 7
2 9
3 8
38 0
39 0
3
0 19 2 3
0 21 1 2
0 36 -1 0
1
end_operator
begin_operator
pour-shot-to-used-shaker shot8 ingredient3 shaker1 right l1 l2
6
0 10
1 8
2 9
3 8
38 0
39 0
3
0 19 2 3
0 21 1 2
0 36 -1 0
1
end_operator
begin_operator
pour-shot-to-used-shaker shot8 ingredient3 shaker1 right l1 l2
6
0 10
1 10
2 9
3 8
38 0
39 0
3
0 19 2 3
0 21 1 2
0 36 -1 0
1
end_operator
begin_operator
pour-shot-to-used-shaker shot8 ingredient3 shaker1 right l1 l2
6
0 11
1 0
2 9
3 8
38 0
39 0
3
0 19 2 3
0 21 1 2
0 36 -1 0
1
end_operator
begin_operator
pour-shot-to-used-shaker shot8 ingredient3 shaker1 right l1 l2
6
0 11
1 1
2 9
3 8
38 0
39 0
3
0 19 2 3
0 21 1 2
0 36 -1 0
1
end_operator
begin_operator
pour-shot-to-used-shaker shot8 ingredient3 shaker1 right l1 l2
6
0 11
1 2
2 9
3 8
38 0
39 0
3
0 19 2 3
0 21 1 2
0 36 -1 0
1
end_operator
begin_operator
pour-shot-to-used-shaker shot8 ingredient3 shaker1 right l1 l2
6
0 11
1 3
2 9
3 8
38 0
39 0
3
0 19 2 3
0 21 1 2
0 36 -1 0
1
end_operator
begin_operator
pour-shot-to-used-shaker shot8 ingredient3 shaker1 right l1 l2
6
0 11
1 4
2 9
3 8
38 0
39 0
3
0 19 2 3
0 21 1 2
0 36 -1 0
1
end_operator
begin_operator
pour-shot-to-used-shaker shot8 ingredient3 shaker1 right l1 l2
6
0 11
1 5
2 9
3 8
38 0
39 0
3
0 19 2 3
0 21 1 2
0 36 -1 0
1
end_operator
begin_operator
pour-shot-to-used-shaker shot8 ingredient3 shaker1 right l1 l2
6
0 11
1 6
2 9
3 8
38 0
39 0
3
0 19 2 3
0 21 1 2
0 36 -1 0
1
end_operator
begin_operator
pour-shot-to-used-shaker shot8 ingredient3 shaker1 right l1 l2
6
0 11
1 7
2 9
3 8
38 0
39 0
3
0 19 2 3
0 21 1 2
0 36 -1 0
1
end_operator
begin_operator
pour-shot-to-used-shaker shot8 ingredient3 shaker1 right l1 l2
6
0 11
1 8
2 9
3 8
38 0
39 0
3
0 19 2 3
0 21 1 2
0 36 -1 0
1
end_operator
begin_operator
pour-shot-to-used-shaker shot8 ingredient3 shaker1 right l1 l2
6
0 11
1 10
2 9
3 8
38 0
39 0
3
0 19 2 3
0 21 1 2
0 36 -1 0
1
end_operator
begin_operator
pour-shot-to-used-shaker shot8 ingredient3 shaker1 right l1 l2
5
0 0
1 1
2 9
3 8
39 0
4
0 19 2 3
0 21 1 2
0 36 1 0
0 38 1 0
1
end_operator
begin_operator
pour-shot-to-used-shaker shot8 ingredient3 shaker1 right l1 l2
5
0 0
1 2
2 9
3 8
39 0
4
0 19 2 3
0 21 1 2
0 36 1 0
0 38 1 0
1
end_operator
begin_operator
pour-shot-to-used-shaker shot8 ingredient3 shaker1 right l1 l2
5
0 0
1 3
2 9
3 8
39 0
4
0 19 2 3
0 21 1 2
0 36 1 0
0 38 1 0
1
end_operator
begin_operator
pour-shot-to-used-shaker shot8 ingredient3 shaker1 right l1 l2
5
0 0
1 4
2 9
3 8
39 0
4
0 19 2 3
0 21 1 2
0 36 1 0
0 38 1 0
1
end_operator
begin_operator
pour-shot-to-used-shaker shot8 ingredient3 shaker1 right l1 l2
5
0 0
1 5
2 9
3 8
39 0
4
0 19 2 3
0 21 1 2
0 36 1 0
0 38 1 0
1
end_operator
begin_operator
pour-shot-to-used-shaker shot8 ingredient3 shaker1 right l1 l2
5
0 0
1 6
2 9
3 8
39 0
4
0 19 2 3
0 21 1 2
0 36 1 0
0 38 1 0
1
end_operator
begin_operator
pour-shot-to-used-shaker shot8 ingredient3 shaker1 right l1 l2
5
0 0
1 7
2 9
3 8
39 0
4
0 19 2 3
0 21 1 2
0 36 1 0
0 38 1 0
1
end_operator
begin_operator
pour-shot-to-used-shaker shot8 ingredient3 shaker1 right l1 l2
5
0 0
1 8
2 9
3 8
39 0
4
0 19 2 3
0 21 1 2
0 36 1 0
0 38 1 0
1
end_operator
begin_operator
pour-shot-to-used-shaker shot8 ingredient3 shaker1 right l1 l2
5
0 0
1 10
2 9
3 8
39 0
4
0 19 2 3
0 21 1 2
0 36 1 0
0 38 1 0
1
end_operator
begin_operator
pour-shot-to-used-shaker shot8 ingredient3 shaker1 right l1 l2
4
0 0
1 0
2 9
3 8
5
0 19 2 3
0 21 1 2
0 36 1 0
0 38 1 0
0 39 1 0
1
end_operator
begin_operator
pour-shot-to-used-shaker shot9 ingredient1 shaker1 left l1 l2
2
1 10
3 8
3
0 20 0 3
0 21 1 2
0 34 -1 0
1
end_operator
begin_operator
pour-shot-to-used-shaker shot9 ingredient1 shaker1 right l1 l2
2
2 10
3 8
3
0 20 0 3
0 21 1 2
0 34 -1 0
1
end_operator
begin_operator
pour-shot-to-used-shaker shot9 ingredient2 shaker1 left l1 l2
2
1 10
3 8
3
0 20 1 3
0 21 1 2
0 35 -1 0
1
end_operator
begin_operator
pour-shot-to-used-shaker shot9 ingredient2 shaker1 right l1 l2
2
2 10
3 8
3
0 20 1 3
0 21 1 2
0 35 -1 0
1
end_operator
begin_operator
pour-shot-to-used-shaker shot9 ingredient3 shaker1 left l1 l2
4
0 10
1 10
3 8
38 0
3
0 20 2 3
0 21 1 2
0 36 -1 0
1
end_operator
begin_operator
pour-shot-to-used-shaker shot9 ingredient3 shaker1 left l1 l2
4
0 11
1 10
3 8
38 0
3
0 20 2 3
0 21 1 2
0 36 -1 0
1
end_operator
begin_operator
pour-shot-to-used-shaker shot9 ingredient3 shaker1 right l1 l2
6
0 10
1 0
2 10
3 8
38 0
39 0
3
0 20 2 3
0 21 1 2
0 36 -1 0
1
end_operator
begin_operator
pour-shot-to-used-shaker shot9 ingredient3 shaker1 right l1 l2
6
0 10
1 1
2 10
3 8
38 0
39 0
3
0 20 2 3
0 21 1 2
0 36 -1 0
1
end_operator
begin_operator
pour-shot-to-used-shaker shot9 ingredient3 shaker1 right l1 l2
6
0 10
1 2
2 10
3 8
38 0
39 0
3
0 20 2 3
0 21 1 2
0 36 -1 0
1
end_operator
begin_operator
pour-shot-to-used-shaker shot9 ingredient3 shaker1 right l1 l2
6
0 10
1 3
2 10
3 8
38 0
39 0
3
0 20 2 3
0 21 1 2
0 36 -1 0
1
end_operator
begin_operator
pour-shot-to-used-shaker shot9 ingredient3 shaker1 right l1 l2
6
0 10
1 4
2 10
3 8
38 0
39 0
3
0 20 2 3
0 21 1 2
0 36 -1 0
1
end_operator
begin_operator
pour-shot-to-used-shaker shot9 ingredient3 shaker1 right l1 l2
6
0 10
1 5
2 10
3 8
38 0
39 0
3
0 20 2 3
0 21 1 2
0 36 -1 0
1
end_operator
begin_operator
pour-shot-to-used-shaker shot9 ingredient3 shaker1 right l1 l2
6
0 10
1 6
2 10
3 8
38 0
39 0
3
0 20 2 3
0 21 1 2
0 36 -1 0
1
end_operator
begin_operator
pour-shot-to-used-shaker shot9 ingredient3 shaker1 right l1 l2
6
0 10
1 7
2 10
3 8
38 0
39 0
3
0 20 2 3
0 21 1 2
0 36 -1 0
1
end_operator
begin_operator
pour-shot-to-used-shaker shot9 ingredient3 shaker1 right l1 l2
6
0 10
1 8
2 10
3 8
38 0
39 0
3
0 20 2 3
0 21 1 2
0 36 -1 0
1
end_operator
begin_operator
pour-shot-to-used-shaker shot9 ingredient3 shaker1 right l1 l2
6
0 10
1 9
2 10
3 8
38 0
39 0
3
0 20 2 3
0 21 1 2
0 36 -1 0
1
end_operator
begin_operator
pour-shot-to-used-shaker shot9 ingredient3 shaker1 right l1 l2
6
0 11
1 0
2 10
3 8
38 0
39 0
3
0 20 2 3
0 21 1 2
0 36 -1 0
1
end_operator
begin_operator
pour-shot-to-used-shaker shot9 ingredient3 shaker1 right l1 l2
6
0 11
1 1
2 10
3 8
38 0
39 0
3
0 20 2 3
0 21 1 2
0 36 -1 0
1
end_operator
begin_operator
pour-shot-to-used-shaker shot9 ingredient3 shaker1 right l1 l2
6
0 11
1 2
2 10
3 8
38 0
39 0
3
0 20 2 3
0 21 1 2
0 36 -1 0
1
end_operator
begin_operator
pour-shot-to-used-shaker shot9 ingredient3 shaker1 right l1 l2
6
0 11
1 3
2 10
3 8
38 0
39 0
3
0 20 2 3
0 21 1 2
0 36 -1 0
1
end_operator
begin_operator
pour-shot-to-used-shaker shot9 ingredient3 shaker1 right l1 l2
6
0 11
1 4
2 10
3 8
38 0
39 0
3
0 20 2 3
0 21 1 2
0 36 -1 0
1
end_operator
begin_operator
pour-shot-to-used-shaker shot9 ingredient3 shaker1 right l1 l2
6
0 11
1 5
2 10
3 8
38 0
39 0
3
0 20 2 3
0 21 1 2
0 36 -1 0
1
end_operator
begin_operator
pour-shot-to-used-shaker shot9 ingredient3 shaker1 right l1 l2
6
0 11
1 6
2 10
3 8
38 0
39 0
3
0 20 2 3
0 21 1 2
0 36 -1 0
1
end_operator
begin_operator
pour-shot-to-used-shaker shot9 ingredient3 shaker1 right l1 l2
6
0 11
1 7
2 10
3 8
38 0
39 0
3
0 20 2 3
0 21 1 2
0 36 -1 0
1
end_operator
begin_operator
pour-shot-to-used-shaker shot9 ingredient3 shaker1 right l1 l2
6
0 11
1 8
2 10
3 8
38 0
39 0
3
0 20 2 3
0 21 1 2
0 36 -1 0
1
end_operator
begin_operator
pour-shot-to-used-shaker shot9 ingredient3 shaker1 right l1 l2
6
0 11
1 9
2 10
3 8
38 0
39 0
3
0 20 2 3
0 21 1 2
0 36 -1 0
1
end_operator
begin_operator
refill-shot shot1 ingredient1 left right dispenser1
3
1 2
2 0
4 2
1
0 12 3 0
10
end_operator
begin_operator
refill-shot shot1 ingredient1 right left dispenser1
3
1 0
2 2
4 2
1
0 12 3 0
10
end_operator
begin_operator
refill-shot shot1 ingredient2 left right dispenser2
3
1 2
2 0
4 3
1
0 12 3 1
10
end_operator
begin_operator
refill-shot shot1 ingredient2 right left dispenser2
3
1 0
2 2
4 3
1
0 12 3 1
10
end_operator
begin_operator
refill-shot shot1 ingredient3 left right dispenser3
3
1 2
2 0
4 4
1
0 12 3 2
10
end_operator
begin_operator
refill-shot shot1 ingredient3 right left dispenser3
3
1 0
2 2
4 4
1
0 12 3 2
10
end_operator
begin_operator
refill-shot shot2 ingredient1 left right dispenser1
3
1 3
2 0
5 2
1
0 13 3 0
10
end_operator
begin_operator
refill-shot shot2 ingredient1 right left dispenser1
3
1 0
2 3
5 2
1
0 13 3 0
10
end_operator
begin_operator
refill-shot shot2 ingredient2 left right dispenser2
3
1 3
2 0
5 3
1
0 13 3 1
10
end_operator
begin_operator
refill-shot shot2 ingredient2 right left dispenser2
3
1 0
2 3
5 3
1
0 13 3 1
10
end_operator
begin_operator
refill-shot shot2 ingredient3 left right dispenser3
3
1 3
2 0
5 4
1
0 13 3 2
10
end_operator
begin_operator
refill-shot shot2 ingredient3 right left dispenser3
3
1 0
2 3
5 4
1
0 13 3 2
10
end_operator
begin_operator
refill-shot shot3 ingredient1 left right dispenser1
3
1 4
2 0
6 2
1
0 14 3 0
10
end_operator
begin_operator
refill-shot shot3 ingredient1 right left dispenser1
3
1 0
2 4
6 2
1
0 14 3 0
10
end_operator
begin_operator
refill-shot shot3 ingredient2 left right dispenser2
3
1 4
2 0
6 3
1
0 14 3 1
10
end_operator
begin_operator
refill-shot shot3 ingredient2 right left dispenser2
3
1 0
2 4
6 3
1
0 14 3 1
10
end_operator
begin_operator
refill-shot shot3 ingredient3 left right dispenser3
3
1 4
2 0
6 4
1
0 14 3 2
10
end_operator
begin_operator
refill-shot shot3 ingredient3 right left dispenser3
3
1 0
2 4
6 4
1
0 14 3 2
10
end_operator
begin_operator
refill-shot shot4 ingredient1 left right dispenser1
3
1 5
2 0
7 2
1
0 15 3 0
10
end_operator
begin_operator
refill-shot shot4 ingredient1 right left dispenser1
3
1 0
2 5
7 2
1
0 15 3 0
10
end_operator
begin_operator
refill-shot shot4 ingredient2 left right dispenser2
3
1 5
2 0
7 3
1
0 15 3 1
10
end_operator
begin_operator
refill-shot shot4 ingredient2 right left dispenser2
3
1 0
2 5
7 3
1
0 15 3 1
10
end_operator
begin_operator
refill-shot shot4 ingredient3 left right dispenser3
3
1 5
2 0
7 4
1
0 15 3 2
10
end_operator
begin_operator
refill-shot shot4 ingredient3 right left dispenser3
3
1 0
2 5
7 4
1
0 15 3 2
10
end_operator
begin_operator
refill-shot shot5 ingredient1 left right dispenser1
3
1 6
2 0
8 2
1
0 16 3 0
10
end_operator
begin_operator
refill-shot shot5 ingredient1 right left dispenser1
3
1 0
2 6
8 2
1
0 16 3 0
10
end_operator
begin_operator
refill-shot shot5 ingredient2 left right dispenser2
3
1 6
2 0
8 3
1
0 16 3 1
10
end_operator
begin_operator
refill-shot shot5 ingredient2 right left dispenser2
3
1 0
2 6
8 3
1
0 16 3 1
10
end_operator
begin_operator
refill-shot shot5 ingredient3 left right dispenser3
3
1 6
2 0
8 4
1
0 16 3 2
10
end_operator
begin_operator
refill-shot shot5 ingredient3 right left dispenser3
3
1 0
2 6
8 4
1
0 16 3 2
10
end_operator
begin_operator
refill-shot shot6 ingredient1 left right dispenser1
3
1 7
2 0
9 2
1
0 17 3 0
10
end_operator
begin_operator
refill-shot shot6 ingredient1 right left dispenser1
3
1 0
2 7
9 2
1
0 17 3 0
10
end_operator
begin_operator
refill-shot shot6 ingredient2 left right dispenser2
3
1 7
2 0
9 3
1
0 17 3 1
10
end_operator
begin_operator
refill-shot shot6 ingredient2 right left dispenser2
3
1 0
2 7
9 3
1
0 17 3 1
10
end_operator
begin_operator
refill-shot shot6 ingredient3 left right dispenser3
3
1 7
2 0
9 4
1
0 17 3 2
10
end_operator
begin_operator
refill-shot shot6 ingredient3 right left dispenser3
3
1 0
2 7
9 4
1
0 17 3 2
10
end_operator
begin_operator
refill-shot shot7 ingredient1 left right dispenser1
3
1 8
2 0
10 2
1
0 18 3 0
10
end_operator
begin_operator
refill-shot shot7 ingredient1 right left dispenser1
3
1 0
2 8
10 2
1
0 18 3 0
10
end_operator
begin_operator
refill-shot shot7 ingredient2 left right dispenser2
3
1 8
2 0
10 3
1
0 18 3 1
10
end_operator
begin_operator
refill-shot shot7 ingredient2 right left dispenser2
3
1 0
2 8
10 3
1
0 18 3 1
10
end_operator
begin_operator
refill-shot shot7 ingredient3 left right dispenser3
3
1 8
2 0
10 4
1
0 18 3 2
10
end_operator
begin_operator
refill-shot shot7 ingredient3 right left dispenser3
3
1 0
2 8
10 4
1
0 18 3 2
10
end_operator
begin_operator
refill-shot shot8 ingredient1 left right dispenser1
3
1 9
2 0
11 2
1
0 19 3 0
10
end_operator
begin_operator
refill-shot shot8 ingredient1 right left dispenser1
3
1 0
2 9
11 2
1
0 19 3 0
10
end_operator
begin_operator
refill-shot shot8 ingredient2 left right dispenser2
3
1 9
2 0
11 3
1
0 19 3 1
10
end_operator
begin_operator
refill-shot shot8 ingredient2 right left dispenser2
3
1 0
2 9
11 3
1
0 19 3 1
10
end_operator
begin_operator
refill-shot shot8 ingredient3 left right dispenser3
3
1 9
2 0
11 4
1
0 19 3 2
10
end_operator
begin_operator
refill-shot shot8 ingredient3 right left dispenser3
3
1 0
2 9
11 4
1
0 19 3 2
10
end_operator
begin_operator
refill-shot shot9 ingredient1 left right dispenser1
3
0 8
1 10
2 0
1
0 20 3 0
10
end_operator
begin_operator
refill-shot shot9 ingredient1 right left dispenser1
3
0 8
1 0
2 10
1
0 20 3 0
10
end_operator
begin_operator
refill-shot shot9 ingredient2 left right dispenser2
3
0 9
1 10
2 0
1
0 20 3 1
10
end_operator
begin_operator
refill-shot shot9 ingredient2 right left dispenser2
3
0 9
1 0
2 10
1
0 20 3 1
10
end_operator
begin_operator
refill-shot shot9 ingredient3 left right dispenser3
3
0 10
1 10
2 0
1
0 20 3 2
10
end_operator
begin_operator
refill-shot shot9 ingredient3 right left dispenser3
3
0 10
1 0
2 10
1
0 20 3 2
10
end_operator
begin_operator
shake cocktail1 ingredient3 ingredient1 shaker1 left right
4
0 0
1 1
2 0
39 0
5
0 3 8 0
0 32 -1 0
0 34 0 1
0 36 0 1
0 38 0 1
1
end_operator
begin_operator
shake cocktail1 ingredient3 ingredient1 shaker1 left right
5
0 1
1 1
2 0
38 0
39 0
4
0 3 8 0
0 32 -1 0
0 34 0 1
0 36 0 1
1
end_operator
begin_operator
shake cocktail1 ingredient3 ingredient1 shaker1 left right
5
0 2
1 1
2 0
38 0
39 0
4
0 3 8 0
0 32 -1 0
0 34 0 1
0 36 0 1
1
end_operator
begin_operator
shake cocktail1 ingredient3 ingredient1 shaker1 left right
5
0 3
1 1
2 0
38 0
39 0
4
0 3 8 0
0 32 -1 0
0 34 0 1
0 36 0 1
1
end_operator
begin_operator
shake cocktail1 ingredient3 ingredient1 shaker1 left right
5
0 4
1 1
2 0
38 0
39 0
4
0 3 8 0
0 32 -1 0
0 34 0 1
0 36 0 1
1
end_operator
begin_operator
shake cocktail1 ingredient3 ingredient1 shaker1 left right
5
0 5
1 1
2 0
38 0
39 0
4
0 3 8 0
0 32 -1 0
0 34 0 1
0 36 0 1
1
end_operator
begin_operator
shake cocktail1 ingredient3 ingredient1 shaker1 left right
5
0 6
1 1
2 0
38 0
39 0
4
0 3 8 0
0 32 -1 0
0 34 0 1
0 36 0 1
1
end_operator
begin_operator
shake cocktail1 ingredient3 ingredient1 shaker1 left right
5
0 7
1 1
2 0
38 0
39 0
4
0 3 8 0
0 32 -1 0
0 34 0 1
0 36 0 1
1
end_operator
begin_operator
shake cocktail1 ingredient3 ingredient1 shaker1 left right
5
0 8
1 1
2 0
38 0
39 0
4
0 3 8 0
0 32 -1 0
0 34 0 1
0 36 0 1
1
end_operator
begin_operator
shake cocktail1 ingredient3 ingredient1 shaker1 left right
5
0 9
1 1
2 0
38 0
39 0
4
0 3 8 0
0 32 -1 0
0 34 0 1
0 36 0 1
1
end_operator
begin_operator
shake cocktail1 ingredient3 ingredient1 shaker1 left right
5
0 10
1 1
2 0
38 0
39 0
4
0 3 8 0
0 32 -1 0
0 34 0 1
0 36 0 1
1
end_operator
begin_operator
shake cocktail1 ingredient3 ingredient1 shaker1 left right
5
0 11
1 1
2 0
38 0
39 0
4
0 3 8 0
0 32 -1 0
0 34 0 1
0 36 0 1
1
end_operator
begin_operator
shake cocktail1 ingredient3 ingredient1 shaker1 right left
3
0 0
1 0
2 1
6
0 3 8 0
0 32 -1 0
0 34 0 1
0 36 0 1
0 38 0 1
0 39 0 1
1
end_operator
begin_operator
shake cocktail1 ingredient3 ingredient1 shaker1 right left
5
0 1
1 0
2 1
38 0
39 0
4
0 3 8 0
0 32 -1 0
0 34 0 1
0 36 0 1
1
end_operator
begin_operator
shake cocktail1 ingredient3 ingredient1 shaker1 right left
5
0 2
1 0
2 1
38 0
39 0
4
0 3 8 0
0 32 -1 0
0 34 0 1
0 36 0 1
1
end_operator
begin_operator
shake cocktail1 ingredient3 ingredient1 shaker1 right left
5
0 3
1 0
2 1
38 0
39 0
4
0 3 8 0
0 32 -1 0
0 34 0 1
0 36 0 1
1
end_operator
begin_operator
shake cocktail1 ingredient3 ingredient1 shaker1 right left
5
0 4
1 0
2 1
38 0
39 0
4
0 3 8 0
0 32 -1 0
0 34 0 1
0 36 0 1
1
end_operator
begin_operator
shake cocktail1 ingredient3 ingredient1 shaker1 right left
5
0 5
1 0
2 1
38 0
39 0
4
0 3 8 0
0 32 -1 0
0 34 0 1
0 36 0 1
1
end_operator
begin_operator
shake cocktail1 ingredient3 ingredient1 shaker1 right left
5
0 6
1 0
2 1
38 0
39 0
4
0 3 8 0
0 32 -1 0
0 34 0 1
0 36 0 1
1
end_operator
begin_operator
shake cocktail1 ingredient3 ingredient1 shaker1 right left
5
0 7
1 0
2 1
38 0
39 0
4
0 3 8 0
0 32 -1 0
0 34 0 1
0 36 0 1
1
end_operator
begin_operator
shake cocktail1 ingredient3 ingredient1 shaker1 right left
5
0 8
1 0
2 1
38 0
39 0
4
0 3 8 0
0 32 -1 0
0 34 0 1
0 36 0 1
1
end_operator
begin_operator
shake cocktail1 ingredient3 ingredient1 shaker1 right left
5
0 9
1 0
2 1
38 0
39 0
4
0 3 8 0
0 32 -1 0
0 34 0 1
0 36 0 1
1
end_operator
begin_operator
shake cocktail1 ingredient3 ingredient1 shaker1 right left
5
0 10
1 0
2 1
38 0
39 0
4
0 3 8 0
0 32 -1 0
0 34 0 1
0 36 0 1
1
end_operator
begin_operator
shake cocktail1 ingredient3 ingredient1 shaker1 right left
5
0 11
1 0
2 1
38 0
39 0
4
0 3 8 0
0 32 -1 0
0 34 0 1
0 36 0 1
1
end_operator
begin_operator
shake cocktail2 ingredient3 ingredient1 shaker1 left right
4
0 0
1 1
2 0
39 0
5
0 3 8 1
0 32 -1 0
0 34 0 1
0 36 0 1
0 38 0 1
1
end_operator
begin_operator
shake cocktail2 ingredient3 ingredient1 shaker1 left right
5
0 1
1 1
2 0
38 0
39 0
4
0 3 8 1
0 32 -1 0
0 34 0 1
0 36 0 1
1
end_operator
begin_operator
shake cocktail2 ingredient3 ingredient1 shaker1 left right
5
0 2
1 1
2 0
38 0
39 0
4
0 3 8 1
0 32 -1 0
0 34 0 1
0 36 0 1
1
end_operator
begin_operator
shake cocktail2 ingredient3 ingredient1 shaker1 left right
5
0 3
1 1
2 0
38 0
39 0
4
0 3 8 1
0 32 -1 0
0 34 0 1
0 36 0 1
1
end_operator
begin_operator
shake cocktail2 ingredient3 ingredient1 shaker1 left right
5
0 4
1 1
2 0
38 0
39 0
4
0 3 8 1
0 32 -1 0
0 34 0 1
0 36 0 1
1
end_operator
begin_operator
shake cocktail2 ingredient3 ingredient1 shaker1 left right
5
0 5
1 1
2 0
38 0
39 0
4
0 3 8 1
0 32 -1 0
0 34 0 1
0 36 0 1
1
end_operator
begin_operator
shake cocktail2 ingredient3 ingredient1 shaker1 left right
5
0 6
1 1
2 0
38 0
39 0
4
0 3 8 1
0 32 -1 0
0 34 0 1
0 36 0 1
1
end_operator
begin_operator
shake cocktail2 ingredient3 ingredient1 shaker1 left right
5
0 7
1 1
2 0
38 0
39 0
4
0 3 8 1
0 32 -1 0
0 34 0 1
0 36 0 1
1
end_operator
begin_operator
shake cocktail2 ingredient3 ingredient1 shaker1 left right
5
0 8
1 1
2 0
38 0
39 0
4
0 3 8 1
0 32 -1 0
0 34 0 1
0 36 0 1
1
end_operator
begin_operator
shake cocktail2 ingredient3 ingredient1 shaker1 left right
5
0 9
1 1
2 0
38 0
39 0
4
0 3 8 1
0 32 -1 0
0 34 0 1
0 36 0 1
1
end_operator
begin_operator
shake cocktail2 ingredient3 ingredient1 shaker1 left right
5
0 10
1 1
2 0
38 0
39 0
4
0 3 8 1
0 32 -1 0
0 34 0 1
0 36 0 1
1
end_operator
begin_operator
shake cocktail2 ingredient3 ingredient1 shaker1 left right
5
0 11
1 1
2 0
38 0
39 0
4
0 3 8 1
0 32 -1 0
0 34 0 1
0 36 0 1
1
end_operator
begin_operator
shake cocktail2 ingredient3 ingredient1 shaker1 right left
3
0 0
1 0
2 1
6
0 3 8 1
0 32 -1 0
0 34 0 1
0 36 0 1
0 38 0 1
0 39 0 1
1
end_operator
begin_operator
shake cocktail2 ingredient3 ingredient1 shaker1 right left
5
0 1
1 0
2 1
38 0
39 0
4
0 3 8 1
0 32 -1 0
0 34 0 1
0 36 0 1
1
end_operator
begin_operator
shake cocktail2 ingredient3 ingredient1 shaker1 right left
5
0 2
1 0
2 1
38 0
39 0
4
0 3 8 1
0 32 -1 0
0 34 0 1
0 36 0 1
1
end_operator
begin_operator
shake cocktail2 ingredient3 ingredient1 shaker1 right left
5
0 3
1 0
2 1
38 0
39 0
4
0 3 8 1
0 32 -1 0
0 34 0 1
0 36 0 1
1
end_operator
begin_operator
shake cocktail2 ingredient3 ingredient1 shaker1 right left
5
0 4
1 0
2 1
38 0
39 0
4
0 3 8 1
0 32 -1 0
0 34 0 1
0 36 0 1
1
end_operator
begin_operator
shake cocktail2 ingredient3 ingredient1 shaker1 right left
5
0 5
1 0
2 1
38 0
39 0
4
0 3 8 1
0 32 -1 0
0 34 0 1
0 36 0 1
1
end_operator
begin_operator
shake cocktail2 ingredient3 ingredient1 shaker1 right left
5
0 6
1 0
2 1
38 0
39 0
4
0 3 8 1
0 32 -1 0
0 34 0 1
0 36 0 1
1
end_operator
begin_operator
shake cocktail2 ingredient3 ingredient1 shaker1 right left
5
0 7
1 0
2 1
38 0
39 0
4
0 3 8 1
0 32 -1 0
0 34 0 1
0 36 0 1
1
end_operator
begin_operator
shake cocktail2 ingredient3 ingredient1 shaker1 right left
5
0 8
1 0
2 1
38 0
39 0
4
0 3 8 1
0 32 -1 0
0 34 0 1
0 36 0 1
1
end_operator
begin_operator
shake cocktail2 ingredient3 ingredient1 shaker1 right left
5
0 9
1 0
2 1
38 0
39 0
4
0 3 8 1
0 32 -1 0
0 34 0 1
0 36 0 1
1
end_operator
begin_operator
shake cocktail2 ingredient3 ingredient1 shaker1 right left
5
0 10
1 0
2 1
38 0
39 0
4
0 3 8 1
0 32 -1 0
0 34 0 1
0 36 0 1
1
end_operator
begin_operator
shake cocktail2 ingredient3 ingredient1 shaker1 right left
5
0 11
1 0
2 1
38 0
39 0
4
0 3 8 1
0 32 -1 0
0 34 0 1
0 36 0 1
1
end_operator
begin_operator
shake cocktail3 ingredient2 ingredient3 shaker1 left right
4
0 0
1 1
2 0
39 0
5
0 3 8 2
0 32 -1 0
0 35 0 1
0 36 0 1
0 38 0 1
1
end_operator
begin_operator
shake cocktail3 ingredient2 ingredient3 shaker1 left right
5
0 1
1 1
2 0
38 0
39 0
4
0 3 8 2
0 32 -1 0
0 35 0 1
0 36 0 1
1
end_operator
begin_operator
shake cocktail3 ingredient2 ingredient3 shaker1 left right
5
0 2
1 1
2 0
38 0
39 0
4
0 3 8 2
0 32 -1 0
0 35 0 1
0 36 0 1
1
end_operator
begin_operator
shake cocktail3 ingredient2 ingredient3 shaker1 left right
5
0 3
1 1
2 0
38 0
39 0
4
0 3 8 2
0 32 -1 0
0 35 0 1
0 36 0 1
1
end_operator
begin_operator
shake cocktail3 ingredient2 ingredient3 shaker1 left right
5
0 4
1 1
2 0
38 0
39 0
4
0 3 8 2
0 32 -1 0
0 35 0 1
0 36 0 1
1
end_operator
begin_operator
shake cocktail3 ingredient2 ingredient3 shaker1 left right
5
0 5
1 1
2 0
38 0
39 0
4
0 3 8 2
0 32 -1 0
0 35 0 1
0 36 0 1
1
end_operator
begin_operator
shake cocktail3 ingredient2 ingredient3 shaker1 left right
5
0 6
1 1
2 0
38 0
39 0
4
0 3 8 2
0 32 -1 0
0 35 0 1
0 36 0 1
1
end_operator
begin_operator
shake cocktail3 ingredient2 ingredient3 shaker1 left right
5
0 7
1 1
2 0
38 0
39 0
4
0 3 8 2
0 32 -1 0
0 35 0 1
0 36 0 1
1
end_operator
begin_operator
shake cocktail3 ingredient2 ingredient3 shaker1 left right
5
0 8
1 1
2 0
38 0
39 0
4
0 3 8 2
0 32 -1 0
0 35 0 1
0 36 0 1
1
end_operator
begin_operator
shake cocktail3 ingredient2 ingredient3 shaker1 left right
5
0 9
1 1
2 0
38 0
39 0
4
0 3 8 2
0 32 -1 0
0 35 0 1
0 36 0 1
1
end_operator
begin_operator
shake cocktail3 ingredient2 ingredient3 shaker1 left right
5
0 10
1 1
2 0
38 0
39 0
4
0 3 8 2
0 32 -1 0
0 35 0 1
0 36 0 1
1
end_operator
begin_operator
shake cocktail3 ingredient2 ingredient3 shaker1 left right
5
0 11
1 1
2 0
38 0
39 0
4
0 3 8 2
0 32 -1 0
0 35 0 1
0 36 0 1
1
end_operator
begin_operator
shake cocktail3 ingredient2 ingredient3 shaker1 right left
3
0 0
1 0
2 1
6
0 3 8 2
0 32 -1 0
0 35 0 1
0 36 0 1
0 38 0 1
0 39 0 1
1
end_operator
begin_operator
shake cocktail3 ingredient2 ingredient3 shaker1 right left
5
0 1
1 0
2 1
38 0
39 0
4
0 3 8 2
0 32 -1 0
0 35 0 1
0 36 0 1
1
end_operator
begin_operator
shake cocktail3 ingredient2 ingredient3 shaker1 right left
5
0 2
1 0
2 1
38 0
39 0
4
0 3 8 2
0 32 -1 0
0 35 0 1
0 36 0 1
1
end_operator
begin_operator
shake cocktail3 ingredient2 ingredient3 shaker1 right left
5
0 3
1 0
2 1
38 0
39 0
4
0 3 8 2
0 32 -1 0
0 35 0 1
0 36 0 1
1
end_operator
begin_operator
shake cocktail3 ingredient2 ingredient3 shaker1 right left
5
0 4
1 0
2 1
38 0
39 0
4
0 3 8 2
0 32 -1 0
0 35 0 1
0 36 0 1
1
end_operator
begin_operator
shake cocktail3 ingredient2 ingredient3 shaker1 right left
5
0 5
1 0
2 1
38 0
39 0
4
0 3 8 2
0 32 -1 0
0 35 0 1
0 36 0 1
1
end_operator
begin_operator
shake cocktail3 ingredient2 ingredient3 shaker1 right left
5
0 6
1 0
2 1
38 0
39 0
4
0 3 8 2
0 32 -1 0
0 35 0 1
0 36 0 1
1
end_operator
begin_operator
shake cocktail3 ingredient2 ingredient3 shaker1 right left
5
0 7
1 0
2 1
38 0
39 0
4
0 3 8 2
0 32 -1 0
0 35 0 1
0 36 0 1
1
end_operator
begin_operator
shake cocktail3 ingredient2 ingredient3 shaker1 right left
5
0 8
1 0
2 1
38 0
39 0
4
0 3 8 2
0 32 -1 0
0 35 0 1
0 36 0 1
1
end_operator
begin_operator
shake cocktail3 ingredient2 ingredient3 shaker1 right left
5
0 9
1 0
2 1
38 0
39 0
4
0 3 8 2
0 32 -1 0
0 35 0 1
0 36 0 1
1
end_operator
begin_operator
shake cocktail3 ingredient2 ingredient3 shaker1 right left
5
0 10
1 0
2 1
38 0
39 0
4
0 3 8 2
0 32 -1 0
0 35 0 1
0 36 0 1
1
end_operator
begin_operator
shake cocktail3 ingredient2 ingredient3 shaker1 right left
5
0 11
1 0
2 1
38 0
39 0
4
0 3 8 2
0 32 -1 0
0 35 0 1
0 36 0 1
1
end_operator
begin_operator
shake cocktail4 ingredient3 ingredient1 shaker1 left right
4
0 0
1 1
2 0
39 0
5
0 3 8 3
0 32 -1 0
0 34 0 1
0 36 0 1
0 38 0 1
1
end_operator
begin_operator
shake cocktail4 ingredient3 ingredient1 shaker1 left right
5
0 1
1 1
2 0
38 0
39 0
4
0 3 8 3
0 32 -1 0
0 34 0 1
0 36 0 1
1
end_operator
begin_operator
shake cocktail4 ingredient3 ingredient1 shaker1 left right
5
0 2
1 1
2 0
38 0
39 0
4
0 3 8 3
0 32 -1 0
0 34 0 1
0 36 0 1
1
end_operator
begin_operator
shake cocktail4 ingredient3 ingredient1 shaker1 left right
5
0 3
1 1
2 0
38 0
39 0
4
0 3 8 3
0 32 -1 0
0 34 0 1
0 36 0 1
1
end_operator
begin_operator
shake cocktail4 ingredient3 ingredient1 shaker1 left right
5
0 4
1 1
2 0
38 0
39 0
4
0 3 8 3
0 32 -1 0
0 34 0 1
0 36 0 1
1
end_operator
begin_operator
shake cocktail4 ingredient3 ingredient1 shaker1 left right
5
0 5
1 1
2 0
38 0
39 0
4
0 3 8 3
0 32 -1 0
0 34 0 1
0 36 0 1
1
end_operator
begin_operator
shake cocktail4 ingredient3 ingredient1 shaker1 left right
5
0 6
1 1
2 0
38 0
39 0
4
0 3 8 3
0 32 -1 0
0 34 0 1
0 36 0 1
1
end_operator
begin_operator
shake cocktail4 ingredient3 ingredient1 shaker1 left right
5
0 7
1 1
2 0
38 0
39 0
4
0 3 8 3
0 32 -1 0
0 34 0 1
0 36 0 1
1
end_operator
begin_operator
shake cocktail4 ingredient3 ingredient1 shaker1 left right
5
0 8
1 1
2 0
38 0
39 0
4
0 3 8 3
0 32 -1 0
0 34 0 1
0 36 0 1
1
end_operator
begin_operator
shake cocktail4 ingredient3 ingredient1 shaker1 left right
5
0 9
1 1
2 0
38 0
39 0
4
0 3 8 3
0 32 -1 0
0 34 0 1
0 36 0 1
1
end_operator
begin_operator
shake cocktail4 ingredient3 ingredient1 shaker1 left right
5
0 10
1 1
2 0
38 0
39 0
4
0 3 8 3
0 32 -1 0
0 34 0 1
0 36 0 1
1
end_operator
begin_operator
shake cocktail4 ingredient3 ingredient1 shaker1 left right
5
0 11
1 1
2 0
38 0
39 0
4
0 3 8 3
0 32 -1 0
0 34 0 1
0 36 0 1
1
end_operator
begin_operator
shake cocktail4 ingredient3 ingredient1 shaker1 right left
3
0 0
1 0
2 1
6
0 3 8 3
0 32 -1 0
0 34 0 1
0 36 0 1
0 38 0 1
0 39 0 1
1
end_operator
begin_operator
shake cocktail4 ingredient3 ingredient1 shaker1 right left
5
0 1
1 0
2 1
38 0
39 0
4
0 3 8 3
0 32 -1 0
0 34 0 1
0 36 0 1
1
end_operator
begin_operator
shake cocktail4 ingredient3 ingredient1 shaker1 right left
5
0 2
1 0
2 1
38 0
39 0
4
0 3 8 3
0 32 -1 0
0 34 0 1
0 36 0 1
1
end_operator
begin_operator
shake cocktail4 ingredient3 ingredient1 shaker1 right left
5
0 3
1 0
2 1
38 0
39 0
4
0 3 8 3
0 32 -1 0
0 34 0 1
0 36 0 1
1
end_operator
begin_operator
shake cocktail4 ingredient3 ingredient1 shaker1 right left
5
0 4
1 0
2 1
38 0
39 0
4
0 3 8 3
0 32 -1 0
0 34 0 1
0 36 0 1
1
end_operator
begin_operator
shake cocktail4 ingredient3 ingredient1 shaker1 right left
5
0 5
1 0
2 1
38 0
39 0
4
0 3 8 3
0 32 -1 0
0 34 0 1
0 36 0 1
1
end_operator
begin_operator
shake cocktail4 ingredient3 ingredient1 shaker1 right left
5
0 6
1 0
2 1
38 0
39 0
4
0 3 8 3
0 32 -1 0
0 34 0 1
0 36 0 1
1
end_operator
begin_operator
shake cocktail4 ingredient3 ingredient1 shaker1 right left
5
0 7
1 0
2 1
38 0
39 0
4
0 3 8 3
0 32 -1 0
0 34 0 1
0 36 0 1
1
end_operator
begin_operator
shake cocktail4 ingredient3 ingredient1 shaker1 right left
5
0 8
1 0
2 1
38 0
39 0
4
0 3 8 3
0 32 -1 0
0 34 0 1
0 36 0 1
1
end_operator
begin_operator
shake cocktail4 ingredient3 ingredient1 shaker1 right left
5
0 9
1 0
2 1
38 0
39 0
4
0 3 8 3
0 32 -1 0
0 34 0 1
0 36 0 1
1
end_operator
begin_operator
shake cocktail4 ingredient3 ingredient1 shaker1 right left
5
0 10
1 0
2 1
38 0
39 0
4
0 3 8 3
0 32 -1 0
0 34 0 1
0 36 0 1
1
end_operator
begin_operator
shake cocktail4 ingredient3 ingredient1 shaker1 right left
5
0 11
1 0
2 1
38 0
39 0
4
0 3 8 3
0 32 -1 0
0 34 0 1
0 36 0 1
1
end_operator
begin_operator
shake cocktail5 ingredient3 ingredient1 shaker1 left right
4
0 0
1 1
2 0
39 0
5
0 3 8 4
0 32 -1 0
0 34 0 1
0 36 0 1
0 38 0 1
1
end_operator
begin_operator
shake cocktail5 ingredient3 ingredient1 shaker1 left right
5
0 1
1 1
2 0
38 0
39 0
4
0 3 8 4
0 32 -1 0
0 34 0 1
0 36 0 1
1
end_operator
begin_operator
shake cocktail5 ingredient3 ingredient1 shaker1 left right
5
0 2
1 1
2 0
38 0
39 0
4
0 3 8 4
0 32 -1 0
0 34 0 1
0 36 0 1
1
end_operator
begin_operator
shake cocktail5 ingredient3 ingredient1 shaker1 left right
5
0 3
1 1
2 0
38 0
39 0
4
0 3 8 4
0 32 -1 0
0 34 0 1
0 36 0 1
1
end_operator
begin_operator
shake cocktail5 ingredient3 ingredient1 shaker1 left right
5
0 4
1 1
2 0
38 0
39 0
4
0 3 8 4
0 32 -1 0
0 34 0 1
0 36 0 1
1
end_operator
begin_operator
shake cocktail5 ingredient3 ingredient1 shaker1 left right
5
0 5
1 1
2 0
38 0
39 0
4
0 3 8 4
0 32 -1 0
0 34 0 1
0 36 0 1
1
end_operator
begin_operator
shake cocktail5 ingredient3 ingredient1 shaker1 left right
5
0 6
1 1
2 0
38 0
39 0
4
0 3 8 4
0 32 -1 0
0 34 0 1
0 36 0 1
1
end_operator
begin_operator
shake cocktail5 ingredient3 ingredient1 shaker1 left right
5
0 7
1 1
2 0
38 0
39 0
4
0 3 8 4
0 32 -1 0
0 34 0 1
0 36 0 1
1
end_operator
begin_operator
shake cocktail5 ingredient3 ingredient1 shaker1 left right
5
0 8
1 1
2 0
38 0
39 0
4
0 3 8 4
0 32 -1 0
0 34 0 1
0 36 0 1
1
end_operator
begin_operator
shake cocktail5 ingredient3 ingredient1 shaker1 left right
5
0 9
1 1
2 0
38 0
39 0
4
0 3 8 4
0 32 -1 0
0 34 0 1
0 36 0 1
1
end_operator
begin_operator
shake cocktail5 ingredient3 ingredient1 shaker1 left right
5
0 10
1 1
2 0
38 0
39 0
4
0 3 8 4
0 32 -1 0
0 34 0 1
0 36 0 1
1
end_operator
begin_operator
shake cocktail5 ingredient3 ingredient1 shaker1 left right
5
0 11
1 1
2 0
38 0
39 0
4
0 3 8 4
0 32 -1 0
0 34 0 1
0 36 0 1
1
end_operator
begin_operator
shake cocktail5 ingredient3 ingredient1 shaker1 right left
3
0 0
1 0
2 1
6
0 3 8 4
0 32 -1 0
0 34 0 1
0 36 0 1
0 38 0 1
0 39 0 1
1
end_operator
begin_operator
shake cocktail5 ingredient3 ingredient1 shaker1 right left
5
0 1
1 0
2 1
38 0
39 0
4
0 3 8 4
0 32 -1 0
0 34 0 1
0 36 0 1
1
end_operator
begin_operator
shake cocktail5 ingredient3 ingredient1 shaker1 right left
5
0 2
1 0
2 1
38 0
39 0
4
0 3 8 4
0 32 -1 0
0 34 0 1
0 36 0 1
1
end_operator
begin_operator
shake cocktail5 ingredient3 ingredient1 shaker1 right left
5
0 3
1 0
2 1
38 0
39 0
4
0 3 8 4
0 32 -1 0
0 34 0 1
0 36 0 1
1
end_operator
begin_operator
shake cocktail5 ingredient3 ingredient1 shaker1 right left
5
0 4
1 0
2 1
38 0
39 0
4
0 3 8 4
0 32 -1 0
0 34 0 1
0 36 0 1
1
end_operator
begin_operator
shake cocktail5 ingredient3 ingredient1 shaker1 right left
5
0 5
1 0
2 1
38 0
39 0
4
0 3 8 4
0 32 -1 0
0 34 0 1
0 36 0 1
1
end_operator
begin_operator
shake cocktail5 ingredient3 ingredient1 shaker1 right left
5
0 6
1 0
2 1
38 0
39 0
4
0 3 8 4
0 32 -1 0
0 34 0 1
0 36 0 1
1
end_operator
begin_operator
shake cocktail5 ingredient3 ingredient1 shaker1 right left
5
0 7
1 0
2 1
38 0
39 0
4
0 3 8 4
0 32 -1 0
0 34 0 1
0 36 0 1
1
end_operator
begin_operator
shake cocktail5 ingredient3 ingredient1 shaker1 right left
5
0 8
1 0
2 1
38 0
39 0
4
0 3 8 4
0 32 -1 0
0 34 0 1
0 36 0 1
1
end_operator
begin_operator
shake cocktail5 ingredient3 ingredient1 shaker1 right left
5
0 9
1 0
2 1
38 0
39 0
4
0 3 8 4
0 32 -1 0
0 34 0 1
0 36 0 1
1
end_operator
begin_operator
shake cocktail5 ingredient3 ingredient1 shaker1 right left
5
0 10
1 0
2 1
38 0
39 0
4
0 3 8 4
0 32 -1 0
0 34 0 1
0 36 0 1
1
end_operator
begin_operator
shake cocktail5 ingredient3 ingredient1 shaker1 right left
5
0 11
1 0
2 1
38 0
39 0
4
0 3 8 4
0 32 -1 0
0 34 0 1
0 36 0 1
1
end_operator
begin_operator
shake cocktail6 ingredient1 ingredient2 shaker1 left right
2
1 1
2 0
4
0 3 8 5
0 32 -1 0
0 34 0 1
0 35 0 1
1
end_operator
begin_operator
shake cocktail6 ingredient1 ingredient2 shaker1 right left
2
1 0
2 1
4
0 3 8 5
0 32 -1 0
0 34 0 1
0 35 0 1
1
end_operator
begin_operator
shake cocktail7 ingredient1 ingredient2 shaker1 left right
2
1 1
2 0
4
0 3 8 6
0 32 -1 0
0 34 0 1
0 35 0 1
1
end_operator
begin_operator
shake cocktail7 ingredient1 ingredient2 shaker1 right left
2
1 0
2 1
4
0 3 8 6
0 32 -1 0
0 34 0 1
0 35 0 1
1
end_operator
0
