begin_version
3
end_version
begin_metric
1
end_metric
47
begin_variable
var0
-1
133
at_two straight0 f0-0f f0-1f
at_two straight0 f0-0f f1-0f
at_two straight0 f0-1f f0-0f
at_two straight0 f0-1f f0-2f
at_two straight0 f0-1f f1-1f
at_two straight0 f0-2f f0-1f
at_two straight0 f0-2f f0-3f
at_two straight0 f0-2f f1-2f
at_two straight0 f0-3f f0-2f
at_two straight0 f0-3f f1-3f
at_two straight0 f1-0f f0-0f
at_two straight0 f1-0f f1-1f
at_two straight0 f1-0f f2-0f
at_two straight0 f1-1f f0-1f
at_two straight0 f1-1f f1-0f
at_two straight0 f1-1f f1-2f
at_two straight0 f1-1f f2-1f
at_two straight0 f1-2f f0-2f
at_two straight0 f1-2f f1-1f
at_two straight0 f1-2f f1-3f
at_two straight0 f1-2f f2-2f
at_two straight0 f1-3f f0-3f
at_two straight0 f1-3f f1-2f
at_two straight0 f1-3f f2-3f
at_two straight0 f2-0f f1-0f
at_two straight0 f2-0f f2-1f
at_two straight0 f2-0f f3-0f
at_two straight0 f2-1f f1-1f
at_two straight0 f2-1f f2-0f
at_two straight0 f2-1f f2-2f
at_two straight0 f2-1f f3-1f
at_two straight0 f2-2f f1-2f
at_two straight0 f2-2f f2-1f
at_two straight0 f2-2f f2-3f
at_two straight0 f2-2f f3-2f
at_two straight0 f2-3f f1-3f
at_two straight0 f2-3f f2-2f
at_two straight0 f2-3f f3-3f
at_two straight0 f3-0f f2-0f
at_two straight0 f3-0f f3-1f
at_two straight0 f3-0f f4-0f
at_two straight0 f3-1f f2-1f
at_two straight0 f3-1f f3-0f
at_two straight0 f3-1f f3-2f
at_two straight0 f3-1f f4-1f
at_two straight0 f3-2f f2-2f
at_two straight0 f3-2f f3-1f
at_two straight0 f3-2f f3-3f
at_two straight0 f3-2f f4-2f
at_two straight0 f3-3f f2-3f
at_two straight0 f3-3f f3-2f
at_two straight0 f3-3f f4-3f
at_two straight0 f4-0f f3-0f
at_two straight0 f4-0f f4-1f
at_two straight0 f4-0f f5-0f
at_two straight0 f4-1f f3-1f
at_two straight0 f4-1f f4-0f
at_two straight0 f4-1f f4-2f
at_two straight0 f4-1f f5-1f
at_two straight0 f4-2f f3-2f
at_two straight0 f4-2f f4-1f
at_two straight0 f4-2f f4-3f
at_two straight0 f4-2f f5-2f
at_two straight0 f4-3f f3-3f
at_two straight0 f4-3f f4-2f
at_two straight0 f4-3f f5-3f
at_two straight0 f5-0f f4-0f
at_two straight0 f5-0f f5-1f
at_two straight0 f5-0f f6-0f
at_two straight0 f5-1f f4-1f
at_two straight0 f5-1f f5-0f
at_two straight0 f5-1f f5-2f
at_two straight0 f5-1f f6-1f
at_two straight0 f5-2f f4-2f
at_two straight0 f5-2f f5-1f
at_two straight0 f5-2f f5-3f
at_two straight0 f5-2f f6-2f
at_two straight0 f5-3f f4-3f
at_two straight0 f5-3f f5-2f
at_two straight0 f5-3f f6-3f
at_two straight0 f6-0f f5-0f
at_two straight0 f6-0f f6-1f
at_two straight0 f6-0f f7-0f
at_two straight0 f6-1f f5-1f
at_two straight0 f6-1f f6-0f
at_two straight0 f6-1f f6-2f
at_two straight0 f6-1f f7-1f
at_two straight0 f6-2f f5-2f
at_two straight0 f6-2f f6-1f
at_two straight0 f6-2f f6-3f
at_two straight0 f6-2f f7-2f
at_two straight0 f6-3f f5-3f
at_two straight0 f6-3f f6-2f
at_two straight0 f6-3f f7-3f
at_two straight0 f7-0f f6-0f
at_two straight0 f7-0f f7-1f
at_two straight0 f7-0f f8-0f
at_two straight0 f7-1f f6-1f
at_two straight0 f7-1f f7-0f
at_two straight0 f7-1f f7-2f
at_two straight0 f7-1f f8-1f
at_two straight0 f7-2f f6-2f
at_two straight0 f7-2f f7-1f
at_two straight0 f7-2f f7-3f
at_two straight0 f7-2f f8-2f
at_two straight0 f7-3f f6-3f
at_two straight0 f7-3f f7-2f
at_two straight0 f7-3f f8-3f
at_two straight0 f8-0f f7-0f
at_two straight0 f8-0f f8-1f
at_two straight0 f8-0f f9-0f
at_two straight0 f8-1f f7-1f
at_two straight0 f8-1f f8-0f
at_two straight0 f8-1f f8-2f
at_two straight0 f8-1f f9-1f
at_two straight0 f8-2f f7-2f
at_two straight0 f8-2f f8-1f
at_two straight0 f8-2f f8-3f
at_two straight0 f8-2f f9-2f
at_two straight0 f8-3f f7-3f
at_two straight0 f8-3f f8-2f
at_two straight0 f8-3f f9-3f
at_two straight0 f9-0f f8-0f
at_two straight0 f9-0f f9-1f
at_two straight0 f9-1f f8-1f
at_two straight0 f9-1f f9-0f
at_two straight0 f9-1f f9-2f
at_two straight0 f9-2f f8-2f
at_two straight0 f9-2f f9-1f
at_two straight0 f9-2f f9-3f
at_two straight0 f9-3f f8-3f
at_two straight0 f9-3f f9-2f
tnf-unknown
end_variable
begin_variable
var1
-1
133
at_two straight2 f0-0f f0-1f
at_two straight2 f0-0f f1-0f
at_two straight2 f0-1f f0-0f
at_two straight2 f0-1f f0-2f
at_two straight2 f0-1f f1-1f
at_two straight2 f0-2f f0-1f
at_two straight2 f0-2f f0-3f
at_two straight2 f0-2f f1-2f
at_two straight2 f0-3f f0-2f
at_two straight2 f0-3f f1-3f
at_two straight2 f1-0f f0-0f
at_two straight2 f1-0f f1-1f
at_two straight2 f1-0f f2-0f
at_two straight2 f1-1f f0-1f
at_two straight2 f1-1f f1-0f
at_two straight2 f1-1f f1-2f
at_two straight2 f1-1f f2-1f
at_two straight2 f1-2f f0-2f
at_two straight2 f1-2f f1-1f
at_two straight2 f1-2f f1-3f
at_two straight2 f1-2f f2-2f
at_two straight2 f1-3f f0-3f
at_two straight2 f1-3f f1-2f
at_two straight2 f1-3f f2-3f
at_two straight2 f2-0f f1-0f
at_two straight2 f2-0f f2-1f
at_two straight2 f2-0f f3-0f
at_two straight2 f2-1f f1-1f
at_two straight2 f2-1f f2-0f
at_two straight2 f2-1f f2-2f
at_two straight2 f2-1f f3-1f
at_two straight2 f2-2f f1-2f
at_two straight2 f2-2f f2-1f
at_two straight2 f2-2f f2-3f
at_two straight2 f2-2f f3-2f
at_two straight2 f2-3f f1-3f
at_two straight2 f2-3f f2-2f
at_two straight2 f2-3f f3-3f
at_two straight2 f3-0f f2-0f
at_two straight2 f3-0f f3-1f
at_two straight2 f3-0f f4-0f
at_two straight2 f3-1f f2-1f
at_two straight2 f3-1f f3-0f
at_two straight2 f3-1f f3-2f
at_two straight2 f3-1f f4-1f
at_two straight2 f3-2f f2-2f
at_two straight2 f3-2f f3-1f
at_two straight2 f3-2f f3-3f
at_two straight2 f3-2f f4-2f
at_two straight2 f3-3f f2-3f
at_two straight2 f3-3f f3-2f
at_two straight2 f3-3f f4-3f
at_two straight2 f4-0f f3-0f
at_two straight2 f4-0f f4-1f
at_two straight2 f4-0f f5-0f
at_two straight2 f4-1f f3-1f
at_two straight2 f4-1f f4-0f
at_two straight2 f4-1f f4-2f
at_two straight2 f4-1f f5-1f
at_two straight2 f4-2f f3-2f
at_two straight2 f4-2f f4-1f
at_two straight2 f4-2f f4-3f
at_two straight2 f4-2f f5-2f
at_two straight2 f4-3f f3-3f
at_two straight2 f4-3f f4-2f
at_two straight2 f4-3f f5-3f
at_two straight2 f5-0f f4-0f
at_two straight2 f5-0f f5-1f
at_two straight2 f5-0f f6-0f
at_two straight2 f5-1f f4-1f
at_two straight2 f5-1f f5-0f
at_two straight2 f5-1f f5-2f
at_two straight2 f5-1f f6-1f
at_two straight2 f5-2f f4-2f
at_two straight2 f5-2f f5-1f
at_two straight2 f5-2f f5-3f
at_two straight2 f5-2f f6-2f
at_two straight2 f5-3f f4-3f
at_two straight2 f5-3f f5-2f
at_two straight2 f5-3f f6-3f
at_two straight2 f6-0f f5-0f
at_two straight2 f6-0f f6-1f
at_two straight2 f6-0f f7-0f
at_two straight2 f6-1f f5-1f
at_two straight2 f6-1f f6-0f
at_two straight2 f6-1f f6-2f
at_two straight2 f6-1f f7-1f
at_two straight2 f6-2f f5-2f
at_two straight2 f6-2f f6-1f
at_two straight2 f6-2f f6-3f
at_two straight2 f6-2f f7-2f
at_two straight2 f6-3f f5-3f
at_two straight2 f6-3f f6-2f
at_two straight2 f6-3f f7-3f
at_two straight2 f7-0f f6-0f
at_two straight2 f7-0f f7-1f
at_two straight2 f7-0f f8-0f
at_two straight2 f7-1f f6-1f
at_two straight2 f7-1f f7-0f
at_two straight2 f7-1f f7-2f
at_two straight2 f7-1f f8-1f
at_two straight2 f7-2f f6-2f
at_two straight2 f7-2f f7-1f
at_two straight2 f7-2f f7-3f
at_two straight2 f7-2f f8-2f
at_two straight2 f7-3f f6-3f
at_two straight2 f7-3f f7-2f
at_two straight2 f7-3f f8-3f
at_two straight2 f8-0f f7-0f
at_two straight2 f8-0f f8-1f
at_two straight2 f8-0f f9-0f
at_two straight2 f8-1f f7-1f
at_two straight2 f8-1f f8-0f
at_two straight2 f8-1f f8-2f
at_two straight2 f8-1f f9-1f
at_two straight2 f8-2f f7-2f
at_two straight2 f8-2f f8-1f
at_two straight2 f8-2f f8-3f
at_two straight2 f8-2f f9-2f
at_two straight2 f8-3f f7-3f
at_two straight2 f8-3f f8-2f
at_two straight2 f8-3f f9-3f
at_two straight2 f9-0f f8-0f
at_two straight2 f9-0f f9-1f
at_two straight2 f9-1f f8-1f
at_two straight2 f9-1f f9-0f
at_two straight2 f9-1f f9-2f
at_two straight2 f9-2f f8-2f
at_two straight2 f9-2f f9-1f
at_two straight2 f9-2f f9-3f
at_two straight2 f9-3f f8-3f
at_two straight2 f9-3f f9-2f
tnf-unknown
end_variable
begin_variable
var2
-1
133
at_two straight1 f0-0f f0-1f
at_two straight1 f0-0f f1-0f
at_two straight1 f0-1f f0-0f
at_two straight1 f0-1f f0-2f
at_two straight1 f0-1f f1-1f
at_two straight1 f0-2f f0-1f
at_two straight1 f0-2f f0-3f
at_two straight1 f0-2f f1-2f
at_two straight1 f0-3f f0-2f
at_two straight1 f0-3f f1-3f
at_two straight1 f1-0f f0-0f
at_two straight1 f1-0f f1-1f
at_two straight1 f1-0f f2-0f
at_two straight1 f1-1f f0-1f
at_two straight1 f1-1f f1-0f
at_two straight1 f1-1f f1-2f
at_two straight1 f1-1f f2-1f
at_two straight1 f1-2f f0-2f
at_two straight1 f1-2f f1-1f
at_two straight1 f1-2f f1-3f
at_two straight1 f1-2f f2-2f
at_two straight1 f1-3f f0-3f
at_two straight1 f1-3f f1-2f
at_two straight1 f1-3f f2-3f
at_two straight1 f2-0f f1-0f
at_two straight1 f2-0f f2-1f
at_two straight1 f2-0f f3-0f
at_two straight1 f2-1f f1-1f
at_two straight1 f2-1f f2-0f
at_two straight1 f2-1f f2-2f
at_two straight1 f2-1f f3-1f
at_two straight1 f2-2f f1-2f
at_two straight1 f2-2f f2-1f
at_two straight1 f2-2f f2-3f
at_two straight1 f2-2f f3-2f
at_two straight1 f2-3f f1-3f
at_two straight1 f2-3f f2-2f
at_two straight1 f2-3f f3-3f
at_two straight1 f3-0f f2-0f
at_two straight1 f3-0f f3-1f
at_two straight1 f3-0f f4-0f
at_two straight1 f3-1f f2-1f
at_two straight1 f3-1f f3-0f
at_two straight1 f3-1f f3-2f
at_two straight1 f3-1f f4-1f
at_two straight1 f3-2f f2-2f
at_two straight1 f3-2f f3-1f
at_two straight1 f3-2f f3-3f
at_two straight1 f3-2f f4-2f
at_two straight1 f3-3f f2-3f
at_two straight1 f3-3f f3-2f
at_two straight1 f3-3f f4-3f
at_two straight1 f4-0f f3-0f
at_two straight1 f4-0f f4-1f
at_two straight1 f4-0f f5-0f
at_two straight1 f4-1f f3-1f
at_two straight1 f4-1f f4-0f
at_two straight1 f4-1f f4-2f
at_two straight1 f4-1f f5-1f
at_two straight1 f4-2f f3-2f
at_two straight1 f4-2f f4-1f
at_two straight1 f4-2f f4-3f
at_two straight1 f4-2f f5-2f
at_two straight1 f4-3f f3-3f
at_two straight1 f4-3f f4-2f
at_two straight1 f4-3f f5-3f
at_two straight1 f5-0f f4-0f
at_two straight1 f5-0f f5-1f
at_two straight1 f5-0f f6-0f
at_two straight1 f5-1f f4-1f
at_two straight1 f5-1f f5-0f
at_two straight1 f5-1f f5-2f
at_two straight1 f5-1f f6-1f
at_two straight1 f5-2f f4-2f
at_two straight1 f5-2f f5-1f
at_two straight1 f5-2f f5-3f
at_two straight1 f5-2f f6-2f
at_two straight1 f5-3f f4-3f
at_two straight1 f5-3f f5-2f
at_two straight1 f5-3f f6-3f
at_two straight1 f6-0f f5-0f
at_two straight1 f6-0f f6-1f
at_two straight1 f6-0f f7-0f
at_two straight1 f6-1f f5-1f
at_two straight1 f6-1f f6-0f
at_two straight1 f6-1f f6-2f
at_two straight1 f6-1f f7-1f
at_two straight1 f6-2f f5-2f
at_two straight1 f6-2f f6-1f
at_two straight1 f6-2f f6-3f
at_two straight1 f6-2f f7-2f
at_two straight1 f6-3f f5-3f
at_two straight1 f6-3f f6-2f
at_two straight1 f6-3f f7-3f
at_two straight1 f7-0f f6-0f
at_two straight1 f7-0f f7-1f
at_two straight1 f7-0f f8-0f
at_two straight1 f7-1f f6-1f
at_two straight1 f7-1f f7-0f
at_two straight1 f7-1f f7-2f
at_two straight1 f7-1f f8-1f
at_two straight1 f7-2f f6-2f
at_two straight1 f7-2f f7-1f
at_two straight1 f7-2f f7-3f
at_two straight1 f7-2f f8-2f
at_two straight1 f7-3f f6-3f
at_two straight1 f7-3f f7-2f
at_two straight1 f7-3f f8-3f
at_two straight1 f8-0f f7-0f
at_two straight1 f8-0f f8-1f
at_two straight1 f8-0f f9-0f
at_two straight1 f8-1f f7-1f
at_two straight1 f8-1f f8-0f
at_two straight1 f8-1f f8-2f
at_two straight1 f8-1f f9-1f
at_two straight1 f8-2f f7-2f
at_two straight1 f8-2f f8-1f
at_two straight1 f8-2f f8-3f
at_two straight1 f8-2f f9-2f
at_two straight1 f8-3f f7-3f
at_two straight1 f8-3f f8-2f
at_two straight1 f8-3f f9-3f
at_two straight1 f9-0f f8-0f
at_two straight1 f9-0f f9-1f
at_two straight1 f9-1f f8-1f
at_two straight1 f9-1f f9-0f
at_two straight1 f9-1f f9-2f
at_two straight1 f9-2f f8-2f
at_two straight1 f9-2f f9-1f
at_two straight1 f9-2f f9-3f
at_two straight1 f9-3f f8-3f
at_two straight1 f9-3f f9-2f
tnf-unknown
end_variable
begin_variable
var3
-1
133
at_two straight3 f0-0f f0-1f
at_two straight3 f0-0f f1-0f
at_two straight3 f0-1f f0-0f
at_two straight3 f0-1f f0-2f
at_two straight3 f0-1f f1-1f
at_two straight3 f0-2f f0-1f
at_two straight3 f0-2f f0-3f
at_two straight3 f0-2f f1-2f
at_two straight3 f0-3f f0-2f
at_two straight3 f0-3f f1-3f
at_two straight3 f1-0f f0-0f
at_two straight3 f1-0f f1-1f
at_two straight3 f1-0f f2-0f
at_two straight3 f1-1f f0-1f
at_two straight3 f1-1f f1-0f
at_two straight3 f1-1f f1-2f
at_two straight3 f1-1f f2-1f
at_two straight3 f1-2f f0-2f
at_two straight3 f1-2f f1-1f
at_two straight3 f1-2f f1-3f
at_two straight3 f1-2f f2-2f
at_two straight3 f1-3f f0-3f
at_two straight3 f1-3f f1-2f
at_two straight3 f1-3f f2-3f
at_two straight3 f2-0f f1-0f
at_two straight3 f2-0f f2-1f
at_two straight3 f2-0f f3-0f
at_two straight3 f2-1f f1-1f
at_two straight3 f2-1f f2-0f
at_two straight3 f2-1f f2-2f
at_two straight3 f2-1f f3-1f
at_two straight3 f2-2f f1-2f
at_two straight3 f2-2f f2-1f
at_two straight3 f2-2f f2-3f
at_two straight3 f2-2f f3-2f
at_two straight3 f2-3f f1-3f
at_two straight3 f2-3f f2-2f
at_two straight3 f2-3f f3-3f
at_two straight3 f3-0f f2-0f
at_two straight3 f3-0f f3-1f
at_two straight3 f3-0f f4-0f
at_two straight3 f3-1f f2-1f
at_two straight3 f3-1f f3-0f
at_two straight3 f3-1f f3-2f
at_two straight3 f3-1f f4-1f
at_two straight3 f3-2f f2-2f
at_two straight3 f3-2f f3-1f
at_two straight3 f3-2f f3-3f
at_two straight3 f3-2f f4-2f
at_two straight3 f3-3f f2-3f
at_two straight3 f3-3f f3-2f
at_two straight3 f3-3f f4-3f
at_two straight3 f4-0f f3-0f
at_two straight3 f4-0f f4-1f
at_two straight3 f4-0f f5-0f
at_two straight3 f4-1f f3-1f
at_two straight3 f4-1f f4-0f
at_two straight3 f4-1f f4-2f
at_two straight3 f4-1f f5-1f
at_two straight3 f4-2f f3-2f
at_two straight3 f4-2f f4-1f
at_two straight3 f4-2f f4-3f
at_two straight3 f4-2f f5-2f
at_two straight3 f4-3f f3-3f
at_two straight3 f4-3f f4-2f
at_two straight3 f4-3f f5-3f
at_two straight3 f5-0f f4-0f
at_two straight3 f5-0f f5-1f
at_two straight3 f5-0f f6-0f
at_two straight3 f5-1f f4-1f
at_two straight3 f5-1f f5-0f
at_two straight3 f5-1f f5-2f
at_two straight3 f5-1f f6-1f
at_two straight3 f5-2f f4-2f
at_two straight3 f5-2f f5-1f
at_two straight3 f5-2f f5-3f
at_two straight3 f5-2f f6-2f
at_two straight3 f5-3f f4-3f
at_two straight3 f5-3f f5-2f
at_two straight3 f5-3f f6-3f
at_two straight3 f6-0f f5-0f
at_two straight3 f6-0f f6-1f
at_two straight3 f6-0f f7-0f
at_two straight3 f6-1f f5-1f
at_two straight3 f6-1f f6-0f
at_two straight3 f6-1f f6-2f
at_two straight3 f6-1f f7-1f
at_two straight3 f6-2f f5-2f
at_two straight3 f6-2f f6-1f
at_two straight3 f6-2f f6-3f
at_two straight3 f6-2f f7-2f
at_two straight3 f6-3f f5-3f
at_two straight3 f6-3f f6-2f
at_two straight3 f6-3f f7-3f
at_two straight3 f7-0f f6-0f
at_two straight3 f7-0f f7-1f
at_two straight3 f7-0f f8-0f
at_two straight3 f7-1f f6-1f
at_two straight3 f7-1f f7-0f
at_two straight3 f7-1f f7-2f
at_two straight3 f7-1f f8-1f
at_two straight3 f7-2f f6-2f
at_two straight3 f7-2f f7-1f
at_two straight3 f7-2f f7-3f
at_two straight3 f7-2f f8-2f
at_two straight3 f7-3f f6-3f
at_two straight3 f7-3f f7-2f
at_two straight3 f7-3f f8-3f
at_two straight3 f8-0f f7-0f
at_two straight3 f8-0f f8-1f
at_two straight3 f8-0f f9-0f
at_two straight3 f8-1f f7-1f
at_two straight3 f8-1f f8-0f
at_two straight3 f8-1f f8-2f
at_two straight3 f8-1f f9-1f
at_two straight3 f8-2f f7-2f
at_two straight3 f8-2f f8-1f
at_two straight3 f8-2f f8-3f
at_two straight3 f8-2f f9-2f
at_two straight3 f8-3f f7-3f
at_two straight3 f8-3f f8-2f
at_two straight3 f8-3f f9-3f
at_two straight3 f9-0f f8-0f
at_two straight3 f9-0f f9-1f
at_two straight3 f9-1f f8-1f
at_two straight3 f9-1f f9-0f
at_two straight3 f9-1f f9-2f
at_two straight3 f9-2f f8-2f
at_two straight3 f9-2f f9-1f
at_two straight3 f9-2f f9-3f
at_two straight3 f9-3f f8-3f
at_two straight3 f9-3f f9-2f
tnf-unknown
end_variable
begin_variable
var4
-1
28
at_right_l rightl0 f0-0f f1-0f f1-1f
at_right_l rightl0 f0-1f f1-1f f1-2f
at_right_l rightl0 f0-2f f1-2f f1-3f
at_right_l rightl0 f1-0f f2-0f f2-1f
at_right_l rightl0 f1-1f f2-1f f2-2f
at_right_l rightl0 f1-2f f2-2f f2-3f
at_right_l rightl0 f2-0f f3-0f f3-1f
at_right_l rightl0 f2-1f f3-1f f3-2f
at_right_l rightl0 f2-2f f3-2f f3-3f
at_right_l rightl0 f3-0f f4-0f f4-1f
at_right_l rightl0 f3-1f f4-1f f4-2f
at_right_l rightl0 f3-2f f4-2f f4-3f
at_right_l rightl0 f4-0f f5-0f f5-1f
at_right_l rightl0 f4-1f f5-1f f5-2f
at_right_l rightl0 f4-2f f5-2f f5-3f
at_right_l rightl0 f5-0f f6-0f f6-1f
at_right_l rightl0 f5-1f f6-1f f6-2f
at_right_l rightl0 f5-2f f6-2f f6-3f
at_right_l rightl0 f6-0f f7-0f f7-1f
at_right_l rightl0 f6-1f f7-1f f7-2f
at_right_l rightl0 f6-2f f7-2f f7-3f
at_right_l rightl0 f7-0f f8-0f f8-1f
at_right_l rightl0 f7-1f f8-1f f8-2f
at_right_l rightl0 f7-2f f8-2f f8-3f
at_right_l rightl0 f8-0f f9-0f f9-1f
at_right_l rightl0 f8-1f f9-1f f9-2f
at_right_l rightl0 f8-2f f9-2f f9-3f
tnf-unknown
end_variable
begin_variable
var5
-1
28
at_right_l rightl1 f0-0f f1-0f f1-1f
at_right_l rightl1 f0-1f f1-1f f1-2f
at_right_l rightl1 f0-2f f1-2f f1-3f
at_right_l rightl1 f1-0f f2-0f f2-1f
at_right_l rightl1 f1-1f f2-1f f2-2f
at_right_l rightl1 f1-2f f2-2f f2-3f
at_right_l rightl1 f2-0f f3-0f f3-1f
at_right_l rightl1 f2-1f f3-1f f3-2f
at_right_l rightl1 f2-2f f3-2f f3-3f
at_right_l rightl1 f3-0f f4-0f f4-1f
at_right_l rightl1 f3-1f f4-1f f4-2f
at_right_l rightl1 f3-2f f4-2f f4-3f
at_right_l rightl1 f4-0f f5-0f f5-1f
at_right_l rightl1 f4-1f f5-1f f5-2f
at_right_l rightl1 f4-2f f5-2f f5-3f
at_right_l rightl1 f5-0f f6-0f f6-1f
at_right_l rightl1 f5-1f f6-1f f6-2f
at_right_l rightl1 f5-2f f6-2f f6-3f
at_right_l rightl1 f6-0f f7-0f f7-1f
at_right_l rightl1 f6-1f f7-1f f7-2f
at_right_l rightl1 f6-2f f7-2f f7-3f
at_right_l rightl1 f7-0f f8-0f f8-1f
at_right_l rightl1 f7-1f f8-1f f8-2f
at_right_l rightl1 f7-2f f8-2f f8-3f
at_right_l rightl1 f8-0f f9-0f f9-1f
at_right_l rightl1 f8-1f f9-1f f9-2f
at_right_l rightl1 f8-2f f9-2f f9-3f
tnf-unknown
end_variable
begin_variable
var6
-1
28
at_right_l rightl2 f0-0f f1-0f f1-1f
at_right_l rightl2 f0-1f f1-1f f1-2f
at_right_l rightl2 f0-2f f1-2f f1-3f
at_right_l rightl2 f1-0f f2-0f f2-1f
at_right_l rightl2 f1-1f f2-1f f2-2f
at_right_l rightl2 f1-2f f2-2f f2-3f
at_right_l rightl2 f2-0f f3-0f f3-1f
at_right_l rightl2 f2-1f f3-1f f3-2f
at_right_l rightl2 f2-2f f3-2f f3-3f
at_right_l rightl2 f3-0f f4-0f f4-1f
at_right_l rightl2 f3-1f f4-1f f4-2f
at_right_l rightl2 f3-2f f4-2f f4-3f
at_right_l rightl2 f4-0f f5-0f f5-1f
at_right_l rightl2 f4-1f f5-1f f5-2f
at_right_l rightl2 f4-2f f5-2f f5-3f
at_right_l rightl2 f5-0f f6-0f f6-1f
at_right_l rightl2 f5-1f f6-1f f6-2f
at_right_l rightl2 f5-2f f6-2f f6-3f
at_right_l rightl2 f6-0f f7-0f f7-1f
at_right_l rightl2 f6-1f f7-1f f7-2f
at_right_l rightl2 f6-2f f7-2f f7-3f
at_right_l rightl2 f7-0f f8-0f f8-1f
at_right_l rightl2 f7-1f f8-1f f8-2f
at_right_l rightl2 f7-2f f8-2f f8-3f
at_right_l rightl2 f8-0f f9-0f f9-1f
at_right_l rightl2 f8-1f f9-1f f9-2f
at_right_l rightl2 f8-2f f9-2f f9-3f
tnf-unknown
end_variable
begin_variable
var7
-1
3
clear f0-0f
none-of-those
tnf-unkown
end_variable
begin_variable
var8
-1
3
clear f0-1f
none-of-those
tnf-unkown
end_variable
begin_variable
var9
-1
3
clear f0-2f
none-of-those
tnf-unkown
end_variable
begin_variable
var10
-1
3
clear f0-3f
none-of-those
tnf-unkown
end_variable
begin_variable
var11
-1
3
clear f1-0f
none-of-those
tnf-unkown
end_variable
begin_variable
var12
-1
3
clear f1-1f
none-of-those
tnf-unkown
end_variable
begin_variable
var13
-1
3
clear f1-2f
none-of-those
tnf-unkown
end_variable
begin_variable
var14
-1
3
clear f1-3f
none-of-those
tnf-unkown
end_variable
begin_variable
var15
-1
3
clear f2-0f
none-of-those
tnf-unkown
end_variable
begin_variable
var16
-1
3
clear f2-1f
none-of-those
tnf-unkown
end_variable
begin_variable
var17
-1
3
clear f2-2f
none-of-those
tnf-unkown
end_variable
begin_variable
var18
-1
3
clear f2-3f
none-of-those
tnf-unkown
end_variable
begin_variable
var19
-1
3
clear f3-0f
none-of-those
tnf-unkown
end_variable
begin_variable
var20
-1
3
clear f3-1f
none-of-those
tnf-unkown
end_variable
begin_variable
var21
-1
3
clear f3-2f
none-of-those
tnf-unkown
end_variable
begin_variable
var22
-1
3
clear f3-3f
none-of-those
tnf-unkown
end_variable
begin_variable
var23
-1
3
clear f4-0f
none-of-those
tnf-unkown
end_variable
begin_variable
var24
-1
3
clear f4-1f
none-of-those
tnf-unkown
end_variable
begin_variable
var25
-1
3
clear f4-2f
none-of-those
tnf-unkown
end_variable
begin_variable
var26
-1
3
clear f4-3f
none-of-those
tnf-unkown
end_variable
begin_variable
var27
-1
3
clear f5-0f
none-of-those
tnf-unkown
end_variable
begin_variable
var28
-1
3
clear f5-1f
none-of-those
tnf-unkown
end_variable
begin_variable
var29
-1
3
clear f5-2f
none-of-those
tnf-unkown
end_variable
begin_variable
var30
-1
3
clear f5-3f
none-of-those
tnf-unkown
end_variable
begin_variable
var31
-1
3
clear f6-0f
none-of-those
tnf-unkown
end_variable
begin_variable
var32
-1
3
clear f6-1f
none-of-those
tnf-unkown
end_variable
begin_variable
var33
-1
3
clear f6-2f
none-of-those
tnf-unkown
end_variable
begin_variable
var34
-1
3
clear f6-3f
none-of-those
tnf-unkown
end_variable
begin_variable
var35
-1
3
clear f7-0f
none-of-those
tnf-unkown
end_variable
begin_variable
var36
-1
3
clear f7-1f
none-of-those
tnf-unkown
end_variable
begin_variable
var37
-1
3
clear f7-2f
none-of-those
tnf-unkown
end_variable
begin_variable
var38
-1
3
clear f7-3f
none-of-those
tnf-unkown
end_variable
begin_variable
var39
-1
3
clear f8-0f
none-of-those
tnf-unkown
end_variable
begin_variable
var40
-1
3
clear f8-1f
none-of-those
tnf-unkown
end_variable
begin_variable
var41
-1
3
clear f8-2f
none-of-those
tnf-unkown
end_variable
begin_variable
var42
-1
3
clear f8-3f
none-of-those
tnf-unkown
end_variable
begin_variable
var43
-1
3
clear f9-0f
none-of-those
tnf-unkown
end_variable
begin_variable
var44
-1
3
clear f9-1f
none-of-those
tnf-unkown
end_variable
begin_variable
var45
-1
3
clear f9-2f
none-of-those
tnf-unkown
end_variable
begin_variable
var46
-1
3
clear f9-3f
none-of-those
tnf-unkown
end_variable
7
begin_mutex_group
27
4 0
4 1
4 2
4 3
4 4
4 5
4 6
4 7
4 8
4 9
4 10
4 11
4 12
4 13
4 14
4 15
4 16
4 17
4 18
4 19
4 20
4 21
4 22
4 23
4 24
4 25
4 26
end_mutex_group
begin_mutex_group
27
5 0
5 1
5 2
5 3
5 4
5 5
5 6
5 7
5 8
5 9
5 10
5 11
5 12
5 13
5 14
5 15
5 16
5 17
5 18
5 19
5 20
5 21
5 22
5 23
5 24
5 25
5 26
end_mutex_group
begin_mutex_group
27
6 0
6 1
6 2
6 3
6 4
6 5
6 6
6 7
6 8
6 9
6 10
6 11
6 12
6 13
6 14
6 15
6 16
6 17
6 18
6 19
6 20
6 21
6 22
6 23
6 24
6 25
6 26
end_mutex_group
begin_mutex_group
132
0 0
0 1
0 2
0 3
0 4
0 5
0 6
0 7
0 8
0 9
0 10
0 11
0 12
0 13
0 14
0 15
0 16
0 17
0 18
0 19
0 20
0 21
0 22
0 23
0 24
0 25
0 26
0 27
0 28
0 29
0 30
0 31
0 32
0 33
0 34
0 35
0 36
0 37
0 38
0 39
0 40
0 41
0 42
0 43
0 44
0 45
0 46
0 47
0 48
0 49
0 50
0 51
0 52
0 53
0 54
0 55
0 56
0 57
0 58
0 59
0 60
0 61
0 62
0 63
0 64
0 65
0 66
0 67
0 68
0 69
0 70
0 71
0 72
0 73
0 74
0 75
0 76
0 77
0 78
0 79
0 80
0 81
0 82
0 83
0 84
0 85
0 86
0 87
0 88
0 89
0 90
0 91
0 92
0 93
0 94
0 95
0 96
0 97
0 98
0 99
0 100
0 101
0 102
0 103
0 104
0 105
0 106
0 107
0 108
0 109
0 110
0 111
0 112
0 113
0 114
0 115
0 116
0 117
0 118
0 119
0 120
0 121
0 122
0 123
0 124
0 125
0 126
0 127
0 128
0 129
0 130
0 131
end_mutex_group
begin_mutex_group
132
1 0
1 1
1 2
1 3
1 4
1 5
1 6
1 7
1 8
1 9
1 10
1 11
1 12
1 13
1 14
1 15
1 16
1 17
1 18
1 19
1 20
1 21
1 22
1 23
1 24
1 25
1 26
1 27
1 28
1 29
1 30
1 31
1 32
1 33
1 34
1 35
1 36
1 37
1 38
1 39
1 40
1 41
1 42
1 43
1 44
1 45
1 46
1 47
1 48
1 49
1 50
1 51
1 52
1 53
1 54
1 55
1 56
1 57
1 58
1 59
1 60
1 61
1 62
1 63
1 64
1 65
1 66
1 67
1 68
1 69
1 70
1 71
1 72
1 73
1 74
1 75
1 76
1 77
1 78
1 79
1 80
1 81
1 82
1 83
1 84
1 85
1 86
1 87
1 88
1 89
1 90
1 91
1 92
1 93
1 94
1 95
1 96
1 97
1 98
1 99
1 100
1 101
1 102
1 103
1 104
1 105
1 106
1 107
1 108
1 109
1 110
1 111
1 112
1 113
1 114
1 115
1 116
1 117
1 118
1 119
1 120
1 121
1 122
1 123
1 124
1 125
1 126
1 127
1 128
1 129
1 130
1 131
end_mutex_group
begin_mutex_group
132
2 0
2 1
2 2
2 3
2 4
2 5
2 6
2 7
2 8
2 9
2 10
2 11
2 12
2 13
2 14
2 15
2 16
2 17
2 18
2 19
2 20
2 21
2 22
2 23
2 24
2 25
2 26
2 27
2 28
2 29
2 30
2 31
2 32
2 33
2 34
2 35
2 36
2 37
2 38
2 39
2 40
2 41
2 42
2 43
2 44
2 45
2 46
2 47
2 48
2 49
2 50
2 51
2 52
2 53
2 54
2 55
2 56
2 57
2 58
2 59
2 60
2 61
2 62
2 63
2 64
2 65
2 66
2 67
2 68
2 69
2 70
2 71
2 72
2 73
2 74
2 75
2 76
2 77
2 78
2 79
2 80
2 81
2 82
2 83
2 84
2 85
2 86
2 87
2 88
2 89
2 90
2 91
2 92
2 93
2 94
2 95
2 96
2 97
2 98
2 99
2 100
2 101
2 102
2 103
2 104
2 105
2 106
2 107
2 108
2 109
2 110
2 111
2 112
2 113
2 114
2 115
2 116
2 117
2 118
2 119
2 120
2 121
2 122
2 123
2 124
2 125
2 126
2 127
2 128
2 129
2 130
2 131
end_mutex_group
begin_mutex_group
132
3 0
3 1
3 2
3 3
3 4
3 5
3 6
3 7
3 8
3 9
3 10
3 11
3 12
3 13
3 14
3 15
3 16
3 17
3 18
3 19
3 20
3 21
3 22
3 23
3 24
3 25
3 26
3 27
3 28
3 29
3 30
3 31
3 32
3 33
3 34
3 35
3 36
3 37
3 38
3 39
3 40
3 41
3 42
3 43
3 44
3 45
3 46
3 47
3 48
3 49
3 50
3 51
3 52
3 53
3 54
3 55
3 56
3 57
3 58
3 59
3 60
3 61
3 62
3 63
3 64
3 65
3 66
3 67
3 68
3 69
3 70
3 71
3 72
3 73
3 74
3 75
3 76
3 77
3 78
3 79
3 80
3 81
3 82
3 83
3 84
3 85
3 86
3 87
3 88
3 89
3 90
3 91
3 92
3 93
3 94
3 95
3 96
3 97
3 98
3 99
3 100
3 101
3 102
3 103
3 104
3 105
3 106
3 107
3 108
3 109
3 110
3 111
3 112
3 113
3 114
3 115
3 116
3 117
3 118
3 119
3 120
3 121
3 122
3 123
3 124
3 125
3 126
3 127
3 128
3 129
3 130
3 131
end_mutex_group
begin_state
1
30
26
34
12
14
1
1
1
0
0
1
1
1
0
1
1
1
0
1
1
1
0
1
0
1
0
1
1
1
1
0
0
0
0
0
0
0
0
0
0
0
0
0
0
0
0
end_state
begin_goal
47
0 132
1 132
2 132
3 132
4 27
5 27
6 27
7 0
8 0
9 0
10 0
11 0
12 0
13 0
14 0
15 0
16 0
17 0
18 0
19 0
20 0
21 0
22 0
23 0
24 0
25 0
26 0
27 2
28 2
29 2
30 2
31 2
32 2
33 2
34 2
35 2
36 2
37 2
38 2
39 2
40 2
41 2
42 2
43 2
44 2
45 2
46 2
end_goal
2221
begin_operator
move_l_down f0-0f f1-0f f1-1f f2-0f f2-1f rightl0
0
5
0 4 0 3
0 7 2 0
0 12 2 0
0 15 0 1
0 16 0 1
3
end_operator
begin_operator
move_l_down f0-0f f1-0f f1-1f f2-0f f2-1f rightl1
0
5
0 5 0 3
0 7 2 0
0 12 2 0
0 15 0 1
0 16 0 1
3
end_operator
begin_operator
move_l_down f0-0f f1-0f f1-1f f2-0f f2-1f rightl2
0
5
0 6 0 3
0 7 2 0
0 12 2 0
0 15 0 1
0 16 0 1
3
end_operator
begin_operator
move_l_down f0-1f f1-1f f1-2f f2-1f f2-2f rightl0
0
5
0 4 1 4
0 8 2 0
0 13 2 0
0 16 0 1
0 17 0 1
3
end_operator
begin_operator
move_l_down f0-1f f1-1f f1-2f f2-1f f2-2f rightl1
0
5
0 5 1 4
0 8 2 0
0 13 2 0
0 16 0 1
0 17 0 1
3
end_operator
begin_operator
move_l_down f0-1f f1-1f f1-2f f2-1f f2-2f rightl2
0
5
0 6 1 4
0 8 2 0
0 13 2 0
0 16 0 1
0 17 0 1
3
end_operator
begin_operator
move_l_down f0-2f f1-2f f1-3f f2-2f f2-3f rightl0
0
5
0 4 2 5
0 9 2 0
0 14 2 0
0 17 0 1
0 18 0 1
3
end_operator
begin_operator
move_l_down f0-2f f1-2f f1-3f f2-2f f2-3f rightl1
0
5
0 5 2 5
0 9 2 0
0 14 2 0
0 17 0 1
0 18 0 1
3
end_operator
begin_operator
move_l_down f0-2f f1-2f f1-3f f2-2f f2-3f rightl2
0
5
0 6 2 5
0 9 2 0
0 14 2 0
0 17 0 1
0 18 0 1
3
end_operator
begin_operator
move_l_down f1-0f f2-0f f2-1f f3-0f f3-1f rightl0
0
5
0 4 3 6
0 11 2 0
0 16 2 0
0 19 0 1
0 20 0 1
3
end_operator
begin_operator
move_l_down f1-0f f2-0f f2-1f f3-0f f3-1f rightl1
0
5
0 5 3 6
0 11 2 0
0 16 2 0
0 19 0 1
0 20 0 1
3
end_operator
begin_operator
move_l_down f1-0f f2-0f f2-1f f3-0f f3-1f rightl2
0
5
0 6 3 6
0 11 2 0
0 16 2 0
0 19 0 1
0 20 0 1
3
end_operator
begin_operator
move_l_down f1-1f f2-1f f2-2f f3-1f f3-2f rightl0
0
5
0 4 4 7
0 12 2 0
0 17 2 0
0 20 0 1
0 21 0 1
3
end_operator
begin_operator
move_l_down f1-1f f2-1f f2-2f f3-1f f3-2f rightl1
0
5
0 5 4 7
0 12 2 0
0 17 2 0
0 20 0 1
0 21 0 1
3
end_operator
begin_operator
move_l_down f1-1f f2-1f f2-2f f3-1f f3-2f rightl2
0
5
0 6 4 7
0 12 2 0
0 17 2 0
0 20 0 1
0 21 0 1
3
end_operator
begin_operator
move_l_down f1-2f f2-2f f2-3f f3-2f f3-3f rightl0
0
5
0 4 5 8
0 13 2 0
0 18 2 0
0 21 0 1
0 22 0 1
3
end_operator
begin_operator
move_l_down f1-2f f2-2f f2-3f f3-2f f3-3f rightl1
0
5
0 5 5 8
0 13 2 0
0 18 2 0
0 21 0 1
0 22 0 1
3
end_operator
begin_operator
move_l_down f1-2f f2-2f f2-3f f3-2f f3-3f rightl2
0
5
0 6 5 8
0 13 2 0
0 18 2 0
0 21 0 1
0 22 0 1
3
end_operator
begin_operator
move_l_down f2-0f f3-0f f3-1f f4-0f f4-1f rightl0
0
5
0 4 6 9
0 15 2 0
0 20 2 0
0 23 0 1
0 24 0 1
3
end_operator
begin_operator
move_l_down f2-0f f3-0f f3-1f f4-0f f4-1f rightl1
0
5
0 5 6 9
0 15 2 0
0 20 2 0
0 23 0 1
0 24 0 1
3
end_operator
begin_operator
move_l_down f2-0f f3-0f f3-1f f4-0f f4-1f rightl2
0
5
0 6 6 9
0 15 2 0
0 20 2 0
0 23 0 1
0 24 0 1
3
end_operator
begin_operator
move_l_down f2-1f f3-1f f3-2f f4-1f f4-2f rightl0
0
5
0 4 7 10
0 16 2 0
0 21 2 0
0 24 0 1
0 25 0 1
3
end_operator
begin_operator
move_l_down f2-1f f3-1f f3-2f f4-1f f4-2f rightl1
0
5
0 5 7 10
0 16 2 0
0 21 2 0
0 24 0 1
0 25 0 1
3
end_operator
begin_operator
move_l_down f2-1f f3-1f f3-2f f4-1f f4-2f rightl2
0
5
0 6 7 10
0 16 2 0
0 21 2 0
0 24 0 1
0 25 0 1
3
end_operator
begin_operator
move_l_down f2-2f f3-2f f3-3f f4-2f f4-3f rightl0
0
5
0 4 8 11
0 17 2 0
0 22 2 0
0 25 0 1
0 26 0 1
3
end_operator
begin_operator
move_l_down f2-2f f3-2f f3-3f f4-2f f4-3f rightl1
0
5
0 5 8 11
0 17 2 0
0 22 2 0
0 25 0 1
0 26 0 1
3
end_operator
begin_operator
move_l_down f2-2f f3-2f f3-3f f4-2f f4-3f rightl2
0
5
0 6 8 11
0 17 2 0
0 22 2 0
0 25 0 1
0 26 0 1
3
end_operator
begin_operator
move_l_down f3-0f f4-0f f4-1f f5-0f f5-1f rightl0
0
5
0 4 9 12
0 19 2 0
0 24 2 0
0 27 0 1
0 28 0 1
3
end_operator
begin_operator
move_l_down f3-0f f4-0f f4-1f f5-0f f5-1f rightl1
0
5
0 5 9 12
0 19 2 0
0 24 2 0
0 27 0 1
0 28 0 1
3
end_operator
begin_operator
move_l_down f3-0f f4-0f f4-1f f5-0f f5-1f rightl2
0
5
0 6 9 12
0 19 2 0
0 24 2 0
0 27 0 1
0 28 0 1
3
end_operator
begin_operator
move_l_down f3-1f f4-1f f4-2f f5-1f f5-2f rightl0
0
5
0 4 10 13
0 20 2 0
0 25 2 0
0 28 0 1
0 29 0 1
3
end_operator
begin_operator
move_l_down f3-1f f4-1f f4-2f f5-1f f5-2f rightl1
0
5
0 5 10 13
0 20 2 0
0 25 2 0
0 28 0 1
0 29 0 1
3
end_operator
begin_operator
move_l_down f3-1f f4-1f f4-2f f5-1f f5-2f rightl2
0
5
0 6 10 13
0 20 2 0
0 25 2 0
0 28 0 1
0 29 0 1
3
end_operator
begin_operator
move_l_down f3-2f f4-2f f4-3f f5-2f f5-3f rightl0
0
5
0 4 11 14
0 21 2 0
0 26 2 0
0 29 0 1
0 30 0 1
3
end_operator
begin_operator
move_l_down f3-2f f4-2f f4-3f f5-2f f5-3f rightl1
0
5
0 5 11 14
0 21 2 0
0 26 2 0
0 29 0 1
0 30 0 1
3
end_operator
begin_operator
move_l_down f3-2f f4-2f f4-3f f5-2f f5-3f rightl2
0
5
0 6 11 14
0 21 2 0
0 26 2 0
0 29 0 1
0 30 0 1
3
end_operator
begin_operator
move_l_down f4-0f f5-0f f5-1f f6-0f f6-1f rightl0
0
5
0 4 12 15
0 23 2 0
0 28 2 0
0 31 0 1
0 32 0 1
3
end_operator
begin_operator
move_l_down f4-0f f5-0f f5-1f f6-0f f6-1f rightl1
0
5
0 5 12 15
0 23 2 0
0 28 2 0
0 31 0 1
0 32 0 1
3
end_operator
begin_operator
move_l_down f4-0f f5-0f f5-1f f6-0f f6-1f rightl2
0
5
0 6 12 15
0 23 2 0
0 28 2 0
0 31 0 1
0 32 0 1
3
end_operator
begin_operator
move_l_down f4-1f f5-1f f5-2f f6-1f f6-2f rightl0
0
5
0 4 13 16
0 24 2 0
0 29 2 0
0 32 0 1
0 33 0 1
3
end_operator
begin_operator
move_l_down f4-1f f5-1f f5-2f f6-1f f6-2f rightl1
0
5
0 5 13 16
0 24 2 0
0 29 2 0
0 32 0 1
0 33 0 1
3
end_operator
begin_operator
move_l_down f4-1f f5-1f f5-2f f6-1f f6-2f rightl2
0
5
0 6 13 16
0 24 2 0
0 29 2 0
0 32 0 1
0 33 0 1
3
end_operator
begin_operator
move_l_down f4-2f f5-2f f5-3f f6-2f f6-3f rightl0
0
5
0 4 14 17
0 25 2 0
0 30 2 0
0 33 0 1
0 34 0 1
3
end_operator
begin_operator
move_l_down f4-2f f5-2f f5-3f f6-2f f6-3f rightl1
0
5
0 5 14 17
0 25 2 0
0 30 2 0
0 33 0 1
0 34 0 1
3
end_operator
begin_operator
move_l_down f4-2f f5-2f f5-3f f6-2f f6-3f rightl2
0
5
0 6 14 17
0 25 2 0
0 30 2 0
0 33 0 1
0 34 0 1
3
end_operator
begin_operator
move_l_down f5-0f f6-0f f6-1f f7-0f f7-1f rightl0
0
5
0 4 15 18
0 27 2 0
0 32 2 0
0 35 0 1
0 36 0 1
3
end_operator
begin_operator
move_l_down f5-0f f6-0f f6-1f f7-0f f7-1f rightl1
0
5
0 5 15 18
0 27 2 0
0 32 2 0
0 35 0 1
0 36 0 1
3
end_operator
begin_operator
move_l_down f5-0f f6-0f f6-1f f7-0f f7-1f rightl2
0
5
0 6 15 18
0 27 2 0
0 32 2 0
0 35 0 1
0 36 0 1
3
end_operator
begin_operator
move_l_down f5-1f f6-1f f6-2f f7-1f f7-2f rightl0
0
5
0 4 16 19
0 28 2 0
0 33 2 0
0 36 0 1
0 37 0 1
3
end_operator
begin_operator
move_l_down f5-1f f6-1f f6-2f f7-1f f7-2f rightl1
0
5
0 5 16 19
0 28 2 0
0 33 2 0
0 36 0 1
0 37 0 1
3
end_operator
begin_operator
move_l_down f5-1f f6-1f f6-2f f7-1f f7-2f rightl2
0
5
0 6 16 19
0 28 2 0
0 33 2 0
0 36 0 1
0 37 0 1
3
end_operator
begin_operator
move_l_down f5-2f f6-2f f6-3f f7-2f f7-3f rightl0
0
5
0 4 17 20
0 29 2 0
0 34 2 0
0 37 0 1
0 38 0 1
3
end_operator
begin_operator
move_l_down f5-2f f6-2f f6-3f f7-2f f7-3f rightl1
0
5
0 5 17 20
0 29 2 0
0 34 2 0
0 37 0 1
0 38 0 1
3
end_operator
begin_operator
move_l_down f5-2f f6-2f f6-3f f7-2f f7-3f rightl2
0
5
0 6 17 20
0 29 2 0
0 34 2 0
0 37 0 1
0 38 0 1
3
end_operator
begin_operator
move_l_down f6-0f f7-0f f7-1f f8-0f f8-1f rightl0
0
5
0 4 18 21
0 31 2 0
0 36 2 0
0 39 0 1
0 40 0 1
3
end_operator
begin_operator
move_l_down f6-0f f7-0f f7-1f f8-0f f8-1f rightl1
0
5
0 5 18 21
0 31 2 0
0 36 2 0
0 39 0 1
0 40 0 1
3
end_operator
begin_operator
move_l_down f6-0f f7-0f f7-1f f8-0f f8-1f rightl2
0
5
0 6 18 21
0 31 2 0
0 36 2 0
0 39 0 1
0 40 0 1
3
end_operator
begin_operator
move_l_down f6-1f f7-1f f7-2f f8-1f f8-2f rightl0
0
5
0 4 19 22
0 32 2 0
0 37 2 0
0 40 0 1
0 41 0 1
3
end_operator
begin_operator
move_l_down f6-1f f7-1f f7-2f f8-1f f8-2f rightl1
0
5
0 5 19 22
0 32 2 0
0 37 2 0
0 40 0 1
0 41 0 1
3
end_operator
begin_operator
move_l_down f6-1f f7-1f f7-2f f8-1f f8-2f rightl2
0
5
0 6 19 22
0 32 2 0
0 37 2 0
0 40 0 1
0 41 0 1
3
end_operator
begin_operator
move_l_down f6-2f f7-2f f7-3f f8-2f f8-3f rightl0
0
5
0 4 20 23
0 33 2 0
0 38 2 0
0 41 0 1
0 42 0 1
3
end_operator
begin_operator
move_l_down f6-2f f7-2f f7-3f f8-2f f8-3f rightl1
0
5
0 5 20 23
0 33 2 0
0 38 2 0
0 41 0 1
0 42 0 1
3
end_operator
begin_operator
move_l_down f6-2f f7-2f f7-3f f8-2f f8-3f rightl2
0
5
0 6 20 23
0 33 2 0
0 38 2 0
0 41 0 1
0 42 0 1
3
end_operator
begin_operator
move_l_down f7-0f f8-0f f8-1f f9-0f f9-1f rightl0
0
5
0 4 21 24
0 35 2 0
0 40 2 0
0 43 0 1
0 44 0 1
3
end_operator
begin_operator
move_l_down f7-0f f8-0f f8-1f f9-0f f9-1f rightl1
0
5
0 5 21 24
0 35 2 0
0 40 2 0
0 43 0 1
0 44 0 1
3
end_operator
begin_operator
move_l_down f7-0f f8-0f f8-1f f9-0f f9-1f rightl2
0
5
0 6 21 24
0 35 2 0
0 40 2 0
0 43 0 1
0 44 0 1
3
end_operator
begin_operator
move_l_down f7-1f f8-1f f8-2f f9-1f f9-2f rightl0
0
5
0 4 22 25
0 36 2 0
0 41 2 0
0 44 0 1
0 45 0 1
3
end_operator
begin_operator
move_l_down f7-1f f8-1f f8-2f f9-1f f9-2f rightl1
0
5
0 5 22 25
0 36 2 0
0 41 2 0
0 44 0 1
0 45 0 1
3
end_operator
begin_operator
move_l_down f7-1f f8-1f f8-2f f9-1f f9-2f rightl2
0
5
0 6 22 25
0 36 2 0
0 41 2 0
0 44 0 1
0 45 0 1
3
end_operator
begin_operator
move_l_down f7-2f f8-2f f8-3f f9-2f f9-3f rightl0
0
5
0 4 23 26
0 37 2 0
0 42 2 0
0 45 0 1
0 46 0 1
3
end_operator
begin_operator
move_l_down f7-2f f8-2f f8-3f f9-2f f9-3f rightl1
0
5
0 5 23 26
0 37 2 0
0 42 2 0
0 45 0 1
0 46 0 1
3
end_operator
begin_operator
move_l_down f7-2f f8-2f f8-3f f9-2f f9-3f rightl2
0
5
0 6 23 26
0 37 2 0
0 42 2 0
0 45 0 1
0 46 0 1
3
end_operator
begin_operator
move_l_left f0-1f f1-1f f1-2f f0-0f f1-0f rightl0
0
5
0 4 1 0
0 7 0 1
0 8 2 0
0 11 0 1
0 13 2 0
3
end_operator
begin_operator
move_l_left f0-1f f1-1f f1-2f f0-0f f1-0f rightl1
0
5
0 5 1 0
0 7 0 1
0 8 2 0
0 11 0 1
0 13 2 0
3
end_operator
begin_operator
move_l_left f0-1f f1-1f f1-2f f0-0f f1-0f rightl2
0
5
0 6 1 0
0 7 0 1
0 8 2 0
0 11 0 1
0 13 2 0
3
end_operator
begin_operator
move_l_left f0-2f f1-2f f1-3f f0-1f f1-1f rightl0
0
5
0 4 2 1
0 8 0 1
0 9 2 0
0 12 0 1
0 14 2 0
3
end_operator
begin_operator
move_l_left f0-2f f1-2f f1-3f f0-1f f1-1f rightl1
0
5
0 5 2 1
0 8 0 1
0 9 2 0
0 12 0 1
0 14 2 0
3
end_operator
begin_operator
move_l_left f0-2f f1-2f f1-3f f0-1f f1-1f rightl2
0
5
0 6 2 1
0 8 0 1
0 9 2 0
0 12 0 1
0 14 2 0
3
end_operator
begin_operator
move_l_left f1-1f f2-1f f2-2f f1-0f f2-0f rightl0
0
5
0 4 4 3
0 11 0 1
0 12 2 0
0 15 0 1
0 17 2 0
3
end_operator
begin_operator
move_l_left f1-1f f2-1f f2-2f f1-0f f2-0f rightl1
0
5
0 5 4 3
0 11 0 1
0 12 2 0
0 15 0 1
0 17 2 0
3
end_operator
begin_operator
move_l_left f1-1f f2-1f f2-2f f1-0f f2-0f rightl2
0
5
0 6 4 3
0 11 0 1
0 12 2 0
0 15 0 1
0 17 2 0
3
end_operator
begin_operator
move_l_left f1-2f f2-2f f2-3f f1-1f f2-1f rightl0
0
5
0 4 5 4
0 12 0 1
0 13 2 0
0 16 0 1
0 18 2 0
3
end_operator
begin_operator
move_l_left f1-2f f2-2f f2-3f f1-1f f2-1f rightl1
0
5
0 5 5 4
0 12 0 1
0 13 2 0
0 16 0 1
0 18 2 0
3
end_operator
begin_operator
move_l_left f1-2f f2-2f f2-3f f1-1f f2-1f rightl2
0
5
0 6 5 4
0 12 0 1
0 13 2 0
0 16 0 1
0 18 2 0
3
end_operator
begin_operator
move_l_left f2-1f f3-1f f3-2f f2-0f f3-0f rightl0
0
5
0 4 7 6
0 15 0 1
0 16 2 0
0 19 0 1
0 21 2 0
3
end_operator
begin_operator
move_l_left f2-1f f3-1f f3-2f f2-0f f3-0f rightl1
0
5
0 5 7 6
0 15 0 1
0 16 2 0
0 19 0 1
0 21 2 0
3
end_operator
begin_operator
move_l_left f2-1f f3-1f f3-2f f2-0f f3-0f rightl2
0
5
0 6 7 6
0 15 0 1
0 16 2 0
0 19 0 1
0 21 2 0
3
end_operator
begin_operator
move_l_left f2-2f f3-2f f3-3f f2-1f f3-1f rightl0
0
5
0 4 8 7
0 16 0 1
0 17 2 0
0 20 0 1
0 22 2 0
3
end_operator
begin_operator
move_l_left f2-2f f3-2f f3-3f f2-1f f3-1f rightl1
0
5
0 5 8 7
0 16 0 1
0 17 2 0
0 20 0 1
0 22 2 0
3
end_operator
begin_operator
move_l_left f2-2f f3-2f f3-3f f2-1f f3-1f rightl2
0
5
0 6 8 7
0 16 0 1
0 17 2 0
0 20 0 1
0 22 2 0
3
end_operator
begin_operator
move_l_left f3-1f f4-1f f4-2f f3-0f f4-0f rightl0
0
5
0 4 10 9
0 19 0 1
0 20 2 0
0 23 0 1
0 25 2 0
3
end_operator
begin_operator
move_l_left f3-1f f4-1f f4-2f f3-0f f4-0f rightl1
0
5
0 5 10 9
0 19 0 1
0 20 2 0
0 23 0 1
0 25 2 0
3
end_operator
begin_operator
move_l_left f3-1f f4-1f f4-2f f3-0f f4-0f rightl2
0
5
0 6 10 9
0 19 0 1
0 20 2 0
0 23 0 1
0 25 2 0
3
end_operator
begin_operator
move_l_left f3-2f f4-2f f4-3f f3-1f f4-1f rightl0
0
5
0 4 11 10
0 20 0 1
0 21 2 0
0 24 0 1
0 26 2 0
3
end_operator
begin_operator
move_l_left f3-2f f4-2f f4-3f f3-1f f4-1f rightl1
0
5
0 5 11 10
0 20 0 1
0 21 2 0
0 24 0 1
0 26 2 0
3
end_operator
begin_operator
move_l_left f3-2f f4-2f f4-3f f3-1f f4-1f rightl2
0
5
0 6 11 10
0 20 0 1
0 21 2 0
0 24 0 1
0 26 2 0
3
end_operator
begin_operator
move_l_left f4-1f f5-1f f5-2f f4-0f f5-0f rightl0
0
5
0 4 13 12
0 23 0 1
0 24 2 0
0 27 0 1
0 29 2 0
3
end_operator
begin_operator
move_l_left f4-1f f5-1f f5-2f f4-0f f5-0f rightl1
0
5
0 5 13 12
0 23 0 1
0 24 2 0
0 27 0 1
0 29 2 0
3
end_operator
begin_operator
move_l_left f4-1f f5-1f f5-2f f4-0f f5-0f rightl2
0
5
0 6 13 12
0 23 0 1
0 24 2 0
0 27 0 1
0 29 2 0
3
end_operator
begin_operator
move_l_left f4-2f f5-2f f5-3f f4-1f f5-1f rightl0
0
5
0 4 14 13
0 24 0 1
0 25 2 0
0 28 0 1
0 30 2 0
3
end_operator
begin_operator
move_l_left f4-2f f5-2f f5-3f f4-1f f5-1f rightl1
0
5
0 5 14 13
0 24 0 1
0 25 2 0
0 28 0 1
0 30 2 0
3
end_operator
begin_operator
move_l_left f4-2f f5-2f f5-3f f4-1f f5-1f rightl2
0
5
0 6 14 13
0 24 0 1
0 25 2 0
0 28 0 1
0 30 2 0
3
end_operator
begin_operator
move_l_left f5-1f f6-1f f6-2f f5-0f f6-0f rightl0
0
5
0 4 16 15
0 27 0 1
0 28 2 0
0 31 0 1
0 33 2 0
3
end_operator
begin_operator
move_l_left f5-1f f6-1f f6-2f f5-0f f6-0f rightl1
0
5
0 5 16 15
0 27 0 1
0 28 2 0
0 31 0 1
0 33 2 0
3
end_operator
begin_operator
move_l_left f5-1f f6-1f f6-2f f5-0f f6-0f rightl2
0
5
0 6 16 15
0 27 0 1
0 28 2 0
0 31 0 1
0 33 2 0
3
end_operator
begin_operator
move_l_left f5-2f f6-2f f6-3f f5-1f f6-1f rightl0
0
5
0 4 17 16
0 28 0 1
0 29 2 0
0 32 0 1
0 34 2 0
3
end_operator
begin_operator
move_l_left f5-2f f6-2f f6-3f f5-1f f6-1f rightl1
0
5
0 5 17 16
0 28 0 1
0 29 2 0
0 32 0 1
0 34 2 0
3
end_operator
begin_operator
move_l_left f5-2f f6-2f f6-3f f5-1f f6-1f rightl2
0
5
0 6 17 16
0 28 0 1
0 29 2 0
0 32 0 1
0 34 2 0
3
end_operator
begin_operator
move_l_left f6-1f f7-1f f7-2f f6-0f f7-0f rightl0
0
5
0 4 19 18
0 31 0 1
0 32 2 0
0 35 0 1
0 37 2 0
3
end_operator
begin_operator
move_l_left f6-1f f7-1f f7-2f f6-0f f7-0f rightl1
0
5
0 5 19 18
0 31 0 1
0 32 2 0
0 35 0 1
0 37 2 0
3
end_operator
begin_operator
move_l_left f6-1f f7-1f f7-2f f6-0f f7-0f rightl2
0
5
0 6 19 18
0 31 0 1
0 32 2 0
0 35 0 1
0 37 2 0
3
end_operator
begin_operator
move_l_left f6-2f f7-2f f7-3f f6-1f f7-1f rightl0
0
5
0 4 20 19
0 32 0 1
0 33 2 0
0 36 0 1
0 38 2 0
3
end_operator
begin_operator
move_l_left f6-2f f7-2f f7-3f f6-1f f7-1f rightl1
0
5
0 5 20 19
0 32 0 1
0 33 2 0
0 36 0 1
0 38 2 0
3
end_operator
begin_operator
move_l_left f6-2f f7-2f f7-3f f6-1f f7-1f rightl2
0
5
0 6 20 19
0 32 0 1
0 33 2 0
0 36 0 1
0 38 2 0
3
end_operator
begin_operator
move_l_left f7-1f f8-1f f8-2f f7-0f f8-0f rightl0
0
5
0 4 22 21
0 35 0 1
0 36 2 0
0 39 0 1
0 41 2 0
3
end_operator
begin_operator
move_l_left f7-1f f8-1f f8-2f f7-0f f8-0f rightl1
0
5
0 5 22 21
0 35 0 1
0 36 2 0
0 39 0 1
0 41 2 0
3
end_operator
begin_operator
move_l_left f7-1f f8-1f f8-2f f7-0f f8-0f rightl2
0
5
0 6 22 21
0 35 0 1
0 36 2 0
0 39 0 1
0 41 2 0
3
end_operator
begin_operator
move_l_left f7-2f f8-2f f8-3f f7-1f f8-1f rightl0
0
5
0 4 23 22
0 36 0 1
0 37 2 0
0 40 0 1
0 42 2 0
3
end_operator
begin_operator
move_l_left f7-2f f8-2f f8-3f f7-1f f8-1f rightl1
0
5
0 5 23 22
0 36 0 1
0 37 2 0
0 40 0 1
0 42 2 0
3
end_operator
begin_operator
move_l_left f7-2f f8-2f f8-3f f7-1f f8-1f rightl2
0
5
0 6 23 22
0 36 0 1
0 37 2 0
0 40 0 1
0 42 2 0
3
end_operator
begin_operator
move_l_left f8-1f f9-1f f9-2f f8-0f f9-0f rightl0
0
5
0 4 25 24
0 39 0 1
0 40 2 0
0 43 0 1
0 45 2 0
3
end_operator
begin_operator
move_l_left f8-1f f9-1f f9-2f f8-0f f9-0f rightl1
0
5
0 5 25 24
0 39 0 1
0 40 2 0
0 43 0 1
0 45 2 0
3
end_operator
begin_operator
move_l_left f8-1f f9-1f f9-2f f8-0f f9-0f rightl2
0
5
0 6 25 24
0 39 0 1
0 40 2 0
0 43 0 1
0 45 2 0
3
end_operator
begin_operator
move_l_left f8-2f f9-2f f9-3f f8-1f f9-1f rightl0
0
5
0 4 26 25
0 40 0 1
0 41 2 0
0 44 0 1
0 46 2 0
3
end_operator
begin_operator
move_l_left f8-2f f9-2f f9-3f f8-1f f9-1f rightl1
0
5
0 5 26 25
0 40 0 1
0 41 2 0
0 44 0 1
0 46 2 0
3
end_operator
begin_operator
move_l_left f8-2f f9-2f f9-3f f8-1f f9-1f rightl2
0
5
0 6 26 25
0 40 0 1
0 41 2 0
0 44 0 1
0 46 2 0
3
end_operator
begin_operator
move_l_right f0-0f f1-0f f1-1f f0-1f f1-2f f0-2f rightl0
0
5
0 4 0 1
0 7 2 0
0 8 0 1
0 11 2 0
0 13 0 1
3
end_operator
begin_operator
move_l_right f0-0f f1-0f f1-1f f0-1f f1-2f f0-2f rightl1
0
5
0 5 0 1
0 7 2 0
0 8 0 1
0 11 2 0
0 13 0 1
3
end_operator
begin_operator
move_l_right f0-0f f1-0f f1-1f f0-1f f1-2f f0-2f rightl2
0
5
0 6 0 1
0 7 2 0
0 8 0 1
0 11 2 0
0 13 0 1
3
end_operator
begin_operator
move_l_right f0-1f f1-1f f1-2f f0-2f f1-3f f0-3f rightl0
0
5
0 4 1 2
0 8 2 0
0 9 0 1
0 12 2 0
0 14 0 1
3
end_operator
begin_operator
move_l_right f0-1f f1-1f f1-2f f0-2f f1-3f f0-3f rightl1
0
5
0 5 1 2
0 8 2 0
0 9 0 1
0 12 2 0
0 14 0 1
3
end_operator
begin_operator
move_l_right f0-1f f1-1f f1-2f f0-2f f1-3f f0-3f rightl2
0
5
0 6 1 2
0 8 2 0
0 9 0 1
0 12 2 0
0 14 0 1
3
end_operator
begin_operator
move_l_right f1-0f f2-0f f2-1f f1-1f f2-2f f1-2f rightl0
0
5
0 4 3 4
0 11 2 0
0 12 0 1
0 15 2 0
0 17 0 1
3
end_operator
begin_operator
move_l_right f1-0f f2-0f f2-1f f1-1f f2-2f f1-2f rightl1
0
5
0 5 3 4
0 11 2 0
0 12 0 1
0 15 2 0
0 17 0 1
3
end_operator
begin_operator
move_l_right f1-0f f2-0f f2-1f f1-1f f2-2f f1-2f rightl2
0
5
0 6 3 4
0 11 2 0
0 12 0 1
0 15 2 0
0 17 0 1
3
end_operator
begin_operator
move_l_right f1-1f f2-1f f2-2f f1-2f f2-3f f1-3f rightl0
0
5
0 4 4 5
0 12 2 0
0 13 0 1
0 16 2 0
0 18 0 1
3
end_operator
begin_operator
move_l_right f1-1f f2-1f f2-2f f1-2f f2-3f f1-3f rightl1
0
5
0 5 4 5
0 12 2 0
0 13 0 1
0 16 2 0
0 18 0 1
3
end_operator
begin_operator
move_l_right f1-1f f2-1f f2-2f f1-2f f2-3f f1-3f rightl2
0
5
0 6 4 5
0 12 2 0
0 13 0 1
0 16 2 0
0 18 0 1
3
end_operator
begin_operator
move_l_right f2-0f f3-0f f3-1f f2-1f f3-2f f2-2f rightl0
0
5
0 4 6 7
0 15 2 0
0 16 0 1
0 19 2 0
0 21 0 1
3
end_operator
begin_operator
move_l_right f2-0f f3-0f f3-1f f2-1f f3-2f f2-2f rightl1
0
5
0 5 6 7
0 15 2 0
0 16 0 1
0 19 2 0
0 21 0 1
3
end_operator
begin_operator
move_l_right f2-0f f3-0f f3-1f f2-1f f3-2f f2-2f rightl2
0
5
0 6 6 7
0 15 2 0
0 16 0 1
0 19 2 0
0 21 0 1
3
end_operator
begin_operator
move_l_right f2-1f f3-1f f3-2f f2-2f f3-3f f2-3f rightl0
0
5
0 4 7 8
0 16 2 0
0 17 0 1
0 20 2 0
0 22 0 1
3
end_operator
begin_operator
move_l_right f2-1f f3-1f f3-2f f2-2f f3-3f f2-3f rightl1
0
5
0 5 7 8
0 16 2 0
0 17 0 1
0 20 2 0
0 22 0 1
3
end_operator
begin_operator
move_l_right f2-1f f3-1f f3-2f f2-2f f3-3f f2-3f rightl2
0
5
0 6 7 8
0 16 2 0
0 17 0 1
0 20 2 0
0 22 0 1
3
end_operator
begin_operator
move_l_right f3-0f f4-0f f4-1f f3-1f f4-2f f3-2f rightl0
0
5
0 4 9 10
0 19 2 0
0 20 0 1
0 23 2 0
0 25 0 1
3
end_operator
begin_operator
move_l_right f3-0f f4-0f f4-1f f3-1f f4-2f f3-2f rightl1
0
5
0 5 9 10
0 19 2 0
0 20 0 1
0 23 2 0
0 25 0 1
3
end_operator
begin_operator
move_l_right f3-0f f4-0f f4-1f f3-1f f4-2f f3-2f rightl2
0
5
0 6 9 10
0 19 2 0
0 20 0 1
0 23 2 0
0 25 0 1
3
end_operator
begin_operator
move_l_right f3-1f f4-1f f4-2f f3-2f f4-3f f3-3f rightl0
0
5
0 4 10 11
0 20 2 0
0 21 0 1
0 24 2 0
0 26 0 1
3
end_operator
begin_operator
move_l_right f3-1f f4-1f f4-2f f3-2f f4-3f f3-3f rightl1
0
5
0 5 10 11
0 20 2 0
0 21 0 1
0 24 2 0
0 26 0 1
3
end_operator
begin_operator
move_l_right f3-1f f4-1f f4-2f f3-2f f4-3f f3-3f rightl2
0
5
0 6 10 11
0 20 2 0
0 21 0 1
0 24 2 0
0 26 0 1
3
end_operator
begin_operator
move_l_right f4-0f f5-0f f5-1f f4-1f f5-2f f4-2f rightl0
0
5
0 4 12 13
0 23 2 0
0 24 0 1
0 27 2 0
0 29 0 1
3
end_operator
begin_operator
move_l_right f4-0f f5-0f f5-1f f4-1f f5-2f f4-2f rightl1
0
5
0 5 12 13
0 23 2 0
0 24 0 1
0 27 2 0
0 29 0 1
3
end_operator
begin_operator
move_l_right f4-0f f5-0f f5-1f f4-1f f5-2f f4-2f rightl2
0
5
0 6 12 13
0 23 2 0
0 24 0 1
0 27 2 0
0 29 0 1
3
end_operator
begin_operator
move_l_right f4-1f f5-1f f5-2f f4-2f f5-3f f4-3f rightl0
0
5
0 4 13 14
0 24 2 0
0 25 0 1
0 28 2 0
0 30 0 1
3
end_operator
begin_operator
move_l_right f4-1f f5-1f f5-2f f4-2f f5-3f f4-3f rightl1
0
5
0 5 13 14
0 24 2 0
0 25 0 1
0 28 2 0
0 30 0 1
3
end_operator
begin_operator
move_l_right f4-1f f5-1f f5-2f f4-2f f5-3f f4-3f rightl2
0
5
0 6 13 14
0 24 2 0
0 25 0 1
0 28 2 0
0 30 0 1
3
end_operator
begin_operator
move_l_right f5-0f f6-0f f6-1f f5-1f f6-2f f5-2f rightl0
0
5
0 4 15 16
0 27 2 0
0 28 0 1
0 31 2 0
0 33 0 1
3
end_operator
begin_operator
move_l_right f5-0f f6-0f f6-1f f5-1f f6-2f f5-2f rightl1
0
5
0 5 15 16
0 27 2 0
0 28 0 1
0 31 2 0
0 33 0 1
3
end_operator
begin_operator
move_l_right f5-0f f6-0f f6-1f f5-1f f6-2f f5-2f rightl2
0
5
0 6 15 16
0 27 2 0
0 28 0 1
0 31 2 0
0 33 0 1
3
end_operator
begin_operator
move_l_right f5-1f f6-1f f6-2f f5-2f f6-3f f5-3f rightl0
0
5
0 4 16 17
0 28 2 0
0 29 0 1
0 32 2 0
0 34 0 1
3
end_operator
begin_operator
move_l_right f5-1f f6-1f f6-2f f5-2f f6-3f f5-3f rightl1
0
5
0 5 16 17
0 28 2 0
0 29 0 1
0 32 2 0
0 34 0 1
3
end_operator
begin_operator
move_l_right f5-1f f6-1f f6-2f f5-2f f6-3f f5-3f rightl2
0
5
0 6 16 17
0 28 2 0
0 29 0 1
0 32 2 0
0 34 0 1
3
end_operator
begin_operator
move_l_right f6-0f f7-0f f7-1f f6-1f f7-2f f6-2f rightl0
0
5
0 4 18 19
0 31 2 0
0 32 0 1
0 35 2 0
0 37 0 1
3
end_operator
begin_operator
move_l_right f6-0f f7-0f f7-1f f6-1f f7-2f f6-2f rightl1
0
5
0 5 18 19
0 31 2 0
0 32 0 1
0 35 2 0
0 37 0 1
3
end_operator
begin_operator
move_l_right f6-0f f7-0f f7-1f f6-1f f7-2f f6-2f rightl2
0
5
0 6 18 19
0 31 2 0
0 32 0 1
0 35 2 0
0 37 0 1
3
end_operator
begin_operator
move_l_right f6-1f f7-1f f7-2f f6-2f f7-3f f6-3f rightl0
0
5
0 4 19 20
0 32 2 0
0 33 0 1
0 36 2 0
0 38 0 1
3
end_operator
begin_operator
move_l_right f6-1f f7-1f f7-2f f6-2f f7-3f f6-3f rightl1
0
5
0 5 19 20
0 32 2 0
0 33 0 1
0 36 2 0
0 38 0 1
3
end_operator
begin_operator
move_l_right f6-1f f7-1f f7-2f f6-2f f7-3f f6-3f rightl2
0
5
0 6 19 20
0 32 2 0
0 33 0 1
0 36 2 0
0 38 0 1
3
end_operator
begin_operator
move_l_right f7-0f f8-0f f8-1f f7-1f f8-2f f7-2f rightl0
0
5
0 4 21 22
0 35 2 0
0 36 0 1
0 39 2 0
0 41 0 1
3
end_operator
begin_operator
move_l_right f7-0f f8-0f f8-1f f7-1f f8-2f f7-2f rightl1
0
5
0 5 21 22
0 35 2 0
0 36 0 1
0 39 2 0
0 41 0 1
3
end_operator
begin_operator
move_l_right f7-0f f8-0f f8-1f f7-1f f8-2f f7-2f rightl2
0
5
0 6 21 22
0 35 2 0
0 36 0 1
0 39 2 0
0 41 0 1
3
end_operator
begin_operator
move_l_right f7-1f f8-1f f8-2f f7-2f f8-3f f7-3f rightl0
0
5
0 4 22 23
0 36 2 0
0 37 0 1
0 40 2 0
0 42 0 1
3
end_operator
begin_operator
move_l_right f7-1f f8-1f f8-2f f7-2f f8-3f f7-3f rightl1
0
5
0 5 22 23
0 36 2 0
0 37 0 1
0 40 2 0
0 42 0 1
3
end_operator
begin_operator
move_l_right f7-1f f8-1f f8-2f f7-2f f8-3f f7-3f rightl2
0
5
0 6 22 23
0 36 2 0
0 37 0 1
0 40 2 0
0 42 0 1
3
end_operator
begin_operator
move_l_right f8-0f f9-0f f9-1f f8-1f f9-2f f8-2f rightl0
0
5
0 4 24 25
0 39 2 0
0 40 0 1
0 43 2 0
0 45 0 1
3
end_operator
begin_operator
move_l_right f8-0f f9-0f f9-1f f8-1f f9-2f f8-2f rightl1
0
5
0 5 24 25
0 39 2 0
0 40 0 1
0 43 2 0
0 45 0 1
3
end_operator
begin_operator
move_l_right f8-0f f9-0f f9-1f f8-1f f9-2f f8-2f rightl2
0
5
0 6 24 25
0 39 2 0
0 40 0 1
0 43 2 0
0 45 0 1
3
end_operator
begin_operator
move_l_right f8-1f f9-1f f9-2f f8-2f f9-3f f8-3f rightl0
0
5
0 4 25 26
0 40 2 0
0 41 0 1
0 44 2 0
0 46 0 1
3
end_operator
begin_operator
move_l_right f8-1f f9-1f f9-2f f8-2f f9-3f f8-3f rightl1
0
5
0 5 25 26
0 40 2 0
0 41 0 1
0 44 2 0
0 46 0 1
3
end_operator
begin_operator
move_l_right f8-1f f9-1f f9-2f f8-2f f9-3f f8-3f rightl2
0
5
0 6 25 26
0 40 2 0
0 41 0 1
0 44 2 0
0 46 0 1
3
end_operator
begin_operator
move_l_up f1-0f f2-0f f2-1f f0-0f f1-1f f0-1f rightl0
0
5
0 4 3 0
0 7 0 1
0 12 0 1
0 15 2 0
0 16 2 0
3
end_operator
begin_operator
move_l_up f1-0f f2-0f f2-1f f0-0f f1-1f f0-1f rightl1
0
5
0 5 3 0
0 7 0 1
0 12 0 1
0 15 2 0
0 16 2 0
3
end_operator
begin_operator
move_l_up f1-0f f2-0f f2-1f f0-0f f1-1f f0-1f rightl2
0
5
0 6 3 0
0 7 0 1
0 12 0 1
0 15 2 0
0 16 2 0
3
end_operator
begin_operator
move_l_up f1-1f f2-1f f2-2f f0-1f f1-2f f0-2f rightl0
0
5
0 4 4 1
0 8 0 1
0 13 0 1
0 16 2 0
0 17 2 0
3
end_operator
begin_operator
move_l_up f1-1f f2-1f f2-2f f0-1f f1-2f f0-2f rightl1
0
5
0 5 4 1
0 8 0 1
0 13 0 1
0 16 2 0
0 17 2 0
3
end_operator
begin_operator
move_l_up f1-1f f2-1f f2-2f f0-1f f1-2f f0-2f rightl2
0
5
0 6 4 1
0 8 0 1
0 13 0 1
0 16 2 0
0 17 2 0
3
end_operator
begin_operator
move_l_up f1-2f f2-2f f2-3f f0-2f f1-3f f0-3f rightl0
0
5
0 4 5 2
0 9 0 1
0 14 0 1
0 17 2 0
0 18 2 0
3
end_operator
begin_operator
move_l_up f1-2f f2-2f f2-3f f0-2f f1-3f f0-3f rightl1
0
5
0 5 5 2
0 9 0 1
0 14 0 1
0 17 2 0
0 18 2 0
3
end_operator
begin_operator
move_l_up f1-2f f2-2f f2-3f f0-2f f1-3f f0-3f rightl2
0
5
0 6 5 2
0 9 0 1
0 14 0 1
0 17 2 0
0 18 2 0
3
end_operator
begin_operator
move_l_up f2-0f f3-0f f3-1f f1-0f f2-1f f1-1f rightl0
0
5
0 4 6 3
0 11 0 1
0 16 0 1
0 19 2 0
0 20 2 0
3
end_operator
begin_operator
move_l_up f2-0f f3-0f f3-1f f1-0f f2-1f f1-1f rightl1
0
5
0 5 6 3
0 11 0 1
0 16 0 1
0 19 2 0
0 20 2 0
3
end_operator
begin_operator
move_l_up f2-0f f3-0f f3-1f f1-0f f2-1f f1-1f rightl2
0
5
0 6 6 3
0 11 0 1
0 16 0 1
0 19 2 0
0 20 2 0
3
end_operator
begin_operator
move_l_up f2-1f f3-1f f3-2f f1-1f f2-2f f1-2f rightl0
0
5
0 4 7 4
0 12 0 1
0 17 0 1
0 20 2 0
0 21 2 0
3
end_operator
begin_operator
move_l_up f2-1f f3-1f f3-2f f1-1f f2-2f f1-2f rightl1
0
5
0 5 7 4
0 12 0 1
0 17 0 1
0 20 2 0
0 21 2 0
3
end_operator
begin_operator
move_l_up f2-1f f3-1f f3-2f f1-1f f2-2f f1-2f rightl2
0
5
0 6 7 4
0 12 0 1
0 17 0 1
0 20 2 0
0 21 2 0
3
end_operator
begin_operator
move_l_up f2-2f f3-2f f3-3f f1-2f f2-3f f1-3f rightl0
0
5
0 4 8 5
0 13 0 1
0 18 0 1
0 21 2 0
0 22 2 0
3
end_operator
begin_operator
move_l_up f2-2f f3-2f f3-3f f1-2f f2-3f f1-3f rightl1
0
5
0 5 8 5
0 13 0 1
0 18 0 1
0 21 2 0
0 22 2 0
3
end_operator
begin_operator
move_l_up f2-2f f3-2f f3-3f f1-2f f2-3f f1-3f rightl2
0
5
0 6 8 5
0 13 0 1
0 18 0 1
0 21 2 0
0 22 2 0
3
end_operator
begin_operator
move_l_up f3-0f f4-0f f4-1f f2-0f f3-1f f2-1f rightl0
0
5
0 4 9 6
0 15 0 1
0 20 0 1
0 23 2 0
0 24 2 0
3
end_operator
begin_operator
move_l_up f3-0f f4-0f f4-1f f2-0f f3-1f f2-1f rightl1
0
5
0 5 9 6
0 15 0 1
0 20 0 1
0 23 2 0
0 24 2 0
3
end_operator
begin_operator
move_l_up f3-0f f4-0f f4-1f f2-0f f3-1f f2-1f rightl2
0
5
0 6 9 6
0 15 0 1
0 20 0 1
0 23 2 0
0 24 2 0
3
end_operator
begin_operator
move_l_up f3-1f f4-1f f4-2f f2-1f f3-2f f2-2f rightl0
0
5
0 4 10 7
0 16 0 1
0 21 0 1
0 24 2 0
0 25 2 0
3
end_operator
begin_operator
move_l_up f3-1f f4-1f f4-2f f2-1f f3-2f f2-2f rightl1
0
5
0 5 10 7
0 16 0 1
0 21 0 1
0 24 2 0
0 25 2 0
3
end_operator
begin_operator
move_l_up f3-1f f4-1f f4-2f f2-1f f3-2f f2-2f rightl2
0
5
0 6 10 7
0 16 0 1
0 21 0 1
0 24 2 0
0 25 2 0
3
end_operator
begin_operator
move_l_up f3-2f f4-2f f4-3f f2-2f f3-3f f2-3f rightl0
0
5
0 4 11 8
0 17 0 1
0 22 0 1
0 25 2 0
0 26 2 0
3
end_operator
begin_operator
move_l_up f3-2f f4-2f f4-3f f2-2f f3-3f f2-3f rightl1
0
5
0 5 11 8
0 17 0 1
0 22 0 1
0 25 2 0
0 26 2 0
3
end_operator
begin_operator
move_l_up f3-2f f4-2f f4-3f f2-2f f3-3f f2-3f rightl2
0
5
0 6 11 8
0 17 0 1
0 22 0 1
0 25 2 0
0 26 2 0
3
end_operator
begin_operator
move_l_up f4-0f f5-0f f5-1f f3-0f f4-1f f3-1f rightl0
0
5
0 4 12 9
0 19 0 1
0 24 0 1
0 27 2 0
0 28 2 0
3
end_operator
begin_operator
move_l_up f4-0f f5-0f f5-1f f3-0f f4-1f f3-1f rightl1
0
5
0 5 12 9
0 19 0 1
0 24 0 1
0 27 2 0
0 28 2 0
3
end_operator
begin_operator
move_l_up f4-0f f5-0f f5-1f f3-0f f4-1f f3-1f rightl2
0
5
0 6 12 9
0 19 0 1
0 24 0 1
0 27 2 0
0 28 2 0
3
end_operator
begin_operator
move_l_up f4-1f f5-1f f5-2f f3-1f f4-2f f3-2f rightl0
0
5
0 4 13 10
0 20 0 1
0 25 0 1
0 28 2 0
0 29 2 0
3
end_operator
begin_operator
move_l_up f4-1f f5-1f f5-2f f3-1f f4-2f f3-2f rightl1
0
5
0 5 13 10
0 20 0 1
0 25 0 1
0 28 2 0
0 29 2 0
3
end_operator
begin_operator
move_l_up f4-1f f5-1f f5-2f f3-1f f4-2f f3-2f rightl2
0
5
0 6 13 10
0 20 0 1
0 25 0 1
0 28 2 0
0 29 2 0
3
end_operator
begin_operator
move_l_up f4-2f f5-2f f5-3f f3-2f f4-3f f3-3f rightl0
0
5
0 4 14 11
0 21 0 1
0 26 0 1
0 29 2 0
0 30 2 0
3
end_operator
begin_operator
move_l_up f4-2f f5-2f f5-3f f3-2f f4-3f f3-3f rightl1
0
5
0 5 14 11
0 21 0 1
0 26 0 1
0 29 2 0
0 30 2 0
3
end_operator
begin_operator
move_l_up f4-2f f5-2f f5-3f f3-2f f4-3f f3-3f rightl2
0
5
0 6 14 11
0 21 0 1
0 26 0 1
0 29 2 0
0 30 2 0
3
end_operator
begin_operator
move_l_up f5-0f f6-0f f6-1f f4-0f f5-1f f4-1f rightl0
0
5
0 4 15 12
0 23 0 1
0 28 0 1
0 31 2 0
0 32 2 0
3
end_operator
begin_operator
move_l_up f5-0f f6-0f f6-1f f4-0f f5-1f f4-1f rightl1
0
5
0 5 15 12
0 23 0 1
0 28 0 1
0 31 2 0
0 32 2 0
3
end_operator
begin_operator
move_l_up f5-0f f6-0f f6-1f f4-0f f5-1f f4-1f rightl2
0
5
0 6 15 12
0 23 0 1
0 28 0 1
0 31 2 0
0 32 2 0
3
end_operator
begin_operator
move_l_up f5-1f f6-1f f6-2f f4-1f f5-2f f4-2f rightl0
0
5
0 4 16 13
0 24 0 1
0 29 0 1
0 32 2 0
0 33 2 0
3
end_operator
begin_operator
move_l_up f5-1f f6-1f f6-2f f4-1f f5-2f f4-2f rightl1
0
5
0 5 16 13
0 24 0 1
0 29 0 1
0 32 2 0
0 33 2 0
3
end_operator
begin_operator
move_l_up f5-1f f6-1f f6-2f f4-1f f5-2f f4-2f rightl2
0
5
0 6 16 13
0 24 0 1
0 29 0 1
0 32 2 0
0 33 2 0
3
end_operator
begin_operator
move_l_up f5-2f f6-2f f6-3f f4-2f f5-3f f4-3f rightl0
0
5
0 4 17 14
0 25 0 1
0 30 0 1
0 33 2 0
0 34 2 0
3
end_operator
begin_operator
move_l_up f5-2f f6-2f f6-3f f4-2f f5-3f f4-3f rightl1
0
5
0 5 17 14
0 25 0 1
0 30 0 1
0 33 2 0
0 34 2 0
3
end_operator
begin_operator
move_l_up f5-2f f6-2f f6-3f f4-2f f5-3f f4-3f rightl2
0
5
0 6 17 14
0 25 0 1
0 30 0 1
0 33 2 0
0 34 2 0
3
end_operator
begin_operator
move_l_up f6-0f f7-0f f7-1f f5-0f f6-1f f5-1f rightl0
0
5
0 4 18 15
0 27 0 1
0 32 0 1
0 35 2 0
0 36 2 0
3
end_operator
begin_operator
move_l_up f6-0f f7-0f f7-1f f5-0f f6-1f f5-1f rightl1
0
5
0 5 18 15
0 27 0 1
0 32 0 1
0 35 2 0
0 36 2 0
3
end_operator
begin_operator
move_l_up f6-0f f7-0f f7-1f f5-0f f6-1f f5-1f rightl2
0
5
0 6 18 15
0 27 0 1
0 32 0 1
0 35 2 0
0 36 2 0
3
end_operator
begin_operator
move_l_up f6-1f f7-1f f7-2f f5-1f f6-2f f5-2f rightl0
0
5
0 4 19 16
0 28 0 1
0 33 0 1
0 36 2 0
0 37 2 0
3
end_operator
begin_operator
move_l_up f6-1f f7-1f f7-2f f5-1f f6-2f f5-2f rightl1
0
5
0 5 19 16
0 28 0 1
0 33 0 1
0 36 2 0
0 37 2 0
3
end_operator
begin_operator
move_l_up f6-1f f7-1f f7-2f f5-1f f6-2f f5-2f rightl2
0
5
0 6 19 16
0 28 0 1
0 33 0 1
0 36 2 0
0 37 2 0
3
end_operator
begin_operator
move_l_up f6-2f f7-2f f7-3f f5-2f f6-3f f5-3f rightl0
0
5
0 4 20 17
0 29 0 1
0 34 0 1
0 37 2 0
0 38 2 0
3
end_operator
begin_operator
move_l_up f6-2f f7-2f f7-3f f5-2f f6-3f f5-3f rightl1
0
5
0 5 20 17
0 29 0 1
0 34 0 1
0 37 2 0
0 38 2 0
3
end_operator
begin_operator
move_l_up f6-2f f7-2f f7-3f f5-2f f6-3f f5-3f rightl2
0
5
0 6 20 17
0 29 0 1
0 34 0 1
0 37 2 0
0 38 2 0
3
end_operator
begin_operator
move_l_up f7-0f f8-0f f8-1f f6-0f f7-1f f6-1f rightl0
0
5
0 4 21 18
0 31 0 1
0 36 0 1
0 39 2 0
0 40 2 0
3
end_operator
begin_operator
move_l_up f7-0f f8-0f f8-1f f6-0f f7-1f f6-1f rightl1
0
5
0 5 21 18
0 31 0 1
0 36 0 1
0 39 2 0
0 40 2 0
3
end_operator
begin_operator
move_l_up f7-0f f8-0f f8-1f f6-0f f7-1f f6-1f rightl2
0
5
0 6 21 18
0 31 0 1
0 36 0 1
0 39 2 0
0 40 2 0
3
end_operator
begin_operator
move_l_up f7-1f f8-1f f8-2f f6-1f f7-2f f6-2f rightl0
0
5
0 4 22 19
0 32 0 1
0 37 0 1
0 40 2 0
0 41 2 0
3
end_operator
begin_operator
move_l_up f7-1f f8-1f f8-2f f6-1f f7-2f f6-2f rightl1
0
5
0 5 22 19
0 32 0 1
0 37 0 1
0 40 2 0
0 41 2 0
3
end_operator
begin_operator
move_l_up f7-1f f8-1f f8-2f f6-1f f7-2f f6-2f rightl2
0
5
0 6 22 19
0 32 0 1
0 37 0 1
0 40 2 0
0 41 2 0
3
end_operator
begin_operator
move_l_up f7-2f f8-2f f8-3f f6-2f f7-3f f6-3f rightl0
0
5
0 4 23 20
0 33 0 1
0 38 0 1
0 41 2 0
0 42 2 0
3
end_operator
begin_operator
move_l_up f7-2f f8-2f f8-3f f6-2f f7-3f f6-3f rightl1
0
5
0 5 23 20
0 33 0 1
0 38 0 1
0 41 2 0
0 42 2 0
3
end_operator
begin_operator
move_l_up f7-2f f8-2f f8-3f f6-2f f7-3f f6-3f rightl2
0
5
0 6 23 20
0 33 0 1
0 38 0 1
0 41 2 0
0 42 2 0
3
end_operator
begin_operator
move_l_up f8-0f f9-0f f9-1f f7-0f f8-1f f7-1f rightl0
0
5
0 4 24 21
0 35 0 1
0 40 0 1
0 43 2 0
0 44 2 0
3
end_operator
begin_operator
move_l_up f8-0f f9-0f f9-1f f7-0f f8-1f f7-1f rightl1
0
5
0 5 24 21
0 35 0 1
0 40 0 1
0 43 2 0
0 44 2 0
3
end_operator
begin_operator
move_l_up f8-0f f9-0f f9-1f f7-0f f8-1f f7-1f rightl2
0
5
0 6 24 21
0 35 0 1
0 40 0 1
0 43 2 0
0 44 2 0
3
end_operator
begin_operator
move_l_up f8-1f f9-1f f9-2f f7-1f f8-2f f7-2f rightl0
0
5
0 4 25 22
0 36 0 1
0 41 0 1
0 44 2 0
0 45 2 0
3
end_operator
begin_operator
move_l_up f8-1f f9-1f f9-2f f7-1f f8-2f f7-2f rightl1
0
5
0 5 25 22
0 36 0 1
0 41 0 1
0 44 2 0
0 45 2 0
3
end_operator
begin_operator
move_l_up f8-1f f9-1f f9-2f f7-1f f8-2f f7-2f rightl2
0
5
0 6 25 22
0 36 0 1
0 41 0 1
0 44 2 0
0 45 2 0
3
end_operator
begin_operator
move_l_up f8-2f f9-2f f9-3f f7-2f f8-3f f7-3f rightl0
0
5
0 4 26 23
0 37 0 1
0 42 0 1
0 45 2 0
0 46 2 0
3
end_operator
begin_operator
move_l_up f8-2f f9-2f f9-3f f7-2f f8-3f f7-3f rightl1
0
5
0 5 26 23
0 37 0 1
0 42 0 1
0 45 2 0
0 46 2 0
3
end_operator
begin_operator
move_l_up f8-2f f9-2f f9-3f f7-2f f8-3f f7-3f rightl2
0
5
0 6 26 23
0 37 0 1
0 42 0 1
0 45 2 0
0 46 2 0
3
end_operator
begin_operator
move_two f0-0f f0-1f f0-2f straight0
0
3
0 0 0 3
0 7 2 0
0 9 0 1
2
end_operator
begin_operator
move_two f0-0f f0-1f f0-2f straight1
0
3
0 2 0 3
0 7 2 0
0 9 0 1
2
end_operator
begin_operator
move_two f0-0f f0-1f f0-2f straight2
0
3
0 1 0 3
0 7 2 0
0 9 0 1
2
end_operator
begin_operator
move_two f0-0f f0-1f f0-2f straight3
0
3
0 3 0 3
0 7 2 0
0 9 0 1
2
end_operator
begin_operator
move_two f0-0f f0-1f f1-1f straight0
0
3
0 0 0 4
0 7 2 0
0 12 0 1
2
end_operator
begin_operator
move_two f0-0f f0-1f f1-1f straight1
0
3
0 2 0 4
0 7 2 0
0 12 0 1
2
end_operator
begin_operator
move_two f0-0f f0-1f f1-1f straight2
0
3
0 1 0 4
0 7 2 0
0 12 0 1
2
end_operator
begin_operator
move_two f0-0f f0-1f f1-1f straight3
0
3
0 3 0 4
0 7 2 0
0 12 0 1
2
end_operator
begin_operator
move_two f0-0f f1-0f f1-1f straight0
0
3
0 0 1 11
0 7 2 0
0 12 0 1
2
end_operator
begin_operator
move_two f0-0f f1-0f f1-1f straight1
0
3
0 2 1 11
0 7 2 0
0 12 0 1
2
end_operator
begin_operator
move_two f0-0f f1-0f f1-1f straight2
0
3
0 1 1 11
0 7 2 0
0 12 0 1
2
end_operator
begin_operator
move_two f0-0f f1-0f f1-1f straight3
0
3
0 3 1 11
0 7 2 0
0 12 0 1
2
end_operator
begin_operator
move_two f0-0f f1-0f f2-0f straight0
0
3
0 0 1 12
0 7 2 0
0 15 0 1
2
end_operator
begin_operator
move_two f0-0f f1-0f f2-0f straight1
0
3
0 2 1 12
0 7 2 0
0 15 0 1
2
end_operator
begin_operator
move_two f0-0f f1-0f f2-0f straight2
0
3
0 1 1 12
0 7 2 0
0 15 0 1
2
end_operator
begin_operator
move_two f0-0f f1-0f f2-0f straight3
0
3
0 3 1 12
0 7 2 0
0 15 0 1
2
end_operator
begin_operator
move_two f0-1f f0-0f f1-0f straight0
0
3
0 0 2 1
0 8 2 0
0 11 0 1
2
end_operator
begin_operator
move_two f0-1f f0-0f f1-0f straight1
0
3
0 2 2 1
0 8 2 0
0 11 0 1
2
end_operator
begin_operator
move_two f0-1f f0-0f f1-0f straight2
0
3
0 1 2 1
0 8 2 0
0 11 0 1
2
end_operator
begin_operator
move_two f0-1f f0-0f f1-0f straight3
0
3
0 3 2 1
0 8 2 0
0 11 0 1
2
end_operator
begin_operator
move_two f0-1f f0-2f f0-3f straight0
0
3
0 0 3 6
0 8 2 0
0 10 0 1
2
end_operator
begin_operator
move_two f0-1f f0-2f f0-3f straight1
0
3
0 2 3 6
0 8 2 0
0 10 0 1
2
end_operator
begin_operator
move_two f0-1f f0-2f f0-3f straight2
0
3
0 1 3 6
0 8 2 0
0 10 0 1
2
end_operator
begin_operator
move_two f0-1f f0-2f f0-3f straight3
0
3
0 3 3 6
0 8 2 0
0 10 0 1
2
end_operator
begin_operator
move_two f0-1f f0-2f f1-2f straight0
0
3
0 0 3 7
0 8 2 0
0 13 0 1
2
end_operator
begin_operator
move_two f0-1f f0-2f f1-2f straight1
0
3
0 2 3 7
0 8 2 0
0 13 0 1
2
end_operator
begin_operator
move_two f0-1f f0-2f f1-2f straight2
0
3
0 1 3 7
0 8 2 0
0 13 0 1
2
end_operator
begin_operator
move_two f0-1f f0-2f f1-2f straight3
0
3
0 3 3 7
0 8 2 0
0 13 0 1
2
end_operator
begin_operator
move_two f0-1f f1-1f f1-0f straight0
0
3
0 0 4 14
0 8 2 0
0 11 0 1
2
end_operator
begin_operator
move_two f0-1f f1-1f f1-0f straight1
0
3
0 2 4 14
0 8 2 0
0 11 0 1
2
end_operator
begin_operator
move_two f0-1f f1-1f f1-0f straight2
0
3
0 1 4 14
0 8 2 0
0 11 0 1
2
end_operator
begin_operator
move_two f0-1f f1-1f f1-0f straight3
0
3
0 3 4 14
0 8 2 0
0 11 0 1
2
end_operator
begin_operator
move_two f0-1f f1-1f f1-2f straight0
0
3
0 0 4 15
0 8 2 0
0 13 0 1
2
end_operator
begin_operator
move_two f0-1f f1-1f f1-2f straight1
0
3
0 2 4 15
0 8 2 0
0 13 0 1
2
end_operator
begin_operator
move_two f0-1f f1-1f f1-2f straight2
0
3
0 1 4 15
0 8 2 0
0 13 0 1
2
end_operator
begin_operator
move_two f0-1f f1-1f f1-2f straight3
0
3
0 3 4 15
0 8 2 0
0 13 0 1
2
end_operator
begin_operator
move_two f0-1f f1-1f f2-1f straight0
0
3
0 0 4 16
0 8 2 0
0 16 0 1
2
end_operator
begin_operator
move_two f0-1f f1-1f f2-1f straight1
0
3
0 2 4 16
0 8 2 0
0 16 0 1
2
end_operator
begin_operator
move_two f0-1f f1-1f f2-1f straight2
0
3
0 1 4 16
0 8 2 0
0 16 0 1
2
end_operator
begin_operator
move_two f0-1f f1-1f f2-1f straight3
0
3
0 3 4 16
0 8 2 0
0 16 0 1
2
end_operator
begin_operator
move_two f0-2f f0-1f f0-0f straight0
0
3
0 0 5 2
0 7 0 1
0 9 2 0
2
end_operator
begin_operator
move_two f0-2f f0-1f f0-0f straight1
0
3
0 2 5 2
0 7 0 1
0 9 2 0
2
end_operator
begin_operator
move_two f0-2f f0-1f f0-0f straight2
0
3
0 1 5 2
0 7 0 1
0 9 2 0
2
end_operator
begin_operator
move_two f0-2f f0-1f f0-0f straight3
0
3
0 3 5 2
0 7 0 1
0 9 2 0
2
end_operator
begin_operator
move_two f0-2f f0-1f f1-1f straight0
0
3
0 0 5 4
0 9 2 0
0 12 0 1
2
end_operator
begin_operator
move_two f0-2f f0-1f f1-1f straight1
0
3
0 2 5 4
0 9 2 0
0 12 0 1
2
end_operator
begin_operator
move_two f0-2f f0-1f f1-1f straight2
0
3
0 1 5 4
0 9 2 0
0 12 0 1
2
end_operator
begin_operator
move_two f0-2f f0-1f f1-1f straight3
0
3
0 3 5 4
0 9 2 0
0 12 0 1
2
end_operator
begin_operator
move_two f0-2f f0-3f f1-3f straight0
0
3
0 0 6 9
0 9 2 0
0 14 0 1
2
end_operator
begin_operator
move_two f0-2f f0-3f f1-3f straight1
0
3
0 2 6 9
0 9 2 0
0 14 0 1
2
end_operator
begin_operator
move_two f0-2f f0-3f f1-3f straight2
0
3
0 1 6 9
0 9 2 0
0 14 0 1
2
end_operator
begin_operator
move_two f0-2f f0-3f f1-3f straight3
0
3
0 3 6 9
0 9 2 0
0 14 0 1
2
end_operator
begin_operator
move_two f0-2f f1-2f f1-1f straight0
0
3
0 0 7 18
0 9 2 0
0 12 0 1
2
end_operator
begin_operator
move_two f0-2f f1-2f f1-1f straight1
0
3
0 2 7 18
0 9 2 0
0 12 0 1
2
end_operator
begin_operator
move_two f0-2f f1-2f f1-1f straight2
0
3
0 1 7 18
0 9 2 0
0 12 0 1
2
end_operator
begin_operator
move_two f0-2f f1-2f f1-1f straight3
0
3
0 3 7 18
0 9 2 0
0 12 0 1
2
end_operator
begin_operator
move_two f0-2f f1-2f f1-3f straight0
0
3
0 0 7 19
0 9 2 0
0 14 0 1
2
end_operator
begin_operator
move_two f0-2f f1-2f f1-3f straight1
0
3
0 2 7 19
0 9 2 0
0 14 0 1
2
end_operator
begin_operator
move_two f0-2f f1-2f f1-3f straight2
0
3
0 1 7 19
0 9 2 0
0 14 0 1
2
end_operator
begin_operator
move_two f0-2f f1-2f f1-3f straight3
0
3
0 3 7 19
0 9 2 0
0 14 0 1
2
end_operator
begin_operator
move_two f0-2f f1-2f f2-2f straight0
0
3
0 0 7 20
0 9 2 0
0 17 0 1
2
end_operator
begin_operator
move_two f0-2f f1-2f f2-2f straight1
0
3
0 2 7 20
0 9 2 0
0 17 0 1
2
end_operator
begin_operator
move_two f0-2f f1-2f f2-2f straight2
0
3
0 1 7 20
0 9 2 0
0 17 0 1
2
end_operator
begin_operator
move_two f0-2f f1-2f f2-2f straight3
0
3
0 3 7 20
0 9 2 0
0 17 0 1
2
end_operator
begin_operator
move_two f0-3f f0-2f f0-1f straight0
0
3
0 0 8 5
0 8 0 1
0 10 2 0
2
end_operator
begin_operator
move_two f0-3f f0-2f f0-1f straight1
0
3
0 2 8 5
0 8 0 1
0 10 2 0
2
end_operator
begin_operator
move_two f0-3f f0-2f f0-1f straight2
0
3
0 1 8 5
0 8 0 1
0 10 2 0
2
end_operator
begin_operator
move_two f0-3f f0-2f f0-1f straight3
0
3
0 3 8 5
0 8 0 1
0 10 2 0
2
end_operator
begin_operator
move_two f0-3f f0-2f f1-2f straight0
0
3
0 0 8 7
0 10 2 0
0 13 0 1
2
end_operator
begin_operator
move_two f0-3f f0-2f f1-2f straight1
0
3
0 2 8 7
0 10 2 0
0 13 0 1
2
end_operator
begin_operator
move_two f0-3f f0-2f f1-2f straight2
0
3
0 1 8 7
0 10 2 0
0 13 0 1
2
end_operator
begin_operator
move_two f0-3f f0-2f f1-2f straight3
0
3
0 3 8 7
0 10 2 0
0 13 0 1
2
end_operator
begin_operator
move_two f0-3f f1-3f f1-2f straight0
0
3
0 0 9 22
0 10 2 0
0 13 0 1
2
end_operator
begin_operator
move_two f0-3f f1-3f f1-2f straight1
0
3
0 2 9 22
0 10 2 0
0 13 0 1
2
end_operator
begin_operator
move_two f0-3f f1-3f f1-2f straight2
0
3
0 1 9 22
0 10 2 0
0 13 0 1
2
end_operator
begin_operator
move_two f0-3f f1-3f f1-2f straight3
0
3
0 3 9 22
0 10 2 0
0 13 0 1
2
end_operator
begin_operator
move_two f0-3f f1-3f f2-3f straight0
0
3
0 0 9 23
0 10 2 0
0 18 0 1
2
end_operator
begin_operator
move_two f0-3f f1-3f f2-3f straight1
0
3
0 2 9 23
0 10 2 0
0 18 0 1
2
end_operator
begin_operator
move_two f0-3f f1-3f f2-3f straight2
0
3
0 1 9 23
0 10 2 0
0 18 0 1
2
end_operator
begin_operator
move_two f0-3f f1-3f f2-3f straight3
0
3
0 3 9 23
0 10 2 0
0 18 0 1
2
end_operator
begin_operator
move_two f1-0f f0-0f f0-1f straight0
0
3
0 0 10 0
0 8 0 1
0 11 2 0
2
end_operator
begin_operator
move_two f1-0f f0-0f f0-1f straight1
0
3
0 2 10 0
0 8 0 1
0 11 2 0
2
end_operator
begin_operator
move_two f1-0f f0-0f f0-1f straight2
0
3
0 1 10 0
0 8 0 1
0 11 2 0
2
end_operator
begin_operator
move_two f1-0f f0-0f f0-1f straight3
0
3
0 3 10 0
0 8 0 1
0 11 2 0
2
end_operator
begin_operator
move_two f1-0f f1-1f f0-1f straight0
0
3
0 0 11 13
0 8 0 1
0 11 2 0
2
end_operator
begin_operator
move_two f1-0f f1-1f f0-1f straight1
0
3
0 2 11 13
0 8 0 1
0 11 2 0
2
end_operator
begin_operator
move_two f1-0f f1-1f f0-1f straight2
0
3
0 1 11 13
0 8 0 1
0 11 2 0
2
end_operator
begin_operator
move_two f1-0f f1-1f f0-1f straight3
0
3
0 3 11 13
0 8 0 1
0 11 2 0
2
end_operator
begin_operator
move_two f1-0f f1-1f f1-2f straight0
0
3
0 0 11 15
0 11 2 0
0 13 0 1
2
end_operator
begin_operator
move_two f1-0f f1-1f f1-2f straight1
0
3
0 2 11 15
0 11 2 0
0 13 0 1
2
end_operator
begin_operator
move_two f1-0f f1-1f f1-2f straight2
0
3
0 1 11 15
0 11 2 0
0 13 0 1
2
end_operator
begin_operator
move_two f1-0f f1-1f f1-2f straight3
0
3
0 3 11 15
0 11 2 0
0 13 0 1
2
end_operator
begin_operator
move_two f1-0f f1-1f f2-1f straight0
0
3
0 0 11 16
0 11 2 0
0 16 0 1
2
end_operator
begin_operator
move_two f1-0f f1-1f f2-1f straight1
0
3
0 2 11 16
0 11 2 0
0 16 0 1
2
end_operator
begin_operator
move_two f1-0f f1-1f f2-1f straight2
0
3
0 1 11 16
0 11 2 0
0 16 0 1
2
end_operator
begin_operator
move_two f1-0f f1-1f f2-1f straight3
0
3
0 3 11 16
0 11 2 0
0 16 0 1
2
end_operator
begin_operator
move_two f1-0f f2-0f f2-1f straight0
0
3
0 0 12 25
0 11 2 0
0 16 0 1
2
end_operator
begin_operator
move_two f1-0f f2-0f f2-1f straight1
0
3
0 2 12 25
0 11 2 0
0 16 0 1
2
end_operator
begin_operator
move_two f1-0f f2-0f f2-1f straight2
0
3
0 1 12 25
0 11 2 0
0 16 0 1
2
end_operator
begin_operator
move_two f1-0f f2-0f f2-1f straight3
0
3
0 3 12 25
0 11 2 0
0 16 0 1
2
end_operator
begin_operator
move_two f1-0f f2-0f f3-0f straight0
0
3
0 0 12 26
0 11 2 0
0 19 0 1
2
end_operator
begin_operator
move_two f1-0f f2-0f f3-0f straight1
0
3
0 2 12 26
0 11 2 0
0 19 0 1
2
end_operator
begin_operator
move_two f1-0f f2-0f f3-0f straight2
0
3
0 1 12 26
0 11 2 0
0 19 0 1
2
end_operator
begin_operator
move_two f1-0f f2-0f f3-0f straight3
0
3
0 3 12 26
0 11 2 0
0 19 0 1
2
end_operator
begin_operator
move_two f1-1f f0-1f f0-0f straight0
0
3
0 0 13 2
0 7 0 1
0 12 2 0
2
end_operator
begin_operator
move_two f1-1f f0-1f f0-0f straight1
0
3
0 2 13 2
0 7 0 1
0 12 2 0
2
end_operator
begin_operator
move_two f1-1f f0-1f f0-0f straight2
0
3
0 1 13 2
0 7 0 1
0 12 2 0
2
end_operator
begin_operator
move_two f1-1f f0-1f f0-0f straight3
0
3
0 3 13 2
0 7 0 1
0 12 2 0
2
end_operator
begin_operator
move_two f1-1f f0-1f f0-2f straight0
0
3
0 0 13 3
0 9 0 1
0 12 2 0
2
end_operator
begin_operator
move_two f1-1f f0-1f f0-2f straight1
0
3
0 2 13 3
0 9 0 1
0 12 2 0
2
end_operator
begin_operator
move_two f1-1f f0-1f f0-2f straight2
0
3
0 1 13 3
0 9 0 1
0 12 2 0
2
end_operator
begin_operator
move_two f1-1f f0-1f f0-2f straight3
0
3
0 3 13 3
0 9 0 1
0 12 2 0
2
end_operator
begin_operator
move_two f1-1f f1-0f f0-0f straight0
0
3
0 0 14 10
0 7 0 1
0 12 2 0
2
end_operator
begin_operator
move_two f1-1f f1-0f f0-0f straight1
0
3
0 2 14 10
0 7 0 1
0 12 2 0
2
end_operator
begin_operator
move_two f1-1f f1-0f f0-0f straight2
0
3
0 1 14 10
0 7 0 1
0 12 2 0
2
end_operator
begin_operator
move_two f1-1f f1-0f f0-0f straight3
0
3
0 3 14 10
0 7 0 1
0 12 2 0
2
end_operator
begin_operator
move_two f1-1f f1-0f f2-0f straight0
0
3
0 0 14 12
0 12 2 0
0 15 0 1
2
end_operator
begin_operator
move_two f1-1f f1-0f f2-0f straight1
0
3
0 2 14 12
0 12 2 0
0 15 0 1
2
end_operator
begin_operator
move_two f1-1f f1-0f f2-0f straight2
0
3
0 1 14 12
0 12 2 0
0 15 0 1
2
end_operator
begin_operator
move_two f1-1f f1-0f f2-0f straight3
0
3
0 3 14 12
0 12 2 0
0 15 0 1
2
end_operator
begin_operator
move_two f1-1f f1-2f f0-2f straight0
0
3
0 0 15 17
0 9 0 1
0 12 2 0
2
end_operator
begin_operator
move_two f1-1f f1-2f f0-2f straight1
0
3
0 2 15 17
0 9 0 1
0 12 2 0
2
end_operator
begin_operator
move_two f1-1f f1-2f f0-2f straight2
0
3
0 1 15 17
0 9 0 1
0 12 2 0
2
end_operator
begin_operator
move_two f1-1f f1-2f f0-2f straight3
0
3
0 3 15 17
0 9 0 1
0 12 2 0
2
end_operator
begin_operator
move_two f1-1f f1-2f f1-3f straight0
0
3
0 0 15 19
0 12 2 0
0 14 0 1
2
end_operator
begin_operator
move_two f1-1f f1-2f f1-3f straight1
0
3
0 2 15 19
0 12 2 0
0 14 0 1
2
end_operator
begin_operator
move_two f1-1f f1-2f f1-3f straight2
0
3
0 1 15 19
0 12 2 0
0 14 0 1
2
end_operator
begin_operator
move_two f1-1f f1-2f f1-3f straight3
0
3
0 3 15 19
0 12 2 0
0 14 0 1
2
end_operator
begin_operator
move_two f1-1f f1-2f f2-2f straight0
0
3
0 0 15 20
0 12 2 0
0 17 0 1
2
end_operator
begin_operator
move_two f1-1f f1-2f f2-2f straight1
0
3
0 2 15 20
0 12 2 0
0 17 0 1
2
end_operator
begin_operator
move_two f1-1f f1-2f f2-2f straight2
0
3
0 1 15 20
0 12 2 0
0 17 0 1
2
end_operator
begin_operator
move_two f1-1f f1-2f f2-2f straight3
0
3
0 3 15 20
0 12 2 0
0 17 0 1
2
end_operator
begin_operator
move_two f1-1f f2-1f f2-0f straight0
0
3
0 0 16 28
0 12 2 0
0 15 0 1
2
end_operator
begin_operator
move_two f1-1f f2-1f f2-0f straight1
0
3
0 2 16 28
0 12 2 0
0 15 0 1
2
end_operator
begin_operator
move_two f1-1f f2-1f f2-0f straight2
0
3
0 1 16 28
0 12 2 0
0 15 0 1
2
end_operator
begin_operator
move_two f1-1f f2-1f f2-0f straight3
0
3
0 3 16 28
0 12 2 0
0 15 0 1
2
end_operator
begin_operator
move_two f1-1f f2-1f f2-2f straight0
0
3
0 0 16 29
0 12 2 0
0 17 0 1
2
end_operator
begin_operator
move_two f1-1f f2-1f f2-2f straight1
0
3
0 2 16 29
0 12 2 0
0 17 0 1
2
end_operator
begin_operator
move_two f1-1f f2-1f f2-2f straight2
0
3
0 1 16 29
0 12 2 0
0 17 0 1
2
end_operator
begin_operator
move_two f1-1f f2-1f f2-2f straight3
0
3
0 3 16 29
0 12 2 0
0 17 0 1
2
end_operator
begin_operator
move_two f1-1f f2-1f f3-1f straight0
0
3
0 0 16 30
0 12 2 0
0 20 0 1
2
end_operator
begin_operator
move_two f1-1f f2-1f f3-1f straight1
0
3
0 2 16 30
0 12 2 0
0 20 0 1
2
end_operator
begin_operator
move_two f1-1f f2-1f f3-1f straight2
0
3
0 1 16 30
0 12 2 0
0 20 0 1
2
end_operator
begin_operator
move_two f1-1f f2-1f f3-1f straight3
0
3
0 3 16 30
0 12 2 0
0 20 0 1
2
end_operator
begin_operator
move_two f1-2f f0-2f f0-1f straight0
0
3
0 0 17 5
0 8 0 1
0 13 2 0
2
end_operator
begin_operator
move_two f1-2f f0-2f f0-1f straight1
0
3
0 2 17 5
0 8 0 1
0 13 2 0
2
end_operator
begin_operator
move_two f1-2f f0-2f f0-1f straight2
0
3
0 1 17 5
0 8 0 1
0 13 2 0
2
end_operator
begin_operator
move_two f1-2f f0-2f f0-1f straight3
0
3
0 3 17 5
0 8 0 1
0 13 2 0
2
end_operator
begin_operator
move_two f1-2f f0-2f f0-3f straight0
0
3
0 0 17 6
0 10 0 1
0 13 2 0
2
end_operator
begin_operator
move_two f1-2f f0-2f f0-3f straight1
0
3
0 2 17 6
0 10 0 1
0 13 2 0
2
end_operator
begin_operator
move_two f1-2f f0-2f f0-3f straight2
0
3
0 1 17 6
0 10 0 1
0 13 2 0
2
end_operator
begin_operator
move_two f1-2f f0-2f f0-3f straight3
0
3
0 3 17 6
0 10 0 1
0 13 2 0
2
end_operator
begin_operator
move_two f1-2f f1-1f f0-1f straight0
0
3
0 0 18 13
0 8 0 1
0 13 2 0
2
end_operator
begin_operator
move_two f1-2f f1-1f f0-1f straight1
0
3
0 2 18 13
0 8 0 1
0 13 2 0
2
end_operator
begin_operator
move_two f1-2f f1-1f f0-1f straight2
0
3
0 1 18 13
0 8 0 1
0 13 2 0
2
end_operator
begin_operator
move_two f1-2f f1-1f f0-1f straight3
0
3
0 3 18 13
0 8 0 1
0 13 2 0
2
end_operator
begin_operator
move_two f1-2f f1-1f f1-0f straight0
0
3
0 0 18 14
0 11 0 1
0 13 2 0
2
end_operator
begin_operator
move_two f1-2f f1-1f f1-0f straight1
0
3
0 2 18 14
0 11 0 1
0 13 2 0
2
end_operator
begin_operator
move_two f1-2f f1-1f f1-0f straight2
0
3
0 1 18 14
0 11 0 1
0 13 2 0
2
end_operator
begin_operator
move_two f1-2f f1-1f f1-0f straight3
0
3
0 3 18 14
0 11 0 1
0 13 2 0
2
end_operator
begin_operator
move_two f1-2f f1-1f f2-1f straight0
0
3
0 0 18 16
0 13 2 0
0 16 0 1
2
end_operator
begin_operator
move_two f1-2f f1-1f f2-1f straight1
0
3
0 2 18 16
0 13 2 0
0 16 0 1
2
end_operator
begin_operator
move_two f1-2f f1-1f f2-1f straight2
0
3
0 1 18 16
0 13 2 0
0 16 0 1
2
end_operator
begin_operator
move_two f1-2f f1-1f f2-1f straight3
0
3
0 3 18 16
0 13 2 0
0 16 0 1
2
end_operator
begin_operator
move_two f1-2f f1-3f f0-3f straight0
0
3
0 0 19 21
0 10 0 1
0 13 2 0
2
end_operator
begin_operator
move_two f1-2f f1-3f f0-3f straight1
0
3
0 2 19 21
0 10 0 1
0 13 2 0
2
end_operator
begin_operator
move_two f1-2f f1-3f f0-3f straight2
0
3
0 1 19 21
0 10 0 1
0 13 2 0
2
end_operator
begin_operator
move_two f1-2f f1-3f f0-3f straight3
0
3
0 3 19 21
0 10 0 1
0 13 2 0
2
end_operator
begin_operator
move_two f1-2f f1-3f f2-3f straight0
0
3
0 0 19 23
0 13 2 0
0 18 0 1
2
end_operator
begin_operator
move_two f1-2f f1-3f f2-3f straight1
0
3
0 2 19 23
0 13 2 0
0 18 0 1
2
end_operator
begin_operator
move_two f1-2f f1-3f f2-3f straight2
0
3
0 1 19 23
0 13 2 0
0 18 0 1
2
end_operator
begin_operator
move_two f1-2f f1-3f f2-3f straight3
0
3
0 3 19 23
0 13 2 0
0 18 0 1
2
end_operator
begin_operator
move_two f1-2f f2-2f f2-1f straight0
0
3
0 0 20 32
0 13 2 0
0 16 0 1
2
end_operator
begin_operator
move_two f1-2f f2-2f f2-1f straight1
0
3
0 2 20 32
0 13 2 0
0 16 0 1
2
end_operator
begin_operator
move_two f1-2f f2-2f f2-1f straight2
0
3
0 1 20 32
0 13 2 0
0 16 0 1
2
end_operator
begin_operator
move_two f1-2f f2-2f f2-1f straight3
0
3
0 3 20 32
0 13 2 0
0 16 0 1
2
end_operator
begin_operator
move_two f1-2f f2-2f f2-3f straight0
0
3
0 0 20 33
0 13 2 0
0 18 0 1
2
end_operator
begin_operator
move_two f1-2f f2-2f f2-3f straight1
0
3
0 2 20 33
0 13 2 0
0 18 0 1
2
end_operator
begin_operator
move_two f1-2f f2-2f f2-3f straight2
0
3
0 1 20 33
0 13 2 0
0 18 0 1
2
end_operator
begin_operator
move_two f1-2f f2-2f f2-3f straight3
0
3
0 3 20 33
0 13 2 0
0 18 0 1
2
end_operator
begin_operator
move_two f1-2f f2-2f f3-2f straight0
0
3
0 0 20 34
0 13 2 0
0 21 0 1
2
end_operator
begin_operator
move_two f1-2f f2-2f f3-2f straight1
0
3
0 2 20 34
0 13 2 0
0 21 0 1
2
end_operator
begin_operator
move_two f1-2f f2-2f f3-2f straight2
0
3
0 1 20 34
0 13 2 0
0 21 0 1
2
end_operator
begin_operator
move_two f1-2f f2-2f f3-2f straight3
0
3
0 3 20 34
0 13 2 0
0 21 0 1
2
end_operator
begin_operator
move_two f1-3f f0-3f f0-2f straight0
0
3
0 0 21 8
0 9 0 1
0 14 2 0
2
end_operator
begin_operator
move_two f1-3f f0-3f f0-2f straight1
0
3
0 2 21 8
0 9 0 1
0 14 2 0
2
end_operator
begin_operator
move_two f1-3f f0-3f f0-2f straight2
0
3
0 1 21 8
0 9 0 1
0 14 2 0
2
end_operator
begin_operator
move_two f1-3f f0-3f f0-2f straight3
0
3
0 3 21 8
0 9 0 1
0 14 2 0
2
end_operator
begin_operator
move_two f1-3f f1-2f f0-2f straight0
0
3
0 0 22 17
0 9 0 1
0 14 2 0
2
end_operator
begin_operator
move_two f1-3f f1-2f f0-2f straight1
0
3
0 2 22 17
0 9 0 1
0 14 2 0
2
end_operator
begin_operator
move_two f1-3f f1-2f f0-2f straight2
0
3
0 1 22 17
0 9 0 1
0 14 2 0
2
end_operator
begin_operator
move_two f1-3f f1-2f f0-2f straight3
0
3
0 3 22 17
0 9 0 1
0 14 2 0
2
end_operator
begin_operator
move_two f1-3f f1-2f f1-1f straight0
0
3
0 0 22 18
0 12 0 1
0 14 2 0
2
end_operator
begin_operator
move_two f1-3f f1-2f f1-1f straight1
0
3
0 2 22 18
0 12 0 1
0 14 2 0
2
end_operator
begin_operator
move_two f1-3f f1-2f f1-1f straight2
0
3
0 1 22 18
0 12 0 1
0 14 2 0
2
end_operator
begin_operator
move_two f1-3f f1-2f f1-1f straight3
0
3
0 3 22 18
0 12 0 1
0 14 2 0
2
end_operator
begin_operator
move_two f1-3f f1-2f f2-2f straight0
0
3
0 0 22 20
0 14 2 0
0 17 0 1
2
end_operator
begin_operator
move_two f1-3f f1-2f f2-2f straight1
0
3
0 2 22 20
0 14 2 0
0 17 0 1
2
end_operator
begin_operator
move_two f1-3f f1-2f f2-2f straight2
0
3
0 1 22 20
0 14 2 0
0 17 0 1
2
end_operator
begin_operator
move_two f1-3f f1-2f f2-2f straight3
0
3
0 3 22 20
0 14 2 0
0 17 0 1
2
end_operator
begin_operator
move_two f1-3f f2-3f f2-2f straight0
0
3
0 0 23 36
0 14 2 0
0 17 0 1
2
end_operator
begin_operator
move_two f1-3f f2-3f f2-2f straight1
0
3
0 2 23 36
0 14 2 0
0 17 0 1
2
end_operator
begin_operator
move_two f1-3f f2-3f f2-2f straight2
0
3
0 1 23 36
0 14 2 0
0 17 0 1
2
end_operator
begin_operator
move_two f1-3f f2-3f f2-2f straight3
0
3
0 3 23 36
0 14 2 0
0 17 0 1
2
end_operator
begin_operator
move_two f1-3f f2-3f f3-3f straight0
0
3
0 0 23 37
0 14 2 0
0 22 0 1
2
end_operator
begin_operator
move_two f1-3f f2-3f f3-3f straight1
0
3
0 2 23 37
0 14 2 0
0 22 0 1
2
end_operator
begin_operator
move_two f1-3f f2-3f f3-3f straight2
0
3
0 1 23 37
0 14 2 0
0 22 0 1
2
end_operator
begin_operator
move_two f1-3f f2-3f f3-3f straight3
0
3
0 3 23 37
0 14 2 0
0 22 0 1
2
end_operator
begin_operator
move_two f2-0f f1-0f f0-0f straight0
0
3
0 0 24 10
0 7 0 1
0 15 2 0
2
end_operator
begin_operator
move_two f2-0f f1-0f f0-0f straight1
0
3
0 2 24 10
0 7 0 1
0 15 2 0
2
end_operator
begin_operator
move_two f2-0f f1-0f f0-0f straight2
0
3
0 1 24 10
0 7 0 1
0 15 2 0
2
end_operator
begin_operator
move_two f2-0f f1-0f f0-0f straight3
0
3
0 3 24 10
0 7 0 1
0 15 2 0
2
end_operator
begin_operator
move_two f2-0f f1-0f f1-1f straight0
0
3
0 0 24 11
0 12 0 1
0 15 2 0
2
end_operator
begin_operator
move_two f2-0f f1-0f f1-1f straight1
0
3
0 2 24 11
0 12 0 1
0 15 2 0
2
end_operator
begin_operator
move_two f2-0f f1-0f f1-1f straight2
0
3
0 1 24 11
0 12 0 1
0 15 2 0
2
end_operator
begin_operator
move_two f2-0f f1-0f f1-1f straight3
0
3
0 3 24 11
0 12 0 1
0 15 2 0
2
end_operator
begin_operator
move_two f2-0f f2-1f f1-1f straight0
0
3
0 0 25 27
0 12 0 1
0 15 2 0
2
end_operator
begin_operator
move_two f2-0f f2-1f f1-1f straight1
0
3
0 2 25 27
0 12 0 1
0 15 2 0
2
end_operator
begin_operator
move_two f2-0f f2-1f f1-1f straight2
0
3
0 1 25 27
0 12 0 1
0 15 2 0
2
end_operator
begin_operator
move_two f2-0f f2-1f f1-1f straight3
0
3
0 3 25 27
0 12 0 1
0 15 2 0
2
end_operator
begin_operator
move_two f2-0f f2-1f f2-2f straight0
0
3
0 0 25 29
0 15 2 0
0 17 0 1
2
end_operator
begin_operator
move_two f2-0f f2-1f f2-2f straight1
0
3
0 2 25 29
0 15 2 0
0 17 0 1
2
end_operator
begin_operator
move_two f2-0f f2-1f f2-2f straight2
0
3
0 1 25 29
0 15 2 0
0 17 0 1
2
end_operator
begin_operator
move_two f2-0f f2-1f f2-2f straight3
0
3
0 3 25 29
0 15 2 0
0 17 0 1
2
end_operator
begin_operator
move_two f2-0f f2-1f f3-1f straight0
0
3
0 0 25 30
0 15 2 0
0 20 0 1
2
end_operator
begin_operator
move_two f2-0f f2-1f f3-1f straight1
0
3
0 2 25 30
0 15 2 0
0 20 0 1
2
end_operator
begin_operator
move_two f2-0f f2-1f f3-1f straight2
0
3
0 1 25 30
0 15 2 0
0 20 0 1
2
end_operator
begin_operator
move_two f2-0f f2-1f f3-1f straight3
0
3
0 3 25 30
0 15 2 0
0 20 0 1
2
end_operator
begin_operator
move_two f2-0f f3-0f f3-1f straight0
0
3
0 0 26 39
0 15 2 0
0 20 0 1
2
end_operator
begin_operator
move_two f2-0f f3-0f f3-1f straight1
0
3
0 2 26 39
0 15 2 0
0 20 0 1
2
end_operator
begin_operator
move_two f2-0f f3-0f f3-1f straight2
0
3
0 1 26 39
0 15 2 0
0 20 0 1
2
end_operator
begin_operator
move_two f2-0f f3-0f f3-1f straight3
0
3
0 3 26 39
0 15 2 0
0 20 0 1
2
end_operator
begin_operator
move_two f2-0f f3-0f f4-0f straight0
0
3
0 0 26 40
0 15 2 0
0 23 0 1
2
end_operator
begin_operator
move_two f2-0f f3-0f f4-0f straight1
0
3
0 2 26 40
0 15 2 0
0 23 0 1
2
end_operator
begin_operator
move_two f2-0f f3-0f f4-0f straight2
0
3
0 1 26 40
0 15 2 0
0 23 0 1
2
end_operator
begin_operator
move_two f2-0f f3-0f f4-0f straight3
0
3
0 3 26 40
0 15 2 0
0 23 0 1
2
end_operator
begin_operator
move_two f2-1f f1-1f f0-1f straight0
0
3
0 0 27 13
0 8 0 1
0 16 2 0
2
end_operator
begin_operator
move_two f2-1f f1-1f f0-1f straight1
0
3
0 2 27 13
0 8 0 1
0 16 2 0
2
end_operator
begin_operator
move_two f2-1f f1-1f f0-1f straight2
0
3
0 1 27 13
0 8 0 1
0 16 2 0
2
end_operator
begin_operator
move_two f2-1f f1-1f f0-1f straight3
0
3
0 3 27 13
0 8 0 1
0 16 2 0
2
end_operator
begin_operator
move_two f2-1f f1-1f f1-0f straight0
0
3
0 0 27 14
0 11 0 1
0 16 2 0
2
end_operator
begin_operator
move_two f2-1f f1-1f f1-0f straight1
0
3
0 2 27 14
0 11 0 1
0 16 2 0
2
end_operator
begin_operator
move_two f2-1f f1-1f f1-0f straight2
0
3
0 1 27 14
0 11 0 1
0 16 2 0
2
end_operator
begin_operator
move_two f2-1f f1-1f f1-0f straight3
0
3
0 3 27 14
0 11 0 1
0 16 2 0
2
end_operator
begin_operator
move_two f2-1f f1-1f f1-2f straight0
0
3
0 0 27 15
0 13 0 1
0 16 2 0
2
end_operator
begin_operator
move_two f2-1f f1-1f f1-2f straight1
0
3
0 2 27 15
0 13 0 1
0 16 2 0
2
end_operator
begin_operator
move_two f2-1f f1-1f f1-2f straight2
0
3
0 1 27 15
0 13 0 1
0 16 2 0
2
end_operator
begin_operator
move_two f2-1f f1-1f f1-2f straight3
0
3
0 3 27 15
0 13 0 1
0 16 2 0
2
end_operator
begin_operator
move_two f2-1f f2-0f f1-0f straight0
0
3
0 0 28 24
0 11 0 1
0 16 2 0
2
end_operator
begin_operator
move_two f2-1f f2-0f f1-0f straight1
0
3
0 2 28 24
0 11 0 1
0 16 2 0
2
end_operator
begin_operator
move_two f2-1f f2-0f f1-0f straight2
0
3
0 1 28 24
0 11 0 1
0 16 2 0
2
end_operator
begin_operator
move_two f2-1f f2-0f f1-0f straight3
0
3
0 3 28 24
0 11 0 1
0 16 2 0
2
end_operator
begin_operator
move_two f2-1f f2-0f f3-0f straight0
0
3
0 0 28 26
0 16 2 0
0 19 0 1
2
end_operator
begin_operator
move_two f2-1f f2-0f f3-0f straight1
0
3
0 2 28 26
0 16 2 0
0 19 0 1
2
end_operator
begin_operator
move_two f2-1f f2-0f f3-0f straight2
0
3
0 1 28 26
0 16 2 0
0 19 0 1
2
end_operator
begin_operator
move_two f2-1f f2-0f f3-0f straight3
0
3
0 3 28 26
0 16 2 0
0 19 0 1
2
end_operator
begin_operator
move_two f2-1f f2-2f f1-2f straight0
0
3
0 0 29 31
0 13 0 1
0 16 2 0
2
end_operator
begin_operator
move_two f2-1f f2-2f f1-2f straight1
0
3
0 2 29 31
0 13 0 1
0 16 2 0
2
end_operator
begin_operator
move_two f2-1f f2-2f f1-2f straight2
0
3
0 1 29 31
0 13 0 1
0 16 2 0
2
end_operator
begin_operator
move_two f2-1f f2-2f f1-2f straight3
0
3
0 3 29 31
0 13 0 1
0 16 2 0
2
end_operator
begin_operator
move_two f2-1f f2-2f f2-3f straight0
0
3
0 0 29 33
0 16 2 0
0 18 0 1
2
end_operator
begin_operator
move_two f2-1f f2-2f f2-3f straight1
0
3
0 2 29 33
0 16 2 0
0 18 0 1
2
end_operator
begin_operator
move_two f2-1f f2-2f f2-3f straight2
0
3
0 1 29 33
0 16 2 0
0 18 0 1
2
end_operator
begin_operator
move_two f2-1f f2-2f f2-3f straight3
0
3
0 3 29 33
0 16 2 0
0 18 0 1
2
end_operator
begin_operator
move_two f2-1f f2-2f f3-2f straight0
0
3
0 0 29 34
0 16 2 0
0 21 0 1
2
end_operator
begin_operator
move_two f2-1f f2-2f f3-2f straight1
0
3
0 2 29 34
0 16 2 0
0 21 0 1
2
end_operator
begin_operator
move_two f2-1f f2-2f f3-2f straight2
0
3
0 1 29 34
0 16 2 0
0 21 0 1
2
end_operator
begin_operator
move_two f2-1f f2-2f f3-2f straight3
0
3
0 3 29 34
0 16 2 0
0 21 0 1
2
end_operator
begin_operator
move_two f2-1f f3-1f f3-0f straight0
0
3
0 0 30 42
0 16 2 0
0 19 0 1
2
end_operator
begin_operator
move_two f2-1f f3-1f f3-0f straight1
0
3
0 2 30 42
0 16 2 0
0 19 0 1
2
end_operator
begin_operator
move_two f2-1f f3-1f f3-0f straight2
0
3
0 1 30 42
0 16 2 0
0 19 0 1
2
end_operator
begin_operator
move_two f2-1f f3-1f f3-0f straight3
0
3
0 3 30 42
0 16 2 0
0 19 0 1
2
end_operator
begin_operator
move_two f2-1f f3-1f f3-2f straight0
0
3
0 0 30 43
0 16 2 0
0 21 0 1
2
end_operator
begin_operator
move_two f2-1f f3-1f f3-2f straight1
0
3
0 2 30 43
0 16 2 0
0 21 0 1
2
end_operator
begin_operator
move_two f2-1f f3-1f f3-2f straight2
0
3
0 1 30 43
0 16 2 0
0 21 0 1
2
end_operator
begin_operator
move_two f2-1f f3-1f f3-2f straight3
0
3
0 3 30 43
0 16 2 0
0 21 0 1
2
end_operator
begin_operator
move_two f2-1f f3-1f f4-1f straight0
0
3
0 0 30 44
0 16 2 0
0 24 0 1
2
end_operator
begin_operator
move_two f2-1f f3-1f f4-1f straight1
0
3
0 2 30 44
0 16 2 0
0 24 0 1
2
end_operator
begin_operator
move_two f2-1f f3-1f f4-1f straight2
0
3
0 1 30 44
0 16 2 0
0 24 0 1
2
end_operator
begin_operator
move_two f2-1f f3-1f f4-1f straight3
0
3
0 3 30 44
0 16 2 0
0 24 0 1
2
end_operator
begin_operator
move_two f2-2f f1-2f f0-2f straight0
0
3
0 0 31 17
0 9 0 1
0 17 2 0
2
end_operator
begin_operator
move_two f2-2f f1-2f f0-2f straight1
0
3
0 2 31 17
0 9 0 1
0 17 2 0
2
end_operator
begin_operator
move_two f2-2f f1-2f f0-2f straight2
0
3
0 1 31 17
0 9 0 1
0 17 2 0
2
end_operator
begin_operator
move_two f2-2f f1-2f f0-2f straight3
0
3
0 3 31 17
0 9 0 1
0 17 2 0
2
end_operator
begin_operator
move_two f2-2f f1-2f f1-1f straight0
0
3
0 0 31 18
0 12 0 1
0 17 2 0
2
end_operator
begin_operator
move_two f2-2f f1-2f f1-1f straight1
0
3
0 2 31 18
0 12 0 1
0 17 2 0
2
end_operator
begin_operator
move_two f2-2f f1-2f f1-1f straight2
0
3
0 1 31 18
0 12 0 1
0 17 2 0
2
end_operator
begin_operator
move_two f2-2f f1-2f f1-1f straight3
0
3
0 3 31 18
0 12 0 1
0 17 2 0
2
end_operator
begin_operator
move_two f2-2f f1-2f f1-3f straight0
0
3
0 0 31 19
0 14 0 1
0 17 2 0
2
end_operator
begin_operator
move_two f2-2f f1-2f f1-3f straight1
0
3
0 2 31 19
0 14 0 1
0 17 2 0
2
end_operator
begin_operator
move_two f2-2f f1-2f f1-3f straight2
0
3
0 1 31 19
0 14 0 1
0 17 2 0
2
end_operator
begin_operator
move_two f2-2f f1-2f f1-3f straight3
0
3
0 3 31 19
0 14 0 1
0 17 2 0
2
end_operator
begin_operator
move_two f2-2f f2-1f f1-1f straight0
0
3
0 0 32 27
0 12 0 1
0 17 2 0
2
end_operator
begin_operator
move_two f2-2f f2-1f f1-1f straight1
0
3
0 2 32 27
0 12 0 1
0 17 2 0
2
end_operator
begin_operator
move_two f2-2f f2-1f f1-1f straight2
0
3
0 1 32 27
0 12 0 1
0 17 2 0
2
end_operator
begin_operator
move_two f2-2f f2-1f f1-1f straight3
0
3
0 3 32 27
0 12 0 1
0 17 2 0
2
end_operator
begin_operator
move_two f2-2f f2-1f f2-0f straight0
0
3
0 0 32 28
0 15 0 1
0 17 2 0
2
end_operator
begin_operator
move_two f2-2f f2-1f f2-0f straight1
0
3
0 2 32 28
0 15 0 1
0 17 2 0
2
end_operator
begin_operator
move_two f2-2f f2-1f f2-0f straight2
0
3
0 1 32 28
0 15 0 1
0 17 2 0
2
end_operator
begin_operator
move_two f2-2f f2-1f f2-0f straight3
0
3
0 3 32 28
0 15 0 1
0 17 2 0
2
end_operator
begin_operator
move_two f2-2f f2-1f f3-1f straight0
0
3
0 0 32 30
0 17 2 0
0 20 0 1
2
end_operator
begin_operator
move_two f2-2f f2-1f f3-1f straight1
0
3
0 2 32 30
0 17 2 0
0 20 0 1
2
end_operator
begin_operator
move_two f2-2f f2-1f f3-1f straight2
0
3
0 1 32 30
0 17 2 0
0 20 0 1
2
end_operator
begin_operator
move_two f2-2f f2-1f f3-1f straight3
0
3
0 3 32 30
0 17 2 0
0 20 0 1
2
end_operator
begin_operator
move_two f2-2f f2-3f f1-3f straight0
0
3
0 0 33 35
0 14 0 1
0 17 2 0
2
end_operator
begin_operator
move_two f2-2f f2-3f f1-3f straight1
0
3
0 2 33 35
0 14 0 1
0 17 2 0
2
end_operator
begin_operator
move_two f2-2f f2-3f f1-3f straight2
0
3
0 1 33 35
0 14 0 1
0 17 2 0
2
end_operator
begin_operator
move_two f2-2f f2-3f f1-3f straight3
0
3
0 3 33 35
0 14 0 1
0 17 2 0
2
end_operator
begin_operator
move_two f2-2f f2-3f f3-3f straight0
0
3
0 0 33 37
0 17 2 0
0 22 0 1
2
end_operator
begin_operator
move_two f2-2f f2-3f f3-3f straight1
0
3
0 2 33 37
0 17 2 0
0 22 0 1
2
end_operator
begin_operator
move_two f2-2f f2-3f f3-3f straight2
0
3
0 1 33 37
0 17 2 0
0 22 0 1
2
end_operator
begin_operator
move_two f2-2f f2-3f f3-3f straight3
0
3
0 3 33 37
0 17 2 0
0 22 0 1
2
end_operator
begin_operator
move_two f2-2f f3-2f f3-1f straight0
0
3
0 0 34 46
0 17 2 0
0 20 0 1
2
end_operator
begin_operator
move_two f2-2f f3-2f f3-1f straight1
0
3
0 2 34 46
0 17 2 0
0 20 0 1
2
end_operator
begin_operator
move_two f2-2f f3-2f f3-1f straight2
0
3
0 1 34 46
0 17 2 0
0 20 0 1
2
end_operator
begin_operator
move_two f2-2f f3-2f f3-1f straight3
0
3
0 3 34 46
0 17 2 0
0 20 0 1
2
end_operator
begin_operator
move_two f2-2f f3-2f f3-3f straight0
0
3
0 0 34 47
0 17 2 0
0 22 0 1
2
end_operator
begin_operator
move_two f2-2f f3-2f f3-3f straight1
0
3
0 2 34 47
0 17 2 0
0 22 0 1
2
end_operator
begin_operator
move_two f2-2f f3-2f f3-3f straight2
0
3
0 1 34 47
0 17 2 0
0 22 0 1
2
end_operator
begin_operator
move_two f2-2f f3-2f f3-3f straight3
0
3
0 3 34 47
0 17 2 0
0 22 0 1
2
end_operator
begin_operator
move_two f2-2f f3-2f f4-2f straight0
0
3
0 0 34 48
0 17 2 0
0 25 0 1
2
end_operator
begin_operator
move_two f2-2f f3-2f f4-2f straight1
0
3
0 2 34 48
0 17 2 0
0 25 0 1
2
end_operator
begin_operator
move_two f2-2f f3-2f f4-2f straight2
0
3
0 1 34 48
0 17 2 0
0 25 0 1
2
end_operator
begin_operator
move_two f2-2f f3-2f f4-2f straight3
0
3
0 3 34 48
0 17 2 0
0 25 0 1
2
end_operator
begin_operator
move_two f2-3f f1-3f f0-3f straight0
0
3
0 0 35 21
0 10 0 1
0 18 2 0
2
end_operator
begin_operator
move_two f2-3f f1-3f f0-3f straight1
0
3
0 2 35 21
0 10 0 1
0 18 2 0
2
end_operator
begin_operator
move_two f2-3f f1-3f f0-3f straight2
0
3
0 1 35 21
0 10 0 1
0 18 2 0
2
end_operator
begin_operator
move_two f2-3f f1-3f f0-3f straight3
0
3
0 3 35 21
0 10 0 1
0 18 2 0
2
end_operator
begin_operator
move_two f2-3f f1-3f f1-2f straight0
0
3
0 0 35 22
0 13 0 1
0 18 2 0
2
end_operator
begin_operator
move_two f2-3f f1-3f f1-2f straight1
0
3
0 2 35 22
0 13 0 1
0 18 2 0
2
end_operator
begin_operator
move_two f2-3f f1-3f f1-2f straight2
0
3
0 1 35 22
0 13 0 1
0 18 2 0
2
end_operator
begin_operator
move_two f2-3f f1-3f f1-2f straight3
0
3
0 3 35 22
0 13 0 1
0 18 2 0
2
end_operator
begin_operator
move_two f2-3f f2-2f f1-2f straight0
0
3
0 0 36 31
0 13 0 1
0 18 2 0
2
end_operator
begin_operator
move_two f2-3f f2-2f f1-2f straight1
0
3
0 2 36 31
0 13 0 1
0 18 2 0
2
end_operator
begin_operator
move_two f2-3f f2-2f f1-2f straight2
0
3
0 1 36 31
0 13 0 1
0 18 2 0
2
end_operator
begin_operator
move_two f2-3f f2-2f f1-2f straight3
0
3
0 3 36 31
0 13 0 1
0 18 2 0
2
end_operator
begin_operator
move_two f2-3f f2-2f f2-1f straight0
0
3
0 0 36 32
0 16 0 1
0 18 2 0
2
end_operator
begin_operator
move_two f2-3f f2-2f f2-1f straight1
0
3
0 2 36 32
0 16 0 1
0 18 2 0
2
end_operator
begin_operator
move_two f2-3f f2-2f f2-1f straight2
0
3
0 1 36 32
0 16 0 1
0 18 2 0
2
end_operator
begin_operator
move_two f2-3f f2-2f f2-1f straight3
0
3
0 3 36 32
0 16 0 1
0 18 2 0
2
end_operator
begin_operator
move_two f2-3f f2-2f f3-2f straight0
0
3
0 0 36 34
0 18 2 0
0 21 0 1
2
end_operator
begin_operator
move_two f2-3f f2-2f f3-2f straight1
0
3
0 2 36 34
0 18 2 0
0 21 0 1
2
end_operator
begin_operator
move_two f2-3f f2-2f f3-2f straight2
0
3
0 1 36 34
0 18 2 0
0 21 0 1
2
end_operator
begin_operator
move_two f2-3f f2-2f f3-2f straight3
0
3
0 3 36 34
0 18 2 0
0 21 0 1
2
end_operator
begin_operator
move_two f2-3f f3-3f f3-2f straight0
0
3
0 0 37 50
0 18 2 0
0 21 0 1
2
end_operator
begin_operator
move_two f2-3f f3-3f f3-2f straight1
0
3
0 2 37 50
0 18 2 0
0 21 0 1
2
end_operator
begin_operator
move_two f2-3f f3-3f f3-2f straight2
0
3
0 1 37 50
0 18 2 0
0 21 0 1
2
end_operator
begin_operator
move_two f2-3f f3-3f f3-2f straight3
0
3
0 3 37 50
0 18 2 0
0 21 0 1
2
end_operator
begin_operator
move_two f2-3f f3-3f f4-3f straight0
0
3
0 0 37 51
0 18 2 0
0 26 0 1
2
end_operator
begin_operator
move_two f2-3f f3-3f f4-3f straight1
0
3
0 2 37 51
0 18 2 0
0 26 0 1
2
end_operator
begin_operator
move_two f2-3f f3-3f f4-3f straight2
0
3
0 1 37 51
0 18 2 0
0 26 0 1
2
end_operator
begin_operator
move_two f2-3f f3-3f f4-3f straight3
0
3
0 3 37 51
0 18 2 0
0 26 0 1
2
end_operator
begin_operator
move_two f3-0f f2-0f f1-0f straight0
0
3
0 0 38 24
0 11 0 1
0 19 2 0
2
end_operator
begin_operator
move_two f3-0f f2-0f f1-0f straight1
0
3
0 2 38 24
0 11 0 1
0 19 2 0
2
end_operator
begin_operator
move_two f3-0f f2-0f f1-0f straight2
0
3
0 1 38 24
0 11 0 1
0 19 2 0
2
end_operator
begin_operator
move_two f3-0f f2-0f f1-0f straight3
0
3
0 3 38 24
0 11 0 1
0 19 2 0
2
end_operator
begin_operator
move_two f3-0f f2-0f f2-1f straight0
0
3
0 0 38 25
0 16 0 1
0 19 2 0
2
end_operator
begin_operator
move_two f3-0f f2-0f f2-1f straight1
0
3
0 2 38 25
0 16 0 1
0 19 2 0
2
end_operator
begin_operator
move_two f3-0f f2-0f f2-1f straight2
0
3
0 1 38 25
0 16 0 1
0 19 2 0
2
end_operator
begin_operator
move_two f3-0f f2-0f f2-1f straight3
0
3
0 3 38 25
0 16 0 1
0 19 2 0
2
end_operator
begin_operator
move_two f3-0f f3-1f f2-1f straight0
0
3
0 0 39 41
0 16 0 1
0 19 2 0
2
end_operator
begin_operator
move_two f3-0f f3-1f f2-1f straight1
0
3
0 2 39 41
0 16 0 1
0 19 2 0
2
end_operator
begin_operator
move_two f3-0f f3-1f f2-1f straight2
0
3
0 1 39 41
0 16 0 1
0 19 2 0
2
end_operator
begin_operator
move_two f3-0f f3-1f f2-1f straight3
0
3
0 3 39 41
0 16 0 1
0 19 2 0
2
end_operator
begin_operator
move_two f3-0f f3-1f f3-2f straight0
0
3
0 0 39 43
0 19 2 0
0 21 0 1
2
end_operator
begin_operator
move_two f3-0f f3-1f f3-2f straight1
0
3
0 2 39 43
0 19 2 0
0 21 0 1
2
end_operator
begin_operator
move_two f3-0f f3-1f f3-2f straight2
0
3
0 1 39 43
0 19 2 0
0 21 0 1
2
end_operator
begin_operator
move_two f3-0f f3-1f f3-2f straight3
0
3
0 3 39 43
0 19 2 0
0 21 0 1
2
end_operator
begin_operator
move_two f3-0f f3-1f f4-1f straight0
0
3
0 0 39 44
0 19 2 0
0 24 0 1
2
end_operator
begin_operator
move_two f3-0f f3-1f f4-1f straight1
0
3
0 2 39 44
0 19 2 0
0 24 0 1
2
end_operator
begin_operator
move_two f3-0f f3-1f f4-1f straight2
0
3
0 1 39 44
0 19 2 0
0 24 0 1
2
end_operator
begin_operator
move_two f3-0f f3-1f f4-1f straight3
0
3
0 3 39 44
0 19 2 0
0 24 0 1
2
end_operator
begin_operator
move_two f3-0f f4-0f f4-1f straight0
0
3
0 0 40 53
0 19 2 0
0 24 0 1
2
end_operator
begin_operator
move_two f3-0f f4-0f f4-1f straight1
0
3
0 2 40 53
0 19 2 0
0 24 0 1
2
end_operator
begin_operator
move_two f3-0f f4-0f f4-1f straight2
0
3
0 1 40 53
0 19 2 0
0 24 0 1
2
end_operator
begin_operator
move_two f3-0f f4-0f f4-1f straight3
0
3
0 3 40 53
0 19 2 0
0 24 0 1
2
end_operator
begin_operator
move_two f3-0f f4-0f f5-0f straight0
0
3
0 0 40 54
0 19 2 0
0 27 0 1
2
end_operator
begin_operator
move_two f3-0f f4-0f f5-0f straight1
0
3
0 2 40 54
0 19 2 0
0 27 0 1
2
end_operator
begin_operator
move_two f3-0f f4-0f f5-0f straight2
0
3
0 1 40 54
0 19 2 0
0 27 0 1
2
end_operator
begin_operator
move_two f3-0f f4-0f f5-0f straight3
0
3
0 3 40 54
0 19 2 0
0 27 0 1
2
end_operator
begin_operator
move_two f3-1f f2-1f f1-1f straight0
0
3
0 0 41 27
0 12 0 1
0 20 2 0
2
end_operator
begin_operator
move_two f3-1f f2-1f f1-1f straight1
0
3
0 2 41 27
0 12 0 1
0 20 2 0
2
end_operator
begin_operator
move_two f3-1f f2-1f f1-1f straight2
0
3
0 1 41 27
0 12 0 1
0 20 2 0
2
end_operator
begin_operator
move_two f3-1f f2-1f f1-1f straight3
0
3
0 3 41 27
0 12 0 1
0 20 2 0
2
end_operator
begin_operator
move_two f3-1f f2-1f f2-0f straight0
0
3
0 0 41 28
0 15 0 1
0 20 2 0
2
end_operator
begin_operator
move_two f3-1f f2-1f f2-0f straight1
0
3
0 2 41 28
0 15 0 1
0 20 2 0
2
end_operator
begin_operator
move_two f3-1f f2-1f f2-0f straight2
0
3
0 1 41 28
0 15 0 1
0 20 2 0
2
end_operator
begin_operator
move_two f3-1f f2-1f f2-0f straight3
0
3
0 3 41 28
0 15 0 1
0 20 2 0
2
end_operator
begin_operator
move_two f3-1f f2-1f f2-2f straight0
0
3
0 0 41 29
0 17 0 1
0 20 2 0
2
end_operator
begin_operator
move_two f3-1f f2-1f f2-2f straight1
0
3
0 2 41 29
0 17 0 1
0 20 2 0
2
end_operator
begin_operator
move_two f3-1f f2-1f f2-2f straight2
0
3
0 1 41 29
0 17 0 1
0 20 2 0
2
end_operator
begin_operator
move_two f3-1f f2-1f f2-2f straight3
0
3
0 3 41 29
0 17 0 1
0 20 2 0
2
end_operator
begin_operator
move_two f3-1f f3-0f f2-0f straight0
0
3
0 0 42 38
0 15 0 1
0 20 2 0
2
end_operator
begin_operator
move_two f3-1f f3-0f f2-0f straight1
0
3
0 2 42 38
0 15 0 1
0 20 2 0
2
end_operator
begin_operator
move_two f3-1f f3-0f f2-0f straight2
0
3
0 1 42 38
0 15 0 1
0 20 2 0
2
end_operator
begin_operator
move_two f3-1f f3-0f f2-0f straight3
0
3
0 3 42 38
0 15 0 1
0 20 2 0
2
end_operator
begin_operator
move_two f3-1f f3-0f f4-0f straight0
0
3
0 0 42 40
0 20 2 0
0 23 0 1
2
end_operator
begin_operator
move_two f3-1f f3-0f f4-0f straight1
0
3
0 2 42 40
0 20 2 0
0 23 0 1
2
end_operator
begin_operator
move_two f3-1f f3-0f f4-0f straight2
0
3
0 1 42 40
0 20 2 0
0 23 0 1
2
end_operator
begin_operator
move_two f3-1f f3-0f f4-0f straight3
0
3
0 3 42 40
0 20 2 0
0 23 0 1
2
end_operator
begin_operator
move_two f3-1f f3-2f f2-2f straight0
0
3
0 0 43 45
0 17 0 1
0 20 2 0
2
end_operator
begin_operator
move_two f3-1f f3-2f f2-2f straight1
0
3
0 2 43 45
0 17 0 1
0 20 2 0
2
end_operator
begin_operator
move_two f3-1f f3-2f f2-2f straight2
0
3
0 1 43 45
0 17 0 1
0 20 2 0
2
end_operator
begin_operator
move_two f3-1f f3-2f f2-2f straight3
0
3
0 3 43 45
0 17 0 1
0 20 2 0
2
end_operator
begin_operator
move_two f3-1f f3-2f f3-3f straight0
0
3
0 0 43 47
0 20 2 0
0 22 0 1
2
end_operator
begin_operator
move_two f3-1f f3-2f f3-3f straight1
0
3
0 2 43 47
0 20 2 0
0 22 0 1
2
end_operator
begin_operator
move_two f3-1f f3-2f f3-3f straight2
0
3
0 1 43 47
0 20 2 0
0 22 0 1
2
end_operator
begin_operator
move_two f3-1f f3-2f f3-3f straight3
0
3
0 3 43 47
0 20 2 0
0 22 0 1
2
end_operator
begin_operator
move_two f3-1f f3-2f f4-2f straight0
0
3
0 0 43 48
0 20 2 0
0 25 0 1
2
end_operator
begin_operator
move_two f3-1f f3-2f f4-2f straight1
0
3
0 2 43 48
0 20 2 0
0 25 0 1
2
end_operator
begin_operator
move_two f3-1f f3-2f f4-2f straight2
0
3
0 1 43 48
0 20 2 0
0 25 0 1
2
end_operator
begin_operator
move_two f3-1f f3-2f f4-2f straight3
0
3
0 3 43 48
0 20 2 0
0 25 0 1
2
end_operator
begin_operator
move_two f3-1f f4-1f f4-0f straight0
0
3
0 0 44 56
0 20 2 0
0 23 0 1
2
end_operator
begin_operator
move_two f3-1f f4-1f f4-0f straight1
0
3
0 2 44 56
0 20 2 0
0 23 0 1
2
end_operator
begin_operator
move_two f3-1f f4-1f f4-0f straight2
0
3
0 1 44 56
0 20 2 0
0 23 0 1
2
end_operator
begin_operator
move_two f3-1f f4-1f f4-0f straight3
0
3
0 3 44 56
0 20 2 0
0 23 0 1
2
end_operator
begin_operator
move_two f3-1f f4-1f f4-2f straight0
0
3
0 0 44 57
0 20 2 0
0 25 0 1
2
end_operator
begin_operator
move_two f3-1f f4-1f f4-2f straight1
0
3
0 2 44 57
0 20 2 0
0 25 0 1
2
end_operator
begin_operator
move_two f3-1f f4-1f f4-2f straight2
0
3
0 1 44 57
0 20 2 0
0 25 0 1
2
end_operator
begin_operator
move_two f3-1f f4-1f f4-2f straight3
0
3
0 3 44 57
0 20 2 0
0 25 0 1
2
end_operator
begin_operator
move_two f3-1f f4-1f f5-1f straight0
0
3
0 0 44 58
0 20 2 0
0 28 0 1
2
end_operator
begin_operator
move_two f3-1f f4-1f f5-1f straight1
0
3
0 2 44 58
0 20 2 0
0 28 0 1
2
end_operator
begin_operator
move_two f3-1f f4-1f f5-1f straight2
0
3
0 1 44 58
0 20 2 0
0 28 0 1
2
end_operator
begin_operator
move_two f3-1f f4-1f f5-1f straight3
0
3
0 3 44 58
0 20 2 0
0 28 0 1
2
end_operator
begin_operator
move_two f3-2f f2-2f f1-2f straight0
0
3
0 0 45 31
0 13 0 1
0 21 2 0
2
end_operator
begin_operator
move_two f3-2f f2-2f f1-2f straight1
0
3
0 2 45 31
0 13 0 1
0 21 2 0
2
end_operator
begin_operator
move_two f3-2f f2-2f f1-2f straight2
0
3
0 1 45 31
0 13 0 1
0 21 2 0
2
end_operator
begin_operator
move_two f3-2f f2-2f f1-2f straight3
0
3
0 3 45 31
0 13 0 1
0 21 2 0
2
end_operator
begin_operator
move_two f3-2f f2-2f f2-1f straight0
0
3
0 0 45 32
0 16 0 1
0 21 2 0
2
end_operator
begin_operator
move_two f3-2f f2-2f f2-1f straight1
0
3
0 2 45 32
0 16 0 1
0 21 2 0
2
end_operator
begin_operator
move_two f3-2f f2-2f f2-1f straight2
0
3
0 1 45 32
0 16 0 1
0 21 2 0
2
end_operator
begin_operator
move_two f3-2f f2-2f f2-1f straight3
0
3
0 3 45 32
0 16 0 1
0 21 2 0
2
end_operator
begin_operator
move_two f3-2f f2-2f f2-3f straight0
0
3
0 0 45 33
0 18 0 1
0 21 2 0
2
end_operator
begin_operator
move_two f3-2f f2-2f f2-3f straight1
0
3
0 2 45 33
0 18 0 1
0 21 2 0
2
end_operator
begin_operator
move_two f3-2f f2-2f f2-3f straight2
0
3
0 1 45 33
0 18 0 1
0 21 2 0
2
end_operator
begin_operator
move_two f3-2f f2-2f f2-3f straight3
0
3
0 3 45 33
0 18 0 1
0 21 2 0
2
end_operator
begin_operator
move_two f3-2f f3-1f f2-1f straight0
0
3
0 0 46 41
0 16 0 1
0 21 2 0
2
end_operator
begin_operator
move_two f3-2f f3-1f f2-1f straight1
0
3
0 2 46 41
0 16 0 1
0 21 2 0
2
end_operator
begin_operator
move_two f3-2f f3-1f f2-1f straight2
0
3
0 1 46 41
0 16 0 1
0 21 2 0
2
end_operator
begin_operator
move_two f3-2f f3-1f f2-1f straight3
0
3
0 3 46 41
0 16 0 1
0 21 2 0
2
end_operator
begin_operator
move_two f3-2f f3-1f f3-0f straight0
0
3
0 0 46 42
0 19 0 1
0 21 2 0
2
end_operator
begin_operator
move_two f3-2f f3-1f f3-0f straight1
0
3
0 2 46 42
0 19 0 1
0 21 2 0
2
end_operator
begin_operator
move_two f3-2f f3-1f f3-0f straight2
0
3
0 1 46 42
0 19 0 1
0 21 2 0
2
end_operator
begin_operator
move_two f3-2f f3-1f f3-0f straight3
0
3
0 3 46 42
0 19 0 1
0 21 2 0
2
end_operator
begin_operator
move_two f3-2f f3-1f f4-1f straight0
0
3
0 0 46 44
0 21 2 0
0 24 0 1
2
end_operator
begin_operator
move_two f3-2f f3-1f f4-1f straight1
0
3
0 2 46 44
0 21 2 0
0 24 0 1
2
end_operator
begin_operator
move_two f3-2f f3-1f f4-1f straight2
0
3
0 1 46 44
0 21 2 0
0 24 0 1
2
end_operator
begin_operator
move_two f3-2f f3-1f f4-1f straight3
0
3
0 3 46 44
0 21 2 0
0 24 0 1
2
end_operator
begin_operator
move_two f3-2f f3-3f f2-3f straight0
0
3
0 0 47 49
0 18 0 1
0 21 2 0
2
end_operator
begin_operator
move_two f3-2f f3-3f f2-3f straight1
0
3
0 2 47 49
0 18 0 1
0 21 2 0
2
end_operator
begin_operator
move_two f3-2f f3-3f f2-3f straight2
0
3
0 1 47 49
0 18 0 1
0 21 2 0
2
end_operator
begin_operator
move_two f3-2f f3-3f f2-3f straight3
0
3
0 3 47 49
0 18 0 1
0 21 2 0
2
end_operator
begin_operator
move_two f3-2f f3-3f f4-3f straight0
0
3
0 0 47 51
0 21 2 0
0 26 0 1
2
end_operator
begin_operator
move_two f3-2f f3-3f f4-3f straight1
0
3
0 2 47 51
0 21 2 0
0 26 0 1
2
end_operator
begin_operator
move_two f3-2f f3-3f f4-3f straight2
0
3
0 1 47 51
0 21 2 0
0 26 0 1
2
end_operator
begin_operator
move_two f3-2f f3-3f f4-3f straight3
0
3
0 3 47 51
0 21 2 0
0 26 0 1
2
end_operator
begin_operator
move_two f3-2f f4-2f f4-1f straight0
0
3
0 0 48 60
0 21 2 0
0 24 0 1
2
end_operator
begin_operator
move_two f3-2f f4-2f f4-1f straight1
0
3
0 2 48 60
0 21 2 0
0 24 0 1
2
end_operator
begin_operator
move_two f3-2f f4-2f f4-1f straight2
0
3
0 1 48 60
0 21 2 0
0 24 0 1
2
end_operator
begin_operator
move_two f3-2f f4-2f f4-1f straight3
0
3
0 3 48 60
0 21 2 0
0 24 0 1
2
end_operator
begin_operator
move_two f3-2f f4-2f f4-3f straight0
0
3
0 0 48 61
0 21 2 0
0 26 0 1
2
end_operator
begin_operator
move_two f3-2f f4-2f f4-3f straight1
0
3
0 2 48 61
0 21 2 0
0 26 0 1
2
end_operator
begin_operator
move_two f3-2f f4-2f f4-3f straight2
0
3
0 1 48 61
0 21 2 0
0 26 0 1
2
end_operator
begin_operator
move_two f3-2f f4-2f f4-3f straight3
0
3
0 3 48 61
0 21 2 0
0 26 0 1
2
end_operator
begin_operator
move_two f3-2f f4-2f f5-2f straight0
0
3
0 0 48 62
0 21 2 0
0 29 0 1
2
end_operator
begin_operator
move_two f3-2f f4-2f f5-2f straight1
0
3
0 2 48 62
0 21 2 0
0 29 0 1
2
end_operator
begin_operator
move_two f3-2f f4-2f f5-2f straight2
0
3
0 1 48 62
0 21 2 0
0 29 0 1
2
end_operator
begin_operator
move_two f3-2f f4-2f f5-2f straight3
0
3
0 3 48 62
0 21 2 0
0 29 0 1
2
end_operator
begin_operator
move_two f3-3f f2-3f f1-3f straight0
0
3
0 0 49 35
0 14 0 1
0 22 2 0
2
end_operator
begin_operator
move_two f3-3f f2-3f f1-3f straight1
0
3
0 2 49 35
0 14 0 1
0 22 2 0
2
end_operator
begin_operator
move_two f3-3f f2-3f f1-3f straight2
0
3
0 1 49 35
0 14 0 1
0 22 2 0
2
end_operator
begin_operator
move_two f3-3f f2-3f f1-3f straight3
0
3
0 3 49 35
0 14 0 1
0 22 2 0
2
end_operator
begin_operator
move_two f3-3f f2-3f f2-2f straight0
0
3
0 0 49 36
0 17 0 1
0 22 2 0
2
end_operator
begin_operator
move_two f3-3f f2-3f f2-2f straight1
0
3
0 2 49 36
0 17 0 1
0 22 2 0
2
end_operator
begin_operator
move_two f3-3f f2-3f f2-2f straight2
0
3
0 1 49 36
0 17 0 1
0 22 2 0
2
end_operator
begin_operator
move_two f3-3f f2-3f f2-2f straight3
0
3
0 3 49 36
0 17 0 1
0 22 2 0
2
end_operator
begin_operator
move_two f3-3f f3-2f f2-2f straight0
0
3
0 0 50 45
0 17 0 1
0 22 2 0
2
end_operator
begin_operator
move_two f3-3f f3-2f f2-2f straight1
0
3
0 2 50 45
0 17 0 1
0 22 2 0
2
end_operator
begin_operator
move_two f3-3f f3-2f f2-2f straight2
0
3
0 1 50 45
0 17 0 1
0 22 2 0
2
end_operator
begin_operator
move_two f3-3f f3-2f f2-2f straight3
0
3
0 3 50 45
0 17 0 1
0 22 2 0
2
end_operator
begin_operator
move_two f3-3f f3-2f f3-1f straight0
0
3
0 0 50 46
0 20 0 1
0 22 2 0
2
end_operator
begin_operator
move_two f3-3f f3-2f f3-1f straight1
0
3
0 2 50 46
0 20 0 1
0 22 2 0
2
end_operator
begin_operator
move_two f3-3f f3-2f f3-1f straight2
0
3
0 1 50 46
0 20 0 1
0 22 2 0
2
end_operator
begin_operator
move_two f3-3f f3-2f f3-1f straight3
0
3
0 3 50 46
0 20 0 1
0 22 2 0
2
end_operator
begin_operator
move_two f3-3f f3-2f f4-2f straight0
0
3
0 0 50 48
0 22 2 0
0 25 0 1
2
end_operator
begin_operator
move_two f3-3f f3-2f f4-2f straight1
0
3
0 2 50 48
0 22 2 0
0 25 0 1
2
end_operator
begin_operator
move_two f3-3f f3-2f f4-2f straight2
0
3
0 1 50 48
0 22 2 0
0 25 0 1
2
end_operator
begin_operator
move_two f3-3f f3-2f f4-2f straight3
0
3
0 3 50 48
0 22 2 0
0 25 0 1
2
end_operator
begin_operator
move_two f3-3f f4-3f f4-2f straight0
0
3
0 0 51 64
0 22 2 0
0 25 0 1
2
end_operator
begin_operator
move_two f3-3f f4-3f f4-2f straight1
0
3
0 2 51 64
0 22 2 0
0 25 0 1
2
end_operator
begin_operator
move_two f3-3f f4-3f f4-2f straight2
0
3
0 1 51 64
0 22 2 0
0 25 0 1
2
end_operator
begin_operator
move_two f3-3f f4-3f f4-2f straight3
0
3
0 3 51 64
0 22 2 0
0 25 0 1
2
end_operator
begin_operator
move_two f3-3f f4-3f f5-3f straight0
0
3
0 0 51 65
0 22 2 0
0 30 0 1
2
end_operator
begin_operator
move_two f3-3f f4-3f f5-3f straight1
0
3
0 2 51 65
0 22 2 0
0 30 0 1
2
end_operator
begin_operator
move_two f3-3f f4-3f f5-3f straight2
0
3
0 1 51 65
0 22 2 0
0 30 0 1
2
end_operator
begin_operator
move_two f3-3f f4-3f f5-3f straight3
0
3
0 3 51 65
0 22 2 0
0 30 0 1
2
end_operator
begin_operator
move_two f4-0f f3-0f f2-0f straight0
0
3
0 0 52 38
0 15 0 1
0 23 2 0
2
end_operator
begin_operator
move_two f4-0f f3-0f f2-0f straight1
0
3
0 2 52 38
0 15 0 1
0 23 2 0
2
end_operator
begin_operator
move_two f4-0f f3-0f f2-0f straight2
0
3
0 1 52 38
0 15 0 1
0 23 2 0
2
end_operator
begin_operator
move_two f4-0f f3-0f f2-0f straight3
0
3
0 3 52 38
0 15 0 1
0 23 2 0
2
end_operator
begin_operator
move_two f4-0f f3-0f f3-1f straight0
0
3
0 0 52 39
0 20 0 1
0 23 2 0
2
end_operator
begin_operator
move_two f4-0f f3-0f f3-1f straight1
0
3
0 2 52 39
0 20 0 1
0 23 2 0
2
end_operator
begin_operator
move_two f4-0f f3-0f f3-1f straight2
0
3
0 1 52 39
0 20 0 1
0 23 2 0
2
end_operator
begin_operator
move_two f4-0f f3-0f f3-1f straight3
0
3
0 3 52 39
0 20 0 1
0 23 2 0
2
end_operator
begin_operator
move_two f4-0f f4-1f f3-1f straight0
0
3
0 0 53 55
0 20 0 1
0 23 2 0
2
end_operator
begin_operator
move_two f4-0f f4-1f f3-1f straight1
0
3
0 2 53 55
0 20 0 1
0 23 2 0
2
end_operator
begin_operator
move_two f4-0f f4-1f f3-1f straight2
0
3
0 1 53 55
0 20 0 1
0 23 2 0
2
end_operator
begin_operator
move_two f4-0f f4-1f f3-1f straight3
0
3
0 3 53 55
0 20 0 1
0 23 2 0
2
end_operator
begin_operator
move_two f4-0f f4-1f f4-2f straight0
0
3
0 0 53 57
0 23 2 0
0 25 0 1
2
end_operator
begin_operator
move_two f4-0f f4-1f f4-2f straight1
0
3
0 2 53 57
0 23 2 0
0 25 0 1
2
end_operator
begin_operator
move_two f4-0f f4-1f f4-2f straight2
0
3
0 1 53 57
0 23 2 0
0 25 0 1
2
end_operator
begin_operator
move_two f4-0f f4-1f f4-2f straight3
0
3
0 3 53 57
0 23 2 0
0 25 0 1
2
end_operator
begin_operator
move_two f4-0f f4-1f f5-1f straight0
0
3
0 0 53 58
0 23 2 0
0 28 0 1
2
end_operator
begin_operator
move_two f4-0f f4-1f f5-1f straight1
0
3
0 2 53 58
0 23 2 0
0 28 0 1
2
end_operator
begin_operator
move_two f4-0f f4-1f f5-1f straight2
0
3
0 1 53 58
0 23 2 0
0 28 0 1
2
end_operator
begin_operator
move_two f4-0f f4-1f f5-1f straight3
0
3
0 3 53 58
0 23 2 0
0 28 0 1
2
end_operator
begin_operator
move_two f4-0f f5-0f f5-1f straight0
0
3
0 0 54 67
0 23 2 0
0 28 0 1
2
end_operator
begin_operator
move_two f4-0f f5-0f f5-1f straight1
0
3
0 2 54 67
0 23 2 0
0 28 0 1
2
end_operator
begin_operator
move_two f4-0f f5-0f f5-1f straight2
0
3
0 1 54 67
0 23 2 0
0 28 0 1
2
end_operator
begin_operator
move_two f4-0f f5-0f f5-1f straight3
0
3
0 3 54 67
0 23 2 0
0 28 0 1
2
end_operator
begin_operator
move_two f4-0f f5-0f f6-0f straight0
0
3
0 0 54 68
0 23 2 0
0 31 0 1
2
end_operator
begin_operator
move_two f4-0f f5-0f f6-0f straight1
0
3
0 2 54 68
0 23 2 0
0 31 0 1
2
end_operator
begin_operator
move_two f4-0f f5-0f f6-0f straight2
0
3
0 1 54 68
0 23 2 0
0 31 0 1
2
end_operator
begin_operator
move_two f4-0f f5-0f f6-0f straight3
0
3
0 3 54 68
0 23 2 0
0 31 0 1
2
end_operator
begin_operator
move_two f4-1f f3-1f f2-1f straight0
0
3
0 0 55 41
0 16 0 1
0 24 2 0
2
end_operator
begin_operator
move_two f4-1f f3-1f f2-1f straight1
0
3
0 2 55 41
0 16 0 1
0 24 2 0
2
end_operator
begin_operator
move_two f4-1f f3-1f f2-1f straight2
0
3
0 1 55 41
0 16 0 1
0 24 2 0
2
end_operator
begin_operator
move_two f4-1f f3-1f f2-1f straight3
0
3
0 3 55 41
0 16 0 1
0 24 2 0
2
end_operator
begin_operator
move_two f4-1f f3-1f f3-0f straight0
0
3
0 0 55 42
0 19 0 1
0 24 2 0
2
end_operator
begin_operator
move_two f4-1f f3-1f f3-0f straight1
0
3
0 2 55 42
0 19 0 1
0 24 2 0
2
end_operator
begin_operator
move_two f4-1f f3-1f f3-0f straight2
0
3
0 1 55 42
0 19 0 1
0 24 2 0
2
end_operator
begin_operator
move_two f4-1f f3-1f f3-0f straight3
0
3
0 3 55 42
0 19 0 1
0 24 2 0
2
end_operator
begin_operator
move_two f4-1f f3-1f f3-2f straight0
0
3
0 0 55 43
0 21 0 1
0 24 2 0
2
end_operator
begin_operator
move_two f4-1f f3-1f f3-2f straight1
0
3
0 2 55 43
0 21 0 1
0 24 2 0
2
end_operator
begin_operator
move_two f4-1f f3-1f f3-2f straight2
0
3
0 1 55 43
0 21 0 1
0 24 2 0
2
end_operator
begin_operator
move_two f4-1f f3-1f f3-2f straight3
0
3
0 3 55 43
0 21 0 1
0 24 2 0
2
end_operator
begin_operator
move_two f4-1f f4-0f f3-0f straight0
0
3
0 0 56 52
0 19 0 1
0 24 2 0
2
end_operator
begin_operator
move_two f4-1f f4-0f f3-0f straight1
0
3
0 2 56 52
0 19 0 1
0 24 2 0
2
end_operator
begin_operator
move_two f4-1f f4-0f f3-0f straight2
0
3
0 1 56 52
0 19 0 1
0 24 2 0
2
end_operator
begin_operator
move_two f4-1f f4-0f f3-0f straight3
0
3
0 3 56 52
0 19 0 1
0 24 2 0
2
end_operator
begin_operator
move_two f4-1f f4-0f f5-0f straight0
0
3
0 0 56 54
0 24 2 0
0 27 0 1
2
end_operator
begin_operator
move_two f4-1f f4-0f f5-0f straight1
0
3
0 2 56 54
0 24 2 0
0 27 0 1
2
end_operator
begin_operator
move_two f4-1f f4-0f f5-0f straight2
0
3
0 1 56 54
0 24 2 0
0 27 0 1
2
end_operator
begin_operator
move_two f4-1f f4-0f f5-0f straight3
0
3
0 3 56 54
0 24 2 0
0 27 0 1
2
end_operator
begin_operator
move_two f4-1f f4-2f f3-2f straight0
0
3
0 0 57 59
0 21 0 1
0 24 2 0
2
end_operator
begin_operator
move_two f4-1f f4-2f f3-2f straight1
0
3
0 2 57 59
0 21 0 1
0 24 2 0
2
end_operator
begin_operator
move_two f4-1f f4-2f f3-2f straight2
0
3
0 1 57 59
0 21 0 1
0 24 2 0
2
end_operator
begin_operator
move_two f4-1f f4-2f f3-2f straight3
0
3
0 3 57 59
0 21 0 1
0 24 2 0
2
end_operator
begin_operator
move_two f4-1f f4-2f f4-3f straight0
0
3
0 0 57 61
0 24 2 0
0 26 0 1
2
end_operator
begin_operator
move_two f4-1f f4-2f f4-3f straight1
0
3
0 2 57 61
0 24 2 0
0 26 0 1
2
end_operator
begin_operator
move_two f4-1f f4-2f f4-3f straight2
0
3
0 1 57 61
0 24 2 0
0 26 0 1
2
end_operator
begin_operator
move_two f4-1f f4-2f f4-3f straight3
0
3
0 3 57 61
0 24 2 0
0 26 0 1
2
end_operator
begin_operator
move_two f4-1f f4-2f f5-2f straight0
0
3
0 0 57 62
0 24 2 0
0 29 0 1
2
end_operator
begin_operator
move_two f4-1f f4-2f f5-2f straight1
0
3
0 2 57 62
0 24 2 0
0 29 0 1
2
end_operator
begin_operator
move_two f4-1f f4-2f f5-2f straight2
0
3
0 1 57 62
0 24 2 0
0 29 0 1
2
end_operator
begin_operator
move_two f4-1f f4-2f f5-2f straight3
0
3
0 3 57 62
0 24 2 0
0 29 0 1
2
end_operator
begin_operator
move_two f4-1f f5-1f f5-0f straight0
0
3
0 0 58 70
0 24 2 0
0 27 0 1
2
end_operator
begin_operator
move_two f4-1f f5-1f f5-0f straight1
0
3
0 2 58 70
0 24 2 0
0 27 0 1
2
end_operator
begin_operator
move_two f4-1f f5-1f f5-0f straight2
0
3
0 1 58 70
0 24 2 0
0 27 0 1
2
end_operator
begin_operator
move_two f4-1f f5-1f f5-0f straight3
0
3
0 3 58 70
0 24 2 0
0 27 0 1
2
end_operator
begin_operator
move_two f4-1f f5-1f f5-2f straight0
0
3
0 0 58 71
0 24 2 0
0 29 0 1
2
end_operator
begin_operator
move_two f4-1f f5-1f f5-2f straight1
0
3
0 2 58 71
0 24 2 0
0 29 0 1
2
end_operator
begin_operator
move_two f4-1f f5-1f f5-2f straight2
0
3
0 1 58 71
0 24 2 0
0 29 0 1
2
end_operator
begin_operator
move_two f4-1f f5-1f f5-2f straight3
0
3
0 3 58 71
0 24 2 0
0 29 0 1
2
end_operator
begin_operator
move_two f4-1f f5-1f f6-1f straight0
0
3
0 0 58 72
0 24 2 0
0 32 0 1
2
end_operator
begin_operator
move_two f4-1f f5-1f f6-1f straight1
0
3
0 2 58 72
0 24 2 0
0 32 0 1
2
end_operator
begin_operator
move_two f4-1f f5-1f f6-1f straight2
0
3
0 1 58 72
0 24 2 0
0 32 0 1
2
end_operator
begin_operator
move_two f4-1f f5-1f f6-1f straight3
0
3
0 3 58 72
0 24 2 0
0 32 0 1
2
end_operator
begin_operator
move_two f4-2f f3-2f f2-2f straight0
0
3
0 0 59 45
0 17 0 1
0 25 2 0
2
end_operator
begin_operator
move_two f4-2f f3-2f f2-2f straight1
0
3
0 2 59 45
0 17 0 1
0 25 2 0
2
end_operator
begin_operator
move_two f4-2f f3-2f f2-2f straight2
0
3
0 1 59 45
0 17 0 1
0 25 2 0
2
end_operator
begin_operator
move_two f4-2f f3-2f f2-2f straight3
0
3
0 3 59 45
0 17 0 1
0 25 2 0
2
end_operator
begin_operator
move_two f4-2f f3-2f f3-1f straight0
0
3
0 0 59 46
0 20 0 1
0 25 2 0
2
end_operator
begin_operator
move_two f4-2f f3-2f f3-1f straight1
0
3
0 2 59 46
0 20 0 1
0 25 2 0
2
end_operator
begin_operator
move_two f4-2f f3-2f f3-1f straight2
0
3
0 1 59 46
0 20 0 1
0 25 2 0
2
end_operator
begin_operator
move_two f4-2f f3-2f f3-1f straight3
0
3
0 3 59 46
0 20 0 1
0 25 2 0
2
end_operator
begin_operator
move_two f4-2f f3-2f f3-3f straight0
0
3
0 0 59 47
0 22 0 1
0 25 2 0
2
end_operator
begin_operator
move_two f4-2f f3-2f f3-3f straight1
0
3
0 2 59 47
0 22 0 1
0 25 2 0
2
end_operator
begin_operator
move_two f4-2f f3-2f f3-3f straight2
0
3
0 1 59 47
0 22 0 1
0 25 2 0
2
end_operator
begin_operator
move_two f4-2f f3-2f f3-3f straight3
0
3
0 3 59 47
0 22 0 1
0 25 2 0
2
end_operator
begin_operator
move_two f4-2f f4-1f f3-1f straight0
0
3
0 0 60 55
0 20 0 1
0 25 2 0
2
end_operator
begin_operator
move_two f4-2f f4-1f f3-1f straight1
0
3
0 2 60 55
0 20 0 1
0 25 2 0
2
end_operator
begin_operator
move_two f4-2f f4-1f f3-1f straight2
0
3
0 1 60 55
0 20 0 1
0 25 2 0
2
end_operator
begin_operator
move_two f4-2f f4-1f f3-1f straight3
0
3
0 3 60 55
0 20 0 1
0 25 2 0
2
end_operator
begin_operator
move_two f4-2f f4-1f f4-0f straight0
0
3
0 0 60 56
0 23 0 1
0 25 2 0
2
end_operator
begin_operator
move_two f4-2f f4-1f f4-0f straight1
0
3
0 2 60 56
0 23 0 1
0 25 2 0
2
end_operator
begin_operator
move_two f4-2f f4-1f f4-0f straight2
0
3
0 1 60 56
0 23 0 1
0 25 2 0
2
end_operator
begin_operator
move_two f4-2f f4-1f f4-0f straight3
0
3
0 3 60 56
0 23 0 1
0 25 2 0
2
end_operator
begin_operator
move_two f4-2f f4-1f f5-1f straight0
0
3
0 0 60 58
0 25 2 0
0 28 0 1
2
end_operator
begin_operator
move_two f4-2f f4-1f f5-1f straight1
0
3
0 2 60 58
0 25 2 0
0 28 0 1
2
end_operator
begin_operator
move_two f4-2f f4-1f f5-1f straight2
0
3
0 1 60 58
0 25 2 0
0 28 0 1
2
end_operator
begin_operator
move_two f4-2f f4-1f f5-1f straight3
0
3
0 3 60 58
0 25 2 0
0 28 0 1
2
end_operator
begin_operator
move_two f4-2f f4-3f f3-3f straight0
0
3
0 0 61 63
0 22 0 1
0 25 2 0
2
end_operator
begin_operator
move_two f4-2f f4-3f f3-3f straight1
0
3
0 2 61 63
0 22 0 1
0 25 2 0
2
end_operator
begin_operator
move_two f4-2f f4-3f f3-3f straight2
0
3
0 1 61 63
0 22 0 1
0 25 2 0
2
end_operator
begin_operator
move_two f4-2f f4-3f f3-3f straight3
0
3
0 3 61 63
0 22 0 1
0 25 2 0
2
end_operator
begin_operator
move_two f4-2f f4-3f f5-3f straight0
0
3
0 0 61 65
0 25 2 0
0 30 0 1
2
end_operator
begin_operator
move_two f4-2f f4-3f f5-3f straight1
0
3
0 2 61 65
0 25 2 0
0 30 0 1
2
end_operator
begin_operator
move_two f4-2f f4-3f f5-3f straight2
0
3
0 1 61 65
0 25 2 0
0 30 0 1
2
end_operator
begin_operator
move_two f4-2f f4-3f f5-3f straight3
0
3
0 3 61 65
0 25 2 0
0 30 0 1
2
end_operator
begin_operator
move_two f4-2f f5-2f f5-1f straight0
0
3
0 0 62 74
0 25 2 0
0 28 0 1
2
end_operator
begin_operator
move_two f4-2f f5-2f f5-1f straight1
0
3
0 2 62 74
0 25 2 0
0 28 0 1
2
end_operator
begin_operator
move_two f4-2f f5-2f f5-1f straight2
0
3
0 1 62 74
0 25 2 0
0 28 0 1
2
end_operator
begin_operator
move_two f4-2f f5-2f f5-1f straight3
0
3
0 3 62 74
0 25 2 0
0 28 0 1
2
end_operator
begin_operator
move_two f4-2f f5-2f f5-3f straight0
0
3
0 0 62 75
0 25 2 0
0 30 0 1
2
end_operator
begin_operator
move_two f4-2f f5-2f f5-3f straight1
0
3
0 2 62 75
0 25 2 0
0 30 0 1
2
end_operator
begin_operator
move_two f4-2f f5-2f f5-3f straight2
0
3
0 1 62 75
0 25 2 0
0 30 0 1
2
end_operator
begin_operator
move_two f4-2f f5-2f f5-3f straight3
0
3
0 3 62 75
0 25 2 0
0 30 0 1
2
end_operator
begin_operator
move_two f4-2f f5-2f f6-2f straight0
0
3
0 0 62 76
0 25 2 0
0 33 0 1
2
end_operator
begin_operator
move_two f4-2f f5-2f f6-2f straight1
0
3
0 2 62 76
0 25 2 0
0 33 0 1
2
end_operator
begin_operator
move_two f4-2f f5-2f f6-2f straight2
0
3
0 1 62 76
0 25 2 0
0 33 0 1
2
end_operator
begin_operator
move_two f4-2f f5-2f f6-2f straight3
0
3
0 3 62 76
0 25 2 0
0 33 0 1
2
end_operator
begin_operator
move_two f4-3f f3-3f f2-3f straight0
0
3
0 0 63 49
0 18 0 1
0 26 2 0
2
end_operator
begin_operator
move_two f4-3f f3-3f f2-3f straight1
0
3
0 2 63 49
0 18 0 1
0 26 2 0
2
end_operator
begin_operator
move_two f4-3f f3-3f f2-3f straight2
0
3
0 1 63 49
0 18 0 1
0 26 2 0
2
end_operator
begin_operator
move_two f4-3f f3-3f f2-3f straight3
0
3
0 3 63 49
0 18 0 1
0 26 2 0
2
end_operator
begin_operator
move_two f4-3f f3-3f f3-2f straight0
0
3
0 0 63 50
0 21 0 1
0 26 2 0
2
end_operator
begin_operator
move_two f4-3f f3-3f f3-2f straight1
0
3
0 2 63 50
0 21 0 1
0 26 2 0
2
end_operator
begin_operator
move_two f4-3f f3-3f f3-2f straight2
0
3
0 1 63 50
0 21 0 1
0 26 2 0
2
end_operator
begin_operator
move_two f4-3f f3-3f f3-2f straight3
0
3
0 3 63 50
0 21 0 1
0 26 2 0
2
end_operator
begin_operator
move_two f4-3f f4-2f f3-2f straight0
0
3
0 0 64 59
0 21 0 1
0 26 2 0
2
end_operator
begin_operator
move_two f4-3f f4-2f f3-2f straight1
0
3
0 2 64 59
0 21 0 1
0 26 2 0
2
end_operator
begin_operator
move_two f4-3f f4-2f f3-2f straight2
0
3
0 1 64 59
0 21 0 1
0 26 2 0
2
end_operator
begin_operator
move_two f4-3f f4-2f f3-2f straight3
0
3
0 3 64 59
0 21 0 1
0 26 2 0
2
end_operator
begin_operator
move_two f4-3f f4-2f f4-1f straight0
0
3
0 0 64 60
0 24 0 1
0 26 2 0
2
end_operator
begin_operator
move_two f4-3f f4-2f f4-1f straight1
0
3
0 2 64 60
0 24 0 1
0 26 2 0
2
end_operator
begin_operator
move_two f4-3f f4-2f f4-1f straight2
0
3
0 1 64 60
0 24 0 1
0 26 2 0
2
end_operator
begin_operator
move_two f4-3f f4-2f f4-1f straight3
0
3
0 3 64 60
0 24 0 1
0 26 2 0
2
end_operator
begin_operator
move_two f4-3f f4-2f f5-2f straight0
0
3
0 0 64 62
0 26 2 0
0 29 0 1
2
end_operator
begin_operator
move_two f4-3f f4-2f f5-2f straight1
0
3
0 2 64 62
0 26 2 0
0 29 0 1
2
end_operator
begin_operator
move_two f4-3f f4-2f f5-2f straight2
0
3
0 1 64 62
0 26 2 0
0 29 0 1
2
end_operator
begin_operator
move_two f4-3f f4-2f f5-2f straight3
0
3
0 3 64 62
0 26 2 0
0 29 0 1
2
end_operator
begin_operator
move_two f4-3f f5-3f f5-2f straight0
0
3
0 0 65 78
0 26 2 0
0 29 0 1
2
end_operator
begin_operator
move_two f4-3f f5-3f f5-2f straight1
0
3
0 2 65 78
0 26 2 0
0 29 0 1
2
end_operator
begin_operator
move_two f4-3f f5-3f f5-2f straight2
0
3
0 1 65 78
0 26 2 0
0 29 0 1
2
end_operator
begin_operator
move_two f4-3f f5-3f f5-2f straight3
0
3
0 3 65 78
0 26 2 0
0 29 0 1
2
end_operator
begin_operator
move_two f4-3f f5-3f f6-3f straight0
0
3
0 0 65 79
0 26 2 0
0 34 0 1
2
end_operator
begin_operator
move_two f4-3f f5-3f f6-3f straight1
0
3
0 2 65 79
0 26 2 0
0 34 0 1
2
end_operator
begin_operator
move_two f4-3f f5-3f f6-3f straight2
0
3
0 1 65 79
0 26 2 0
0 34 0 1
2
end_operator
begin_operator
move_two f4-3f f5-3f f6-3f straight3
0
3
0 3 65 79
0 26 2 0
0 34 0 1
2
end_operator
begin_operator
move_two f5-0f f4-0f f3-0f straight0
0
3
0 0 66 52
0 19 0 1
0 27 2 0
2
end_operator
begin_operator
move_two f5-0f f4-0f f3-0f straight1
0
3
0 2 66 52
0 19 0 1
0 27 2 0
2
end_operator
begin_operator
move_two f5-0f f4-0f f3-0f straight2
0
3
0 1 66 52
0 19 0 1
0 27 2 0
2
end_operator
begin_operator
move_two f5-0f f4-0f f3-0f straight3
0
3
0 3 66 52
0 19 0 1
0 27 2 0
2
end_operator
begin_operator
move_two f5-0f f4-0f f4-1f straight0
0
3
0 0 66 53
0 24 0 1
0 27 2 0
2
end_operator
begin_operator
move_two f5-0f f4-0f f4-1f straight1
0
3
0 2 66 53
0 24 0 1
0 27 2 0
2
end_operator
begin_operator
move_two f5-0f f4-0f f4-1f straight2
0
3
0 1 66 53
0 24 0 1
0 27 2 0
2
end_operator
begin_operator
move_two f5-0f f4-0f f4-1f straight3
0
3
0 3 66 53
0 24 0 1
0 27 2 0
2
end_operator
begin_operator
move_two f5-0f f5-1f f4-1f straight0
0
3
0 0 67 69
0 24 0 1
0 27 2 0
2
end_operator
begin_operator
move_two f5-0f f5-1f f4-1f straight1
0
3
0 2 67 69
0 24 0 1
0 27 2 0
2
end_operator
begin_operator
move_two f5-0f f5-1f f4-1f straight2
0
3
0 1 67 69
0 24 0 1
0 27 2 0
2
end_operator
begin_operator
move_two f5-0f f5-1f f4-1f straight3
0
3
0 3 67 69
0 24 0 1
0 27 2 0
2
end_operator
begin_operator
move_two f5-0f f5-1f f5-2f straight0
0
3
0 0 67 71
0 27 2 0
0 29 0 1
2
end_operator
begin_operator
move_two f5-0f f5-1f f5-2f straight1
0
3
0 2 67 71
0 27 2 0
0 29 0 1
2
end_operator
begin_operator
move_two f5-0f f5-1f f5-2f straight2
0
3
0 1 67 71
0 27 2 0
0 29 0 1
2
end_operator
begin_operator
move_two f5-0f f5-1f f5-2f straight3
0
3
0 3 67 71
0 27 2 0
0 29 0 1
2
end_operator
begin_operator
move_two f5-0f f5-1f f6-1f straight0
0
3
0 0 67 72
0 27 2 0
0 32 0 1
2
end_operator
begin_operator
move_two f5-0f f5-1f f6-1f straight1
0
3
0 2 67 72
0 27 2 0
0 32 0 1
2
end_operator
begin_operator
move_two f5-0f f5-1f f6-1f straight2
0
3
0 1 67 72
0 27 2 0
0 32 0 1
2
end_operator
begin_operator
move_two f5-0f f5-1f f6-1f straight3
0
3
0 3 67 72
0 27 2 0
0 32 0 1
2
end_operator
begin_operator
move_two f5-0f f6-0f f6-1f straight0
0
3
0 0 68 81
0 27 2 0
0 32 0 1
2
end_operator
begin_operator
move_two f5-0f f6-0f f6-1f straight1
0
3
0 2 68 81
0 27 2 0
0 32 0 1
2
end_operator
begin_operator
move_two f5-0f f6-0f f6-1f straight2
0
3
0 1 68 81
0 27 2 0
0 32 0 1
2
end_operator
begin_operator
move_two f5-0f f6-0f f6-1f straight3
0
3
0 3 68 81
0 27 2 0
0 32 0 1
2
end_operator
begin_operator
move_two f5-0f f6-0f f7-0f straight0
0
3
0 0 68 82
0 27 2 0
0 35 0 1
2
end_operator
begin_operator
move_two f5-0f f6-0f f7-0f straight1
0
3
0 2 68 82
0 27 2 0
0 35 0 1
2
end_operator
begin_operator
move_two f5-0f f6-0f f7-0f straight2
0
3
0 1 68 82
0 27 2 0
0 35 0 1
2
end_operator
begin_operator
move_two f5-0f f6-0f f7-0f straight3
0
3
0 3 68 82
0 27 2 0
0 35 0 1
2
end_operator
begin_operator
move_two f5-1f f4-1f f3-1f straight0
0
3
0 0 69 55
0 20 0 1
0 28 2 0
2
end_operator
begin_operator
move_two f5-1f f4-1f f3-1f straight1
0
3
0 2 69 55
0 20 0 1
0 28 2 0
2
end_operator
begin_operator
move_two f5-1f f4-1f f3-1f straight2
0
3
0 1 69 55
0 20 0 1
0 28 2 0
2
end_operator
begin_operator
move_two f5-1f f4-1f f3-1f straight3
0
3
0 3 69 55
0 20 0 1
0 28 2 0
2
end_operator
begin_operator
move_two f5-1f f4-1f f4-0f straight0
0
3
0 0 69 56
0 23 0 1
0 28 2 0
2
end_operator
begin_operator
move_two f5-1f f4-1f f4-0f straight1
0
3
0 2 69 56
0 23 0 1
0 28 2 0
2
end_operator
begin_operator
move_two f5-1f f4-1f f4-0f straight2
0
3
0 1 69 56
0 23 0 1
0 28 2 0
2
end_operator
begin_operator
move_two f5-1f f4-1f f4-0f straight3
0
3
0 3 69 56
0 23 0 1
0 28 2 0
2
end_operator
begin_operator
move_two f5-1f f4-1f f4-2f straight0
0
3
0 0 69 57
0 25 0 1
0 28 2 0
2
end_operator
begin_operator
move_two f5-1f f4-1f f4-2f straight1
0
3
0 2 69 57
0 25 0 1
0 28 2 0
2
end_operator
begin_operator
move_two f5-1f f4-1f f4-2f straight2
0
3
0 1 69 57
0 25 0 1
0 28 2 0
2
end_operator
begin_operator
move_two f5-1f f4-1f f4-2f straight3
0
3
0 3 69 57
0 25 0 1
0 28 2 0
2
end_operator
begin_operator
move_two f5-1f f5-0f f4-0f straight0
0
3
0 0 70 66
0 23 0 1
0 28 2 0
2
end_operator
begin_operator
move_two f5-1f f5-0f f4-0f straight1
0
3
0 2 70 66
0 23 0 1
0 28 2 0
2
end_operator
begin_operator
move_two f5-1f f5-0f f4-0f straight2
0
3
0 1 70 66
0 23 0 1
0 28 2 0
2
end_operator
begin_operator
move_two f5-1f f5-0f f4-0f straight3
0
3
0 3 70 66
0 23 0 1
0 28 2 0
2
end_operator
begin_operator
move_two f5-1f f5-0f f6-0f straight0
0
3
0 0 70 68
0 28 2 0
0 31 0 1
2
end_operator
begin_operator
move_two f5-1f f5-0f f6-0f straight1
0
3
0 2 70 68
0 28 2 0
0 31 0 1
2
end_operator
begin_operator
move_two f5-1f f5-0f f6-0f straight2
0
3
0 1 70 68
0 28 2 0
0 31 0 1
2
end_operator
begin_operator
move_two f5-1f f5-0f f6-0f straight3
0
3
0 3 70 68
0 28 2 0
0 31 0 1
2
end_operator
begin_operator
move_two f5-1f f5-2f f4-2f straight0
0
3
0 0 71 73
0 25 0 1
0 28 2 0
2
end_operator
begin_operator
move_two f5-1f f5-2f f4-2f straight1
0
3
0 2 71 73
0 25 0 1
0 28 2 0
2
end_operator
begin_operator
move_two f5-1f f5-2f f4-2f straight2
0
3
0 1 71 73
0 25 0 1
0 28 2 0
2
end_operator
begin_operator
move_two f5-1f f5-2f f4-2f straight3
0
3
0 3 71 73
0 25 0 1
0 28 2 0
2
end_operator
begin_operator
move_two f5-1f f5-2f f5-3f straight0
0
3
0 0 71 75
0 28 2 0
0 30 0 1
2
end_operator
begin_operator
move_two f5-1f f5-2f f5-3f straight1
0
3
0 2 71 75
0 28 2 0
0 30 0 1
2
end_operator
begin_operator
move_two f5-1f f5-2f f5-3f straight2
0
3
0 1 71 75
0 28 2 0
0 30 0 1
2
end_operator
begin_operator
move_two f5-1f f5-2f f5-3f straight3
0
3
0 3 71 75
0 28 2 0
0 30 0 1
2
end_operator
begin_operator
move_two f5-1f f5-2f f6-2f straight0
0
3
0 0 71 76
0 28 2 0
0 33 0 1
2
end_operator
begin_operator
move_two f5-1f f5-2f f6-2f straight1
0
3
0 2 71 76
0 28 2 0
0 33 0 1
2
end_operator
begin_operator
move_two f5-1f f5-2f f6-2f straight2
0
3
0 1 71 76
0 28 2 0
0 33 0 1
2
end_operator
begin_operator
move_two f5-1f f5-2f f6-2f straight3
0
3
0 3 71 76
0 28 2 0
0 33 0 1
2
end_operator
begin_operator
move_two f5-1f f6-1f f6-0f straight0
0
3
0 0 72 84
0 28 2 0
0 31 0 1
2
end_operator
begin_operator
move_two f5-1f f6-1f f6-0f straight1
0
3
0 2 72 84
0 28 2 0
0 31 0 1
2
end_operator
begin_operator
move_two f5-1f f6-1f f6-0f straight2
0
3
0 1 72 84
0 28 2 0
0 31 0 1
2
end_operator
begin_operator
move_two f5-1f f6-1f f6-0f straight3
0
3
0 3 72 84
0 28 2 0
0 31 0 1
2
end_operator
begin_operator
move_two f5-1f f6-1f f6-2f straight0
0
3
0 0 72 85
0 28 2 0
0 33 0 1
2
end_operator
begin_operator
move_two f5-1f f6-1f f6-2f straight1
0
3
0 2 72 85
0 28 2 0
0 33 0 1
2
end_operator
begin_operator
move_two f5-1f f6-1f f6-2f straight2
0
3
0 1 72 85
0 28 2 0
0 33 0 1
2
end_operator
begin_operator
move_two f5-1f f6-1f f6-2f straight3
0
3
0 3 72 85
0 28 2 0
0 33 0 1
2
end_operator
begin_operator
move_two f5-1f f6-1f f7-1f straight0
0
3
0 0 72 86
0 28 2 0
0 36 0 1
2
end_operator
begin_operator
move_two f5-1f f6-1f f7-1f straight1
0
3
0 2 72 86
0 28 2 0
0 36 0 1
2
end_operator
begin_operator
move_two f5-1f f6-1f f7-1f straight2
0
3
0 1 72 86
0 28 2 0
0 36 0 1
2
end_operator
begin_operator
move_two f5-1f f6-1f f7-1f straight3
0
3
0 3 72 86
0 28 2 0
0 36 0 1
2
end_operator
begin_operator
move_two f5-2f f4-2f f3-2f straight0
0
3
0 0 73 59
0 21 0 1
0 29 2 0
2
end_operator
begin_operator
move_two f5-2f f4-2f f3-2f straight1
0
3
0 2 73 59
0 21 0 1
0 29 2 0
2
end_operator
begin_operator
move_two f5-2f f4-2f f3-2f straight2
0
3
0 1 73 59
0 21 0 1
0 29 2 0
2
end_operator
begin_operator
move_two f5-2f f4-2f f3-2f straight3
0
3
0 3 73 59
0 21 0 1
0 29 2 0
2
end_operator
begin_operator
move_two f5-2f f4-2f f4-1f straight0
0
3
0 0 73 60
0 24 0 1
0 29 2 0
2
end_operator
begin_operator
move_two f5-2f f4-2f f4-1f straight1
0
3
0 2 73 60
0 24 0 1
0 29 2 0
2
end_operator
begin_operator
move_two f5-2f f4-2f f4-1f straight2
0
3
0 1 73 60
0 24 0 1
0 29 2 0
2
end_operator
begin_operator
move_two f5-2f f4-2f f4-1f straight3
0
3
0 3 73 60
0 24 0 1
0 29 2 0
2
end_operator
begin_operator
move_two f5-2f f4-2f f4-3f straight0
0
3
0 0 73 61
0 26 0 1
0 29 2 0
2
end_operator
begin_operator
move_two f5-2f f4-2f f4-3f straight1
0
3
0 2 73 61
0 26 0 1
0 29 2 0
2
end_operator
begin_operator
move_two f5-2f f4-2f f4-3f straight2
0
3
0 1 73 61
0 26 0 1
0 29 2 0
2
end_operator
begin_operator
move_two f5-2f f4-2f f4-3f straight3
0
3
0 3 73 61
0 26 0 1
0 29 2 0
2
end_operator
begin_operator
move_two f5-2f f5-1f f4-1f straight0
0
3
0 0 74 69
0 24 0 1
0 29 2 0
2
end_operator
begin_operator
move_two f5-2f f5-1f f4-1f straight1
0
3
0 2 74 69
0 24 0 1
0 29 2 0
2
end_operator
begin_operator
move_two f5-2f f5-1f f4-1f straight2
0
3
0 1 74 69
0 24 0 1
0 29 2 0
2
end_operator
begin_operator
move_two f5-2f f5-1f f4-1f straight3
0
3
0 3 74 69
0 24 0 1
0 29 2 0
2
end_operator
begin_operator
move_two f5-2f f5-1f f5-0f straight0
0
3
0 0 74 70
0 27 0 1
0 29 2 0
2
end_operator
begin_operator
move_two f5-2f f5-1f f5-0f straight1
0
3
0 2 74 70
0 27 0 1
0 29 2 0
2
end_operator
begin_operator
move_two f5-2f f5-1f f5-0f straight2
0
3
0 1 74 70
0 27 0 1
0 29 2 0
2
end_operator
begin_operator
move_two f5-2f f5-1f f5-0f straight3
0
3
0 3 74 70
0 27 0 1
0 29 2 0
2
end_operator
begin_operator
move_two f5-2f f5-1f f6-1f straight0
0
3
0 0 74 72
0 29 2 0
0 32 0 1
2
end_operator
begin_operator
move_two f5-2f f5-1f f6-1f straight1
0
3
0 2 74 72
0 29 2 0
0 32 0 1
2
end_operator
begin_operator
move_two f5-2f f5-1f f6-1f straight2
0
3
0 1 74 72
0 29 2 0
0 32 0 1
2
end_operator
begin_operator
move_two f5-2f f5-1f f6-1f straight3
0
3
0 3 74 72
0 29 2 0
0 32 0 1
2
end_operator
begin_operator
move_two f5-2f f5-3f f4-3f straight0
0
3
0 0 75 77
0 26 0 1
0 29 2 0
2
end_operator
begin_operator
move_two f5-2f f5-3f f4-3f straight1
0
3
0 2 75 77
0 26 0 1
0 29 2 0
2
end_operator
begin_operator
move_two f5-2f f5-3f f4-3f straight2
0
3
0 1 75 77
0 26 0 1
0 29 2 0
2
end_operator
begin_operator
move_two f5-2f f5-3f f4-3f straight3
0
3
0 3 75 77
0 26 0 1
0 29 2 0
2
end_operator
begin_operator
move_two f5-2f f5-3f f6-3f straight0
0
3
0 0 75 79
0 29 2 0
0 34 0 1
2
end_operator
begin_operator
move_two f5-2f f5-3f f6-3f straight1
0
3
0 2 75 79
0 29 2 0
0 34 0 1
2
end_operator
begin_operator
move_two f5-2f f5-3f f6-3f straight2
0
3
0 1 75 79
0 29 2 0
0 34 0 1
2
end_operator
begin_operator
move_two f5-2f f5-3f f6-3f straight3
0
3
0 3 75 79
0 29 2 0
0 34 0 1
2
end_operator
begin_operator
move_two f5-2f f6-2f f6-1f straight0
0
3
0 0 76 88
0 29 2 0
0 32 0 1
2
end_operator
begin_operator
move_two f5-2f f6-2f f6-1f straight1
0
3
0 2 76 88
0 29 2 0
0 32 0 1
2
end_operator
begin_operator
move_two f5-2f f6-2f f6-1f straight2
0
3
0 1 76 88
0 29 2 0
0 32 0 1
2
end_operator
begin_operator
move_two f5-2f f6-2f f6-1f straight3
0
3
0 3 76 88
0 29 2 0
0 32 0 1
2
end_operator
begin_operator
move_two f5-2f f6-2f f6-3f straight0
0
3
0 0 76 89
0 29 2 0
0 34 0 1
2
end_operator
begin_operator
move_two f5-2f f6-2f f6-3f straight1
0
3
0 2 76 89
0 29 2 0
0 34 0 1
2
end_operator
begin_operator
move_two f5-2f f6-2f f6-3f straight2
0
3
0 1 76 89
0 29 2 0
0 34 0 1
2
end_operator
begin_operator
move_two f5-2f f6-2f f6-3f straight3
0
3
0 3 76 89
0 29 2 0
0 34 0 1
2
end_operator
begin_operator
move_two f5-2f f6-2f f7-2f straight0
0
3
0 0 76 90
0 29 2 0
0 37 0 1
2
end_operator
begin_operator
move_two f5-2f f6-2f f7-2f straight1
0
3
0 2 76 90
0 29 2 0
0 37 0 1
2
end_operator
begin_operator
move_two f5-2f f6-2f f7-2f straight2
0
3
0 1 76 90
0 29 2 0
0 37 0 1
2
end_operator
begin_operator
move_two f5-2f f6-2f f7-2f straight3
0
3
0 3 76 90
0 29 2 0
0 37 0 1
2
end_operator
begin_operator
move_two f5-3f f4-3f f3-3f straight0
0
3
0 0 77 63
0 22 0 1
0 30 2 0
2
end_operator
begin_operator
move_two f5-3f f4-3f f3-3f straight1
0
3
0 2 77 63
0 22 0 1
0 30 2 0
2
end_operator
begin_operator
move_two f5-3f f4-3f f3-3f straight2
0
3
0 1 77 63
0 22 0 1
0 30 2 0
2
end_operator
begin_operator
move_two f5-3f f4-3f f3-3f straight3
0
3
0 3 77 63
0 22 0 1
0 30 2 0
2
end_operator
begin_operator
move_two f5-3f f4-3f f4-2f straight0
0
3
0 0 77 64
0 25 0 1
0 30 2 0
2
end_operator
begin_operator
move_two f5-3f f4-3f f4-2f straight1
0
3
0 2 77 64
0 25 0 1
0 30 2 0
2
end_operator
begin_operator
move_two f5-3f f4-3f f4-2f straight2
0
3
0 1 77 64
0 25 0 1
0 30 2 0
2
end_operator
begin_operator
move_two f5-3f f4-3f f4-2f straight3
0
3
0 3 77 64
0 25 0 1
0 30 2 0
2
end_operator
begin_operator
move_two f5-3f f5-2f f4-2f straight0
0
3
0 0 78 73
0 25 0 1
0 30 2 0
2
end_operator
begin_operator
move_two f5-3f f5-2f f4-2f straight1
0
3
0 2 78 73
0 25 0 1
0 30 2 0
2
end_operator
begin_operator
move_two f5-3f f5-2f f4-2f straight2
0
3
0 1 78 73
0 25 0 1
0 30 2 0
2
end_operator
begin_operator
move_two f5-3f f5-2f f4-2f straight3
0
3
0 3 78 73
0 25 0 1
0 30 2 0
2
end_operator
begin_operator
move_two f5-3f f5-2f f5-1f straight0
0
3
0 0 78 74
0 28 0 1
0 30 2 0
2
end_operator
begin_operator
move_two f5-3f f5-2f f5-1f straight1
0
3
0 2 78 74
0 28 0 1
0 30 2 0
2
end_operator
begin_operator
move_two f5-3f f5-2f f5-1f straight2
0
3
0 1 78 74
0 28 0 1
0 30 2 0
2
end_operator
begin_operator
move_two f5-3f f5-2f f5-1f straight3
0
3
0 3 78 74
0 28 0 1
0 30 2 0
2
end_operator
begin_operator
move_two f5-3f f5-2f f6-2f straight0
0
3
0 0 78 76
0 30 2 0
0 33 0 1
2
end_operator
begin_operator
move_two f5-3f f5-2f f6-2f straight1
0
3
0 2 78 76
0 30 2 0
0 33 0 1
2
end_operator
begin_operator
move_two f5-3f f5-2f f6-2f straight2
0
3
0 1 78 76
0 30 2 0
0 33 0 1
2
end_operator
begin_operator
move_two f5-3f f5-2f f6-2f straight3
0
3
0 3 78 76
0 30 2 0
0 33 0 1
2
end_operator
begin_operator
move_two f5-3f f6-3f f6-2f straight0
0
3
0 0 79 92
0 30 2 0
0 33 0 1
2
end_operator
begin_operator
move_two f5-3f f6-3f f6-2f straight1
0
3
0 2 79 92
0 30 2 0
0 33 0 1
2
end_operator
begin_operator
move_two f5-3f f6-3f f6-2f straight2
0
3
0 1 79 92
0 30 2 0
0 33 0 1
2
end_operator
begin_operator
move_two f5-3f f6-3f f6-2f straight3
0
3
0 3 79 92
0 30 2 0
0 33 0 1
2
end_operator
begin_operator
move_two f5-3f f6-3f f7-3f straight0
0
3
0 0 79 93
0 30 2 0
0 38 0 1
2
end_operator
begin_operator
move_two f5-3f f6-3f f7-3f straight1
0
3
0 2 79 93
0 30 2 0
0 38 0 1
2
end_operator
begin_operator
move_two f5-3f f6-3f f7-3f straight2
0
3
0 1 79 93
0 30 2 0
0 38 0 1
2
end_operator
begin_operator
move_two f5-3f f6-3f f7-3f straight3
0
3
0 3 79 93
0 30 2 0
0 38 0 1
2
end_operator
begin_operator
move_two f6-0f f5-0f f4-0f straight0
0
3
0 0 80 66
0 23 0 1
0 31 2 0
2
end_operator
begin_operator
move_two f6-0f f5-0f f4-0f straight1
0
3
0 2 80 66
0 23 0 1
0 31 2 0
2
end_operator
begin_operator
move_two f6-0f f5-0f f4-0f straight2
0
3
0 1 80 66
0 23 0 1
0 31 2 0
2
end_operator
begin_operator
move_two f6-0f f5-0f f4-0f straight3
0
3
0 3 80 66
0 23 0 1
0 31 2 0
2
end_operator
begin_operator
move_two f6-0f f5-0f f5-1f straight0
0
3
0 0 80 67
0 28 0 1
0 31 2 0
2
end_operator
begin_operator
move_two f6-0f f5-0f f5-1f straight1
0
3
0 2 80 67
0 28 0 1
0 31 2 0
2
end_operator
begin_operator
move_two f6-0f f5-0f f5-1f straight2
0
3
0 1 80 67
0 28 0 1
0 31 2 0
2
end_operator
begin_operator
move_two f6-0f f5-0f f5-1f straight3
0
3
0 3 80 67
0 28 0 1
0 31 2 0
2
end_operator
begin_operator
move_two f6-0f f6-1f f5-1f straight0
0
3
0 0 81 83
0 28 0 1
0 31 2 0
2
end_operator
begin_operator
move_two f6-0f f6-1f f5-1f straight1
0
3
0 2 81 83
0 28 0 1
0 31 2 0
2
end_operator
begin_operator
move_two f6-0f f6-1f f5-1f straight2
0
3
0 1 81 83
0 28 0 1
0 31 2 0
2
end_operator
begin_operator
move_two f6-0f f6-1f f5-1f straight3
0
3
0 3 81 83
0 28 0 1
0 31 2 0
2
end_operator
begin_operator
move_two f6-0f f6-1f f6-2f straight0
0
3
0 0 81 85
0 31 2 0
0 33 0 1
2
end_operator
begin_operator
move_two f6-0f f6-1f f6-2f straight1
0
3
0 2 81 85
0 31 2 0
0 33 0 1
2
end_operator
begin_operator
move_two f6-0f f6-1f f6-2f straight2
0
3
0 1 81 85
0 31 2 0
0 33 0 1
2
end_operator
begin_operator
move_two f6-0f f6-1f f6-2f straight3
0
3
0 3 81 85
0 31 2 0
0 33 0 1
2
end_operator
begin_operator
move_two f6-0f f6-1f f7-1f straight0
0
3
0 0 81 86
0 31 2 0
0 36 0 1
2
end_operator
begin_operator
move_two f6-0f f6-1f f7-1f straight1
0
3
0 2 81 86
0 31 2 0
0 36 0 1
2
end_operator
begin_operator
move_two f6-0f f6-1f f7-1f straight2
0
3
0 1 81 86
0 31 2 0
0 36 0 1
2
end_operator
begin_operator
move_two f6-0f f6-1f f7-1f straight3
0
3
0 3 81 86
0 31 2 0
0 36 0 1
2
end_operator
begin_operator
move_two f6-0f f7-0f f7-1f straight0
0
3
0 0 82 95
0 31 2 0
0 36 0 1
2
end_operator
begin_operator
move_two f6-0f f7-0f f7-1f straight1
0
3
0 2 82 95
0 31 2 0
0 36 0 1
2
end_operator
begin_operator
move_two f6-0f f7-0f f7-1f straight2
0
3
0 1 82 95
0 31 2 0
0 36 0 1
2
end_operator
begin_operator
move_two f6-0f f7-0f f7-1f straight3
0
3
0 3 82 95
0 31 2 0
0 36 0 1
2
end_operator
begin_operator
move_two f6-0f f7-0f f8-0f straight0
0
3
0 0 82 96
0 31 2 0
0 39 0 1
2
end_operator
begin_operator
move_two f6-0f f7-0f f8-0f straight1
0
3
0 2 82 96
0 31 2 0
0 39 0 1
2
end_operator
begin_operator
move_two f6-0f f7-0f f8-0f straight2
0
3
0 1 82 96
0 31 2 0
0 39 0 1
2
end_operator
begin_operator
move_two f6-0f f7-0f f8-0f straight3
0
3
0 3 82 96
0 31 2 0
0 39 0 1
2
end_operator
begin_operator
move_two f6-1f f5-1f f4-1f straight0
0
3
0 0 83 69
0 24 0 1
0 32 2 0
2
end_operator
begin_operator
move_two f6-1f f5-1f f4-1f straight1
0
3
0 2 83 69
0 24 0 1
0 32 2 0
2
end_operator
begin_operator
move_two f6-1f f5-1f f4-1f straight2
0
3
0 1 83 69
0 24 0 1
0 32 2 0
2
end_operator
begin_operator
move_two f6-1f f5-1f f4-1f straight3
0
3
0 3 83 69
0 24 0 1
0 32 2 0
2
end_operator
begin_operator
move_two f6-1f f5-1f f5-0f straight0
0
3
0 0 83 70
0 27 0 1
0 32 2 0
2
end_operator
begin_operator
move_two f6-1f f5-1f f5-0f straight1
0
3
0 2 83 70
0 27 0 1
0 32 2 0
2
end_operator
begin_operator
move_two f6-1f f5-1f f5-0f straight2
0
3
0 1 83 70
0 27 0 1
0 32 2 0
2
end_operator
begin_operator
move_two f6-1f f5-1f f5-0f straight3
0
3
0 3 83 70
0 27 0 1
0 32 2 0
2
end_operator
begin_operator
move_two f6-1f f5-1f f5-2f straight0
0
3
0 0 83 71
0 29 0 1
0 32 2 0
2
end_operator
begin_operator
move_two f6-1f f5-1f f5-2f straight1
0
3
0 2 83 71
0 29 0 1
0 32 2 0
2
end_operator
begin_operator
move_two f6-1f f5-1f f5-2f straight2
0
3
0 1 83 71
0 29 0 1
0 32 2 0
2
end_operator
begin_operator
move_two f6-1f f5-1f f5-2f straight3
0
3
0 3 83 71
0 29 0 1
0 32 2 0
2
end_operator
begin_operator
move_two f6-1f f6-0f f5-0f straight0
0
3
0 0 84 80
0 27 0 1
0 32 2 0
2
end_operator
begin_operator
move_two f6-1f f6-0f f5-0f straight1
0
3
0 2 84 80
0 27 0 1
0 32 2 0
2
end_operator
begin_operator
move_two f6-1f f6-0f f5-0f straight2
0
3
0 1 84 80
0 27 0 1
0 32 2 0
2
end_operator
begin_operator
move_two f6-1f f6-0f f5-0f straight3
0
3
0 3 84 80
0 27 0 1
0 32 2 0
2
end_operator
begin_operator
move_two f6-1f f6-0f f7-0f straight0
0
3
0 0 84 82
0 32 2 0
0 35 0 1
2
end_operator
begin_operator
move_two f6-1f f6-0f f7-0f straight1
0
3
0 2 84 82
0 32 2 0
0 35 0 1
2
end_operator
begin_operator
move_two f6-1f f6-0f f7-0f straight2
0
3
0 1 84 82
0 32 2 0
0 35 0 1
2
end_operator
begin_operator
move_two f6-1f f6-0f f7-0f straight3
0
3
0 3 84 82
0 32 2 0
0 35 0 1
2
end_operator
begin_operator
move_two f6-1f f6-2f f5-2f straight0
0
3
0 0 85 87
0 29 0 1
0 32 2 0
2
end_operator
begin_operator
move_two f6-1f f6-2f f5-2f straight1
0
3
0 2 85 87
0 29 0 1
0 32 2 0
2
end_operator
begin_operator
move_two f6-1f f6-2f f5-2f straight2
0
3
0 1 85 87
0 29 0 1
0 32 2 0
2
end_operator
begin_operator
move_two f6-1f f6-2f f5-2f straight3
0
3
0 3 85 87
0 29 0 1
0 32 2 0
2
end_operator
begin_operator
move_two f6-1f f6-2f f6-3f straight0
0
3
0 0 85 89
0 32 2 0
0 34 0 1
2
end_operator
begin_operator
move_two f6-1f f6-2f f6-3f straight1
0
3
0 2 85 89
0 32 2 0
0 34 0 1
2
end_operator
begin_operator
move_two f6-1f f6-2f f6-3f straight2
0
3
0 1 85 89
0 32 2 0
0 34 0 1
2
end_operator
begin_operator
move_two f6-1f f6-2f f6-3f straight3
0
3
0 3 85 89
0 32 2 0
0 34 0 1
2
end_operator
begin_operator
move_two f6-1f f6-2f f7-2f straight0
0
3
0 0 85 90
0 32 2 0
0 37 0 1
2
end_operator
begin_operator
move_two f6-1f f6-2f f7-2f straight1
0
3
0 2 85 90
0 32 2 0
0 37 0 1
2
end_operator
begin_operator
move_two f6-1f f6-2f f7-2f straight2
0
3
0 1 85 90
0 32 2 0
0 37 0 1
2
end_operator
begin_operator
move_two f6-1f f6-2f f7-2f straight3
0
3
0 3 85 90
0 32 2 0
0 37 0 1
2
end_operator
begin_operator
move_two f6-1f f7-1f f7-0f straight0
0
3
0 0 86 98
0 32 2 0
0 35 0 1
2
end_operator
begin_operator
move_two f6-1f f7-1f f7-0f straight1
0
3
0 2 86 98
0 32 2 0
0 35 0 1
2
end_operator
begin_operator
move_two f6-1f f7-1f f7-0f straight2
0
3
0 1 86 98
0 32 2 0
0 35 0 1
2
end_operator
begin_operator
move_two f6-1f f7-1f f7-0f straight3
0
3
0 3 86 98
0 32 2 0
0 35 0 1
2
end_operator
begin_operator
move_two f6-1f f7-1f f7-2f straight0
0
3
0 0 86 99
0 32 2 0
0 37 0 1
2
end_operator
begin_operator
move_two f6-1f f7-1f f7-2f straight1
0
3
0 2 86 99
0 32 2 0
0 37 0 1
2
end_operator
begin_operator
move_two f6-1f f7-1f f7-2f straight2
0
3
0 1 86 99
0 32 2 0
0 37 0 1
2
end_operator
begin_operator
move_two f6-1f f7-1f f7-2f straight3
0
3
0 3 86 99
0 32 2 0
0 37 0 1
2
end_operator
begin_operator
move_two f6-1f f7-1f f8-1f straight0
0
3
0 0 86 100
0 32 2 0
0 40 0 1
2
end_operator
begin_operator
move_two f6-1f f7-1f f8-1f straight1
0
3
0 2 86 100
0 32 2 0
0 40 0 1
2
end_operator
begin_operator
move_two f6-1f f7-1f f8-1f straight2
0
3
0 1 86 100
0 32 2 0
0 40 0 1
2
end_operator
begin_operator
move_two f6-1f f7-1f f8-1f straight3
0
3
0 3 86 100
0 32 2 0
0 40 0 1
2
end_operator
begin_operator
move_two f6-2f f5-2f f4-2f straight0
0
3
0 0 87 73
0 25 0 1
0 33 2 0
2
end_operator
begin_operator
move_two f6-2f f5-2f f4-2f straight1
0
3
0 2 87 73
0 25 0 1
0 33 2 0
2
end_operator
begin_operator
move_two f6-2f f5-2f f4-2f straight2
0
3
0 1 87 73
0 25 0 1
0 33 2 0
2
end_operator
begin_operator
move_two f6-2f f5-2f f4-2f straight3
0
3
0 3 87 73
0 25 0 1
0 33 2 0
2
end_operator
begin_operator
move_two f6-2f f5-2f f5-1f straight0
0
3
0 0 87 74
0 28 0 1
0 33 2 0
2
end_operator
begin_operator
move_two f6-2f f5-2f f5-1f straight1
0
3
0 2 87 74
0 28 0 1
0 33 2 0
2
end_operator
begin_operator
move_two f6-2f f5-2f f5-1f straight2
0
3
0 1 87 74
0 28 0 1
0 33 2 0
2
end_operator
begin_operator
move_two f6-2f f5-2f f5-1f straight3
0
3
0 3 87 74
0 28 0 1
0 33 2 0
2
end_operator
begin_operator
move_two f6-2f f5-2f f5-3f straight0
0
3
0 0 87 75
0 30 0 1
0 33 2 0
2
end_operator
begin_operator
move_two f6-2f f5-2f f5-3f straight1
0
3
0 2 87 75
0 30 0 1
0 33 2 0
2
end_operator
begin_operator
move_two f6-2f f5-2f f5-3f straight2
0
3
0 1 87 75
0 30 0 1
0 33 2 0
2
end_operator
begin_operator
move_two f6-2f f5-2f f5-3f straight3
0
3
0 3 87 75
0 30 0 1
0 33 2 0
2
end_operator
begin_operator
move_two f6-2f f6-1f f5-1f straight0
0
3
0 0 88 83
0 28 0 1
0 33 2 0
2
end_operator
begin_operator
move_two f6-2f f6-1f f5-1f straight1
0
3
0 2 88 83
0 28 0 1
0 33 2 0
2
end_operator
begin_operator
move_two f6-2f f6-1f f5-1f straight2
0
3
0 1 88 83
0 28 0 1
0 33 2 0
2
end_operator
begin_operator
move_two f6-2f f6-1f f5-1f straight3
0
3
0 3 88 83
0 28 0 1
0 33 2 0
2
end_operator
begin_operator
move_two f6-2f f6-1f f6-0f straight0
0
3
0 0 88 84
0 31 0 1
0 33 2 0
2
end_operator
begin_operator
move_two f6-2f f6-1f f6-0f straight1
0
3
0 2 88 84
0 31 0 1
0 33 2 0
2
end_operator
begin_operator
move_two f6-2f f6-1f f6-0f straight2
0
3
0 1 88 84
0 31 0 1
0 33 2 0
2
end_operator
begin_operator
move_two f6-2f f6-1f f6-0f straight3
0
3
0 3 88 84
0 31 0 1
0 33 2 0
2
end_operator
begin_operator
move_two f6-2f f6-1f f7-1f straight0
0
3
0 0 88 86
0 33 2 0
0 36 0 1
2
end_operator
begin_operator
move_two f6-2f f6-1f f7-1f straight1
0
3
0 2 88 86
0 33 2 0
0 36 0 1
2
end_operator
begin_operator
move_two f6-2f f6-1f f7-1f straight2
0
3
0 1 88 86
0 33 2 0
0 36 0 1
2
end_operator
begin_operator
move_two f6-2f f6-1f f7-1f straight3
0
3
0 3 88 86
0 33 2 0
0 36 0 1
2
end_operator
begin_operator
move_two f6-2f f6-3f f5-3f straight0
0
3
0 0 89 91
0 30 0 1
0 33 2 0
2
end_operator
begin_operator
move_two f6-2f f6-3f f5-3f straight1
0
3
0 2 89 91
0 30 0 1
0 33 2 0
2
end_operator
begin_operator
move_two f6-2f f6-3f f5-3f straight2
0
3
0 1 89 91
0 30 0 1
0 33 2 0
2
end_operator
begin_operator
move_two f6-2f f6-3f f5-3f straight3
0
3
0 3 89 91
0 30 0 1
0 33 2 0
2
end_operator
begin_operator
move_two f6-2f f6-3f f7-3f straight0
0
3
0 0 89 93
0 33 2 0
0 38 0 1
2
end_operator
begin_operator
move_two f6-2f f6-3f f7-3f straight1
0
3
0 2 89 93
0 33 2 0
0 38 0 1
2
end_operator
begin_operator
move_two f6-2f f6-3f f7-3f straight2
0
3
0 1 89 93
0 33 2 0
0 38 0 1
2
end_operator
begin_operator
move_two f6-2f f6-3f f7-3f straight3
0
3
0 3 89 93
0 33 2 0
0 38 0 1
2
end_operator
begin_operator
move_two f6-2f f7-2f f7-1f straight0
0
3
0 0 90 102
0 33 2 0
0 36 0 1
2
end_operator
begin_operator
move_two f6-2f f7-2f f7-1f straight1
0
3
0 2 90 102
0 33 2 0
0 36 0 1
2
end_operator
begin_operator
move_two f6-2f f7-2f f7-1f straight2
0
3
0 1 90 102
0 33 2 0
0 36 0 1
2
end_operator
begin_operator
move_two f6-2f f7-2f f7-1f straight3
0
3
0 3 90 102
0 33 2 0
0 36 0 1
2
end_operator
begin_operator
move_two f6-2f f7-2f f7-3f straight0
0
3
0 0 90 103
0 33 2 0
0 38 0 1
2
end_operator
begin_operator
move_two f6-2f f7-2f f7-3f straight1
0
3
0 2 90 103
0 33 2 0
0 38 0 1
2
end_operator
begin_operator
move_two f6-2f f7-2f f7-3f straight2
0
3
0 1 90 103
0 33 2 0
0 38 0 1
2
end_operator
begin_operator
move_two f6-2f f7-2f f7-3f straight3
0
3
0 3 90 103
0 33 2 0
0 38 0 1
2
end_operator
begin_operator
move_two f6-2f f7-2f f8-2f straight0
0
3
0 0 90 104
0 33 2 0
0 41 0 1
2
end_operator
begin_operator
move_two f6-2f f7-2f f8-2f straight1
0
3
0 2 90 104
0 33 2 0
0 41 0 1
2
end_operator
begin_operator
move_two f6-2f f7-2f f8-2f straight2
0
3
0 1 90 104
0 33 2 0
0 41 0 1
2
end_operator
begin_operator
move_two f6-2f f7-2f f8-2f straight3
0
3
0 3 90 104
0 33 2 0
0 41 0 1
2
end_operator
begin_operator
move_two f6-3f f5-3f f4-3f straight0
0
3
0 0 91 77
0 26 0 1
0 34 2 0
2
end_operator
begin_operator
move_two f6-3f f5-3f f4-3f straight1
0
3
0 2 91 77
0 26 0 1
0 34 2 0
2
end_operator
begin_operator
move_two f6-3f f5-3f f4-3f straight2
0
3
0 1 91 77
0 26 0 1
0 34 2 0
2
end_operator
begin_operator
move_two f6-3f f5-3f f4-3f straight3
0
3
0 3 91 77
0 26 0 1
0 34 2 0
2
end_operator
begin_operator
move_two f6-3f f5-3f f5-2f straight0
0
3
0 0 91 78
0 29 0 1
0 34 2 0
2
end_operator
begin_operator
move_two f6-3f f5-3f f5-2f straight1
0
3
0 2 91 78
0 29 0 1
0 34 2 0
2
end_operator
begin_operator
move_two f6-3f f5-3f f5-2f straight2
0
3
0 1 91 78
0 29 0 1
0 34 2 0
2
end_operator
begin_operator
move_two f6-3f f5-3f f5-2f straight3
0
3
0 3 91 78
0 29 0 1
0 34 2 0
2
end_operator
begin_operator
move_two f6-3f f6-2f f5-2f straight0
0
3
0 0 92 87
0 29 0 1
0 34 2 0
2
end_operator
begin_operator
move_two f6-3f f6-2f f5-2f straight1
0
3
0 2 92 87
0 29 0 1
0 34 2 0
2
end_operator
begin_operator
move_two f6-3f f6-2f f5-2f straight2
0
3
0 1 92 87
0 29 0 1
0 34 2 0
2
end_operator
begin_operator
move_two f6-3f f6-2f f5-2f straight3
0
3
0 3 92 87
0 29 0 1
0 34 2 0
2
end_operator
begin_operator
move_two f6-3f f6-2f f6-1f straight0
0
3
0 0 92 88
0 32 0 1
0 34 2 0
2
end_operator
begin_operator
move_two f6-3f f6-2f f6-1f straight1
0
3
0 2 92 88
0 32 0 1
0 34 2 0
2
end_operator
begin_operator
move_two f6-3f f6-2f f6-1f straight2
0
3
0 1 92 88
0 32 0 1
0 34 2 0
2
end_operator
begin_operator
move_two f6-3f f6-2f f6-1f straight3
0
3
0 3 92 88
0 32 0 1
0 34 2 0
2
end_operator
begin_operator
move_two f6-3f f6-2f f7-2f straight0
0
3
0 0 92 90
0 34 2 0
0 37 0 1
2
end_operator
begin_operator
move_two f6-3f f6-2f f7-2f straight1
0
3
0 2 92 90
0 34 2 0
0 37 0 1
2
end_operator
begin_operator
move_two f6-3f f6-2f f7-2f straight2
0
3
0 1 92 90
0 34 2 0
0 37 0 1
2
end_operator
begin_operator
move_two f6-3f f6-2f f7-2f straight3
0
3
0 3 92 90
0 34 2 0
0 37 0 1
2
end_operator
begin_operator
move_two f6-3f f7-3f f7-2f straight0
0
3
0 0 93 106
0 34 2 0
0 37 0 1
2
end_operator
begin_operator
move_two f6-3f f7-3f f7-2f straight1
0
3
0 2 93 106
0 34 2 0
0 37 0 1
2
end_operator
begin_operator
move_two f6-3f f7-3f f7-2f straight2
0
3
0 1 93 106
0 34 2 0
0 37 0 1
2
end_operator
begin_operator
move_two f6-3f f7-3f f7-2f straight3
0
3
0 3 93 106
0 34 2 0
0 37 0 1
2
end_operator
begin_operator
move_two f6-3f f7-3f f8-3f straight0
0
3
0 0 93 107
0 34 2 0
0 42 0 1
2
end_operator
begin_operator
move_two f6-3f f7-3f f8-3f straight1
0
3
0 2 93 107
0 34 2 0
0 42 0 1
2
end_operator
begin_operator
move_two f6-3f f7-3f f8-3f straight2
0
3
0 1 93 107
0 34 2 0
0 42 0 1
2
end_operator
begin_operator
move_two f6-3f f7-3f f8-3f straight3
0
3
0 3 93 107
0 34 2 0
0 42 0 1
2
end_operator
begin_operator
move_two f7-0f f6-0f f5-0f straight0
0
3
0 0 94 80
0 27 0 1
0 35 2 0
2
end_operator
begin_operator
move_two f7-0f f6-0f f5-0f straight1
0
3
0 2 94 80
0 27 0 1
0 35 2 0
2
end_operator
begin_operator
move_two f7-0f f6-0f f5-0f straight2
0
3
0 1 94 80
0 27 0 1
0 35 2 0
2
end_operator
begin_operator
move_two f7-0f f6-0f f5-0f straight3
0
3
0 3 94 80
0 27 0 1
0 35 2 0
2
end_operator
begin_operator
move_two f7-0f f6-0f f6-1f straight0
0
3
0 0 94 81
0 32 0 1
0 35 2 0
2
end_operator
begin_operator
move_two f7-0f f6-0f f6-1f straight1
0
3
0 2 94 81
0 32 0 1
0 35 2 0
2
end_operator
begin_operator
move_two f7-0f f6-0f f6-1f straight2
0
3
0 1 94 81
0 32 0 1
0 35 2 0
2
end_operator
begin_operator
move_two f7-0f f6-0f f6-1f straight3
0
3
0 3 94 81
0 32 0 1
0 35 2 0
2
end_operator
begin_operator
move_two f7-0f f7-1f f6-1f straight0
0
3
0 0 95 97
0 32 0 1
0 35 2 0
2
end_operator
begin_operator
move_two f7-0f f7-1f f6-1f straight1
0
3
0 2 95 97
0 32 0 1
0 35 2 0
2
end_operator
begin_operator
move_two f7-0f f7-1f f6-1f straight2
0
3
0 1 95 97
0 32 0 1
0 35 2 0
2
end_operator
begin_operator
move_two f7-0f f7-1f f6-1f straight3
0
3
0 3 95 97
0 32 0 1
0 35 2 0
2
end_operator
begin_operator
move_two f7-0f f7-1f f7-2f straight0
0
3
0 0 95 99
0 35 2 0
0 37 0 1
2
end_operator
begin_operator
move_two f7-0f f7-1f f7-2f straight1
0
3
0 2 95 99
0 35 2 0
0 37 0 1
2
end_operator
begin_operator
move_two f7-0f f7-1f f7-2f straight2
0
3
0 1 95 99
0 35 2 0
0 37 0 1
2
end_operator
begin_operator
move_two f7-0f f7-1f f7-2f straight3
0
3
0 3 95 99
0 35 2 0
0 37 0 1
2
end_operator
begin_operator
move_two f7-0f f7-1f f8-1f straight0
0
3
0 0 95 100
0 35 2 0
0 40 0 1
2
end_operator
begin_operator
move_two f7-0f f7-1f f8-1f straight1
0
3
0 2 95 100
0 35 2 0
0 40 0 1
2
end_operator
begin_operator
move_two f7-0f f7-1f f8-1f straight2
0
3
0 1 95 100
0 35 2 0
0 40 0 1
2
end_operator
begin_operator
move_two f7-0f f7-1f f8-1f straight3
0
3
0 3 95 100
0 35 2 0
0 40 0 1
2
end_operator
begin_operator
move_two f7-0f f8-0f f8-1f straight0
0
3
0 0 96 109
0 35 2 0
0 40 0 1
2
end_operator
begin_operator
move_two f7-0f f8-0f f8-1f straight1
0
3
0 2 96 109
0 35 2 0
0 40 0 1
2
end_operator
begin_operator
move_two f7-0f f8-0f f8-1f straight2
0
3
0 1 96 109
0 35 2 0
0 40 0 1
2
end_operator
begin_operator
move_two f7-0f f8-0f f8-1f straight3
0
3
0 3 96 109
0 35 2 0
0 40 0 1
2
end_operator
begin_operator
move_two f7-0f f8-0f f9-0f straight0
0
3
0 0 96 110
0 35 2 0
0 43 0 1
2
end_operator
begin_operator
move_two f7-0f f8-0f f9-0f straight1
0
3
0 2 96 110
0 35 2 0
0 43 0 1
2
end_operator
begin_operator
move_two f7-0f f8-0f f9-0f straight2
0
3
0 1 96 110
0 35 2 0
0 43 0 1
2
end_operator
begin_operator
move_two f7-0f f8-0f f9-0f straight3
0
3
0 3 96 110
0 35 2 0
0 43 0 1
2
end_operator
begin_operator
move_two f7-1f f6-1f f5-1f straight0
0
3
0 0 97 83
0 28 0 1
0 36 2 0
2
end_operator
begin_operator
move_two f7-1f f6-1f f5-1f straight1
0
3
0 2 97 83
0 28 0 1
0 36 2 0
2
end_operator
begin_operator
move_two f7-1f f6-1f f5-1f straight2
0
3
0 1 97 83
0 28 0 1
0 36 2 0
2
end_operator
begin_operator
move_two f7-1f f6-1f f5-1f straight3
0
3
0 3 97 83
0 28 0 1
0 36 2 0
2
end_operator
begin_operator
move_two f7-1f f6-1f f6-0f straight0
0
3
0 0 97 84
0 31 0 1
0 36 2 0
2
end_operator
begin_operator
move_two f7-1f f6-1f f6-0f straight1
0
3
0 2 97 84
0 31 0 1
0 36 2 0
2
end_operator
begin_operator
move_two f7-1f f6-1f f6-0f straight2
0
3
0 1 97 84
0 31 0 1
0 36 2 0
2
end_operator
begin_operator
move_two f7-1f f6-1f f6-0f straight3
0
3
0 3 97 84
0 31 0 1
0 36 2 0
2
end_operator
begin_operator
move_two f7-1f f6-1f f6-2f straight0
0
3
0 0 97 85
0 33 0 1
0 36 2 0
2
end_operator
begin_operator
move_two f7-1f f6-1f f6-2f straight1
0
3
0 2 97 85
0 33 0 1
0 36 2 0
2
end_operator
begin_operator
move_two f7-1f f6-1f f6-2f straight2
0
3
0 1 97 85
0 33 0 1
0 36 2 0
2
end_operator
begin_operator
move_two f7-1f f6-1f f6-2f straight3
0
3
0 3 97 85
0 33 0 1
0 36 2 0
2
end_operator
begin_operator
move_two f7-1f f7-0f f6-0f straight0
0
3
0 0 98 94
0 31 0 1
0 36 2 0
2
end_operator
begin_operator
move_two f7-1f f7-0f f6-0f straight1
0
3
0 2 98 94
0 31 0 1
0 36 2 0
2
end_operator
begin_operator
move_two f7-1f f7-0f f6-0f straight2
0
3
0 1 98 94
0 31 0 1
0 36 2 0
2
end_operator
begin_operator
move_two f7-1f f7-0f f6-0f straight3
0
3
0 3 98 94
0 31 0 1
0 36 2 0
2
end_operator
begin_operator
move_two f7-1f f7-0f f8-0f straight0
0
3
0 0 98 96
0 36 2 0
0 39 0 1
2
end_operator
begin_operator
move_two f7-1f f7-0f f8-0f straight1
0
3
0 2 98 96
0 36 2 0
0 39 0 1
2
end_operator
begin_operator
move_two f7-1f f7-0f f8-0f straight2
0
3
0 1 98 96
0 36 2 0
0 39 0 1
2
end_operator
begin_operator
move_two f7-1f f7-0f f8-0f straight3
0
3
0 3 98 96
0 36 2 0
0 39 0 1
2
end_operator
begin_operator
move_two f7-1f f7-2f f6-2f straight0
0
3
0 0 99 101
0 33 0 1
0 36 2 0
2
end_operator
begin_operator
move_two f7-1f f7-2f f6-2f straight1
0
3
0 2 99 101
0 33 0 1
0 36 2 0
2
end_operator
begin_operator
move_two f7-1f f7-2f f6-2f straight2
0
3
0 1 99 101
0 33 0 1
0 36 2 0
2
end_operator
begin_operator
move_two f7-1f f7-2f f6-2f straight3
0
3
0 3 99 101
0 33 0 1
0 36 2 0
2
end_operator
begin_operator
move_two f7-1f f7-2f f7-3f straight0
0
3
0 0 99 103
0 36 2 0
0 38 0 1
2
end_operator
begin_operator
move_two f7-1f f7-2f f7-3f straight1
0
3
0 2 99 103
0 36 2 0
0 38 0 1
2
end_operator
begin_operator
move_two f7-1f f7-2f f7-3f straight2
0
3
0 1 99 103
0 36 2 0
0 38 0 1
2
end_operator
begin_operator
move_two f7-1f f7-2f f7-3f straight3
0
3
0 3 99 103
0 36 2 0
0 38 0 1
2
end_operator
begin_operator
move_two f7-1f f7-2f f8-2f straight0
0
3
0 0 99 104
0 36 2 0
0 41 0 1
2
end_operator
begin_operator
move_two f7-1f f7-2f f8-2f straight1
0
3
0 2 99 104
0 36 2 0
0 41 0 1
2
end_operator
begin_operator
move_two f7-1f f7-2f f8-2f straight2
0
3
0 1 99 104
0 36 2 0
0 41 0 1
2
end_operator
begin_operator
move_two f7-1f f7-2f f8-2f straight3
0
3
0 3 99 104
0 36 2 0
0 41 0 1
2
end_operator
begin_operator
move_two f7-1f f8-1f f8-0f straight0
0
3
0 0 100 112
0 36 2 0
0 39 0 1
2
end_operator
begin_operator
move_two f7-1f f8-1f f8-0f straight1
0
3
0 2 100 112
0 36 2 0
0 39 0 1
2
end_operator
begin_operator
move_two f7-1f f8-1f f8-0f straight2
0
3
0 1 100 112
0 36 2 0
0 39 0 1
2
end_operator
begin_operator
move_two f7-1f f8-1f f8-0f straight3
0
3
0 3 100 112
0 36 2 0
0 39 0 1
2
end_operator
begin_operator
move_two f7-1f f8-1f f8-2f straight0
0
3
0 0 100 113
0 36 2 0
0 41 0 1
2
end_operator
begin_operator
move_two f7-1f f8-1f f8-2f straight1
0
3
0 2 100 113
0 36 2 0
0 41 0 1
2
end_operator
begin_operator
move_two f7-1f f8-1f f8-2f straight2
0
3
0 1 100 113
0 36 2 0
0 41 0 1
2
end_operator
begin_operator
move_two f7-1f f8-1f f8-2f straight3
0
3
0 3 100 113
0 36 2 0
0 41 0 1
2
end_operator
begin_operator
move_two f7-1f f8-1f f9-1f straight0
0
3
0 0 100 114
0 36 2 0
0 44 0 1
2
end_operator
begin_operator
move_two f7-1f f8-1f f9-1f straight1
0
3
0 2 100 114
0 36 2 0
0 44 0 1
2
end_operator
begin_operator
move_two f7-1f f8-1f f9-1f straight2
0
3
0 1 100 114
0 36 2 0
0 44 0 1
2
end_operator
begin_operator
move_two f7-1f f8-1f f9-1f straight3
0
3
0 3 100 114
0 36 2 0
0 44 0 1
2
end_operator
begin_operator
move_two f7-2f f6-2f f5-2f straight0
0
3
0 0 101 87
0 29 0 1
0 37 2 0
2
end_operator
begin_operator
move_two f7-2f f6-2f f5-2f straight1
0
3
0 2 101 87
0 29 0 1
0 37 2 0
2
end_operator
begin_operator
move_two f7-2f f6-2f f5-2f straight2
0
3
0 1 101 87
0 29 0 1
0 37 2 0
2
end_operator
begin_operator
move_two f7-2f f6-2f f5-2f straight3
0
3
0 3 101 87
0 29 0 1
0 37 2 0
2
end_operator
begin_operator
move_two f7-2f f6-2f f6-1f straight0
0
3
0 0 101 88
0 32 0 1
0 37 2 0
2
end_operator
begin_operator
move_two f7-2f f6-2f f6-1f straight1
0
3
0 2 101 88
0 32 0 1
0 37 2 0
2
end_operator
begin_operator
move_two f7-2f f6-2f f6-1f straight2
0
3
0 1 101 88
0 32 0 1
0 37 2 0
2
end_operator
begin_operator
move_two f7-2f f6-2f f6-1f straight3
0
3
0 3 101 88
0 32 0 1
0 37 2 0
2
end_operator
begin_operator
move_two f7-2f f6-2f f6-3f straight0
0
3
0 0 101 89
0 34 0 1
0 37 2 0
2
end_operator
begin_operator
move_two f7-2f f6-2f f6-3f straight1
0
3
0 2 101 89
0 34 0 1
0 37 2 0
2
end_operator
begin_operator
move_two f7-2f f6-2f f6-3f straight2
0
3
0 1 101 89
0 34 0 1
0 37 2 0
2
end_operator
begin_operator
move_two f7-2f f6-2f f6-3f straight3
0
3
0 3 101 89
0 34 0 1
0 37 2 0
2
end_operator
begin_operator
move_two f7-2f f7-1f f6-1f straight0
0
3
0 0 102 97
0 32 0 1
0 37 2 0
2
end_operator
begin_operator
move_two f7-2f f7-1f f6-1f straight1
0
3
0 2 102 97
0 32 0 1
0 37 2 0
2
end_operator
begin_operator
move_two f7-2f f7-1f f6-1f straight2
0
3
0 1 102 97
0 32 0 1
0 37 2 0
2
end_operator
begin_operator
move_two f7-2f f7-1f f6-1f straight3
0
3
0 3 102 97
0 32 0 1
0 37 2 0
2
end_operator
begin_operator
move_two f7-2f f7-1f f7-0f straight0
0
3
0 0 102 98
0 35 0 1
0 37 2 0
2
end_operator
begin_operator
move_two f7-2f f7-1f f7-0f straight1
0
3
0 2 102 98
0 35 0 1
0 37 2 0
2
end_operator
begin_operator
move_two f7-2f f7-1f f7-0f straight2
0
3
0 1 102 98
0 35 0 1
0 37 2 0
2
end_operator
begin_operator
move_two f7-2f f7-1f f7-0f straight3
0
3
0 3 102 98
0 35 0 1
0 37 2 0
2
end_operator
begin_operator
move_two f7-2f f7-1f f8-1f straight0
0
3
0 0 102 100
0 37 2 0
0 40 0 1
2
end_operator
begin_operator
move_two f7-2f f7-1f f8-1f straight1
0
3
0 2 102 100
0 37 2 0
0 40 0 1
2
end_operator
begin_operator
move_two f7-2f f7-1f f8-1f straight2
0
3
0 1 102 100
0 37 2 0
0 40 0 1
2
end_operator
begin_operator
move_two f7-2f f7-1f f8-1f straight3
0
3
0 3 102 100
0 37 2 0
0 40 0 1
2
end_operator
begin_operator
move_two f7-2f f7-3f f6-3f straight0
0
3
0 0 103 105
0 34 0 1
0 37 2 0
2
end_operator
begin_operator
move_two f7-2f f7-3f f6-3f straight1
0
3
0 2 103 105
0 34 0 1
0 37 2 0
2
end_operator
begin_operator
move_two f7-2f f7-3f f6-3f straight2
0
3
0 1 103 105
0 34 0 1
0 37 2 0
2
end_operator
begin_operator
move_two f7-2f f7-3f f6-3f straight3
0
3
0 3 103 105
0 34 0 1
0 37 2 0
2
end_operator
begin_operator
move_two f7-2f f7-3f f8-3f straight0
0
3
0 0 103 107
0 37 2 0
0 42 0 1
2
end_operator
begin_operator
move_two f7-2f f7-3f f8-3f straight1
0
3
0 2 103 107
0 37 2 0
0 42 0 1
2
end_operator
begin_operator
move_two f7-2f f7-3f f8-3f straight2
0
3
0 1 103 107
0 37 2 0
0 42 0 1
2
end_operator
begin_operator
move_two f7-2f f7-3f f8-3f straight3
0
3
0 3 103 107
0 37 2 0
0 42 0 1
2
end_operator
begin_operator
move_two f7-2f f8-2f f8-1f straight0
0
3
0 0 104 116
0 37 2 0
0 40 0 1
2
end_operator
begin_operator
move_two f7-2f f8-2f f8-1f straight1
0
3
0 2 104 116
0 37 2 0
0 40 0 1
2
end_operator
begin_operator
move_two f7-2f f8-2f f8-1f straight2
0
3
0 1 104 116
0 37 2 0
0 40 0 1
2
end_operator
begin_operator
move_two f7-2f f8-2f f8-1f straight3
0
3
0 3 104 116
0 37 2 0
0 40 0 1
2
end_operator
begin_operator
move_two f7-2f f8-2f f8-3f straight0
0
3
0 0 104 117
0 37 2 0
0 42 0 1
2
end_operator
begin_operator
move_two f7-2f f8-2f f8-3f straight1
0
3
0 2 104 117
0 37 2 0
0 42 0 1
2
end_operator
begin_operator
move_two f7-2f f8-2f f8-3f straight2
0
3
0 1 104 117
0 37 2 0
0 42 0 1
2
end_operator
begin_operator
move_two f7-2f f8-2f f8-3f straight3
0
3
0 3 104 117
0 37 2 0
0 42 0 1
2
end_operator
begin_operator
move_two f7-2f f8-2f f9-2f straight0
0
3
0 0 104 118
0 37 2 0
0 45 0 1
2
end_operator
begin_operator
move_two f7-2f f8-2f f9-2f straight1
0
3
0 2 104 118
0 37 2 0
0 45 0 1
2
end_operator
begin_operator
move_two f7-2f f8-2f f9-2f straight2
0
3
0 1 104 118
0 37 2 0
0 45 0 1
2
end_operator
begin_operator
move_two f7-2f f8-2f f9-2f straight3
0
3
0 3 104 118
0 37 2 0
0 45 0 1
2
end_operator
begin_operator
move_two f7-3f f6-3f f5-3f straight0
0
3
0 0 105 91
0 30 0 1
0 38 2 0
2
end_operator
begin_operator
move_two f7-3f f6-3f f5-3f straight1
0
3
0 2 105 91
0 30 0 1
0 38 2 0
2
end_operator
begin_operator
move_two f7-3f f6-3f f5-3f straight2
0
3
0 1 105 91
0 30 0 1
0 38 2 0
2
end_operator
begin_operator
move_two f7-3f f6-3f f5-3f straight3
0
3
0 3 105 91
0 30 0 1
0 38 2 0
2
end_operator
begin_operator
move_two f7-3f f6-3f f6-2f straight0
0
3
0 0 105 92
0 33 0 1
0 38 2 0
2
end_operator
begin_operator
move_two f7-3f f6-3f f6-2f straight1
0
3
0 2 105 92
0 33 0 1
0 38 2 0
2
end_operator
begin_operator
move_two f7-3f f6-3f f6-2f straight2
0
3
0 1 105 92
0 33 0 1
0 38 2 0
2
end_operator
begin_operator
move_two f7-3f f6-3f f6-2f straight3
0
3
0 3 105 92
0 33 0 1
0 38 2 0
2
end_operator
begin_operator
move_two f7-3f f7-2f f6-2f straight0
0
3
0 0 106 101
0 33 0 1
0 38 2 0
2
end_operator
begin_operator
move_two f7-3f f7-2f f6-2f straight1
0
3
0 2 106 101
0 33 0 1
0 38 2 0
2
end_operator
begin_operator
move_two f7-3f f7-2f f6-2f straight2
0
3
0 1 106 101
0 33 0 1
0 38 2 0
2
end_operator
begin_operator
move_two f7-3f f7-2f f6-2f straight3
0
3
0 3 106 101
0 33 0 1
0 38 2 0
2
end_operator
begin_operator
move_two f7-3f f7-2f f7-1f straight0
0
3
0 0 106 102
0 36 0 1
0 38 2 0
2
end_operator
begin_operator
move_two f7-3f f7-2f f7-1f straight1
0
3
0 2 106 102
0 36 0 1
0 38 2 0
2
end_operator
begin_operator
move_two f7-3f f7-2f f7-1f straight2
0
3
0 1 106 102
0 36 0 1
0 38 2 0
2
end_operator
begin_operator
move_two f7-3f f7-2f f7-1f straight3
0
3
0 3 106 102
0 36 0 1
0 38 2 0
2
end_operator
begin_operator
move_two f7-3f f7-2f f8-2f straight0
0
3
0 0 106 104
0 38 2 0
0 41 0 1
2
end_operator
begin_operator
move_two f7-3f f7-2f f8-2f straight1
0
3
0 2 106 104
0 38 2 0
0 41 0 1
2
end_operator
begin_operator
move_two f7-3f f7-2f f8-2f straight2
0
3
0 1 106 104
0 38 2 0
0 41 0 1
2
end_operator
begin_operator
move_two f7-3f f7-2f f8-2f straight3
0
3
0 3 106 104
0 38 2 0
0 41 0 1
2
end_operator
begin_operator
move_two f7-3f f8-3f f8-2f straight0
0
3
0 0 107 120
0 38 2 0
0 41 0 1
2
end_operator
begin_operator
move_two f7-3f f8-3f f8-2f straight1
0
3
0 2 107 120
0 38 2 0
0 41 0 1
2
end_operator
begin_operator
move_two f7-3f f8-3f f8-2f straight2
0
3
0 1 107 120
0 38 2 0
0 41 0 1
2
end_operator
begin_operator
move_two f7-3f f8-3f f8-2f straight3
0
3
0 3 107 120
0 38 2 0
0 41 0 1
2
end_operator
begin_operator
move_two f7-3f f8-3f f9-3f straight0
0
3
0 0 107 121
0 38 2 0
0 46 0 1
2
end_operator
begin_operator
move_two f7-3f f8-3f f9-3f straight1
0
3
0 2 107 121
0 38 2 0
0 46 0 1
2
end_operator
begin_operator
move_two f7-3f f8-3f f9-3f straight2
0
3
0 1 107 121
0 38 2 0
0 46 0 1
2
end_operator
begin_operator
move_two f7-3f f8-3f f9-3f straight3
0
3
0 3 107 121
0 38 2 0
0 46 0 1
2
end_operator
begin_operator
move_two f8-0f f7-0f f6-0f straight0
0
3
0 0 108 94
0 31 0 1
0 39 2 0
2
end_operator
begin_operator
move_two f8-0f f7-0f f6-0f straight1
0
3
0 2 108 94
0 31 0 1
0 39 2 0
2
end_operator
begin_operator
move_two f8-0f f7-0f f6-0f straight2
0
3
0 1 108 94
0 31 0 1
0 39 2 0
2
end_operator
begin_operator
move_two f8-0f f7-0f f6-0f straight3
0
3
0 3 108 94
0 31 0 1
0 39 2 0
2
end_operator
begin_operator
move_two f8-0f f7-0f f7-1f straight0
0
3
0 0 108 95
0 36 0 1
0 39 2 0
2
end_operator
begin_operator
move_two f8-0f f7-0f f7-1f straight1
0
3
0 2 108 95
0 36 0 1
0 39 2 0
2
end_operator
begin_operator
move_two f8-0f f7-0f f7-1f straight2
0
3
0 1 108 95
0 36 0 1
0 39 2 0
2
end_operator
begin_operator
move_two f8-0f f7-0f f7-1f straight3
0
3
0 3 108 95
0 36 0 1
0 39 2 0
2
end_operator
begin_operator
move_two f8-0f f8-1f f7-1f straight0
0
3
0 0 109 111
0 36 0 1
0 39 2 0
2
end_operator
begin_operator
move_two f8-0f f8-1f f7-1f straight1
0
3
0 2 109 111
0 36 0 1
0 39 2 0
2
end_operator
begin_operator
move_two f8-0f f8-1f f7-1f straight2
0
3
0 1 109 111
0 36 0 1
0 39 2 0
2
end_operator
begin_operator
move_two f8-0f f8-1f f7-1f straight3
0
3
0 3 109 111
0 36 0 1
0 39 2 0
2
end_operator
begin_operator
move_two f8-0f f8-1f f8-2f straight0
0
3
0 0 109 113
0 39 2 0
0 41 0 1
2
end_operator
begin_operator
move_two f8-0f f8-1f f8-2f straight1
0
3
0 2 109 113
0 39 2 0
0 41 0 1
2
end_operator
begin_operator
move_two f8-0f f8-1f f8-2f straight2
0
3
0 1 109 113
0 39 2 0
0 41 0 1
2
end_operator
begin_operator
move_two f8-0f f8-1f f8-2f straight3
0
3
0 3 109 113
0 39 2 0
0 41 0 1
2
end_operator
begin_operator
move_two f8-0f f8-1f f9-1f straight0
0
3
0 0 109 114
0 39 2 0
0 44 0 1
2
end_operator
begin_operator
move_two f8-0f f8-1f f9-1f straight1
0
3
0 2 109 114
0 39 2 0
0 44 0 1
2
end_operator
begin_operator
move_two f8-0f f8-1f f9-1f straight2
0
3
0 1 109 114
0 39 2 0
0 44 0 1
2
end_operator
begin_operator
move_two f8-0f f8-1f f9-1f straight3
0
3
0 3 109 114
0 39 2 0
0 44 0 1
2
end_operator
begin_operator
move_two f8-0f f9-0f f9-1f straight0
0
3
0 0 110 123
0 39 2 0
0 44 0 1
2
end_operator
begin_operator
move_two f8-0f f9-0f f9-1f straight1
0
3
0 2 110 123
0 39 2 0
0 44 0 1
2
end_operator
begin_operator
move_two f8-0f f9-0f f9-1f straight2
0
3
0 1 110 123
0 39 2 0
0 44 0 1
2
end_operator
begin_operator
move_two f8-0f f9-0f f9-1f straight3
0
3
0 3 110 123
0 39 2 0
0 44 0 1
2
end_operator
begin_operator
move_two f8-1f f7-1f f6-1f straight0
0
3
0 0 111 97
0 32 0 1
0 40 2 0
2
end_operator
begin_operator
move_two f8-1f f7-1f f6-1f straight1
0
3
0 2 111 97
0 32 0 1
0 40 2 0
2
end_operator
begin_operator
move_two f8-1f f7-1f f6-1f straight2
0
3
0 1 111 97
0 32 0 1
0 40 2 0
2
end_operator
begin_operator
move_two f8-1f f7-1f f6-1f straight3
0
3
0 3 111 97
0 32 0 1
0 40 2 0
2
end_operator
begin_operator
move_two f8-1f f7-1f f7-0f straight0
0
3
0 0 111 98
0 35 0 1
0 40 2 0
2
end_operator
begin_operator
move_two f8-1f f7-1f f7-0f straight1
0
3
0 2 111 98
0 35 0 1
0 40 2 0
2
end_operator
begin_operator
move_two f8-1f f7-1f f7-0f straight2
0
3
0 1 111 98
0 35 0 1
0 40 2 0
2
end_operator
begin_operator
move_two f8-1f f7-1f f7-0f straight3
0
3
0 3 111 98
0 35 0 1
0 40 2 0
2
end_operator
begin_operator
move_two f8-1f f7-1f f7-2f straight0
0
3
0 0 111 99
0 37 0 1
0 40 2 0
2
end_operator
begin_operator
move_two f8-1f f7-1f f7-2f straight1
0
3
0 2 111 99
0 37 0 1
0 40 2 0
2
end_operator
begin_operator
move_two f8-1f f7-1f f7-2f straight2
0
3
0 1 111 99
0 37 0 1
0 40 2 0
2
end_operator
begin_operator
move_two f8-1f f7-1f f7-2f straight3
0
3
0 3 111 99
0 37 0 1
0 40 2 0
2
end_operator
begin_operator
move_two f8-1f f8-0f f7-0f straight0
0
3
0 0 112 108
0 35 0 1
0 40 2 0
2
end_operator
begin_operator
move_two f8-1f f8-0f f7-0f straight1
0
3
0 2 112 108
0 35 0 1
0 40 2 0
2
end_operator
begin_operator
move_two f8-1f f8-0f f7-0f straight2
0
3
0 1 112 108
0 35 0 1
0 40 2 0
2
end_operator
begin_operator
move_two f8-1f f8-0f f7-0f straight3
0
3
0 3 112 108
0 35 0 1
0 40 2 0
2
end_operator
begin_operator
move_two f8-1f f8-0f f9-0f straight0
0
3
0 0 112 110
0 40 2 0
0 43 0 1
2
end_operator
begin_operator
move_two f8-1f f8-0f f9-0f straight1
0
3
0 2 112 110
0 40 2 0
0 43 0 1
2
end_operator
begin_operator
move_two f8-1f f8-0f f9-0f straight2
0
3
0 1 112 110
0 40 2 0
0 43 0 1
2
end_operator
begin_operator
move_two f8-1f f8-0f f9-0f straight3
0
3
0 3 112 110
0 40 2 0
0 43 0 1
2
end_operator
begin_operator
move_two f8-1f f8-2f f7-2f straight0
0
3
0 0 113 115
0 37 0 1
0 40 2 0
2
end_operator
begin_operator
move_two f8-1f f8-2f f7-2f straight1
0
3
0 2 113 115
0 37 0 1
0 40 2 0
2
end_operator
begin_operator
move_two f8-1f f8-2f f7-2f straight2
0
3
0 1 113 115
0 37 0 1
0 40 2 0
2
end_operator
begin_operator
move_two f8-1f f8-2f f7-2f straight3
0
3
0 3 113 115
0 37 0 1
0 40 2 0
2
end_operator
begin_operator
move_two f8-1f f8-2f f8-3f straight0
0
3
0 0 113 117
0 40 2 0
0 42 0 1
2
end_operator
begin_operator
move_two f8-1f f8-2f f8-3f straight1
0
3
0 2 113 117
0 40 2 0
0 42 0 1
2
end_operator
begin_operator
move_two f8-1f f8-2f f8-3f straight2
0
3
0 1 113 117
0 40 2 0
0 42 0 1
2
end_operator
begin_operator
move_two f8-1f f8-2f f8-3f straight3
0
3
0 3 113 117
0 40 2 0
0 42 0 1
2
end_operator
begin_operator
move_two f8-1f f8-2f f9-2f straight0
0
3
0 0 113 118
0 40 2 0
0 45 0 1
2
end_operator
begin_operator
move_two f8-1f f8-2f f9-2f straight1
0
3
0 2 113 118
0 40 2 0
0 45 0 1
2
end_operator
begin_operator
move_two f8-1f f8-2f f9-2f straight2
0
3
0 1 113 118
0 40 2 0
0 45 0 1
2
end_operator
begin_operator
move_two f8-1f f8-2f f9-2f straight3
0
3
0 3 113 118
0 40 2 0
0 45 0 1
2
end_operator
begin_operator
move_two f8-1f f9-1f f9-0f straight0
0
3
0 0 114 125
0 40 2 0
0 43 0 1
2
end_operator
begin_operator
move_two f8-1f f9-1f f9-0f straight1
0
3
0 2 114 125
0 40 2 0
0 43 0 1
2
end_operator
begin_operator
move_two f8-1f f9-1f f9-0f straight2
0
3
0 1 114 125
0 40 2 0
0 43 0 1
2
end_operator
begin_operator
move_two f8-1f f9-1f f9-0f straight3
0
3
0 3 114 125
0 40 2 0
0 43 0 1
2
end_operator
begin_operator
move_two f8-1f f9-1f f9-2f straight0
0
3
0 0 114 126
0 40 2 0
0 45 0 1
2
end_operator
begin_operator
move_two f8-1f f9-1f f9-2f straight1
0
3
0 2 114 126
0 40 2 0
0 45 0 1
2
end_operator
begin_operator
move_two f8-1f f9-1f f9-2f straight2
0
3
0 1 114 126
0 40 2 0
0 45 0 1
2
end_operator
begin_operator
move_two f8-1f f9-1f f9-2f straight3
0
3
0 3 114 126
0 40 2 0
0 45 0 1
2
end_operator
begin_operator
move_two f8-2f f7-2f f6-2f straight0
0
3
0 0 115 101
0 33 0 1
0 41 2 0
2
end_operator
begin_operator
move_two f8-2f f7-2f f6-2f straight1
0
3
0 2 115 101
0 33 0 1
0 41 2 0
2
end_operator
begin_operator
move_two f8-2f f7-2f f6-2f straight2
0
3
0 1 115 101
0 33 0 1
0 41 2 0
2
end_operator
begin_operator
move_two f8-2f f7-2f f6-2f straight3
0
3
0 3 115 101
0 33 0 1
0 41 2 0
2
end_operator
begin_operator
move_two f8-2f f7-2f f7-1f straight0
0
3
0 0 115 102
0 36 0 1
0 41 2 0
2
end_operator
begin_operator
move_two f8-2f f7-2f f7-1f straight1
0
3
0 2 115 102
0 36 0 1
0 41 2 0
2
end_operator
begin_operator
move_two f8-2f f7-2f f7-1f straight2
0
3
0 1 115 102
0 36 0 1
0 41 2 0
2
end_operator
begin_operator
move_two f8-2f f7-2f f7-1f straight3
0
3
0 3 115 102
0 36 0 1
0 41 2 0
2
end_operator
begin_operator
move_two f8-2f f7-2f f7-3f straight0
0
3
0 0 115 103
0 38 0 1
0 41 2 0
2
end_operator
begin_operator
move_two f8-2f f7-2f f7-3f straight1
0
3
0 2 115 103
0 38 0 1
0 41 2 0
2
end_operator
begin_operator
move_two f8-2f f7-2f f7-3f straight2
0
3
0 1 115 103
0 38 0 1
0 41 2 0
2
end_operator
begin_operator
move_two f8-2f f7-2f f7-3f straight3
0
3
0 3 115 103
0 38 0 1
0 41 2 0
2
end_operator
begin_operator
move_two f8-2f f8-1f f7-1f straight0
0
3
0 0 116 111
0 36 0 1
0 41 2 0
2
end_operator
begin_operator
move_two f8-2f f8-1f f7-1f straight1
0
3
0 2 116 111
0 36 0 1
0 41 2 0
2
end_operator
begin_operator
move_two f8-2f f8-1f f7-1f straight2
0
3
0 1 116 111
0 36 0 1
0 41 2 0
2
end_operator
begin_operator
move_two f8-2f f8-1f f7-1f straight3
0
3
0 3 116 111
0 36 0 1
0 41 2 0
2
end_operator
begin_operator
move_two f8-2f f8-1f f8-0f straight0
0
3
0 0 116 112
0 39 0 1
0 41 2 0
2
end_operator
begin_operator
move_two f8-2f f8-1f f8-0f straight1
0
3
0 2 116 112
0 39 0 1
0 41 2 0
2
end_operator
begin_operator
move_two f8-2f f8-1f f8-0f straight2
0
3
0 1 116 112
0 39 0 1
0 41 2 0
2
end_operator
begin_operator
move_two f8-2f f8-1f f8-0f straight3
0
3
0 3 116 112
0 39 0 1
0 41 2 0
2
end_operator
begin_operator
move_two f8-2f f8-1f f9-1f straight0
0
3
0 0 116 114
0 41 2 0
0 44 0 1
2
end_operator
begin_operator
move_two f8-2f f8-1f f9-1f straight1
0
3
0 2 116 114
0 41 2 0
0 44 0 1
2
end_operator
begin_operator
move_two f8-2f f8-1f f9-1f straight2
0
3
0 1 116 114
0 41 2 0
0 44 0 1
2
end_operator
begin_operator
move_two f8-2f f8-1f f9-1f straight3
0
3
0 3 116 114
0 41 2 0
0 44 0 1
2
end_operator
begin_operator
move_two f8-2f f8-3f f7-3f straight0
0
3
0 0 117 119
0 38 0 1
0 41 2 0
2
end_operator
begin_operator
move_two f8-2f f8-3f f7-3f straight1
0
3
0 2 117 119
0 38 0 1
0 41 2 0
2
end_operator
begin_operator
move_two f8-2f f8-3f f7-3f straight2
0
3
0 1 117 119
0 38 0 1
0 41 2 0
2
end_operator
begin_operator
move_two f8-2f f8-3f f7-3f straight3
0
3
0 3 117 119
0 38 0 1
0 41 2 0
2
end_operator
begin_operator
move_two f8-2f f8-3f f9-3f straight0
0
3
0 0 117 121
0 41 2 0
0 46 0 1
2
end_operator
begin_operator
move_two f8-2f f8-3f f9-3f straight1
0
3
0 2 117 121
0 41 2 0
0 46 0 1
2
end_operator
begin_operator
move_two f8-2f f8-3f f9-3f straight2
0
3
0 1 117 121
0 41 2 0
0 46 0 1
2
end_operator
begin_operator
move_two f8-2f f8-3f f9-3f straight3
0
3
0 3 117 121
0 41 2 0
0 46 0 1
2
end_operator
begin_operator
move_two f8-2f f9-2f f9-1f straight0
0
3
0 0 118 128
0 41 2 0
0 44 0 1
2
end_operator
begin_operator
move_two f8-2f f9-2f f9-1f straight1
0
3
0 2 118 128
0 41 2 0
0 44 0 1
2
end_operator
begin_operator
move_two f8-2f f9-2f f9-1f straight2
0
3
0 1 118 128
0 41 2 0
0 44 0 1
2
end_operator
begin_operator
move_two f8-2f f9-2f f9-1f straight3
0
3
0 3 118 128
0 41 2 0
0 44 0 1
2
end_operator
begin_operator
move_two f8-2f f9-2f f9-3f straight0
0
3
0 0 118 129
0 41 2 0
0 46 0 1
2
end_operator
begin_operator
move_two f8-2f f9-2f f9-3f straight1
0
3
0 2 118 129
0 41 2 0
0 46 0 1
2
end_operator
begin_operator
move_two f8-2f f9-2f f9-3f straight2
0
3
0 1 118 129
0 41 2 0
0 46 0 1
2
end_operator
begin_operator
move_two f8-2f f9-2f f9-3f straight3
0
3
0 3 118 129
0 41 2 0
0 46 0 1
2
end_operator
begin_operator
move_two f8-3f f7-3f f6-3f straight0
0
3
0 0 119 105
0 34 0 1
0 42 2 0
2
end_operator
begin_operator
move_two f8-3f f7-3f f6-3f straight1
0
3
0 2 119 105
0 34 0 1
0 42 2 0
2
end_operator
begin_operator
move_two f8-3f f7-3f f6-3f straight2
0
3
0 1 119 105
0 34 0 1
0 42 2 0
2
end_operator
begin_operator
move_two f8-3f f7-3f f6-3f straight3
0
3
0 3 119 105
0 34 0 1
0 42 2 0
2
end_operator
begin_operator
move_two f8-3f f7-3f f7-2f straight0
0
3
0 0 119 106
0 37 0 1
0 42 2 0
2
end_operator
begin_operator
move_two f8-3f f7-3f f7-2f straight1
0
3
0 2 119 106
0 37 0 1
0 42 2 0
2
end_operator
begin_operator
move_two f8-3f f7-3f f7-2f straight2
0
3
0 1 119 106
0 37 0 1
0 42 2 0
2
end_operator
begin_operator
move_two f8-3f f7-3f f7-2f straight3
0
3
0 3 119 106
0 37 0 1
0 42 2 0
2
end_operator
begin_operator
move_two f8-3f f8-2f f7-2f straight0
0
3
0 0 120 115
0 37 0 1
0 42 2 0
2
end_operator
begin_operator
move_two f8-3f f8-2f f7-2f straight1
0
3
0 2 120 115
0 37 0 1
0 42 2 0
2
end_operator
begin_operator
move_two f8-3f f8-2f f7-2f straight2
0
3
0 1 120 115
0 37 0 1
0 42 2 0
2
end_operator
begin_operator
move_two f8-3f f8-2f f7-2f straight3
0
3
0 3 120 115
0 37 0 1
0 42 2 0
2
end_operator
begin_operator
move_two f8-3f f8-2f f8-1f straight0
0
3
0 0 120 116
0 40 0 1
0 42 2 0
2
end_operator
begin_operator
move_two f8-3f f8-2f f8-1f straight1
0
3
0 2 120 116
0 40 0 1
0 42 2 0
2
end_operator
begin_operator
move_two f8-3f f8-2f f8-1f straight2
0
3
0 1 120 116
0 40 0 1
0 42 2 0
2
end_operator
begin_operator
move_two f8-3f f8-2f f8-1f straight3
0
3
0 3 120 116
0 40 0 1
0 42 2 0
2
end_operator
begin_operator
move_two f8-3f f8-2f f9-2f straight0
0
3
0 0 120 118
0 42 2 0
0 45 0 1
2
end_operator
begin_operator
move_two f8-3f f8-2f f9-2f straight1
0
3
0 2 120 118
0 42 2 0
0 45 0 1
2
end_operator
begin_operator
move_two f8-3f f8-2f f9-2f straight2
0
3
0 1 120 118
0 42 2 0
0 45 0 1
2
end_operator
begin_operator
move_two f8-3f f8-2f f9-2f straight3
0
3
0 3 120 118
0 42 2 0
0 45 0 1
2
end_operator
begin_operator
move_two f8-3f f9-3f f9-2f straight0
0
3
0 0 121 131
0 42 2 0
0 45 0 1
2
end_operator
begin_operator
move_two f8-3f f9-3f f9-2f straight1
0
3
0 2 121 131
0 42 2 0
0 45 0 1
2
end_operator
begin_operator
move_two f8-3f f9-3f f9-2f straight2
0
3
0 1 121 131
0 42 2 0
0 45 0 1
2
end_operator
begin_operator
move_two f8-3f f9-3f f9-2f straight3
0
3
0 3 121 131
0 42 2 0
0 45 0 1
2
end_operator
begin_operator
move_two f9-0f f8-0f f7-0f straight0
0
3
0 0 122 108
0 35 0 1
0 43 2 0
2
end_operator
begin_operator
move_two f9-0f f8-0f f7-0f straight1
0
3
0 2 122 108
0 35 0 1
0 43 2 0
2
end_operator
begin_operator
move_two f9-0f f8-0f f7-0f straight2
0
3
0 1 122 108
0 35 0 1
0 43 2 0
2
end_operator
begin_operator
move_two f9-0f f8-0f f7-0f straight3
0
3
0 3 122 108
0 35 0 1
0 43 2 0
2
end_operator
begin_operator
move_two f9-0f f8-0f f8-1f straight0
0
3
0 0 122 109
0 40 0 1
0 43 2 0
2
end_operator
begin_operator
move_two f9-0f f8-0f f8-1f straight1
0
3
0 2 122 109
0 40 0 1
0 43 2 0
2
end_operator
begin_operator
move_two f9-0f f8-0f f8-1f straight2
0
3
0 1 122 109
0 40 0 1
0 43 2 0
2
end_operator
begin_operator
move_two f9-0f f8-0f f8-1f straight3
0
3
0 3 122 109
0 40 0 1
0 43 2 0
2
end_operator
begin_operator
move_two f9-0f f9-1f f8-1f straight0
0
3
0 0 123 124
0 40 0 1
0 43 2 0
2
end_operator
begin_operator
move_two f9-0f f9-1f f8-1f straight1
0
3
0 2 123 124
0 40 0 1
0 43 2 0
2
end_operator
begin_operator
move_two f9-0f f9-1f f8-1f straight2
0
3
0 1 123 124
0 40 0 1
0 43 2 0
2
end_operator
begin_operator
move_two f9-0f f9-1f f8-1f straight3
0
3
0 3 123 124
0 40 0 1
0 43 2 0
2
end_operator
begin_operator
move_two f9-0f f9-1f f9-2f straight0
0
3
0 0 123 126
0 43 2 0
0 45 0 1
2
end_operator
begin_operator
move_two f9-0f f9-1f f9-2f straight1
0
3
0 2 123 126
0 43 2 0
0 45 0 1
2
end_operator
begin_operator
move_two f9-0f f9-1f f9-2f straight2
0
3
0 1 123 126
0 43 2 0
0 45 0 1
2
end_operator
begin_operator
move_two f9-0f f9-1f f9-2f straight3
0
3
0 3 123 126
0 43 2 0
0 45 0 1
2
end_operator
begin_operator
move_two f9-1f f8-1f f7-1f straight0
0
3
0 0 124 111
0 36 0 1
0 44 2 0
2
end_operator
begin_operator
move_two f9-1f f8-1f f7-1f straight1
0
3
0 2 124 111
0 36 0 1
0 44 2 0
2
end_operator
begin_operator
move_two f9-1f f8-1f f7-1f straight2
0
3
0 1 124 111
0 36 0 1
0 44 2 0
2
end_operator
begin_operator
move_two f9-1f f8-1f f7-1f straight3
0
3
0 3 124 111
0 36 0 1
0 44 2 0
2
end_operator
begin_operator
move_two f9-1f f8-1f f8-0f straight0
0
3
0 0 124 112
0 39 0 1
0 44 2 0
2
end_operator
begin_operator
move_two f9-1f f8-1f f8-0f straight1
0
3
0 2 124 112
0 39 0 1
0 44 2 0
2
end_operator
begin_operator
move_two f9-1f f8-1f f8-0f straight2
0
3
0 1 124 112
0 39 0 1
0 44 2 0
2
end_operator
begin_operator
move_two f9-1f f8-1f f8-0f straight3
0
3
0 3 124 112
0 39 0 1
0 44 2 0
2
end_operator
begin_operator
move_two f9-1f f8-1f f8-2f straight0
0
3
0 0 124 113
0 41 0 1
0 44 2 0
2
end_operator
begin_operator
move_two f9-1f f8-1f f8-2f straight1
0
3
0 2 124 113
0 41 0 1
0 44 2 0
2
end_operator
begin_operator
move_two f9-1f f8-1f f8-2f straight2
0
3
0 1 124 113
0 41 0 1
0 44 2 0
2
end_operator
begin_operator
move_two f9-1f f8-1f f8-2f straight3
0
3
0 3 124 113
0 41 0 1
0 44 2 0
2
end_operator
begin_operator
move_two f9-1f f9-0f f8-0f straight0
0
3
0 0 125 122
0 39 0 1
0 44 2 0
2
end_operator
begin_operator
move_two f9-1f f9-0f f8-0f straight1
0
3
0 2 125 122
0 39 0 1
0 44 2 0
2
end_operator
begin_operator
move_two f9-1f f9-0f f8-0f straight2
0
3
0 1 125 122
0 39 0 1
0 44 2 0
2
end_operator
begin_operator
move_two f9-1f f9-0f f8-0f straight3
0
3
0 3 125 122
0 39 0 1
0 44 2 0
2
end_operator
begin_operator
move_two f9-1f f9-2f f8-2f straight0
0
3
0 0 126 127
0 41 0 1
0 44 2 0
2
end_operator
begin_operator
move_two f9-1f f9-2f f8-2f straight1
0
3
0 2 126 127
0 41 0 1
0 44 2 0
2
end_operator
begin_operator
move_two f9-1f f9-2f f8-2f straight2
0
3
0 1 126 127
0 41 0 1
0 44 2 0
2
end_operator
begin_operator
move_two f9-1f f9-2f f8-2f straight3
0
3
0 3 126 127
0 41 0 1
0 44 2 0
2
end_operator
begin_operator
move_two f9-1f f9-2f f9-3f straight0
0
3
0 0 126 129
0 44 2 0
0 46 0 1
2
end_operator
begin_operator
move_two f9-1f f9-2f f9-3f straight1
0
3
0 2 126 129
0 44 2 0
0 46 0 1
2
end_operator
begin_operator
move_two f9-1f f9-2f f9-3f straight2
0
3
0 1 126 129
0 44 2 0
0 46 0 1
2
end_operator
begin_operator
move_two f9-1f f9-2f f9-3f straight3
0
3
0 3 126 129
0 44 2 0
0 46 0 1
2
end_operator
begin_operator
move_two f9-2f f8-2f f7-2f straight0
0
3
0 0 127 115
0 37 0 1
0 45 2 0
2
end_operator
begin_operator
move_two f9-2f f8-2f f7-2f straight1
0
3
0 2 127 115
0 37 0 1
0 45 2 0
2
end_operator
begin_operator
move_two f9-2f f8-2f f7-2f straight2
0
3
0 1 127 115
0 37 0 1
0 45 2 0
2
end_operator
begin_operator
move_two f9-2f f8-2f f7-2f straight3
0
3
0 3 127 115
0 37 0 1
0 45 2 0
2
end_operator
begin_operator
move_two f9-2f f8-2f f8-1f straight0
0
3
0 0 127 116
0 40 0 1
0 45 2 0
2
end_operator
begin_operator
move_two f9-2f f8-2f f8-1f straight1
0
3
0 2 127 116
0 40 0 1
0 45 2 0
2
end_operator
begin_operator
move_two f9-2f f8-2f f8-1f straight2
0
3
0 1 127 116
0 40 0 1
0 45 2 0
2
end_operator
begin_operator
move_two f9-2f f8-2f f8-1f straight3
0
3
0 3 127 116
0 40 0 1
0 45 2 0
2
end_operator
begin_operator
move_two f9-2f f8-2f f8-3f straight0
0
3
0 0 127 117
0 42 0 1
0 45 2 0
2
end_operator
begin_operator
move_two f9-2f f8-2f f8-3f straight1
0
3
0 2 127 117
0 42 0 1
0 45 2 0
2
end_operator
begin_operator
move_two f9-2f f8-2f f8-3f straight2
0
3
0 1 127 117
0 42 0 1
0 45 2 0
2
end_operator
begin_operator
move_two f9-2f f8-2f f8-3f straight3
0
3
0 3 127 117
0 42 0 1
0 45 2 0
2
end_operator
begin_operator
move_two f9-2f f9-1f f8-1f straight0
0
3
0 0 128 124
0 40 0 1
0 45 2 0
2
end_operator
begin_operator
move_two f9-2f f9-1f f8-1f straight1
0
3
0 2 128 124
0 40 0 1
0 45 2 0
2
end_operator
begin_operator
move_two f9-2f f9-1f f8-1f straight2
0
3
0 1 128 124
0 40 0 1
0 45 2 0
2
end_operator
begin_operator
move_two f9-2f f9-1f f8-1f straight3
0
3
0 3 128 124
0 40 0 1
0 45 2 0
2
end_operator
begin_operator
move_two f9-2f f9-1f f9-0f straight0
0
3
0 0 128 125
0 43 0 1
0 45 2 0
2
end_operator
begin_operator
move_two f9-2f f9-1f f9-0f straight1
0
3
0 2 128 125
0 43 0 1
0 45 2 0
2
end_operator
begin_operator
move_two f9-2f f9-1f f9-0f straight2
0
3
0 1 128 125
0 43 0 1
0 45 2 0
2
end_operator
begin_operator
move_two f9-2f f9-1f f9-0f straight3
0
3
0 3 128 125
0 43 0 1
0 45 2 0
2
end_operator
begin_operator
move_two f9-2f f9-3f f8-3f straight0
0
3
0 0 129 130
0 42 0 1
0 45 2 0
2
end_operator
begin_operator
move_two f9-2f f9-3f f8-3f straight1
0
3
0 2 129 130
0 42 0 1
0 45 2 0
2
end_operator
begin_operator
move_two f9-2f f9-3f f8-3f straight2
0
3
0 1 129 130
0 42 0 1
0 45 2 0
2
end_operator
begin_operator
move_two f9-2f f9-3f f8-3f straight3
0
3
0 3 129 130
0 42 0 1
0 45 2 0
2
end_operator
begin_operator
move_two f9-3f f8-3f f7-3f straight0
0
3
0 0 130 119
0 38 0 1
0 46 2 0
2
end_operator
begin_operator
move_two f9-3f f8-3f f7-3f straight1
0
3
0 2 130 119
0 38 0 1
0 46 2 0
2
end_operator
begin_operator
move_two f9-3f f8-3f f7-3f straight2
0
3
0 1 130 119
0 38 0 1
0 46 2 0
2
end_operator
begin_operator
move_two f9-3f f8-3f f7-3f straight3
0
3
0 3 130 119
0 38 0 1
0 46 2 0
2
end_operator
begin_operator
move_two f9-3f f8-3f f8-2f straight0
0
3
0 0 130 120
0 41 0 1
0 46 2 0
2
end_operator
begin_operator
move_two f9-3f f8-3f f8-2f straight1
0
3
0 2 130 120
0 41 0 1
0 46 2 0
2
end_operator
begin_operator
move_two f9-3f f8-3f f8-2f straight2
0
3
0 1 130 120
0 41 0 1
0 46 2 0
2
end_operator
begin_operator
move_two f9-3f f8-3f f8-2f straight3
0
3
0 3 130 120
0 41 0 1
0 46 2 0
2
end_operator
begin_operator
move_two f9-3f f9-2f f8-2f straight0
0
3
0 0 131 127
0 41 0 1
0 46 2 0
2
end_operator
begin_operator
move_two f9-3f f9-2f f8-2f straight1
0
3
0 2 131 127
0 41 0 1
0 46 2 0
2
end_operator
begin_operator
move_two f9-3f f9-2f f8-2f straight2
0
3
0 1 131 127
0 41 0 1
0 46 2 0
2
end_operator
begin_operator
move_two f9-3f f9-2f f8-2f straight3
0
3
0 3 131 127
0 41 0 1
0 46 2 0
2
end_operator
begin_operator
move_two f9-3f f9-2f f9-1f straight0
0
3
0 0 131 128
0 44 0 1
0 46 2 0
2
end_operator
begin_operator
move_two f9-3f f9-2f f9-1f straight1
0
3
0 2 131 128
0 44 0 1
0 46 2 0
2
end_operator
begin_operator
move_two f9-3f f9-2f f9-1f straight2
0
3
0 1 131 128
0 44 0 1
0 46 2 0
2
end_operator
begin_operator
move_two f9-3f f9-2f f9-1f straight3
0
3
0 3 131 128
0 44 0 1
0 46 2 0
2
end_operator
begin_operator
tnf-forget-0-0
0
1
0 0 0 132
0
end_operator
begin_operator
tnf-forget-0-1
0
1
0 0 1 132
0
end_operator
begin_operator
tnf-forget-0-2
0
1
0 0 2 132
0
end_operator
begin_operator
tnf-forget-0-3
0
1
0 0 3 132
0
end_operator
begin_operator
tnf-forget-0-4
0
1
0 0 4 132
0
end_operator
begin_operator
tnf-forget-0-5
0
1
0 0 5 132
0
end_operator
begin_operator
tnf-forget-0-6
0
1
0 0 6 132
0
end_operator
begin_operator
tnf-forget-0-7
0
1
0 0 7 132
0
end_operator
begin_operator
tnf-forget-0-8
0
1
0 0 8 132
0
end_operator
begin_operator
tnf-forget-0-9
0
1
0 0 9 132
0
end_operator
begin_operator
tnf-forget-0-10
0
1
0 0 10 132
0
end_operator
begin_operator
tnf-forget-0-11
0
1
0 0 11 132
0
end_operator
begin_operator
tnf-forget-0-12
0
1
0 0 12 132
0
end_operator
begin_operator
tnf-forget-0-13
0
1
0 0 13 132
0
end_operator
begin_operator
tnf-forget-0-14
0
1
0 0 14 132
0
end_operator
begin_operator
tnf-forget-0-15
0
1
0 0 15 132
0
end_operator
begin_operator
tnf-forget-0-16
0
1
0 0 16 132
0
end_operator
begin_operator
tnf-forget-0-17
0
1
0 0 17 132
0
end_operator
begin_operator
tnf-forget-0-18
0
1
0 0 18 132
0
end_operator
begin_operator
tnf-forget-0-19
0
1
0 0 19 132
0
end_operator
begin_operator
tnf-forget-0-20
0
1
0 0 20 132
0
end_operator
begin_operator
tnf-forget-0-21
0
1
0 0 21 132
0
end_operator
begin_operator
tnf-forget-0-22
0
1
0 0 22 132
0
end_operator
begin_operator
tnf-forget-0-23
0
1
0 0 23 132
0
end_operator
begin_operator
tnf-forget-0-24
0
1
0 0 24 132
0
end_operator
begin_operator
tnf-forget-0-25
0
1
0 0 25 132
0
end_operator
begin_operator
tnf-forget-0-26
0
1
0 0 26 132
0
end_operator
begin_operator
tnf-forget-0-27
0
1
0 0 27 132
0
end_operator
begin_operator
tnf-forget-0-28
0
1
0 0 28 132
0
end_operator
begin_operator
tnf-forget-0-29
0
1
0 0 29 132
0
end_operator
begin_operator
tnf-forget-0-30
0
1
0 0 30 132
0
end_operator
begin_operator
tnf-forget-0-31
0
1
0 0 31 132
0
end_operator
begin_operator
tnf-forget-0-32
0
1
0 0 32 132
0
end_operator
begin_operator
tnf-forget-0-33
0
1
0 0 33 132
0
end_operator
begin_operator
tnf-forget-0-34
0
1
0 0 34 132
0
end_operator
begin_operator
tnf-forget-0-35
0
1
0 0 35 132
0
end_operator
begin_operator
tnf-forget-0-36
0
1
0 0 36 132
0
end_operator
begin_operator
tnf-forget-0-37
0
1
0 0 37 132
0
end_operator
begin_operator
tnf-forget-0-38
0
1
0 0 38 132
0
end_operator
begin_operator
tnf-forget-0-39
0
1
0 0 39 132
0
end_operator
begin_operator
tnf-forget-0-40
0
1
0 0 40 132
0
end_operator
begin_operator
tnf-forget-0-41
0
1
0 0 41 132
0
end_operator
begin_operator
tnf-forget-0-42
0
1
0 0 42 132
0
end_operator
begin_operator
tnf-forget-0-43
0
1
0 0 43 132
0
end_operator
begin_operator
tnf-forget-0-44
0
1
0 0 44 132
0
end_operator
begin_operator
tnf-forget-0-45
0
1
0 0 45 132
0
end_operator
begin_operator
tnf-forget-0-46
0
1
0 0 46 132
0
end_operator
begin_operator
tnf-forget-0-47
0
1
0 0 47 132
0
end_operator
begin_operator
tnf-forget-0-48
0
1
0 0 48 132
0
end_operator
begin_operator
tnf-forget-0-49
0
1
0 0 49 132
0
end_operator
begin_operator
tnf-forget-0-50
0
1
0 0 50 132
0
end_operator
begin_operator
tnf-forget-0-51
0
1
0 0 51 132
0
end_operator
begin_operator
tnf-forget-0-52
0
1
0 0 52 132
0
end_operator
begin_operator
tnf-forget-0-53
0
1
0 0 53 132
0
end_operator
begin_operator
tnf-forget-0-54
0
1
0 0 54 132
0
end_operator
begin_operator
tnf-forget-0-55
0
1
0 0 55 132
0
end_operator
begin_operator
tnf-forget-0-56
0
1
0 0 56 132
0
end_operator
begin_operator
tnf-forget-0-57
0
1
0 0 57 132
0
end_operator
begin_operator
tnf-forget-0-58
0
1
0 0 58 132
0
end_operator
begin_operator
tnf-forget-0-59
0
1
0 0 59 132
0
end_operator
begin_operator
tnf-forget-0-60
0
1
0 0 60 132
0
end_operator
begin_operator
tnf-forget-0-61
0
1
0 0 61 132
0
end_operator
begin_operator
tnf-forget-0-62
0
1
0 0 62 132
0
end_operator
begin_operator
tnf-forget-0-63
0
1
0 0 63 132
0
end_operator
begin_operator
tnf-forget-0-64
0
1
0 0 64 132
0
end_operator
begin_operator
tnf-forget-0-65
0
1
0 0 65 132
0
end_operator
begin_operator
tnf-forget-0-66
0
1
0 0 66 132
0
end_operator
begin_operator
tnf-forget-0-67
0
1
0 0 67 132
0
end_operator
begin_operator
tnf-forget-0-68
0
1
0 0 68 132
0
end_operator
begin_operator
tnf-forget-0-69
0
1
0 0 69 132
0
end_operator
begin_operator
tnf-forget-0-70
0
1
0 0 70 132
0
end_operator
begin_operator
tnf-forget-0-71
0
1
0 0 71 132
0
end_operator
begin_operator
tnf-forget-0-72
0
1
0 0 72 132
0
end_operator
begin_operator
tnf-forget-0-73
0
1
0 0 73 132
0
end_operator
begin_operator
tnf-forget-0-74
0
1
0 0 74 132
0
end_operator
begin_operator
tnf-forget-0-75
0
1
0 0 75 132
0
end_operator
begin_operator
tnf-forget-0-76
0
1
0 0 76 132
0
end_operator
begin_operator
tnf-forget-0-77
0
1
0 0 77 132
0
end_operator
begin_operator
tnf-forget-0-78
0
1
0 0 78 132
0
end_operator
begin_operator
tnf-forget-0-79
0
1
0 0 79 132
0
end_operator
begin_operator
tnf-forget-0-80
0
1
0 0 80 132
0
end_operator
begin_operator
tnf-forget-0-81
0
1
0 0 81 132
0
end_operator
begin_operator
tnf-forget-0-82
0
1
0 0 82 132
0
end_operator
begin_operator
tnf-forget-0-83
0
1
0 0 83 132
0
end_operator
begin_operator
tnf-forget-0-84
0
1
0 0 84 132
0
end_operator
begin_operator
tnf-forget-0-85
0
1
0 0 85 132
0
end_operator
begin_operator
tnf-forget-0-86
0
1
0 0 86 132
0
end_operator
begin_operator
tnf-forget-0-87
0
1
0 0 87 132
0
end_operator
begin_operator
tnf-forget-0-88
0
1
0 0 88 132
0
end_operator
begin_operator
tnf-forget-0-89
0
1
0 0 89 132
0
end_operator
begin_operator
tnf-forget-0-90
0
1
0 0 90 132
0
end_operator
begin_operator
tnf-forget-0-91
0
1
0 0 91 132
0
end_operator
begin_operator
tnf-forget-0-92
0
1
0 0 92 132
0
end_operator
begin_operator
tnf-forget-0-93
0
1
0 0 93 132
0
end_operator
begin_operator
tnf-forget-0-94
0
1
0 0 94 132
0
end_operator
begin_operator
tnf-forget-0-95
0
1
0 0 95 132
0
end_operator
begin_operator
tnf-forget-0-96
0
1
0 0 96 132
0
end_operator
begin_operator
tnf-forget-0-97
0
1
0 0 97 132
0
end_operator
begin_operator
tnf-forget-0-98
0
1
0 0 98 132
0
end_operator
begin_operator
tnf-forget-0-99
0
1
0 0 99 132
0
end_operator
begin_operator
tnf-forget-0-100
0
1
0 0 100 132
0
end_operator
begin_operator
tnf-forget-0-101
0
1
0 0 101 132
0
end_operator
begin_operator
tnf-forget-0-102
0
1
0 0 102 132
0
end_operator
begin_operator
tnf-forget-0-103
0
1
0 0 103 132
0
end_operator
begin_operator
tnf-forget-0-104
0
1
0 0 104 132
0
end_operator
begin_operator
tnf-forget-0-105
0
1
0 0 105 132
0
end_operator
begin_operator
tnf-forget-0-106
0
1
0 0 106 132
0
end_operator
begin_operator
tnf-forget-0-107
0
1
0 0 107 132
0
end_operator
begin_operator
tnf-forget-0-108
0
1
0 0 108 132
0
end_operator
begin_operator
tnf-forget-0-109
0
1
0 0 109 132
0
end_operator
begin_operator
tnf-forget-0-110
0
1
0 0 110 132
0
end_operator
begin_operator
tnf-forget-0-111
0
1
0 0 111 132
0
end_operator
begin_operator
tnf-forget-0-112
0
1
0 0 112 132
0
end_operator
begin_operator
tnf-forget-0-113
0
1
0 0 113 132
0
end_operator
begin_operator
tnf-forget-0-114
0
1
0 0 114 132
0
end_operator
begin_operator
tnf-forget-0-115
0
1
0 0 115 132
0
end_operator
begin_operator
tnf-forget-0-116
0
1
0 0 116 132
0
end_operator
begin_operator
tnf-forget-0-117
0
1
0 0 117 132
0
end_operator
begin_operator
tnf-forget-0-118
0
1
0 0 118 132
0
end_operator
begin_operator
tnf-forget-0-119
0
1
0 0 119 132
0
end_operator
begin_operator
tnf-forget-0-120
0
1
0 0 120 132
0
end_operator
begin_operator
tnf-forget-0-121
0
1
0 0 121 132
0
end_operator
begin_operator
tnf-forget-0-122
0
1
0 0 122 132
0
end_operator
begin_operator
tnf-forget-0-123
0
1
0 0 123 132
0
end_operator
begin_operator
tnf-forget-0-124
0
1
0 0 124 132
0
end_operator
begin_operator
tnf-forget-0-125
0
1
0 0 125 132
0
end_operator
begin_operator
tnf-forget-0-126
0
1
0 0 126 132
0
end_operator
begin_operator
tnf-forget-0-127
0
1
0 0 127 132
0
end_operator
begin_operator
tnf-forget-0-128
0
1
0 0 128 132
0
end_operator
begin_operator
tnf-forget-0-129
0
1
0 0 129 132
0
end_operator
begin_operator
tnf-forget-0-130
0
1
0 0 130 132
0
end_operator
begin_operator
tnf-forget-0-131
0
1
0 0 131 132
0
end_operator
begin_operator
tnf-forget-1-0
0
1
0 1 0 132
0
end_operator
begin_operator
tnf-forget-1-1
0
1
0 1 1 132
0
end_operator
begin_operator
tnf-forget-1-2
0
1
0 1 2 132
0
end_operator
begin_operator
tnf-forget-1-3
0
1
0 1 3 132
0
end_operator
begin_operator
tnf-forget-1-4
0
1
0 1 4 132
0
end_operator
begin_operator
tnf-forget-1-5
0
1
0 1 5 132
0
end_operator
begin_operator
tnf-forget-1-6
0
1
0 1 6 132
0
end_operator
begin_operator
tnf-forget-1-7
0
1
0 1 7 132
0
end_operator
begin_operator
tnf-forget-1-8
0
1
0 1 8 132
0
end_operator
begin_operator
tnf-forget-1-9
0
1
0 1 9 132
0
end_operator
begin_operator
tnf-forget-1-10
0
1
0 1 10 132
0
end_operator
begin_operator
tnf-forget-1-11
0
1
0 1 11 132
0
end_operator
begin_operator
tnf-forget-1-12
0
1
0 1 12 132
0
end_operator
begin_operator
tnf-forget-1-13
0
1
0 1 13 132
0
end_operator
begin_operator
tnf-forget-1-14
0
1
0 1 14 132
0
end_operator
begin_operator
tnf-forget-1-15
0
1
0 1 15 132
0
end_operator
begin_operator
tnf-forget-1-16
0
1
0 1 16 132
0
end_operator
begin_operator
tnf-forget-1-17
0
1
0 1 17 132
0
end_operator
begin_operator
tnf-forget-1-18
0
1
0 1 18 132
0
end_operator
begin_operator
tnf-forget-1-19
0
1
0 1 19 132
0
end_operator
begin_operator
tnf-forget-1-20
0
1
0 1 20 132
0
end_operator
begin_operator
tnf-forget-1-21
0
1
0 1 21 132
0
end_operator
begin_operator
tnf-forget-1-22
0
1
0 1 22 132
0
end_operator
begin_operator
tnf-forget-1-23
0
1
0 1 23 132
0
end_operator
begin_operator
tnf-forget-1-24
0
1
0 1 24 132
0
end_operator
begin_operator
tnf-forget-1-25
0
1
0 1 25 132
0
end_operator
begin_operator
tnf-forget-1-26
0
1
0 1 26 132
0
end_operator
begin_operator
tnf-forget-1-27
0
1
0 1 27 132
0
end_operator
begin_operator
tnf-forget-1-28
0
1
0 1 28 132
0
end_operator
begin_operator
tnf-forget-1-29
0
1
0 1 29 132
0
end_operator
begin_operator
tnf-forget-1-30
0
1
0 1 30 132
0
end_operator
begin_operator
tnf-forget-1-31
0
1
0 1 31 132
0
end_operator
begin_operator
tnf-forget-1-32
0
1
0 1 32 132
0
end_operator
begin_operator
tnf-forget-1-33
0
1
0 1 33 132
0
end_operator
begin_operator
tnf-forget-1-34
0
1
0 1 34 132
0
end_operator
begin_operator
tnf-forget-1-35
0
1
0 1 35 132
0
end_operator
begin_operator
tnf-forget-1-36
0
1
0 1 36 132
0
end_operator
begin_operator
tnf-forget-1-37
0
1
0 1 37 132
0
end_operator
begin_operator
tnf-forget-1-38
0
1
0 1 38 132
0
end_operator
begin_operator
tnf-forget-1-39
0
1
0 1 39 132
0
end_operator
begin_operator
tnf-forget-1-40
0
1
0 1 40 132
0
end_operator
begin_operator
tnf-forget-1-41
0
1
0 1 41 132
0
end_operator
begin_operator
tnf-forget-1-42
0
1
0 1 42 132
0
end_operator
begin_operator
tnf-forget-1-43
0
1
0 1 43 132
0
end_operator
begin_operator
tnf-forget-1-44
0
1
0 1 44 132
0
end_operator
begin_operator
tnf-forget-1-45
0
1
0 1 45 132
0
end_operator
begin_operator
tnf-forget-1-46
0
1
0 1 46 132
0
end_operator
begin_operator
tnf-forget-1-47
0
1
0 1 47 132
0
end_operator
begin_operator
tnf-forget-1-48
0
1
0 1 48 132
0
end_operator
begin_operator
tnf-forget-1-49
0
1
0 1 49 132
0
end_operator
begin_operator
tnf-forget-1-50
0
1
0 1 50 132
0
end_operator
begin_operator
tnf-forget-1-51
0
1
0 1 51 132
0
end_operator
begin_operator
tnf-forget-1-52
0
1
0 1 52 132
0
end_operator
begin_operator
tnf-forget-1-53
0
1
0 1 53 132
0
end_operator
begin_operator
tnf-forget-1-54
0
1
0 1 54 132
0
end_operator
begin_operator
tnf-forget-1-55
0
1
0 1 55 132
0
end_operator
begin_operator
tnf-forget-1-56
0
1
0 1 56 132
0
end_operator
begin_operator
tnf-forget-1-57
0
1
0 1 57 132
0
end_operator
begin_operator
tnf-forget-1-58
0
1
0 1 58 132
0
end_operator
begin_operator
tnf-forget-1-59
0
1
0 1 59 132
0
end_operator
begin_operator
tnf-forget-1-60
0
1
0 1 60 132
0
end_operator
begin_operator
tnf-forget-1-61
0
1
0 1 61 132
0
end_operator
begin_operator
tnf-forget-1-62
0
1
0 1 62 132
0
end_operator
begin_operator
tnf-forget-1-63
0
1
0 1 63 132
0
end_operator
begin_operator
tnf-forget-1-64
0
1
0 1 64 132
0
end_operator
begin_operator
tnf-forget-1-65
0
1
0 1 65 132
0
end_operator
begin_operator
tnf-forget-1-66
0
1
0 1 66 132
0
end_operator
begin_operator
tnf-forget-1-67
0
1
0 1 67 132
0
end_operator
begin_operator
tnf-forget-1-68
0
1
0 1 68 132
0
end_operator
begin_operator
tnf-forget-1-69
0
1
0 1 69 132
0
end_operator
begin_operator
tnf-forget-1-70
0
1
0 1 70 132
0
end_operator
begin_operator
tnf-forget-1-71
0
1
0 1 71 132
0
end_operator
begin_operator
tnf-forget-1-72
0
1
0 1 72 132
0
end_operator
begin_operator
tnf-forget-1-73
0
1
0 1 73 132
0
end_operator
begin_operator
tnf-forget-1-74
0
1
0 1 74 132
0
end_operator
begin_operator
tnf-forget-1-75
0
1
0 1 75 132
0
end_operator
begin_operator
tnf-forget-1-76
0
1
0 1 76 132
0
end_operator
begin_operator
tnf-forget-1-77
0
1
0 1 77 132
0
end_operator
begin_operator
tnf-forget-1-78
0
1
0 1 78 132
0
end_operator
begin_operator
tnf-forget-1-79
0
1
0 1 79 132
0
end_operator
begin_operator
tnf-forget-1-80
0
1
0 1 80 132
0
end_operator
begin_operator
tnf-forget-1-81
0
1
0 1 81 132
0
end_operator
begin_operator
tnf-forget-1-82
0
1
0 1 82 132
0
end_operator
begin_operator
tnf-forget-1-83
0
1
0 1 83 132
0
end_operator
begin_operator
tnf-forget-1-84
0
1
0 1 84 132
0
end_operator
begin_operator
tnf-forget-1-85
0
1
0 1 85 132
0
end_operator
begin_operator
tnf-forget-1-86
0
1
0 1 86 132
0
end_operator
begin_operator
tnf-forget-1-87
0
1
0 1 87 132
0
end_operator
begin_operator
tnf-forget-1-88
0
1
0 1 88 132
0
end_operator
begin_operator
tnf-forget-1-89
0
1
0 1 89 132
0
end_operator
begin_operator
tnf-forget-1-90
0
1
0 1 90 132
0
end_operator
begin_operator
tnf-forget-1-91
0
1
0 1 91 132
0
end_operator
begin_operator
tnf-forget-1-92
0
1
0 1 92 132
0
end_operator
begin_operator
tnf-forget-1-93
0
1
0 1 93 132
0
end_operator
begin_operator
tnf-forget-1-94
0
1
0 1 94 132
0
end_operator
begin_operator
tnf-forget-1-95
0
1
0 1 95 132
0
end_operator
begin_operator
tnf-forget-1-96
0
1
0 1 96 132
0
end_operator
begin_operator
tnf-forget-1-97
0
1
0 1 97 132
0
end_operator
begin_operator
tnf-forget-1-98
0
1
0 1 98 132
0
end_operator
begin_operator
tnf-forget-1-99
0
1
0 1 99 132
0
end_operator
begin_operator
tnf-forget-1-100
0
1
0 1 100 132
0
end_operator
begin_operator
tnf-forget-1-101
0
1
0 1 101 132
0
end_operator
begin_operator
tnf-forget-1-102
0
1
0 1 102 132
0
end_operator
begin_operator
tnf-forget-1-103
0
1
0 1 103 132
0
end_operator
begin_operator
tnf-forget-1-104
0
1
0 1 104 132
0
end_operator
begin_operator
tnf-forget-1-105
0
1
0 1 105 132
0
end_operator
begin_operator
tnf-forget-1-106
0
1
0 1 106 132
0
end_operator
begin_operator
tnf-forget-1-107
0
1
0 1 107 132
0
end_operator
begin_operator
tnf-forget-1-108
0
1
0 1 108 132
0
end_operator
begin_operator
tnf-forget-1-109
0
1
0 1 109 132
0
end_operator
begin_operator
tnf-forget-1-110
0
1
0 1 110 132
0
end_operator
begin_operator
tnf-forget-1-111
0
1
0 1 111 132
0
end_operator
begin_operator
tnf-forget-1-112
0
1
0 1 112 132
0
end_operator
begin_operator
tnf-forget-1-113
0
1
0 1 113 132
0
end_operator
begin_operator
tnf-forget-1-114
0
1
0 1 114 132
0
end_operator
begin_operator
tnf-forget-1-115
0
1
0 1 115 132
0
end_operator
begin_operator
tnf-forget-1-116
0
1
0 1 116 132
0
end_operator
begin_operator
tnf-forget-1-117
0
1
0 1 117 132
0
end_operator
begin_operator
tnf-forget-1-118
0
1
0 1 118 132
0
end_operator
begin_operator
tnf-forget-1-119
0
1
0 1 119 132
0
end_operator
begin_operator
tnf-forget-1-120
0
1
0 1 120 132
0
end_operator
begin_operator
tnf-forget-1-121
0
1
0 1 121 132
0
end_operator
begin_operator
tnf-forget-1-122
0
1
0 1 122 132
0
end_operator
begin_operator
tnf-forget-1-123
0
1
0 1 123 132
0
end_operator
begin_operator
tnf-forget-1-124
0
1
0 1 124 132
0
end_operator
begin_operator
tnf-forget-1-125
0
1
0 1 125 132
0
end_operator
begin_operator
tnf-forget-1-126
0
1
0 1 126 132
0
end_operator
begin_operator
tnf-forget-1-127
0
1
0 1 127 132
0
end_operator
begin_operator
tnf-forget-1-128
0
1
0 1 128 132
0
end_operator
begin_operator
tnf-forget-1-129
0
1
0 1 129 132
0
end_operator
begin_operator
tnf-forget-1-130
0
1
0 1 130 132
0
end_operator
begin_operator
tnf-forget-1-131
0
1
0 1 131 132
0
end_operator
begin_operator
tnf-forget-2-0
0
1
0 2 0 132
0
end_operator
begin_operator
tnf-forget-2-1
0
1
0 2 1 132
0
end_operator
begin_operator
tnf-forget-2-2
0
1
0 2 2 132
0
end_operator
begin_operator
tnf-forget-2-3
0
1
0 2 3 132
0
end_operator
begin_operator
tnf-forget-2-4
0
1
0 2 4 132
0
end_operator
begin_operator
tnf-forget-2-5
0
1
0 2 5 132
0
end_operator
begin_operator
tnf-forget-2-6
0
1
0 2 6 132
0
end_operator
begin_operator
tnf-forget-2-7
0
1
0 2 7 132
0
end_operator
begin_operator
tnf-forget-2-8
0
1
0 2 8 132
0
end_operator
begin_operator
tnf-forget-2-9
0
1
0 2 9 132
0
end_operator
begin_operator
tnf-forget-2-10
0
1
0 2 10 132
0
end_operator
begin_operator
tnf-forget-2-11
0
1
0 2 11 132
0
end_operator
begin_operator
tnf-forget-2-12
0
1
0 2 12 132
0
end_operator
begin_operator
tnf-forget-2-13
0
1
0 2 13 132
0
end_operator
begin_operator
tnf-forget-2-14
0
1
0 2 14 132
0
end_operator
begin_operator
tnf-forget-2-15
0
1
0 2 15 132
0
end_operator
begin_operator
tnf-forget-2-16
0
1
0 2 16 132
0
end_operator
begin_operator
tnf-forget-2-17
0
1
0 2 17 132
0
end_operator
begin_operator
tnf-forget-2-18
0
1
0 2 18 132
0
end_operator
begin_operator
tnf-forget-2-19
0
1
0 2 19 132
0
end_operator
begin_operator
tnf-forget-2-20
0
1
0 2 20 132
0
end_operator
begin_operator
tnf-forget-2-21
0
1
0 2 21 132
0
end_operator
begin_operator
tnf-forget-2-22
0
1
0 2 22 132
0
end_operator
begin_operator
tnf-forget-2-23
0
1
0 2 23 132
0
end_operator
begin_operator
tnf-forget-2-24
0
1
0 2 24 132
0
end_operator
begin_operator
tnf-forget-2-25
0
1
0 2 25 132
0
end_operator
begin_operator
tnf-forget-2-26
0
1
0 2 26 132
0
end_operator
begin_operator
tnf-forget-2-27
0
1
0 2 27 132
0
end_operator
begin_operator
tnf-forget-2-28
0
1
0 2 28 132
0
end_operator
begin_operator
tnf-forget-2-29
0
1
0 2 29 132
0
end_operator
begin_operator
tnf-forget-2-30
0
1
0 2 30 132
0
end_operator
begin_operator
tnf-forget-2-31
0
1
0 2 31 132
0
end_operator
begin_operator
tnf-forget-2-32
0
1
0 2 32 132
0
end_operator
begin_operator
tnf-forget-2-33
0
1
0 2 33 132
0
end_operator
begin_operator
tnf-forget-2-34
0
1
0 2 34 132
0
end_operator
begin_operator
tnf-forget-2-35
0
1
0 2 35 132
0
end_operator
begin_operator
tnf-forget-2-36
0
1
0 2 36 132
0
end_operator
begin_operator
tnf-forget-2-37
0
1
0 2 37 132
0
end_operator
begin_operator
tnf-forget-2-38
0
1
0 2 38 132
0
end_operator
begin_operator
tnf-forget-2-39
0
1
0 2 39 132
0
end_operator
begin_operator
tnf-forget-2-40
0
1
0 2 40 132
0
end_operator
begin_operator
tnf-forget-2-41
0
1
0 2 41 132
0
end_operator
begin_operator
tnf-forget-2-42
0
1
0 2 42 132
0
end_operator
begin_operator
tnf-forget-2-43
0
1
0 2 43 132
0
end_operator
begin_operator
tnf-forget-2-44
0
1
0 2 44 132
0
end_operator
begin_operator
tnf-forget-2-45
0
1
0 2 45 132
0
end_operator
begin_operator
tnf-forget-2-46
0
1
0 2 46 132
0
end_operator
begin_operator
tnf-forget-2-47
0
1
0 2 47 132
0
end_operator
begin_operator
tnf-forget-2-48
0
1
0 2 48 132
0
end_operator
begin_operator
tnf-forget-2-49
0
1
0 2 49 132
0
end_operator
begin_operator
tnf-forget-2-50
0
1
0 2 50 132
0
end_operator
begin_operator
tnf-forget-2-51
0
1
0 2 51 132
0
end_operator
begin_operator
tnf-forget-2-52
0
1
0 2 52 132
0
end_operator
begin_operator
tnf-forget-2-53
0
1
0 2 53 132
0
end_operator
begin_operator
tnf-forget-2-54
0
1
0 2 54 132
0
end_operator
begin_operator
tnf-forget-2-55
0
1
0 2 55 132
0
end_operator
begin_operator
tnf-forget-2-56
0
1
0 2 56 132
0
end_operator
begin_operator
tnf-forget-2-57
0
1
0 2 57 132
0
end_operator
begin_operator
tnf-forget-2-58
0
1
0 2 58 132
0
end_operator
begin_operator
tnf-forget-2-59
0
1
0 2 59 132
0
end_operator
begin_operator
tnf-forget-2-60
0
1
0 2 60 132
0
end_operator
begin_operator
tnf-forget-2-61
0
1
0 2 61 132
0
end_operator
begin_operator
tnf-forget-2-62
0
1
0 2 62 132
0
end_operator
begin_operator
tnf-forget-2-63
0
1
0 2 63 132
0
end_operator
begin_operator
tnf-forget-2-64
0
1
0 2 64 132
0
end_operator
begin_operator
tnf-forget-2-65
0
1
0 2 65 132
0
end_operator
begin_operator
tnf-forget-2-66
0
1
0 2 66 132
0
end_operator
begin_operator
tnf-forget-2-67
0
1
0 2 67 132
0
end_operator
begin_operator
tnf-forget-2-68
0
1
0 2 68 132
0
end_operator
begin_operator
tnf-forget-2-69
0
1
0 2 69 132
0
end_operator
begin_operator
tnf-forget-2-70
0
1
0 2 70 132
0
end_operator
begin_operator
tnf-forget-2-71
0
1
0 2 71 132
0
end_operator
begin_operator
tnf-forget-2-72
0
1
0 2 72 132
0
end_operator
begin_operator
tnf-forget-2-73
0
1
0 2 73 132
0
end_operator
begin_operator
tnf-forget-2-74
0
1
0 2 74 132
0
end_operator
begin_operator
tnf-forget-2-75
0
1
0 2 75 132
0
end_operator
begin_operator
tnf-forget-2-76
0
1
0 2 76 132
0
end_operator
begin_operator
tnf-forget-2-77
0
1
0 2 77 132
0
end_operator
begin_operator
tnf-forget-2-78
0
1
0 2 78 132
0
end_operator
begin_operator
tnf-forget-2-79
0
1
0 2 79 132
0
end_operator
begin_operator
tnf-forget-2-80
0
1
0 2 80 132
0
end_operator
begin_operator
tnf-forget-2-81
0
1
0 2 81 132
0
end_operator
begin_operator
tnf-forget-2-82
0
1
0 2 82 132
0
end_operator
begin_operator
tnf-forget-2-83
0
1
0 2 83 132
0
end_operator
begin_operator
tnf-forget-2-84
0
1
0 2 84 132
0
end_operator
begin_operator
tnf-forget-2-85
0
1
0 2 85 132
0
end_operator
begin_operator
tnf-forget-2-86
0
1
0 2 86 132
0
end_operator
begin_operator
tnf-forget-2-87
0
1
0 2 87 132
0
end_operator
begin_operator
tnf-forget-2-88
0
1
0 2 88 132
0
end_operator
begin_operator
tnf-forget-2-89
0
1
0 2 89 132
0
end_operator
begin_operator
tnf-forget-2-90
0
1
0 2 90 132
0
end_operator
begin_operator
tnf-forget-2-91
0
1
0 2 91 132
0
end_operator
begin_operator
tnf-forget-2-92
0
1
0 2 92 132
0
end_operator
begin_operator
tnf-forget-2-93
0
1
0 2 93 132
0
end_operator
begin_operator
tnf-forget-2-94
0
1
0 2 94 132
0
end_operator
begin_operator
tnf-forget-2-95
0
1
0 2 95 132
0
end_operator
begin_operator
tnf-forget-2-96
0
1
0 2 96 132
0
end_operator
begin_operator
tnf-forget-2-97
0
1
0 2 97 132
0
end_operator
begin_operator
tnf-forget-2-98
0
1
0 2 98 132
0
end_operator
begin_operator
tnf-forget-2-99
0
1
0 2 99 132
0
end_operator
begin_operator
tnf-forget-2-100
0
1
0 2 100 132
0
end_operator
begin_operator
tnf-forget-2-101
0
1
0 2 101 132
0
end_operator
begin_operator
tnf-forget-2-102
0
1
0 2 102 132
0
end_operator
begin_operator
tnf-forget-2-103
0
1
0 2 103 132
0
end_operator
begin_operator
tnf-forget-2-104
0
1
0 2 104 132
0
end_operator
begin_operator
tnf-forget-2-105
0
1
0 2 105 132
0
end_operator
begin_operator
tnf-forget-2-106
0
1
0 2 106 132
0
end_operator
begin_operator
tnf-forget-2-107
0
1
0 2 107 132
0
end_operator
begin_operator
tnf-forget-2-108
0
1
0 2 108 132
0
end_operator
begin_operator
tnf-forget-2-109
0
1
0 2 109 132
0
end_operator
begin_operator
tnf-forget-2-110
0
1
0 2 110 132
0
end_operator
begin_operator
tnf-forget-2-111
0
1
0 2 111 132
0
end_operator
begin_operator
tnf-forget-2-112
0
1
0 2 112 132
0
end_operator
begin_operator
tnf-forget-2-113
0
1
0 2 113 132
0
end_operator
begin_operator
tnf-forget-2-114
0
1
0 2 114 132
0
end_operator
begin_operator
tnf-forget-2-115
0
1
0 2 115 132
0
end_operator
begin_operator
tnf-forget-2-116
0
1
0 2 116 132
0
end_operator
begin_operator
tnf-forget-2-117
0
1
0 2 117 132
0
end_operator
begin_operator
tnf-forget-2-118
0
1
0 2 118 132
0
end_operator
begin_operator
tnf-forget-2-119
0
1
0 2 119 132
0
end_operator
begin_operator
tnf-forget-2-120
0
1
0 2 120 132
0
end_operator
begin_operator
tnf-forget-2-121
0
1
0 2 121 132
0
end_operator
begin_operator
tnf-forget-2-122
0
1
0 2 122 132
0
end_operator
begin_operator
tnf-forget-2-123
0
1
0 2 123 132
0
end_operator
begin_operator
tnf-forget-2-124
0
1
0 2 124 132
0
end_operator
begin_operator
tnf-forget-2-125
0
1
0 2 125 132
0
end_operator
begin_operator
tnf-forget-2-126
0
1
0 2 126 132
0
end_operator
begin_operator
tnf-forget-2-127
0
1
0 2 127 132
0
end_operator
begin_operator
tnf-forget-2-128
0
1
0 2 128 132
0
end_operator
begin_operator
tnf-forget-2-129
0
1
0 2 129 132
0
end_operator
begin_operator
tnf-forget-2-130
0
1
0 2 130 132
0
end_operator
begin_operator
tnf-forget-2-131
0
1
0 2 131 132
0
end_operator
begin_operator
tnf-forget-3-0
0
1
0 3 0 132
0
end_operator
begin_operator
tnf-forget-3-1
0
1
0 3 1 132
0
end_operator
begin_operator
tnf-forget-3-2
0
1
0 3 2 132
0
end_operator
begin_operator
tnf-forget-3-3
0
1
0 3 3 132
0
end_operator
begin_operator
tnf-forget-3-4
0
1
0 3 4 132
0
end_operator
begin_operator
tnf-forget-3-5
0
1
0 3 5 132
0
end_operator
begin_operator
tnf-forget-3-6
0
1
0 3 6 132
0
end_operator
begin_operator
tnf-forget-3-7
0
1
0 3 7 132
0
end_operator
begin_operator
tnf-forget-3-8
0
1
0 3 8 132
0
end_operator
begin_operator
tnf-forget-3-9
0
1
0 3 9 132
0
end_operator
begin_operator
tnf-forget-3-10
0
1
0 3 10 132
0
end_operator
begin_operator
tnf-forget-3-11
0
1
0 3 11 132
0
end_operator
begin_operator
tnf-forget-3-12
0
1
0 3 12 132
0
end_operator
begin_operator
tnf-forget-3-13
0
1
0 3 13 132
0
end_operator
begin_operator
tnf-forget-3-14
0
1
0 3 14 132
0
end_operator
begin_operator
tnf-forget-3-15
0
1
0 3 15 132
0
end_operator
begin_operator
tnf-forget-3-16
0
1
0 3 16 132
0
end_operator
begin_operator
tnf-forget-3-17
0
1
0 3 17 132
0
end_operator
begin_operator
tnf-forget-3-18
0
1
0 3 18 132
0
end_operator
begin_operator
tnf-forget-3-19
0
1
0 3 19 132
0
end_operator
begin_operator
tnf-forget-3-20
0
1
0 3 20 132
0
end_operator
begin_operator
tnf-forget-3-21
0
1
0 3 21 132
0
end_operator
begin_operator
tnf-forget-3-22
0
1
0 3 22 132
0
end_operator
begin_operator
tnf-forget-3-23
0
1
0 3 23 132
0
end_operator
begin_operator
tnf-forget-3-24
0
1
0 3 24 132
0
end_operator
begin_operator
tnf-forget-3-25
0
1
0 3 25 132
0
end_operator
begin_operator
tnf-forget-3-26
0
1
0 3 26 132
0
end_operator
begin_operator
tnf-forget-3-27
0
1
0 3 27 132
0
end_operator
begin_operator
tnf-forget-3-28
0
1
0 3 28 132
0
end_operator
begin_operator
tnf-forget-3-29
0
1
0 3 29 132
0
end_operator
begin_operator
tnf-forget-3-30
0
1
0 3 30 132
0
end_operator
begin_operator
tnf-forget-3-31
0
1
0 3 31 132
0
end_operator
begin_operator
tnf-forget-3-32
0
1
0 3 32 132
0
end_operator
begin_operator
tnf-forget-3-33
0
1
0 3 33 132
0
end_operator
begin_operator
tnf-forget-3-34
0
1
0 3 34 132
0
end_operator
begin_operator
tnf-forget-3-35
0
1
0 3 35 132
0
end_operator
begin_operator
tnf-forget-3-36
0
1
0 3 36 132
0
end_operator
begin_operator
tnf-forget-3-37
0
1
0 3 37 132
0
end_operator
begin_operator
tnf-forget-3-38
0
1
0 3 38 132
0
end_operator
begin_operator
tnf-forget-3-39
0
1
0 3 39 132
0
end_operator
begin_operator
tnf-forget-3-40
0
1
0 3 40 132
0
end_operator
begin_operator
tnf-forget-3-41
0
1
0 3 41 132
0
end_operator
begin_operator
tnf-forget-3-42
0
1
0 3 42 132
0
end_operator
begin_operator
tnf-forget-3-43
0
1
0 3 43 132
0
end_operator
begin_operator
tnf-forget-3-44
0
1
0 3 44 132
0
end_operator
begin_operator
tnf-forget-3-45
0
1
0 3 45 132
0
end_operator
begin_operator
tnf-forget-3-46
0
1
0 3 46 132
0
end_operator
begin_operator
tnf-forget-3-47
0
1
0 3 47 132
0
end_operator
begin_operator
tnf-forget-3-48
0
1
0 3 48 132
0
end_operator
begin_operator
tnf-forget-3-49
0
1
0 3 49 132
0
end_operator
begin_operator
tnf-forget-3-50
0
1
0 3 50 132
0
end_operator
begin_operator
tnf-forget-3-51
0
1
0 3 51 132
0
end_operator
begin_operator
tnf-forget-3-52
0
1
0 3 52 132
0
end_operator
begin_operator
tnf-forget-3-53
0
1
0 3 53 132
0
end_operator
begin_operator
tnf-forget-3-54
0
1
0 3 54 132
0
end_operator
begin_operator
tnf-forget-3-55
0
1
0 3 55 132
0
end_operator
begin_operator
tnf-forget-3-56
0
1
0 3 56 132
0
end_operator
begin_operator
tnf-forget-3-57
0
1
0 3 57 132
0
end_operator
begin_operator
tnf-forget-3-58
0
1
0 3 58 132
0
end_operator
begin_operator
tnf-forget-3-59
0
1
0 3 59 132
0
end_operator
begin_operator
tnf-forget-3-60
0
1
0 3 60 132
0
end_operator
begin_operator
tnf-forget-3-61
0
1
0 3 61 132
0
end_operator
begin_operator
tnf-forget-3-62
0
1
0 3 62 132
0
end_operator
begin_operator
tnf-forget-3-63
0
1
0 3 63 132
0
end_operator
begin_operator
tnf-forget-3-64
0
1
0 3 64 132
0
end_operator
begin_operator
tnf-forget-3-65
0
1
0 3 65 132
0
end_operator
begin_operator
tnf-forget-3-66
0
1
0 3 66 132
0
end_operator
begin_operator
tnf-forget-3-67
0
1
0 3 67 132
0
end_operator
begin_operator
tnf-forget-3-68
0
1
0 3 68 132
0
end_operator
begin_operator
tnf-forget-3-69
0
1
0 3 69 132
0
end_operator
begin_operator
tnf-forget-3-70
0
1
0 3 70 132
0
end_operator
begin_operator
tnf-forget-3-71
0
1
0 3 71 132
0
end_operator
begin_operator
tnf-forget-3-72
0
1
0 3 72 132
0
end_operator
begin_operator
tnf-forget-3-73
0
1
0 3 73 132
0
end_operator
begin_operator
tnf-forget-3-74
0
1
0 3 74 132
0
end_operator
begin_operator
tnf-forget-3-75
0
1
0 3 75 132
0
end_operator
begin_operator
tnf-forget-3-76
0
1
0 3 76 132
0
end_operator
begin_operator
tnf-forget-3-77
0
1
0 3 77 132
0
end_operator
begin_operator
tnf-forget-3-78
0
1
0 3 78 132
0
end_operator
begin_operator
tnf-forget-3-79
0
1
0 3 79 132
0
end_operator
begin_operator
tnf-forget-3-80
0
1
0 3 80 132
0
end_operator
begin_operator
tnf-forget-3-81
0
1
0 3 81 132
0
end_operator
begin_operator
tnf-forget-3-82
0
1
0 3 82 132
0
end_operator
begin_operator
tnf-forget-3-83
0
1
0 3 83 132
0
end_operator
begin_operator
tnf-forget-3-84
0
1
0 3 84 132
0
end_operator
begin_operator
tnf-forget-3-85
0
1
0 3 85 132
0
end_operator
begin_operator
tnf-forget-3-86
0
1
0 3 86 132
0
end_operator
begin_operator
tnf-forget-3-87
0
1
0 3 87 132
0
end_operator
begin_operator
tnf-forget-3-88
0
1
0 3 88 132
0
end_operator
begin_operator
tnf-forget-3-89
0
1
0 3 89 132
0
end_operator
begin_operator
tnf-forget-3-90
0
1
0 3 90 132
0
end_operator
begin_operator
tnf-forget-3-91
0
1
0 3 91 132
0
end_operator
begin_operator
tnf-forget-3-92
0
1
0 3 92 132
0
end_operator
begin_operator
tnf-forget-3-93
0
1
0 3 93 132
0
end_operator
begin_operator
tnf-forget-3-94
0
1
0 3 94 132
0
end_operator
begin_operator
tnf-forget-3-95
0
1
0 3 95 132
0
end_operator
begin_operator
tnf-forget-3-96
0
1
0 3 96 132
0
end_operator
begin_operator
tnf-forget-3-97
0
1
0 3 97 132
0
end_operator
begin_operator
tnf-forget-3-98
0
1
0 3 98 132
0
end_operator
begin_operator
tnf-forget-3-99
0
1
0 3 99 132
0
end_operator
begin_operator
tnf-forget-3-100
0
1
0 3 100 132
0
end_operator
begin_operator
tnf-forget-3-101
0
1
0 3 101 132
0
end_operator
begin_operator
tnf-forget-3-102
0
1
0 3 102 132
0
end_operator
begin_operator
tnf-forget-3-103
0
1
0 3 103 132
0
end_operator
begin_operator
tnf-forget-3-104
0
1
0 3 104 132
0
end_operator
begin_operator
tnf-forget-3-105
0
1
0 3 105 132
0
end_operator
begin_operator
tnf-forget-3-106
0
1
0 3 106 132
0
end_operator
begin_operator
tnf-forget-3-107
0
1
0 3 107 132
0
end_operator
begin_operator
tnf-forget-3-108
0
1
0 3 108 132
0
end_operator
begin_operator
tnf-forget-3-109
0
1
0 3 109 132
0
end_operator
begin_operator
tnf-forget-3-110
0
1
0 3 110 132
0
end_operator
begin_operator
tnf-forget-3-111
0
1
0 3 111 132
0
end_operator
begin_operator
tnf-forget-3-112
0
1
0 3 112 132
0
end_operator
begin_operator
tnf-forget-3-113
0
1
0 3 113 132
0
end_operator
begin_operator
tnf-forget-3-114
0
1
0 3 114 132
0
end_operator
begin_operator
tnf-forget-3-115
0
1
0 3 115 132
0
end_operator
begin_operator
tnf-forget-3-116
0
1
0 3 116 132
0
end_operator
begin_operator
tnf-forget-3-117
0
1
0 3 117 132
0
end_operator
begin_operator
tnf-forget-3-118
0
1
0 3 118 132
0
end_operator
begin_operator
tnf-forget-3-119
0
1
0 3 119 132
0
end_operator
begin_operator
tnf-forget-3-120
0
1
0 3 120 132
0
end_operator
begin_operator
tnf-forget-3-121
0
1
0 3 121 132
0
end_operator
begin_operator
tnf-forget-3-122
0
1
0 3 122 132
0
end_operator
begin_operator
tnf-forget-3-123
0
1
0 3 123 132
0
end_operator
begin_operator
tnf-forget-3-124
0
1
0 3 124 132
0
end_operator
begin_operator
tnf-forget-3-125
0
1
0 3 125 132
0
end_operator
begin_operator
tnf-forget-3-126
0
1
0 3 126 132
0
end_operator
begin_operator
tnf-forget-3-127
0
1
0 3 127 132
0
end_operator
begin_operator
tnf-forget-3-128
0
1
0 3 128 132
0
end_operator
begin_operator
tnf-forget-3-129
0
1
0 3 129 132
0
end_operator
begin_operator
tnf-forget-3-130
0
1
0 3 130 132
0
end_operator
begin_operator
tnf-forget-3-131
0
1
0 3 131 132
0
end_operator
begin_operator
tnf-forget-4-0
0
1
0 4 0 27
0
end_operator
begin_operator
tnf-forget-4-1
0
1
0 4 1 27
0
end_operator
begin_operator
tnf-forget-4-2
0
1
0 4 2 27
0
end_operator
begin_operator
tnf-forget-4-3
0
1
0 4 3 27
0
end_operator
begin_operator
tnf-forget-4-4
0
1
0 4 4 27
0
end_operator
begin_operator
tnf-forget-4-5
0
1
0 4 5 27
0
end_operator
begin_operator
tnf-forget-4-6
0
1
0 4 6 27
0
end_operator
begin_operator
tnf-forget-4-7
0
1
0 4 7 27
0
end_operator
begin_operator
tnf-forget-4-8
0
1
0 4 8 27
0
end_operator
begin_operator
tnf-forget-4-9
0
1
0 4 9 27
0
end_operator
begin_operator
tnf-forget-4-10
0
1
0 4 10 27
0
end_operator
begin_operator
tnf-forget-4-11
0
1
0 4 11 27
0
end_operator
begin_operator
tnf-forget-4-12
0
1
0 4 12 27
0
end_operator
begin_operator
tnf-forget-4-13
0
1
0 4 13 27
0
end_operator
begin_operator
tnf-forget-4-14
0
1
0 4 14 27
0
end_operator
begin_operator
tnf-forget-4-15
0
1
0 4 15 27
0
end_operator
begin_operator
tnf-forget-4-16
0
1
0 4 16 27
0
end_operator
begin_operator
tnf-forget-4-17
0
1
0 4 17 27
0
end_operator
begin_operator
tnf-forget-4-18
0
1
0 4 18 27
0
end_operator
begin_operator
tnf-forget-4-19
0
1
0 4 19 27
0
end_operator
begin_operator
tnf-forget-4-20
0
1
0 4 20 27
0
end_operator
begin_operator
tnf-forget-4-21
0
1
0 4 21 27
0
end_operator
begin_operator
tnf-forget-4-22
0
1
0 4 22 27
0
end_operator
begin_operator
tnf-forget-4-23
0
1
0 4 23 27
0
end_operator
begin_operator
tnf-forget-4-24
0
1
0 4 24 27
0
end_operator
begin_operator
tnf-forget-4-25
0
1
0 4 25 27
0
end_operator
begin_operator
tnf-forget-4-26
0
1
0 4 26 27
0
end_operator
begin_operator
tnf-forget-5-0
0
1
0 5 0 27
0
end_operator
begin_operator
tnf-forget-5-1
0
1
0 5 1 27
0
end_operator
begin_operator
tnf-forget-5-2
0
1
0 5 2 27
0
end_operator
begin_operator
tnf-forget-5-3
0
1
0 5 3 27
0
end_operator
begin_operator
tnf-forget-5-4
0
1
0 5 4 27
0
end_operator
begin_operator
tnf-forget-5-5
0
1
0 5 5 27
0
end_operator
begin_operator
tnf-forget-5-6
0
1
0 5 6 27
0
end_operator
begin_operator
tnf-forget-5-7
0
1
0 5 7 27
0
end_operator
begin_operator
tnf-forget-5-8
0
1
0 5 8 27
0
end_operator
begin_operator
tnf-forget-5-9
0
1
0 5 9 27
0
end_operator
begin_operator
tnf-forget-5-10
0
1
0 5 10 27
0
end_operator
begin_operator
tnf-forget-5-11
0
1
0 5 11 27
0
end_operator
begin_operator
tnf-forget-5-12
0
1
0 5 12 27
0
end_operator
begin_operator
tnf-forget-5-13
0
1
0 5 13 27
0
end_operator
begin_operator
tnf-forget-5-14
0
1
0 5 14 27
0
end_operator
begin_operator
tnf-forget-5-15
0
1
0 5 15 27
0
end_operator
begin_operator
tnf-forget-5-16
0
1
0 5 16 27
0
end_operator
begin_operator
tnf-forget-5-17
0
1
0 5 17 27
0
end_operator
begin_operator
tnf-forget-5-18
0
1
0 5 18 27
0
end_operator
begin_operator
tnf-forget-5-19
0
1
0 5 19 27
0
end_operator
begin_operator
tnf-forget-5-20
0
1
0 5 20 27
0
end_operator
begin_operator
tnf-forget-5-21
0
1
0 5 21 27
0
end_operator
begin_operator
tnf-forget-5-22
0
1
0 5 22 27
0
end_operator
begin_operator
tnf-forget-5-23
0
1
0 5 23 27
0
end_operator
begin_operator
tnf-forget-5-24
0
1
0 5 24 27
0
end_operator
begin_operator
tnf-forget-5-25
0
1
0 5 25 27
0
end_operator
begin_operator
tnf-forget-5-26
0
1
0 5 26 27
0
end_operator
begin_operator
tnf-forget-6-0
0
1
0 6 0 27
0
end_operator
begin_operator
tnf-forget-6-1
0
1
0 6 1 27
0
end_operator
begin_operator
tnf-forget-6-2
0
1
0 6 2 27
0
end_operator
begin_operator
tnf-forget-6-3
0
1
0 6 3 27
0
end_operator
begin_operator
tnf-forget-6-4
0
1
0 6 4 27
0
end_operator
begin_operator
tnf-forget-6-5
0
1
0 6 5 27
0
end_operator
begin_operator
tnf-forget-6-6
0
1
0 6 6 27
0
end_operator
begin_operator
tnf-forget-6-7
0
1
0 6 7 27
0
end_operator
begin_operator
tnf-forget-6-8
0
1
0 6 8 27
0
end_operator
begin_operator
tnf-forget-6-9
0
1
0 6 9 27
0
end_operator
begin_operator
tnf-forget-6-10
0
1
0 6 10 27
0
end_operator
begin_operator
tnf-forget-6-11
0
1
0 6 11 27
0
end_operator
begin_operator
tnf-forget-6-12
0
1
0 6 12 27
0
end_operator
begin_operator
tnf-forget-6-13
0
1
0 6 13 27
0
end_operator
begin_operator
tnf-forget-6-14
0
1
0 6 14 27
0
end_operator
begin_operator
tnf-forget-6-15
0
1
0 6 15 27
0
end_operator
begin_operator
tnf-forget-6-16
0
1
0 6 16 27
0
end_operator
begin_operator
tnf-forget-6-17
0
1
0 6 17 27
0
end_operator
begin_operator
tnf-forget-6-18
0
1
0 6 18 27
0
end_operator
begin_operator
tnf-forget-6-19
0
1
0 6 19 27
0
end_operator
begin_operator
tnf-forget-6-20
0
1
0 6 20 27
0
end_operator
begin_operator
tnf-forget-6-21
0
1
0 6 21 27
0
end_operator
begin_operator
tnf-forget-6-22
0
1
0 6 22 27
0
end_operator
begin_operator
tnf-forget-6-23
0
1
0 6 23 27
0
end_operator
begin_operator
tnf-forget-6-24
0
1
0 6 24 27
0
end_operator
begin_operator
tnf-forget-6-25
0
1
0 6 25 27
0
end_operator
begin_operator
tnf-forget-6-26
0
1
0 6 26 27
0
end_operator
begin_operator
tnf-forget-7-0
0
1
0 7 0 2
0
end_operator
begin_operator
tnf-forget-7-1
0
1
0 7 1 2
0
end_operator
begin_operator
tnf-forget-8-0
0
1
0 8 0 2
0
end_operator
begin_operator
tnf-forget-8-1
0
1
0 8 1 2
0
end_operator
begin_operator
tnf-forget-9-0
0
1
0 9 0 2
0
end_operator
begin_operator
tnf-forget-9-1
0
1
0 9 1 2
0
end_operator
begin_operator
tnf-forget-10-0
0
1
0 10 0 2
0
end_operator
begin_operator
tnf-forget-10-1
0
1
0 10 1 2
0
end_operator
begin_operator
tnf-forget-11-0
0
1
0 11 0 2
0
end_operator
begin_operator
tnf-forget-11-1
0
1
0 11 1 2
0
end_operator
begin_operator
tnf-forget-12-0
0
1
0 12 0 2
0
end_operator
begin_operator
tnf-forget-12-1
0
1
0 12 1 2
0
end_operator
begin_operator
tnf-forget-13-0
0
1
0 13 0 2
0
end_operator
begin_operator
tnf-forget-13-1
0
1
0 13 1 2
0
end_operator
begin_operator
tnf-forget-14-0
0
1
0 14 0 2
0
end_operator
begin_operator
tnf-forget-14-1
0
1
0 14 1 2
0
end_operator
begin_operator
tnf-forget-15-0
0
1
0 15 0 2
0
end_operator
begin_operator
tnf-forget-15-1
0
1
0 15 1 2
0
end_operator
begin_operator
tnf-forget-16-0
0
1
0 16 0 2
0
end_operator
begin_operator
tnf-forget-16-1
0
1
0 16 1 2
0
end_operator
begin_operator
tnf-forget-17-0
0
1
0 17 0 2
0
end_operator
begin_operator
tnf-forget-17-1
0
1
0 17 1 2
0
end_operator
begin_operator
tnf-forget-18-0
0
1
0 18 0 2
0
end_operator
begin_operator
tnf-forget-18-1
0
1
0 18 1 2
0
end_operator
begin_operator
tnf-forget-19-0
0
1
0 19 0 2
0
end_operator
begin_operator
tnf-forget-19-1
0
1
0 19 1 2
0
end_operator
begin_operator
tnf-forget-20-0
0
1
0 20 0 2
0
end_operator
begin_operator
tnf-forget-20-1
0
1
0 20 1 2
0
end_operator
begin_operator
tnf-forget-21-0
0
1
0 21 0 2
0
end_operator
begin_operator
tnf-forget-21-1
0
1
0 21 1 2
0
end_operator
begin_operator
tnf-forget-22-0
0
1
0 22 0 2
0
end_operator
begin_operator
tnf-forget-22-1
0
1
0 22 1 2
0
end_operator
begin_operator
tnf-forget-23-0
0
1
0 23 0 2
0
end_operator
begin_operator
tnf-forget-23-1
0
1
0 23 1 2
0
end_operator
begin_operator
tnf-forget-24-0
0
1
0 24 0 2
0
end_operator
begin_operator
tnf-forget-24-1
0
1
0 24 1 2
0
end_operator
begin_operator
tnf-forget-25-0
0
1
0 25 0 2
0
end_operator
begin_operator
tnf-forget-25-1
0
1
0 25 1 2
0
end_operator
begin_operator
tnf-forget-26-0
0
1
0 26 0 2
0
end_operator
begin_operator
tnf-forget-26-1
0
1
0 26 1 2
0
end_operator
begin_operator
tnf-forget-27-0
0
1
0 27 0 2
0
end_operator
begin_operator
tnf-forget-27-1
0
1
0 27 1 2
0
end_operator
begin_operator
tnf-forget-28-0
0
1
0 28 0 2
0
end_operator
begin_operator
tnf-forget-28-1
0
1
0 28 1 2
0
end_operator
begin_operator
tnf-forget-29-0
0
1
0 29 0 2
0
end_operator
begin_operator
tnf-forget-29-1
0
1
0 29 1 2
0
end_operator
begin_operator
tnf-forget-30-0
0
1
0 30 0 2
0
end_operator
begin_operator
tnf-forget-30-1
0
1
0 30 1 2
0
end_operator
begin_operator
tnf-forget-31-0
0
1
0 31 0 2
0
end_operator
begin_operator
tnf-forget-31-1
0
1
0 31 1 2
0
end_operator
begin_operator
tnf-forget-32-0
0
1
0 32 0 2
0
end_operator
begin_operator
tnf-forget-32-1
0
1
0 32 1 2
0
end_operator
begin_operator
tnf-forget-33-0
0
1
0 33 0 2
0
end_operator
begin_operator
tnf-forget-33-1
0
1
0 33 1 2
0
end_operator
begin_operator
tnf-forget-34-0
0
1
0 34 0 2
0
end_operator
begin_operator
tnf-forget-34-1
0
1
0 34 1 2
0
end_operator
begin_operator
tnf-forget-35-0
0
1
0 35 0 2
0
end_operator
begin_operator
tnf-forget-35-1
0
1
0 35 1 2
0
end_operator
begin_operator
tnf-forget-36-0
0
1
0 36 0 2
0
end_operator
begin_operator
tnf-forget-36-1
0
1
0 36 1 2
0
end_operator
begin_operator
tnf-forget-37-0
0
1
0 37 0 2
0
end_operator
begin_operator
tnf-forget-37-1
0
1
0 37 1 2
0
end_operator
begin_operator
tnf-forget-38-0
0
1
0 38 0 2
0
end_operator
begin_operator
tnf-forget-38-1
0
1
0 38 1 2
0
end_operator
begin_operator
tnf-forget-39-0
0
1
0 39 0 2
0
end_operator
begin_operator
tnf-forget-39-1
0
1
0 39 1 2
0
end_operator
begin_operator
tnf-forget-40-0
0
1
0 40 0 2
0
end_operator
begin_operator
tnf-forget-40-1
0
1
0 40 1 2
0
end_operator
begin_operator
tnf-forget-41-0
0
1
0 41 0 2
0
end_operator
begin_operator
tnf-forget-41-1
0
1
0 41 1 2
0
end_operator
begin_operator
tnf-forget-42-0
0
1
0 42 0 2
0
end_operator
begin_operator
tnf-forget-42-1
0
1
0 42 1 2
0
end_operator
begin_operator
tnf-forget-43-0
0
1
0 43 0 2
0
end_operator
begin_operator
tnf-forget-43-1
0
1
0 43 1 2
0
end_operator
begin_operator
tnf-forget-44-0
0
1
0 44 0 2
0
end_operator
begin_operator
tnf-forget-44-1
0
1
0 44 1 2
0
end_operator
begin_operator
tnf-forget-45-0
0
1
0 45 0 2
0
end_operator
begin_operator
tnf-forget-45-1
0
1
0 45 1 2
0
end_operator
begin_operator
tnf-forget-46-0
0
1
0 46 0 2
0
end_operator
begin_operator
tnf-forget-46-1
0
1
0 46 1 2
0
end_operator
0
