Fact[402]:
  (location sheet1 fe1_exit-im1_feedentry 0-0-0)
  (location sheet1 im1_bottomexit-lc1_entry 0-1-1)
  (location sheet1 lbe_entry-lc1_offramp 0-2-2)
  (location sheet1 lc1_exit-lc2_entry 0-3-3)
  (location sheet1 lc1_onramp-lbe_exit 0-4-4)
  (location sheet1 lc2_onramp-lre_exit 0-5-5)
  (location sheet1 lre_entry-lc2_offramp 0-6-6)
  (location sheet1 om_bottomentry-lc2_exit 0-7-7)
  (location sheet1 om_outputexit-sys_entry 0-8-8)
  (location sheet1 om_returnexit-rh2_entry 0-9-9)
  (location sheet1 rh1_entry-rh2_exit 0-10-10)
  (location sheet1 rh1_exit-im1_returnentry 0-11-11)
  (location sheet1 some_feeder_tray 0-12-12)
  (location sheet1 some_finisher_tray 0-13-13)
  (location sheet1 ube_entry-uc1_offramp 0-14-14)
  (location sheet1 uc1_entry-im1_topexit 0-15-15)
  (location sheet1 uc1_onramp-ube_exit 0-16-16)
  (location sheet1 uc2_entry-uc1_exit 0-17-17)
  (location sheet1 uc2_exit-om_topentry 0-18-18)
  (location sheet1 ure_entry-uc2_offramp 0-19-19)
  (location sheet1 ure_exit-uc2_onramp 0-20-20)
  (location sheet2 fe1_exit-im1_feedentry 1-0-21)
  (location sheet2 im1_bottomexit-lc1_entry 1-1-22)
  (location sheet2 lbe_entry-lc1_offramp 1-2-23)
  (location sheet2 lc1_exit-lc2_entry 1-3-24)
  (location sheet2 lc1_onramp-lbe_exit 1-4-25)
  (location sheet2 lc2_onramp-lre_exit 1-5-26)
  (location sheet2 lre_entry-lc2_offramp 1-6-27)
  (location sheet2 om_bottomentry-lc2_exit 1-7-28)
  (location sheet2 om_outputexit-sys_entry 1-8-29)
  (location sheet2 om_returnexit-rh2_entry 1-9-30)
  (location sheet2 rh1_entry-rh2_exit 1-10-31)
  (location sheet2 rh1_exit-im1_returnentry 1-11-32)
  (location sheet2 some_feeder_tray 1-12-33)
  (location sheet2 some_finisher_tray 1-13-34)
  (location sheet2 ube_entry-uc1_offramp 1-14-35)
  (location sheet2 uc1_entry-im1_topexit 1-15-36)
  (location sheet2 uc1_onramp-ube_exit 1-16-37)
  (location sheet2 uc2_entry-uc1_exit 1-17-38)
  (location sheet2 uc2_exit-om_topentry 1-18-39)
  (location sheet2 ure_entry-uc2_offramp 1-19-40)
  (location sheet2 ure_exit-uc2_onramp 1-20-41)
  (location sheet3 fe1_exit-im1_feedentry 2-0-42)
  (location sheet3 im1_bottomexit-lc1_entry 2-1-43)
  (location sheet3 lbe_entry-lc1_offramp 2-2-44)
  (location sheet3 lc1_exit-lc2_entry 2-3-45)
  (location sheet3 lc1_onramp-lbe_exit 2-4-46)
  (location sheet3 lc2_onramp-lre_exit 2-5-47)
  (location sheet3 lre_entry-lc2_offramp 2-6-48)
  (location sheet3 om_bottomentry-lc2_exit 2-7-49)
  (location sheet3 om_outputexit-sys_entry 2-8-50)
  (location sheet3 om_returnexit-rh2_entry 2-9-51)
  (location sheet3 rh1_entry-rh2_exit 2-10-52)
  (location sheet3 rh1_exit-im1_returnentry 2-11-53)
  (location sheet3 some_feeder_tray 2-12-54)
  (location sheet3 some_finisher_tray 2-13-55)
  (location sheet3 ube_entry-uc1_offramp 2-14-56)
  (location sheet3 uc1_entry-im1_topexit 2-15-57)
  (location sheet3 uc1_onramp-ube_exit 2-16-58)
  (location sheet3 uc2_entry-uc1_exit 2-17-59)
  (location sheet3 uc2_exit-om_topentry 2-18-60)
  (location sheet3 ure_entry-uc2_offramp 2-19-61)
  (location sheet3 ure_exit-uc2_onramp 2-20-62)
  (location sheet4 fe1_exit-im1_feedentry 3-0-63)
  (location sheet4 im1_bottomexit-lc1_entry 3-1-64)
  (location sheet4 lbe_entry-lc1_offramp 3-2-65)
  (location sheet4 lc1_exit-lc2_entry 3-3-66)
  (location sheet4 lc1_onramp-lbe_exit 3-4-67)
  (location sheet4 lc2_onramp-lre_exit 3-5-68)
  (location sheet4 lre_entry-lc2_offramp 3-6-69)
  (location sheet4 om_bottomentry-lc2_exit 3-7-70)
  (location sheet4 om_outputexit-sys_entry 3-8-71)
  (location sheet4 om_returnexit-rh2_entry 3-9-72)
  (location sheet4 rh1_entry-rh2_exit 3-10-73)
  (location sheet4 rh1_exit-im1_returnentry 3-11-74)
  (location sheet4 some_feeder_tray 3-12-75)
  (location sheet4 some_finisher_tray 3-13-76)
  (location sheet4 ube_entry-uc1_offramp 3-14-77)
  (location sheet4 uc1_entry-im1_topexit 3-15-78)
  (location sheet4 uc1_onramp-ube_exit 3-16-79)
  (location sheet4 uc2_entry-uc1_exit 3-17-80)
  (location sheet4 uc2_exit-om_topentry 3-18-81)
  (location sheet4 ure_entry-uc2_offramp 3-19-82)
  (location sheet4 ure_exit-uc2_onramp 3-20-83)
  (location sheet5 fe1_exit-im1_feedentry 4-0-84)
  (location sheet5 im1_bottomexit-lc1_entry 4-1-85)
  (location sheet5 lbe_entry-lc1_offramp 4-2-86)
  (location sheet5 lc1_exit-lc2_entry 4-3-87)
  (location sheet5 lc1_onramp-lbe_exit 4-4-88)
  (location sheet5 lc2_onramp-lre_exit 4-5-89)
  (location sheet5 lre_entry-lc2_offramp 4-6-90)
  (location sheet5 om_bottomentry-lc2_exit 4-7-91)
  (location sheet5 om_outputexit-sys_entry 4-8-92)
  (location sheet5 om_returnexit-rh2_entry 4-9-93)
  (location sheet5 rh1_entry-rh2_exit 4-10-94)
  (location sheet5 rh1_exit-im1_returnentry 4-11-95)
  (location sheet5 some_feeder_tray 4-12-96)
  (location sheet5 some_finisher_tray 4-13-97)
  (location sheet5 ube_entry-uc1_offramp 4-14-98)
  (location sheet5 uc1_entry-im1_topexit 4-15-99)
  (location sheet5 uc1_onramp-ube_exit 4-16-100)
  (location sheet5 uc2_entry-uc1_exit 4-17-101)
  (location sheet5 uc2_exit-om_topentry 4-18-102)
  (location sheet5 ure_entry-uc2_offramp 4-19-103)
  (location sheet5 ure_exit-uc2_onramp 4-20-104)
  (location sheet6 fe1_exit-im1_feedentry 5-0-105)
  (location sheet6 im1_bottomexit-lc1_entry 5-1-106)
  (location sheet6 lbe_entry-lc1_offramp 5-2-107)
  (location sheet6 lc1_exit-lc2_entry 5-3-108)
  (location sheet6 lc1_onramp-lbe_exit 5-4-109)
  (location sheet6 lc2_onramp-lre_exit 5-5-110)
  (location sheet6 lre_entry-lc2_offramp 5-6-111)
  (location sheet6 om_bottomentry-lc2_exit 5-7-112)
  (location sheet6 om_outputexit-sys_entry 5-8-113)
  (location sheet6 om_returnexit-rh2_entry 5-9-114)
  (location sheet6 rh1_entry-rh2_exit 5-10-115)
  (location sheet6 rh1_exit-im1_returnentry 5-11-116)
  (location sheet6 some_feeder_tray 5-12-117)
  (location sheet6 some_finisher_tray 5-13-118)
  (location sheet6 ube_entry-uc1_offramp 5-14-119)
  (location sheet6 uc1_entry-im1_topexit 5-15-120)
  (location sheet6 uc1_onramp-ube_exit 5-16-121)
  (location sheet6 uc2_entry-uc1_exit 5-17-122)
  (location sheet6 uc2_exit-om_topentry 5-18-123)
  (location sheet6 ure_entry-uc2_offramp 5-19-124)
  (location sheet6 ure_exit-uc2_onramp 5-20-125)
  (location sheet7 fe1_exit-im1_feedentry 6-0-126)
  (location sheet7 im1_bottomexit-lc1_entry 6-1-127)
  (location sheet7 lbe_entry-lc1_offramp 6-2-128)
  (location sheet7 lc1_exit-lc2_entry 6-3-129)
  (location sheet7 lc1_onramp-lbe_exit 6-4-130)
  (location sheet7 lc2_onramp-lre_exit 6-5-131)
  (location sheet7 lre_entry-lc2_offramp 6-6-132)
  (location sheet7 om_bottomentry-lc2_exit 6-7-133)
  (location sheet7 om_outputexit-sys_entry 6-8-134)
  (location sheet7 om_returnexit-rh2_entry 6-9-135)
  (location sheet7 rh1_entry-rh2_exit 6-10-136)
  (location sheet7 rh1_exit-im1_returnentry 6-11-137)
  (location sheet7 some_feeder_tray 6-12-138)
  (location sheet7 some_finisher_tray 6-13-139)
  (location sheet7 ube_entry-uc1_offramp 6-14-140)
  (location sheet7 uc1_entry-im1_topexit 6-15-141)
  (location sheet7 uc1_onramp-ube_exit 6-16-142)
  (location sheet7 uc2_entry-uc1_exit 6-17-143)
  (location sheet7 uc2_exit-om_topentry 6-18-144)
  (location sheet7 ure_entry-uc2_offramp 6-19-145)
  (location sheet7 ure_exit-uc2_onramp 6-20-146)
  (location sheet8 fe1_exit-im1_feedentry 7-0-147)
  (location sheet8 im1_bottomexit-lc1_entry 7-1-148)
  (location sheet8 lbe_entry-lc1_offramp 7-2-149)
  (location sheet8 lc1_exit-lc2_entry 7-3-150)
  (location sheet8 lc1_onramp-lbe_exit 7-4-151)
  (location sheet8 lc2_onramp-lre_exit 7-5-152)
  (location sheet8 lre_entry-lc2_offramp 7-6-153)
  (location sheet8 om_bottomentry-lc2_exit 7-7-154)
  (location sheet8 om_outputexit-sys_entry 7-8-155)
  (location sheet8 om_returnexit-rh2_entry 7-9-156)
  (location sheet8 rh1_entry-rh2_exit 7-10-157)
  (location sheet8 rh1_exit-im1_returnentry 7-11-158)
  (location sheet8 some_feeder_tray 7-12-159)
  (location sheet8 some_finisher_tray 7-13-160)
  (location sheet8 ube_entry-uc1_offramp 7-14-161)
  (location sheet8 uc1_entry-im1_topexit 7-15-162)
  (location sheet8 uc1_onramp-ube_exit 7-16-163)
  (location sheet8 uc2_entry-uc1_exit 7-17-164)
  (location sheet8 uc2_exit-om_topentry 7-18-165)
  (location sheet8 ure_entry-uc2_offramp 7-19-166)
  (location sheet8 ure_exit-uc2_onramp 7-20-167)
  (location sheet9 fe1_exit-im1_feedentry 8-0-168)
  (location sheet9 im1_bottomexit-lc1_entry 8-1-169)
  (location sheet9 lbe_entry-lc1_offramp 8-2-170)
  (location sheet9 lc1_exit-lc2_entry 8-3-171)
  (location sheet9 lc1_onramp-lbe_exit 8-4-172)
  (location sheet9 lc2_onramp-lre_exit 8-5-173)
  (location sheet9 lre_entry-lc2_offramp 8-6-174)
  (location sheet9 om_bottomentry-lc2_exit 8-7-175)
  (location sheet9 om_outputexit-sys_entry 8-8-176)
  (location sheet9 om_returnexit-rh2_entry 8-9-177)
  (location sheet9 rh1_entry-rh2_exit 8-10-178)
  (location sheet9 rh1_exit-im1_returnentry 8-11-179)
  (location sheet9 some_feeder_tray 8-12-180)
  (location sheet9 some_finisher_tray 8-13-181)
  (location sheet9 ube_entry-uc1_offramp 8-14-182)
  (location sheet9 uc1_entry-im1_topexit 8-15-183)
  (location sheet9 uc1_onramp-ube_exit 8-16-184)
  (location sheet9 uc2_entry-uc1_exit 8-17-185)
  (location sheet9 uc2_exit-om_topentry 8-18-186)
  (location sheet9 ure_entry-uc2_offramp 8-19-187)
  (location sheet9 ure_exit-uc2_onramp 8-20-188)
  (location sheet10 fe1_exit-im1_feedentry 9-0-189)
  (location sheet10 im1_bottomexit-lc1_entry 9-1-190)
  (location sheet10 lbe_entry-lc1_offramp 9-2-191)
  (location sheet10 lc1_exit-lc2_entry 9-3-192)
  (location sheet10 lc1_onramp-lbe_exit 9-4-193)
  (location sheet10 lc2_onramp-lre_exit 9-5-194)
  (location sheet10 lre_entry-lc2_offramp 9-6-195)
  (location sheet10 om_bottomentry-lc2_exit 9-7-196)
  (location sheet10 om_outputexit-sys_entry 9-8-197)
  (location sheet10 om_returnexit-rh2_entry 9-9-198)
  (location sheet10 rh1_entry-rh2_exit 9-10-199)
  (location sheet10 rh1_exit-im1_returnentry 9-11-200)
  (location sheet10 some_feeder_tray 9-12-201)
  (location sheet10 ube_entry-uc1_offramp 9-13-202)
  (location sheet10 uc1_entry-im1_topexit 9-14-203)
  (location sheet10 uc1_onramp-ube_exit 9-15-204)
  (location sheet10 uc2_entry-uc1_exit 9-16-205)
  (location sheet10 uc2_exit-om_topentry 9-17-206)
  (location sheet10 ure_entry-uc2_offramp 9-18-207)
  (location sheet10 ure_exit-uc2_onramp 9-19-208)
  (none-of-those 9-20-209)
  (notprintedwith sheet5 front black 10-0-210)
  (none-of-those 10-1-211)
  (notprintedwith sheet5 front color 11-0-212)
  (none-of-those 11-1-213)
  (notprintedwith sheet6 back black 12-0-214)
  (none-of-those 12-1-215)
  (notprintedwith sheet6 back color 13-0-216)
  (none-of-those 13-1-217)
  (notprintedwith sheet6 front black 14-0-218)
  (none-of-those 14-1-219)
  (notprintedwith sheet6 front color 15-0-220)
  (none-of-those 15-1-221)
  (notprintedwith sheet7 back black 16-0-222)
  (none-of-those 16-1-223)
  (notprintedwith sheet7 back color 17-0-224)
  (none-of-those 17-1-225)
  (notprintedwith sheet7 front black 18-0-226)
  (none-of-those 18-1-227)
  (notprintedwith sheet7 front color 19-0-228)
  (none-of-those 19-1-229)
  (notprintedwith sheet8 back black 20-0-230)
  (none-of-those 20-1-231)
  (notprintedwith sheet8 back color 21-0-232)
  (none-of-those 21-1-233)
  (notprintedwith sheet8 front black 22-0-234)
  (none-of-those 22-1-235)
  (notprintedwith sheet8 front color 23-0-236)
  (none-of-those 23-1-237)
  (notprintedwith sheet9 back black 24-0-238)
  (none-of-those 24-1-239)
  (notprintedwith sheet9 back color 25-0-240)
  (none-of-those 25-1-241)
  (notprintedwith sheet9 front black 26-0-242)
  (none-of-those 26-1-243)
  (notprintedwith sheet9 front color 27-0-244)
  (none-of-those 27-1-245)
  (uninitialized 28-0-246)
  (none-of-those 28-1-247)
  (notprintedwith sheet1 back black 29-0-248)
  (none-of-those 29-1-249)
  (notprintedwith sheet1 back color 30-0-250)
  (none-of-those 30-1-251)
  (notprintedwith sheet1 front black 31-0-252)
  (none-of-those 31-1-253)
  (notprintedwith sheet1 front color 32-0-254)
  (none-of-those 32-1-255)
  (notprintedwith sheet10 back black 33-0-256)
  (none-of-those 33-1-257)
  (notprintedwith sheet10 back color 34-0-258)
  (none-of-those 34-1-259)
  (notprintedwith sheet10 front black 35-0-260)
  (none-of-those 35-1-261)
  (notprintedwith sheet10 front color 36-0-262)
  (none-of-those 36-1-263)
  (notprintedwith sheet2 back black 37-0-264)
  (none-of-those 37-1-265)
  (notprintedwith sheet2 back color 38-0-266)
  (none-of-those 38-1-267)
  (notprintedwith sheet2 front black 39-0-268)
  (none-of-those 39-1-269)
  (notprintedwith sheet2 front color 40-0-270)
  (none-of-those 40-1-271)
  (notprintedwith sheet3 back black 41-0-272)
  (none-of-those 41-1-273)
  (notprintedwith sheet3 back color 42-0-274)
  (none-of-those 42-1-275)
  (notprintedwith sheet3 front black 43-0-276)
  (none-of-those 43-1-277)
  (notprintedwith sheet3 front color 44-0-278)
  (none-of-those 44-1-279)
  (notprintedwith sheet4 back black 45-0-280)
  (none-of-those 45-1-281)
  (notprintedwith sheet4 back color 46-0-282)
  (none-of-those 46-1-283)
  (notprintedwith sheet4 front black 47-0-284)
  (none-of-those 47-1-285)
  (notprintedwith sheet4 front color 48-0-286)
  (none-of-those 48-1-287)
  (notprintedwith sheet5 back black 49-0-288)
  (none-of-those 49-1-289)
  (notprintedwith sheet5 back color 50-0-290)
  (none-of-those 50-1-291)
  (available fe1-rsrc 51-0-292)
  (none-of-those 51-1-293)
  (available im1-rsrc 52-0-294)
  (none-of-those 52-1-295)
  (available lbe-rsrc 53-0-296)
  (none-of-those 53-1-297)
  (available lc1-rsrc 54-0-298)
  (none-of-those 54-1-299)
  (available lc2-rsrc 55-0-300)
  (none-of-those 55-1-301)
  (available lre-rsrc 56-0-302)
  (none-of-those 56-1-303)
  (available om-rsrc 57-0-304)
  (none-of-those 57-1-305)
  (available rh1-rsrc 58-0-306)
  (none-of-those 58-1-307)
  (available rh2-rsrc 59-0-308)
  (none-of-those 59-1-309)
  (available sys-rsrc 60-0-310)
  (none-of-those 60-1-311)
  (available ube-rsrc 61-0-312)
  (none-of-those 61-1-313)
  (available uc1-rsrc 62-0-314)
  (none-of-those 62-1-315)
  (available uc2-rsrc 63-0-316)
  (none-of-those 63-1-317)
  (available ure-rsrc 64-0-318)
  (none-of-those 64-1-319)
  (hasimage sheet1 front image-1 65-0-320)
  (none-of-those 65-1-321)
  (hasimage sheet10 front image-10 66-0-322)
  (none-of-those 66-1-323)
  (hasimage sheet2 front image-2 67-0-324)
  (none-of-those 67-1-325)
  (hasimage sheet3 front image-3 68-0-326)
  (none-of-those 68-1-327)
  (hasimage sheet4 front image-4 69-0-328)
  (none-of-those 69-1-329)
  (hasimage sheet5 front image-5 70-0-330)
  (none-of-those 70-1-331)
  (hasimage sheet6 front image-6 71-0-332)
  (none-of-those 71-1-333)
  (hasimage sheet7 front image-7 72-0-334)
  (none-of-those 72-1-335)
  (hasimage sheet8 back image-8b 73-0-336)
  (none-of-those 73-1-337)
  (hasimage sheet8 front image-8 74-0-338)
  (none-of-those 74-1-339)
  (hasimage sheet9 front image-9 75-0-340)
  (none-of-those 75-1-341)
  (sideup sheet1 back 76-0-342)
  (none-of-those 76-1-343)
  (sideup sheet1 front 77-0-344)
  (none-of-those 77-1-345)
  (sideup sheet10 back 78-0-346)
  (none-of-those 78-1-347)
  (sideup sheet10 front 79-0-348)
  (none-of-those 79-1-349)
  (sideup sheet2 back 80-0-350)
  (none-of-those 80-1-351)
  (sideup sheet2 front 81-0-352)
  (none-of-those 81-1-353)
  (sideup sheet3 back 82-0-354)
  (none-of-those 82-1-355)
  (sideup sheet3 front 83-0-356)
  (none-of-those 83-1-357)
  (sideup sheet4 back 84-0-358)
  (none-of-those 84-1-359)
  (sideup sheet4 front 85-0-360)
  (none-of-those 85-1-361)
  (sideup sheet5 back 86-0-362)
  (none-of-those 86-1-363)
  (sideup sheet5 front 87-0-364)
  (none-of-those 87-1-365)
  (sideup sheet6 back 88-0-366)
  (none-of-those 88-1-367)
  (sideup sheet6 front 89-0-368)
  (none-of-those 89-1-369)
  (sideup sheet7 back 90-0-370)
  (none-of-those 90-1-371)
  (sideup sheet7 front 91-0-372)
  (none-of-those 91-1-373)
  (sideup sheet8 back 92-0-374)
  (none-of-those 92-1-375)
  (sideup sheet8 front 93-0-376)
  (none-of-those 93-1-377)
  (sideup sheet9 back 94-0-378)
  (none-of-those 94-1-379)
  (sideup sheet9 front 95-0-380)
  (none-of-those 95-1-381)
  (stackedin sheet1 sys_outputtray 96-0-382)
  (none-of-those 96-1-383)
  (stackedin sheet10 sys_outputtray 97-0-384)
  (none-of-those 97-1-385)
  (stackedin sheet2 sys_outputtray 98-0-386)
  (none-of-those 98-1-387)
  (stackedin sheet3 sys_outputtray 99-0-388)
  (none-of-those 99-1-389)
  (stackedin sheet4 sys_outputtray 100-0-390)
  (none-of-those 100-1-391)
  (stackedin sheet5 sys_outputtray 101-0-392)
  (none-of-those 101-1-393)
  (stackedin sheet6 sys_outputtray 102-0-394)
  (none-of-those 102-1-395)
  (stackedin sheet7 sys_outputtray 103-0-396)
  (none-of-those 103-1-397)
  (stackedin sheet8 sys_outputtray 104-0-398)
  (none-of-those 104-1-399)
  (stackedin sheet9 sys_outputtray 105-0-400)
  (none-of-those 105-1-401)
Op[1041]:
  (fe1-feedmsi-letter sheet1), cost: 500
    pre: (location sheet1 some_feeder_tray 0-12-12) (available fe1-rsrc 51-0-292)
    add: (location sheet1 fe1_exit-im1_feedentry 0-0-0) (sideup sheet1 back 76-0-342)
    del: (location sheet1 some_feeder_tray 0-12-12) (none-of-those 76-1-343)
  (fe1-feedmsi-letter sheet10), cost: 500
    pre: (location sheet10 some_feeder_tray 9-12-201) (available fe1-rsrc 51-0-292)
    add: (location sheet10 fe1_exit-im1_feedentry 9-0-189) (sideup sheet10 back 78-0-346)
    del: (location sheet10 some_feeder_tray 9-12-201) (none-of-those 78-1-347)
  (fe1-feedmsi-letter sheet2), cost: 500
    pre: (location sheet2 some_feeder_tray 1-12-33) (available fe1-rsrc 51-0-292)
    add: (location sheet2 fe1_exit-im1_feedentry 1-0-21) (sideup sheet2 back 80-0-350)
    del: (location sheet2 some_feeder_tray 1-12-33) (none-of-those 80-1-351)
  (fe1-feedmsi-letter sheet3), cost: 500
    pre: (location sheet3 some_feeder_tray 2-12-54) (available fe1-rsrc 51-0-292)
    add: (location sheet3 fe1_exit-im1_feedentry 2-0-42) (sideup sheet3 back 82-0-354)
    del: (location sheet3 some_feeder_tray 2-12-54) (none-of-those 82-1-355)
  (fe1-feedmsi-letter sheet4), cost: 500
    pre: (location sheet4 some_feeder_tray 3-12-75) (available fe1-rsrc 51-0-292)
    add: (location sheet4 fe1_exit-im1_feedentry 3-0-63) (sideup sheet4 back 84-0-358)
    del: (location sheet4 some_feeder_tray 3-12-75) (none-of-those 84-1-359)
  (fe1-feedmsi-letter sheet5), cost: 500
    pre: (location sheet5 some_feeder_tray 4-12-96) (available fe1-rsrc 51-0-292)
    add: (location sheet5 fe1_exit-im1_feedentry 4-0-84) (sideup sheet5 back 86-0-362)
    del: (location sheet5 some_feeder_tray 4-12-96) (none-of-those 86-1-363)
  (fe1-feedmsi-letter sheet6), cost: 500
    pre: (location sheet6 some_feeder_tray 5-12-117) (available fe1-rsrc 51-0-292)
    add: (location sheet6 fe1_exit-im1_feedentry 5-0-105) (sideup sheet6 back 88-0-366)
    del: (location sheet6 some_feeder_tray 5-12-117) (none-of-those 88-1-367)
  (fe1-feedmsi-letter sheet7), cost: 500
    pre: (location sheet7 some_feeder_tray 6-12-138) (available fe1-rsrc 51-0-292)
    add: (location sheet7 fe1_exit-im1_feedentry 6-0-126) (sideup sheet7 back 90-0-370)
    del: (location sheet7 some_feeder_tray 6-12-138) (none-of-those 90-1-371)
  (fe1-feedmsi-letter sheet8), cost: 500
    pre: (location sheet8 some_feeder_tray 7-12-159) (available fe1-rsrc 51-0-292)
    add: (location sheet8 fe1_exit-im1_feedentry 7-0-147) (sideup sheet8 back 92-0-374)
    del: (location sheet8 some_feeder_tray 7-12-159) (none-of-those 92-1-375)
  (fe1-feedmsi-letter sheet9), cost: 500
    pre: (location sheet9 some_feeder_tray 8-12-180) (available fe1-rsrc 51-0-292)
    add: (location sheet9 fe1_exit-im1_feedentry 8-0-168) (sideup sheet9 back 94-0-378)
    del: (location sheet9 some_feeder_tray 8-12-180) (none-of-those 94-1-379)
  (im1-looplower-letter sheet1), cost: 3131
    pre: (location sheet1 rh1_exit-im1_returnentry 0-11-11) (available im1-rsrc 52-0-294)
    add: (location sheet1 im1_bottomexit-lc1_entry 0-1-1)
    del: (location sheet1 rh1_exit-im1_returnentry 0-11-11)
  (im1-looplower-letter sheet10), cost: 3131
    pre: (location sheet10 rh1_exit-im1_returnentry 9-11-200) (available im1-rsrc 52-0-294)
    add: (location sheet10 im1_bottomexit-lc1_entry 9-1-190)
    del: (location sheet10 rh1_exit-im1_returnentry 9-11-200)
  (im1-looplower-letter sheet2), cost: 3131
    pre: (location sheet2 rh1_exit-im1_returnentry 1-11-32) (available im1-rsrc 52-0-294)
    add: (location sheet2 im1_bottomexit-lc1_entry 1-1-22)
    del: (location sheet2 rh1_exit-im1_returnentry 1-11-32)
  (im1-looplower-letter sheet3), cost: 3131
    pre: (location sheet3 rh1_exit-im1_returnentry 2-11-53) (available im1-rsrc 52-0-294)
    add: (location sheet3 im1_bottomexit-lc1_entry 2-1-43)
    del: (location sheet3 rh1_exit-im1_returnentry 2-11-53)
  (im1-looplower-letter sheet4), cost: 3131
    pre: (location sheet4 rh1_exit-im1_returnentry 3-11-74) (available im1-rsrc 52-0-294)
    add: (location sheet4 im1_bottomexit-lc1_entry 3-1-64)
    del: (location sheet4 rh1_exit-im1_returnentry 3-11-74)
  (im1-looplower-letter sheet5), cost: 3131
    pre: (location sheet5 rh1_exit-im1_returnentry 4-11-95) (available im1-rsrc 52-0-294)
    add: (location sheet5 im1_bottomexit-lc1_entry 4-1-85)
    del: (location sheet5 rh1_exit-im1_returnentry 4-11-95)
  (im1-looplower-letter sheet6), cost: 3131
    pre: (location sheet6 rh1_exit-im1_returnentry 5-11-116) (available im1-rsrc 52-0-294)
    add: (location sheet6 im1_bottomexit-lc1_entry 5-1-106)
    del: (location sheet6 rh1_exit-im1_returnentry 5-11-116)
  (im1-looplower-letter sheet7), cost: 3131
    pre: (location sheet7 rh1_exit-im1_returnentry 6-11-137) (available im1-rsrc 52-0-294)
    add: (location sheet7 im1_bottomexit-lc1_entry 6-1-127)
    del: (location sheet7 rh1_exit-im1_returnentry 6-11-137)
  (im1-looplower-letter sheet8), cost: 3131
    pre: (location sheet8 rh1_exit-im1_returnentry 7-11-158) (available im1-rsrc 52-0-294)
    add: (location sheet8 im1_bottomexit-lc1_entry 7-1-148)
    del: (location sheet8 rh1_exit-im1_returnentry 7-11-158)
  (im1-looplower-letter sheet9), cost: 3131
    pre: (location sheet9 rh1_exit-im1_returnentry 8-11-179) (available im1-rsrc 52-0-294)
    add: (location sheet9 im1_bottomexit-lc1_entry 8-1-169)
    del: (location sheet9 rh1_exit-im1_returnentry 8-11-179)
  (im1-loopupper-letter sheet1), cost: 8164
    pre: (location sheet1 rh1_exit-im1_returnentry 0-11-11) (available im1-rsrc 52-0-294)
    add: (location sheet1 uc1_entry-im1_topexit 0-15-15)
    del: (location sheet1 rh1_exit-im1_returnentry 0-11-11)
  (im1-loopupper-letter sheet10), cost: 8164
    pre: (location sheet10 rh1_exit-im1_returnentry 9-11-200) (available im1-rsrc 52-0-294)
    add: (location sheet10 uc1_entry-im1_topexit 9-14-203)
    del: (location sheet10 rh1_exit-im1_returnentry 9-11-200)
  (im1-loopupper-letter sheet2), cost: 8164
    pre: (location sheet2 rh1_exit-im1_returnentry 1-11-32) (available im1-rsrc 52-0-294)
    add: (location sheet2 uc1_entry-im1_topexit 1-15-36)
    del: (location sheet2 rh1_exit-im1_returnentry 1-11-32)
  (im1-loopupper-letter sheet3), cost: 8164
    pre: (location sheet3 rh1_exit-im1_returnentry 2-11-53) (available im1-rsrc 52-0-294)
    add: (location sheet3 uc1_entry-im1_topexit 2-15-57)
    del: (location sheet3 rh1_exit-im1_returnentry 2-11-53)
  (im1-loopupper-letter sheet4), cost: 8164
    pre: (location sheet4 rh1_exit-im1_returnentry 3-11-74) (available im1-rsrc 52-0-294)
    add: (location sheet4 uc1_entry-im1_topexit 3-15-78)
    del: (location sheet4 rh1_exit-im1_returnentry 3-11-74)
  (im1-loopupper-letter sheet5), cost: 8164
    pre: (location sheet5 rh1_exit-im1_returnentry 4-11-95) (available im1-rsrc 52-0-294)
    add: (location sheet5 uc1_entry-im1_topexit 4-15-99)
    del: (location sheet5 rh1_exit-im1_returnentry 4-11-95)
  (im1-loopupper-letter sheet6), cost: 8164
    pre: (location sheet6 rh1_exit-im1_returnentry 5-11-116) (available im1-rsrc 52-0-294)
    add: (location sheet6 uc1_entry-im1_topexit 5-15-120)
    del: (location sheet6 rh1_exit-im1_returnentry 5-11-116)
  (im1-loopupper-letter sheet7), cost: 8164
    pre: (location sheet7 rh1_exit-im1_returnentry 6-11-137) (available im1-rsrc 52-0-294)
    add: (location sheet7 uc1_entry-im1_topexit 6-15-141)
    del: (location sheet7 rh1_exit-im1_returnentry 6-11-137)
  (im1-loopupper-letter sheet8), cost: 8164
    pre: (location sheet8 rh1_exit-im1_returnentry 7-11-158) (available im1-rsrc 52-0-294)
    add: (location sheet8 uc1_entry-im1_topexit 7-15-162)
    del: (location sheet8 rh1_exit-im1_returnentry 7-11-158)
  (im1-loopupper-letter sheet9), cost: 8164
    pre: (location sheet9 rh1_exit-im1_returnentry 8-11-179) (available im1-rsrc 52-0-294)
    add: (location sheet9 uc1_entry-im1_topexit 8-15-183)
    del: (location sheet9 rh1_exit-im1_returnentry 8-11-179)
  (im1-movelower-letter sheet1), cost: 3088
    pre: (location sheet1 fe1_exit-im1_feedentry 0-0-0) (available im1-rsrc 52-0-294)
    add: (location sheet1 im1_bottomexit-lc1_entry 0-1-1)
    del: (location sheet1 fe1_exit-im1_feedentry 0-0-0)
  (im1-movelower-letter sheet10), cost: 3088
    pre: (location sheet10 fe1_exit-im1_feedentry 9-0-189) (available im1-rsrc 52-0-294)
    add: (location sheet10 im1_bottomexit-lc1_entry 9-1-190)
    del: (location sheet10 fe1_exit-im1_feedentry 9-0-189)
  (im1-movelower-letter sheet2), cost: 3088
    pre: (location sheet2 fe1_exit-im1_feedentry 1-0-21) (available im1-rsrc 52-0-294)
    add: (location sheet2 im1_bottomexit-lc1_entry 1-1-22)
    del: (location sheet2 fe1_exit-im1_feedentry 1-0-21)
  (im1-movelower-letter sheet3), cost: 3088
    pre: (location sheet3 fe1_exit-im1_feedentry 2-0-42) (available im1-rsrc 52-0-294)
    add: (location sheet3 im1_bottomexit-lc1_entry 2-1-43)
    del: (location sheet3 fe1_exit-im1_feedentry 2-0-42)
  (im1-movelower-letter sheet4), cost: 3088
    pre: (location sheet4 fe1_exit-im1_feedentry 3-0-63) (available im1-rsrc 52-0-294)
    add: (location sheet4 im1_bottomexit-lc1_entry 3-1-64)
    del: (location sheet4 fe1_exit-im1_feedentry 3-0-63)
  (im1-movelower-letter sheet5), cost: 3088
    pre: (location sheet5 fe1_exit-im1_feedentry 4-0-84) (available im1-rsrc 52-0-294)
    add: (location sheet5 im1_bottomexit-lc1_entry 4-1-85)
    del: (location sheet5 fe1_exit-im1_feedentry 4-0-84)
  (im1-movelower-letter sheet6), cost: 3088
    pre: (location sheet6 fe1_exit-im1_feedentry 5-0-105) (available im1-rsrc 52-0-294)
    add: (location sheet6 im1_bottomexit-lc1_entry 5-1-106)
    del: (location sheet6 fe1_exit-im1_feedentry 5-0-105)
  (im1-movelower-letter sheet7), cost: 3088
    pre: (location sheet7 fe1_exit-im1_feedentry 6-0-126) (available im1-rsrc 52-0-294)
    add: (location sheet7 im1_bottomexit-lc1_entry 6-1-127)
    del: (location sheet7 fe1_exit-im1_feedentry 6-0-126)
  (im1-movelower-letter sheet8), cost: 3088
    pre: (location sheet8 fe1_exit-im1_feedentry 7-0-147) (available im1-rsrc 52-0-294)
    add: (location sheet8 im1_bottomexit-lc1_entry 7-1-148)
    del: (location sheet8 fe1_exit-im1_feedentry 7-0-147)
  (im1-movelower-letter sheet9), cost: 3088
    pre: (location sheet9 fe1_exit-im1_feedentry 8-0-168) (available im1-rsrc 52-0-294)
    add: (location sheet9 im1_bottomexit-lc1_entry 8-1-169)
    del: (location sheet9 fe1_exit-im1_feedentry 8-0-168)
  (im1-moveupper-letter sheet1), cost: 8171
    pre: (location sheet1 fe1_exit-im1_feedentry 0-0-0) (available im1-rsrc 52-0-294)
    add: (location sheet1 uc1_entry-im1_topexit 0-15-15)
    del: (location sheet1 fe1_exit-im1_feedentry 0-0-0)
  (im1-moveupper-letter sheet10), cost: 8171
    pre: (location sheet10 fe1_exit-im1_feedentry 9-0-189) (available im1-rsrc 52-0-294)
    add: (location sheet10 uc1_entry-im1_topexit 9-14-203)
    del: (location sheet10 fe1_exit-im1_feedentry 9-0-189)
  (im1-moveupper-letter sheet2), cost: 8171
    pre: (location sheet2 fe1_exit-im1_feedentry 1-0-21) (available im1-rsrc 52-0-294)
    add: (location sheet2 uc1_entry-im1_topexit 1-15-36)
    del: (location sheet2 fe1_exit-im1_feedentry 1-0-21)
  (im1-moveupper-letter sheet3), cost: 8171
    pre: (location sheet3 fe1_exit-im1_feedentry 2-0-42) (available im1-rsrc 52-0-294)
    add: (location sheet3 uc1_entry-im1_topexit 2-15-57)
    del: (location sheet3 fe1_exit-im1_feedentry 2-0-42)
  (im1-moveupper-letter sheet4), cost: 8171
    pre: (location sheet4 fe1_exit-im1_feedentry 3-0-63) (available im1-rsrc 52-0-294)
    add: (location sheet4 uc1_entry-im1_topexit 3-15-78)
    del: (location sheet4 fe1_exit-im1_feedentry 3-0-63)
  (im1-moveupper-letter sheet5), cost: 8171
    pre: (location sheet5 fe1_exit-im1_feedentry 4-0-84) (available im1-rsrc 52-0-294)
    add: (location sheet5 uc1_entry-im1_topexit 4-15-99)
    del: (location sheet5 fe1_exit-im1_feedentry 4-0-84)
  (im1-moveupper-letter sheet6), cost: 8171
    pre: (location sheet6 fe1_exit-im1_feedentry 5-0-105) (available im1-rsrc 52-0-294)
    add: (location sheet6 uc1_entry-im1_topexit 5-15-120)
    del: (location sheet6 fe1_exit-im1_feedentry 5-0-105)
  (im1-moveupper-letter sheet7), cost: 8171
    pre: (location sheet7 fe1_exit-im1_feedentry 6-0-126) (available im1-rsrc 52-0-294)
    add: (location sheet7 uc1_entry-im1_topexit 6-15-141)
    del: (location sheet7 fe1_exit-im1_feedentry 6-0-126)
  (im1-moveupper-letter sheet8), cost: 8171
    pre: (location sheet8 fe1_exit-im1_feedentry 7-0-147) (available im1-rsrc 52-0-294)
    add: (location sheet8 uc1_entry-im1_topexit 7-15-162)
    del: (location sheet8 fe1_exit-im1_feedentry 7-0-147)
  (im1-moveupper-letter sheet9), cost: 8171
    pre: (location sheet9 fe1_exit-im1_feedentry 8-0-168) (available im1-rsrc 52-0-294)
    add: (location sheet9 uc1_entry-im1_topexit 8-15-183)
    del: (location sheet9 fe1_exit-im1_feedentry 8-0-168)
  (initialize), cost: 0
    pre: (uninitialized 28-0-246)
    add: (none-of-those 28-1-247) (available fe1-rsrc 51-0-292) (available im1-rsrc 52-0-294) (available lbe-rsrc 53-0-296) (available lc1-rsrc 54-0-298) (available lc2-rsrc 55-0-300) (available lre-rsrc 56-0-302) (available om-rsrc 57-0-304) (available rh1-rsrc 58-0-306) (available rh2-rsrc 59-0-308) (available sys-rsrc 60-0-310) (available ube-rsrc 61-0-312) (available uc1-rsrc 62-0-314) (available uc2-rsrc 63-0-316) (available ure-rsrc 64-0-318)
    del: (uninitialized 28-0-246) (none-of-those 51-1-293) (none-of-those 52-1-295) (none-of-those 53-1-297) (none-of-those 54-1-299) (none-of-those 55-1-301) (none-of-those 56-1-303) (none-of-those 57-1-305) (none-of-those 58-1-307) (none-of-those 59-1-309) (none-of-those 60-1-311) (none-of-those 61-1-313) (none-of-those 62-1-315) (none-of-those 63-1-317) (none-of-those 64-1-319)
  (lbe-simplex-letter sheet1 back image-10), cost: 123749
    pre: (location sheet1 lbe_entry-lc1_offramp 0-2-2) (notprintedwith sheet1 back black 29-0-248) (available lbe-rsrc 53-0-296) (sideup sheet1 back 76-0-342)
    add: (location sheet1 lc1_onramp-lbe_exit 0-4-4) (none-of-those 29-1-249)
    del: (location sheet1 lbe_entry-lc1_offramp 0-2-2) (notprintedwith sheet1 back black 29-0-248)
  (lbe-simplex-letter sheet1 back image-3), cost: 123749
    pre: (location sheet1 lbe_entry-lc1_offramp 0-2-2) (notprintedwith sheet1 back black 29-0-248) (available lbe-rsrc 53-0-296) (sideup sheet1 back 76-0-342)
    add: (location sheet1 lc1_onramp-lbe_exit 0-4-4) (none-of-those 29-1-249)
    del: (location sheet1 lbe_entry-lc1_offramp 0-2-2) (notprintedwith sheet1 back black 29-0-248)
  (lbe-simplex-letter sheet1 back image-4), cost: 123749
    pre: (location sheet1 lbe_entry-lc1_offramp 0-2-2) (notprintedwith sheet1 back black 29-0-248) (available lbe-rsrc 53-0-296) (sideup sheet1 back 76-0-342)
    add: (location sheet1 lc1_onramp-lbe_exit 0-4-4) (none-of-those 29-1-249)
    del: (location sheet1 lbe_entry-lc1_offramp 0-2-2) (notprintedwith sheet1 back black 29-0-248)
  (lbe-simplex-letter sheet1 back image-5), cost: 123749
    pre: (location sheet1 lbe_entry-lc1_offramp 0-2-2) (notprintedwith sheet1 back black 29-0-248) (available lbe-rsrc 53-0-296) (sideup sheet1 back 76-0-342)
    add: (location sheet1 lc1_onramp-lbe_exit 0-4-4) (none-of-those 29-1-249)
    del: (location sheet1 lbe_entry-lc1_offramp 0-2-2) (notprintedwith sheet1 back black 29-0-248)
  (lbe-simplex-letter sheet1 back image-7), cost: 123749
    pre: (location sheet1 lbe_entry-lc1_offramp 0-2-2) (notprintedwith sheet1 back black 29-0-248) (available lbe-rsrc 53-0-296) (sideup sheet1 back 76-0-342)
    add: (location sheet1 lc1_onramp-lbe_exit 0-4-4) (none-of-those 29-1-249)
    del: (location sheet1 lbe_entry-lc1_offramp 0-2-2) (notprintedwith sheet1 back black 29-0-248)
  (lbe-simplex-letter sheet1 back image-9), cost: 123749
    pre: (location sheet1 lbe_entry-lc1_offramp 0-2-2) (notprintedwith sheet1 back black 29-0-248) (available lbe-rsrc 53-0-296) (sideup sheet1 back 76-0-342)
    add: (location sheet1 lc1_onramp-lbe_exit 0-4-4) (none-of-those 29-1-249)
    del: (location sheet1 lbe_entry-lc1_offramp 0-2-2) (notprintedwith sheet1 back black 29-0-248)
  (lbe-simplex-letter sheet1 front image-10), cost: 123749
    pre: (location sheet1 lbe_entry-lc1_offramp 0-2-2) (notprintedwith sheet1 front black 31-0-252) (available lbe-rsrc 53-0-296) (sideup sheet1 front 77-0-344)
    add: (location sheet1 lc1_onramp-lbe_exit 0-4-4) (none-of-those 31-1-253)
    del: (location sheet1 lbe_entry-lc1_offramp 0-2-2) (notprintedwith sheet1 front black 31-0-252)
  (lbe-simplex-letter sheet1 front image-3), cost: 123749
    pre: (location sheet1 lbe_entry-lc1_offramp 0-2-2) (notprintedwith sheet1 front black 31-0-252) (available lbe-rsrc 53-0-296) (sideup sheet1 front 77-0-344)
    add: (location sheet1 lc1_onramp-lbe_exit 0-4-4) (none-of-those 31-1-253)
    del: (location sheet1 lbe_entry-lc1_offramp 0-2-2) (notprintedwith sheet1 front black 31-0-252)
  (lbe-simplex-letter sheet1 front image-4), cost: 123749
    pre: (location sheet1 lbe_entry-lc1_offramp 0-2-2) (notprintedwith sheet1 front black 31-0-252) (available lbe-rsrc 53-0-296) (sideup sheet1 front 77-0-344)
    add: (location sheet1 lc1_onramp-lbe_exit 0-4-4) (none-of-those 31-1-253)
    del: (location sheet1 lbe_entry-lc1_offramp 0-2-2) (notprintedwith sheet1 front black 31-0-252)
  (lbe-simplex-letter sheet1 front image-5), cost: 123749
    pre: (location sheet1 lbe_entry-lc1_offramp 0-2-2) (notprintedwith sheet1 front black 31-0-252) (available lbe-rsrc 53-0-296) (sideup sheet1 front 77-0-344)
    add: (location sheet1 lc1_onramp-lbe_exit 0-4-4) (none-of-those 31-1-253)
    del: (location sheet1 lbe_entry-lc1_offramp 0-2-2) (notprintedwith sheet1 front black 31-0-252)
  (lbe-simplex-letter sheet1 front image-7), cost: 123749
    pre: (location sheet1 lbe_entry-lc1_offramp 0-2-2) (notprintedwith sheet1 front black 31-0-252) (available lbe-rsrc 53-0-296) (sideup sheet1 front 77-0-344)
    add: (location sheet1 lc1_onramp-lbe_exit 0-4-4) (none-of-those 31-1-253)
    del: (location sheet1 lbe_entry-lc1_offramp 0-2-2) (notprintedwith sheet1 front black 31-0-252)
  (lbe-simplex-letter sheet1 front image-9), cost: 123749
    pre: (location sheet1 lbe_entry-lc1_offramp 0-2-2) (notprintedwith sheet1 front black 31-0-252) (available lbe-rsrc 53-0-296) (sideup sheet1 front 77-0-344)
    add: (location sheet1 lc1_onramp-lbe_exit 0-4-4) (none-of-those 31-1-253)
    del: (location sheet1 lbe_entry-lc1_offramp 0-2-2) (notprintedwith sheet1 front black 31-0-252)
  (lbe-simplex-letter sheet10 back image-10), cost: 123749
    pre: (location sheet10 lbe_entry-lc1_offramp 9-2-191) (notprintedwith sheet10 back black 33-0-256) (available lbe-rsrc 53-0-296) (sideup sheet10 back 78-0-346)
    add: (location sheet10 lc1_onramp-lbe_exit 9-4-193) (none-of-those 33-1-257)
    del: (location sheet10 lbe_entry-lc1_offramp 9-2-191) (notprintedwith sheet10 back black 33-0-256)
  (lbe-simplex-letter sheet10 back image-3), cost: 123749
    pre: (location sheet10 lbe_entry-lc1_offramp 9-2-191) (notprintedwith sheet10 back black 33-0-256) (available lbe-rsrc 53-0-296) (sideup sheet10 back 78-0-346)
    add: (location sheet10 lc1_onramp-lbe_exit 9-4-193) (none-of-those 33-1-257)
    del: (location sheet10 lbe_entry-lc1_offramp 9-2-191) (notprintedwith sheet10 back black 33-0-256)
  (lbe-simplex-letter sheet10 back image-4), cost: 123749
    pre: (location sheet10 lbe_entry-lc1_offramp 9-2-191) (notprintedwith sheet10 back black 33-0-256) (available lbe-rsrc 53-0-296) (sideup sheet10 back 78-0-346)
    add: (location sheet10 lc1_onramp-lbe_exit 9-4-193) (none-of-those 33-1-257)
    del: (location sheet10 lbe_entry-lc1_offramp 9-2-191) (notprintedwith sheet10 back black 33-0-256)
  (lbe-simplex-letter sheet10 back image-5), cost: 123749
    pre: (location sheet10 lbe_entry-lc1_offramp 9-2-191) (notprintedwith sheet10 back black 33-0-256) (available lbe-rsrc 53-0-296) (sideup sheet10 back 78-0-346)
    add: (location sheet10 lc1_onramp-lbe_exit 9-4-193) (none-of-those 33-1-257)
    del: (location sheet10 lbe_entry-lc1_offramp 9-2-191) (notprintedwith sheet10 back black 33-0-256)
  (lbe-simplex-letter sheet10 back image-7), cost: 123749
    pre: (location sheet10 lbe_entry-lc1_offramp 9-2-191) (notprintedwith sheet10 back black 33-0-256) (available lbe-rsrc 53-0-296) (sideup sheet10 back 78-0-346)
    add: (location sheet10 lc1_onramp-lbe_exit 9-4-193) (none-of-those 33-1-257)
    del: (location sheet10 lbe_entry-lc1_offramp 9-2-191) (notprintedwith sheet10 back black 33-0-256)
  (lbe-simplex-letter sheet10 back image-9), cost: 123749
    pre: (location sheet10 lbe_entry-lc1_offramp 9-2-191) (notprintedwith sheet10 back black 33-0-256) (available lbe-rsrc 53-0-296) (sideup sheet10 back 78-0-346)
    add: (location sheet10 lc1_onramp-lbe_exit 9-4-193) (none-of-those 33-1-257)
    del: (location sheet10 lbe_entry-lc1_offramp 9-2-191) (notprintedwith sheet10 back black 33-0-256)
  (lbe-simplex-letter sheet10 front image-10), cost: 123749
    pre: (location sheet10 lbe_entry-lc1_offramp 9-2-191) (notprintedwith sheet10 front black 35-0-260) (available lbe-rsrc 53-0-296) (sideup sheet10 front 79-0-348)
    add: (location sheet10 lc1_onramp-lbe_exit 9-4-193) (none-of-those 35-1-261) (hasimage sheet10 front image-10 66-0-322)
    del: (location sheet10 lbe_entry-lc1_offramp 9-2-191) (notprintedwith sheet10 front black 35-0-260) (none-of-those 66-1-323)
  (lbe-simplex-letter sheet10 front image-3), cost: 123749
    pre: (location sheet10 lbe_entry-lc1_offramp 9-2-191) (notprintedwith sheet10 front black 35-0-260) (available lbe-rsrc 53-0-296) (sideup sheet10 front 79-0-348)
    add: (location sheet10 lc1_onramp-lbe_exit 9-4-193) (none-of-those 35-1-261)
    del: (location sheet10 lbe_entry-lc1_offramp 9-2-191) (notprintedwith sheet10 front black 35-0-260)
  (lbe-simplex-letter sheet10 front image-4), cost: 123749
    pre: (location sheet10 lbe_entry-lc1_offramp 9-2-191) (notprintedwith sheet10 front black 35-0-260) (available lbe-rsrc 53-0-296) (sideup sheet10 front 79-0-348)
    add: (location sheet10 lc1_onramp-lbe_exit 9-4-193) (none-of-those 35-1-261)
    del: (location sheet10 lbe_entry-lc1_offramp 9-2-191) (notprintedwith sheet10 front black 35-0-260)
  (lbe-simplex-letter sheet10 front image-5), cost: 123749
    pre: (location sheet10 lbe_entry-lc1_offramp 9-2-191) (notprintedwith sheet10 front black 35-0-260) (available lbe-rsrc 53-0-296) (sideup sheet10 front 79-0-348)
    add: (location sheet10 lc1_onramp-lbe_exit 9-4-193) (none-of-those 35-1-261)
    del: (location sheet10 lbe_entry-lc1_offramp 9-2-191) (notprintedwith sheet10 front black 35-0-260)
  (lbe-simplex-letter sheet10 front image-7), cost: 123749
    pre: (location sheet10 lbe_entry-lc1_offramp 9-2-191) (notprintedwith sheet10 front black 35-0-260) (available lbe-rsrc 53-0-296) (sideup sheet10 front 79-0-348)
    add: (location sheet10 lc1_onramp-lbe_exit 9-4-193) (none-of-those 35-1-261)
    del: (location sheet10 lbe_entry-lc1_offramp 9-2-191) (notprintedwith sheet10 front black 35-0-260)
  (lbe-simplex-letter sheet10 front image-9), cost: 123749
    pre: (location sheet10 lbe_entry-lc1_offramp 9-2-191) (notprintedwith sheet10 front black 35-0-260) (available lbe-rsrc 53-0-296) (sideup sheet10 front 79-0-348)
    add: (location sheet10 lc1_onramp-lbe_exit 9-4-193) (none-of-those 35-1-261)
    del: (location sheet10 lbe_entry-lc1_offramp 9-2-191) (notprintedwith sheet10 front black 35-0-260)
  (lbe-simplex-letter sheet2 back image-10), cost: 123749
    pre: (location sheet2 lbe_entry-lc1_offramp 1-2-23) (notprintedwith sheet2 back black 37-0-264) (available lbe-rsrc 53-0-296) (sideup sheet2 back 80-0-350)
    add: (location sheet2 lc1_onramp-lbe_exit 1-4-25) (none-of-those 37-1-265)
    del: (location sheet2 lbe_entry-lc1_offramp 1-2-23) (notprintedwith sheet2 back black 37-0-264)
  (lbe-simplex-letter sheet2 back image-3), cost: 123749
    pre: (location sheet2 lbe_entry-lc1_offramp 1-2-23) (notprintedwith sheet2 back black 37-0-264) (available lbe-rsrc 53-0-296) (sideup sheet2 back 80-0-350)
    add: (location sheet2 lc1_onramp-lbe_exit 1-4-25) (none-of-those 37-1-265)
    del: (location sheet2 lbe_entry-lc1_offramp 1-2-23) (notprintedwith sheet2 back black 37-0-264)
  (lbe-simplex-letter sheet2 back image-4), cost: 123749
    pre: (location sheet2 lbe_entry-lc1_offramp 1-2-23) (notprintedwith sheet2 back black 37-0-264) (available lbe-rsrc 53-0-296) (sideup sheet2 back 80-0-350)
    add: (location sheet2 lc1_onramp-lbe_exit 1-4-25) (none-of-those 37-1-265)
    del: (location sheet2 lbe_entry-lc1_offramp 1-2-23) (notprintedwith sheet2 back black 37-0-264)
  (lbe-simplex-letter sheet2 back image-5), cost: 123749
    pre: (location sheet2 lbe_entry-lc1_offramp 1-2-23) (notprintedwith sheet2 back black 37-0-264) (available lbe-rsrc 53-0-296) (sideup sheet2 back 80-0-350)
    add: (location sheet2 lc1_onramp-lbe_exit 1-4-25) (none-of-those 37-1-265)
    del: (location sheet2 lbe_entry-lc1_offramp 1-2-23) (notprintedwith sheet2 back black 37-0-264)
  (lbe-simplex-letter sheet2 back image-7), cost: 123749
    pre: (location sheet2 lbe_entry-lc1_offramp 1-2-23) (notprintedwith sheet2 back black 37-0-264) (available lbe-rsrc 53-0-296) (sideup sheet2 back 80-0-350)
    add: (location sheet2 lc1_onramp-lbe_exit 1-4-25) (none-of-those 37-1-265)
    del: (location sheet2 lbe_entry-lc1_offramp 1-2-23) (notprintedwith sheet2 back black 37-0-264)
  (lbe-simplex-letter sheet2 back image-9), cost: 123749
    pre: (location sheet2 lbe_entry-lc1_offramp 1-2-23) (notprintedwith sheet2 back black 37-0-264) (available lbe-rsrc 53-0-296) (sideup sheet2 back 80-0-350)
    add: (location sheet2 lc1_onramp-lbe_exit 1-4-25) (none-of-those 37-1-265)
    del: (location sheet2 lbe_entry-lc1_offramp 1-2-23) (notprintedwith sheet2 back black 37-0-264)
  (lbe-simplex-letter sheet2 front image-10), cost: 123749
    pre: (location sheet2 lbe_entry-lc1_offramp 1-2-23) (notprintedwith sheet2 front black 39-0-268) (available lbe-rsrc 53-0-296) (sideup sheet2 front 81-0-352)
    add: (location sheet2 lc1_onramp-lbe_exit 1-4-25) (none-of-those 39-1-269)
    del: (location sheet2 lbe_entry-lc1_offramp 1-2-23) (notprintedwith sheet2 front black 39-0-268)
  (lbe-simplex-letter sheet2 front image-3), cost: 123749
    pre: (location sheet2 lbe_entry-lc1_offramp 1-2-23) (notprintedwith sheet2 front black 39-0-268) (available lbe-rsrc 53-0-296) (sideup sheet2 front 81-0-352)
    add: (location sheet2 lc1_onramp-lbe_exit 1-4-25) (none-of-those 39-1-269)
    del: (location sheet2 lbe_entry-lc1_offramp 1-2-23) (notprintedwith sheet2 front black 39-0-268)
  (lbe-simplex-letter sheet2 front image-4), cost: 123749
    pre: (location sheet2 lbe_entry-lc1_offramp 1-2-23) (notprintedwith sheet2 front black 39-0-268) (available lbe-rsrc 53-0-296) (sideup sheet2 front 81-0-352)
    add: (location sheet2 lc1_onramp-lbe_exit 1-4-25) (none-of-those 39-1-269)
    del: (location sheet2 lbe_entry-lc1_offramp 1-2-23) (notprintedwith sheet2 front black 39-0-268)
  (lbe-simplex-letter sheet2 front image-5), cost: 123749
    pre: (location sheet2 lbe_entry-lc1_offramp 1-2-23) (notprintedwith sheet2 front black 39-0-268) (available lbe-rsrc 53-0-296) (sideup sheet2 front 81-0-352)
    add: (location sheet2 lc1_onramp-lbe_exit 1-4-25) (none-of-those 39-1-269)
    del: (location sheet2 lbe_entry-lc1_offramp 1-2-23) (notprintedwith sheet2 front black 39-0-268)
  (lbe-simplex-letter sheet2 front image-7), cost: 123749
    pre: (location sheet2 lbe_entry-lc1_offramp 1-2-23) (notprintedwith sheet2 front black 39-0-268) (available lbe-rsrc 53-0-296) (sideup sheet2 front 81-0-352)
    add: (location sheet2 lc1_onramp-lbe_exit 1-4-25) (none-of-those 39-1-269)
    del: (location sheet2 lbe_entry-lc1_offramp 1-2-23) (notprintedwith sheet2 front black 39-0-268)
  (lbe-simplex-letter sheet2 front image-9), cost: 123749
    pre: (location sheet2 lbe_entry-lc1_offramp 1-2-23) (notprintedwith sheet2 front black 39-0-268) (available lbe-rsrc 53-0-296) (sideup sheet2 front 81-0-352)
    add: (location sheet2 lc1_onramp-lbe_exit 1-4-25) (none-of-those 39-1-269)
    del: (location sheet2 lbe_entry-lc1_offramp 1-2-23) (notprintedwith sheet2 front black 39-0-268)
  (lbe-simplex-letter sheet3 back image-10), cost: 123749
    pre: (location sheet3 lbe_entry-lc1_offramp 2-2-44) (notprintedwith sheet3 back black 41-0-272) (available lbe-rsrc 53-0-296) (sideup sheet3 back 82-0-354)
    add: (location sheet3 lc1_onramp-lbe_exit 2-4-46) (none-of-those 41-1-273)
    del: (location sheet3 lbe_entry-lc1_offramp 2-2-44) (notprintedwith sheet3 back black 41-0-272)
  (lbe-simplex-letter sheet3 back image-3), cost: 123749
    pre: (location sheet3 lbe_entry-lc1_offramp 2-2-44) (notprintedwith sheet3 back black 41-0-272) (available lbe-rsrc 53-0-296) (sideup sheet3 back 82-0-354)
    add: (location sheet3 lc1_onramp-lbe_exit 2-4-46) (none-of-those 41-1-273)
    del: (location sheet3 lbe_entry-lc1_offramp 2-2-44) (notprintedwith sheet3 back black 41-0-272)
  (lbe-simplex-letter sheet3 back image-4), cost: 123749
    pre: (location sheet3 lbe_entry-lc1_offramp 2-2-44) (notprintedwith sheet3 back black 41-0-272) (available lbe-rsrc 53-0-296) (sideup sheet3 back 82-0-354)
    add: (location sheet3 lc1_onramp-lbe_exit 2-4-46) (none-of-those 41-1-273)
    del: (location sheet3 lbe_entry-lc1_offramp 2-2-44) (notprintedwith sheet3 back black 41-0-272)
  (lbe-simplex-letter sheet3 back image-5), cost: 123749
    pre: (location sheet3 lbe_entry-lc1_offramp 2-2-44) (notprintedwith sheet3 back black 41-0-272) (available lbe-rsrc 53-0-296) (sideup sheet3 back 82-0-354)
    add: (location sheet3 lc1_onramp-lbe_exit 2-4-46) (none-of-those 41-1-273)
    del: (location sheet3 lbe_entry-lc1_offramp 2-2-44) (notprintedwith sheet3 back black 41-0-272)
  (lbe-simplex-letter sheet3 back image-7), cost: 123749
    pre: (location sheet3 lbe_entry-lc1_offramp 2-2-44) (notprintedwith sheet3 back black 41-0-272) (available lbe-rsrc 53-0-296) (sideup sheet3 back 82-0-354)
    add: (location sheet3 lc1_onramp-lbe_exit 2-4-46) (none-of-those 41-1-273)
    del: (location sheet3 lbe_entry-lc1_offramp 2-2-44) (notprintedwith sheet3 back black 41-0-272)
  (lbe-simplex-letter sheet3 back image-9), cost: 123749
    pre: (location sheet3 lbe_entry-lc1_offramp 2-2-44) (notprintedwith sheet3 back black 41-0-272) (available lbe-rsrc 53-0-296) (sideup sheet3 back 82-0-354)
    add: (location sheet3 lc1_onramp-lbe_exit 2-4-46) (none-of-those 41-1-273)
    del: (location sheet3 lbe_entry-lc1_offramp 2-2-44) (notprintedwith sheet3 back black 41-0-272)
  (lbe-simplex-letter sheet3 front image-10), cost: 123749
    pre: (location sheet3 lbe_entry-lc1_offramp 2-2-44) (notprintedwith sheet3 front black 43-0-276) (available lbe-rsrc 53-0-296) (sideup sheet3 front 83-0-356)
    add: (location sheet3 lc1_onramp-lbe_exit 2-4-46) (none-of-those 43-1-277)
    del: (location sheet3 lbe_entry-lc1_offramp 2-2-44) (notprintedwith sheet3 front black 43-0-276)
  (lbe-simplex-letter sheet3 front image-3), cost: 123749
    pre: (location sheet3 lbe_entry-lc1_offramp 2-2-44) (notprintedwith sheet3 front black 43-0-276) (available lbe-rsrc 53-0-296) (sideup sheet3 front 83-0-356)
    add: (location sheet3 lc1_onramp-lbe_exit 2-4-46) (none-of-those 43-1-277) (hasimage sheet3 front image-3 68-0-326)
    del: (location sheet3 lbe_entry-lc1_offramp 2-2-44) (notprintedwith sheet3 front black 43-0-276) (none-of-those 68-1-327)
  (lbe-simplex-letter sheet3 front image-4), cost: 123749
    pre: (location sheet3 lbe_entry-lc1_offramp 2-2-44) (notprintedwith sheet3 front black 43-0-276) (available lbe-rsrc 53-0-296) (sideup sheet3 front 83-0-356)
    add: (location sheet3 lc1_onramp-lbe_exit 2-4-46) (none-of-those 43-1-277)
    del: (location sheet3 lbe_entry-lc1_offramp 2-2-44) (notprintedwith sheet3 front black 43-0-276)
  (lbe-simplex-letter sheet3 front image-5), cost: 123749
    pre: (location sheet3 lbe_entry-lc1_offramp 2-2-44) (notprintedwith sheet3 front black 43-0-276) (available lbe-rsrc 53-0-296) (sideup sheet3 front 83-0-356)
    add: (location sheet3 lc1_onramp-lbe_exit 2-4-46) (none-of-those 43-1-277)
    del: (location sheet3 lbe_entry-lc1_offramp 2-2-44) (notprintedwith sheet3 front black 43-0-276)
  (lbe-simplex-letter sheet3 front image-7), cost: 123749
    pre: (location sheet3 lbe_entry-lc1_offramp 2-2-44) (notprintedwith sheet3 front black 43-0-276) (available lbe-rsrc 53-0-296) (sideup sheet3 front 83-0-356)
    add: (location sheet3 lc1_onramp-lbe_exit 2-4-46) (none-of-those 43-1-277)
    del: (location sheet3 lbe_entry-lc1_offramp 2-2-44) (notprintedwith sheet3 front black 43-0-276)
  (lbe-simplex-letter sheet3 front image-9), cost: 123749
    pre: (location sheet3 lbe_entry-lc1_offramp 2-2-44) (notprintedwith sheet3 front black 43-0-276) (available lbe-rsrc 53-0-296) (sideup sheet3 front 83-0-356)
    add: (location sheet3 lc1_onramp-lbe_exit 2-4-46) (none-of-those 43-1-277)
    del: (location sheet3 lbe_entry-lc1_offramp 2-2-44) (notprintedwith sheet3 front black 43-0-276)
  (lbe-simplex-letter sheet4 back image-10), cost: 123749
    pre: (location sheet4 lbe_entry-lc1_offramp 3-2-65) (notprintedwith sheet4 back black 45-0-280) (available lbe-rsrc 53-0-296) (sideup sheet4 back 84-0-358)
    add: (location sheet4 lc1_onramp-lbe_exit 3-4-67) (none-of-those 45-1-281)
    del: (location sheet4 lbe_entry-lc1_offramp 3-2-65) (notprintedwith sheet4 back black 45-0-280)
  (lbe-simplex-letter sheet4 back image-3), cost: 123749
    pre: (location sheet4 lbe_entry-lc1_offramp 3-2-65) (notprintedwith sheet4 back black 45-0-280) (available lbe-rsrc 53-0-296) (sideup sheet4 back 84-0-358)
    add: (location sheet4 lc1_onramp-lbe_exit 3-4-67) (none-of-those 45-1-281)
    del: (location sheet4 lbe_entry-lc1_offramp 3-2-65) (notprintedwith sheet4 back black 45-0-280)
  (lbe-simplex-letter sheet4 back image-4), cost: 123749
    pre: (location sheet4 lbe_entry-lc1_offramp 3-2-65) (notprintedwith sheet4 back black 45-0-280) (available lbe-rsrc 53-0-296) (sideup sheet4 back 84-0-358)
    add: (location sheet4 lc1_onramp-lbe_exit 3-4-67) (none-of-those 45-1-281)
    del: (location sheet4 lbe_entry-lc1_offramp 3-2-65) (notprintedwith sheet4 back black 45-0-280)
  (lbe-simplex-letter sheet4 back image-5), cost: 123749
    pre: (location sheet4 lbe_entry-lc1_offramp 3-2-65) (notprintedwith sheet4 back black 45-0-280) (available lbe-rsrc 53-0-296) (sideup sheet4 back 84-0-358)
    add: (location sheet4 lc1_onramp-lbe_exit 3-4-67) (none-of-those 45-1-281)
    del: (location sheet4 lbe_entry-lc1_offramp 3-2-65) (notprintedwith sheet4 back black 45-0-280)
  (lbe-simplex-letter sheet4 back image-7), cost: 123749
    pre: (location sheet4 lbe_entry-lc1_offramp 3-2-65) (notprintedwith sheet4 back black 45-0-280) (available lbe-rsrc 53-0-296) (sideup sheet4 back 84-0-358)
    add: (location sheet4 lc1_onramp-lbe_exit 3-4-67) (none-of-those 45-1-281)
    del: (location sheet4 lbe_entry-lc1_offramp 3-2-65) (notprintedwith sheet4 back black 45-0-280)
  (lbe-simplex-letter sheet4 back image-9), cost: 123749
    pre: (location sheet4 lbe_entry-lc1_offramp 3-2-65) (notprintedwith sheet4 back black 45-0-280) (available lbe-rsrc 53-0-296) (sideup sheet4 back 84-0-358)
    add: (location sheet4 lc1_onramp-lbe_exit 3-4-67) (none-of-those 45-1-281)
    del: (location sheet4 lbe_entry-lc1_offramp 3-2-65) (notprintedwith sheet4 back black 45-0-280)
  (lbe-simplex-letter sheet4 front image-10), cost: 123749
    pre: (location sheet4 lbe_entry-lc1_offramp 3-2-65) (notprintedwith sheet4 front black 47-0-284) (available lbe-rsrc 53-0-296) (sideup sheet4 front 85-0-360)
    add: (location sheet4 lc1_onramp-lbe_exit 3-4-67) (none-of-those 47-1-285)
    del: (location sheet4 lbe_entry-lc1_offramp 3-2-65) (notprintedwith sheet4 front black 47-0-284)
  (lbe-simplex-letter sheet4 front image-3), cost: 123749
    pre: (location sheet4 lbe_entry-lc1_offramp 3-2-65) (notprintedwith sheet4 front black 47-0-284) (available lbe-rsrc 53-0-296) (sideup sheet4 front 85-0-360)
    add: (location sheet4 lc1_onramp-lbe_exit 3-4-67) (none-of-those 47-1-285)
    del: (location sheet4 lbe_entry-lc1_offramp 3-2-65) (notprintedwith sheet4 front black 47-0-284)
  (lbe-simplex-letter sheet4 front image-4), cost: 123749
    pre: (location sheet4 lbe_entry-lc1_offramp 3-2-65) (notprintedwith sheet4 front black 47-0-284) (available lbe-rsrc 53-0-296) (sideup sheet4 front 85-0-360)
    add: (location sheet4 lc1_onramp-lbe_exit 3-4-67) (none-of-those 47-1-285) (hasimage sheet4 front image-4 69-0-328)
    del: (location sheet4 lbe_entry-lc1_offramp 3-2-65) (notprintedwith sheet4 front black 47-0-284) (none-of-those 69-1-329)
  (lbe-simplex-letter sheet4 front image-5), cost: 123749
    pre: (location sheet4 lbe_entry-lc1_offramp 3-2-65) (notprintedwith sheet4 front black 47-0-284) (available lbe-rsrc 53-0-296) (sideup sheet4 front 85-0-360)
    add: (location sheet4 lc1_onramp-lbe_exit 3-4-67) (none-of-those 47-1-285)
    del: (location sheet4 lbe_entry-lc1_offramp 3-2-65) (notprintedwith sheet4 front black 47-0-284)
  (lbe-simplex-letter sheet4 front image-7), cost: 123749
    pre: (location sheet4 lbe_entry-lc1_offramp 3-2-65) (notprintedwith sheet4 front black 47-0-284) (available lbe-rsrc 53-0-296) (sideup sheet4 front 85-0-360)
    add: (location sheet4 lc1_onramp-lbe_exit 3-4-67) (none-of-those 47-1-285)
    del: (location sheet4 lbe_entry-lc1_offramp 3-2-65) (notprintedwith sheet4 front black 47-0-284)
  (lbe-simplex-letter sheet4 front image-9), cost: 123749
    pre: (location sheet4 lbe_entry-lc1_offramp 3-2-65) (notprintedwith sheet4 front black 47-0-284) (available lbe-rsrc 53-0-296) (sideup sheet4 front 85-0-360)
    add: (location sheet4 lc1_onramp-lbe_exit 3-4-67) (none-of-those 47-1-285)
    del: (location sheet4 lbe_entry-lc1_offramp 3-2-65) (notprintedwith sheet4 front black 47-0-284)
  (lbe-simplex-letter sheet5 back image-10), cost: 123749
    pre: (location sheet5 lbe_entry-lc1_offramp 4-2-86) (notprintedwith sheet5 back black 49-0-288) (available lbe-rsrc 53-0-296) (sideup sheet5 back 86-0-362)
    add: (location sheet5 lc1_onramp-lbe_exit 4-4-88) (none-of-those 49-1-289)
    del: (location sheet5 lbe_entry-lc1_offramp 4-2-86) (notprintedwith sheet5 back black 49-0-288)
  (lbe-simplex-letter sheet5 back image-3), cost: 123749
    pre: (location sheet5 lbe_entry-lc1_offramp 4-2-86) (notprintedwith sheet5 back black 49-0-288) (available lbe-rsrc 53-0-296) (sideup sheet5 back 86-0-362)
    add: (location sheet5 lc1_onramp-lbe_exit 4-4-88) (none-of-those 49-1-289)
    del: (location sheet5 lbe_entry-lc1_offramp 4-2-86) (notprintedwith sheet5 back black 49-0-288)
  (lbe-simplex-letter sheet5 back image-4), cost: 123749
    pre: (location sheet5 lbe_entry-lc1_offramp 4-2-86) (notprintedwith sheet5 back black 49-0-288) (available lbe-rsrc 53-0-296) (sideup sheet5 back 86-0-362)
    add: (location sheet5 lc1_onramp-lbe_exit 4-4-88) (none-of-those 49-1-289)
    del: (location sheet5 lbe_entry-lc1_offramp 4-2-86) (notprintedwith sheet5 back black 49-0-288)
  (lbe-simplex-letter sheet5 back image-5), cost: 123749
    pre: (location sheet5 lbe_entry-lc1_offramp 4-2-86) (notprintedwith sheet5 back black 49-0-288) (available lbe-rsrc 53-0-296) (sideup sheet5 back 86-0-362)
    add: (location sheet5 lc1_onramp-lbe_exit 4-4-88) (none-of-those 49-1-289)
    del: (location sheet5 lbe_entry-lc1_offramp 4-2-86) (notprintedwith sheet5 back black 49-0-288)
  (lbe-simplex-letter sheet5 back image-7), cost: 123749
    pre: (location sheet5 lbe_entry-lc1_offramp 4-2-86) (notprintedwith sheet5 back black 49-0-288) (available lbe-rsrc 53-0-296) (sideup sheet5 back 86-0-362)
    add: (location sheet5 lc1_onramp-lbe_exit 4-4-88) (none-of-those 49-1-289)
    del: (location sheet5 lbe_entry-lc1_offramp 4-2-86) (notprintedwith sheet5 back black 49-0-288)
  (lbe-simplex-letter sheet5 back image-9), cost: 123749
    pre: (location sheet5 lbe_entry-lc1_offramp 4-2-86) (notprintedwith sheet5 back black 49-0-288) (available lbe-rsrc 53-0-296) (sideup sheet5 back 86-0-362)
    add: (location sheet5 lc1_onramp-lbe_exit 4-4-88) (none-of-those 49-1-289)
    del: (location sheet5 lbe_entry-lc1_offramp 4-2-86) (notprintedwith sheet5 back black 49-0-288)
  (lbe-simplex-letter sheet5 front image-10), cost: 123749
    pre: (location sheet5 lbe_entry-lc1_offramp 4-2-86) (notprintedwith sheet5 front black 10-0-210) (available lbe-rsrc 53-0-296) (sideup sheet5 front 87-0-364)
    add: (location sheet5 lc1_onramp-lbe_exit 4-4-88) (none-of-those 10-1-211)
    del: (location sheet5 lbe_entry-lc1_offramp 4-2-86) (notprintedwith sheet5 front black 10-0-210)
  (lbe-simplex-letter sheet5 front image-3), cost: 123749
    pre: (location sheet5 lbe_entry-lc1_offramp 4-2-86) (notprintedwith sheet5 front black 10-0-210) (available lbe-rsrc 53-0-296) (sideup sheet5 front 87-0-364)
    add: (location sheet5 lc1_onramp-lbe_exit 4-4-88) (none-of-those 10-1-211)
    del: (location sheet5 lbe_entry-lc1_offramp 4-2-86) (notprintedwith sheet5 front black 10-0-210)
  (lbe-simplex-letter sheet5 front image-4), cost: 123749
    pre: (location sheet5 lbe_entry-lc1_offramp 4-2-86) (notprintedwith sheet5 front black 10-0-210) (available lbe-rsrc 53-0-296) (sideup sheet5 front 87-0-364)
    add: (location sheet5 lc1_onramp-lbe_exit 4-4-88) (none-of-those 10-1-211)
    del: (location sheet5 lbe_entry-lc1_offramp 4-2-86) (notprintedwith sheet5 front black 10-0-210)
  (lbe-simplex-letter sheet5 front image-5), cost: 123749
    pre: (location sheet5 lbe_entry-lc1_offramp 4-2-86) (notprintedwith sheet5 front black 10-0-210) (available lbe-rsrc 53-0-296) (sideup sheet5 front 87-0-364)
    add: (location sheet5 lc1_onramp-lbe_exit 4-4-88) (none-of-those 10-1-211) (hasimage sheet5 front image-5 70-0-330)
    del: (location sheet5 lbe_entry-lc1_offramp 4-2-86) (notprintedwith sheet5 front black 10-0-210) (none-of-those 70-1-331)
  (lbe-simplex-letter sheet5 front image-7), cost: 123749
    pre: (location sheet5 lbe_entry-lc1_offramp 4-2-86) (notprintedwith sheet5 front black 10-0-210) (available lbe-rsrc 53-0-296) (sideup sheet5 front 87-0-364)
    add: (location sheet5 lc1_onramp-lbe_exit 4-4-88) (none-of-those 10-1-211)
    del: (location sheet5 lbe_entry-lc1_offramp 4-2-86) (notprintedwith sheet5 front black 10-0-210)
  (lbe-simplex-letter sheet5 front image-9), cost: 123749
    pre: (location sheet5 lbe_entry-lc1_offramp 4-2-86) (notprintedwith sheet5 front black 10-0-210) (available lbe-rsrc 53-0-296) (sideup sheet5 front 87-0-364)
    add: (location sheet5 lc1_onramp-lbe_exit 4-4-88) (none-of-those 10-1-211)
    del: (location sheet5 lbe_entry-lc1_offramp 4-2-86) (notprintedwith sheet5 front black 10-0-210)
  (lbe-simplex-letter sheet6 back image-10), cost: 123749
    pre: (location sheet6 lbe_entry-lc1_offramp 5-2-107) (notprintedwith sheet6 back black 12-0-214) (available lbe-rsrc 53-0-296) (sideup sheet6 back 88-0-366)
    add: (location sheet6 lc1_onramp-lbe_exit 5-4-109) (none-of-those 12-1-215)
    del: (location sheet6 lbe_entry-lc1_offramp 5-2-107) (notprintedwith sheet6 back black 12-0-214)
  (lbe-simplex-letter sheet6 back image-3), cost: 123749
    pre: (location sheet6 lbe_entry-lc1_offramp 5-2-107) (notprintedwith sheet6 back black 12-0-214) (available lbe-rsrc 53-0-296) (sideup sheet6 back 88-0-366)
    add: (location sheet6 lc1_onramp-lbe_exit 5-4-109) (none-of-those 12-1-215)
    del: (location sheet6 lbe_entry-lc1_offramp 5-2-107) (notprintedwith sheet6 back black 12-0-214)
  (lbe-simplex-letter sheet6 back image-4), cost: 123749
    pre: (location sheet6 lbe_entry-lc1_offramp 5-2-107) (notprintedwith sheet6 back black 12-0-214) (available lbe-rsrc 53-0-296) (sideup sheet6 back 88-0-366)
    add: (location sheet6 lc1_onramp-lbe_exit 5-4-109) (none-of-those 12-1-215)
    del: (location sheet6 lbe_entry-lc1_offramp 5-2-107) (notprintedwith sheet6 back black 12-0-214)
  (lbe-simplex-letter sheet6 back image-5), cost: 123749
    pre: (location sheet6 lbe_entry-lc1_offramp 5-2-107) (notprintedwith sheet6 back black 12-0-214) (available lbe-rsrc 53-0-296) (sideup sheet6 back 88-0-366)
    add: (location sheet6 lc1_onramp-lbe_exit 5-4-109) (none-of-those 12-1-215)
    del: (location sheet6 lbe_entry-lc1_offramp 5-2-107) (notprintedwith sheet6 back black 12-0-214)
  (lbe-simplex-letter sheet6 back image-7), cost: 123749
    pre: (location sheet6 lbe_entry-lc1_offramp 5-2-107) (notprintedwith sheet6 back black 12-0-214) (available lbe-rsrc 53-0-296) (sideup sheet6 back 88-0-366)
    add: (location sheet6 lc1_onramp-lbe_exit 5-4-109) (none-of-those 12-1-215)
    del: (location sheet6 lbe_entry-lc1_offramp 5-2-107) (notprintedwith sheet6 back black 12-0-214)
  (lbe-simplex-letter sheet6 back image-9), cost: 123749
    pre: (location sheet6 lbe_entry-lc1_offramp 5-2-107) (notprintedwith sheet6 back black 12-0-214) (available lbe-rsrc 53-0-296) (sideup sheet6 back 88-0-366)
    add: (location sheet6 lc1_onramp-lbe_exit 5-4-109) (none-of-those 12-1-215)
    del: (location sheet6 lbe_entry-lc1_offramp 5-2-107) (notprintedwith sheet6 back black 12-0-214)
  (lbe-simplex-letter sheet6 front image-10), cost: 123749
    pre: (location sheet6 lbe_entry-lc1_offramp 5-2-107) (notprintedwith sheet6 front black 14-0-218) (available lbe-rsrc 53-0-296) (sideup sheet6 front 89-0-368)
    add: (location sheet6 lc1_onramp-lbe_exit 5-4-109) (none-of-those 14-1-219)
    del: (location sheet6 lbe_entry-lc1_offramp 5-2-107) (notprintedwith sheet6 front black 14-0-218)
  (lbe-simplex-letter sheet6 front image-3), cost: 123749
    pre: (location sheet6 lbe_entry-lc1_offramp 5-2-107) (notprintedwith sheet6 front black 14-0-218) (available lbe-rsrc 53-0-296) (sideup sheet6 front 89-0-368)
    add: (location sheet6 lc1_onramp-lbe_exit 5-4-109) (none-of-those 14-1-219)
    del: (location sheet6 lbe_entry-lc1_offramp 5-2-107) (notprintedwith sheet6 front black 14-0-218)
  (lbe-simplex-letter sheet6 front image-4), cost: 123749
    pre: (location sheet6 lbe_entry-lc1_offramp 5-2-107) (notprintedwith sheet6 front black 14-0-218) (available lbe-rsrc 53-0-296) (sideup sheet6 front 89-0-368)
    add: (location sheet6 lc1_onramp-lbe_exit 5-4-109) (none-of-those 14-1-219)
    del: (location sheet6 lbe_entry-lc1_offramp 5-2-107) (notprintedwith sheet6 front black 14-0-218)
  (lbe-simplex-letter sheet6 front image-5), cost: 123749
    pre: (location sheet6 lbe_entry-lc1_offramp 5-2-107) (notprintedwith sheet6 front black 14-0-218) (available lbe-rsrc 53-0-296) (sideup sheet6 front 89-0-368)
    add: (location sheet6 lc1_onramp-lbe_exit 5-4-109) (none-of-those 14-1-219)
    del: (location sheet6 lbe_entry-lc1_offramp 5-2-107) (notprintedwith sheet6 front black 14-0-218)
  (lbe-simplex-letter sheet6 front image-7), cost: 123749
    pre: (location sheet6 lbe_entry-lc1_offramp 5-2-107) (notprintedwith sheet6 front black 14-0-218) (available lbe-rsrc 53-0-296) (sideup sheet6 front 89-0-368)
    add: (location sheet6 lc1_onramp-lbe_exit 5-4-109) (none-of-those 14-1-219)
    del: (location sheet6 lbe_entry-lc1_offramp 5-2-107) (notprintedwith sheet6 front black 14-0-218)
  (lbe-simplex-letter sheet6 front image-9), cost: 123749
    pre: (location sheet6 lbe_entry-lc1_offramp 5-2-107) (notprintedwith sheet6 front black 14-0-218) (available lbe-rsrc 53-0-296) (sideup sheet6 front 89-0-368)
    add: (location sheet6 lc1_onramp-lbe_exit 5-4-109) (none-of-those 14-1-219)
    del: (location sheet6 lbe_entry-lc1_offramp 5-2-107) (notprintedwith sheet6 front black 14-0-218)
  (lbe-simplex-letter sheet7 back image-10), cost: 123749
    pre: (location sheet7 lbe_entry-lc1_offramp 6-2-128) (notprintedwith sheet7 back black 16-0-222) (available lbe-rsrc 53-0-296) (sideup sheet7 back 90-0-370)
    add: (location sheet7 lc1_onramp-lbe_exit 6-4-130) (none-of-those 16-1-223)
    del: (location sheet7 lbe_entry-lc1_offramp 6-2-128) (notprintedwith sheet7 back black 16-0-222)
  (lbe-simplex-letter sheet7 back image-3), cost: 123749
    pre: (location sheet7 lbe_entry-lc1_offramp 6-2-128) (notprintedwith sheet7 back black 16-0-222) (available lbe-rsrc 53-0-296) (sideup sheet7 back 90-0-370)
    add: (location sheet7 lc1_onramp-lbe_exit 6-4-130) (none-of-those 16-1-223)
    del: (location sheet7 lbe_entry-lc1_offramp 6-2-128) (notprintedwith sheet7 back black 16-0-222)
  (lbe-simplex-letter sheet7 back image-4), cost: 123749
    pre: (location sheet7 lbe_entry-lc1_offramp 6-2-128) (notprintedwith sheet7 back black 16-0-222) (available lbe-rsrc 53-0-296) (sideup sheet7 back 90-0-370)
    add: (location sheet7 lc1_onramp-lbe_exit 6-4-130) (none-of-those 16-1-223)
    del: (location sheet7 lbe_entry-lc1_offramp 6-2-128) (notprintedwith sheet7 back black 16-0-222)
  (lbe-simplex-letter sheet7 back image-5), cost: 123749
    pre: (location sheet7 lbe_entry-lc1_offramp 6-2-128) (notprintedwith sheet7 back black 16-0-222) (available lbe-rsrc 53-0-296) (sideup sheet7 back 90-0-370)
    add: (location sheet7 lc1_onramp-lbe_exit 6-4-130) (none-of-those 16-1-223)
    del: (location sheet7 lbe_entry-lc1_offramp 6-2-128) (notprintedwith sheet7 back black 16-0-222)
  (lbe-simplex-letter sheet7 back image-7), cost: 123749
    pre: (location sheet7 lbe_entry-lc1_offramp 6-2-128) (notprintedwith sheet7 back black 16-0-222) (available lbe-rsrc 53-0-296) (sideup sheet7 back 90-0-370)
    add: (location sheet7 lc1_onramp-lbe_exit 6-4-130) (none-of-those 16-1-223)
    del: (location sheet7 lbe_entry-lc1_offramp 6-2-128) (notprintedwith sheet7 back black 16-0-222)
  (lbe-simplex-letter sheet7 back image-9), cost: 123749
    pre: (location sheet7 lbe_entry-lc1_offramp 6-2-128) (notprintedwith sheet7 back black 16-0-222) (available lbe-rsrc 53-0-296) (sideup sheet7 back 90-0-370)
    add: (location sheet7 lc1_onramp-lbe_exit 6-4-130) (none-of-those 16-1-223)
    del: (location sheet7 lbe_entry-lc1_offramp 6-2-128) (notprintedwith sheet7 back black 16-0-222)
  (lbe-simplex-letter sheet7 front image-10), cost: 123749
    pre: (location sheet7 lbe_entry-lc1_offramp 6-2-128) (notprintedwith sheet7 front black 18-0-226) (available lbe-rsrc 53-0-296) (sideup sheet7 front 91-0-372)
    add: (location sheet7 lc1_onramp-lbe_exit 6-4-130) (none-of-those 18-1-227)
    del: (location sheet7 lbe_entry-lc1_offramp 6-2-128) (notprintedwith sheet7 front black 18-0-226)
  (lbe-simplex-letter sheet7 front image-3), cost: 123749
    pre: (location sheet7 lbe_entry-lc1_offramp 6-2-128) (notprintedwith sheet7 front black 18-0-226) (available lbe-rsrc 53-0-296) (sideup sheet7 front 91-0-372)
    add: (location sheet7 lc1_onramp-lbe_exit 6-4-130) (none-of-those 18-1-227)
    del: (location sheet7 lbe_entry-lc1_offramp 6-2-128) (notprintedwith sheet7 front black 18-0-226)
  (lbe-simplex-letter sheet7 front image-4), cost: 123749
    pre: (location sheet7 lbe_entry-lc1_offramp 6-2-128) (notprintedwith sheet7 front black 18-0-226) (available lbe-rsrc 53-0-296) (sideup sheet7 front 91-0-372)
    add: (location sheet7 lc1_onramp-lbe_exit 6-4-130) (none-of-those 18-1-227)
    del: (location sheet7 lbe_entry-lc1_offramp 6-2-128) (notprintedwith sheet7 front black 18-0-226)
  (lbe-simplex-letter sheet7 front image-5), cost: 123749
    pre: (location sheet7 lbe_entry-lc1_offramp 6-2-128) (notprintedwith sheet7 front black 18-0-226) (available lbe-rsrc 53-0-296) (sideup sheet7 front 91-0-372)
    add: (location sheet7 lc1_onramp-lbe_exit 6-4-130) (none-of-those 18-1-227)
    del: (location sheet7 lbe_entry-lc1_offramp 6-2-128) (notprintedwith sheet7 front black 18-0-226)
  (lbe-simplex-letter sheet7 front image-7), cost: 123749
    pre: (location sheet7 lbe_entry-lc1_offramp 6-2-128) (notprintedwith sheet7 front black 18-0-226) (available lbe-rsrc 53-0-296) (sideup sheet7 front 91-0-372)
    add: (location sheet7 lc1_onramp-lbe_exit 6-4-130) (none-of-those 18-1-227) (hasimage sheet7 front image-7 72-0-334)
    del: (location sheet7 lbe_entry-lc1_offramp 6-2-128) (notprintedwith sheet7 front black 18-0-226) (none-of-those 72-1-335)
  (lbe-simplex-letter sheet7 front image-9), cost: 123749
    pre: (location sheet7 lbe_entry-lc1_offramp 6-2-128) (notprintedwith sheet7 front black 18-0-226) (available lbe-rsrc 53-0-296) (sideup sheet7 front 91-0-372)
    add: (location sheet7 lc1_onramp-lbe_exit 6-4-130) (none-of-those 18-1-227)
    del: (location sheet7 lbe_entry-lc1_offramp 6-2-128) (notprintedwith sheet7 front black 18-0-226)
  (lbe-simplex-letter sheet8 back image-10), cost: 123749
    pre: (location sheet8 lbe_entry-lc1_offramp 7-2-149) (notprintedwith sheet8 back black 20-0-230) (available lbe-rsrc 53-0-296) (sideup sheet8 back 92-0-374)
    add: (location sheet8 lc1_onramp-lbe_exit 7-4-151) (none-of-those 20-1-231)
    del: (location sheet8 lbe_entry-lc1_offramp 7-2-149) (notprintedwith sheet8 back black 20-0-230)
  (lbe-simplex-letter sheet8 back image-3), cost: 123749
    pre: (location sheet8 lbe_entry-lc1_offramp 7-2-149) (notprintedwith sheet8 back black 20-0-230) (available lbe-rsrc 53-0-296) (sideup sheet8 back 92-0-374)
    add: (location sheet8 lc1_onramp-lbe_exit 7-4-151) (none-of-those 20-1-231)
    del: (location sheet8 lbe_entry-lc1_offramp 7-2-149) (notprintedwith sheet8 back black 20-0-230)
  (lbe-simplex-letter sheet8 back image-4), cost: 123749
    pre: (location sheet8 lbe_entry-lc1_offramp 7-2-149) (notprintedwith sheet8 back black 20-0-230) (available lbe-rsrc 53-0-296) (sideup sheet8 back 92-0-374)
    add: (location sheet8 lc1_onramp-lbe_exit 7-4-151) (none-of-those 20-1-231)
    del: (location sheet8 lbe_entry-lc1_offramp 7-2-149) (notprintedwith sheet8 back black 20-0-230)
  (lbe-simplex-letter sheet8 back image-5), cost: 123749
    pre: (location sheet8 lbe_entry-lc1_offramp 7-2-149) (notprintedwith sheet8 back black 20-0-230) (available lbe-rsrc 53-0-296) (sideup sheet8 back 92-0-374)
    add: (location sheet8 lc1_onramp-lbe_exit 7-4-151) (none-of-those 20-1-231)
    del: (location sheet8 lbe_entry-lc1_offramp 7-2-149) (notprintedwith sheet8 back black 20-0-230)
  (lbe-simplex-letter sheet8 back image-7), cost: 123749
    pre: (location sheet8 lbe_entry-lc1_offramp 7-2-149) (notprintedwith sheet8 back black 20-0-230) (available lbe-rsrc 53-0-296) (sideup sheet8 back 92-0-374)
    add: (location sheet8 lc1_onramp-lbe_exit 7-4-151) (none-of-those 20-1-231)
    del: (location sheet8 lbe_entry-lc1_offramp 7-2-149) (notprintedwith sheet8 back black 20-0-230)
  (lbe-simplex-letter sheet8 back image-9), cost: 123749
    pre: (location sheet8 lbe_entry-lc1_offramp 7-2-149) (notprintedwith sheet8 back black 20-0-230) (available lbe-rsrc 53-0-296) (sideup sheet8 back 92-0-374)
    add: (location sheet8 lc1_onramp-lbe_exit 7-4-151) (none-of-those 20-1-231)
    del: (location sheet8 lbe_entry-lc1_offramp 7-2-149) (notprintedwith sheet8 back black 20-0-230)
  (lbe-simplex-letter sheet8 front image-10), cost: 123749
    pre: (location sheet8 lbe_entry-lc1_offramp 7-2-149) (notprintedwith sheet8 front black 22-0-234) (available lbe-rsrc 53-0-296) (sideup sheet8 front 93-0-376)
    add: (location sheet8 lc1_onramp-lbe_exit 7-4-151) (none-of-those 22-1-235)
    del: (location sheet8 lbe_entry-lc1_offramp 7-2-149) (notprintedwith sheet8 front black 22-0-234)
  (lbe-simplex-letter sheet8 front image-3), cost: 123749
    pre: (location sheet8 lbe_entry-lc1_offramp 7-2-149) (notprintedwith sheet8 front black 22-0-234) (available lbe-rsrc 53-0-296) (sideup sheet8 front 93-0-376)
    add: (location sheet8 lc1_onramp-lbe_exit 7-4-151) (none-of-those 22-1-235)
    del: (location sheet8 lbe_entry-lc1_offramp 7-2-149) (notprintedwith sheet8 front black 22-0-234)
  (lbe-simplex-letter sheet8 front image-4), cost: 123749
    pre: (location sheet8 lbe_entry-lc1_offramp 7-2-149) (notprintedwith sheet8 front black 22-0-234) (available lbe-rsrc 53-0-296) (sideup sheet8 front 93-0-376)
    add: (location sheet8 lc1_onramp-lbe_exit 7-4-151) (none-of-those 22-1-235)
    del: (location sheet8 lbe_entry-lc1_offramp 7-2-149) (notprintedwith sheet8 front black 22-0-234)
  (lbe-simplex-letter sheet8 front image-5), cost: 123749
    pre: (location sheet8 lbe_entry-lc1_offramp 7-2-149) (notprintedwith sheet8 front black 22-0-234) (available lbe-rsrc 53-0-296) (sideup sheet8 front 93-0-376)
    add: (location sheet8 lc1_onramp-lbe_exit 7-4-151) (none-of-those 22-1-235)
    del: (location sheet8 lbe_entry-lc1_offramp 7-2-149) (notprintedwith sheet8 front black 22-0-234)
  (lbe-simplex-letter sheet8 front image-7), cost: 123749
    pre: (location sheet8 lbe_entry-lc1_offramp 7-2-149) (notprintedwith sheet8 front black 22-0-234) (available lbe-rsrc 53-0-296) (sideup sheet8 front 93-0-376)
    add: (location sheet8 lc1_onramp-lbe_exit 7-4-151) (none-of-those 22-1-235)
    del: (location sheet8 lbe_entry-lc1_offramp 7-2-149) (notprintedwith sheet8 front black 22-0-234)
  (lbe-simplex-letter sheet8 front image-9), cost: 123749
    pre: (location sheet8 lbe_entry-lc1_offramp 7-2-149) (notprintedwith sheet8 front black 22-0-234) (available lbe-rsrc 53-0-296) (sideup sheet8 front 93-0-376)
    add: (location sheet8 lc1_onramp-lbe_exit 7-4-151) (none-of-those 22-1-235)
    del: (location sheet8 lbe_entry-lc1_offramp 7-2-149) (notprintedwith sheet8 front black 22-0-234)
  (lbe-simplex-letter sheet9 back image-10), cost: 123749
    pre: (location sheet9 lbe_entry-lc1_offramp 8-2-170) (notprintedwith sheet9 back black 24-0-238) (available lbe-rsrc 53-0-296) (sideup sheet9 back 94-0-378)
    add: (location sheet9 lc1_onramp-lbe_exit 8-4-172) (none-of-those 24-1-239)
    del: (location sheet9 lbe_entry-lc1_offramp 8-2-170) (notprintedwith sheet9 back black 24-0-238)
  (lbe-simplex-letter sheet9 back image-3), cost: 123749
    pre: (location sheet9 lbe_entry-lc1_offramp 8-2-170) (notprintedwith sheet9 back black 24-0-238) (available lbe-rsrc 53-0-296) (sideup sheet9 back 94-0-378)
    add: (location sheet9 lc1_onramp-lbe_exit 8-4-172) (none-of-those 24-1-239)
    del: (location sheet9 lbe_entry-lc1_offramp 8-2-170) (notprintedwith sheet9 back black 24-0-238)
  (lbe-simplex-letter sheet9 back image-4), cost: 123749
    pre: (location sheet9 lbe_entry-lc1_offramp 8-2-170) (notprintedwith sheet9 back black 24-0-238) (available lbe-rsrc 53-0-296) (sideup sheet9 back 94-0-378)
    add: (location sheet9 lc1_onramp-lbe_exit 8-4-172) (none-of-those 24-1-239)
    del: (location sheet9 lbe_entry-lc1_offramp 8-2-170) (notprintedwith sheet9 back black 24-0-238)
  (lbe-simplex-letter sheet9 back image-5), cost: 123749
    pre: (location sheet9 lbe_entry-lc1_offramp 8-2-170) (notprintedwith sheet9 back black 24-0-238) (available lbe-rsrc 53-0-296) (sideup sheet9 back 94-0-378)
    add: (location sheet9 lc1_onramp-lbe_exit 8-4-172) (none-of-those 24-1-239)
    del: (location sheet9 lbe_entry-lc1_offramp 8-2-170) (notprintedwith sheet9 back black 24-0-238)
  (lbe-simplex-letter sheet9 back image-7), cost: 123749
    pre: (location sheet9 lbe_entry-lc1_offramp 8-2-170) (notprintedwith sheet9 back black 24-0-238) (available lbe-rsrc 53-0-296) (sideup sheet9 back 94-0-378)
    add: (location sheet9 lc1_onramp-lbe_exit 8-4-172) (none-of-those 24-1-239)
    del: (location sheet9 lbe_entry-lc1_offramp 8-2-170) (notprintedwith sheet9 back black 24-0-238)
  (lbe-simplex-letter sheet9 back image-9), cost: 123749
    pre: (location sheet9 lbe_entry-lc1_offramp 8-2-170) (notprintedwith sheet9 back black 24-0-238) (available lbe-rsrc 53-0-296) (sideup sheet9 back 94-0-378)
    add: (location sheet9 lc1_onramp-lbe_exit 8-4-172) (none-of-those 24-1-239)
    del: (location sheet9 lbe_entry-lc1_offramp 8-2-170) (notprintedwith sheet9 back black 24-0-238)
  (lbe-simplex-letter sheet9 front image-10), cost: 123749
    pre: (location sheet9 lbe_entry-lc1_offramp 8-2-170) (notprintedwith sheet9 front black 26-0-242) (available lbe-rsrc 53-0-296) (sideup sheet9 front 95-0-380)
    add: (location sheet9 lc1_onramp-lbe_exit 8-4-172) (none-of-those 26-1-243)
    del: (location sheet9 lbe_entry-lc1_offramp 8-2-170) (notprintedwith sheet9 front black 26-0-242)
  (lbe-simplex-letter sheet9 front image-3), cost: 123749
    pre: (location sheet9 lbe_entry-lc1_offramp 8-2-170) (notprintedwith sheet9 front black 26-0-242) (available lbe-rsrc 53-0-296) (sideup sheet9 front 95-0-380)
    add: (location sheet9 lc1_onramp-lbe_exit 8-4-172) (none-of-those 26-1-243)
    del: (location sheet9 lbe_entry-lc1_offramp 8-2-170) (notprintedwith sheet9 front black 26-0-242)
  (lbe-simplex-letter sheet9 front image-4), cost: 123749
    pre: (location sheet9 lbe_entry-lc1_offramp 8-2-170) (notprintedwith sheet9 front black 26-0-242) (available lbe-rsrc 53-0-296) (sideup sheet9 front 95-0-380)
    add: (location sheet9 lc1_onramp-lbe_exit 8-4-172) (none-of-those 26-1-243)
    del: (location sheet9 lbe_entry-lc1_offramp 8-2-170) (notprintedwith sheet9 front black 26-0-242)
  (lbe-simplex-letter sheet9 front image-5), cost: 123749
    pre: (location sheet9 lbe_entry-lc1_offramp 8-2-170) (notprintedwith sheet9 front black 26-0-242) (available lbe-rsrc 53-0-296) (sideup sheet9 front 95-0-380)
    add: (location sheet9 lc1_onramp-lbe_exit 8-4-172) (none-of-those 26-1-243)
    del: (location sheet9 lbe_entry-lc1_offramp 8-2-170) (notprintedwith sheet9 front black 26-0-242)
  (lbe-simplex-letter sheet9 front image-7), cost: 123749
    pre: (location sheet9 lbe_entry-lc1_offramp 8-2-170) (notprintedwith sheet9 front black 26-0-242) (available lbe-rsrc 53-0-296) (sideup sheet9 front 95-0-380)
    add: (location sheet9 lc1_onramp-lbe_exit 8-4-172) (none-of-those 26-1-243)
    del: (location sheet9 lbe_entry-lc1_offramp 8-2-170) (notprintedwith sheet9 front black 26-0-242)
  (lbe-simplex-letter sheet9 front image-9), cost: 123749
    pre: (location sheet9 lbe_entry-lc1_offramp 8-2-170) (notprintedwith sheet9 front black 26-0-242) (available lbe-rsrc 53-0-296) (sideup sheet9 front 95-0-380)
    add: (location sheet9 lc1_onramp-lbe_exit 8-4-172) (none-of-those 26-1-243) (hasimage sheet9 front image-9 75-0-340)
    del: (location sheet9 lbe_entry-lc1_offramp 8-2-170) (notprintedwith sheet9 front black 26-0-242) (none-of-those 75-1-341)
  (lc1-divert-letter sheet1 back front), cost: 11805
    pre: (location sheet1 im1_bottomexit-lc1_entry 0-1-1) (available lc1-rsrc 54-0-298) (sideup sheet1 back 76-0-342)
    add: (location sheet1 lbe_entry-lc1_offramp 0-2-2) (none-of-those 76-1-343) (sideup sheet1 front 77-0-344)
    del: (location sheet1 im1_bottomexit-lc1_entry 0-1-1) (sideup sheet1 back 76-0-342) (none-of-those 77-1-345)
  (lc1-divert-letter sheet1 front back), cost: 11805
    pre: (location sheet1 im1_bottomexit-lc1_entry 0-1-1) (available lc1-rsrc 54-0-298) (sideup sheet1 front 77-0-344)
    add: (location sheet1 lbe_entry-lc1_offramp 0-2-2) (sideup sheet1 back 76-0-342) (none-of-those 77-1-345)
    del: (location sheet1 im1_bottomexit-lc1_entry 0-1-1) (none-of-those 76-1-343) (sideup sheet1 front 77-0-344)
  (lc1-divert-letter sheet10 back front), cost: 11805
    pre: (location sheet10 im1_bottomexit-lc1_entry 9-1-190) (available lc1-rsrc 54-0-298) (sideup sheet10 back 78-0-346)
    add: (location sheet10 lbe_entry-lc1_offramp 9-2-191) (none-of-those 78-1-347) (sideup sheet10 front 79-0-348)
    del: (location sheet10 im1_bottomexit-lc1_entry 9-1-190) (sideup sheet10 back 78-0-346) (none-of-those 79-1-349)
  (lc1-divert-letter sheet10 front back), cost: 11805
    pre: (location sheet10 im1_bottomexit-lc1_entry 9-1-190) (available lc1-rsrc 54-0-298) (sideup sheet10 front 79-0-348)
    add: (location sheet10 lbe_entry-lc1_offramp 9-2-191) (sideup sheet10 back 78-0-346) (none-of-those 79-1-349)
    del: (location sheet10 im1_bottomexit-lc1_entry 9-1-190) (none-of-those 78-1-347) (sideup sheet10 front 79-0-348)
  (lc1-divert-letter sheet2 back front), cost: 11805
    pre: (location sheet2 im1_bottomexit-lc1_entry 1-1-22) (available lc1-rsrc 54-0-298) (sideup sheet2 back 80-0-350)
    add: (location sheet2 lbe_entry-lc1_offramp 1-2-23) (none-of-those 80-1-351) (sideup sheet2 front 81-0-352)
    del: (location sheet2 im1_bottomexit-lc1_entry 1-1-22) (sideup sheet2 back 80-0-350) (none-of-those 81-1-353)
  (lc1-divert-letter sheet2 front back), cost: 11805
    pre: (location sheet2 im1_bottomexit-lc1_entry 1-1-22) (available lc1-rsrc 54-0-298) (sideup sheet2 front 81-0-352)
    add: (location sheet2 lbe_entry-lc1_offramp 1-2-23) (sideup sheet2 back 80-0-350) (none-of-those 81-1-353)
    del: (location sheet2 im1_bottomexit-lc1_entry 1-1-22) (none-of-those 80-1-351) (sideup sheet2 front 81-0-352)
  (lc1-divert-letter sheet3 back front), cost: 11805
    pre: (location sheet3 im1_bottomexit-lc1_entry 2-1-43) (available lc1-rsrc 54-0-298) (sideup sheet3 back 82-0-354)
    add: (location sheet3 lbe_entry-lc1_offramp 2-2-44) (none-of-those 82-1-355) (sideup sheet3 front 83-0-356)
    del: (location sheet3 im1_bottomexit-lc1_entry 2-1-43) (sideup sheet3 back 82-0-354) (none-of-those 83-1-357)
  (lc1-divert-letter sheet3 front back), cost: 11805
    pre: (location sheet3 im1_bottomexit-lc1_entry 2-1-43) (available lc1-rsrc 54-0-298) (sideup sheet3 front 83-0-356)
    add: (location sheet3 lbe_entry-lc1_offramp 2-2-44) (sideup sheet3 back 82-0-354) (none-of-those 83-1-357)
    del: (location sheet3 im1_bottomexit-lc1_entry 2-1-43) (none-of-those 82-1-355) (sideup sheet3 front 83-0-356)
  (lc1-divert-letter sheet4 back front), cost: 11805
    pre: (location sheet4 im1_bottomexit-lc1_entry 3-1-64) (available lc1-rsrc 54-0-298) (sideup sheet4 back 84-0-358)
    add: (location sheet4 lbe_entry-lc1_offramp 3-2-65) (none-of-those 84-1-359) (sideup sheet4 front 85-0-360)
    del: (location sheet4 im1_bottomexit-lc1_entry 3-1-64) (sideup sheet4 back 84-0-358) (none-of-those 85-1-361)
  (lc1-divert-letter sheet4 front back), cost: 11805
    pre: (location sheet4 im1_bottomexit-lc1_entry 3-1-64) (available lc1-rsrc 54-0-298) (sideup sheet4 front 85-0-360)
    add: (location sheet4 lbe_entry-lc1_offramp 3-2-65) (sideup sheet4 back 84-0-358) (none-of-those 85-1-361)
    del: (location sheet4 im1_bottomexit-lc1_entry 3-1-64) (none-of-those 84-1-359) (sideup sheet4 front 85-0-360)
  (lc1-divert-letter sheet5 back front), cost: 11805
    pre: (location sheet5 im1_bottomexit-lc1_entry 4-1-85) (available lc1-rsrc 54-0-298) (sideup sheet5 back 86-0-362)
    add: (location sheet5 lbe_entry-lc1_offramp 4-2-86) (none-of-those 86-1-363) (sideup sheet5 front 87-0-364)
    del: (location sheet5 im1_bottomexit-lc1_entry 4-1-85) (sideup sheet5 back 86-0-362) (none-of-those 87-1-365)
  (lc1-divert-letter sheet5 front back), cost: 11805
    pre: (location sheet5 im1_bottomexit-lc1_entry 4-1-85) (available lc1-rsrc 54-0-298) (sideup sheet5 front 87-0-364)
    add: (location sheet5 lbe_entry-lc1_offramp 4-2-86) (sideup sheet5 back 86-0-362) (none-of-those 87-1-365)
    del: (location sheet5 im1_bottomexit-lc1_entry 4-1-85) (none-of-those 86-1-363) (sideup sheet5 front 87-0-364)
  (lc1-divert-letter sheet6 back front), cost: 11805
    pre: (location sheet6 im1_bottomexit-lc1_entry 5-1-106) (available lc1-rsrc 54-0-298) (sideup sheet6 back 88-0-366)
    add: (location sheet6 lbe_entry-lc1_offramp 5-2-107) (none-of-those 88-1-367) (sideup sheet6 front 89-0-368)
    del: (location sheet6 im1_bottomexit-lc1_entry 5-1-106) (sideup sheet6 back 88-0-366) (none-of-those 89-1-369)
  (lc1-divert-letter sheet6 front back), cost: 11805
    pre: (location sheet6 im1_bottomexit-lc1_entry 5-1-106) (available lc1-rsrc 54-0-298) (sideup sheet6 front 89-0-368)
    add: (location sheet6 lbe_entry-lc1_offramp 5-2-107) (sideup sheet6 back 88-0-366) (none-of-those 89-1-369)
    del: (location sheet6 im1_bottomexit-lc1_entry 5-1-106) (none-of-those 88-1-367) (sideup sheet6 front 89-0-368)
  (lc1-divert-letter sheet7 back front), cost: 11805
    pre: (location sheet7 im1_bottomexit-lc1_entry 6-1-127) (available lc1-rsrc 54-0-298) (sideup sheet7 back 90-0-370)
    add: (location sheet7 lbe_entry-lc1_offramp 6-2-128) (none-of-those 90-1-371) (sideup sheet7 front 91-0-372)
    del: (location sheet7 im1_bottomexit-lc1_entry 6-1-127) (sideup sheet7 back 90-0-370) (none-of-those 91-1-373)
  (lc1-divert-letter sheet7 front back), cost: 11805
    pre: (location sheet7 im1_bottomexit-lc1_entry 6-1-127) (available lc1-rsrc 54-0-298) (sideup sheet7 front 91-0-372)
    add: (location sheet7 lbe_entry-lc1_offramp 6-2-128) (sideup sheet7 back 90-0-370) (none-of-those 91-1-373)
    del: (location sheet7 im1_bottomexit-lc1_entry 6-1-127) (none-of-those 90-1-371) (sideup sheet7 front 91-0-372)
  (lc1-divert-letter sheet8 back front), cost: 11805
    pre: (location sheet8 im1_bottomexit-lc1_entry 7-1-148) (available lc1-rsrc 54-0-298) (sideup sheet8 back 92-0-374)
    add: (location sheet8 lbe_entry-lc1_offramp 7-2-149) (none-of-those 92-1-375) (sideup sheet8 front 93-0-376)
    del: (location sheet8 im1_bottomexit-lc1_entry 7-1-148) (sideup sheet8 back 92-0-374) (none-of-those 93-1-377)
  (lc1-divert-letter sheet8 front back), cost: 11805
    pre: (location sheet8 im1_bottomexit-lc1_entry 7-1-148) (available lc1-rsrc 54-0-298) (sideup sheet8 front 93-0-376)
    add: (location sheet8 lbe_entry-lc1_offramp 7-2-149) (sideup sheet8 back 92-0-374) (none-of-those 93-1-377)
    del: (location sheet8 im1_bottomexit-lc1_entry 7-1-148) (none-of-those 92-1-375) (sideup sheet8 front 93-0-376)
  (lc1-divert-letter sheet9 back front), cost: 11805
    pre: (location sheet9 im1_bottomexit-lc1_entry 8-1-169) (available lc1-rsrc 54-0-298) (sideup sheet9 back 94-0-378)
    add: (location sheet9 lbe_entry-lc1_offramp 8-2-170) (none-of-those 94-1-379) (sideup sheet9 front 95-0-380)
    del: (location sheet9 im1_bottomexit-lc1_entry 8-1-169) (sideup sheet9 back 94-0-378) (none-of-those 95-1-381)
  (lc1-divert-letter sheet9 front back), cost: 11805
    pre: (location sheet9 im1_bottomexit-lc1_entry 8-1-169) (available lc1-rsrc 54-0-298) (sideup sheet9 front 95-0-380)
    add: (location sheet9 lbe_entry-lc1_offramp 8-2-170) (sideup sheet9 back 94-0-378) (none-of-those 95-1-381)
    del: (location sheet9 im1_bottomexit-lc1_entry 8-1-169) (none-of-those 94-1-379) (sideup sheet9 front 95-0-380)
  (lc1-fmove-letter sheet1), cost: 10890
    pre: (location sheet1 im1_bottomexit-lc1_entry 0-1-1) (available lc1-rsrc 54-0-298)
    add: (location sheet1 lc1_exit-lc2_entry 0-3-3)
    del: (location sheet1 im1_bottomexit-lc1_entry 0-1-1)
  (lc1-fmove-letter sheet10), cost: 10890
    pre: (location sheet10 im1_bottomexit-lc1_entry 9-1-190) (available lc1-rsrc 54-0-298)
    add: (location sheet10 lc1_exit-lc2_entry 9-3-192)
    del: (location sheet10 im1_bottomexit-lc1_entry 9-1-190)
  (lc1-fmove-letter sheet2), cost: 10890
    pre: (location sheet2 im1_bottomexit-lc1_entry 1-1-22) (available lc1-rsrc 54-0-298)
    add: (location sheet2 lc1_exit-lc2_entry 1-3-24)
    del: (location sheet2 im1_bottomexit-lc1_entry 1-1-22)
  (lc1-fmove-letter sheet3), cost: 10890
    pre: (location sheet3 im1_bottomexit-lc1_entry 2-1-43) (available lc1-rsrc 54-0-298)
    add: (location sheet3 lc1_exit-lc2_entry 2-3-45)
    del: (location sheet3 im1_bottomexit-lc1_entry 2-1-43)
  (lc1-fmove-letter sheet4), cost: 10890
    pre: (location sheet4 im1_bottomexit-lc1_entry 3-1-64) (available lc1-rsrc 54-0-298)
    add: (location sheet4 lc1_exit-lc2_entry 3-3-66)
    del: (location sheet4 im1_bottomexit-lc1_entry 3-1-64)
  (lc1-fmove-letter sheet5), cost: 10890
    pre: (location sheet5 im1_bottomexit-lc1_entry 4-1-85) (available lc1-rsrc 54-0-298)
    add: (location sheet5 lc1_exit-lc2_entry 4-3-87)
    del: (location sheet5 im1_bottomexit-lc1_entry 4-1-85)
  (lc1-fmove-letter sheet6), cost: 10890
    pre: (location sheet6 im1_bottomexit-lc1_entry 5-1-106) (available lc1-rsrc 54-0-298)
    add: (location sheet6 lc1_exit-lc2_entry 5-3-108)
    del: (location sheet6 im1_bottomexit-lc1_entry 5-1-106)
  (lc1-fmove-letter sheet7), cost: 10890
    pre: (location sheet7 im1_bottomexit-lc1_entry 6-1-127) (available lc1-rsrc 54-0-298)
    add: (location sheet7 lc1_exit-lc2_entry 6-3-129)
    del: (location sheet7 im1_bottomexit-lc1_entry 6-1-127)
  (lc1-fmove-letter sheet8), cost: 10890
    pre: (location sheet8 im1_bottomexit-lc1_entry 7-1-148) (available lc1-rsrc 54-0-298)
    add: (location sheet8 lc1_exit-lc2_entry 7-3-150)
    del: (location sheet8 im1_bottomexit-lc1_entry 7-1-148)
  (lc1-fmove-letter sheet9), cost: 10890
    pre: (location sheet9 im1_bottomexit-lc1_entry 8-1-169) (available lc1-rsrc 54-0-298)
    add: (location sheet9 lc1_exit-lc2_entry 8-3-171)
    del: (location sheet9 im1_bottomexit-lc1_entry 8-1-169)
  (lc1-merge-letter sheet1), cost: 27709
    pre: (location sheet1 lc1_onramp-lbe_exit 0-4-4) (available lc1-rsrc 54-0-298)
    add: (location sheet1 lc1_exit-lc2_entry 0-3-3)
    del: (location sheet1 lc1_onramp-lbe_exit 0-4-4)
  (lc1-merge-letter sheet10), cost: 27709
    pre: (location sheet10 lc1_onramp-lbe_exit 9-4-193) (available lc1-rsrc 54-0-298)
    add: (location sheet10 lc1_exit-lc2_entry 9-3-192)
    del: (location sheet10 lc1_onramp-lbe_exit 9-4-193)
  (lc1-merge-letter sheet2), cost: 27709
    pre: (location sheet2 lc1_onramp-lbe_exit 1-4-25) (available lc1-rsrc 54-0-298)
    add: (location sheet2 lc1_exit-lc2_entry 1-3-24)
    del: (location sheet2 lc1_onramp-lbe_exit 1-4-25)
  (lc1-merge-letter sheet3), cost: 27709
    pre: (location sheet3 lc1_onramp-lbe_exit 2-4-46) (available lc1-rsrc 54-0-298)
    add: (location sheet3 lc1_exit-lc2_entry 2-3-45)
    del: (location sheet3 lc1_onramp-lbe_exit 2-4-46)
  (lc1-merge-letter sheet4), cost: 27709
    pre: (location sheet4 lc1_onramp-lbe_exit 3-4-67) (available lc1-rsrc 54-0-298)
    add: (location sheet4 lc1_exit-lc2_entry 3-3-66)
    del: (location sheet4 lc1_onramp-lbe_exit 3-4-67)
  (lc1-merge-letter sheet5), cost: 27709
    pre: (location sheet5 lc1_onramp-lbe_exit 4-4-88) (available lc1-rsrc 54-0-298)
    add: (location sheet5 lc1_exit-lc2_entry 4-3-87)
    del: (location sheet5 lc1_onramp-lbe_exit 4-4-88)
  (lc1-merge-letter sheet6), cost: 27709
    pre: (location sheet6 lc1_onramp-lbe_exit 5-4-109) (available lc1-rsrc 54-0-298)
    add: (location sheet6 lc1_exit-lc2_entry 5-3-108)
    del: (location sheet6 lc1_onramp-lbe_exit 5-4-109)
  (lc1-merge-letter sheet7), cost: 27709
    pre: (location sheet7 lc1_onramp-lbe_exit 6-4-130) (available lc1-rsrc 54-0-298)
    add: (location sheet7 lc1_exit-lc2_entry 6-3-129)
    del: (location sheet7 lc1_onramp-lbe_exit 6-4-130)
  (lc1-merge-letter sheet8), cost: 27709
    pre: (location sheet8 lc1_onramp-lbe_exit 7-4-151) (available lc1-rsrc 54-0-298)
    add: (location sheet8 lc1_exit-lc2_entry 7-3-150)
    del: (location sheet8 lc1_onramp-lbe_exit 7-4-151)
  (lc1-merge-letter sheet9), cost: 27709
    pre: (location sheet9 lc1_onramp-lbe_exit 8-4-172) (available lc1-rsrc 54-0-298)
    add: (location sheet9 lc1_exit-lc2_entry 8-3-171)
    del: (location sheet9 lc1_onramp-lbe_exit 8-4-172)
  (lc1-mergeinvert-letter sheet1 back front), cost: 28119
    pre: (location sheet1 lc1_onramp-lbe_exit 0-4-4) (available lc1-rsrc 54-0-298) (sideup sheet1 back 76-0-342)
    add: (location sheet1 lc1_exit-lc2_entry 0-3-3) (none-of-those 76-1-343) (sideup sheet1 front 77-0-344)
    del: (location sheet1 lc1_onramp-lbe_exit 0-4-4) (sideup sheet1 back 76-0-342) (none-of-those 77-1-345)
  (lc1-mergeinvert-letter sheet1 front back), cost: 28119
    pre: (location sheet1 lc1_onramp-lbe_exit 0-4-4) (available lc1-rsrc 54-0-298) (sideup sheet1 front 77-0-344)
    add: (location sheet1 lc1_exit-lc2_entry 0-3-3) (sideup sheet1 back 76-0-342) (none-of-those 77-1-345)
    del: (location sheet1 lc1_onramp-lbe_exit 0-4-4) (none-of-those 76-1-343) (sideup sheet1 front 77-0-344)
  (lc1-mergeinvert-letter sheet10 back front), cost: 28119
    pre: (location sheet10 lc1_onramp-lbe_exit 9-4-193) (available lc1-rsrc 54-0-298) (sideup sheet10 back 78-0-346)
    add: (location sheet10 lc1_exit-lc2_entry 9-3-192) (none-of-those 78-1-347) (sideup sheet10 front 79-0-348)
    del: (location sheet10 lc1_onramp-lbe_exit 9-4-193) (sideup sheet10 back 78-0-346) (none-of-those 79-1-349)
  (lc1-mergeinvert-letter sheet10 front back), cost: 28119
    pre: (location sheet10 lc1_onramp-lbe_exit 9-4-193) (available lc1-rsrc 54-0-298) (sideup sheet10 front 79-0-348)
    add: (location sheet10 lc1_exit-lc2_entry 9-3-192) (sideup sheet10 back 78-0-346) (none-of-those 79-1-349)
    del: (location sheet10 lc1_onramp-lbe_exit 9-4-193) (none-of-those 78-1-347) (sideup sheet10 front 79-0-348)
  (lc1-mergeinvert-letter sheet2 back front), cost: 28119
    pre: (location sheet2 lc1_onramp-lbe_exit 1-4-25) (available lc1-rsrc 54-0-298) (sideup sheet2 back 80-0-350)
    add: (location sheet2 lc1_exit-lc2_entry 1-3-24) (none-of-those 80-1-351) (sideup sheet2 front 81-0-352)
    del: (location sheet2 lc1_onramp-lbe_exit 1-4-25) (sideup sheet2 back 80-0-350) (none-of-those 81-1-353)
  (lc1-mergeinvert-letter sheet2 front back), cost: 28119
    pre: (location sheet2 lc1_onramp-lbe_exit 1-4-25) (available lc1-rsrc 54-0-298) (sideup sheet2 front 81-0-352)
    add: (location sheet2 lc1_exit-lc2_entry 1-3-24) (sideup sheet2 back 80-0-350) (none-of-those 81-1-353)
    del: (location sheet2 lc1_onramp-lbe_exit 1-4-25) (none-of-those 80-1-351) (sideup sheet2 front 81-0-352)
  (lc1-mergeinvert-letter sheet3 back front), cost: 28119
    pre: (location sheet3 lc1_onramp-lbe_exit 2-4-46) (available lc1-rsrc 54-0-298) (sideup sheet3 back 82-0-354)
    add: (location sheet3 lc1_exit-lc2_entry 2-3-45) (none-of-those 82-1-355) (sideup sheet3 front 83-0-356)
    del: (location sheet3 lc1_onramp-lbe_exit 2-4-46) (sideup sheet3 back 82-0-354) (none-of-those 83-1-357)
  (lc1-mergeinvert-letter sheet3 front back), cost: 28119
    pre: (location sheet3 lc1_onramp-lbe_exit 2-4-46) (available lc1-rsrc 54-0-298) (sideup sheet3 front 83-0-356)
    add: (location sheet3 lc1_exit-lc2_entry 2-3-45) (sideup sheet3 back 82-0-354) (none-of-those 83-1-357)
    del: (location sheet3 lc1_onramp-lbe_exit 2-4-46) (none-of-those 82-1-355) (sideup sheet3 front 83-0-356)
  (lc1-mergeinvert-letter sheet4 back front), cost: 28119
    pre: (location sheet4 lc1_onramp-lbe_exit 3-4-67) (available lc1-rsrc 54-0-298) (sideup sheet4 back 84-0-358)
    add: (location sheet4 lc1_exit-lc2_entry 3-3-66) (none-of-those 84-1-359) (sideup sheet4 front 85-0-360)
    del: (location sheet4 lc1_onramp-lbe_exit 3-4-67) (sideup sheet4 back 84-0-358) (none-of-those 85-1-361)
  (lc1-mergeinvert-letter sheet4 front back), cost: 28119
    pre: (location sheet4 lc1_onramp-lbe_exit 3-4-67) (available lc1-rsrc 54-0-298) (sideup sheet4 front 85-0-360)
    add: (location sheet4 lc1_exit-lc2_entry 3-3-66) (sideup sheet4 back 84-0-358) (none-of-those 85-1-361)
    del: (location sheet4 lc1_onramp-lbe_exit 3-4-67) (none-of-those 84-1-359) (sideup sheet4 front 85-0-360)
  (lc1-mergeinvert-letter sheet5 back front), cost: 28119
    pre: (location sheet5 lc1_onramp-lbe_exit 4-4-88) (available lc1-rsrc 54-0-298) (sideup sheet5 back 86-0-362)
    add: (location sheet5 lc1_exit-lc2_entry 4-3-87) (none-of-those 86-1-363) (sideup sheet5 front 87-0-364)
    del: (location sheet5 lc1_onramp-lbe_exit 4-4-88) (sideup sheet5 back 86-0-362) (none-of-those 87-1-365)
  (lc1-mergeinvert-letter sheet5 front back), cost: 28119
    pre: (location sheet5 lc1_onramp-lbe_exit 4-4-88) (available lc1-rsrc 54-0-298) (sideup sheet5 front 87-0-364)
    add: (location sheet5 lc1_exit-lc2_entry 4-3-87) (sideup sheet5 back 86-0-362) (none-of-those 87-1-365)
    del: (location sheet5 lc1_onramp-lbe_exit 4-4-88) (none-of-those 86-1-363) (sideup sheet5 front 87-0-364)
  (lc1-mergeinvert-letter sheet6 back front), cost: 28119
    pre: (location sheet6 lc1_onramp-lbe_exit 5-4-109) (available lc1-rsrc 54-0-298) (sideup sheet6 back 88-0-366)
    add: (location sheet6 lc1_exit-lc2_entry 5-3-108) (none-of-those 88-1-367) (sideup sheet6 front 89-0-368)
    del: (location sheet6 lc1_onramp-lbe_exit 5-4-109) (sideup sheet6 back 88-0-366) (none-of-those 89-1-369)
  (lc1-mergeinvert-letter sheet6 front back), cost: 28119
    pre: (location sheet6 lc1_onramp-lbe_exit 5-4-109) (available lc1-rsrc 54-0-298) (sideup sheet6 front 89-0-368)
    add: (location sheet6 lc1_exit-lc2_entry 5-3-108) (sideup sheet6 back 88-0-366) (none-of-those 89-1-369)
    del: (location sheet6 lc1_onramp-lbe_exit 5-4-109) (none-of-those 88-1-367) (sideup sheet6 front 89-0-368)
  (lc1-mergeinvert-letter sheet7 back front), cost: 28119
    pre: (location sheet7 lc1_onramp-lbe_exit 6-4-130) (available lc1-rsrc 54-0-298) (sideup sheet7 back 90-0-370)
    add: (location sheet7 lc1_exit-lc2_entry 6-3-129) (none-of-those 90-1-371) (sideup sheet7 front 91-0-372)
    del: (location sheet7 lc1_onramp-lbe_exit 6-4-130) (sideup sheet7 back 90-0-370) (none-of-those 91-1-373)
  (lc1-mergeinvert-letter sheet7 front back), cost: 28119
    pre: (location sheet7 lc1_onramp-lbe_exit 6-4-130) (available lc1-rsrc 54-0-298) (sideup sheet7 front 91-0-372)
    add: (location sheet7 lc1_exit-lc2_entry 6-3-129) (sideup sheet7 back 90-0-370) (none-of-those 91-1-373)
    del: (location sheet7 lc1_onramp-lbe_exit 6-4-130) (none-of-those 90-1-371) (sideup sheet7 front 91-0-372)
  (lc1-mergeinvert-letter sheet8 back front), cost: 28119
    pre: (location sheet8 lc1_onramp-lbe_exit 7-4-151) (available lc1-rsrc 54-0-298) (sideup sheet8 back 92-0-374)
    add: (location sheet8 lc1_exit-lc2_entry 7-3-150) (none-of-those 92-1-375) (sideup sheet8 front 93-0-376)
    del: (location sheet8 lc1_onramp-lbe_exit 7-4-151) (sideup sheet8 back 92-0-374) (none-of-those 93-1-377)
  (lc1-mergeinvert-letter sheet8 front back), cost: 28119
    pre: (location sheet8 lc1_onramp-lbe_exit 7-4-151) (available lc1-rsrc 54-0-298) (sideup sheet8 front 93-0-376)
    add: (location sheet8 lc1_exit-lc2_entry 7-3-150) (sideup sheet8 back 92-0-374) (none-of-those 93-1-377)
    del: (location sheet8 lc1_onramp-lbe_exit 7-4-151) (none-of-those 92-1-375) (sideup sheet8 front 93-0-376)
  (lc1-mergeinvert-letter sheet9 back front), cost: 28119
    pre: (location sheet9 lc1_onramp-lbe_exit 8-4-172) (available lc1-rsrc 54-0-298) (sideup sheet9 back 94-0-378)
    add: (location sheet9 lc1_exit-lc2_entry 8-3-171) (none-of-those 94-1-379) (sideup sheet9 front 95-0-380)
    del: (location sheet9 lc1_onramp-lbe_exit 8-4-172) (sideup sheet9 back 94-0-378) (none-of-those 95-1-381)
  (lc1-mergeinvert-letter sheet9 front back), cost: 28119
    pre: (location sheet9 lc1_onramp-lbe_exit 8-4-172) (available lc1-rsrc 54-0-298) (sideup sheet9 front 95-0-380)
    add: (location sheet9 lc1_exit-lc2_entry 8-3-171) (sideup sheet9 back 94-0-378) (none-of-those 95-1-381)
    del: (location sheet9 lc1_onramp-lbe_exit 8-4-172) (none-of-those 94-1-379) (sideup sheet9 front 95-0-380)
  (lc2-divert-letter sheet1 back front), cost: 17452
    pre: (location sheet1 lc1_exit-lc2_entry 0-3-3) (available lc2-rsrc 55-0-300) (sideup sheet1 back 76-0-342)
    add: (location sheet1 lre_entry-lc2_offramp 0-6-6) (none-of-those 76-1-343) (sideup sheet1 front 77-0-344)
    del: (location sheet1 lc1_exit-lc2_entry 0-3-3) (sideup sheet1 back 76-0-342) (none-of-those 77-1-345)
  (lc2-divert-letter sheet1 front back), cost: 17452
    pre: (location sheet1 lc1_exit-lc2_entry 0-3-3) (available lc2-rsrc 55-0-300) (sideup sheet1 front 77-0-344)
    add: (location sheet1 lre_entry-lc2_offramp 0-6-6) (sideup sheet1 back 76-0-342) (none-of-those 77-1-345)
    del: (location sheet1 lc1_exit-lc2_entry 0-3-3) (none-of-those 76-1-343) (sideup sheet1 front 77-0-344)
  (lc2-divert-letter sheet10 back front), cost: 17452
    pre: (location sheet10 lc1_exit-lc2_entry 9-3-192) (available lc2-rsrc 55-0-300) (sideup sheet10 back 78-0-346)
    add: (location sheet10 lre_entry-lc2_offramp 9-6-195) (none-of-those 78-1-347) (sideup sheet10 front 79-0-348)
    del: (location sheet10 lc1_exit-lc2_entry 9-3-192) (sideup sheet10 back 78-0-346) (none-of-those 79-1-349)
  (lc2-divert-letter sheet10 front back), cost: 17452
    pre: (location sheet10 lc1_exit-lc2_entry 9-3-192) (available lc2-rsrc 55-0-300) (sideup sheet10 front 79-0-348)
    add: (location sheet10 lre_entry-lc2_offramp 9-6-195) (sideup sheet10 back 78-0-346) (none-of-those 79-1-349)
    del: (location sheet10 lc1_exit-lc2_entry 9-3-192) (none-of-those 78-1-347) (sideup sheet10 front 79-0-348)
  (lc2-divert-letter sheet2 back front), cost: 17452
    pre: (location sheet2 lc1_exit-lc2_entry 1-3-24) (available lc2-rsrc 55-0-300) (sideup sheet2 back 80-0-350)
    add: (location sheet2 lre_entry-lc2_offramp 1-6-27) (none-of-those 80-1-351) (sideup sheet2 front 81-0-352)
    del: (location sheet2 lc1_exit-lc2_entry 1-3-24) (sideup sheet2 back 80-0-350) (none-of-those 81-1-353)
  (lc2-divert-letter sheet2 front back), cost: 17452
    pre: (location sheet2 lc1_exit-lc2_entry 1-3-24) (available lc2-rsrc 55-0-300) (sideup sheet2 front 81-0-352)
    add: (location sheet2 lre_entry-lc2_offramp 1-6-27) (sideup sheet2 back 80-0-350) (none-of-those 81-1-353)
    del: (location sheet2 lc1_exit-lc2_entry 1-3-24) (none-of-those 80-1-351) (sideup sheet2 front 81-0-352)
  (lc2-divert-letter sheet3 back front), cost: 17452
    pre: (location sheet3 lc1_exit-lc2_entry 2-3-45) (available lc2-rsrc 55-0-300) (sideup sheet3 back 82-0-354)
    add: (location sheet3 lre_entry-lc2_offramp 2-6-48) (none-of-those 82-1-355) (sideup sheet3 front 83-0-356)
    del: (location sheet3 lc1_exit-lc2_entry 2-3-45) (sideup sheet3 back 82-0-354) (none-of-those 83-1-357)
  (lc2-divert-letter sheet3 front back), cost: 17452
    pre: (location sheet3 lc1_exit-lc2_entry 2-3-45) (available lc2-rsrc 55-0-300) (sideup sheet3 front 83-0-356)
    add: (location sheet3 lre_entry-lc2_offramp 2-6-48) (sideup sheet3 back 82-0-354) (none-of-those 83-1-357)
    del: (location sheet3 lc1_exit-lc2_entry 2-3-45) (none-of-those 82-1-355) (sideup sheet3 front 83-0-356)
  (lc2-divert-letter sheet4 back front), cost: 17452
    pre: (location sheet4 lc1_exit-lc2_entry 3-3-66) (available lc2-rsrc 55-0-300) (sideup sheet4 back 84-0-358)
    add: (location sheet4 lre_entry-lc2_offramp 3-6-69) (none-of-those 84-1-359) (sideup sheet4 front 85-0-360)
    del: (location sheet4 lc1_exit-lc2_entry 3-3-66) (sideup sheet4 back 84-0-358) (none-of-those 85-1-361)
  (lc2-divert-letter sheet4 front back), cost: 17452
    pre: (location sheet4 lc1_exit-lc2_entry 3-3-66) (available lc2-rsrc 55-0-300) (sideup sheet4 front 85-0-360)
    add: (location sheet4 lre_entry-lc2_offramp 3-6-69) (sideup sheet4 back 84-0-358) (none-of-those 85-1-361)
    del: (location sheet4 lc1_exit-lc2_entry 3-3-66) (none-of-those 84-1-359) (sideup sheet4 front 85-0-360)
  (lc2-divert-letter sheet5 back front), cost: 17452
    pre: (location sheet5 lc1_exit-lc2_entry 4-3-87) (available lc2-rsrc 55-0-300) (sideup sheet5 back 86-0-362)
    add: (location sheet5 lre_entry-lc2_offramp 4-6-90) (none-of-those 86-1-363) (sideup sheet5 front 87-0-364)
    del: (location sheet5 lc1_exit-lc2_entry 4-3-87) (sideup sheet5 back 86-0-362) (none-of-those 87-1-365)
  (lc2-divert-letter sheet5 front back), cost: 17452
    pre: (location sheet5 lc1_exit-lc2_entry 4-3-87) (available lc2-rsrc 55-0-300) (sideup sheet5 front 87-0-364)
    add: (location sheet5 lre_entry-lc2_offramp 4-6-90) (sideup sheet5 back 86-0-362) (none-of-those 87-1-365)
    del: (location sheet5 lc1_exit-lc2_entry 4-3-87) (none-of-those 86-1-363) (sideup sheet5 front 87-0-364)
  (lc2-divert-letter sheet6 back front), cost: 17452
    pre: (location sheet6 lc1_exit-lc2_entry 5-3-108) (available lc2-rsrc 55-0-300) (sideup sheet6 back 88-0-366)
    add: (location sheet6 lre_entry-lc2_offramp 5-6-111) (none-of-those 88-1-367) (sideup sheet6 front 89-0-368)
    del: (location sheet6 lc1_exit-lc2_entry 5-3-108) (sideup sheet6 back 88-0-366) (none-of-those 89-1-369)
  (lc2-divert-letter sheet6 front back), cost: 17452
    pre: (location sheet6 lc1_exit-lc2_entry 5-3-108) (available lc2-rsrc 55-0-300) (sideup sheet6 front 89-0-368)
    add: (location sheet6 lre_entry-lc2_offramp 5-6-111) (sideup sheet6 back 88-0-366) (none-of-those 89-1-369)
    del: (location sheet6 lc1_exit-lc2_entry 5-3-108) (none-of-those 88-1-367) (sideup sheet6 front 89-0-368)
  (lc2-divert-letter sheet7 back front), cost: 17452
    pre: (location sheet7 lc1_exit-lc2_entry 6-3-129) (available lc2-rsrc 55-0-300) (sideup sheet7 back 90-0-370)
    add: (location sheet7 lre_entry-lc2_offramp 6-6-132) (none-of-those 90-1-371) (sideup sheet7 front 91-0-372)
    del: (location sheet7 lc1_exit-lc2_entry 6-3-129) (sideup sheet7 back 90-0-370) (none-of-those 91-1-373)
  (lc2-divert-letter sheet7 front back), cost: 17452
    pre: (location sheet7 lc1_exit-lc2_entry 6-3-129) (available lc2-rsrc 55-0-300) (sideup sheet7 front 91-0-372)
    add: (location sheet7 lre_entry-lc2_offramp 6-6-132) (sideup sheet7 back 90-0-370) (none-of-those 91-1-373)
    del: (location sheet7 lc1_exit-lc2_entry 6-3-129) (none-of-those 90-1-371) (sideup sheet7 front 91-0-372)
  (lc2-divert-letter sheet8 back front), cost: 17452
    pre: (location sheet8 lc1_exit-lc2_entry 7-3-150) (available lc2-rsrc 55-0-300) (sideup sheet8 back 92-0-374)
    add: (location sheet8 lre_entry-lc2_offramp 7-6-153) (none-of-those 92-1-375) (sideup sheet8 front 93-0-376)
    del: (location sheet8 lc1_exit-lc2_entry 7-3-150) (sideup sheet8 back 92-0-374) (none-of-those 93-1-377)
  (lc2-divert-letter sheet8 front back), cost: 17452
    pre: (location sheet8 lc1_exit-lc2_entry 7-3-150) (available lc2-rsrc 55-0-300) (sideup sheet8 front 93-0-376)
    add: (location sheet8 lre_entry-lc2_offramp 7-6-153) (sideup sheet8 back 92-0-374) (none-of-those 93-1-377)
    del: (location sheet8 lc1_exit-lc2_entry 7-3-150) (none-of-those 92-1-375) (sideup sheet8 front 93-0-376)
  (lc2-divert-letter sheet9 back front), cost: 17452
    pre: (location sheet9 lc1_exit-lc2_entry 8-3-171) (available lc2-rsrc 55-0-300) (sideup sheet9 back 94-0-378)
    add: (location sheet9 lre_entry-lc2_offramp 8-6-174) (none-of-those 94-1-379) (sideup sheet9 front 95-0-380)
    del: (location sheet9 lc1_exit-lc2_entry 8-3-171) (sideup sheet9 back 94-0-378) (none-of-those 95-1-381)
  (lc2-divert-letter sheet9 front back), cost: 17452
    pre: (location sheet9 lc1_exit-lc2_entry 8-3-171) (available lc2-rsrc 55-0-300) (sideup sheet9 front 95-0-380)
    add: (location sheet9 lre_entry-lc2_offramp 8-6-174) (sideup sheet9 back 94-0-378) (none-of-those 95-1-381)
    del: (location sheet9 lc1_exit-lc2_entry 8-3-171) (none-of-those 94-1-379) (sideup sheet9 front 95-0-380)
  (lc2-fmove-letter sheet1), cost: 11207
    pre: (location sheet1 lc1_exit-lc2_entry 0-3-3) (available lc2-rsrc 55-0-300)
    add: (location sheet1 om_bottomentry-lc2_exit 0-7-7)
    del: (location sheet1 lc1_exit-lc2_entry 0-3-3)
  (lc2-fmove-letter sheet10), cost: 11207
    pre: (location sheet10 lc1_exit-lc2_entry 9-3-192) (available lc2-rsrc 55-0-300)
    add: (location sheet10 om_bottomentry-lc2_exit 9-7-196)
    del: (location sheet10 lc1_exit-lc2_entry 9-3-192)
  (lc2-fmove-letter sheet2), cost: 11207
    pre: (location sheet2 lc1_exit-lc2_entry 1-3-24) (available lc2-rsrc 55-0-300)
    add: (location sheet2 om_bottomentry-lc2_exit 1-7-28)
    del: (location sheet2 lc1_exit-lc2_entry 1-3-24)
  (lc2-fmove-letter sheet3), cost: 11207
    pre: (location sheet3 lc1_exit-lc2_entry 2-3-45) (available lc2-rsrc 55-0-300)
    add: (location sheet3 om_bottomentry-lc2_exit 2-7-49)
    del: (location sheet3 lc1_exit-lc2_entry 2-3-45)
  (lc2-fmove-letter sheet4), cost: 11207
    pre: (location sheet4 lc1_exit-lc2_entry 3-3-66) (available lc2-rsrc 55-0-300)
    add: (location sheet4 om_bottomentry-lc2_exit 3-7-70)
    del: (location sheet4 lc1_exit-lc2_entry 3-3-66)
  (lc2-fmove-letter sheet5), cost: 11207
    pre: (location sheet5 lc1_exit-lc2_entry 4-3-87) (available lc2-rsrc 55-0-300)
    add: (location sheet5 om_bottomentry-lc2_exit 4-7-91)
    del: (location sheet5 lc1_exit-lc2_entry 4-3-87)
  (lc2-fmove-letter sheet6), cost: 11207
    pre: (location sheet6 lc1_exit-lc2_entry 5-3-108) (available lc2-rsrc 55-0-300)
    add: (location sheet6 om_bottomentry-lc2_exit 5-7-112)
    del: (location sheet6 lc1_exit-lc2_entry 5-3-108)
  (lc2-fmove-letter sheet7), cost: 11207
    pre: (location sheet7 lc1_exit-lc2_entry 6-3-129) (available lc2-rsrc 55-0-300)
    add: (location sheet7 om_bottomentry-lc2_exit 6-7-133)
    del: (location sheet7 lc1_exit-lc2_entry 6-3-129)
  (lc2-fmove-letter sheet8), cost: 11207
    pre: (location sheet8 lc1_exit-lc2_entry 7-3-150) (available lc2-rsrc 55-0-300)
    add: (location sheet8 om_bottomentry-lc2_exit 7-7-154)
    del: (location sheet8 lc1_exit-lc2_entry 7-3-150)
  (lc2-fmove-letter sheet9), cost: 11207
    pre: (location sheet9 lc1_exit-lc2_entry 8-3-171) (available lc2-rsrc 55-0-300)
    add: (location sheet9 om_bottomentry-lc2_exit 8-7-175)
    del: (location sheet9 lc1_exit-lc2_entry 8-3-171)
  (lc2-merge-letter sheet1 back front), cost: 78919
    pre: (location sheet1 lc2_onramp-lre_exit 0-5-5) (available lc2-rsrc 55-0-300) (sideup sheet1 back 76-0-342)
    add: (location sheet1 om_bottomentry-lc2_exit 0-7-7) (none-of-those 76-1-343) (sideup sheet1 front 77-0-344)
    del: (location sheet1 lc2_onramp-lre_exit 0-5-5) (sideup sheet1 back 76-0-342) (none-of-those 77-1-345)
  (lc2-merge-letter sheet1 front back), cost: 78919
    pre: (location sheet1 lc2_onramp-lre_exit 0-5-5) (available lc2-rsrc 55-0-300) (sideup sheet1 front 77-0-344)
    add: (location sheet1 om_bottomentry-lc2_exit 0-7-7) (sideup sheet1 back 76-0-342) (none-of-those 77-1-345)
    del: (location sheet1 lc2_onramp-lre_exit 0-5-5) (none-of-those 76-1-343) (sideup sheet1 front 77-0-344)
  (lc2-merge-letter sheet10 back front), cost: 78919
    pre: (location sheet10 lc2_onramp-lre_exit 9-5-194) (available lc2-rsrc 55-0-300) (sideup sheet10 back 78-0-346)
    add: (location sheet10 om_bottomentry-lc2_exit 9-7-196) (none-of-those 78-1-347) (sideup sheet10 front 79-0-348)
    del: (location sheet10 lc2_onramp-lre_exit 9-5-194) (sideup sheet10 back 78-0-346) (none-of-those 79-1-349)
  (lc2-merge-letter sheet10 front back), cost: 78919
    pre: (location sheet10 lc2_onramp-lre_exit 9-5-194) (available lc2-rsrc 55-0-300) (sideup sheet10 front 79-0-348)
    add: (location sheet10 om_bottomentry-lc2_exit 9-7-196) (sideup sheet10 back 78-0-346) (none-of-those 79-1-349)
    del: (location sheet10 lc2_onramp-lre_exit 9-5-194) (none-of-those 78-1-347) (sideup sheet10 front 79-0-348)
  (lc2-merge-letter sheet2 back front), cost: 78919
    pre: (location sheet2 lc2_onramp-lre_exit 1-5-26) (available lc2-rsrc 55-0-300) (sideup sheet2 back 80-0-350)
    add: (location sheet2 om_bottomentry-lc2_exit 1-7-28) (none-of-those 80-1-351) (sideup sheet2 front 81-0-352)
    del: (location sheet2 lc2_onramp-lre_exit 1-5-26) (sideup sheet2 back 80-0-350) (none-of-those 81-1-353)
  (lc2-merge-letter sheet2 front back), cost: 78919
    pre: (location sheet2 lc2_onramp-lre_exit 1-5-26) (available lc2-rsrc 55-0-300) (sideup sheet2 front 81-0-352)
    add: (location sheet2 om_bottomentry-lc2_exit 1-7-28) (sideup sheet2 back 80-0-350) (none-of-those 81-1-353)
    del: (location sheet2 lc2_onramp-lre_exit 1-5-26) (none-of-those 80-1-351) (sideup sheet2 front 81-0-352)
  (lc2-merge-letter sheet3 back front), cost: 78919
    pre: (location sheet3 lc2_onramp-lre_exit 2-5-47) (available lc2-rsrc 55-0-300) (sideup sheet3 back 82-0-354)
    add: (location sheet3 om_bottomentry-lc2_exit 2-7-49) (none-of-those 82-1-355) (sideup sheet3 front 83-0-356)
    del: (location sheet3 lc2_onramp-lre_exit 2-5-47) (sideup sheet3 back 82-0-354) (none-of-those 83-1-357)
  (lc2-merge-letter sheet3 front back), cost: 78919
    pre: (location sheet3 lc2_onramp-lre_exit 2-5-47) (available lc2-rsrc 55-0-300) (sideup sheet3 front 83-0-356)
    add: (location sheet3 om_bottomentry-lc2_exit 2-7-49) (sideup sheet3 back 82-0-354) (none-of-those 83-1-357)
    del: (location sheet3 lc2_onramp-lre_exit 2-5-47) (none-of-those 82-1-355) (sideup sheet3 front 83-0-356)
  (lc2-merge-letter sheet4 back front), cost: 78919
    pre: (location sheet4 lc2_onramp-lre_exit 3-5-68) (available lc2-rsrc 55-0-300) (sideup sheet4 back 84-0-358)
    add: (location sheet4 om_bottomentry-lc2_exit 3-7-70) (none-of-those 84-1-359) (sideup sheet4 front 85-0-360)
    del: (location sheet4 lc2_onramp-lre_exit 3-5-68) (sideup sheet4 back 84-0-358) (none-of-those 85-1-361)
  (lc2-merge-letter sheet4 front back), cost: 78919
    pre: (location sheet4 lc2_onramp-lre_exit 3-5-68) (available lc2-rsrc 55-0-300) (sideup sheet4 front 85-0-360)
    add: (location sheet4 om_bottomentry-lc2_exit 3-7-70) (sideup sheet4 back 84-0-358) (none-of-those 85-1-361)
    del: (location sheet4 lc2_onramp-lre_exit 3-5-68) (none-of-those 84-1-359) (sideup sheet4 front 85-0-360)
  (lc2-merge-letter sheet5 back front), cost: 78919
    pre: (location sheet5 lc2_onramp-lre_exit 4-5-89) (available lc2-rsrc 55-0-300) (sideup sheet5 back 86-0-362)
    add: (location sheet5 om_bottomentry-lc2_exit 4-7-91) (none-of-those 86-1-363) (sideup sheet5 front 87-0-364)
    del: (location sheet5 lc2_onramp-lre_exit 4-5-89) (sideup sheet5 back 86-0-362) (none-of-those 87-1-365)
  (lc2-merge-letter sheet5 front back), cost: 78919
    pre: (location sheet5 lc2_onramp-lre_exit 4-5-89) (available lc2-rsrc 55-0-300) (sideup sheet5 front 87-0-364)
    add: (location sheet5 om_bottomentry-lc2_exit 4-7-91) (sideup sheet5 back 86-0-362) (none-of-those 87-1-365)
    del: (location sheet5 lc2_onramp-lre_exit 4-5-89) (none-of-those 86-1-363) (sideup sheet5 front 87-0-364)
  (lc2-merge-letter sheet6 back front), cost: 78919
    pre: (location sheet6 lc2_onramp-lre_exit 5-5-110) (available lc2-rsrc 55-0-300) (sideup sheet6 back 88-0-366)
    add: (location sheet6 om_bottomentry-lc2_exit 5-7-112) (none-of-those 88-1-367) (sideup sheet6 front 89-0-368)
    del: (location sheet6 lc2_onramp-lre_exit 5-5-110) (sideup sheet6 back 88-0-366) (none-of-those 89-1-369)
  (lc2-merge-letter sheet6 front back), cost: 78919
    pre: (location sheet6 lc2_onramp-lre_exit 5-5-110) (available lc2-rsrc 55-0-300) (sideup sheet6 front 89-0-368)
    add: (location sheet6 om_bottomentry-lc2_exit 5-7-112) (sideup sheet6 back 88-0-366) (none-of-those 89-1-369)
    del: (location sheet6 lc2_onramp-lre_exit 5-5-110) (none-of-those 88-1-367) (sideup sheet6 front 89-0-368)
  (lc2-merge-letter sheet7 back front), cost: 78919
    pre: (location sheet7 lc2_onramp-lre_exit 6-5-131) (available lc2-rsrc 55-0-300) (sideup sheet7 back 90-0-370)
    add: (location sheet7 om_bottomentry-lc2_exit 6-7-133) (none-of-those 90-1-371) (sideup sheet7 front 91-0-372)
    del: (location sheet7 lc2_onramp-lre_exit 6-5-131) (sideup sheet7 back 90-0-370) (none-of-those 91-1-373)
  (lc2-merge-letter sheet7 front back), cost: 78919
    pre: (location sheet7 lc2_onramp-lre_exit 6-5-131) (available lc2-rsrc 55-0-300) (sideup sheet7 front 91-0-372)
    add: (location sheet7 om_bottomentry-lc2_exit 6-7-133) (sideup sheet7 back 90-0-370) (none-of-those 91-1-373)
    del: (location sheet7 lc2_onramp-lre_exit 6-5-131) (none-of-those 90-1-371) (sideup sheet7 front 91-0-372)
  (lc2-merge-letter sheet8 back front), cost: 78919
    pre: (location sheet8 lc2_onramp-lre_exit 7-5-152) (available lc2-rsrc 55-0-300) (sideup sheet8 back 92-0-374)
    add: (location sheet8 om_bottomentry-lc2_exit 7-7-154) (none-of-those 92-1-375) (sideup sheet8 front 93-0-376)
    del: (location sheet8 lc2_onramp-lre_exit 7-5-152) (sideup sheet8 back 92-0-374) (none-of-those 93-1-377)
  (lc2-merge-letter sheet8 front back), cost: 78919
    pre: (location sheet8 lc2_onramp-lre_exit 7-5-152) (available lc2-rsrc 55-0-300) (sideup sheet8 front 93-0-376)
    add: (location sheet8 om_bottomentry-lc2_exit 7-7-154) (sideup sheet8 back 92-0-374) (none-of-those 93-1-377)
    del: (location sheet8 lc2_onramp-lre_exit 7-5-152) (none-of-those 92-1-375) (sideup sheet8 front 93-0-376)
  (lc2-merge-letter sheet9 back front), cost: 78919
    pre: (location sheet9 lc2_onramp-lre_exit 8-5-173) (available lc2-rsrc 55-0-300) (sideup sheet9 back 94-0-378)
    add: (location sheet9 om_bottomentry-lc2_exit 8-7-175) (none-of-those 94-1-379) (sideup sheet9 front 95-0-380)
    del: (location sheet9 lc2_onramp-lre_exit 8-5-173) (sideup sheet9 back 94-0-378) (none-of-those 95-1-381)
  (lc2-merge-letter sheet9 front back), cost: 78919
    pre: (location sheet9 lc2_onramp-lre_exit 8-5-173) (available lc2-rsrc 55-0-300) (sideup sheet9 front 95-0-380)
    add: (location sheet9 om_bottomentry-lc2_exit 8-7-175) (sideup sheet9 back 94-0-378) (none-of-those 95-1-381)
    del: (location sheet9 lc2_onramp-lre_exit 8-5-173) (none-of-those 94-1-379) (sideup sheet9 front 95-0-380)
  (lc2-mergeinvert-letter sheet1), cost: 78919
    pre: (location sheet1 lc2_onramp-lre_exit 0-5-5) (available lc2-rsrc 55-0-300)
    add: (location sheet1 om_bottomentry-lc2_exit 0-7-7)
    del: (location sheet1 lc2_onramp-lre_exit 0-5-5)
  (lc2-mergeinvert-letter sheet10), cost: 78919
    pre: (location sheet10 lc2_onramp-lre_exit 9-5-194) (available lc2-rsrc 55-0-300)
    add: (location sheet10 om_bottomentry-lc2_exit 9-7-196)
    del: (location sheet10 lc2_onramp-lre_exit 9-5-194)
  (lc2-mergeinvert-letter sheet2), cost: 78919
    pre: (location sheet2 lc2_onramp-lre_exit 1-5-26) (available lc2-rsrc 55-0-300)
    add: (location sheet2 om_bottomentry-lc2_exit 1-7-28)
    del: (location sheet2 lc2_onramp-lre_exit 1-5-26)
  (lc2-mergeinvert-letter sheet3), cost: 78919
    pre: (location sheet3 lc2_onramp-lre_exit 2-5-47) (available lc2-rsrc 55-0-300)
    add: (location sheet3 om_bottomentry-lc2_exit 2-7-49)
    del: (location sheet3 lc2_onramp-lre_exit 2-5-47)
  (lc2-mergeinvert-letter sheet4), cost: 78919
    pre: (location sheet4 lc2_onramp-lre_exit 3-5-68) (available lc2-rsrc 55-0-300)
    add: (location sheet4 om_bottomentry-lc2_exit 3-7-70)
    del: (location sheet4 lc2_onramp-lre_exit 3-5-68)
  (lc2-mergeinvert-letter sheet5), cost: 78919
    pre: (location sheet5 lc2_onramp-lre_exit 4-5-89) (available lc2-rsrc 55-0-300)
    add: (location sheet5 om_bottomentry-lc2_exit 4-7-91)
    del: (location sheet5 lc2_onramp-lre_exit 4-5-89)
  (lc2-mergeinvert-letter sheet6), cost: 78919
    pre: (location sheet6 lc2_onramp-lre_exit 5-5-110) (available lc2-rsrc 55-0-300)
    add: (location sheet6 om_bottomentry-lc2_exit 5-7-112)
    del: (location sheet6 lc2_onramp-lre_exit 5-5-110)
  (lc2-mergeinvert-letter sheet7), cost: 78919
    pre: (location sheet7 lc2_onramp-lre_exit 6-5-131) (available lc2-rsrc 55-0-300)
    add: (location sheet7 om_bottomentry-lc2_exit 6-7-133)
    del: (location sheet7 lc2_onramp-lre_exit 6-5-131)
  (lc2-mergeinvert-letter sheet8), cost: 78919
    pre: (location sheet8 lc2_onramp-lre_exit 7-5-152) (available lc2-rsrc 55-0-300)
    add: (location sheet8 om_bottomentry-lc2_exit 7-7-154)
    del: (location sheet8 lc2_onramp-lre_exit 7-5-152)
  (lc2-mergeinvert-letter sheet9), cost: 78919
    pre: (location sheet9 lc2_onramp-lre_exit 8-5-173) (available lc2-rsrc 55-0-300)
    add: (location sheet9 om_bottomentry-lc2_exit 8-7-175)
    del: (location sheet9 lc2_onramp-lre_exit 8-5-173)
  (lre-simplex-letter sheet1 back image-1), cost: 211849
    pre: (location sheet1 lre_entry-lc2_offramp 0-6-6) (notprintedwith sheet1 back color 30-0-250) (available lre-rsrc 56-0-302) (sideup sheet1 back 76-0-342)
    add: (location sheet1 lc2_onramp-lre_exit 0-5-5) (none-of-those 30-1-251)
    del: (location sheet1 lre_entry-lc2_offramp 0-6-6) (notprintedwith sheet1 back color 30-0-250)
  (lre-simplex-letter sheet1 back image-2), cost: 211849
    pre: (location sheet1 lre_entry-lc2_offramp 0-6-6) (notprintedwith sheet1 back color 30-0-250) (available lre-rsrc 56-0-302) (sideup sheet1 back 76-0-342)
    add: (location sheet1 lc2_onramp-lre_exit 0-5-5) (none-of-those 30-1-251)
    del: (location sheet1 lre_entry-lc2_offramp 0-6-6) (notprintedwith sheet1 back color 30-0-250)
  (lre-simplex-letter sheet1 back image-6), cost: 211849
    pre: (location sheet1 lre_entry-lc2_offramp 0-6-6) (notprintedwith sheet1 back color 30-0-250) (available lre-rsrc 56-0-302) (sideup sheet1 back 76-0-342)
    add: (location sheet1 lc2_onramp-lre_exit 0-5-5) (none-of-those 30-1-251)
    del: (location sheet1 lre_entry-lc2_offramp 0-6-6) (notprintedwith sheet1 back color 30-0-250)
  (lre-simplex-letter sheet1 back image-8), cost: 211849
    pre: (location sheet1 lre_entry-lc2_offramp 0-6-6) (notprintedwith sheet1 back color 30-0-250) (available lre-rsrc 56-0-302) (sideup sheet1 back 76-0-342)
    add: (location sheet1 lc2_onramp-lre_exit 0-5-5) (none-of-those 30-1-251)
    del: (location sheet1 lre_entry-lc2_offramp 0-6-6) (notprintedwith sheet1 back color 30-0-250)
  (lre-simplex-letter sheet1 back image-8b), cost: 211849
    pre: (location sheet1 lre_entry-lc2_offramp 0-6-6) (notprintedwith sheet1 back color 30-0-250) (available lre-rsrc 56-0-302) (sideup sheet1 back 76-0-342)
    add: (location sheet1 lc2_onramp-lre_exit 0-5-5) (none-of-those 30-1-251)
    del: (location sheet1 lre_entry-lc2_offramp 0-6-6) (notprintedwith sheet1 back color 30-0-250)
  (lre-simplex-letter sheet1 front image-1), cost: 211849
    pre: (location sheet1 lre_entry-lc2_offramp 0-6-6) (notprintedwith sheet1 front color 32-0-254) (available lre-rsrc 56-0-302) (sideup sheet1 front 77-0-344)
    add: (location sheet1 lc2_onramp-lre_exit 0-5-5) (none-of-those 32-1-255) (hasimage sheet1 front image-1 65-0-320)
    del: (location sheet1 lre_entry-lc2_offramp 0-6-6) (notprintedwith sheet1 front color 32-0-254) (none-of-those 65-1-321)
  (lre-simplex-letter sheet1 front image-2), cost: 211849
    pre: (location sheet1 lre_entry-lc2_offramp 0-6-6) (notprintedwith sheet1 front color 32-0-254) (available lre-rsrc 56-0-302) (sideup sheet1 front 77-0-344)
    add: (location sheet1 lc2_onramp-lre_exit 0-5-5) (none-of-those 32-1-255)
    del: (location sheet1 lre_entry-lc2_offramp 0-6-6) (notprintedwith sheet1 front color 32-0-254)
  (lre-simplex-letter sheet1 front image-6), cost: 211849
    pre: (location sheet1 lre_entry-lc2_offramp 0-6-6) (notprintedwith sheet1 front color 32-0-254) (available lre-rsrc 56-0-302) (sideup sheet1 front 77-0-344)
    add: (location sheet1 lc2_onramp-lre_exit 0-5-5) (none-of-those 32-1-255)
    del: (location sheet1 lre_entry-lc2_offramp 0-6-6) (notprintedwith sheet1 front color 32-0-254)
  (lre-simplex-letter sheet1 front image-8), cost: 211849
    pre: (location sheet1 lre_entry-lc2_offramp 0-6-6) (notprintedwith sheet1 front color 32-0-254) (available lre-rsrc 56-0-302) (sideup sheet1 front 77-0-344)
    add: (location sheet1 lc2_onramp-lre_exit 0-5-5) (none-of-those 32-1-255)
    del: (location sheet1 lre_entry-lc2_offramp 0-6-6) (notprintedwith sheet1 front color 32-0-254)
  (lre-simplex-letter sheet1 front image-8b), cost: 211849
    pre: (location sheet1 lre_entry-lc2_offramp 0-6-6) (notprintedwith sheet1 front color 32-0-254) (available lre-rsrc 56-0-302) (sideup sheet1 front 77-0-344)
    add: (location sheet1 lc2_onramp-lre_exit 0-5-5) (none-of-those 32-1-255)
    del: (location sheet1 lre_entry-lc2_offramp 0-6-6) (notprintedwith sheet1 front color 32-0-254)
  (lre-simplex-letter sheet10 back image-1), cost: 211849
    pre: (location sheet10 lre_entry-lc2_offramp 9-6-195) (notprintedwith sheet10 back color 34-0-258) (available lre-rsrc 56-0-302) (sideup sheet10 back 78-0-346)
    add: (location sheet10 lc2_onramp-lre_exit 9-5-194) (none-of-those 34-1-259)
    del: (location sheet10 lre_entry-lc2_offramp 9-6-195) (notprintedwith sheet10 back color 34-0-258)
  (lre-simplex-letter sheet10 back image-2), cost: 211849
    pre: (location sheet10 lre_entry-lc2_offramp 9-6-195) (notprintedwith sheet10 back color 34-0-258) (available lre-rsrc 56-0-302) (sideup sheet10 back 78-0-346)
    add: (location sheet10 lc2_onramp-lre_exit 9-5-194) (none-of-those 34-1-259)
    del: (location sheet10 lre_entry-lc2_offramp 9-6-195) (notprintedwith sheet10 back color 34-0-258)
  (lre-simplex-letter sheet10 back image-6), cost: 211849
    pre: (location sheet10 lre_entry-lc2_offramp 9-6-195) (notprintedwith sheet10 back color 34-0-258) (available lre-rsrc 56-0-302) (sideup sheet10 back 78-0-346)
    add: (location sheet10 lc2_onramp-lre_exit 9-5-194) (none-of-those 34-1-259)
    del: (location sheet10 lre_entry-lc2_offramp 9-6-195) (notprintedwith sheet10 back color 34-0-258)
  (lre-simplex-letter sheet10 back image-8), cost: 211849
    pre: (location sheet10 lre_entry-lc2_offramp 9-6-195) (notprintedwith sheet10 back color 34-0-258) (available lre-rsrc 56-0-302) (sideup sheet10 back 78-0-346)
    add: (location sheet10 lc2_onramp-lre_exit 9-5-194) (none-of-those 34-1-259)
    del: (location sheet10 lre_entry-lc2_offramp 9-6-195) (notprintedwith sheet10 back color 34-0-258)
  (lre-simplex-letter sheet10 back image-8b), cost: 211849
    pre: (location sheet10 lre_entry-lc2_offramp 9-6-195) (notprintedwith sheet10 back color 34-0-258) (available lre-rsrc 56-0-302) (sideup sheet10 back 78-0-346)
    add: (location sheet10 lc2_onramp-lre_exit 9-5-194) (none-of-those 34-1-259)
    del: (location sheet10 lre_entry-lc2_offramp 9-6-195) (notprintedwith sheet10 back color 34-0-258)
  (lre-simplex-letter sheet10 front image-1), cost: 211849
    pre: (location sheet10 lre_entry-lc2_offramp 9-6-195) (notprintedwith sheet10 front color 36-0-262) (available lre-rsrc 56-0-302) (sideup sheet10 front 79-0-348)
    add: (location sheet10 lc2_onramp-lre_exit 9-5-194) (none-of-those 36-1-263)
    del: (location sheet10 lre_entry-lc2_offramp 9-6-195) (notprintedwith sheet10 front color 36-0-262)
  (lre-simplex-letter sheet10 front image-2), cost: 211849
    pre: (location sheet10 lre_entry-lc2_offramp 9-6-195) (notprintedwith sheet10 front color 36-0-262) (available lre-rsrc 56-0-302) (sideup sheet10 front 79-0-348)
    add: (location sheet10 lc2_onramp-lre_exit 9-5-194) (none-of-those 36-1-263)
    del: (location sheet10 lre_entry-lc2_offramp 9-6-195) (notprintedwith sheet10 front color 36-0-262)
  (lre-simplex-letter sheet10 front image-6), cost: 211849
    pre: (location sheet10 lre_entry-lc2_offramp 9-6-195) (notprintedwith sheet10 front color 36-0-262) (available lre-rsrc 56-0-302) (sideup sheet10 front 79-0-348)
    add: (location sheet10 lc2_onramp-lre_exit 9-5-194) (none-of-those 36-1-263)
    del: (location sheet10 lre_entry-lc2_offramp 9-6-195) (notprintedwith sheet10 front color 36-0-262)
  (lre-simplex-letter sheet10 front image-8), cost: 211849
    pre: (location sheet10 lre_entry-lc2_offramp 9-6-195) (notprintedwith sheet10 front color 36-0-262) (available lre-rsrc 56-0-302) (sideup sheet10 front 79-0-348)
    add: (location sheet10 lc2_onramp-lre_exit 9-5-194) (none-of-those 36-1-263)
    del: (location sheet10 lre_entry-lc2_offramp 9-6-195) (notprintedwith sheet10 front color 36-0-262)
  (lre-simplex-letter sheet10 front image-8b), cost: 211849
    pre: (location sheet10 lre_entry-lc2_offramp 9-6-195) (notprintedwith sheet10 front color 36-0-262) (available lre-rsrc 56-0-302) (sideup sheet10 front 79-0-348)
    add: (location sheet10 lc2_onramp-lre_exit 9-5-194) (none-of-those 36-1-263)
    del: (location sheet10 lre_entry-lc2_offramp 9-6-195) (notprintedwith sheet10 front color 36-0-262)
  (lre-simplex-letter sheet2 back image-1), cost: 211849
    pre: (location sheet2 lre_entry-lc2_offramp 1-6-27) (notprintedwith sheet2 back color 38-0-266) (available lre-rsrc 56-0-302) (sideup sheet2 back 80-0-350)
    add: (location sheet2 lc2_onramp-lre_exit 1-5-26) (none-of-those 38-1-267)
    del: (location sheet2 lre_entry-lc2_offramp 1-6-27) (notprintedwith sheet2 back color 38-0-266)
  (lre-simplex-letter sheet2 back image-2), cost: 211849
    pre: (location sheet2 lre_entry-lc2_offramp 1-6-27) (notprintedwith sheet2 back color 38-0-266) (available lre-rsrc 56-0-302) (sideup sheet2 back 80-0-350)
    add: (location sheet2 lc2_onramp-lre_exit 1-5-26) (none-of-those 38-1-267)
    del: (location sheet2 lre_entry-lc2_offramp 1-6-27) (notprintedwith sheet2 back color 38-0-266)
  (lre-simplex-letter sheet2 back image-6), cost: 211849
    pre: (location sheet2 lre_entry-lc2_offramp 1-6-27) (notprintedwith sheet2 back color 38-0-266) (available lre-rsrc 56-0-302) (sideup sheet2 back 80-0-350)
    add: (location sheet2 lc2_onramp-lre_exit 1-5-26) (none-of-those 38-1-267)
    del: (location sheet2 lre_entry-lc2_offramp 1-6-27) (notprintedwith sheet2 back color 38-0-266)
  (lre-simplex-letter sheet2 back image-8), cost: 211849
    pre: (location sheet2 lre_entry-lc2_offramp 1-6-27) (notprintedwith sheet2 back color 38-0-266) (available lre-rsrc 56-0-302) (sideup sheet2 back 80-0-350)
    add: (location sheet2 lc2_onramp-lre_exit 1-5-26) (none-of-those 38-1-267)
    del: (location sheet2 lre_entry-lc2_offramp 1-6-27) (notprintedwith sheet2 back color 38-0-266)
  (lre-simplex-letter sheet2 back image-8b), cost: 211849
    pre: (location sheet2 lre_entry-lc2_offramp 1-6-27) (notprintedwith sheet2 back color 38-0-266) (available lre-rsrc 56-0-302) (sideup sheet2 back 80-0-350)
    add: (location sheet2 lc2_onramp-lre_exit 1-5-26) (none-of-those 38-1-267)
    del: (location sheet2 lre_entry-lc2_offramp 1-6-27) (notprintedwith sheet2 back color 38-0-266)
  (lre-simplex-letter sheet2 front image-1), cost: 211849
    pre: (location sheet2 lre_entry-lc2_offramp 1-6-27) (notprintedwith sheet2 front color 40-0-270) (available lre-rsrc 56-0-302) (sideup sheet2 front 81-0-352)
    add: (location sheet2 lc2_onramp-lre_exit 1-5-26) (none-of-those 40-1-271)
    del: (location sheet2 lre_entry-lc2_offramp 1-6-27) (notprintedwith sheet2 front color 40-0-270)
  (lre-simplex-letter sheet2 front image-2), cost: 211849
    pre: (location sheet2 lre_entry-lc2_offramp 1-6-27) (notprintedwith sheet2 front color 40-0-270) (available lre-rsrc 56-0-302) (sideup sheet2 front 81-0-352)
    add: (location sheet2 lc2_onramp-lre_exit 1-5-26) (none-of-those 40-1-271) (hasimage sheet2 front image-2 67-0-324)
    del: (location sheet2 lre_entry-lc2_offramp 1-6-27) (notprintedwith sheet2 front color 40-0-270) (none-of-those 67-1-325)
  (lre-simplex-letter sheet2 front image-6), cost: 211849
    pre: (location sheet2 lre_entry-lc2_offramp 1-6-27) (notprintedwith sheet2 front color 40-0-270) (available lre-rsrc 56-0-302) (sideup sheet2 front 81-0-352)
    add: (location sheet2 lc2_onramp-lre_exit 1-5-26) (none-of-those 40-1-271)
    del: (location sheet2 lre_entry-lc2_offramp 1-6-27) (notprintedwith sheet2 front color 40-0-270)
  (lre-simplex-letter sheet2 front image-8), cost: 211849
    pre: (location sheet2 lre_entry-lc2_offramp 1-6-27) (notprintedwith sheet2 front color 40-0-270) (available lre-rsrc 56-0-302) (sideup sheet2 front 81-0-352)
    add: (location sheet2 lc2_onramp-lre_exit 1-5-26) (none-of-those 40-1-271)
    del: (location sheet2 lre_entry-lc2_offramp 1-6-27) (notprintedwith sheet2 front color 40-0-270)
  (lre-simplex-letter sheet2 front image-8b), cost: 211849
    pre: (location sheet2 lre_entry-lc2_offramp 1-6-27) (notprintedwith sheet2 front color 40-0-270) (available lre-rsrc 56-0-302) (sideup sheet2 front 81-0-352)
    add: (location sheet2 lc2_onramp-lre_exit 1-5-26) (none-of-those 40-1-271)
    del: (location sheet2 lre_entry-lc2_offramp 1-6-27) (notprintedwith sheet2 front color 40-0-270)
  (lre-simplex-letter sheet3 back image-1), cost: 211849
    pre: (location sheet3 lre_entry-lc2_offramp 2-6-48) (notprintedwith sheet3 back color 42-0-274) (available lre-rsrc 56-0-302) (sideup sheet3 back 82-0-354)
    add: (location sheet3 lc2_onramp-lre_exit 2-5-47) (none-of-those 42-1-275)
    del: (location sheet3 lre_entry-lc2_offramp 2-6-48) (notprintedwith sheet3 back color 42-0-274)
  (lre-simplex-letter sheet3 back image-2), cost: 211849
    pre: (location sheet3 lre_entry-lc2_offramp 2-6-48) (notprintedwith sheet3 back color 42-0-274) (available lre-rsrc 56-0-302) (sideup sheet3 back 82-0-354)
    add: (location sheet3 lc2_onramp-lre_exit 2-5-47) (none-of-those 42-1-275)
    del: (location sheet3 lre_entry-lc2_offramp 2-6-48) (notprintedwith sheet3 back color 42-0-274)
  (lre-simplex-letter sheet3 back image-6), cost: 211849
    pre: (location sheet3 lre_entry-lc2_offramp 2-6-48) (notprintedwith sheet3 back color 42-0-274) (available lre-rsrc 56-0-302) (sideup sheet3 back 82-0-354)
    add: (location sheet3 lc2_onramp-lre_exit 2-5-47) (none-of-those 42-1-275)
    del: (location sheet3 lre_entry-lc2_offramp 2-6-48) (notprintedwith sheet3 back color 42-0-274)
  (lre-simplex-letter sheet3 back image-8), cost: 211849
    pre: (location sheet3 lre_entry-lc2_offramp 2-6-48) (notprintedwith sheet3 back color 42-0-274) (available lre-rsrc 56-0-302) (sideup sheet3 back 82-0-354)
    add: (location sheet3 lc2_onramp-lre_exit 2-5-47) (none-of-those 42-1-275)
    del: (location sheet3 lre_entry-lc2_offramp 2-6-48) (notprintedwith sheet3 back color 42-0-274)
  (lre-simplex-letter sheet3 back image-8b), cost: 211849
    pre: (location sheet3 lre_entry-lc2_offramp 2-6-48) (notprintedwith sheet3 back color 42-0-274) (available lre-rsrc 56-0-302) (sideup sheet3 back 82-0-354)
    add: (location sheet3 lc2_onramp-lre_exit 2-5-47) (none-of-those 42-1-275)
    del: (location sheet3 lre_entry-lc2_offramp 2-6-48) (notprintedwith sheet3 back color 42-0-274)
  (lre-simplex-letter sheet3 front image-1), cost: 211849
    pre: (location sheet3 lre_entry-lc2_offramp 2-6-48) (notprintedwith sheet3 front color 44-0-278) (available lre-rsrc 56-0-302) (sideup sheet3 front 83-0-356)
    add: (location sheet3 lc2_onramp-lre_exit 2-5-47) (none-of-those 44-1-279)
    del: (location sheet3 lre_entry-lc2_offramp 2-6-48) (notprintedwith sheet3 front color 44-0-278)
  (lre-simplex-letter sheet3 front image-2), cost: 211849
    pre: (location sheet3 lre_entry-lc2_offramp 2-6-48) (notprintedwith sheet3 front color 44-0-278) (available lre-rsrc 56-0-302) (sideup sheet3 front 83-0-356)
    add: (location sheet3 lc2_onramp-lre_exit 2-5-47) (none-of-those 44-1-279)
    del: (location sheet3 lre_entry-lc2_offramp 2-6-48) (notprintedwith sheet3 front color 44-0-278)
  (lre-simplex-letter sheet3 front image-6), cost: 211849
    pre: (location sheet3 lre_entry-lc2_offramp 2-6-48) (notprintedwith sheet3 front color 44-0-278) (available lre-rsrc 56-0-302) (sideup sheet3 front 83-0-356)
    add: (location sheet3 lc2_onramp-lre_exit 2-5-47) (none-of-those 44-1-279)
    del: (location sheet3 lre_entry-lc2_offramp 2-6-48) (notprintedwith sheet3 front color 44-0-278)
  (lre-simplex-letter sheet3 front image-8), cost: 211849
    pre: (location sheet3 lre_entry-lc2_offramp 2-6-48) (notprintedwith sheet3 front color 44-0-278) (available lre-rsrc 56-0-302) (sideup sheet3 front 83-0-356)
    add: (location sheet3 lc2_onramp-lre_exit 2-5-47) (none-of-those 44-1-279)
    del: (location sheet3 lre_entry-lc2_offramp 2-6-48) (notprintedwith sheet3 front color 44-0-278)
  (lre-simplex-letter sheet3 front image-8b), cost: 211849
    pre: (location sheet3 lre_entry-lc2_offramp 2-6-48) (notprintedwith sheet3 front color 44-0-278) (available lre-rsrc 56-0-302) (sideup sheet3 front 83-0-356)
    add: (location sheet3 lc2_onramp-lre_exit 2-5-47) (none-of-those 44-1-279)
    del: (location sheet3 lre_entry-lc2_offramp 2-6-48) (notprintedwith sheet3 front color 44-0-278)
  (lre-simplex-letter sheet4 back image-1), cost: 211849
    pre: (location sheet4 lre_entry-lc2_offramp 3-6-69) (notprintedwith sheet4 back color 46-0-282) (available lre-rsrc 56-0-302) (sideup sheet4 back 84-0-358)
    add: (location sheet4 lc2_onramp-lre_exit 3-5-68) (none-of-those 46-1-283)
    del: (location sheet4 lre_entry-lc2_offramp 3-6-69) (notprintedwith sheet4 back color 46-0-282)
  (lre-simplex-letter sheet4 back image-2), cost: 211849
    pre: (location sheet4 lre_entry-lc2_offramp 3-6-69) (notprintedwith sheet4 back color 46-0-282) (available lre-rsrc 56-0-302) (sideup sheet4 back 84-0-358)
    add: (location sheet4 lc2_onramp-lre_exit 3-5-68) (none-of-those 46-1-283)
    del: (location sheet4 lre_entry-lc2_offramp 3-6-69) (notprintedwith sheet4 back color 46-0-282)
  (lre-simplex-letter sheet4 back image-6), cost: 211849
    pre: (location sheet4 lre_entry-lc2_offramp 3-6-69) (notprintedwith sheet4 back color 46-0-282) (available lre-rsrc 56-0-302) (sideup sheet4 back 84-0-358)
    add: (location sheet4 lc2_onramp-lre_exit 3-5-68) (none-of-those 46-1-283)
    del: (location sheet4 lre_entry-lc2_offramp 3-6-69) (notprintedwith sheet4 back color 46-0-282)
  (lre-simplex-letter sheet4 back image-8), cost: 211849
    pre: (location sheet4 lre_entry-lc2_offramp 3-6-69) (notprintedwith sheet4 back color 46-0-282) (available lre-rsrc 56-0-302) (sideup sheet4 back 84-0-358)
    add: (location sheet4 lc2_onramp-lre_exit 3-5-68) (none-of-those 46-1-283)
    del: (location sheet4 lre_entry-lc2_offramp 3-6-69) (notprintedwith sheet4 back color 46-0-282)
  (lre-simplex-letter sheet4 back image-8b), cost: 211849
    pre: (location sheet4 lre_entry-lc2_offramp 3-6-69) (notprintedwith sheet4 back color 46-0-282) (available lre-rsrc 56-0-302) (sideup sheet4 back 84-0-358)
    add: (location sheet4 lc2_onramp-lre_exit 3-5-68) (none-of-those 46-1-283)
    del: (location sheet4 lre_entry-lc2_offramp 3-6-69) (notprintedwith sheet4 back color 46-0-282)
  (lre-simplex-letter sheet4 front image-1), cost: 211849
    pre: (location sheet4 lre_entry-lc2_offramp 3-6-69) (notprintedwith sheet4 front color 48-0-286) (available lre-rsrc 56-0-302) (sideup sheet4 front 85-0-360)
    add: (location sheet4 lc2_onramp-lre_exit 3-5-68) (none-of-those 48-1-287)
    del: (location sheet4 lre_entry-lc2_offramp 3-6-69) (notprintedwith sheet4 front color 48-0-286)
  (lre-simplex-letter sheet4 front image-2), cost: 211849
    pre: (location sheet4 lre_entry-lc2_offramp 3-6-69) (notprintedwith sheet4 front color 48-0-286) (available lre-rsrc 56-0-302) (sideup sheet4 front 85-0-360)
    add: (location sheet4 lc2_onramp-lre_exit 3-5-68) (none-of-those 48-1-287)
    del: (location sheet4 lre_entry-lc2_offramp 3-6-69) (notprintedwith sheet4 front color 48-0-286)
  (lre-simplex-letter sheet4 front image-6), cost: 211849
    pre: (location sheet4 lre_entry-lc2_offramp 3-6-69) (notprintedwith sheet4 front color 48-0-286) (available lre-rsrc 56-0-302) (sideup sheet4 front 85-0-360)
    add: (location sheet4 lc2_onramp-lre_exit 3-5-68) (none-of-those 48-1-287)
    del: (location sheet4 lre_entry-lc2_offramp 3-6-69) (notprintedwith sheet4 front color 48-0-286)
  (lre-simplex-letter sheet4 front image-8), cost: 211849
    pre: (location sheet4 lre_entry-lc2_offramp 3-6-69) (notprintedwith sheet4 front color 48-0-286) (available lre-rsrc 56-0-302) (sideup sheet4 front 85-0-360)
    add: (location sheet4 lc2_onramp-lre_exit 3-5-68) (none-of-those 48-1-287)
    del: (location sheet4 lre_entry-lc2_offramp 3-6-69) (notprintedwith sheet4 front color 48-0-286)
  (lre-simplex-letter sheet4 front image-8b), cost: 211849
    pre: (location sheet4 lre_entry-lc2_offramp 3-6-69) (notprintedwith sheet4 front color 48-0-286) (available lre-rsrc 56-0-302) (sideup sheet4 front 85-0-360)
    add: (location sheet4 lc2_onramp-lre_exit 3-5-68) (none-of-those 48-1-287)
    del: (location sheet4 lre_entry-lc2_offramp 3-6-69) (notprintedwith sheet4 front color 48-0-286)
  (lre-simplex-letter sheet5 back image-1), cost: 211849
    pre: (location sheet5 lre_entry-lc2_offramp 4-6-90) (notprintedwith sheet5 back color 50-0-290) (available lre-rsrc 56-0-302) (sideup sheet5 back 86-0-362)
    add: (location sheet5 lc2_onramp-lre_exit 4-5-89) (none-of-those 50-1-291)
    del: (location sheet5 lre_entry-lc2_offramp 4-6-90) (notprintedwith sheet5 back color 50-0-290)
  (lre-simplex-letter sheet5 back image-2), cost: 211849
    pre: (location sheet5 lre_entry-lc2_offramp 4-6-90) (notprintedwith sheet5 back color 50-0-290) (available lre-rsrc 56-0-302) (sideup sheet5 back 86-0-362)
    add: (location sheet5 lc2_onramp-lre_exit 4-5-89) (none-of-those 50-1-291)
    del: (location sheet5 lre_entry-lc2_offramp 4-6-90) (notprintedwith sheet5 back color 50-0-290)
  (lre-simplex-letter sheet5 back image-6), cost: 211849
    pre: (location sheet5 lre_entry-lc2_offramp 4-6-90) (notprintedwith sheet5 back color 50-0-290) (available lre-rsrc 56-0-302) (sideup sheet5 back 86-0-362)
    add: (location sheet5 lc2_onramp-lre_exit 4-5-89) (none-of-those 50-1-291)
    del: (location sheet5 lre_entry-lc2_offramp 4-6-90) (notprintedwith sheet5 back color 50-0-290)
  (lre-simplex-letter sheet5 back image-8), cost: 211849
    pre: (location sheet5 lre_entry-lc2_offramp 4-6-90) (notprintedwith sheet5 back color 50-0-290) (available lre-rsrc 56-0-302) (sideup sheet5 back 86-0-362)
    add: (location sheet5 lc2_onramp-lre_exit 4-5-89) (none-of-those 50-1-291)
    del: (location sheet5 lre_entry-lc2_offramp 4-6-90) (notprintedwith sheet5 back color 50-0-290)
  (lre-simplex-letter sheet5 back image-8b), cost: 211849
    pre: (location sheet5 lre_entry-lc2_offramp 4-6-90) (notprintedwith sheet5 back color 50-0-290) (available lre-rsrc 56-0-302) (sideup sheet5 back 86-0-362)
    add: (location sheet5 lc2_onramp-lre_exit 4-5-89) (none-of-those 50-1-291)
    del: (location sheet5 lre_entry-lc2_offramp 4-6-90) (notprintedwith sheet5 back color 50-0-290)
  (lre-simplex-letter sheet5 front image-1), cost: 211849
    pre: (location sheet5 lre_entry-lc2_offramp 4-6-90) (notprintedwith sheet5 front color 11-0-212) (available lre-rsrc 56-0-302) (sideup sheet5 front 87-0-364)
    add: (location sheet5 lc2_onramp-lre_exit 4-5-89) (none-of-those 11-1-213)
    del: (location sheet5 lre_entry-lc2_offramp 4-6-90) (notprintedwith sheet5 front color 11-0-212)
  (lre-simplex-letter sheet5 front image-2), cost: 211849
    pre: (location sheet5 lre_entry-lc2_offramp 4-6-90) (notprintedwith sheet5 front color 11-0-212) (available lre-rsrc 56-0-302) (sideup sheet5 front 87-0-364)
    add: (location sheet5 lc2_onramp-lre_exit 4-5-89) (none-of-those 11-1-213)
    del: (location sheet5 lre_entry-lc2_offramp 4-6-90) (notprintedwith sheet5 front color 11-0-212)
  (lre-simplex-letter sheet5 front image-6), cost: 211849
    pre: (location sheet5 lre_entry-lc2_offramp 4-6-90) (notprintedwith sheet5 front color 11-0-212) (available lre-rsrc 56-0-302) (sideup sheet5 front 87-0-364)
    add: (location sheet5 lc2_onramp-lre_exit 4-5-89) (none-of-those 11-1-213)
    del: (location sheet5 lre_entry-lc2_offramp 4-6-90) (notprintedwith sheet5 front color 11-0-212)
  (lre-simplex-letter sheet5 front image-8), cost: 211849
    pre: (location sheet5 lre_entry-lc2_offramp 4-6-90) (notprintedwith sheet5 front color 11-0-212) (available lre-rsrc 56-0-302) (sideup sheet5 front 87-0-364)
    add: (location sheet5 lc2_onramp-lre_exit 4-5-89) (none-of-those 11-1-213)
    del: (location sheet5 lre_entry-lc2_offramp 4-6-90) (notprintedwith sheet5 front color 11-0-212)
  (lre-simplex-letter sheet5 front image-8b), cost: 211849
    pre: (location sheet5 lre_entry-lc2_offramp 4-6-90) (notprintedwith sheet5 front color 11-0-212) (available lre-rsrc 56-0-302) (sideup sheet5 front 87-0-364)
    add: (location sheet5 lc2_onramp-lre_exit 4-5-89) (none-of-those 11-1-213)
    del: (location sheet5 lre_entry-lc2_offramp 4-6-90) (notprintedwith sheet5 front color 11-0-212)
  (lre-simplex-letter sheet6 back image-1), cost: 211849
    pre: (location sheet6 lre_entry-lc2_offramp 5-6-111) (notprintedwith sheet6 back color 13-0-216) (available lre-rsrc 56-0-302) (sideup sheet6 back 88-0-366)
    add: (location sheet6 lc2_onramp-lre_exit 5-5-110) (none-of-those 13-1-217)
    del: (location sheet6 lre_entry-lc2_offramp 5-6-111) (notprintedwith sheet6 back color 13-0-216)
  (lre-simplex-letter sheet6 back image-2), cost: 211849
    pre: (location sheet6 lre_entry-lc2_offramp 5-6-111) (notprintedwith sheet6 back color 13-0-216) (available lre-rsrc 56-0-302) (sideup sheet6 back 88-0-366)
    add: (location sheet6 lc2_onramp-lre_exit 5-5-110) (none-of-those 13-1-217)
    del: (location sheet6 lre_entry-lc2_offramp 5-6-111) (notprintedwith sheet6 back color 13-0-216)
  (lre-simplex-letter sheet6 back image-6), cost: 211849
    pre: (location sheet6 lre_entry-lc2_offramp 5-6-111) (notprintedwith sheet6 back color 13-0-216) (available lre-rsrc 56-0-302) (sideup sheet6 back 88-0-366)
    add: (location sheet6 lc2_onramp-lre_exit 5-5-110) (none-of-those 13-1-217)
    del: (location sheet6 lre_entry-lc2_offramp 5-6-111) (notprintedwith sheet6 back color 13-0-216)
  (lre-simplex-letter sheet6 back image-8), cost: 211849
    pre: (location sheet6 lre_entry-lc2_offramp 5-6-111) (notprintedwith sheet6 back color 13-0-216) (available lre-rsrc 56-0-302) (sideup sheet6 back 88-0-366)
    add: (location sheet6 lc2_onramp-lre_exit 5-5-110) (none-of-those 13-1-217)
    del: (location sheet6 lre_entry-lc2_offramp 5-6-111) (notprintedwith sheet6 back color 13-0-216)
  (lre-simplex-letter sheet6 back image-8b), cost: 211849
    pre: (location sheet6 lre_entry-lc2_offramp 5-6-111) (notprintedwith sheet6 back color 13-0-216) (available lre-rsrc 56-0-302) (sideup sheet6 back 88-0-366)
    add: (location sheet6 lc2_onramp-lre_exit 5-5-110) (none-of-those 13-1-217)
    del: (location sheet6 lre_entry-lc2_offramp 5-6-111) (notprintedwith sheet6 back color 13-0-216)
  (lre-simplex-letter sheet6 front image-1), cost: 211849
    pre: (location sheet6 lre_entry-lc2_offramp 5-6-111) (notprintedwith sheet6 front color 15-0-220) (available lre-rsrc 56-0-302) (sideup sheet6 front 89-0-368)
    add: (location sheet6 lc2_onramp-lre_exit 5-5-110) (none-of-those 15-1-221)
    del: (location sheet6 lre_entry-lc2_offramp 5-6-111) (notprintedwith sheet6 front color 15-0-220)
  (lre-simplex-letter sheet6 front image-2), cost: 211849
    pre: (location sheet6 lre_entry-lc2_offramp 5-6-111) (notprintedwith sheet6 front color 15-0-220) (available lre-rsrc 56-0-302) (sideup sheet6 front 89-0-368)
    add: (location sheet6 lc2_onramp-lre_exit 5-5-110) (none-of-those 15-1-221)
    del: (location sheet6 lre_entry-lc2_offramp 5-6-111) (notprintedwith sheet6 front color 15-0-220)
  (lre-simplex-letter sheet6 front image-6), cost: 211849
    pre: (location sheet6 lre_entry-lc2_offramp 5-6-111) (notprintedwith sheet6 front color 15-0-220) (available lre-rsrc 56-0-302) (sideup sheet6 front 89-0-368)
    add: (location sheet6 lc2_onramp-lre_exit 5-5-110) (none-of-those 15-1-221) (hasimage sheet6 front image-6 71-0-332)
    del: (location sheet6 lre_entry-lc2_offramp 5-6-111) (notprintedwith sheet6 front color 15-0-220) (none-of-those 71-1-333)
  (lre-simplex-letter sheet6 front image-8), cost: 211849
    pre: (location sheet6 lre_entry-lc2_offramp 5-6-111) (notprintedwith sheet6 front color 15-0-220) (available lre-rsrc 56-0-302) (sideup sheet6 front 89-0-368)
    add: (location sheet6 lc2_onramp-lre_exit 5-5-110) (none-of-those 15-1-221)
    del: (location sheet6 lre_entry-lc2_offramp 5-6-111) (notprintedwith sheet6 front color 15-0-220)
  (lre-simplex-letter sheet6 front image-8b), cost: 211849
    pre: (location sheet6 lre_entry-lc2_offramp 5-6-111) (notprintedwith sheet6 front color 15-0-220) (available lre-rsrc 56-0-302) (sideup sheet6 front 89-0-368)
    add: (location sheet6 lc2_onramp-lre_exit 5-5-110) (none-of-those 15-1-221)
    del: (location sheet6 lre_entry-lc2_offramp 5-6-111) (notprintedwith sheet6 front color 15-0-220)
  (lre-simplex-letter sheet7 back image-1), cost: 211849
    pre: (location sheet7 lre_entry-lc2_offramp 6-6-132) (notprintedwith sheet7 back color 17-0-224) (available lre-rsrc 56-0-302) (sideup sheet7 back 90-0-370)
    add: (location sheet7 lc2_onramp-lre_exit 6-5-131) (none-of-those 17-1-225)
    del: (location sheet7 lre_entry-lc2_offramp 6-6-132) (notprintedwith sheet7 back color 17-0-224)
  (lre-simplex-letter sheet7 back image-2), cost: 211849
    pre: (location sheet7 lre_entry-lc2_offramp 6-6-132) (notprintedwith sheet7 back color 17-0-224) (available lre-rsrc 56-0-302) (sideup sheet7 back 90-0-370)
    add: (location sheet7 lc2_onramp-lre_exit 6-5-131) (none-of-those 17-1-225)
    del: (location sheet7 lre_entry-lc2_offramp 6-6-132) (notprintedwith sheet7 back color 17-0-224)
  (lre-simplex-letter sheet7 back image-6), cost: 211849
    pre: (location sheet7 lre_entry-lc2_offramp 6-6-132) (notprintedwith sheet7 back color 17-0-224) (available lre-rsrc 56-0-302) (sideup sheet7 back 90-0-370)
    add: (location sheet7 lc2_onramp-lre_exit 6-5-131) (none-of-those 17-1-225)
    del: (location sheet7 lre_entry-lc2_offramp 6-6-132) (notprintedwith sheet7 back color 17-0-224)
  (lre-simplex-letter sheet7 back image-8), cost: 211849
    pre: (location sheet7 lre_entry-lc2_offramp 6-6-132) (notprintedwith sheet7 back color 17-0-224) (available lre-rsrc 56-0-302) (sideup sheet7 back 90-0-370)
    add: (location sheet7 lc2_onramp-lre_exit 6-5-131) (none-of-those 17-1-225)
    del: (location sheet7 lre_entry-lc2_offramp 6-6-132) (notprintedwith sheet7 back color 17-0-224)
  (lre-simplex-letter sheet7 back image-8b), cost: 211849
    pre: (location sheet7 lre_entry-lc2_offramp 6-6-132) (notprintedwith sheet7 back color 17-0-224) (available lre-rsrc 56-0-302) (sideup sheet7 back 90-0-370)
    add: (location sheet7 lc2_onramp-lre_exit 6-5-131) (none-of-those 17-1-225)
    del: (location sheet7 lre_entry-lc2_offramp 6-6-132) (notprintedwith sheet7 back color 17-0-224)
  (lre-simplex-letter sheet7 front image-1), cost: 211849
    pre: (location sheet7 lre_entry-lc2_offramp 6-6-132) (notprintedwith sheet7 front color 19-0-228) (available lre-rsrc 56-0-302) (sideup sheet7 front 91-0-372)
    add: (location sheet7 lc2_onramp-lre_exit 6-5-131) (none-of-those 19-1-229)
    del: (location sheet7 lre_entry-lc2_offramp 6-6-132) (notprintedwith sheet7 front color 19-0-228)
  (lre-simplex-letter sheet7 front image-2), cost: 211849
    pre: (location sheet7 lre_entry-lc2_offramp 6-6-132) (notprintedwith sheet7 front color 19-0-228) (available lre-rsrc 56-0-302) (sideup sheet7 front 91-0-372)
    add: (location sheet7 lc2_onramp-lre_exit 6-5-131) (none-of-those 19-1-229)
    del: (location sheet7 lre_entry-lc2_offramp 6-6-132) (notprintedwith sheet7 front color 19-0-228)
  (lre-simplex-letter sheet7 front image-6), cost: 211849
    pre: (location sheet7 lre_entry-lc2_offramp 6-6-132) (notprintedwith sheet7 front color 19-0-228) (available lre-rsrc 56-0-302) (sideup sheet7 front 91-0-372)
    add: (location sheet7 lc2_onramp-lre_exit 6-5-131) (none-of-those 19-1-229)
    del: (location sheet7 lre_entry-lc2_offramp 6-6-132) (notprintedwith sheet7 front color 19-0-228)
  (lre-simplex-letter sheet7 front image-8), cost: 211849
    pre: (location sheet7 lre_entry-lc2_offramp 6-6-132) (notprintedwith sheet7 front color 19-0-228) (available lre-rsrc 56-0-302) (sideup sheet7 front 91-0-372)
    add: (location sheet7 lc2_onramp-lre_exit 6-5-131) (none-of-those 19-1-229)
    del: (location sheet7 lre_entry-lc2_offramp 6-6-132) (notprintedwith sheet7 front color 19-0-228)
  (lre-simplex-letter sheet7 front image-8b), cost: 211849
    pre: (location sheet7 lre_entry-lc2_offramp 6-6-132) (notprintedwith sheet7 front color 19-0-228) (available lre-rsrc 56-0-302) (sideup sheet7 front 91-0-372)
    add: (location sheet7 lc2_onramp-lre_exit 6-5-131) (none-of-those 19-1-229)
    del: (location sheet7 lre_entry-lc2_offramp 6-6-132) (notprintedwith sheet7 front color 19-0-228)
  (lre-simplex-letter sheet8 back image-1), cost: 211849
    pre: (location sheet8 lre_entry-lc2_offramp 7-6-153) (notprintedwith sheet8 back color 21-0-232) (available lre-rsrc 56-0-302) (sideup sheet8 back 92-0-374)
    add: (location sheet8 lc2_onramp-lre_exit 7-5-152) (none-of-those 21-1-233)
    del: (location sheet8 lre_entry-lc2_offramp 7-6-153) (notprintedwith sheet8 back color 21-0-232)
  (lre-simplex-letter sheet8 back image-2), cost: 211849
    pre: (location sheet8 lre_entry-lc2_offramp 7-6-153) (notprintedwith sheet8 back color 21-0-232) (available lre-rsrc 56-0-302) (sideup sheet8 back 92-0-374)
    add: (location sheet8 lc2_onramp-lre_exit 7-5-152) (none-of-those 21-1-233)
    del: (location sheet8 lre_entry-lc2_offramp 7-6-153) (notprintedwith sheet8 back color 21-0-232)
  (lre-simplex-letter sheet8 back image-6), cost: 211849
    pre: (location sheet8 lre_entry-lc2_offramp 7-6-153) (notprintedwith sheet8 back color 21-0-232) (available lre-rsrc 56-0-302) (sideup sheet8 back 92-0-374)
    add: (location sheet8 lc2_onramp-lre_exit 7-5-152) (none-of-those 21-1-233)
    del: (location sheet8 lre_entry-lc2_offramp 7-6-153) (notprintedwith sheet8 back color 21-0-232)
  (lre-simplex-letter sheet8 back image-8), cost: 211849
    pre: (location sheet8 lre_entry-lc2_offramp 7-6-153) (notprintedwith sheet8 back color 21-0-232) (available lre-rsrc 56-0-302) (sideup sheet8 back 92-0-374)
    add: (location sheet8 lc2_onramp-lre_exit 7-5-152) (none-of-those 21-1-233)
    del: (location sheet8 lre_entry-lc2_offramp 7-6-153) (notprintedwith sheet8 back color 21-0-232)
  (lre-simplex-letter sheet8 back image-8b), cost: 211849
    pre: (location sheet8 lre_entry-lc2_offramp 7-6-153) (notprintedwith sheet8 back color 21-0-232) (available lre-rsrc 56-0-302) (sideup sheet8 back 92-0-374)
    add: (location sheet8 lc2_onramp-lre_exit 7-5-152) (none-of-those 21-1-233) (hasimage sheet8 back image-8b 73-0-336)
    del: (location sheet8 lre_entry-lc2_offramp 7-6-153) (notprintedwith sheet8 back color 21-0-232) (none-of-those 73-1-337)
  (lre-simplex-letter sheet8 front image-1), cost: 211849
    pre: (location sheet8 lre_entry-lc2_offramp 7-6-153) (notprintedwith sheet8 front color 23-0-236) (available lre-rsrc 56-0-302) (sideup sheet8 front 93-0-376)
    add: (location sheet8 lc2_onramp-lre_exit 7-5-152) (none-of-those 23-1-237)
    del: (location sheet8 lre_entry-lc2_offramp 7-6-153) (notprintedwith sheet8 front color 23-0-236)
  (lre-simplex-letter sheet8 front image-2), cost: 211849
    pre: (location sheet8 lre_entry-lc2_offramp 7-6-153) (notprintedwith sheet8 front color 23-0-236) (available lre-rsrc 56-0-302) (sideup sheet8 front 93-0-376)
    add: (location sheet8 lc2_onramp-lre_exit 7-5-152) (none-of-those 23-1-237)
    del: (location sheet8 lre_entry-lc2_offramp 7-6-153) (notprintedwith sheet8 front color 23-0-236)
  (lre-simplex-letter sheet8 front image-6), cost: 211849
    pre: (location sheet8 lre_entry-lc2_offramp 7-6-153) (notprintedwith sheet8 front color 23-0-236) (available lre-rsrc 56-0-302) (sideup sheet8 front 93-0-376)
    add: (location sheet8 lc2_onramp-lre_exit 7-5-152) (none-of-those 23-1-237)
    del: (location sheet8 lre_entry-lc2_offramp 7-6-153) (notprintedwith sheet8 front color 23-0-236)
  (lre-simplex-letter sheet8 front image-8), cost: 211849
    pre: (location sheet8 lre_entry-lc2_offramp 7-6-153) (notprintedwith sheet8 front color 23-0-236) (available lre-rsrc 56-0-302) (sideup sheet8 front 93-0-376)
    add: (location sheet8 lc2_onramp-lre_exit 7-5-152) (none-of-those 23-1-237) (hasimage sheet8 front image-8 74-0-338)
    del: (location sheet8 lre_entry-lc2_offramp 7-6-153) (notprintedwith sheet8 front color 23-0-236) (none-of-those 74-1-339)
  (lre-simplex-letter sheet8 front image-8b), cost: 211849
    pre: (location sheet8 lre_entry-lc2_offramp 7-6-153) (notprintedwith sheet8 front color 23-0-236) (available lre-rsrc 56-0-302) (sideup sheet8 front 93-0-376)
    add: (location sheet8 lc2_onramp-lre_exit 7-5-152) (none-of-those 23-1-237)
    del: (location sheet8 lre_entry-lc2_offramp 7-6-153) (notprintedwith sheet8 front color 23-0-236)
  (lre-simplex-letter sheet9 back image-1), cost: 211849
    pre: (location sheet9 lre_entry-lc2_offramp 8-6-174) (notprintedwith sheet9 back color 25-0-240) (available lre-rsrc 56-0-302) (sideup sheet9 back 94-0-378)
    add: (location sheet9 lc2_onramp-lre_exit 8-5-173) (none-of-those 25-1-241)
    del: (location sheet9 lre_entry-lc2_offramp 8-6-174) (notprintedwith sheet9 back color 25-0-240)
  (lre-simplex-letter sheet9 back image-2), cost: 211849
    pre: (location sheet9 lre_entry-lc2_offramp 8-6-174) (notprintedwith sheet9 back color 25-0-240) (available lre-rsrc 56-0-302) (sideup sheet9 back 94-0-378)
    add: (location sheet9 lc2_onramp-lre_exit 8-5-173) (none-of-those 25-1-241)
    del: (location sheet9 lre_entry-lc2_offramp 8-6-174) (notprintedwith sheet9 back color 25-0-240)
  (lre-simplex-letter sheet9 back image-6), cost: 211849
    pre: (location sheet9 lre_entry-lc2_offramp 8-6-174) (notprintedwith sheet9 back color 25-0-240) (available lre-rsrc 56-0-302) (sideup sheet9 back 94-0-378)
    add: (location sheet9 lc2_onramp-lre_exit 8-5-173) (none-of-those 25-1-241)
    del: (location sheet9 lre_entry-lc2_offramp 8-6-174) (notprintedwith sheet9 back color 25-0-240)
  (lre-simplex-letter sheet9 back image-8), cost: 211849
    pre: (location sheet9 lre_entry-lc2_offramp 8-6-174) (notprintedwith sheet9 back color 25-0-240) (available lre-rsrc 56-0-302) (sideup sheet9 back 94-0-378)
    add: (location sheet9 lc2_onramp-lre_exit 8-5-173) (none-of-those 25-1-241)
    del: (location sheet9 lre_entry-lc2_offramp 8-6-174) (notprintedwith sheet9 back color 25-0-240)
  (lre-simplex-letter sheet9 back image-8b), cost: 211849
    pre: (location sheet9 lre_entry-lc2_offramp 8-6-174) (notprintedwith sheet9 back color 25-0-240) (available lre-rsrc 56-0-302) (sideup sheet9 back 94-0-378)
    add: (location sheet9 lc2_onramp-lre_exit 8-5-173) (none-of-those 25-1-241)
    del: (location sheet9 lre_entry-lc2_offramp 8-6-174) (notprintedwith sheet9 back color 25-0-240)
  (lre-simplex-letter sheet9 front image-1), cost: 211849
    pre: (location sheet9 lre_entry-lc2_offramp 8-6-174) (notprintedwith sheet9 front color 27-0-244) (available lre-rsrc 56-0-302) (sideup sheet9 front 95-0-380)
    add: (location sheet9 lc2_onramp-lre_exit 8-5-173) (none-of-those 27-1-245)
    del: (location sheet9 lre_entry-lc2_offramp 8-6-174) (notprintedwith sheet9 front color 27-0-244)
  (lre-simplex-letter sheet9 front image-2), cost: 211849
    pre: (location sheet9 lre_entry-lc2_offramp 8-6-174) (notprintedwith sheet9 front color 27-0-244) (available lre-rsrc 56-0-302) (sideup sheet9 front 95-0-380)
    add: (location sheet9 lc2_onramp-lre_exit 8-5-173) (none-of-those 27-1-245)
    del: (location sheet9 lre_entry-lc2_offramp 8-6-174) (notprintedwith sheet9 front color 27-0-244)
  (lre-simplex-letter sheet9 front image-6), cost: 211849
    pre: (location sheet9 lre_entry-lc2_offramp 8-6-174) (notprintedwith sheet9 front color 27-0-244) (available lre-rsrc 56-0-302) (sideup sheet9 front 95-0-380)
    add: (location sheet9 lc2_onramp-lre_exit 8-5-173) (none-of-those 27-1-245)
    del: (location sheet9 lre_entry-lc2_offramp 8-6-174) (notprintedwith sheet9 front color 27-0-244)
  (lre-simplex-letter sheet9 front image-8), cost: 211849
    pre: (location sheet9 lre_entry-lc2_offramp 8-6-174) (notprintedwith sheet9 front color 27-0-244) (available lre-rsrc 56-0-302) (sideup sheet9 front 95-0-380)
    add: (location sheet9 lc2_onramp-lre_exit 8-5-173) (none-of-those 27-1-245)
    del: (location sheet9 lre_entry-lc2_offramp 8-6-174) (notprintedwith sheet9 front color 27-0-244)
  (lre-simplex-letter sheet9 front image-8b), cost: 211849
    pre: (location sheet9 lre_entry-lc2_offramp 8-6-174) (notprintedwith sheet9 front color 27-0-244) (available lre-rsrc 56-0-302) (sideup sheet9 front 95-0-380)
    add: (location sheet9 lc2_onramp-lre_exit 8-5-173) (none-of-those 27-1-245)
    del: (location sheet9 lre_entry-lc2_offramp 8-6-174) (notprintedwith sheet9 front color 27-0-244)
  (lre-simplexmono-letter sheet1 back image-10), cost: 211849
    pre: (location sheet1 lre_entry-lc2_offramp 0-6-6) (notprintedwith sheet1 back black 29-0-248) (available lre-rsrc 56-0-302) (sideup sheet1 back 76-0-342)
    add: (location sheet1 lc2_onramp-lre_exit 0-5-5) (none-of-those 29-1-249)
    del: (location sheet1 lre_entry-lc2_offramp 0-6-6) (notprintedwith sheet1 back black 29-0-248)
  (lre-simplexmono-letter sheet1 back image-3), cost: 211849
    pre: (location sheet1 lre_entry-lc2_offramp 0-6-6) (notprintedwith sheet1 back black 29-0-248) (available lre-rsrc 56-0-302) (sideup sheet1 back 76-0-342)
    add: (location sheet1 lc2_onramp-lre_exit 0-5-5) (none-of-those 29-1-249)
    del: (location sheet1 lre_entry-lc2_offramp 0-6-6) (notprintedwith sheet1 back black 29-0-248)
  (lre-simplexmono-letter sheet1 back image-4), cost: 211849
    pre: (location sheet1 lre_entry-lc2_offramp 0-6-6) (notprintedwith sheet1 back black 29-0-248) (available lre-rsrc 56-0-302) (sideup sheet1 back 76-0-342)
    add: (location sheet1 lc2_onramp-lre_exit 0-5-5) (none-of-those 29-1-249)
    del: (location sheet1 lre_entry-lc2_offramp 0-6-6) (notprintedwith sheet1 back black 29-0-248)
  (lre-simplexmono-letter sheet1 back image-5), cost: 211849
    pre: (location sheet1 lre_entry-lc2_offramp 0-6-6) (notprintedwith sheet1 back black 29-0-248) (available lre-rsrc 56-0-302) (sideup sheet1 back 76-0-342)
    add: (location sheet1 lc2_onramp-lre_exit 0-5-5) (none-of-those 29-1-249)
    del: (location sheet1 lre_entry-lc2_offramp 0-6-6) (notprintedwith sheet1 back black 29-0-248)
  (lre-simplexmono-letter sheet1 back image-7), cost: 211849
    pre: (location sheet1 lre_entry-lc2_offramp 0-6-6) (notprintedwith sheet1 back black 29-0-248) (available lre-rsrc 56-0-302) (sideup sheet1 back 76-0-342)
    add: (location sheet1 lc2_onramp-lre_exit 0-5-5) (none-of-those 29-1-249)
    del: (location sheet1 lre_entry-lc2_offramp 0-6-6) (notprintedwith sheet1 back black 29-0-248)
  (lre-simplexmono-letter sheet1 back image-9), cost: 211849
    pre: (location sheet1 lre_entry-lc2_offramp 0-6-6) (notprintedwith sheet1 back black 29-0-248) (available lre-rsrc 56-0-302) (sideup sheet1 back 76-0-342)
    add: (location sheet1 lc2_onramp-lre_exit 0-5-5) (none-of-those 29-1-249)
    del: (location sheet1 lre_entry-lc2_offramp 0-6-6) (notprintedwith sheet1 back black 29-0-248)
  (lre-simplexmono-letter sheet1 front image-10), cost: 211849
    pre: (location sheet1 lre_entry-lc2_offramp 0-6-6) (notprintedwith sheet1 front black 31-0-252) (available lre-rsrc 56-0-302) (sideup sheet1 front 77-0-344)
    add: (location sheet1 lc2_onramp-lre_exit 0-5-5) (none-of-those 31-1-253)
    del: (location sheet1 lre_entry-lc2_offramp 0-6-6) (notprintedwith sheet1 front black 31-0-252)
  (lre-simplexmono-letter sheet1 front image-3), cost: 211849
    pre: (location sheet1 lre_entry-lc2_offramp 0-6-6) (notprintedwith sheet1 front black 31-0-252) (available lre-rsrc 56-0-302) (sideup sheet1 front 77-0-344)
    add: (location sheet1 lc2_onramp-lre_exit 0-5-5) (none-of-those 31-1-253)
    del: (location sheet1 lre_entry-lc2_offramp 0-6-6) (notprintedwith sheet1 front black 31-0-252)
  (lre-simplexmono-letter sheet1 front image-4), cost: 211849
    pre: (location sheet1 lre_entry-lc2_offramp 0-6-6) (notprintedwith sheet1 front black 31-0-252) (available lre-rsrc 56-0-302) (sideup sheet1 front 77-0-344)
    add: (location sheet1 lc2_onramp-lre_exit 0-5-5) (none-of-those 31-1-253)
    del: (location sheet1 lre_entry-lc2_offramp 0-6-6) (notprintedwith sheet1 front black 31-0-252)
  (lre-simplexmono-letter sheet1 front image-5), cost: 211849
    pre: (location sheet1 lre_entry-lc2_offramp 0-6-6) (notprintedwith sheet1 front black 31-0-252) (available lre-rsrc 56-0-302) (sideup sheet1 front 77-0-344)
    add: (location sheet1 lc2_onramp-lre_exit 0-5-5) (none-of-those 31-1-253)
    del: (location sheet1 lre_entry-lc2_offramp 0-6-6) (notprintedwith sheet1 front black 31-0-252)
  (lre-simplexmono-letter sheet1 front image-7), cost: 211849
    pre: (location sheet1 lre_entry-lc2_offramp 0-6-6) (notprintedwith sheet1 front black 31-0-252) (available lre-rsrc 56-0-302) (sideup sheet1 front 77-0-344)
    add: (location sheet1 lc2_onramp-lre_exit 0-5-5) (none-of-those 31-1-253)
    del: (location sheet1 lre_entry-lc2_offramp 0-6-6) (notprintedwith sheet1 front black 31-0-252)
  (lre-simplexmono-letter sheet1 front image-9), cost: 211849
    pre: (location sheet1 lre_entry-lc2_offramp 0-6-6) (notprintedwith sheet1 front black 31-0-252) (available lre-rsrc 56-0-302) (sideup sheet1 front 77-0-344)
    add: (location sheet1 lc2_onramp-lre_exit 0-5-5) (none-of-those 31-1-253)
    del: (location sheet1 lre_entry-lc2_offramp 0-6-6) (notprintedwith sheet1 front black 31-0-252)
  (lre-simplexmono-letter sheet10 back image-10), cost: 211849
    pre: (location sheet10 lre_entry-lc2_offramp 9-6-195) (notprintedwith sheet10 back black 33-0-256) (available lre-rsrc 56-0-302) (sideup sheet10 back 78-0-346)
    add: (location sheet10 lc2_onramp-lre_exit 9-5-194) (none-of-those 33-1-257)
    del: (location sheet10 lre_entry-lc2_offramp 9-6-195) (notprintedwith sheet10 back black 33-0-256)
  (lre-simplexmono-letter sheet10 back image-3), cost: 211849
    pre: (location sheet10 lre_entry-lc2_offramp 9-6-195) (notprintedwith sheet10 back black 33-0-256) (available lre-rsrc 56-0-302) (sideup sheet10 back 78-0-346)
    add: (location sheet10 lc2_onramp-lre_exit 9-5-194) (none-of-those 33-1-257)
    del: (location sheet10 lre_entry-lc2_offramp 9-6-195) (notprintedwith sheet10 back black 33-0-256)
  (lre-simplexmono-letter sheet10 back image-4), cost: 211849
    pre: (location sheet10 lre_entry-lc2_offramp 9-6-195) (notprintedwith sheet10 back black 33-0-256) (available lre-rsrc 56-0-302) (sideup sheet10 back 78-0-346)
    add: (location sheet10 lc2_onramp-lre_exit 9-5-194) (none-of-those 33-1-257)
    del: (location sheet10 lre_entry-lc2_offramp 9-6-195) (notprintedwith sheet10 back black 33-0-256)
  (lre-simplexmono-letter sheet10 back image-5), cost: 211849
    pre: (location sheet10 lre_entry-lc2_offramp 9-6-195) (notprintedwith sheet10 back black 33-0-256) (available lre-rsrc 56-0-302) (sideup sheet10 back 78-0-346)
    add: (location sheet10 lc2_onramp-lre_exit 9-5-194) (none-of-those 33-1-257)
    del: (location sheet10 lre_entry-lc2_offramp 9-6-195) (notprintedwith sheet10 back black 33-0-256)
  (lre-simplexmono-letter sheet10 back image-7), cost: 211849
    pre: (location sheet10 lre_entry-lc2_offramp 9-6-195) (notprintedwith sheet10 back black 33-0-256) (available lre-rsrc 56-0-302) (sideup sheet10 back 78-0-346)
    add: (location sheet10 lc2_onramp-lre_exit 9-5-194) (none-of-those 33-1-257)
    del: (location sheet10 lre_entry-lc2_offramp 9-6-195) (notprintedwith sheet10 back black 33-0-256)
  (lre-simplexmono-letter sheet10 back image-9), cost: 211849
    pre: (location sheet10 lre_entry-lc2_offramp 9-6-195) (notprintedwith sheet10 back black 33-0-256) (available lre-rsrc 56-0-302) (sideup sheet10 back 78-0-346)
    add: (location sheet10 lc2_onramp-lre_exit 9-5-194) (none-of-those 33-1-257)
    del: (location sheet10 lre_entry-lc2_offramp 9-6-195) (notprintedwith sheet10 back black 33-0-256)
  (lre-simplexmono-letter sheet10 front image-10), cost: 211849
    pre: (location sheet10 lre_entry-lc2_offramp 9-6-195) (notprintedwith sheet10 front black 35-0-260) (available lre-rsrc 56-0-302) (sideup sheet10 front 79-0-348)
    add: (location sheet10 lc2_onramp-lre_exit 9-5-194) (none-of-those 35-1-261) (hasimage sheet10 front image-10 66-0-322)
    del: (location sheet10 lre_entry-lc2_offramp 9-6-195) (notprintedwith sheet10 front black 35-0-260) (none-of-those 66-1-323)
  (lre-simplexmono-letter sheet10 front image-3), cost: 211849
    pre: (location sheet10 lre_entry-lc2_offramp 9-6-195) (notprintedwith sheet10 front black 35-0-260) (available lre-rsrc 56-0-302) (sideup sheet10 front 79-0-348)
    add: (location sheet10 lc2_onramp-lre_exit 9-5-194) (none-of-those 35-1-261)
    del: (location sheet10 lre_entry-lc2_offramp 9-6-195) (notprintedwith sheet10 front black 35-0-260)
  (lre-simplexmono-letter sheet10 front image-4), cost: 211849
    pre: (location sheet10 lre_entry-lc2_offramp 9-6-195) (notprintedwith sheet10 front black 35-0-260) (available lre-rsrc 56-0-302) (sideup sheet10 front 79-0-348)
    add: (location sheet10 lc2_onramp-lre_exit 9-5-194) (none-of-those 35-1-261)
    del: (location sheet10 lre_entry-lc2_offramp 9-6-195) (notprintedwith sheet10 front black 35-0-260)
  (lre-simplexmono-letter sheet10 front image-5), cost: 211849
    pre: (location sheet10 lre_entry-lc2_offramp 9-6-195) (notprintedwith sheet10 front black 35-0-260) (available lre-rsrc 56-0-302) (sideup sheet10 front 79-0-348)
    add: (location sheet10 lc2_onramp-lre_exit 9-5-194) (none-of-those 35-1-261)
    del: (location sheet10 lre_entry-lc2_offramp 9-6-195) (notprintedwith sheet10 front black 35-0-260)
  (lre-simplexmono-letter sheet10 front image-7), cost: 211849
    pre: (location sheet10 lre_entry-lc2_offramp 9-6-195) (notprintedwith sheet10 front black 35-0-260) (available lre-rsrc 56-0-302) (sideup sheet10 front 79-0-348)
    add: (location sheet10 lc2_onramp-lre_exit 9-5-194) (none-of-those 35-1-261)
    del: (location sheet10 lre_entry-lc2_offramp 9-6-195) (notprintedwith sheet10 front black 35-0-260)
  (lre-simplexmono-letter sheet10 front image-9), cost: 211849
    pre: (location sheet10 lre_entry-lc2_offramp 9-6-195) (notprintedwith sheet10 front black 35-0-260) (available lre-rsrc 56-0-302) (sideup sheet10 front 79-0-348)
    add: (location sheet10 lc2_onramp-lre_exit 9-5-194) (none-of-those 35-1-261)
    del: (location sheet10 lre_entry-lc2_offramp 9-6-195) (notprintedwith sheet10 front black 35-0-260)
  (lre-simplexmono-letter sheet2 back image-10), cost: 211849
    pre: (location sheet2 lre_entry-lc2_offramp 1-6-27) (notprintedwith sheet2 back black 37-0-264) (available lre-rsrc 56-0-302) (sideup sheet2 back 80-0-350)
    add: (location sheet2 lc2_onramp-lre_exit 1-5-26) (none-of-those 37-1-265)
    del: (location sheet2 lre_entry-lc2_offramp 1-6-27) (notprintedwith sheet2 back black 37-0-264)
  (lre-simplexmono-letter sheet2 back image-3), cost: 211849
    pre: (location sheet2 lre_entry-lc2_offramp 1-6-27) (notprintedwith sheet2 back black 37-0-264) (available lre-rsrc 56-0-302) (sideup sheet2 back 80-0-350)
    add: (location sheet2 lc2_onramp-lre_exit 1-5-26) (none-of-those 37-1-265)
    del: (location sheet2 lre_entry-lc2_offramp 1-6-27) (notprintedwith sheet2 back black 37-0-264)
  (lre-simplexmono-letter sheet2 back image-4), cost: 211849
    pre: (location sheet2 lre_entry-lc2_offramp 1-6-27) (notprintedwith sheet2 back black 37-0-264) (available lre-rsrc 56-0-302) (sideup sheet2 back 80-0-350)
    add: (location sheet2 lc2_onramp-lre_exit 1-5-26) (none-of-those 37-1-265)
    del: (location sheet2 lre_entry-lc2_offramp 1-6-27) (notprintedwith sheet2 back black 37-0-264)
  (lre-simplexmono-letter sheet2 back image-5), cost: 211849
    pre: (location sheet2 lre_entry-lc2_offramp 1-6-27) (notprintedwith sheet2 back black 37-0-264) (available lre-rsrc 56-0-302) (sideup sheet2 back 80-0-350)
    add: (location sheet2 lc2_onramp-lre_exit 1-5-26) (none-of-those 37-1-265)
    del: (location sheet2 lre_entry-lc2_offramp 1-6-27) (notprintedwith sheet2 back black 37-0-264)
  (lre-simplexmono-letter sheet2 back image-7), cost: 211849
    pre: (location sheet2 lre_entry-lc2_offramp 1-6-27) (notprintedwith sheet2 back black 37-0-264) (available lre-rsrc 56-0-302) (sideup sheet2 back 80-0-350)
    add: (location sheet2 lc2_onramp-lre_exit 1-5-26) (none-of-those 37-1-265)
    del: (location sheet2 lre_entry-lc2_offramp 1-6-27) (notprintedwith sheet2 back black 37-0-264)
  (lre-simplexmono-letter sheet2 back image-9), cost: 211849
    pre: (location sheet2 lre_entry-lc2_offramp 1-6-27) (notprintedwith sheet2 back black 37-0-264) (available lre-rsrc 56-0-302) (sideup sheet2 back 80-0-350)
    add: (location sheet2 lc2_onramp-lre_exit 1-5-26) (none-of-those 37-1-265)
    del: (location sheet2 lre_entry-lc2_offramp 1-6-27) (notprintedwith sheet2 back black 37-0-264)
  (lre-simplexmono-letter sheet2 front image-10), cost: 211849
    pre: (location sheet2 lre_entry-lc2_offramp 1-6-27) (notprintedwith sheet2 front black 39-0-268) (available lre-rsrc 56-0-302) (sideup sheet2 front 81-0-352)
    add: (location sheet2 lc2_onramp-lre_exit 1-5-26) (none-of-those 39-1-269)
    del: (location sheet2 lre_entry-lc2_offramp 1-6-27) (notprintedwith sheet2 front black 39-0-268)
  (lre-simplexmono-letter sheet2 front image-3), cost: 211849
    pre: (location sheet2 lre_entry-lc2_offramp 1-6-27) (notprintedwith sheet2 front black 39-0-268) (available lre-rsrc 56-0-302) (sideup sheet2 front 81-0-352)
    add: (location sheet2 lc2_onramp-lre_exit 1-5-26) (none-of-those 39-1-269)
    del: (location sheet2 lre_entry-lc2_offramp 1-6-27) (notprintedwith sheet2 front black 39-0-268)
  (lre-simplexmono-letter sheet2 front image-4), cost: 211849
    pre: (location sheet2 lre_entry-lc2_offramp 1-6-27) (notprintedwith sheet2 front black 39-0-268) (available lre-rsrc 56-0-302) (sideup sheet2 front 81-0-352)
    add: (location sheet2 lc2_onramp-lre_exit 1-5-26) (none-of-those 39-1-269)
    del: (location sheet2 lre_entry-lc2_offramp 1-6-27) (notprintedwith sheet2 front black 39-0-268)
  (lre-simplexmono-letter sheet2 front image-5), cost: 211849
    pre: (location sheet2 lre_entry-lc2_offramp 1-6-27) (notprintedwith sheet2 front black 39-0-268) (available lre-rsrc 56-0-302) (sideup sheet2 front 81-0-352)
    add: (location sheet2 lc2_onramp-lre_exit 1-5-26) (none-of-those 39-1-269)
    del: (location sheet2 lre_entry-lc2_offramp 1-6-27) (notprintedwith sheet2 front black 39-0-268)
  (lre-simplexmono-letter sheet2 front image-7), cost: 211849
    pre: (location sheet2 lre_entry-lc2_offramp 1-6-27) (notprintedwith sheet2 front black 39-0-268) (available lre-rsrc 56-0-302) (sideup sheet2 front 81-0-352)
    add: (location sheet2 lc2_onramp-lre_exit 1-5-26) (none-of-those 39-1-269)
    del: (location sheet2 lre_entry-lc2_offramp 1-6-27) (notprintedwith sheet2 front black 39-0-268)
  (lre-simplexmono-letter sheet2 front image-9), cost: 211849
    pre: (location sheet2 lre_entry-lc2_offramp 1-6-27) (notprintedwith sheet2 front black 39-0-268) (available lre-rsrc 56-0-302) (sideup sheet2 front 81-0-352)
    add: (location sheet2 lc2_onramp-lre_exit 1-5-26) (none-of-those 39-1-269)
    del: (location sheet2 lre_entry-lc2_offramp 1-6-27) (notprintedwith sheet2 front black 39-0-268)
  (lre-simplexmono-letter sheet3 back image-10), cost: 211849
    pre: (location sheet3 lre_entry-lc2_offramp 2-6-48) (notprintedwith sheet3 back black 41-0-272) (available lre-rsrc 56-0-302) (sideup sheet3 back 82-0-354)
    add: (location sheet3 lc2_onramp-lre_exit 2-5-47) (none-of-those 41-1-273)
    del: (location sheet3 lre_entry-lc2_offramp 2-6-48) (notprintedwith sheet3 back black 41-0-272)
  (lre-simplexmono-letter sheet3 back image-3), cost: 211849
    pre: (location sheet3 lre_entry-lc2_offramp 2-6-48) (notprintedwith sheet3 back black 41-0-272) (available lre-rsrc 56-0-302) (sideup sheet3 back 82-0-354)
    add: (location sheet3 lc2_onramp-lre_exit 2-5-47) (none-of-those 41-1-273)
    del: (location sheet3 lre_entry-lc2_offramp 2-6-48) (notprintedwith sheet3 back black 41-0-272)
  (lre-simplexmono-letter sheet3 back image-4), cost: 211849
    pre: (location sheet3 lre_entry-lc2_offramp 2-6-48) (notprintedwith sheet3 back black 41-0-272) (available lre-rsrc 56-0-302) (sideup sheet3 back 82-0-354)
    add: (location sheet3 lc2_onramp-lre_exit 2-5-47) (none-of-those 41-1-273)
    del: (location sheet3 lre_entry-lc2_offramp 2-6-48) (notprintedwith sheet3 back black 41-0-272)
  (lre-simplexmono-letter sheet3 back image-5), cost: 211849
    pre: (location sheet3 lre_entry-lc2_offramp 2-6-48) (notprintedwith sheet3 back black 41-0-272) (available lre-rsrc 56-0-302) (sideup sheet3 back 82-0-354)
    add: (location sheet3 lc2_onramp-lre_exit 2-5-47) (none-of-those 41-1-273)
    del: (location sheet3 lre_entry-lc2_offramp 2-6-48) (notprintedwith sheet3 back black 41-0-272)
  (lre-simplexmono-letter sheet3 back image-7), cost: 211849
    pre: (location sheet3 lre_entry-lc2_offramp 2-6-48) (notprintedwith sheet3 back black 41-0-272) (available lre-rsrc 56-0-302) (sideup sheet3 back 82-0-354)
    add: (location sheet3 lc2_onramp-lre_exit 2-5-47) (none-of-those 41-1-273)
    del: (location sheet3 lre_entry-lc2_offramp 2-6-48) (notprintedwith sheet3 back black 41-0-272)
  (lre-simplexmono-letter sheet3 back image-9), cost: 211849
    pre: (location sheet3 lre_entry-lc2_offramp 2-6-48) (notprintedwith sheet3 back black 41-0-272) (available lre-rsrc 56-0-302) (sideup sheet3 back 82-0-354)
    add: (location sheet3 lc2_onramp-lre_exit 2-5-47) (none-of-those 41-1-273)
    del: (location sheet3 lre_entry-lc2_offramp 2-6-48) (notprintedwith sheet3 back black 41-0-272)
  (lre-simplexmono-letter sheet3 front image-10), cost: 211849
    pre: (location sheet3 lre_entry-lc2_offramp 2-6-48) (notprintedwith sheet3 front black 43-0-276) (available lre-rsrc 56-0-302) (sideup sheet3 front 83-0-356)
    add: (location sheet3 lc2_onramp-lre_exit 2-5-47) (none-of-those 43-1-277)
    del: (location sheet3 lre_entry-lc2_offramp 2-6-48) (notprintedwith sheet3 front black 43-0-276)
  (lre-simplexmono-letter sheet3 front image-3), cost: 211849
    pre: (location sheet3 lre_entry-lc2_offramp 2-6-48) (notprintedwith sheet3 front black 43-0-276) (available lre-rsrc 56-0-302) (sideup sheet3 front 83-0-356)
    add: (location sheet3 lc2_onramp-lre_exit 2-5-47) (none-of-those 43-1-277) (hasimage sheet3 front image-3 68-0-326)
    del: (location sheet3 lre_entry-lc2_offramp 2-6-48) (notprintedwith sheet3 front black 43-0-276) (none-of-those 68-1-327)
  (lre-simplexmono-letter sheet3 front image-4), cost: 211849
    pre: (location sheet3 lre_entry-lc2_offramp 2-6-48) (notprintedwith sheet3 front black 43-0-276) (available lre-rsrc 56-0-302) (sideup sheet3 front 83-0-356)
    add: (location sheet3 lc2_onramp-lre_exit 2-5-47) (none-of-those 43-1-277)
    del: (location sheet3 lre_entry-lc2_offramp 2-6-48) (notprintedwith sheet3 front black 43-0-276)
  (lre-simplexmono-letter sheet3 front image-5), cost: 211849
    pre: (location sheet3 lre_entry-lc2_offramp 2-6-48) (notprintedwith sheet3 front black 43-0-276) (available lre-rsrc 56-0-302) (sideup sheet3 front 83-0-356)
    add: (location sheet3 lc2_onramp-lre_exit 2-5-47) (none-of-those 43-1-277)
    del: (location sheet3 lre_entry-lc2_offramp 2-6-48) (notprintedwith sheet3 front black 43-0-276)
  (lre-simplexmono-letter sheet3 front image-7), cost: 211849
    pre: (location sheet3 lre_entry-lc2_offramp 2-6-48) (notprintedwith sheet3 front black 43-0-276) (available lre-rsrc 56-0-302) (sideup sheet3 front 83-0-356)
    add: (location sheet3 lc2_onramp-lre_exit 2-5-47) (none-of-those 43-1-277)
    del: (location sheet3 lre_entry-lc2_offramp 2-6-48) (notprintedwith sheet3 front black 43-0-276)
  (lre-simplexmono-letter sheet3 front image-9), cost: 211849
    pre: (location sheet3 lre_entry-lc2_offramp 2-6-48) (notprintedwith sheet3 front black 43-0-276) (available lre-rsrc 56-0-302) (sideup sheet3 front 83-0-356)
    add: (location sheet3 lc2_onramp-lre_exit 2-5-47) (none-of-those 43-1-277)
    del: (location sheet3 lre_entry-lc2_offramp 2-6-48) (notprintedwith sheet3 front black 43-0-276)
  (lre-simplexmono-letter sheet4 back image-10), cost: 211849
    pre: (location sheet4 lre_entry-lc2_offramp 3-6-69) (notprintedwith sheet4 back black 45-0-280) (available lre-rsrc 56-0-302) (sideup sheet4 back 84-0-358)
    add: (location sheet4 lc2_onramp-lre_exit 3-5-68) (none-of-those 45-1-281)
    del: (location sheet4 lre_entry-lc2_offramp 3-6-69) (notprintedwith sheet4 back black 45-0-280)
  (lre-simplexmono-letter sheet4 back image-3), cost: 211849
    pre: (location sheet4 lre_entry-lc2_offramp 3-6-69) (notprintedwith sheet4 back black 45-0-280) (available lre-rsrc 56-0-302) (sideup sheet4 back 84-0-358)
    add: (location sheet4 lc2_onramp-lre_exit 3-5-68) (none-of-those 45-1-281)
    del: (location sheet4 lre_entry-lc2_offramp 3-6-69) (notprintedwith sheet4 back black 45-0-280)
  (lre-simplexmono-letter sheet4 back image-4), cost: 211849
    pre: (location sheet4 lre_entry-lc2_offramp 3-6-69) (notprintedwith sheet4 back black 45-0-280) (available lre-rsrc 56-0-302) (sideup sheet4 back 84-0-358)
    add: (location sheet4 lc2_onramp-lre_exit 3-5-68) (none-of-those 45-1-281)
    del: (location sheet4 lre_entry-lc2_offramp 3-6-69) (notprintedwith sheet4 back black 45-0-280)
  (lre-simplexmono-letter sheet4 back image-5), cost: 211849
    pre: (location sheet4 lre_entry-lc2_offramp 3-6-69) (notprintedwith sheet4 back black 45-0-280) (available lre-rsrc 56-0-302) (sideup sheet4 back 84-0-358)
    add: (location sheet4 lc2_onramp-lre_exit 3-5-68) (none-of-those 45-1-281)
    del: (location sheet4 lre_entry-lc2_offramp 3-6-69) (notprintedwith sheet4 back black 45-0-280)
  (lre-simplexmono-letter sheet4 back image-7), cost: 211849
    pre: (location sheet4 lre_entry-lc2_offramp 3-6-69) (notprintedwith sheet4 back black 45-0-280) (available lre-rsrc 56-0-302) (sideup sheet4 back 84-0-358)
    add: (location sheet4 lc2_onramp-lre_exit 3-5-68) (none-of-those 45-1-281)
    del: (location sheet4 lre_entry-lc2_offramp 3-6-69) (notprintedwith sheet4 back black 45-0-280)
  (lre-simplexmono-letter sheet4 back image-9), cost: 211849
    pre: (location sheet4 lre_entry-lc2_offramp 3-6-69) (notprintedwith sheet4 back black 45-0-280) (available lre-rsrc 56-0-302) (sideup sheet4 back 84-0-358)
    add: (location sheet4 lc2_onramp-lre_exit 3-5-68) (none-of-those 45-1-281)
    del: (location sheet4 lre_entry-lc2_offramp 3-6-69) (notprintedwith sheet4 back black 45-0-280)
  (lre-simplexmono-letter sheet4 front image-10), cost: 211849
    pre: (location sheet4 lre_entry-lc2_offramp 3-6-69) (notprintedwith sheet4 front black 47-0-284) (available lre-rsrc 56-0-302) (sideup sheet4 front 85-0-360)
    add: (location sheet4 lc2_onramp-lre_exit 3-5-68) (none-of-those 47-1-285)
    del: (location sheet4 lre_entry-lc2_offramp 3-6-69) (notprintedwith sheet4 front black 47-0-284)
  (lre-simplexmono-letter sheet4 front image-3), cost: 211849
    pre: (location sheet4 lre_entry-lc2_offramp 3-6-69) (notprintedwith sheet4 front black 47-0-284) (available lre-rsrc 56-0-302) (sideup sheet4 front 85-0-360)
    add: (location sheet4 lc2_onramp-lre_exit 3-5-68) (none-of-those 47-1-285)
    del: (location sheet4 lre_entry-lc2_offramp 3-6-69) (notprintedwith sheet4 front black 47-0-284)
  (lre-simplexmono-letter sheet4 front image-4), cost: 211849
    pre: (location sheet4 lre_entry-lc2_offramp 3-6-69) (notprintedwith sheet4 front black 47-0-284) (available lre-rsrc 56-0-302) (sideup sheet4 front 85-0-360)
    add: (location sheet4 lc2_onramp-lre_exit 3-5-68) (none-of-those 47-1-285) (hasimage sheet4 front image-4 69-0-328)
    del: (location sheet4 lre_entry-lc2_offramp 3-6-69) (notprintedwith sheet4 front black 47-0-284) (none-of-those 69-1-329)
  (lre-simplexmono-letter sheet4 front image-5), cost: 211849
    pre: (location sheet4 lre_entry-lc2_offramp 3-6-69) (notprintedwith sheet4 front black 47-0-284) (available lre-rsrc 56-0-302) (sideup sheet4 front 85-0-360)
    add: (location sheet4 lc2_onramp-lre_exit 3-5-68) (none-of-those 47-1-285)
    del: (location sheet4 lre_entry-lc2_offramp 3-6-69) (notprintedwith sheet4 front black 47-0-284)
  (lre-simplexmono-letter sheet4 front image-7), cost: 211849
    pre: (location sheet4 lre_entry-lc2_offramp 3-6-69) (notprintedwith sheet4 front black 47-0-284) (available lre-rsrc 56-0-302) (sideup sheet4 front 85-0-360)
    add: (location sheet4 lc2_onramp-lre_exit 3-5-68) (none-of-those 47-1-285)
    del: (location sheet4 lre_entry-lc2_offramp 3-6-69) (notprintedwith sheet4 front black 47-0-284)
  (lre-simplexmono-letter sheet4 front image-9), cost: 211849
    pre: (location sheet4 lre_entry-lc2_offramp 3-6-69) (notprintedwith sheet4 front black 47-0-284) (available lre-rsrc 56-0-302) (sideup sheet4 front 85-0-360)
    add: (location sheet4 lc2_onramp-lre_exit 3-5-68) (none-of-those 47-1-285)
    del: (location sheet4 lre_entry-lc2_offramp 3-6-69) (notprintedwith sheet4 front black 47-0-284)
  (lre-simplexmono-letter sheet5 back image-10), cost: 211849
    pre: (location sheet5 lre_entry-lc2_offramp 4-6-90) (notprintedwith sheet5 back black 49-0-288) (available lre-rsrc 56-0-302) (sideup sheet5 back 86-0-362)
    add: (location sheet5 lc2_onramp-lre_exit 4-5-89) (none-of-those 49-1-289)
    del: (location sheet5 lre_entry-lc2_offramp 4-6-90) (notprintedwith sheet5 back black 49-0-288)
  (lre-simplexmono-letter sheet5 back image-3), cost: 211849
    pre: (location sheet5 lre_entry-lc2_offramp 4-6-90) (notprintedwith sheet5 back black 49-0-288) (available lre-rsrc 56-0-302) (sideup sheet5 back 86-0-362)
    add: (location sheet5 lc2_onramp-lre_exit 4-5-89) (none-of-those 49-1-289)
    del: (location sheet5 lre_entry-lc2_offramp 4-6-90) (notprintedwith sheet5 back black 49-0-288)
  (lre-simplexmono-letter sheet5 back image-4), cost: 211849
    pre: (location sheet5 lre_entry-lc2_offramp 4-6-90) (notprintedwith sheet5 back black 49-0-288) (available lre-rsrc 56-0-302) (sideup sheet5 back 86-0-362)
    add: (location sheet5 lc2_onramp-lre_exit 4-5-89) (none-of-those 49-1-289)
    del: (location sheet5 lre_entry-lc2_offramp 4-6-90) (notprintedwith sheet5 back black 49-0-288)
  (lre-simplexmono-letter sheet5 back image-5), cost: 211849
    pre: (location sheet5 lre_entry-lc2_offramp 4-6-90) (notprintedwith sheet5 back black 49-0-288) (available lre-rsrc 56-0-302) (sideup sheet5 back 86-0-362)
    add: (location sheet5 lc2_onramp-lre_exit 4-5-89) (none-of-those 49-1-289)
    del: (location sheet5 lre_entry-lc2_offramp 4-6-90) (notprintedwith sheet5 back black 49-0-288)
  (lre-simplexmono-letter sheet5 back image-7), cost: 211849
    pre: (location sheet5 lre_entry-lc2_offramp 4-6-90) (notprintedwith sheet5 back black 49-0-288) (available lre-rsrc 56-0-302) (sideup sheet5 back 86-0-362)
    add: (location sheet5 lc2_onramp-lre_exit 4-5-89) (none-of-those 49-1-289)
    del: (location sheet5 lre_entry-lc2_offramp 4-6-90) (notprintedwith sheet5 back black 49-0-288)
  (lre-simplexmono-letter sheet5 back image-9), cost: 211849
    pre: (location sheet5 lre_entry-lc2_offramp 4-6-90) (notprintedwith sheet5 back black 49-0-288) (available lre-rsrc 56-0-302) (sideup sheet5 back 86-0-362)
    add: (location sheet5 lc2_onramp-lre_exit 4-5-89) (none-of-those 49-1-289)
    del: (location sheet5 lre_entry-lc2_offramp 4-6-90) (notprintedwith sheet5 back black 49-0-288)
  (lre-simplexmono-letter sheet5 front image-10), cost: 211849
    pre: (location sheet5 lre_entry-lc2_offramp 4-6-90) (notprintedwith sheet5 front black 10-0-210) (available lre-rsrc 56-0-302) (sideup sheet5 front 87-0-364)
    add: (location sheet5 lc2_onramp-lre_exit 4-5-89) (none-of-those 10-1-211)
    del: (location sheet5 lre_entry-lc2_offramp 4-6-90) (notprintedwith sheet5 front black 10-0-210)
  (lre-simplexmono-letter sheet5 front image-3), cost: 211849
    pre: (location sheet5 lre_entry-lc2_offramp 4-6-90) (notprintedwith sheet5 front black 10-0-210) (available lre-rsrc 56-0-302) (sideup sheet5 front 87-0-364)
    add: (location sheet5 lc2_onramp-lre_exit 4-5-89) (none-of-those 10-1-211)
    del: (location sheet5 lre_entry-lc2_offramp 4-6-90) (notprintedwith sheet5 front black 10-0-210)
  (lre-simplexmono-letter sheet5 front image-4), cost: 211849
    pre: (location sheet5 lre_entry-lc2_offramp 4-6-90) (notprintedwith sheet5 front black 10-0-210) (available lre-rsrc 56-0-302) (sideup sheet5 front 87-0-364)
    add: (location sheet5 lc2_onramp-lre_exit 4-5-89) (none-of-those 10-1-211)
    del: (location sheet5 lre_entry-lc2_offramp 4-6-90) (notprintedwith sheet5 front black 10-0-210)
  (lre-simplexmono-letter sheet5 front image-5), cost: 211849
    pre: (location sheet5 lre_entry-lc2_offramp 4-6-90) (notprintedwith sheet5 front black 10-0-210) (available lre-rsrc 56-0-302) (sideup sheet5 front 87-0-364)
    add: (location sheet5 lc2_onramp-lre_exit 4-5-89) (none-of-those 10-1-211) (hasimage sheet5 front image-5 70-0-330)
    del: (location sheet5 lre_entry-lc2_offramp 4-6-90) (notprintedwith sheet5 front black 10-0-210) (none-of-those 70-1-331)
  (lre-simplexmono-letter sheet5 front image-7), cost: 211849
    pre: (location sheet5 lre_entry-lc2_offramp 4-6-90) (notprintedwith sheet5 front black 10-0-210) (available lre-rsrc 56-0-302) (sideup sheet5 front 87-0-364)
    add: (location sheet5 lc2_onramp-lre_exit 4-5-89) (none-of-those 10-1-211)
    del: (location sheet5 lre_entry-lc2_offramp 4-6-90) (notprintedwith sheet5 front black 10-0-210)
  (lre-simplexmono-letter sheet5 front image-9), cost: 211849
    pre: (location sheet5 lre_entry-lc2_offramp 4-6-90) (notprintedwith sheet5 front black 10-0-210) (available lre-rsrc 56-0-302) (sideup sheet5 front 87-0-364)
    add: (location sheet5 lc2_onramp-lre_exit 4-5-89) (none-of-those 10-1-211)
    del: (location sheet5 lre_entry-lc2_offramp 4-6-90) (notprintedwith sheet5 front black 10-0-210)
  (lre-simplexmono-letter sheet6 back image-10), cost: 211849
    pre: (location sheet6 lre_entry-lc2_offramp 5-6-111) (notprintedwith sheet6 back black 12-0-214) (available lre-rsrc 56-0-302) (sideup sheet6 back 88-0-366)
    add: (location sheet6 lc2_onramp-lre_exit 5-5-110) (none-of-those 12-1-215)
    del: (location sheet6 lre_entry-lc2_offramp 5-6-111) (notprintedwith sheet6 back black 12-0-214)
  (lre-simplexmono-letter sheet6 back image-3), cost: 211849
    pre: (location sheet6 lre_entry-lc2_offramp 5-6-111) (notprintedwith sheet6 back black 12-0-214) (available lre-rsrc 56-0-302) (sideup sheet6 back 88-0-366)
    add: (location sheet6 lc2_onramp-lre_exit 5-5-110) (none-of-those 12-1-215)
    del: (location sheet6 lre_entry-lc2_offramp 5-6-111) (notprintedwith sheet6 back black 12-0-214)
  (lre-simplexmono-letter sheet6 back image-4), cost: 211849
    pre: (location sheet6 lre_entry-lc2_offramp 5-6-111) (notprintedwith sheet6 back black 12-0-214) (available lre-rsrc 56-0-302) (sideup sheet6 back 88-0-366)
    add: (location sheet6 lc2_onramp-lre_exit 5-5-110) (none-of-those 12-1-215)
    del: (location sheet6 lre_entry-lc2_offramp 5-6-111) (notprintedwith sheet6 back black 12-0-214)
  (lre-simplexmono-letter sheet6 back image-5), cost: 211849
    pre: (location sheet6 lre_entry-lc2_offramp 5-6-111) (notprintedwith sheet6 back black 12-0-214) (available lre-rsrc 56-0-302) (sideup sheet6 back 88-0-366)
    add: (location sheet6 lc2_onramp-lre_exit 5-5-110) (none-of-those 12-1-215)
    del: (location sheet6 lre_entry-lc2_offramp 5-6-111) (notprintedwith sheet6 back black 12-0-214)
  (lre-simplexmono-letter sheet6 back image-7), cost: 211849
    pre: (location sheet6 lre_entry-lc2_offramp 5-6-111) (notprintedwith sheet6 back black 12-0-214) (available lre-rsrc 56-0-302) (sideup sheet6 back 88-0-366)
    add: (location sheet6 lc2_onramp-lre_exit 5-5-110) (none-of-those 12-1-215)
    del: (location sheet6 lre_entry-lc2_offramp 5-6-111) (notprintedwith sheet6 back black 12-0-214)
  (lre-simplexmono-letter sheet6 back image-9), cost: 211849
    pre: (location sheet6 lre_entry-lc2_offramp 5-6-111) (notprintedwith sheet6 back black 12-0-214) (available lre-rsrc 56-0-302) (sideup sheet6 back 88-0-366)
    add: (location sheet6 lc2_onramp-lre_exit 5-5-110) (none-of-those 12-1-215)
    del: (location sheet6 lre_entry-lc2_offramp 5-6-111) (notprintedwith sheet6 back black 12-0-214)
  (lre-simplexmono-letter sheet6 front image-10), cost: 211849
    pre: (location sheet6 lre_entry-lc2_offramp 5-6-111) (notprintedwith sheet6 front black 14-0-218) (available lre-rsrc 56-0-302) (sideup sheet6 front 89-0-368)
    add: (location sheet6 lc2_onramp-lre_exit 5-5-110) (none-of-those 14-1-219)
    del: (location sheet6 lre_entry-lc2_offramp 5-6-111) (notprintedwith sheet6 front black 14-0-218)
  (lre-simplexmono-letter sheet6 front image-3), cost: 211849
    pre: (location sheet6 lre_entry-lc2_offramp 5-6-111) (notprintedwith sheet6 front black 14-0-218) (available lre-rsrc 56-0-302) (sideup sheet6 front 89-0-368)
    add: (location sheet6 lc2_onramp-lre_exit 5-5-110) (none-of-those 14-1-219)
    del: (location sheet6 lre_entry-lc2_offramp 5-6-111) (notprintedwith sheet6 front black 14-0-218)
  (lre-simplexmono-letter sheet6 front image-4), cost: 211849
    pre: (location sheet6 lre_entry-lc2_offramp 5-6-111) (notprintedwith sheet6 front black 14-0-218) (available lre-rsrc 56-0-302) (sideup sheet6 front 89-0-368)
    add: (location sheet6 lc2_onramp-lre_exit 5-5-110) (none-of-those 14-1-219)
    del: (location sheet6 lre_entry-lc2_offramp 5-6-111) (notprintedwith sheet6 front black 14-0-218)
  (lre-simplexmono-letter sheet6 front image-5), cost: 211849
    pre: (location sheet6 lre_entry-lc2_offramp 5-6-111) (notprintedwith sheet6 front black 14-0-218) (available lre-rsrc 56-0-302) (sideup sheet6 front 89-0-368)
    add: (location sheet6 lc2_onramp-lre_exit 5-5-110) (none-of-those 14-1-219)
    del: (location sheet6 lre_entry-lc2_offramp 5-6-111) (notprintedwith sheet6 front black 14-0-218)
  (lre-simplexmono-letter sheet6 front image-7), cost: 211849
    pre: (location sheet6 lre_entry-lc2_offramp 5-6-111) (notprintedwith sheet6 front black 14-0-218) (available lre-rsrc 56-0-302) (sideup sheet6 front 89-0-368)
    add: (location sheet6 lc2_onramp-lre_exit 5-5-110) (none-of-those 14-1-219)
    del: (location sheet6 lre_entry-lc2_offramp 5-6-111) (notprintedwith sheet6 front black 14-0-218)
  (lre-simplexmono-letter sheet6 front image-9), cost: 211849
    pre: (location sheet6 lre_entry-lc2_offramp 5-6-111) (notprintedwith sheet6 front black 14-0-218) (available lre-rsrc 56-0-302) (sideup sheet6 front 89-0-368)
    add: (location sheet6 lc2_onramp-lre_exit 5-5-110) (none-of-those 14-1-219)
    del: (location sheet6 lre_entry-lc2_offramp 5-6-111) (notprintedwith sheet6 front black 14-0-218)
  (lre-simplexmono-letter sheet7 back image-10), cost: 211849
    pre: (location sheet7 lre_entry-lc2_offramp 6-6-132) (notprintedwith sheet7 back black 16-0-222) (available lre-rsrc 56-0-302) (sideup sheet7 back 90-0-370)
    add: (location sheet7 lc2_onramp-lre_exit 6-5-131) (none-of-those 16-1-223)
    del: (location sheet7 lre_entry-lc2_offramp 6-6-132) (notprintedwith sheet7 back black 16-0-222)
  (lre-simplexmono-letter sheet7 back image-3), cost: 211849
    pre: (location sheet7 lre_entry-lc2_offramp 6-6-132) (notprintedwith sheet7 back black 16-0-222) (available lre-rsrc 56-0-302) (sideup sheet7 back 90-0-370)
    add: (location sheet7 lc2_onramp-lre_exit 6-5-131) (none-of-those 16-1-223)
    del: (location sheet7 lre_entry-lc2_offramp 6-6-132) (notprintedwith sheet7 back black 16-0-222)
  (lre-simplexmono-letter sheet7 back image-4), cost: 211849
    pre: (location sheet7 lre_entry-lc2_offramp 6-6-132) (notprintedwith sheet7 back black 16-0-222) (available lre-rsrc 56-0-302) (sideup sheet7 back 90-0-370)
    add: (location sheet7 lc2_onramp-lre_exit 6-5-131) (none-of-those 16-1-223)
    del: (location sheet7 lre_entry-lc2_offramp 6-6-132) (notprintedwith sheet7 back black 16-0-222)
  (lre-simplexmono-letter sheet7 back image-5), cost: 211849
    pre: (location sheet7 lre_entry-lc2_offramp 6-6-132) (notprintedwith sheet7 back black 16-0-222) (available lre-rsrc 56-0-302) (sideup sheet7 back 90-0-370)
    add: (location sheet7 lc2_onramp-lre_exit 6-5-131) (none-of-those 16-1-223)
    del: (location sheet7 lre_entry-lc2_offramp 6-6-132) (notprintedwith sheet7 back black 16-0-222)
  (lre-simplexmono-letter sheet7 back image-7), cost: 211849
    pre: (location sheet7 lre_entry-lc2_offramp 6-6-132) (notprintedwith sheet7 back black 16-0-222) (available lre-rsrc 56-0-302) (sideup sheet7 back 90-0-370)
    add: (location sheet7 lc2_onramp-lre_exit 6-5-131) (none-of-those 16-1-223)
    del: (location sheet7 lre_entry-lc2_offramp 6-6-132) (notprintedwith sheet7 back black 16-0-222)
  (lre-simplexmono-letter sheet7 back image-9), cost: 211849
    pre: (location sheet7 lre_entry-lc2_offramp 6-6-132) (notprintedwith sheet7 back black 16-0-222) (available lre-rsrc 56-0-302) (sideup sheet7 back 90-0-370)
    add: (location sheet7 lc2_onramp-lre_exit 6-5-131) (none-of-those 16-1-223)
    del: (location sheet7 lre_entry-lc2_offramp 6-6-132) (notprintedwith sheet7 back black 16-0-222)
  (lre-simplexmono-letter sheet7 front image-10), cost: 211849
    pre: (location sheet7 lre_entry-lc2_offramp 6-6-132) (notprintedwith sheet7 front black 18-0-226) (available lre-rsrc 56-0-302) (sideup sheet7 front 91-0-372)
    add: (location sheet7 lc2_onramp-lre_exit 6-5-131) (none-of-those 18-1-227)
    del: (location sheet7 lre_entry-lc2_offramp 6-6-132) (notprintedwith sheet7 front black 18-0-226)
  (lre-simplexmono-letter sheet7 front image-3), cost: 211849
    pre: (location sheet7 lre_entry-lc2_offramp 6-6-132) (notprintedwith sheet7 front black 18-0-226) (available lre-rsrc 56-0-302) (sideup sheet7 front 91-0-372)
    add: (location sheet7 lc2_onramp-lre_exit 6-5-131) (none-of-those 18-1-227)
    del: (location sheet7 lre_entry-lc2_offramp 6-6-132) (notprintedwith sheet7 front black 18-0-226)
  (lre-simplexmono-letter sheet7 front image-4), cost: 211849
    pre: (location sheet7 lre_entry-lc2_offramp 6-6-132) (notprintedwith sheet7 front black 18-0-226) (available lre-rsrc 56-0-302) (sideup sheet7 front 91-0-372)
    add: (location sheet7 lc2_onramp-lre_exit 6-5-131) (none-of-those 18-1-227)
    del: (location sheet7 lre_entry-lc2_offramp 6-6-132) (notprintedwith sheet7 front black 18-0-226)
  (lre-simplexmono-letter sheet7 front image-5), cost: 211849
    pre: (location sheet7 lre_entry-lc2_offramp 6-6-132) (notprintedwith sheet7 front black 18-0-226) (available lre-rsrc 56-0-302) (sideup sheet7 front 91-0-372)
    add: (location sheet7 lc2_onramp-lre_exit 6-5-131) (none-of-those 18-1-227)
    del: (location sheet7 lre_entry-lc2_offramp 6-6-132) (notprintedwith sheet7 front black 18-0-226)
  (lre-simplexmono-letter sheet7 front image-7), cost: 211849
    pre: (location sheet7 lre_entry-lc2_offramp 6-6-132) (notprintedwith sheet7 front black 18-0-226) (available lre-rsrc 56-0-302) (sideup sheet7 front 91-0-372)
    add: (location sheet7 lc2_onramp-lre_exit 6-5-131) (none-of-those 18-1-227) (hasimage sheet7 front image-7 72-0-334)
    del: (location sheet7 lre_entry-lc2_offramp 6-6-132) (notprintedwith sheet7 front black 18-0-226) (none-of-those 72-1-335)
  (lre-simplexmono-letter sheet7 front image-9), cost: 211849
    pre: (location sheet7 lre_entry-lc2_offramp 6-6-132) (notprintedwith sheet7 front black 18-0-226) (available lre-rsrc 56-0-302) (sideup sheet7 front 91-0-372)
    add: (location sheet7 lc2_onramp-lre_exit 6-5-131) (none-of-those 18-1-227)
    del: (location sheet7 lre_entry-lc2_offramp 6-6-132) (notprintedwith sheet7 front black 18-0-226)
  (lre-simplexmono-letter sheet8 back image-10), cost: 211849
    pre: (location sheet8 lre_entry-lc2_offramp 7-6-153) (notprintedwith sheet8 back black 20-0-230) (available lre-rsrc 56-0-302) (sideup sheet8 back 92-0-374)
    add: (location sheet8 lc2_onramp-lre_exit 7-5-152) (none-of-those 20-1-231)
    del: (location sheet8 lre_entry-lc2_offramp 7-6-153) (notprintedwith sheet8 back black 20-0-230)
  (lre-simplexmono-letter sheet8 back image-3), cost: 211849
    pre: (location sheet8 lre_entry-lc2_offramp 7-6-153) (notprintedwith sheet8 back black 20-0-230) (available lre-rsrc 56-0-302) (sideup sheet8 back 92-0-374)
    add: (location sheet8 lc2_onramp-lre_exit 7-5-152) (none-of-those 20-1-231)
    del: (location sheet8 lre_entry-lc2_offramp 7-6-153) (notprintedwith sheet8 back black 20-0-230)
  (lre-simplexmono-letter sheet8 back image-4), cost: 211849
    pre: (location sheet8 lre_entry-lc2_offramp 7-6-153) (notprintedwith sheet8 back black 20-0-230) (available lre-rsrc 56-0-302) (sideup sheet8 back 92-0-374)
    add: (location sheet8 lc2_onramp-lre_exit 7-5-152) (none-of-those 20-1-231)
    del: (location sheet8 lre_entry-lc2_offramp 7-6-153) (notprintedwith sheet8 back black 20-0-230)
  (lre-simplexmono-letter sheet8 back image-5), cost: 211849
    pre: (location sheet8 lre_entry-lc2_offramp 7-6-153) (notprintedwith sheet8 back black 20-0-230) (available lre-rsrc 56-0-302) (sideup sheet8 back 92-0-374)
    add: (location sheet8 lc2_onramp-lre_exit 7-5-152) (none-of-those 20-1-231)
    del: (location sheet8 lre_entry-lc2_offramp 7-6-153) (notprintedwith sheet8 back black 20-0-230)
  (lre-simplexmono-letter sheet8 back image-7), cost: 211849
    pre: (location sheet8 lre_entry-lc2_offramp 7-6-153) (notprintedwith sheet8 back black 20-0-230) (available lre-rsrc 56-0-302) (sideup sheet8 back 92-0-374)
    add: (location sheet8 lc2_onramp-lre_exit 7-5-152) (none-of-those 20-1-231)
    del: (location sheet8 lre_entry-lc2_offramp 7-6-153) (notprintedwith sheet8 back black 20-0-230)
  (lre-simplexmono-letter sheet8 back image-9), cost: 211849
    pre: (location sheet8 lre_entry-lc2_offramp 7-6-153) (notprintedwith sheet8 back black 20-0-230) (available lre-rsrc 56-0-302) (sideup sheet8 back 92-0-374)
    add: (location sheet8 lc2_onramp-lre_exit 7-5-152) (none-of-those 20-1-231)
    del: (location sheet8 lre_entry-lc2_offramp 7-6-153) (notprintedwith sheet8 back black 20-0-230)
  (lre-simplexmono-letter sheet8 front image-10), cost: 211849
    pre: (location sheet8 lre_entry-lc2_offramp 7-6-153) (notprintedwith sheet8 front black 22-0-234) (available lre-rsrc 56-0-302) (sideup sheet8 front 93-0-376)
    add: (location sheet8 lc2_onramp-lre_exit 7-5-152) (none-of-those 22-1-235)
    del: (location sheet8 lre_entry-lc2_offramp 7-6-153) (notprintedwith sheet8 front black 22-0-234)
  (lre-simplexmono-letter sheet8 front image-3), cost: 211849
    pre: (location sheet8 lre_entry-lc2_offramp 7-6-153) (notprintedwith sheet8 front black 22-0-234) (available lre-rsrc 56-0-302) (sideup sheet8 front 93-0-376)
    add: (location sheet8 lc2_onramp-lre_exit 7-5-152) (none-of-those 22-1-235)
    del: (location sheet8 lre_entry-lc2_offramp 7-6-153) (notprintedwith sheet8 front black 22-0-234)
  (lre-simplexmono-letter sheet8 front image-4), cost: 211849
    pre: (location sheet8 lre_entry-lc2_offramp 7-6-153) (notprintedwith sheet8 front black 22-0-234) (available lre-rsrc 56-0-302) (sideup sheet8 front 93-0-376)
    add: (location sheet8 lc2_onramp-lre_exit 7-5-152) (none-of-those 22-1-235)
    del: (location sheet8 lre_entry-lc2_offramp 7-6-153) (notprintedwith sheet8 front black 22-0-234)
  (lre-simplexmono-letter sheet8 front image-5), cost: 211849
    pre: (location sheet8 lre_entry-lc2_offramp 7-6-153) (notprintedwith sheet8 front black 22-0-234) (available lre-rsrc 56-0-302) (sideup sheet8 front 93-0-376)
    add: (location sheet8 lc2_onramp-lre_exit 7-5-152) (none-of-those 22-1-235)
    del: (location sheet8 lre_entry-lc2_offramp 7-6-153) (notprintedwith sheet8 front black 22-0-234)
  (lre-simplexmono-letter sheet8 front image-7), cost: 211849
    pre: (location sheet8 lre_entry-lc2_offramp 7-6-153) (notprintedwith sheet8 front black 22-0-234) (available lre-rsrc 56-0-302) (sideup sheet8 front 93-0-376)
    add: (location sheet8 lc2_onramp-lre_exit 7-5-152) (none-of-those 22-1-235)
    del: (location sheet8 lre_entry-lc2_offramp 7-6-153) (notprintedwith sheet8 front black 22-0-234)
  (lre-simplexmono-letter sheet8 front image-9), cost: 211849
    pre: (location sheet8 lre_entry-lc2_offramp 7-6-153) (notprintedwith sheet8 front black 22-0-234) (available lre-rsrc 56-0-302) (sideup sheet8 front 93-0-376)
    add: (location sheet8 lc2_onramp-lre_exit 7-5-152) (none-of-those 22-1-235)
    del: (location sheet8 lre_entry-lc2_offramp 7-6-153) (notprintedwith sheet8 front black 22-0-234)
  (lre-simplexmono-letter sheet9 back image-10), cost: 211849
    pre: (location sheet9 lre_entry-lc2_offramp 8-6-174) (notprintedwith sheet9 back black 24-0-238) (available lre-rsrc 56-0-302) (sideup sheet9 back 94-0-378)
    add: (location sheet9 lc2_onramp-lre_exit 8-5-173) (none-of-those 24-1-239)
    del: (location sheet9 lre_entry-lc2_offramp 8-6-174) (notprintedwith sheet9 back black 24-0-238)
  (lre-simplexmono-letter sheet9 back image-3), cost: 211849
    pre: (location sheet9 lre_entry-lc2_offramp 8-6-174) (notprintedwith sheet9 back black 24-0-238) (available lre-rsrc 56-0-302) (sideup sheet9 back 94-0-378)
    add: (location sheet9 lc2_onramp-lre_exit 8-5-173) (none-of-those 24-1-239)
    del: (location sheet9 lre_entry-lc2_offramp 8-6-174) (notprintedwith sheet9 back black 24-0-238)
  (lre-simplexmono-letter sheet9 back image-4), cost: 211849
    pre: (location sheet9 lre_entry-lc2_offramp 8-6-174) (notprintedwith sheet9 back black 24-0-238) (available lre-rsrc 56-0-302) (sideup sheet9 back 94-0-378)
    add: (location sheet9 lc2_onramp-lre_exit 8-5-173) (none-of-those 24-1-239)
    del: (location sheet9 lre_entry-lc2_offramp 8-6-174) (notprintedwith sheet9 back black 24-0-238)
  (lre-simplexmono-letter sheet9 back image-5), cost: 211849
    pre: (location sheet9 lre_entry-lc2_offramp 8-6-174) (notprintedwith sheet9 back black 24-0-238) (available lre-rsrc 56-0-302) (sideup sheet9 back 94-0-378)
    add: (location sheet9 lc2_onramp-lre_exit 8-5-173) (none-of-those 24-1-239)
    del: (location sheet9 lre_entry-lc2_offramp 8-6-174) (notprintedwith sheet9 back black 24-0-238)
  (lre-simplexmono-letter sheet9 back image-7), cost: 211849
    pre: (location sheet9 lre_entry-lc2_offramp 8-6-174) (notprintedwith sheet9 back black 24-0-238) (available lre-rsrc 56-0-302) (sideup sheet9 back 94-0-378)
    add: (location sheet9 lc2_onramp-lre_exit 8-5-173) (none-of-those 24-1-239)
    del: (location sheet9 lre_entry-lc2_offramp 8-6-174) (notprintedwith sheet9 back black 24-0-238)
  (lre-simplexmono-letter sheet9 back image-9), cost: 211849
    pre: (location sheet9 lre_entry-lc2_offramp 8-6-174) (notprintedwith sheet9 back black 24-0-238) (available lre-rsrc 56-0-302) (sideup sheet9 back 94-0-378)
    add: (location sheet9 lc2_onramp-lre_exit 8-5-173) (none-of-those 24-1-239)
    del: (location sheet9 lre_entry-lc2_offramp 8-6-174) (notprintedwith sheet9 back black 24-0-238)
  (lre-simplexmono-letter sheet9 front image-10), cost: 211849
    pre: (location sheet9 lre_entry-lc2_offramp 8-6-174) (notprintedwith sheet9 front black 26-0-242) (available lre-rsrc 56-0-302) (sideup sheet9 front 95-0-380)
    add: (location sheet9 lc2_onramp-lre_exit 8-5-173) (none-of-those 26-1-243)
    del: (location sheet9 lre_entry-lc2_offramp 8-6-174) (notprintedwith sheet9 front black 26-0-242)
  (lre-simplexmono-letter sheet9 front image-3), cost: 211849
    pre: (location sheet9 lre_entry-lc2_offramp 8-6-174) (notprintedwith sheet9 front black 26-0-242) (available lre-rsrc 56-0-302) (sideup sheet9 front 95-0-380)
    add: (location sheet9 lc2_onramp-lre_exit 8-5-173) (none-of-those 26-1-243)
    del: (location sheet9 lre_entry-lc2_offramp 8-6-174) (notprintedwith sheet9 front black 26-0-242)
  (lre-simplexmono-letter sheet9 front image-4), cost: 211849
    pre: (location sheet9 lre_entry-lc2_offramp 8-6-174) (notprintedwith sheet9 front black 26-0-242) (available lre-rsrc 56-0-302) (sideup sheet9 front 95-0-380)
    add: (location sheet9 lc2_onramp-lre_exit 8-5-173) (none-of-those 26-1-243)
    del: (location sheet9 lre_entry-lc2_offramp 8-6-174) (notprintedwith sheet9 front black 26-0-242)
  (lre-simplexmono-letter sheet9 front image-5), cost: 211849
    pre: (location sheet9 lre_entry-lc2_offramp 8-6-174) (notprintedwith sheet9 front black 26-0-242) (available lre-rsrc 56-0-302) (sideup sheet9 front 95-0-380)
    add: (location sheet9 lc2_onramp-lre_exit 8-5-173) (none-of-those 26-1-243)
    del: (location sheet9 lre_entry-lc2_offramp 8-6-174) (notprintedwith sheet9 front black 26-0-242)
  (lre-simplexmono-letter sheet9 front image-7), cost: 211849
    pre: (location sheet9 lre_entry-lc2_offramp 8-6-174) (notprintedwith sheet9 front black 26-0-242) (available lre-rsrc 56-0-302) (sideup sheet9 front 95-0-380)
    add: (location sheet9 lc2_onramp-lre_exit 8-5-173) (none-of-those 26-1-243)
    del: (location sheet9 lre_entry-lc2_offramp 8-6-174) (notprintedwith sheet9 front black 26-0-242)
  (lre-simplexmono-letter sheet9 front image-9), cost: 211849
    pre: (location sheet9 lre_entry-lc2_offramp 8-6-174) (notprintedwith sheet9 front black 26-0-242) (available lre-rsrc 56-0-302) (sideup sheet9 front 95-0-380)
    add: (location sheet9 lc2_onramp-lre_exit 8-5-173) (none-of-those 26-1-243) (hasimage sheet9 front image-9 75-0-340)
    del: (location sheet9 lre_entry-lc2_offramp 8-6-174) (notprintedwith sheet9 front black 26-0-242) (none-of-those 75-1-341)
  (om-lowerout-letter sheet1), cost: 3251
    pre: (location sheet1 om_bottomentry-lc2_exit 0-7-7) (available om-rsrc 57-0-304)
    add: (location sheet1 om_outputexit-sys_entry 0-8-8)
    del: (location sheet1 om_bottomentry-lc2_exit 0-7-7)
  (om-lowerout-letter sheet10), cost: 3251
    pre: (location sheet10 om_bottomentry-lc2_exit 9-7-196) (available om-rsrc 57-0-304)
    add: (location sheet10 om_outputexit-sys_entry 9-8-197)
    del: (location sheet10 om_bottomentry-lc2_exit 9-7-196)
  (om-lowerout-letter sheet2), cost: 3251
    pre: (location sheet2 om_bottomentry-lc2_exit 1-7-28) (available om-rsrc 57-0-304)
    add: (location sheet2 om_outputexit-sys_entry 1-8-29)
    del: (location sheet2 om_bottomentry-lc2_exit 1-7-28)
  (om-lowerout-letter sheet3), cost: 3251
    pre: (location sheet3 om_bottomentry-lc2_exit 2-7-49) (available om-rsrc 57-0-304)
    add: (location sheet3 om_outputexit-sys_entry 2-8-50)
    del: (location sheet3 om_bottomentry-lc2_exit 2-7-49)
  (om-lowerout-letter sheet4), cost: 3251
    pre: (location sheet4 om_bottomentry-lc2_exit 3-7-70) (available om-rsrc 57-0-304)
    add: (location sheet4 om_outputexit-sys_entry 3-8-71)
    del: (location sheet4 om_bottomentry-lc2_exit 3-7-70)
  (om-lowerout-letter sheet5), cost: 3251
    pre: (location sheet5 om_bottomentry-lc2_exit 4-7-91) (available om-rsrc 57-0-304)
    add: (location sheet5 om_outputexit-sys_entry 4-8-92)
    del: (location sheet5 om_bottomentry-lc2_exit 4-7-91)
  (om-lowerout-letter sheet6), cost: 3251
    pre: (location sheet6 om_bottomentry-lc2_exit 5-7-112) (available om-rsrc 57-0-304)
    add: (location sheet6 om_outputexit-sys_entry 5-8-113)
    del: (location sheet6 om_bottomentry-lc2_exit 5-7-112)
  (om-lowerout-letter sheet7), cost: 3251
    pre: (location sheet7 om_bottomentry-lc2_exit 6-7-133) (available om-rsrc 57-0-304)
    add: (location sheet7 om_outputexit-sys_entry 6-8-134)
    del: (location sheet7 om_bottomentry-lc2_exit 6-7-133)
  (om-lowerout-letter sheet8), cost: 3251
    pre: (location sheet8 om_bottomentry-lc2_exit 7-7-154) (available om-rsrc 57-0-304)
    add: (location sheet8 om_outputexit-sys_entry 7-8-155)
    del: (location sheet8 om_bottomentry-lc2_exit 7-7-154)
  (om-lowerout-letter sheet9), cost: 3251
    pre: (location sheet9 om_bottomentry-lc2_exit 8-7-175) (available om-rsrc 57-0-304)
    add: (location sheet9 om_outputexit-sys_entry 8-8-176)
    del: (location sheet9 om_bottomentry-lc2_exit 8-7-175)
  (om-lowerreturn-letter sheet1), cost: 3568
    pre: (location sheet1 om_bottomentry-lc2_exit 0-7-7) (available om-rsrc 57-0-304)
    add: (location sheet1 om_returnexit-rh2_entry 0-9-9)
    del: (location sheet1 om_bottomentry-lc2_exit 0-7-7)
  (om-lowerreturn-letter sheet10), cost: 3568
    pre: (location sheet10 om_bottomentry-lc2_exit 9-7-196) (available om-rsrc 57-0-304)
    add: (location sheet10 om_returnexit-rh2_entry 9-9-198)
    del: (location sheet10 om_bottomentry-lc2_exit 9-7-196)
  (om-lowerreturn-letter sheet2), cost: 3568
    pre: (location sheet2 om_bottomentry-lc2_exit 1-7-28) (available om-rsrc 57-0-304)
    add: (location sheet2 om_returnexit-rh2_entry 1-9-30)
    del: (location sheet2 om_bottomentry-lc2_exit 1-7-28)
  (om-lowerreturn-letter sheet3), cost: 3568
    pre: (location sheet3 om_bottomentry-lc2_exit 2-7-49) (available om-rsrc 57-0-304)
    add: (location sheet3 om_returnexit-rh2_entry 2-9-51)
    del: (location sheet3 om_bottomentry-lc2_exit 2-7-49)
  (om-lowerreturn-letter sheet4), cost: 3568
    pre: (location sheet4 om_bottomentry-lc2_exit 3-7-70) (available om-rsrc 57-0-304)
    add: (location sheet4 om_returnexit-rh2_entry 3-9-72)
    del: (location sheet4 om_bottomentry-lc2_exit 3-7-70)
  (om-lowerreturn-letter sheet5), cost: 3568
    pre: (location sheet5 om_bottomentry-lc2_exit 4-7-91) (available om-rsrc 57-0-304)
    add: (location sheet5 om_returnexit-rh2_entry 4-9-93)
    del: (location sheet5 om_bottomentry-lc2_exit 4-7-91)
  (om-lowerreturn-letter sheet6), cost: 3568
    pre: (location sheet6 om_bottomentry-lc2_exit 5-7-112) (available om-rsrc 57-0-304)
    add: (location sheet6 om_returnexit-rh2_entry 5-9-114)
    del: (location sheet6 om_bottomentry-lc2_exit 5-7-112)
  (om-lowerreturn-letter sheet7), cost: 3568
    pre: (location sheet7 om_bottomentry-lc2_exit 6-7-133) (available om-rsrc 57-0-304)
    add: (location sheet7 om_returnexit-rh2_entry 6-9-135)
    del: (location sheet7 om_bottomentry-lc2_exit 6-7-133)
  (om-lowerreturn-letter sheet8), cost: 3568
    pre: (location sheet8 om_bottomentry-lc2_exit 7-7-154) (available om-rsrc 57-0-304)
    add: (location sheet8 om_returnexit-rh2_entry 7-9-156)
    del: (location sheet8 om_bottomentry-lc2_exit 7-7-154)
  (om-lowerreturn-letter sheet9), cost: 3568
    pre: (location sheet9 om_bottomentry-lc2_exit 8-7-175) (available om-rsrc 57-0-304)
    add: (location sheet9 om_returnexit-rh2_entry 8-9-177)
    del: (location sheet9 om_bottomentry-lc2_exit 8-7-175)
  (om-upperout-letter sheet1), cost: 8037
    pre: (location sheet1 uc2_exit-om_topentry 0-18-18) (available om-rsrc 57-0-304)
    add: (location sheet1 om_outputexit-sys_entry 0-8-8)
    del: (location sheet1 uc2_exit-om_topentry 0-18-18)
  (om-upperout-letter sheet10), cost: 8037
    pre: (location sheet10 uc2_exit-om_topentry 9-17-206) (available om-rsrc 57-0-304)
    add: (location sheet10 om_outputexit-sys_entry 9-8-197)
    del: (location sheet10 uc2_exit-om_topentry 9-17-206)
  (om-upperout-letter sheet2), cost: 8037
    pre: (location sheet2 uc2_exit-om_topentry 1-18-39) (available om-rsrc 57-0-304)
    add: (location sheet2 om_outputexit-sys_entry 1-8-29)
    del: (location sheet2 uc2_exit-om_topentry 1-18-39)
  (om-upperout-letter sheet3), cost: 8037
    pre: (location sheet3 uc2_exit-om_topentry 2-18-60) (available om-rsrc 57-0-304)
    add: (location sheet3 om_outputexit-sys_entry 2-8-50)
    del: (location sheet3 uc2_exit-om_topentry 2-18-60)
  (om-upperout-letter sheet4), cost: 8037
    pre: (location sheet4 uc2_exit-om_topentry 3-18-81) (available om-rsrc 57-0-304)
    add: (location sheet4 om_outputexit-sys_entry 3-8-71)
    del: (location sheet4 uc2_exit-om_topentry 3-18-81)
  (om-upperout-letter sheet5), cost: 8037
    pre: (location sheet5 uc2_exit-om_topentry 4-18-102) (available om-rsrc 57-0-304)
    add: (location sheet5 om_outputexit-sys_entry 4-8-92)
    del: (location sheet5 uc2_exit-om_topentry 4-18-102)
  (om-upperout-letter sheet6), cost: 8037
    pre: (location sheet6 uc2_exit-om_topentry 5-18-123) (available om-rsrc 57-0-304)
    add: (location sheet6 om_outputexit-sys_entry 5-8-113)
    del: (location sheet6 uc2_exit-om_topentry 5-18-123)
  (om-upperout-letter sheet7), cost: 8037
    pre: (location sheet7 uc2_exit-om_topentry 6-18-144) (available om-rsrc 57-0-304)
    add: (location sheet7 om_outputexit-sys_entry 6-8-134)
    del: (location sheet7 uc2_exit-om_topentry 6-18-144)
  (om-upperout-letter sheet8), cost: 8037
    pre: (location sheet8 uc2_exit-om_topentry 7-18-165) (available om-rsrc 57-0-304)
    add: (location sheet8 om_outputexit-sys_entry 7-8-155)
    del: (location sheet8 uc2_exit-om_topentry 7-18-165)
  (om-upperout-letter sheet9), cost: 8037
    pre: (location sheet9 uc2_exit-om_topentry 8-18-186) (available om-rsrc 57-0-304)
    add: (location sheet9 om_outputexit-sys_entry 8-8-176)
    del: (location sheet9 uc2_exit-om_topentry 8-18-186)
  (om-upperreturn-letter sheet1), cost: 8343
    pre: (location sheet1 uc2_exit-om_topentry 0-18-18) (available om-rsrc 57-0-304)
    add: (location sheet1 om_returnexit-rh2_entry 0-9-9)
    del: (location sheet1 uc2_exit-om_topentry 0-18-18)
  (om-upperreturn-letter sheet10), cost: 8343
    pre: (location sheet10 uc2_exit-om_topentry 9-17-206) (available om-rsrc 57-0-304)
    add: (location sheet10 om_returnexit-rh2_entry 9-9-198)
    del: (location sheet10 uc2_exit-om_topentry 9-17-206)
  (om-upperreturn-letter sheet2), cost: 8343
    pre: (location sheet2 uc2_exit-om_topentry 1-18-39) (available om-rsrc 57-0-304)
    add: (location sheet2 om_returnexit-rh2_entry 1-9-30)
    del: (location sheet2 uc2_exit-om_topentry 1-18-39)
  (om-upperreturn-letter sheet3), cost: 8343
    pre: (location sheet3 uc2_exit-om_topentry 2-18-60) (available om-rsrc 57-0-304)
    add: (location sheet3 om_returnexit-rh2_entry 2-9-51)
    del: (location sheet3 uc2_exit-om_topentry 2-18-60)
  (om-upperreturn-letter sheet4), cost: 8343
    pre: (location sheet4 uc2_exit-om_topentry 3-18-81) (available om-rsrc 57-0-304)
    add: (location sheet4 om_returnexit-rh2_entry 3-9-72)
    del: (location sheet4 uc2_exit-om_topentry 3-18-81)
  (om-upperreturn-letter sheet5), cost: 8343
    pre: (location sheet5 uc2_exit-om_topentry 4-18-102) (available om-rsrc 57-0-304)
    add: (location sheet5 om_returnexit-rh2_entry 4-9-93)
    del: (location sheet5 uc2_exit-om_topentry 4-18-102)
  (om-upperreturn-letter sheet6), cost: 8343
    pre: (location sheet6 uc2_exit-om_topentry 5-18-123) (available om-rsrc 57-0-304)
    add: (location sheet6 om_returnexit-rh2_entry 5-9-114)
    del: (location sheet6 uc2_exit-om_topentry 5-18-123)
  (om-upperreturn-letter sheet7), cost: 8343
    pre: (location sheet7 uc2_exit-om_topentry 6-18-144) (available om-rsrc 57-0-304)
    add: (location sheet7 om_returnexit-rh2_entry 6-9-135)
    del: (location sheet7 uc2_exit-om_topentry 6-18-144)
  (om-upperreturn-letter sheet8), cost: 8343
    pre: (location sheet8 uc2_exit-om_topentry 7-18-165) (available om-rsrc 57-0-304)
    add: (location sheet8 om_returnexit-rh2_entry 7-9-156)
    del: (location sheet8 uc2_exit-om_topentry 7-18-165)
  (om-upperreturn-letter sheet9), cost: 8343
    pre: (location sheet9 uc2_exit-om_topentry 8-18-186) (available om-rsrc 57-0-304)
    add: (location sheet9 om_returnexit-rh2_entry 8-9-177)
    del: (location sheet9 uc2_exit-om_topentry 8-18-186)
  (rh1-returnmove-letter sheet1), cost: 10869
    pre: (location sheet1 rh1_entry-rh2_exit 0-10-10) (available rh1-rsrc 58-0-306)
    add: (location sheet1 rh1_exit-im1_returnentry 0-11-11)
    del: (location sheet1 rh1_entry-rh2_exit 0-10-10)
  (rh1-returnmove-letter sheet10), cost: 10869
    pre: (location sheet10 rh1_entry-rh2_exit 9-10-199) (available rh1-rsrc 58-0-306)
    add: (location sheet10 rh1_exit-im1_returnentry 9-11-200)
    del: (location sheet10 rh1_entry-rh2_exit 9-10-199)
  (rh1-returnmove-letter sheet2), cost: 10869
    pre: (location sheet2 rh1_entry-rh2_exit 1-10-31) (available rh1-rsrc 58-0-306)
    add: (location sheet2 rh1_exit-im1_returnentry 1-11-32)
    del: (location sheet2 rh1_entry-rh2_exit 1-10-31)
  (rh1-returnmove-letter sheet3), cost: 10869
    pre: (location sheet3 rh1_entry-rh2_exit 2-10-52) (available rh1-rsrc 58-0-306)
    add: (location sheet3 rh1_exit-im1_returnentry 2-11-53)
    del: (location sheet3 rh1_entry-rh2_exit 2-10-52)
  (rh1-returnmove-letter sheet4), cost: 10869
    pre: (location sheet4 rh1_entry-rh2_exit 3-10-73) (available rh1-rsrc 58-0-306)
    add: (location sheet4 rh1_exit-im1_returnentry 3-11-74)
    del: (location sheet4 rh1_entry-rh2_exit 3-10-73)
  (rh1-returnmove-letter sheet5), cost: 10869
    pre: (location sheet5 rh1_entry-rh2_exit 4-10-94) (available rh1-rsrc 58-0-306)
    add: (location sheet5 rh1_exit-im1_returnentry 4-11-95)
    del: (location sheet5 rh1_entry-rh2_exit 4-10-94)
  (rh1-returnmove-letter sheet6), cost: 10869
    pre: (location sheet6 rh1_entry-rh2_exit 5-10-115) (available rh1-rsrc 58-0-306)
    add: (location sheet6 rh1_exit-im1_returnentry 5-11-116)
    del: (location sheet6 rh1_entry-rh2_exit 5-10-115)
  (rh1-returnmove-letter sheet7), cost: 10869
    pre: (location sheet7 rh1_entry-rh2_exit 6-10-136) (available rh1-rsrc 58-0-306)
    add: (location sheet7 rh1_exit-im1_returnentry 6-11-137)
    del: (location sheet7 rh1_entry-rh2_exit 6-10-136)
  (rh1-returnmove-letter sheet8), cost: 10869
    pre: (location sheet8 rh1_entry-rh2_exit 7-10-157) (available rh1-rsrc 58-0-306)
    add: (location sheet8 rh1_exit-im1_returnentry 7-11-158)
    del: (location sheet8 rh1_entry-rh2_exit 7-10-157)
  (rh1-returnmove-letter sheet9), cost: 10869
    pre: (location sheet9 rh1_entry-rh2_exit 8-10-178) (available rh1-rsrc 58-0-306)
    add: (location sheet9 rh1_exit-im1_returnentry 8-11-179)
    del: (location sheet9 rh1_entry-rh2_exit 8-10-178)
  (rh2-returnmove-letter sheet1), cost: 10869
    pre: (location sheet1 om_returnexit-rh2_entry 0-9-9) (available rh2-rsrc 59-0-308)
    add: (location sheet1 rh1_entry-rh2_exit 0-10-10)
    del: (location sheet1 om_returnexit-rh2_entry 0-9-9)
  (rh2-returnmove-letter sheet10), cost: 10869
    pre: (location sheet10 om_returnexit-rh2_entry 9-9-198) (available rh2-rsrc 59-0-308)
    add: (location sheet10 rh1_entry-rh2_exit 9-10-199)
    del: (location sheet10 om_returnexit-rh2_entry 9-9-198)
  (rh2-returnmove-letter sheet2), cost: 10869
    pre: (location sheet2 om_returnexit-rh2_entry 1-9-30) (available rh2-rsrc 59-0-308)
    add: (location sheet2 rh1_entry-rh2_exit 1-10-31)
    del: (location sheet2 om_returnexit-rh2_entry 1-9-30)
  (rh2-returnmove-letter sheet3), cost: 10869
    pre: (location sheet3 om_returnexit-rh2_entry 2-9-51) (available rh2-rsrc 59-0-308)
    add: (location sheet3 rh1_entry-rh2_exit 2-10-52)
    del: (location sheet3 om_returnexit-rh2_entry 2-9-51)
  (rh2-returnmove-letter sheet4), cost: 10869
    pre: (location sheet4 om_returnexit-rh2_entry 3-9-72) (available rh2-rsrc 59-0-308)
    add: (location sheet4 rh1_entry-rh2_exit 3-10-73)
    del: (location sheet4 om_returnexit-rh2_entry 3-9-72)
  (rh2-returnmove-letter sheet5), cost: 10869
    pre: (location sheet5 om_returnexit-rh2_entry 4-9-93) (available rh2-rsrc 59-0-308)
    add: (location sheet5 rh1_entry-rh2_exit 4-10-94)
    del: (location sheet5 om_returnexit-rh2_entry 4-9-93)
  (rh2-returnmove-letter sheet6), cost: 10869
    pre: (location sheet6 om_returnexit-rh2_entry 5-9-114) (available rh2-rsrc 59-0-308)
    add: (location sheet6 rh1_entry-rh2_exit 5-10-115)
    del: (location sheet6 om_returnexit-rh2_entry 5-9-114)
  (rh2-returnmove-letter sheet7), cost: 10869
    pre: (location sheet7 om_returnexit-rh2_entry 6-9-135) (available rh2-rsrc 59-0-308)
    add: (location sheet7 rh1_entry-rh2_exit 6-10-136)
    del: (location sheet7 om_returnexit-rh2_entry 6-9-135)
  (rh2-returnmove-letter sheet8), cost: 10869
    pre: (location sheet8 om_returnexit-rh2_entry 7-9-156) (available rh2-rsrc 59-0-308)
    add: (location sheet8 rh1_entry-rh2_exit 7-10-157)
    del: (location sheet8 om_returnexit-rh2_entry 7-9-156)
  (rh2-returnmove-letter sheet9), cost: 10869
    pre: (location sheet9 om_returnexit-rh2_entry 8-9-177) (available rh2-rsrc 59-0-308)
    add: (location sheet9 rh1_entry-rh2_exit 8-10-178)
    del: (location sheet9 om_returnexit-rh2_entry 8-9-177)
  (sys-stack-letter sheet1 dummy-sheet), cost: 1499
    pre: (location sheet1 om_outputexit-sys_entry 0-8-8) (available sys-rsrc 60-0-310)
    add: (location sheet1 some_finisher_tray 0-13-13) (stackedin sheet1 sys_outputtray 96-0-382)
    del: (location sheet1 om_outputexit-sys_entry 0-8-8) (none-of-those 96-1-383)
  (sys-stack-letter sheet10 sheet9), cost: 1499
    pre: (location sheet9 some_finisher_tray 8-13-181) (location sheet10 om_outputexit-sys_entry 9-8-197) (available sys-rsrc 60-0-310)
    add: (none-of-those 9-20-209) (stackedin sheet10 sys_outputtray 97-0-384)
    del: (location sheet10 om_outputexit-sys_entry 9-8-197) (none-of-those 97-1-385)
  (sys-stack-letter sheet2 sheet1), cost: 1499
    pre: (location sheet1 some_finisher_tray 0-13-13) (location sheet2 om_outputexit-sys_entry 1-8-29) (available sys-rsrc 60-0-310)
    add: (location sheet2 some_finisher_tray 1-13-34) (stackedin sheet2 sys_outputtray 98-0-386)
    del: (location sheet2 om_outputexit-sys_entry 1-8-29) (none-of-those 98-1-387)
  (sys-stack-letter sheet3 sheet2), cost: 1499
    pre: (location sheet2 some_finisher_tray 1-13-34) (location sheet3 om_outputexit-sys_entry 2-8-50) (available sys-rsrc 60-0-310)
    add: (location sheet3 some_finisher_tray 2-13-55) (stackedin sheet3 sys_outputtray 99-0-388)
    del: (location sheet3 om_outputexit-sys_entry 2-8-50) (none-of-those 99-1-389)
  (sys-stack-letter sheet4 sheet3), cost: 1499
    pre: (location sheet3 some_finisher_tray 2-13-55) (location sheet4 om_outputexit-sys_entry 3-8-71) (available sys-rsrc 60-0-310)
    add: (location sheet4 some_finisher_tray 3-13-76) (stackedin sheet4 sys_outputtray 100-0-390)
    del: (location sheet4 om_outputexit-sys_entry 3-8-71) (none-of-those 100-1-391)
  (sys-stack-letter sheet5 sheet4), cost: 1499
    pre: (location sheet4 some_finisher_tray 3-13-76) (location sheet5 om_outputexit-sys_entry 4-8-92) (available sys-rsrc 60-0-310)
    add: (location sheet5 some_finisher_tray 4-13-97) (stackedin sheet5 sys_outputtray 101-0-392)
    del: (location sheet5 om_outputexit-sys_entry 4-8-92) (none-of-those 101-1-393)
  (sys-stack-letter sheet6 sheet5), cost: 1499
    pre: (location sheet5 some_finisher_tray 4-13-97) (location sheet6 om_outputexit-sys_entry 5-8-113) (available sys-rsrc 60-0-310)
    add: (location sheet6 some_finisher_tray 5-13-118) (stackedin sheet6 sys_outputtray 102-0-394)
    del: (location sheet6 om_outputexit-sys_entry 5-8-113) (none-of-those 102-1-395)
  (sys-stack-letter sheet7 sheet6), cost: 1499
    pre: (location sheet6 some_finisher_tray 5-13-118) (location sheet7 om_outputexit-sys_entry 6-8-134) (available sys-rsrc 60-0-310)
    add: (location sheet7 some_finisher_tray 6-13-139) (stackedin sheet7 sys_outputtray 103-0-396)
    del: (location sheet7 om_outputexit-sys_entry 6-8-134) (none-of-those 103-1-397)
  (sys-stack-letter sheet8 sheet7), cost: 1499
    pre: (location sheet7 some_finisher_tray 6-13-139) (location sheet8 om_outputexit-sys_entry 7-8-155) (available sys-rsrc 60-0-310)
    add: (location sheet8 some_finisher_tray 7-13-160) (stackedin sheet8 sys_outputtray 104-0-398)
    del: (location sheet8 om_outputexit-sys_entry 7-8-155) (none-of-those 104-1-399)
  (sys-stack-letter sheet9 sheet8), cost: 1499
    pre: (location sheet8 some_finisher_tray 7-13-160) (location sheet9 om_outputexit-sys_entry 8-8-176) (available sys-rsrc 60-0-310)
    add: (location sheet9 some_finisher_tray 8-13-181) (stackedin sheet9 sys_outputtray 105-0-400)
    del: (location sheet9 om_outputexit-sys_entry 8-8-176) (none-of-those 105-1-401)
  (ube-simplex-letter sheet1 back image-10), cost: 123749
    pre: (location sheet1 ube_entry-uc1_offramp 0-14-14) (notprintedwith sheet1 back black 29-0-248) (available ube-rsrc 61-0-312) (sideup sheet1 back 76-0-342)
    add: (location sheet1 uc1_onramp-ube_exit 0-16-16) (none-of-those 29-1-249)
    del: (location sheet1 ube_entry-uc1_offramp 0-14-14) (notprintedwith sheet1 back black 29-0-248)
  (ube-simplex-letter sheet1 back image-3), cost: 123749
    pre: (location sheet1 ube_entry-uc1_offramp 0-14-14) (notprintedwith sheet1 back black 29-0-248) (available ube-rsrc 61-0-312) (sideup sheet1 back 76-0-342)
    add: (location sheet1 uc1_onramp-ube_exit 0-16-16) (none-of-those 29-1-249)
    del: (location sheet1 ube_entry-uc1_offramp 0-14-14) (notprintedwith sheet1 back black 29-0-248)
  (ube-simplex-letter sheet1 back image-4), cost: 123749
    pre: (location sheet1 ube_entry-uc1_offramp 0-14-14) (notprintedwith sheet1 back black 29-0-248) (available ube-rsrc 61-0-312) (sideup sheet1 back 76-0-342)
    add: (location sheet1 uc1_onramp-ube_exit 0-16-16) (none-of-those 29-1-249)
    del: (location sheet1 ube_entry-uc1_offramp 0-14-14) (notprintedwith sheet1 back black 29-0-248)
  (ube-simplex-letter sheet1 back image-5), cost: 123749
    pre: (location sheet1 ube_entry-uc1_offramp 0-14-14) (notprintedwith sheet1 back black 29-0-248) (available ube-rsrc 61-0-312) (sideup sheet1 back 76-0-342)
    add: (location sheet1 uc1_onramp-ube_exit 0-16-16) (none-of-those 29-1-249)
    del: (location sheet1 ube_entry-uc1_offramp 0-14-14) (notprintedwith sheet1 back black 29-0-248)
  (ube-simplex-letter sheet1 back image-7), cost: 123749
    pre: (location sheet1 ube_entry-uc1_offramp 0-14-14) (notprintedwith sheet1 back black 29-0-248) (available ube-rsrc 61-0-312) (sideup sheet1 back 76-0-342)
    add: (location sheet1 uc1_onramp-ube_exit 0-16-16) (none-of-those 29-1-249)
    del: (location sheet1 ube_entry-uc1_offramp 0-14-14) (notprintedwith sheet1 back black 29-0-248)
  (ube-simplex-letter sheet1 back image-9), cost: 123749
    pre: (location sheet1 ube_entry-uc1_offramp 0-14-14) (notprintedwith sheet1 back black 29-0-248) (available ube-rsrc 61-0-312) (sideup sheet1 back 76-0-342)
    add: (location sheet1 uc1_onramp-ube_exit 0-16-16) (none-of-those 29-1-249)
    del: (location sheet1 ube_entry-uc1_offramp 0-14-14) (notprintedwith sheet1 back black 29-0-248)
  (ube-simplex-letter sheet1 front image-10), cost: 123749
    pre: (location sheet1 ube_entry-uc1_offramp 0-14-14) (notprintedwith sheet1 front black 31-0-252) (available ube-rsrc 61-0-312) (sideup sheet1 front 77-0-344)
    add: (location sheet1 uc1_onramp-ube_exit 0-16-16) (none-of-those 31-1-253)
    del: (location sheet1 ube_entry-uc1_offramp 0-14-14) (notprintedwith sheet1 front black 31-0-252)
  (ube-simplex-letter sheet1 front image-3), cost: 123749
    pre: (location sheet1 ube_entry-uc1_offramp 0-14-14) (notprintedwith sheet1 front black 31-0-252) (available ube-rsrc 61-0-312) (sideup sheet1 front 77-0-344)
    add: (location sheet1 uc1_onramp-ube_exit 0-16-16) (none-of-those 31-1-253)
    del: (location sheet1 ube_entry-uc1_offramp 0-14-14) (notprintedwith sheet1 front black 31-0-252)
  (ube-simplex-letter sheet1 front image-4), cost: 123749
    pre: (location sheet1 ube_entry-uc1_offramp 0-14-14) (notprintedwith sheet1 front black 31-0-252) (available ube-rsrc 61-0-312) (sideup sheet1 front 77-0-344)
    add: (location sheet1 uc1_onramp-ube_exit 0-16-16) (none-of-those 31-1-253)
    del: (location sheet1 ube_entry-uc1_offramp 0-14-14) (notprintedwith sheet1 front black 31-0-252)
  (ube-simplex-letter sheet1 front image-5), cost: 123749
    pre: (location sheet1 ube_entry-uc1_offramp 0-14-14) (notprintedwith sheet1 front black 31-0-252) (available ube-rsrc 61-0-312) (sideup sheet1 front 77-0-344)
    add: (location sheet1 uc1_onramp-ube_exit 0-16-16) (none-of-those 31-1-253)
    del: (location sheet1 ube_entry-uc1_offramp 0-14-14) (notprintedwith sheet1 front black 31-0-252)
  (ube-simplex-letter sheet1 front image-7), cost: 123749
    pre: (location sheet1 ube_entry-uc1_offramp 0-14-14) (notprintedwith sheet1 front black 31-0-252) (available ube-rsrc 61-0-312) (sideup sheet1 front 77-0-344)
    add: (location sheet1 uc1_onramp-ube_exit 0-16-16) (none-of-those 31-1-253)
    del: (location sheet1 ube_entry-uc1_offramp 0-14-14) (notprintedwith sheet1 front black 31-0-252)
  (ube-simplex-letter sheet1 front image-9), cost: 123749
    pre: (location sheet1 ube_entry-uc1_offramp 0-14-14) (notprintedwith sheet1 front black 31-0-252) (available ube-rsrc 61-0-312) (sideup sheet1 front 77-0-344)
    add: (location sheet1 uc1_onramp-ube_exit 0-16-16) (none-of-those 31-1-253)
    del: (location sheet1 ube_entry-uc1_offramp 0-14-14) (notprintedwith sheet1 front black 31-0-252)
  (ube-simplex-letter sheet10 back image-10), cost: 123749
    pre: (location sheet10 ube_entry-uc1_offramp 9-13-202) (notprintedwith sheet10 back black 33-0-256) (available ube-rsrc 61-0-312) (sideup sheet10 back 78-0-346)
    add: (location sheet10 uc1_onramp-ube_exit 9-15-204) (none-of-those 33-1-257)
    del: (location sheet10 ube_entry-uc1_offramp 9-13-202) (notprintedwith sheet10 back black 33-0-256)
  (ube-simplex-letter sheet10 back image-3), cost: 123749
    pre: (location sheet10 ube_entry-uc1_offramp 9-13-202) (notprintedwith sheet10 back black 33-0-256) (available ube-rsrc 61-0-312) (sideup sheet10 back 78-0-346)
    add: (location sheet10 uc1_onramp-ube_exit 9-15-204) (none-of-those 33-1-257)
    del: (location sheet10 ube_entry-uc1_offramp 9-13-202) (notprintedwith sheet10 back black 33-0-256)
  (ube-simplex-letter sheet10 back image-4), cost: 123749
    pre: (location sheet10 ube_entry-uc1_offramp 9-13-202) (notprintedwith sheet10 back black 33-0-256) (available ube-rsrc 61-0-312) (sideup sheet10 back 78-0-346)
    add: (location sheet10 uc1_onramp-ube_exit 9-15-204) (none-of-those 33-1-257)
    del: (location sheet10 ube_entry-uc1_offramp 9-13-202) (notprintedwith sheet10 back black 33-0-256)
  (ube-simplex-letter sheet10 back image-5), cost: 123749
    pre: (location sheet10 ube_entry-uc1_offramp 9-13-202) (notprintedwith sheet10 back black 33-0-256) (available ube-rsrc 61-0-312) (sideup sheet10 back 78-0-346)
    add: (location sheet10 uc1_onramp-ube_exit 9-15-204) (none-of-those 33-1-257)
    del: (location sheet10 ube_entry-uc1_offramp 9-13-202) (notprintedwith sheet10 back black 33-0-256)
  (ube-simplex-letter sheet10 back image-7), cost: 123749
    pre: (location sheet10 ube_entry-uc1_offramp 9-13-202) (notprintedwith sheet10 back black 33-0-256) (available ube-rsrc 61-0-312) (sideup sheet10 back 78-0-346)
    add: (location sheet10 uc1_onramp-ube_exit 9-15-204) (none-of-those 33-1-257)
    del: (location sheet10 ube_entry-uc1_offramp 9-13-202) (notprintedwith sheet10 back black 33-0-256)
  (ube-simplex-letter sheet10 back image-9), cost: 123749
    pre: (location sheet10 ube_entry-uc1_offramp 9-13-202) (notprintedwith sheet10 back black 33-0-256) (available ube-rsrc 61-0-312) (sideup sheet10 back 78-0-346)
    add: (location sheet10 uc1_onramp-ube_exit 9-15-204) (none-of-those 33-1-257)
    del: (location sheet10 ube_entry-uc1_offramp 9-13-202) (notprintedwith sheet10 back black 33-0-256)
  (ube-simplex-letter sheet10 front image-10), cost: 123749
    pre: (location sheet10 ube_entry-uc1_offramp 9-13-202) (notprintedwith sheet10 front black 35-0-260) (available ube-rsrc 61-0-312) (sideup sheet10 front 79-0-348)
    add: (location sheet10 uc1_onramp-ube_exit 9-15-204) (none-of-those 35-1-261) (hasimage sheet10 front image-10 66-0-322)
    del: (location sheet10 ube_entry-uc1_offramp 9-13-202) (notprintedwith sheet10 front black 35-0-260) (none-of-those 66-1-323)
  (ube-simplex-letter sheet10 front image-3), cost: 123749
    pre: (location sheet10 ube_entry-uc1_offramp 9-13-202) (notprintedwith sheet10 front black 35-0-260) (available ube-rsrc 61-0-312) (sideup sheet10 front 79-0-348)
    add: (location sheet10 uc1_onramp-ube_exit 9-15-204) (none-of-those 35-1-261)
    del: (location sheet10 ube_entry-uc1_offramp 9-13-202) (notprintedwith sheet10 front black 35-0-260)
  (ube-simplex-letter sheet10 front image-4), cost: 123749
    pre: (location sheet10 ube_entry-uc1_offramp 9-13-202) (notprintedwith sheet10 front black 35-0-260) (available ube-rsrc 61-0-312) (sideup sheet10 front 79-0-348)
    add: (location sheet10 uc1_onramp-ube_exit 9-15-204) (none-of-those 35-1-261)
    del: (location sheet10 ube_entry-uc1_offramp 9-13-202) (notprintedwith sheet10 front black 35-0-260)
  (ube-simplex-letter sheet10 front image-5), cost: 123749
    pre: (location sheet10 ube_entry-uc1_offramp 9-13-202) (notprintedwith sheet10 front black 35-0-260) (available ube-rsrc 61-0-312) (sideup sheet10 front 79-0-348)
    add: (location sheet10 uc1_onramp-ube_exit 9-15-204) (none-of-those 35-1-261)
    del: (location sheet10 ube_entry-uc1_offramp 9-13-202) (notprintedwith sheet10 front black 35-0-260)
  (ube-simplex-letter sheet10 front image-7), cost: 123749
    pre: (location sheet10 ube_entry-uc1_offramp 9-13-202) (notprintedwith sheet10 front black 35-0-260) (available ube-rsrc 61-0-312) (sideup sheet10 front 79-0-348)
    add: (location sheet10 uc1_onramp-ube_exit 9-15-204) (none-of-those 35-1-261)
    del: (location sheet10 ube_entry-uc1_offramp 9-13-202) (notprintedwith sheet10 front black 35-0-260)
  (ube-simplex-letter sheet10 front image-9), cost: 123749
    pre: (location sheet10 ube_entry-uc1_offramp 9-13-202) (notprintedwith sheet10 front black 35-0-260) (available ube-rsrc 61-0-312) (sideup sheet10 front 79-0-348)
    add: (location sheet10 uc1_onramp-ube_exit 9-15-204) (none-of-those 35-1-261)
    del: (location sheet10 ube_entry-uc1_offramp 9-13-202) (notprintedwith sheet10 front black 35-0-260)
  (ube-simplex-letter sheet2 back image-10), cost: 123749
    pre: (location sheet2 ube_entry-uc1_offramp 1-14-35) (notprintedwith sheet2 back black 37-0-264) (available ube-rsrc 61-0-312) (sideup sheet2 back 80-0-350)
    add: (location sheet2 uc1_onramp-ube_exit 1-16-37) (none-of-those 37-1-265)
    del: (location sheet2 ube_entry-uc1_offramp 1-14-35) (notprintedwith sheet2 back black 37-0-264)
  (ube-simplex-letter sheet2 back image-3), cost: 123749
    pre: (location sheet2 ube_entry-uc1_offramp 1-14-35) (notprintedwith sheet2 back black 37-0-264) (available ube-rsrc 61-0-312) (sideup sheet2 back 80-0-350)
    add: (location sheet2 uc1_onramp-ube_exit 1-16-37) (none-of-those 37-1-265)
    del: (location sheet2 ube_entry-uc1_offramp 1-14-35) (notprintedwith sheet2 back black 37-0-264)
  (ube-simplex-letter sheet2 back image-4), cost: 123749
    pre: (location sheet2 ube_entry-uc1_offramp 1-14-35) (notprintedwith sheet2 back black 37-0-264) (available ube-rsrc 61-0-312) (sideup sheet2 back 80-0-350)
    add: (location sheet2 uc1_onramp-ube_exit 1-16-37) (none-of-those 37-1-265)
    del: (location sheet2 ube_entry-uc1_offramp 1-14-35) (notprintedwith sheet2 back black 37-0-264)
  (ube-simplex-letter sheet2 back image-5), cost: 123749
    pre: (location sheet2 ube_entry-uc1_offramp 1-14-35) (notprintedwith sheet2 back black 37-0-264) (available ube-rsrc 61-0-312) (sideup sheet2 back 80-0-350)
    add: (location sheet2 uc1_onramp-ube_exit 1-16-37) (none-of-those 37-1-265)
    del: (location sheet2 ube_entry-uc1_offramp 1-14-35) (notprintedwith sheet2 back black 37-0-264)
  (ube-simplex-letter sheet2 back image-7), cost: 123749
    pre: (location sheet2 ube_entry-uc1_offramp 1-14-35) (notprintedwith sheet2 back black 37-0-264) (available ube-rsrc 61-0-312) (sideup sheet2 back 80-0-350)
    add: (location sheet2 uc1_onramp-ube_exit 1-16-37) (none-of-those 37-1-265)
    del: (location sheet2 ube_entry-uc1_offramp 1-14-35) (notprintedwith sheet2 back black 37-0-264)
  (ube-simplex-letter sheet2 back image-9), cost: 123749
    pre: (location sheet2 ube_entry-uc1_offramp 1-14-35) (notprintedwith sheet2 back black 37-0-264) (available ube-rsrc 61-0-312) (sideup sheet2 back 80-0-350)
    add: (location sheet2 uc1_onramp-ube_exit 1-16-37) (none-of-those 37-1-265)
    del: (location sheet2 ube_entry-uc1_offramp 1-14-35) (notprintedwith sheet2 back black 37-0-264)
  (ube-simplex-letter sheet2 front image-10), cost: 123749
    pre: (location sheet2 ube_entry-uc1_offramp 1-14-35) (notprintedwith sheet2 front black 39-0-268) (available ube-rsrc 61-0-312) (sideup sheet2 front 81-0-352)
    add: (location sheet2 uc1_onramp-ube_exit 1-16-37) (none-of-those 39-1-269)
    del: (location sheet2 ube_entry-uc1_offramp 1-14-35) (notprintedwith sheet2 front black 39-0-268)
  (ube-simplex-letter sheet2 front image-3), cost: 123749
    pre: (location sheet2 ube_entry-uc1_offramp 1-14-35) (notprintedwith sheet2 front black 39-0-268) (available ube-rsrc 61-0-312) (sideup sheet2 front 81-0-352)
    add: (location sheet2 uc1_onramp-ube_exit 1-16-37) (none-of-those 39-1-269)
    del: (location sheet2 ube_entry-uc1_offramp 1-14-35) (notprintedwith sheet2 front black 39-0-268)
  (ube-simplex-letter sheet2 front image-4), cost: 123749
    pre: (location sheet2 ube_entry-uc1_offramp 1-14-35) (notprintedwith sheet2 front black 39-0-268) (available ube-rsrc 61-0-312) (sideup sheet2 front 81-0-352)
    add: (location sheet2 uc1_onramp-ube_exit 1-16-37) (none-of-those 39-1-269)
    del: (location sheet2 ube_entry-uc1_offramp 1-14-35) (notprintedwith sheet2 front black 39-0-268)
  (ube-simplex-letter sheet2 front image-5), cost: 123749
    pre: (location sheet2 ube_entry-uc1_offramp 1-14-35) (notprintedwith sheet2 front black 39-0-268) (available ube-rsrc 61-0-312) (sideup sheet2 front 81-0-352)
    add: (location sheet2 uc1_onramp-ube_exit 1-16-37) (none-of-those 39-1-269)
    del: (location sheet2 ube_entry-uc1_offramp 1-14-35) (notprintedwith sheet2 front black 39-0-268)
  (ube-simplex-letter sheet2 front image-7), cost: 123749
    pre: (location sheet2 ube_entry-uc1_offramp 1-14-35) (notprintedwith sheet2 front black 39-0-268) (available ube-rsrc 61-0-312) (sideup sheet2 front 81-0-352)
    add: (location sheet2 uc1_onramp-ube_exit 1-16-37) (none-of-those 39-1-269)
    del: (location sheet2 ube_entry-uc1_offramp 1-14-35) (notprintedwith sheet2 front black 39-0-268)
  (ube-simplex-letter sheet2 front image-9), cost: 123749
    pre: (location sheet2 ube_entry-uc1_offramp 1-14-35) (notprintedwith sheet2 front black 39-0-268) (available ube-rsrc 61-0-312) (sideup sheet2 front 81-0-352)
    add: (location sheet2 uc1_onramp-ube_exit 1-16-37) (none-of-those 39-1-269)
    del: (location sheet2 ube_entry-uc1_offramp 1-14-35) (notprintedwith sheet2 front black 39-0-268)
  (ube-simplex-letter sheet3 back image-10), cost: 123749
    pre: (location sheet3 ube_entry-uc1_offramp 2-14-56) (notprintedwith sheet3 back black 41-0-272) (available ube-rsrc 61-0-312) (sideup sheet3 back 82-0-354)
    add: (location sheet3 uc1_onramp-ube_exit 2-16-58) (none-of-those 41-1-273)
    del: (location sheet3 ube_entry-uc1_offramp 2-14-56) (notprintedwith sheet3 back black 41-0-272)
  (ube-simplex-letter sheet3 back image-3), cost: 123749
    pre: (location sheet3 ube_entry-uc1_offramp 2-14-56) (notprintedwith sheet3 back black 41-0-272) (available ube-rsrc 61-0-312) (sideup sheet3 back 82-0-354)
    add: (location sheet3 uc1_onramp-ube_exit 2-16-58) (none-of-those 41-1-273)
    del: (location sheet3 ube_entry-uc1_offramp 2-14-56) (notprintedwith sheet3 back black 41-0-272)
  (ube-simplex-letter sheet3 back image-4), cost: 123749
    pre: (location sheet3 ube_entry-uc1_offramp 2-14-56) (notprintedwith sheet3 back black 41-0-272) (available ube-rsrc 61-0-312) (sideup sheet3 back 82-0-354)
    add: (location sheet3 uc1_onramp-ube_exit 2-16-58) (none-of-those 41-1-273)
    del: (location sheet3 ube_entry-uc1_offramp 2-14-56) (notprintedwith sheet3 back black 41-0-272)
  (ube-simplex-letter sheet3 back image-5), cost: 123749
    pre: (location sheet3 ube_entry-uc1_offramp 2-14-56) (notprintedwith sheet3 back black 41-0-272) (available ube-rsrc 61-0-312) (sideup sheet3 back 82-0-354)
    add: (location sheet3 uc1_onramp-ube_exit 2-16-58) (none-of-those 41-1-273)
    del: (location sheet3 ube_entry-uc1_offramp 2-14-56) (notprintedwith sheet3 back black 41-0-272)
  (ube-simplex-letter sheet3 back image-7), cost: 123749
    pre: (location sheet3 ube_entry-uc1_offramp 2-14-56) (notprintedwith sheet3 back black 41-0-272) (available ube-rsrc 61-0-312) (sideup sheet3 back 82-0-354)
    add: (location sheet3 uc1_onramp-ube_exit 2-16-58) (none-of-those 41-1-273)
    del: (location sheet3 ube_entry-uc1_offramp 2-14-56) (notprintedwith sheet3 back black 41-0-272)
  (ube-simplex-letter sheet3 back image-9), cost: 123749
    pre: (location sheet3 ube_entry-uc1_offramp 2-14-56) (notprintedwith sheet3 back black 41-0-272) (available ube-rsrc 61-0-312) (sideup sheet3 back 82-0-354)
    add: (location sheet3 uc1_onramp-ube_exit 2-16-58) (none-of-those 41-1-273)
    del: (location sheet3 ube_entry-uc1_offramp 2-14-56) (notprintedwith sheet3 back black 41-0-272)
  (ube-simplex-letter sheet3 front image-10), cost: 123749
    pre: (location sheet3 ube_entry-uc1_offramp 2-14-56) (notprintedwith sheet3 front black 43-0-276) (available ube-rsrc 61-0-312) (sideup sheet3 front 83-0-356)
    add: (location sheet3 uc1_onramp-ube_exit 2-16-58) (none-of-those 43-1-277)
    del: (location sheet3 ube_entry-uc1_offramp 2-14-56) (notprintedwith sheet3 front black 43-0-276)
  (ube-simplex-letter sheet3 front image-3), cost: 123749
    pre: (location sheet3 ube_entry-uc1_offramp 2-14-56) (notprintedwith sheet3 front black 43-0-276) (available ube-rsrc 61-0-312) (sideup sheet3 front 83-0-356)
    add: (location sheet3 uc1_onramp-ube_exit 2-16-58) (none-of-those 43-1-277) (hasimage sheet3 front image-3 68-0-326)
    del: (location sheet3 ube_entry-uc1_offramp 2-14-56) (notprintedwith sheet3 front black 43-0-276) (none-of-those 68-1-327)
  (ube-simplex-letter sheet3 front image-4), cost: 123749
    pre: (location sheet3 ube_entry-uc1_offramp 2-14-56) (notprintedwith sheet3 front black 43-0-276) (available ube-rsrc 61-0-312) (sideup sheet3 front 83-0-356)
    add: (location sheet3 uc1_onramp-ube_exit 2-16-58) (none-of-those 43-1-277)
    del: (location sheet3 ube_entry-uc1_offramp 2-14-56) (notprintedwith sheet3 front black 43-0-276)
  (ube-simplex-letter sheet3 front image-5), cost: 123749
    pre: (location sheet3 ube_entry-uc1_offramp 2-14-56) (notprintedwith sheet3 front black 43-0-276) (available ube-rsrc 61-0-312) (sideup sheet3 front 83-0-356)
    add: (location sheet3 uc1_onramp-ube_exit 2-16-58) (none-of-those 43-1-277)
    del: (location sheet3 ube_entry-uc1_offramp 2-14-56) (notprintedwith sheet3 front black 43-0-276)
  (ube-simplex-letter sheet3 front image-7), cost: 123749
    pre: (location sheet3 ube_entry-uc1_offramp 2-14-56) (notprintedwith sheet3 front black 43-0-276) (available ube-rsrc 61-0-312) (sideup sheet3 front 83-0-356)
    add: (location sheet3 uc1_onramp-ube_exit 2-16-58) (none-of-those 43-1-277)
    del: (location sheet3 ube_entry-uc1_offramp 2-14-56) (notprintedwith sheet3 front black 43-0-276)
  (ube-simplex-letter sheet3 front image-9), cost: 123749
    pre: (location sheet3 ube_entry-uc1_offramp 2-14-56) (notprintedwith sheet3 front black 43-0-276) (available ube-rsrc 61-0-312) (sideup sheet3 front 83-0-356)
    add: (location sheet3 uc1_onramp-ube_exit 2-16-58) (none-of-those 43-1-277)
    del: (location sheet3 ube_entry-uc1_offramp 2-14-56) (notprintedwith sheet3 front black 43-0-276)
  (ube-simplex-letter sheet4 back image-10), cost: 123749
    pre: (location sheet4 ube_entry-uc1_offramp 3-14-77) (notprintedwith sheet4 back black 45-0-280) (available ube-rsrc 61-0-312) (sideup sheet4 back 84-0-358)
    add: (location sheet4 uc1_onramp-ube_exit 3-16-79) (none-of-those 45-1-281)
    del: (location sheet4 ube_entry-uc1_offramp 3-14-77) (notprintedwith sheet4 back black 45-0-280)
  (ube-simplex-letter sheet4 back image-3), cost: 123749
    pre: (location sheet4 ube_entry-uc1_offramp 3-14-77) (notprintedwith sheet4 back black 45-0-280) (available ube-rsrc 61-0-312) (sideup sheet4 back 84-0-358)
    add: (location sheet4 uc1_onramp-ube_exit 3-16-79) (none-of-those 45-1-281)
    del: (location sheet4 ube_entry-uc1_offramp 3-14-77) (notprintedwith sheet4 back black 45-0-280)
  (ube-simplex-letter sheet4 back image-4), cost: 123749
    pre: (location sheet4 ube_entry-uc1_offramp 3-14-77) (notprintedwith sheet4 back black 45-0-280) (available ube-rsrc 61-0-312) (sideup sheet4 back 84-0-358)
    add: (location sheet4 uc1_onramp-ube_exit 3-16-79) (none-of-those 45-1-281)
    del: (location sheet4 ube_entry-uc1_offramp 3-14-77) (notprintedwith sheet4 back black 45-0-280)
  (ube-simplex-letter sheet4 back image-5), cost: 123749
    pre: (location sheet4 ube_entry-uc1_offramp 3-14-77) (notprintedwith sheet4 back black 45-0-280) (available ube-rsrc 61-0-312) (sideup sheet4 back 84-0-358)
    add: (location sheet4 uc1_onramp-ube_exit 3-16-79) (none-of-those 45-1-281)
    del: (location sheet4 ube_entry-uc1_offramp 3-14-77) (notprintedwith sheet4 back black 45-0-280)
  (ube-simplex-letter sheet4 back image-7), cost: 123749
    pre: (location sheet4 ube_entry-uc1_offramp 3-14-77) (notprintedwith sheet4 back black 45-0-280) (available ube-rsrc 61-0-312) (sideup sheet4 back 84-0-358)
    add: (location sheet4 uc1_onramp-ube_exit 3-16-79) (none-of-those 45-1-281)
    del: (location sheet4 ube_entry-uc1_offramp 3-14-77) (notprintedwith sheet4 back black 45-0-280)
  (ube-simplex-letter sheet4 back image-9), cost: 123749
    pre: (location sheet4 ube_entry-uc1_offramp 3-14-77) (notprintedwith sheet4 back black 45-0-280) (available ube-rsrc 61-0-312) (sideup sheet4 back 84-0-358)
    add: (location sheet4 uc1_onramp-ube_exit 3-16-79) (none-of-those 45-1-281)
    del: (location sheet4 ube_entry-uc1_offramp 3-14-77) (notprintedwith sheet4 back black 45-0-280)
  (ube-simplex-letter sheet4 front image-10), cost: 123749
    pre: (location sheet4 ube_entry-uc1_offramp 3-14-77) (notprintedwith sheet4 front black 47-0-284) (available ube-rsrc 61-0-312) (sideup sheet4 front 85-0-360)
    add: (location sheet4 uc1_onramp-ube_exit 3-16-79) (none-of-those 47-1-285)
    del: (location sheet4 ube_entry-uc1_offramp 3-14-77) (notprintedwith sheet4 front black 47-0-284)
  (ube-simplex-letter sheet4 front image-3), cost: 123749
    pre: (location sheet4 ube_entry-uc1_offramp 3-14-77) (notprintedwith sheet4 front black 47-0-284) (available ube-rsrc 61-0-312) (sideup sheet4 front 85-0-360)
    add: (location sheet4 uc1_onramp-ube_exit 3-16-79) (none-of-those 47-1-285)
    del: (location sheet4 ube_entry-uc1_offramp 3-14-77) (notprintedwith sheet4 front black 47-0-284)
  (ube-simplex-letter sheet4 front image-4), cost: 123749
    pre: (location sheet4 ube_entry-uc1_offramp 3-14-77) (notprintedwith sheet4 front black 47-0-284) (available ube-rsrc 61-0-312) (sideup sheet4 front 85-0-360)
    add: (location sheet4 uc1_onramp-ube_exit 3-16-79) (none-of-those 47-1-285) (hasimage sheet4 front image-4 69-0-328)
    del: (location sheet4 ube_entry-uc1_offramp 3-14-77) (notprintedwith sheet4 front black 47-0-284) (none-of-those 69-1-329)
  (ube-simplex-letter sheet4 front image-5), cost: 123749
    pre: (location sheet4 ube_entry-uc1_offramp 3-14-77) (notprintedwith sheet4 front black 47-0-284) (available ube-rsrc 61-0-312) (sideup sheet4 front 85-0-360)
    add: (location sheet4 uc1_onramp-ube_exit 3-16-79) (none-of-those 47-1-285)
    del: (location sheet4 ube_entry-uc1_offramp 3-14-77) (notprintedwith sheet4 front black 47-0-284)
  (ube-simplex-letter sheet4 front image-7), cost: 123749
    pre: (location sheet4 ube_entry-uc1_offramp 3-14-77) (notprintedwith sheet4 front black 47-0-284) (available ube-rsrc 61-0-312) (sideup sheet4 front 85-0-360)
    add: (location sheet4 uc1_onramp-ube_exit 3-16-79) (none-of-those 47-1-285)
    del: (location sheet4 ube_entry-uc1_offramp 3-14-77) (notprintedwith sheet4 front black 47-0-284)
  (ube-simplex-letter sheet4 front image-9), cost: 123749
    pre: (location sheet4 ube_entry-uc1_offramp 3-14-77) (notprintedwith sheet4 front black 47-0-284) (available ube-rsrc 61-0-312) (sideup sheet4 front 85-0-360)
    add: (location sheet4 uc1_onramp-ube_exit 3-16-79) (none-of-those 47-1-285)
    del: (location sheet4 ube_entry-uc1_offramp 3-14-77) (notprintedwith sheet4 front black 47-0-284)
  (ube-simplex-letter sheet5 back image-10), cost: 123749
    pre: (location sheet5 ube_entry-uc1_offramp 4-14-98) (notprintedwith sheet5 back black 49-0-288) (available ube-rsrc 61-0-312) (sideup sheet5 back 86-0-362)
    add: (location sheet5 uc1_onramp-ube_exit 4-16-100) (none-of-those 49-1-289)
    del: (location sheet5 ube_entry-uc1_offramp 4-14-98) (notprintedwith sheet5 back black 49-0-288)
  (ube-simplex-letter sheet5 back image-3), cost: 123749
    pre: (location sheet5 ube_entry-uc1_offramp 4-14-98) (notprintedwith sheet5 back black 49-0-288) (available ube-rsrc 61-0-312) (sideup sheet5 back 86-0-362)
    add: (location sheet5 uc1_onramp-ube_exit 4-16-100) (none-of-those 49-1-289)
    del: (location sheet5 ube_entry-uc1_offramp 4-14-98) (notprintedwith sheet5 back black 49-0-288)
  (ube-simplex-letter sheet5 back image-4), cost: 123749
    pre: (location sheet5 ube_entry-uc1_offramp 4-14-98) (notprintedwith sheet5 back black 49-0-288) (available ube-rsrc 61-0-312) (sideup sheet5 back 86-0-362)
    add: (location sheet5 uc1_onramp-ube_exit 4-16-100) (none-of-those 49-1-289)
    del: (location sheet5 ube_entry-uc1_offramp 4-14-98) (notprintedwith sheet5 back black 49-0-288)
  (ube-simplex-letter sheet5 back image-5), cost: 123749
    pre: (location sheet5 ube_entry-uc1_offramp 4-14-98) (notprintedwith sheet5 back black 49-0-288) (available ube-rsrc 61-0-312) (sideup sheet5 back 86-0-362)
    add: (location sheet5 uc1_onramp-ube_exit 4-16-100) (none-of-those 49-1-289)
    del: (location sheet5 ube_entry-uc1_offramp 4-14-98) (notprintedwith sheet5 back black 49-0-288)
  (ube-simplex-letter sheet5 back image-7), cost: 123749
    pre: (location sheet5 ube_entry-uc1_offramp 4-14-98) (notprintedwith sheet5 back black 49-0-288) (available ube-rsrc 61-0-312) (sideup sheet5 back 86-0-362)
    add: (location sheet5 uc1_onramp-ube_exit 4-16-100) (none-of-those 49-1-289)
    del: (location sheet5 ube_entry-uc1_offramp 4-14-98) (notprintedwith sheet5 back black 49-0-288)
  (ube-simplex-letter sheet5 back image-9), cost: 123749
    pre: (location sheet5 ube_entry-uc1_offramp 4-14-98) (notprintedwith sheet5 back black 49-0-288) (available ube-rsrc 61-0-312) (sideup sheet5 back 86-0-362)
    add: (location sheet5 uc1_onramp-ube_exit 4-16-100) (none-of-those 49-1-289)
    del: (location sheet5 ube_entry-uc1_offramp 4-14-98) (notprintedwith sheet5 back black 49-0-288)
  (ube-simplex-letter sheet5 front image-10), cost: 123749
    pre: (location sheet5 ube_entry-uc1_offramp 4-14-98) (notprintedwith sheet5 front black 10-0-210) (available ube-rsrc 61-0-312) (sideup sheet5 front 87-0-364)
    add: (location sheet5 uc1_onramp-ube_exit 4-16-100) (none-of-those 10-1-211)
    del: (location sheet5 ube_entry-uc1_offramp 4-14-98) (notprintedwith sheet5 front black 10-0-210)
  (ube-simplex-letter sheet5 front image-3), cost: 123749
    pre: (location sheet5 ube_entry-uc1_offramp 4-14-98) (notprintedwith sheet5 front black 10-0-210) (available ube-rsrc 61-0-312) (sideup sheet5 front 87-0-364)
    add: (location sheet5 uc1_onramp-ube_exit 4-16-100) (none-of-those 10-1-211)
    del: (location sheet5 ube_entry-uc1_offramp 4-14-98) (notprintedwith sheet5 front black 10-0-210)
  (ube-simplex-letter sheet5 front image-4), cost: 123749
    pre: (location sheet5 ube_entry-uc1_offramp 4-14-98) (notprintedwith sheet5 front black 10-0-210) (available ube-rsrc 61-0-312) (sideup sheet5 front 87-0-364)
    add: (location sheet5 uc1_onramp-ube_exit 4-16-100) (none-of-those 10-1-211)
    del: (location sheet5 ube_entry-uc1_offramp 4-14-98) (notprintedwith sheet5 front black 10-0-210)
  (ube-simplex-letter sheet5 front image-5), cost: 123749
    pre: (location sheet5 ube_entry-uc1_offramp 4-14-98) (notprintedwith sheet5 front black 10-0-210) (available ube-rsrc 61-0-312) (sideup sheet5 front 87-0-364)
    add: (location sheet5 uc1_onramp-ube_exit 4-16-100) (none-of-those 10-1-211) (hasimage sheet5 front image-5 70-0-330)
    del: (location sheet5 ube_entry-uc1_offramp 4-14-98) (notprintedwith sheet5 front black 10-0-210) (none-of-those 70-1-331)
  (ube-simplex-letter sheet5 front image-7), cost: 123749
    pre: (location sheet5 ube_entry-uc1_offramp 4-14-98) (notprintedwith sheet5 front black 10-0-210) (available ube-rsrc 61-0-312) (sideup sheet5 front 87-0-364)
    add: (location sheet5 uc1_onramp-ube_exit 4-16-100) (none-of-those 10-1-211)
    del: (location sheet5 ube_entry-uc1_offramp 4-14-98) (notprintedwith sheet5 front black 10-0-210)
  (ube-simplex-letter sheet5 front image-9), cost: 123749
    pre: (location sheet5 ube_entry-uc1_offramp 4-14-98) (notprintedwith sheet5 front black 10-0-210) (available ube-rsrc 61-0-312) (sideup sheet5 front 87-0-364)
    add: (location sheet5 uc1_onramp-ube_exit 4-16-100) (none-of-those 10-1-211)
    del: (location sheet5 ube_entry-uc1_offramp 4-14-98) (notprintedwith sheet5 front black 10-0-210)
  (ube-simplex-letter sheet6 back image-10), cost: 123749
    pre: (location sheet6 ube_entry-uc1_offramp 5-14-119) (notprintedwith sheet6 back black 12-0-214) (available ube-rsrc 61-0-312) (sideup sheet6 back 88-0-366)
    add: (location sheet6 uc1_onramp-ube_exit 5-16-121) (none-of-those 12-1-215)
    del: (location sheet6 ube_entry-uc1_offramp 5-14-119) (notprintedwith sheet6 back black 12-0-214)
  (ube-simplex-letter sheet6 back image-3), cost: 123749
    pre: (location sheet6 ube_entry-uc1_offramp 5-14-119) (notprintedwith sheet6 back black 12-0-214) (available ube-rsrc 61-0-312) (sideup sheet6 back 88-0-366)
    add: (location sheet6 uc1_onramp-ube_exit 5-16-121) (none-of-those 12-1-215)
    del: (location sheet6 ube_entry-uc1_offramp 5-14-119) (notprintedwith sheet6 back black 12-0-214)
  (ube-simplex-letter sheet6 back image-4), cost: 123749
    pre: (location sheet6 ube_entry-uc1_offramp 5-14-119) (notprintedwith sheet6 back black 12-0-214) (available ube-rsrc 61-0-312) (sideup sheet6 back 88-0-366)
    add: (location sheet6 uc1_onramp-ube_exit 5-16-121) (none-of-those 12-1-215)
    del: (location sheet6 ube_entry-uc1_offramp 5-14-119) (notprintedwith sheet6 back black 12-0-214)
  (ube-simplex-letter sheet6 back image-5), cost: 123749
    pre: (location sheet6 ube_entry-uc1_offramp 5-14-119) (notprintedwith sheet6 back black 12-0-214) (available ube-rsrc 61-0-312) (sideup sheet6 back 88-0-366)
    add: (location sheet6 uc1_onramp-ube_exit 5-16-121) (none-of-those 12-1-215)
    del: (location sheet6 ube_entry-uc1_offramp 5-14-119) (notprintedwith sheet6 back black 12-0-214)
  (ube-simplex-letter sheet6 back image-7), cost: 123749
    pre: (location sheet6 ube_entry-uc1_offramp 5-14-119) (notprintedwith sheet6 back black 12-0-214) (available ube-rsrc 61-0-312) (sideup sheet6 back 88-0-366)
    add: (location sheet6 uc1_onramp-ube_exit 5-16-121) (none-of-those 12-1-215)
    del: (location sheet6 ube_entry-uc1_offramp 5-14-119) (notprintedwith sheet6 back black 12-0-214)
  (ube-simplex-letter sheet6 back image-9), cost: 123749
    pre: (location sheet6 ube_entry-uc1_offramp 5-14-119) (notprintedwith sheet6 back black 12-0-214) (available ube-rsrc 61-0-312) (sideup sheet6 back 88-0-366)
    add: (location sheet6 uc1_onramp-ube_exit 5-16-121) (none-of-those 12-1-215)
    del: (location sheet6 ube_entry-uc1_offramp 5-14-119) (notprintedwith sheet6 back black 12-0-214)
  (ube-simplex-letter sheet6 front image-10), cost: 123749
    pre: (location sheet6 ube_entry-uc1_offramp 5-14-119) (notprintedwith sheet6 front black 14-0-218) (available ube-rsrc 61-0-312) (sideup sheet6 front 89-0-368)
    add: (location sheet6 uc1_onramp-ube_exit 5-16-121) (none-of-those 14-1-219)
    del: (location sheet6 ube_entry-uc1_offramp 5-14-119) (notprintedwith sheet6 front black 14-0-218)
  (ube-simplex-letter sheet6 front image-3), cost: 123749
    pre: (location sheet6 ube_entry-uc1_offramp 5-14-119) (notprintedwith sheet6 front black 14-0-218) (available ube-rsrc 61-0-312) (sideup sheet6 front 89-0-368)
    add: (location sheet6 uc1_onramp-ube_exit 5-16-121) (none-of-those 14-1-219)
    del: (location sheet6 ube_entry-uc1_offramp 5-14-119) (notprintedwith sheet6 front black 14-0-218)
  (ube-simplex-letter sheet6 front image-4), cost: 123749
    pre: (location sheet6 ube_entry-uc1_offramp 5-14-119) (notprintedwith sheet6 front black 14-0-218) (available ube-rsrc 61-0-312) (sideup sheet6 front 89-0-368)
    add: (location sheet6 uc1_onramp-ube_exit 5-16-121) (none-of-those 14-1-219)
    del: (location sheet6 ube_entry-uc1_offramp 5-14-119) (notprintedwith sheet6 front black 14-0-218)
  (ube-simplex-letter sheet6 front image-5), cost: 123749
    pre: (location sheet6 ube_entry-uc1_offramp 5-14-119) (notprintedwith sheet6 front black 14-0-218) (available ube-rsrc 61-0-312) (sideup sheet6 front 89-0-368)
    add: (location sheet6 uc1_onramp-ube_exit 5-16-121) (none-of-those 14-1-219)
    del: (location sheet6 ube_entry-uc1_offramp 5-14-119) (notprintedwith sheet6 front black 14-0-218)
  (ube-simplex-letter sheet6 front image-7), cost: 123749
    pre: (location sheet6 ube_entry-uc1_offramp 5-14-119) (notprintedwith sheet6 front black 14-0-218) (available ube-rsrc 61-0-312) (sideup sheet6 front 89-0-368)
    add: (location sheet6 uc1_onramp-ube_exit 5-16-121) (none-of-those 14-1-219)
    del: (location sheet6 ube_entry-uc1_offramp 5-14-119) (notprintedwith sheet6 front black 14-0-218)
  (ube-simplex-letter sheet6 front image-9), cost: 123749
    pre: (location sheet6 ube_entry-uc1_offramp 5-14-119) (notprintedwith sheet6 front black 14-0-218) (available ube-rsrc 61-0-312) (sideup sheet6 front 89-0-368)
    add: (location sheet6 uc1_onramp-ube_exit 5-16-121) (none-of-those 14-1-219)
    del: (location sheet6 ube_entry-uc1_offramp 5-14-119) (notprintedwith sheet6 front black 14-0-218)
  (ube-simplex-letter sheet7 back image-10), cost: 123749
    pre: (location sheet7 ube_entry-uc1_offramp 6-14-140) (notprintedwith sheet7 back black 16-0-222) (available ube-rsrc 61-0-312) (sideup sheet7 back 90-0-370)
    add: (location sheet7 uc1_onramp-ube_exit 6-16-142) (none-of-those 16-1-223)
    del: (location sheet7 ube_entry-uc1_offramp 6-14-140) (notprintedwith sheet7 back black 16-0-222)
  (ube-simplex-letter sheet7 back image-3), cost: 123749
    pre: (location sheet7 ube_entry-uc1_offramp 6-14-140) (notprintedwith sheet7 back black 16-0-222) (available ube-rsrc 61-0-312) (sideup sheet7 back 90-0-370)
    add: (location sheet7 uc1_onramp-ube_exit 6-16-142) (none-of-those 16-1-223)
    del: (location sheet7 ube_entry-uc1_offramp 6-14-140) (notprintedwith sheet7 back black 16-0-222)
  (ube-simplex-letter sheet7 back image-4), cost: 123749
    pre: (location sheet7 ube_entry-uc1_offramp 6-14-140) (notprintedwith sheet7 back black 16-0-222) (available ube-rsrc 61-0-312) (sideup sheet7 back 90-0-370)
    add: (location sheet7 uc1_onramp-ube_exit 6-16-142) (none-of-those 16-1-223)
    del: (location sheet7 ube_entry-uc1_offramp 6-14-140) (notprintedwith sheet7 back black 16-0-222)
  (ube-simplex-letter sheet7 back image-5), cost: 123749
    pre: (location sheet7 ube_entry-uc1_offramp 6-14-140) (notprintedwith sheet7 back black 16-0-222) (available ube-rsrc 61-0-312) (sideup sheet7 back 90-0-370)
    add: (location sheet7 uc1_onramp-ube_exit 6-16-142) (none-of-those 16-1-223)
    del: (location sheet7 ube_entry-uc1_offramp 6-14-140) (notprintedwith sheet7 back black 16-0-222)
  (ube-simplex-letter sheet7 back image-7), cost: 123749
    pre: (location sheet7 ube_entry-uc1_offramp 6-14-140) (notprintedwith sheet7 back black 16-0-222) (available ube-rsrc 61-0-312) (sideup sheet7 back 90-0-370)
    add: (location sheet7 uc1_onramp-ube_exit 6-16-142) (none-of-those 16-1-223)
    del: (location sheet7 ube_entry-uc1_offramp 6-14-140) (notprintedwith sheet7 back black 16-0-222)
  (ube-simplex-letter sheet7 back image-9), cost: 123749
    pre: (location sheet7 ube_entry-uc1_offramp 6-14-140) (notprintedwith sheet7 back black 16-0-222) (available ube-rsrc 61-0-312) (sideup sheet7 back 90-0-370)
    add: (location sheet7 uc1_onramp-ube_exit 6-16-142) (none-of-those 16-1-223)
    del: (location sheet7 ube_entry-uc1_offramp 6-14-140) (notprintedwith sheet7 back black 16-0-222)
  (ube-simplex-letter sheet7 front image-10), cost: 123749
    pre: (location sheet7 ube_entry-uc1_offramp 6-14-140) (notprintedwith sheet7 front black 18-0-226) (available ube-rsrc 61-0-312) (sideup sheet7 front 91-0-372)
    add: (location sheet7 uc1_onramp-ube_exit 6-16-142) (none-of-those 18-1-227)
    del: (location sheet7 ube_entry-uc1_offramp 6-14-140) (notprintedwith sheet7 front black 18-0-226)
  (ube-simplex-letter sheet7 front image-3), cost: 123749
    pre: (location sheet7 ube_entry-uc1_offramp 6-14-140) (notprintedwith sheet7 front black 18-0-226) (available ube-rsrc 61-0-312) (sideup sheet7 front 91-0-372)
    add: (location sheet7 uc1_onramp-ube_exit 6-16-142) (none-of-those 18-1-227)
    del: (location sheet7 ube_entry-uc1_offramp 6-14-140) (notprintedwith sheet7 front black 18-0-226)
  (ube-simplex-letter sheet7 front image-4), cost: 123749
    pre: (location sheet7 ube_entry-uc1_offramp 6-14-140) (notprintedwith sheet7 front black 18-0-226) (available ube-rsrc 61-0-312) (sideup sheet7 front 91-0-372)
    add: (location sheet7 uc1_onramp-ube_exit 6-16-142) (none-of-those 18-1-227)
    del: (location sheet7 ube_entry-uc1_offramp 6-14-140) (notprintedwith sheet7 front black 18-0-226)
  (ube-simplex-letter sheet7 front image-5), cost: 123749
    pre: (location sheet7 ube_entry-uc1_offramp 6-14-140) (notprintedwith sheet7 front black 18-0-226) (available ube-rsrc 61-0-312) (sideup sheet7 front 91-0-372)
    add: (location sheet7 uc1_onramp-ube_exit 6-16-142) (none-of-those 18-1-227)
    del: (location sheet7 ube_entry-uc1_offramp 6-14-140) (notprintedwith sheet7 front black 18-0-226)
  (ube-simplex-letter sheet7 front image-7), cost: 123749
    pre: (location sheet7 ube_entry-uc1_offramp 6-14-140) (notprintedwith sheet7 front black 18-0-226) (available ube-rsrc 61-0-312) (sideup sheet7 front 91-0-372)
    add: (location sheet7 uc1_onramp-ube_exit 6-16-142) (none-of-those 18-1-227) (hasimage sheet7 front image-7 72-0-334)
    del: (location sheet7 ube_entry-uc1_offramp 6-14-140) (notprintedwith sheet7 front black 18-0-226) (none-of-those 72-1-335)
  (ube-simplex-letter sheet7 front image-9), cost: 123749
    pre: (location sheet7 ube_entry-uc1_offramp 6-14-140) (notprintedwith sheet7 front black 18-0-226) (available ube-rsrc 61-0-312) (sideup sheet7 front 91-0-372)
    add: (location sheet7 uc1_onramp-ube_exit 6-16-142) (none-of-those 18-1-227)
    del: (location sheet7 ube_entry-uc1_offramp 6-14-140) (notprintedwith sheet7 front black 18-0-226)
  (ube-simplex-letter sheet8 back image-10), cost: 123749
    pre: (location sheet8 ube_entry-uc1_offramp 7-14-161) (notprintedwith sheet8 back black 20-0-230) (available ube-rsrc 61-0-312) (sideup sheet8 back 92-0-374)
    add: (location sheet8 uc1_onramp-ube_exit 7-16-163) (none-of-those 20-1-231)
    del: (location sheet8 ube_entry-uc1_offramp 7-14-161) (notprintedwith sheet8 back black 20-0-230)
  (ube-simplex-letter sheet8 back image-3), cost: 123749
    pre: (location sheet8 ube_entry-uc1_offramp 7-14-161) (notprintedwith sheet8 back black 20-0-230) (available ube-rsrc 61-0-312) (sideup sheet8 back 92-0-374)
    add: (location sheet8 uc1_onramp-ube_exit 7-16-163) (none-of-those 20-1-231)
    del: (location sheet8 ube_entry-uc1_offramp 7-14-161) (notprintedwith sheet8 back black 20-0-230)
  (ube-simplex-letter sheet8 back image-4), cost: 123749
    pre: (location sheet8 ube_entry-uc1_offramp 7-14-161) (notprintedwith sheet8 back black 20-0-230) (available ube-rsrc 61-0-312) (sideup sheet8 back 92-0-374)
    add: (location sheet8 uc1_onramp-ube_exit 7-16-163) (none-of-those 20-1-231)
    del: (location sheet8 ube_entry-uc1_offramp 7-14-161) (notprintedwith sheet8 back black 20-0-230)
  (ube-simplex-letter sheet8 back image-5), cost: 123749
    pre: (location sheet8 ube_entry-uc1_offramp 7-14-161) (notprintedwith sheet8 back black 20-0-230) (available ube-rsrc 61-0-312) (sideup sheet8 back 92-0-374)
    add: (location sheet8 uc1_onramp-ube_exit 7-16-163) (none-of-those 20-1-231)
    del: (location sheet8 ube_entry-uc1_offramp 7-14-161) (notprintedwith sheet8 back black 20-0-230)
  (ube-simplex-letter sheet8 back image-7), cost: 123749
    pre: (location sheet8 ube_entry-uc1_offramp 7-14-161) (notprintedwith sheet8 back black 20-0-230) (available ube-rsrc 61-0-312) (sideup sheet8 back 92-0-374)
    add: (location sheet8 uc1_onramp-ube_exit 7-16-163) (none-of-those 20-1-231)
    del: (location sheet8 ube_entry-uc1_offramp 7-14-161) (notprintedwith sheet8 back black 20-0-230)
  (ube-simplex-letter sheet8 back image-9), cost: 123749
    pre: (location sheet8 ube_entry-uc1_offramp 7-14-161) (notprintedwith sheet8 back black 20-0-230) (available ube-rsrc 61-0-312) (sideup sheet8 back 92-0-374)
    add: (location sheet8 uc1_onramp-ube_exit 7-16-163) (none-of-those 20-1-231)
    del: (location sheet8 ube_entry-uc1_offramp 7-14-161) (notprintedwith sheet8 back black 20-0-230)
  (ube-simplex-letter sheet8 front image-10), cost: 123749
    pre: (location sheet8 ube_entry-uc1_offramp 7-14-161) (notprintedwith sheet8 front black 22-0-234) (available ube-rsrc 61-0-312) (sideup sheet8 front 93-0-376)
    add: (location sheet8 uc1_onramp-ube_exit 7-16-163) (none-of-those 22-1-235)
    del: (location sheet8 ube_entry-uc1_offramp 7-14-161) (notprintedwith sheet8 front black 22-0-234)
  (ube-simplex-letter sheet8 front image-3), cost: 123749
    pre: (location sheet8 ube_entry-uc1_offramp 7-14-161) (notprintedwith sheet8 front black 22-0-234) (available ube-rsrc 61-0-312) (sideup sheet8 front 93-0-376)
    add: (location sheet8 uc1_onramp-ube_exit 7-16-163) (none-of-those 22-1-235)
    del: (location sheet8 ube_entry-uc1_offramp 7-14-161) (notprintedwith sheet8 front black 22-0-234)
  (ube-simplex-letter sheet8 front image-4), cost: 123749
    pre: (location sheet8 ube_entry-uc1_offramp 7-14-161) (notprintedwith sheet8 front black 22-0-234) (available ube-rsrc 61-0-312) (sideup sheet8 front 93-0-376)
    add: (location sheet8 uc1_onramp-ube_exit 7-16-163) (none-of-those 22-1-235)
    del: (location sheet8 ube_entry-uc1_offramp 7-14-161) (notprintedwith sheet8 front black 22-0-234)
  (ube-simplex-letter sheet8 front image-5), cost: 123749
    pre: (location sheet8 ube_entry-uc1_offramp 7-14-161) (notprintedwith sheet8 front black 22-0-234) (available ube-rsrc 61-0-312) (sideup sheet8 front 93-0-376)
    add: (location sheet8 uc1_onramp-ube_exit 7-16-163) (none-of-those 22-1-235)
    del: (location sheet8 ube_entry-uc1_offramp 7-14-161) (notprintedwith sheet8 front black 22-0-234)
  (ube-simplex-letter sheet8 front image-7), cost: 123749
    pre: (location sheet8 ube_entry-uc1_offramp 7-14-161) (notprintedwith sheet8 front black 22-0-234) (available ube-rsrc 61-0-312) (sideup sheet8 front 93-0-376)
    add: (location sheet8 uc1_onramp-ube_exit 7-16-163) (none-of-those 22-1-235)
    del: (location sheet8 ube_entry-uc1_offramp 7-14-161) (notprintedwith sheet8 front black 22-0-234)
  (ube-simplex-letter sheet8 front image-9), cost: 123749
    pre: (location sheet8 ube_entry-uc1_offramp 7-14-161) (notprintedwith sheet8 front black 22-0-234) (available ube-rsrc 61-0-312) (sideup sheet8 front 93-0-376)
    add: (location sheet8 uc1_onramp-ube_exit 7-16-163) (none-of-those 22-1-235)
    del: (location sheet8 ube_entry-uc1_offramp 7-14-161) (notprintedwith sheet8 front black 22-0-234)
  (ube-simplex-letter sheet9 back image-10), cost: 123749
    pre: (location sheet9 ube_entry-uc1_offramp 8-14-182) (notprintedwith sheet9 back black 24-0-238) (available ube-rsrc 61-0-312) (sideup sheet9 back 94-0-378)
    add: (location sheet9 uc1_onramp-ube_exit 8-16-184) (none-of-those 24-1-239)
    del: (location sheet9 ube_entry-uc1_offramp 8-14-182) (notprintedwith sheet9 back black 24-0-238)
  (ube-simplex-letter sheet9 back image-3), cost: 123749
    pre: (location sheet9 ube_entry-uc1_offramp 8-14-182) (notprintedwith sheet9 back black 24-0-238) (available ube-rsrc 61-0-312) (sideup sheet9 back 94-0-378)
    add: (location sheet9 uc1_onramp-ube_exit 8-16-184) (none-of-those 24-1-239)
    del: (location sheet9 ube_entry-uc1_offramp 8-14-182) (notprintedwith sheet9 back black 24-0-238)
  (ube-simplex-letter sheet9 back image-4), cost: 123749
    pre: (location sheet9 ube_entry-uc1_offramp 8-14-182) (notprintedwith sheet9 back black 24-0-238) (available ube-rsrc 61-0-312) (sideup sheet9 back 94-0-378)
    add: (location sheet9 uc1_onramp-ube_exit 8-16-184) (none-of-those 24-1-239)
    del: (location sheet9 ube_entry-uc1_offramp 8-14-182) (notprintedwith sheet9 back black 24-0-238)
  (ube-simplex-letter sheet9 back image-5), cost: 123749
    pre: (location sheet9 ube_entry-uc1_offramp 8-14-182) (notprintedwith sheet9 back black 24-0-238) (available ube-rsrc 61-0-312) (sideup sheet9 back 94-0-378)
    add: (location sheet9 uc1_onramp-ube_exit 8-16-184) (none-of-those 24-1-239)
    del: (location sheet9 ube_entry-uc1_offramp 8-14-182) (notprintedwith sheet9 back black 24-0-238)
  (ube-simplex-letter sheet9 back image-7), cost: 123749
    pre: (location sheet9 ube_entry-uc1_offramp 8-14-182) (notprintedwith sheet9 back black 24-0-238) (available ube-rsrc 61-0-312) (sideup sheet9 back 94-0-378)
    add: (location sheet9 uc1_onramp-ube_exit 8-16-184) (none-of-those 24-1-239)
    del: (location sheet9 ube_entry-uc1_offramp 8-14-182) (notprintedwith sheet9 back black 24-0-238)
  (ube-simplex-letter sheet9 back image-9), cost: 123749
    pre: (location sheet9 ube_entry-uc1_offramp 8-14-182) (notprintedwith sheet9 back black 24-0-238) (available ube-rsrc 61-0-312) (sideup sheet9 back 94-0-378)
    add: (location sheet9 uc1_onramp-ube_exit 8-16-184) (none-of-those 24-1-239)
    del: (location sheet9 ube_entry-uc1_offramp 8-14-182) (notprintedwith sheet9 back black 24-0-238)
  (ube-simplex-letter sheet9 front image-10), cost: 123749
    pre: (location sheet9 ube_entry-uc1_offramp 8-14-182) (notprintedwith sheet9 front black 26-0-242) (available ube-rsrc 61-0-312) (sideup sheet9 front 95-0-380)
    add: (location sheet9 uc1_onramp-ube_exit 8-16-184) (none-of-those 26-1-243)
    del: (location sheet9 ube_entry-uc1_offramp 8-14-182) (notprintedwith sheet9 front black 26-0-242)
  (ube-simplex-letter sheet9 front image-3), cost: 123749
    pre: (location sheet9 ube_entry-uc1_offramp 8-14-182) (notprintedwith sheet9 front black 26-0-242) (available ube-rsrc 61-0-312) (sideup sheet9 front 95-0-380)
    add: (location sheet9 uc1_onramp-ube_exit 8-16-184) (none-of-those 26-1-243)
    del: (location sheet9 ube_entry-uc1_offramp 8-14-182) (notprintedwith sheet9 front black 26-0-242)
  (ube-simplex-letter sheet9 front image-4), cost: 123749
    pre: (location sheet9 ube_entry-uc1_offramp 8-14-182) (notprintedwith sheet9 front black 26-0-242) (available ube-rsrc 61-0-312) (sideup sheet9 front 95-0-380)
    add: (location sheet9 uc1_onramp-ube_exit 8-16-184) (none-of-those 26-1-243)
    del: (location sheet9 ube_entry-uc1_offramp 8-14-182) (notprintedwith sheet9 front black 26-0-242)
  (ube-simplex-letter sheet9 front image-5), cost: 123749
    pre: (location sheet9 ube_entry-uc1_offramp 8-14-182) (notprintedwith sheet9 front black 26-0-242) (available ube-rsrc 61-0-312) (sideup sheet9 front 95-0-380)
    add: (location sheet9 uc1_onramp-ube_exit 8-16-184) (none-of-those 26-1-243)
    del: (location sheet9 ube_entry-uc1_offramp 8-14-182) (notprintedwith sheet9 front black 26-0-242)
  (ube-simplex-letter sheet9 front image-7), cost: 123749
    pre: (location sheet9 ube_entry-uc1_offramp 8-14-182) (notprintedwith sheet9 front black 26-0-242) (available ube-rsrc 61-0-312) (sideup sheet9 front 95-0-380)
    add: (location sheet9 uc1_onramp-ube_exit 8-16-184) (none-of-those 26-1-243)
    del: (location sheet9 ube_entry-uc1_offramp 8-14-182) (notprintedwith sheet9 front black 26-0-242)
  (ube-simplex-letter sheet9 front image-9), cost: 123749
    pre: (location sheet9 ube_entry-uc1_offramp 8-14-182) (notprintedwith sheet9 front black 26-0-242) (available ube-rsrc 61-0-312) (sideup sheet9 front 95-0-380)
    add: (location sheet9 uc1_onramp-ube_exit 8-16-184) (none-of-those 26-1-243) (hasimage sheet9 front image-9 75-0-340)
    del: (location sheet9 ube_entry-uc1_offramp 8-14-182) (notprintedwith sheet9 front black 26-0-242) (none-of-those 75-1-341)
  (uc1-divert-letter sheet1 back front), cost: 11805
    pre: (location sheet1 uc1_entry-im1_topexit 0-15-15) (available uc1-rsrc 62-0-314) (sideup sheet1 back 76-0-342)
    add: (location sheet1 ube_entry-uc1_offramp 0-14-14) (none-of-those 76-1-343) (sideup sheet1 front 77-0-344)
    del: (location sheet1 uc1_entry-im1_topexit 0-15-15) (sideup sheet1 back 76-0-342) (none-of-those 77-1-345)
  (uc1-divert-letter sheet1 front back), cost: 11805
    pre: (location sheet1 uc1_entry-im1_topexit 0-15-15) (available uc1-rsrc 62-0-314) (sideup sheet1 front 77-0-344)
    add: (location sheet1 ube_entry-uc1_offramp 0-14-14) (sideup sheet1 back 76-0-342) (none-of-those 77-1-345)
    del: (location sheet1 uc1_entry-im1_topexit 0-15-15) (none-of-those 76-1-343) (sideup sheet1 front 77-0-344)
  (uc1-divert-letter sheet10 back front), cost: 11805
    pre: (location sheet10 uc1_entry-im1_topexit 9-14-203) (available uc1-rsrc 62-0-314) (sideup sheet10 back 78-0-346)
    add: (location sheet10 ube_entry-uc1_offramp 9-13-202) (none-of-those 78-1-347) (sideup sheet10 front 79-0-348)
    del: (location sheet10 uc1_entry-im1_topexit 9-14-203) (sideup sheet10 back 78-0-346) (none-of-those 79-1-349)
  (uc1-divert-letter sheet10 front back), cost: 11805
    pre: (location sheet10 uc1_entry-im1_topexit 9-14-203) (available uc1-rsrc 62-0-314) (sideup sheet10 front 79-0-348)
    add: (location sheet10 ube_entry-uc1_offramp 9-13-202) (sideup sheet10 back 78-0-346) (none-of-those 79-1-349)
    del: (location sheet10 uc1_entry-im1_topexit 9-14-203) (none-of-those 78-1-347) (sideup sheet10 front 79-0-348)
  (uc1-divert-letter sheet2 back front), cost: 11805
    pre: (location sheet2 uc1_entry-im1_topexit 1-15-36) (available uc1-rsrc 62-0-314) (sideup sheet2 back 80-0-350)
    add: (location sheet2 ube_entry-uc1_offramp 1-14-35) (none-of-those 80-1-351) (sideup sheet2 front 81-0-352)
    del: (location sheet2 uc1_entry-im1_topexit 1-15-36) (sideup sheet2 back 80-0-350) (none-of-those 81-1-353)
  (uc1-divert-letter sheet2 front back), cost: 11805
    pre: (location sheet2 uc1_entry-im1_topexit 1-15-36) (available uc1-rsrc 62-0-314) (sideup sheet2 front 81-0-352)
    add: (location sheet2 ube_entry-uc1_offramp 1-14-35) (sideup sheet2 back 80-0-350) (none-of-those 81-1-353)
    del: (location sheet2 uc1_entry-im1_topexit 1-15-36) (none-of-those 80-1-351) (sideup sheet2 front 81-0-352)
  (uc1-divert-letter sheet3 back front), cost: 11805
    pre: (location sheet3 uc1_entry-im1_topexit 2-15-57) (available uc1-rsrc 62-0-314) (sideup sheet3 back 82-0-354)
    add: (location sheet3 ube_entry-uc1_offramp 2-14-56) (none-of-those 82-1-355) (sideup sheet3 front 83-0-356)
    del: (location sheet3 uc1_entry-im1_topexit 2-15-57) (sideup sheet3 back 82-0-354) (none-of-those 83-1-357)
  (uc1-divert-letter sheet3 front back), cost: 11805
    pre: (location sheet3 uc1_entry-im1_topexit 2-15-57) (available uc1-rsrc 62-0-314) (sideup sheet3 front 83-0-356)
    add: (location sheet3 ube_entry-uc1_offramp 2-14-56) (sideup sheet3 back 82-0-354) (none-of-those 83-1-357)
    del: (location sheet3 uc1_entry-im1_topexit 2-15-57) (none-of-those 82-1-355) (sideup sheet3 front 83-0-356)
  (uc1-divert-letter sheet4 back front), cost: 11805
    pre: (location sheet4 uc1_entry-im1_topexit 3-15-78) (available uc1-rsrc 62-0-314) (sideup sheet4 back 84-0-358)
    add: (location sheet4 ube_entry-uc1_offramp 3-14-77) (none-of-those 84-1-359) (sideup sheet4 front 85-0-360)
    del: (location sheet4 uc1_entry-im1_topexit 3-15-78) (sideup sheet4 back 84-0-358) (none-of-those 85-1-361)
  (uc1-divert-letter sheet4 front back), cost: 11805
    pre: (location sheet4 uc1_entry-im1_topexit 3-15-78) (available uc1-rsrc 62-0-314) (sideup sheet4 front 85-0-360)
    add: (location sheet4 ube_entry-uc1_offramp 3-14-77) (sideup sheet4 back 84-0-358) (none-of-those 85-1-361)
    del: (location sheet4 uc1_entry-im1_topexit 3-15-78) (none-of-those 84-1-359) (sideup sheet4 front 85-0-360)
  (uc1-divert-letter sheet5 back front), cost: 11805
    pre: (location sheet5 uc1_entry-im1_topexit 4-15-99) (available uc1-rsrc 62-0-314) (sideup sheet5 back 86-0-362)
    add: (location sheet5 ube_entry-uc1_offramp 4-14-98) (none-of-those 86-1-363) (sideup sheet5 front 87-0-364)
    del: (location sheet5 uc1_entry-im1_topexit 4-15-99) (sideup sheet5 back 86-0-362) (none-of-those 87-1-365)
  (uc1-divert-letter sheet5 front back), cost: 11805
    pre: (location sheet5 uc1_entry-im1_topexit 4-15-99) (available uc1-rsrc 62-0-314) (sideup sheet5 front 87-0-364)
    add: (location sheet5 ube_entry-uc1_offramp 4-14-98) (sideup sheet5 back 86-0-362) (none-of-those 87-1-365)
    del: (location sheet5 uc1_entry-im1_topexit 4-15-99) (none-of-those 86-1-363) (sideup sheet5 front 87-0-364)
  (uc1-divert-letter sheet6 back front), cost: 11805
    pre: (location sheet6 uc1_entry-im1_topexit 5-15-120) (available uc1-rsrc 62-0-314) (sideup sheet6 back 88-0-366)
    add: (location sheet6 ube_entry-uc1_offramp 5-14-119) (none-of-those 88-1-367) (sideup sheet6 front 89-0-368)
    del: (location sheet6 uc1_entry-im1_topexit 5-15-120) (sideup sheet6 back 88-0-366) (none-of-those 89-1-369)
  (uc1-divert-letter sheet6 front back), cost: 11805
    pre: (location sheet6 uc1_entry-im1_topexit 5-15-120) (available uc1-rsrc 62-0-314) (sideup sheet6 front 89-0-368)
    add: (location sheet6 ube_entry-uc1_offramp 5-14-119) (sideup sheet6 back 88-0-366) (none-of-those 89-1-369)
    del: (location sheet6 uc1_entry-im1_topexit 5-15-120) (none-of-those 88-1-367) (sideup sheet6 front 89-0-368)
  (uc1-divert-letter sheet7 back front), cost: 11805
    pre: (location sheet7 uc1_entry-im1_topexit 6-15-141) (available uc1-rsrc 62-0-314) (sideup sheet7 back 90-0-370)
    add: (location sheet7 ube_entry-uc1_offramp 6-14-140) (none-of-those 90-1-371) (sideup sheet7 front 91-0-372)
    del: (location sheet7 uc1_entry-im1_topexit 6-15-141) (sideup sheet7 back 90-0-370) (none-of-those 91-1-373)
  (uc1-divert-letter sheet7 front back), cost: 11805
    pre: (location sheet7 uc1_entry-im1_topexit 6-15-141) (available uc1-rsrc 62-0-314) (sideup sheet7 front 91-0-372)
    add: (location sheet7 ube_entry-uc1_offramp 6-14-140) (sideup sheet7 back 90-0-370) (none-of-those 91-1-373)
    del: (location sheet7 uc1_entry-im1_topexit 6-15-141) (none-of-those 90-1-371) (sideup sheet7 front 91-0-372)
  (uc1-divert-letter sheet8 back front), cost: 11805
    pre: (location sheet8 uc1_entry-im1_topexit 7-15-162) (available uc1-rsrc 62-0-314) (sideup sheet8 back 92-0-374)
    add: (location sheet8 ube_entry-uc1_offramp 7-14-161) (none-of-those 92-1-375) (sideup sheet8 front 93-0-376)
    del: (location sheet8 uc1_entry-im1_topexit 7-15-162) (sideup sheet8 back 92-0-374) (none-of-those 93-1-377)
  (uc1-divert-letter sheet8 front back), cost: 11805
    pre: (location sheet8 uc1_entry-im1_topexit 7-15-162) (available uc1-rsrc 62-0-314) (sideup sheet8 front 93-0-376)
    add: (location sheet8 ube_entry-uc1_offramp 7-14-161) (sideup sheet8 back 92-0-374) (none-of-those 93-1-377)
    del: (location sheet8 uc1_entry-im1_topexit 7-15-162) (none-of-those 92-1-375) (sideup sheet8 front 93-0-376)
  (uc1-divert-letter sheet9 back front), cost: 11805
    pre: (location sheet9 uc1_entry-im1_topexit 8-15-183) (available uc1-rsrc 62-0-314) (sideup sheet9 back 94-0-378)
    add: (location sheet9 ube_entry-uc1_offramp 8-14-182) (none-of-those 94-1-379) (sideup sheet9 front 95-0-380)
    del: (location sheet9 uc1_entry-im1_topexit 8-15-183) (sideup sheet9 back 94-0-378) (none-of-those 95-1-381)
  (uc1-divert-letter sheet9 front back), cost: 11805
    pre: (location sheet9 uc1_entry-im1_topexit 8-15-183) (available uc1-rsrc 62-0-314) (sideup sheet9 front 95-0-380)
    add: (location sheet9 ube_entry-uc1_offramp 8-14-182) (sideup sheet9 back 94-0-378) (none-of-those 95-1-381)
    del: (location sheet9 uc1_entry-im1_topexit 8-15-183) (none-of-those 94-1-379) (sideup sheet9 front 95-0-380)
  (uc1-fmove-letter sheet1), cost: 10890
    pre: (location sheet1 uc1_entry-im1_topexit 0-15-15) (available uc1-rsrc 62-0-314)
    add: (location sheet1 uc2_entry-uc1_exit 0-17-17)
    del: (location sheet1 uc1_entry-im1_topexit 0-15-15)
  (uc1-fmove-letter sheet10), cost: 10890
    pre: (location sheet10 uc1_entry-im1_topexit 9-14-203) (available uc1-rsrc 62-0-314)
    add: (location sheet10 uc2_entry-uc1_exit 9-16-205)
    del: (location sheet10 uc1_entry-im1_topexit 9-14-203)
  (uc1-fmove-letter sheet2), cost: 10890
    pre: (location sheet2 uc1_entry-im1_topexit 1-15-36) (available uc1-rsrc 62-0-314)
    add: (location sheet2 uc2_entry-uc1_exit 1-17-38)
    del: (location sheet2 uc1_entry-im1_topexit 1-15-36)
  (uc1-fmove-letter sheet3), cost: 10890
    pre: (location sheet3 uc1_entry-im1_topexit 2-15-57) (available uc1-rsrc 62-0-314)
    add: (location sheet3 uc2_entry-uc1_exit 2-17-59)
    del: (location sheet3 uc1_entry-im1_topexit 2-15-57)
  (uc1-fmove-letter sheet4), cost: 10890
    pre: (location sheet4 uc1_entry-im1_topexit 3-15-78) (available uc1-rsrc 62-0-314)
    add: (location sheet4 uc2_entry-uc1_exit 3-17-80)
    del: (location sheet4 uc1_entry-im1_topexit 3-15-78)
  (uc1-fmove-letter sheet5), cost: 10890
    pre: (location sheet5 uc1_entry-im1_topexit 4-15-99) (available uc1-rsrc 62-0-314)
    add: (location sheet5 uc2_entry-uc1_exit 4-17-101)
    del: (location sheet5 uc1_entry-im1_topexit 4-15-99)
  (uc1-fmove-letter sheet6), cost: 10890
    pre: (location sheet6 uc1_entry-im1_topexit 5-15-120) (available uc1-rsrc 62-0-314)
    add: (location sheet6 uc2_entry-uc1_exit 5-17-122)
    del: (location sheet6 uc1_entry-im1_topexit 5-15-120)
  (uc1-fmove-letter sheet7), cost: 10890
    pre: (location sheet7 uc1_entry-im1_topexit 6-15-141) (available uc1-rsrc 62-0-314)
    add: (location sheet7 uc2_entry-uc1_exit 6-17-143)
    del: (location sheet7 uc1_entry-im1_topexit 6-15-141)
  (uc1-fmove-letter sheet8), cost: 10890
    pre: (location sheet8 uc1_entry-im1_topexit 7-15-162) (available uc1-rsrc 62-0-314)
    add: (location sheet8 uc2_entry-uc1_exit 7-17-164)
    del: (location sheet8 uc1_entry-im1_topexit 7-15-162)
  (uc1-fmove-letter sheet9), cost: 10890
    pre: (location sheet9 uc1_entry-im1_topexit 8-15-183) (available uc1-rsrc 62-0-314)
    add: (location sheet9 uc2_entry-uc1_exit 8-17-185)
    del: (location sheet9 uc1_entry-im1_topexit 8-15-183)
  (uc1-merge-letter sheet1), cost: 27709
    pre: (location sheet1 uc1_onramp-ube_exit 0-16-16) (available uc1-rsrc 62-0-314)
    add: (location sheet1 uc2_entry-uc1_exit 0-17-17)
    del: (location sheet1 uc1_onramp-ube_exit 0-16-16)
  (uc1-merge-letter sheet10), cost: 27709
    pre: (location sheet10 uc1_onramp-ube_exit 9-15-204) (available uc1-rsrc 62-0-314)
    add: (location sheet10 uc2_entry-uc1_exit 9-16-205)
    del: (location sheet10 uc1_onramp-ube_exit 9-15-204)
  (uc1-merge-letter sheet2), cost: 27709
    pre: (location sheet2 uc1_onramp-ube_exit 1-16-37) (available uc1-rsrc 62-0-314)
    add: (location sheet2 uc2_entry-uc1_exit 1-17-38)
    del: (location sheet2 uc1_onramp-ube_exit 1-16-37)
  (uc1-merge-letter sheet3), cost: 27709
    pre: (location sheet3 uc1_onramp-ube_exit 2-16-58) (available uc1-rsrc 62-0-314)
    add: (location sheet3 uc2_entry-uc1_exit 2-17-59)
    del: (location sheet3 uc1_onramp-ube_exit 2-16-58)
  (uc1-merge-letter sheet4), cost: 27709
    pre: (location sheet4 uc1_onramp-ube_exit 3-16-79) (available uc1-rsrc 62-0-314)
    add: (location sheet4 uc2_entry-uc1_exit 3-17-80)
    del: (location sheet4 uc1_onramp-ube_exit 3-16-79)
  (uc1-merge-letter sheet5), cost: 27709
    pre: (location sheet5 uc1_onramp-ube_exit 4-16-100) (available uc1-rsrc 62-0-314)
    add: (location sheet5 uc2_entry-uc1_exit 4-17-101)
    del: (location sheet5 uc1_onramp-ube_exit 4-16-100)
  (uc1-merge-letter sheet6), cost: 27709
    pre: (location sheet6 uc1_onramp-ube_exit 5-16-121) (available uc1-rsrc 62-0-314)
    add: (location sheet6 uc2_entry-uc1_exit 5-17-122)
    del: (location sheet6 uc1_onramp-ube_exit 5-16-121)
  (uc1-merge-letter sheet7), cost: 27709
    pre: (location sheet7 uc1_onramp-ube_exit 6-16-142) (available uc1-rsrc 62-0-314)
    add: (location sheet7 uc2_entry-uc1_exit 6-17-143)
    del: (location sheet7 uc1_onramp-ube_exit 6-16-142)
  (uc1-merge-letter sheet8), cost: 27709
    pre: (location sheet8 uc1_onramp-ube_exit 7-16-163) (available uc1-rsrc 62-0-314)
    add: (location sheet8 uc2_entry-uc1_exit 7-17-164)
    del: (location sheet8 uc1_onramp-ube_exit 7-16-163)
  (uc1-merge-letter sheet9), cost: 27709
    pre: (location sheet9 uc1_onramp-ube_exit 8-16-184) (available uc1-rsrc 62-0-314)
    add: (location sheet9 uc2_entry-uc1_exit 8-17-185)
    del: (location sheet9 uc1_onramp-ube_exit 8-16-184)
  (uc1-mergeinvert-letter sheet1 back front), cost: 28119
    pre: (location sheet1 uc1_onramp-ube_exit 0-16-16) (available uc1-rsrc 62-0-314) (sideup sheet1 back 76-0-342)
    add: (location sheet1 uc2_entry-uc1_exit 0-17-17) (none-of-those 76-1-343) (sideup sheet1 front 77-0-344)
    del: (location sheet1 uc1_onramp-ube_exit 0-16-16) (sideup sheet1 back 76-0-342) (none-of-those 77-1-345)
  (uc1-mergeinvert-letter sheet1 front back), cost: 28119
    pre: (location sheet1 uc1_onramp-ube_exit 0-16-16) (available uc1-rsrc 62-0-314) (sideup sheet1 front 77-0-344)
    add: (location sheet1 uc2_entry-uc1_exit 0-17-17) (sideup sheet1 back 76-0-342) (none-of-those 77-1-345)
    del: (location sheet1 uc1_onramp-ube_exit 0-16-16) (none-of-those 76-1-343) (sideup sheet1 front 77-0-344)
  (uc1-mergeinvert-letter sheet10 back front), cost: 28119
    pre: (location sheet10 uc1_onramp-ube_exit 9-15-204) (available uc1-rsrc 62-0-314) (sideup sheet10 back 78-0-346)
    add: (location sheet10 uc2_entry-uc1_exit 9-16-205) (none-of-those 78-1-347) (sideup sheet10 front 79-0-348)
    del: (location sheet10 uc1_onramp-ube_exit 9-15-204) (sideup sheet10 back 78-0-346) (none-of-those 79-1-349)
  (uc1-mergeinvert-letter sheet10 front back), cost: 28119
    pre: (location sheet10 uc1_onramp-ube_exit 9-15-204) (available uc1-rsrc 62-0-314) (sideup sheet10 front 79-0-348)
    add: (location sheet10 uc2_entry-uc1_exit 9-16-205) (sideup sheet10 back 78-0-346) (none-of-those 79-1-349)
    del: (location sheet10 uc1_onramp-ube_exit 9-15-204) (none-of-those 78-1-347) (sideup sheet10 front 79-0-348)
  (uc1-mergeinvert-letter sheet2 back front), cost: 28119
    pre: (location sheet2 uc1_onramp-ube_exit 1-16-37) (available uc1-rsrc 62-0-314) (sideup sheet2 back 80-0-350)
    add: (location sheet2 uc2_entry-uc1_exit 1-17-38) (none-of-those 80-1-351) (sideup sheet2 front 81-0-352)
    del: (location sheet2 uc1_onramp-ube_exit 1-16-37) (sideup sheet2 back 80-0-350) (none-of-those 81-1-353)
  (uc1-mergeinvert-letter sheet2 front back), cost: 28119
    pre: (location sheet2 uc1_onramp-ube_exit 1-16-37) (available uc1-rsrc 62-0-314) (sideup sheet2 front 81-0-352)
    add: (location sheet2 uc2_entry-uc1_exit 1-17-38) (sideup sheet2 back 80-0-350) (none-of-those 81-1-353)
    del: (location sheet2 uc1_onramp-ube_exit 1-16-37) (none-of-those 80-1-351) (sideup sheet2 front 81-0-352)
  (uc1-mergeinvert-letter sheet3 back front), cost: 28119
    pre: (location sheet3 uc1_onramp-ube_exit 2-16-58) (available uc1-rsrc 62-0-314) (sideup sheet3 back 82-0-354)
    add: (location sheet3 uc2_entry-uc1_exit 2-17-59) (none-of-those 82-1-355) (sideup sheet3 front 83-0-356)
    del: (location sheet3 uc1_onramp-ube_exit 2-16-58) (sideup sheet3 back 82-0-354) (none-of-those 83-1-357)
  (uc1-mergeinvert-letter sheet3 front back), cost: 28119
    pre: (location sheet3 uc1_onramp-ube_exit 2-16-58) (available uc1-rsrc 62-0-314) (sideup sheet3 front 83-0-356)
    add: (location sheet3 uc2_entry-uc1_exit 2-17-59) (sideup sheet3 back 82-0-354) (none-of-those 83-1-357)
    del: (location sheet3 uc1_onramp-ube_exit 2-16-58) (none-of-those 82-1-355) (sideup sheet3 front 83-0-356)
  (uc1-mergeinvert-letter sheet4 back front), cost: 28119
    pre: (location sheet4 uc1_onramp-ube_exit 3-16-79) (available uc1-rsrc 62-0-314) (sideup sheet4 back 84-0-358)
    add: (location sheet4 uc2_entry-uc1_exit 3-17-80) (none-of-those 84-1-359) (sideup sheet4 front 85-0-360)
    del: (location sheet4 uc1_onramp-ube_exit 3-16-79) (sideup sheet4 back 84-0-358) (none-of-those 85-1-361)
  (uc1-mergeinvert-letter sheet4 front back), cost: 28119
    pre: (location sheet4 uc1_onramp-ube_exit 3-16-79) (available uc1-rsrc 62-0-314) (sideup sheet4 front 85-0-360)
    add: (location sheet4 uc2_entry-uc1_exit 3-17-80) (sideup sheet4 back 84-0-358) (none-of-those 85-1-361)
    del: (location sheet4 uc1_onramp-ube_exit 3-16-79) (none-of-those 84-1-359) (sideup sheet4 front 85-0-360)
  (uc1-mergeinvert-letter sheet5 back front), cost: 28119
    pre: (location sheet5 uc1_onramp-ube_exit 4-16-100) (available uc1-rsrc 62-0-314) (sideup sheet5 back 86-0-362)
    add: (location sheet5 uc2_entry-uc1_exit 4-17-101) (none-of-those 86-1-363) (sideup sheet5 front 87-0-364)
    del: (location sheet5 uc1_onramp-ube_exit 4-16-100) (sideup sheet5 back 86-0-362) (none-of-those 87-1-365)
  (uc1-mergeinvert-letter sheet5 front back), cost: 28119
    pre: (location sheet5 uc1_onramp-ube_exit 4-16-100) (available uc1-rsrc 62-0-314) (sideup sheet5 front 87-0-364)
    add: (location sheet5 uc2_entry-uc1_exit 4-17-101) (sideup sheet5 back 86-0-362) (none-of-those 87-1-365)
    del: (location sheet5 uc1_onramp-ube_exit 4-16-100) (none-of-those 86-1-363) (sideup sheet5 front 87-0-364)
  (uc1-mergeinvert-letter sheet6 back front), cost: 28119
    pre: (location sheet6 uc1_onramp-ube_exit 5-16-121) (available uc1-rsrc 62-0-314) (sideup sheet6 back 88-0-366)
    add: (location sheet6 uc2_entry-uc1_exit 5-17-122) (none-of-those 88-1-367) (sideup sheet6 front 89-0-368)
    del: (location sheet6 uc1_onramp-ube_exit 5-16-121) (sideup sheet6 back 88-0-366) (none-of-those 89-1-369)
  (uc1-mergeinvert-letter sheet6 front back), cost: 28119
    pre: (location sheet6 uc1_onramp-ube_exit 5-16-121) (available uc1-rsrc 62-0-314) (sideup sheet6 front 89-0-368)
    add: (location sheet6 uc2_entry-uc1_exit 5-17-122) (sideup sheet6 back 88-0-366) (none-of-those 89-1-369)
    del: (location sheet6 uc1_onramp-ube_exit 5-16-121) (none-of-those 88-1-367) (sideup sheet6 front 89-0-368)
  (uc1-mergeinvert-letter sheet7 back front), cost: 28119
    pre: (location sheet7 uc1_onramp-ube_exit 6-16-142) (available uc1-rsrc 62-0-314) (sideup sheet7 back 90-0-370)
    add: (location sheet7 uc2_entry-uc1_exit 6-17-143) (none-of-those 90-1-371) (sideup sheet7 front 91-0-372)
    del: (location sheet7 uc1_onramp-ube_exit 6-16-142) (sideup sheet7 back 90-0-370) (none-of-those 91-1-373)
  (uc1-mergeinvert-letter sheet7 front back), cost: 28119
    pre: (location sheet7 uc1_onramp-ube_exit 6-16-142) (available uc1-rsrc 62-0-314) (sideup sheet7 front 91-0-372)
    add: (location sheet7 uc2_entry-uc1_exit 6-17-143) (sideup sheet7 back 90-0-370) (none-of-those 91-1-373)
    del: (location sheet7 uc1_onramp-ube_exit 6-16-142) (none-of-those 90-1-371) (sideup sheet7 front 91-0-372)
  (uc1-mergeinvert-letter sheet8 back front), cost: 28119
    pre: (location sheet8 uc1_onramp-ube_exit 7-16-163) (available uc1-rsrc 62-0-314) (sideup sheet8 back 92-0-374)
    add: (location sheet8 uc2_entry-uc1_exit 7-17-164) (none-of-those 92-1-375) (sideup sheet8 front 93-0-376)
    del: (location sheet8 uc1_onramp-ube_exit 7-16-163) (sideup sheet8 back 92-0-374) (none-of-those 93-1-377)
  (uc1-mergeinvert-letter sheet8 front back), cost: 28119
    pre: (location sheet8 uc1_onramp-ube_exit 7-16-163) (available uc1-rsrc 62-0-314) (sideup sheet8 front 93-0-376)
    add: (location sheet8 uc2_entry-uc1_exit 7-17-164) (sideup sheet8 back 92-0-374) (none-of-those 93-1-377)
    del: (location sheet8 uc1_onramp-ube_exit 7-16-163) (none-of-those 92-1-375) (sideup sheet8 front 93-0-376)
  (uc1-mergeinvert-letter sheet9 back front), cost: 28119
    pre: (location sheet9 uc1_onramp-ube_exit 8-16-184) (available uc1-rsrc 62-0-314) (sideup sheet9 back 94-0-378)
    add: (location sheet9 uc2_entry-uc1_exit 8-17-185) (none-of-those 94-1-379) (sideup sheet9 front 95-0-380)
    del: (location sheet9 uc1_onramp-ube_exit 8-16-184) (sideup sheet9 back 94-0-378) (none-of-those 95-1-381)
  (uc1-mergeinvert-letter sheet9 front back), cost: 28119
    pre: (location sheet9 uc1_onramp-ube_exit 8-16-184) (available uc1-rsrc 62-0-314) (sideup sheet9 front 95-0-380)
    add: (location sheet9 uc2_entry-uc1_exit 8-17-185) (sideup sheet9 back 94-0-378) (none-of-those 95-1-381)
    del: (location sheet9 uc1_onramp-ube_exit 8-16-184) (none-of-those 94-1-379) (sideup sheet9 front 95-0-380)
  (uc2-divert-letter sheet1 back front), cost: 17452
    pre: (location sheet1 uc2_entry-uc1_exit 0-17-17) (available uc2-rsrc 63-0-316) (sideup sheet1 back 76-0-342)
    add: (location sheet1 ure_entry-uc2_offramp 0-19-19) (none-of-those 76-1-343) (sideup sheet1 front 77-0-344)
    del: (location sheet1 uc2_entry-uc1_exit 0-17-17) (sideup sheet1 back 76-0-342) (none-of-those 77-1-345)
  (uc2-divert-letter sheet1 front back), cost: 17452
    pre: (location sheet1 uc2_entry-uc1_exit 0-17-17) (available uc2-rsrc 63-0-316) (sideup sheet1 front 77-0-344)
    add: (location sheet1 ure_entry-uc2_offramp 0-19-19) (sideup sheet1 back 76-0-342) (none-of-those 77-1-345)
    del: (location sheet1 uc2_entry-uc1_exit 0-17-17) (none-of-those 76-1-343) (sideup sheet1 front 77-0-344)
  (uc2-divert-letter sheet10 back front), cost: 17452
    pre: (location sheet10 uc2_entry-uc1_exit 9-16-205) (available uc2-rsrc 63-0-316) (sideup sheet10 back 78-0-346)
    add: (location sheet10 ure_entry-uc2_offramp 9-18-207) (none-of-those 78-1-347) (sideup sheet10 front 79-0-348)
    del: (location sheet10 uc2_entry-uc1_exit 9-16-205) (sideup sheet10 back 78-0-346) (none-of-those 79-1-349)
  (uc2-divert-letter sheet10 front back), cost: 17452
    pre: (location sheet10 uc2_entry-uc1_exit 9-16-205) (available uc2-rsrc 63-0-316) (sideup sheet10 front 79-0-348)
    add: (location sheet10 ure_entry-uc2_offramp 9-18-207) (sideup sheet10 back 78-0-346) (none-of-those 79-1-349)
    del: (location sheet10 uc2_entry-uc1_exit 9-16-205) (none-of-those 78-1-347) (sideup sheet10 front 79-0-348)
  (uc2-divert-letter sheet2 back front), cost: 17452
    pre: (location sheet2 uc2_entry-uc1_exit 1-17-38) (available uc2-rsrc 63-0-316) (sideup sheet2 back 80-0-350)
    add: (location sheet2 ure_entry-uc2_offramp 1-19-40) (none-of-those 80-1-351) (sideup sheet2 front 81-0-352)
    del: (location sheet2 uc2_entry-uc1_exit 1-17-38) (sideup sheet2 back 80-0-350) (none-of-those 81-1-353)
  (uc2-divert-letter sheet2 front back), cost: 17452
    pre: (location sheet2 uc2_entry-uc1_exit 1-17-38) (available uc2-rsrc 63-0-316) (sideup sheet2 front 81-0-352)
    add: (location sheet2 ure_entry-uc2_offramp 1-19-40) (sideup sheet2 back 80-0-350) (none-of-those 81-1-353)
    del: (location sheet2 uc2_entry-uc1_exit 1-17-38) (none-of-those 80-1-351) (sideup sheet2 front 81-0-352)
  (uc2-divert-letter sheet3 back front), cost: 17452
    pre: (location sheet3 uc2_entry-uc1_exit 2-17-59) (available uc2-rsrc 63-0-316) (sideup sheet3 back 82-0-354)
    add: (location sheet3 ure_entry-uc2_offramp 2-19-61) (none-of-those 82-1-355) (sideup sheet3 front 83-0-356)
    del: (location sheet3 uc2_entry-uc1_exit 2-17-59) (sideup sheet3 back 82-0-354) (none-of-those 83-1-357)
  (uc2-divert-letter sheet3 front back), cost: 17452
    pre: (location sheet3 uc2_entry-uc1_exit 2-17-59) (available uc2-rsrc 63-0-316) (sideup sheet3 front 83-0-356)
    add: (location sheet3 ure_entry-uc2_offramp 2-19-61) (sideup sheet3 back 82-0-354) (none-of-those 83-1-357)
    del: (location sheet3 uc2_entry-uc1_exit 2-17-59) (none-of-those 82-1-355) (sideup sheet3 front 83-0-356)
  (uc2-divert-letter sheet4 back front), cost: 17452
    pre: (location sheet4 uc2_entry-uc1_exit 3-17-80) (available uc2-rsrc 63-0-316) (sideup sheet4 back 84-0-358)
    add: (location sheet4 ure_entry-uc2_offramp 3-19-82) (none-of-those 84-1-359) (sideup sheet4 front 85-0-360)
    del: (location sheet4 uc2_entry-uc1_exit 3-17-80) (sideup sheet4 back 84-0-358) (none-of-those 85-1-361)
  (uc2-divert-letter sheet4 front back), cost: 17452
    pre: (location sheet4 uc2_entry-uc1_exit 3-17-80) (available uc2-rsrc 63-0-316) (sideup sheet4 front 85-0-360)
    add: (location sheet4 ure_entry-uc2_offramp 3-19-82) (sideup sheet4 back 84-0-358) (none-of-those 85-1-361)
    del: (location sheet4 uc2_entry-uc1_exit 3-17-80) (none-of-those 84-1-359) (sideup sheet4 front 85-0-360)
  (uc2-divert-letter sheet5 back front), cost: 17452
    pre: (location sheet5 uc2_entry-uc1_exit 4-17-101) (available uc2-rsrc 63-0-316) (sideup sheet5 back 86-0-362)
    add: (location sheet5 ure_entry-uc2_offramp 4-19-103) (none-of-those 86-1-363) (sideup sheet5 front 87-0-364)
    del: (location sheet5 uc2_entry-uc1_exit 4-17-101) (sideup sheet5 back 86-0-362) (none-of-those 87-1-365)
  (uc2-divert-letter sheet5 front back), cost: 17452
    pre: (location sheet5 uc2_entry-uc1_exit 4-17-101) (available uc2-rsrc 63-0-316) (sideup sheet5 front 87-0-364)
    add: (location sheet5 ure_entry-uc2_offramp 4-19-103) (sideup sheet5 back 86-0-362) (none-of-those 87-1-365)
    del: (location sheet5 uc2_entry-uc1_exit 4-17-101) (none-of-those 86-1-363) (sideup sheet5 front 87-0-364)
  (uc2-divert-letter sheet6 back front), cost: 17452
    pre: (location sheet6 uc2_entry-uc1_exit 5-17-122) (available uc2-rsrc 63-0-316) (sideup sheet6 back 88-0-366)
    add: (location sheet6 ure_entry-uc2_offramp 5-19-124) (none-of-those 88-1-367) (sideup sheet6 front 89-0-368)
    del: (location sheet6 uc2_entry-uc1_exit 5-17-122) (sideup sheet6 back 88-0-366) (none-of-those 89-1-369)
  (uc2-divert-letter sheet6 front back), cost: 17452
    pre: (location sheet6 uc2_entry-uc1_exit 5-17-122) (available uc2-rsrc 63-0-316) (sideup sheet6 front 89-0-368)
    add: (location sheet6 ure_entry-uc2_offramp 5-19-124) (sideup sheet6 back 88-0-366) (none-of-those 89-1-369)
    del: (location sheet6 uc2_entry-uc1_exit 5-17-122) (none-of-those 88-1-367) (sideup sheet6 front 89-0-368)
  (uc2-divert-letter sheet7 back front), cost: 17452
    pre: (location sheet7 uc2_entry-uc1_exit 6-17-143) (available uc2-rsrc 63-0-316) (sideup sheet7 back 90-0-370)
    add: (location sheet7 ure_entry-uc2_offramp 6-19-145) (none-of-those 90-1-371) (sideup sheet7 front 91-0-372)
    del: (location sheet7 uc2_entry-uc1_exit 6-17-143) (sideup sheet7 back 90-0-370) (none-of-those 91-1-373)
  (uc2-divert-letter sheet7 front back), cost: 17452
    pre: (location sheet7 uc2_entry-uc1_exit 6-17-143) (available uc2-rsrc 63-0-316) (sideup sheet7 front 91-0-372)
    add: (location sheet7 ure_entry-uc2_offramp 6-19-145) (sideup sheet7 back 90-0-370) (none-of-those 91-1-373)
    del: (location sheet7 uc2_entry-uc1_exit 6-17-143) (none-of-those 90-1-371) (sideup sheet7 front 91-0-372)
  (uc2-divert-letter sheet8 back front), cost: 17452
    pre: (location sheet8 uc2_entry-uc1_exit 7-17-164) (available uc2-rsrc 63-0-316) (sideup sheet8 back 92-0-374)
    add: (location sheet8 ure_entry-uc2_offramp 7-19-166) (none-of-those 92-1-375) (sideup sheet8 front 93-0-376)
    del: (location sheet8 uc2_entry-uc1_exit 7-17-164) (sideup sheet8 back 92-0-374) (none-of-those 93-1-377)
  (uc2-divert-letter sheet8 front back), cost: 17452
    pre: (location sheet8 uc2_entry-uc1_exit 7-17-164) (available uc2-rsrc 63-0-316) (sideup sheet8 front 93-0-376)
    add: (location sheet8 ure_entry-uc2_offramp 7-19-166) (sideup sheet8 back 92-0-374) (none-of-those 93-1-377)
    del: (location sheet8 uc2_entry-uc1_exit 7-17-164) (none-of-those 92-1-375) (sideup sheet8 front 93-0-376)
  (uc2-divert-letter sheet9 back front), cost: 17452
    pre: (location sheet9 uc2_entry-uc1_exit 8-17-185) (available uc2-rsrc 63-0-316) (sideup sheet9 back 94-0-378)
    add: (location sheet9 ure_entry-uc2_offramp 8-19-187) (none-of-those 94-1-379) (sideup sheet9 front 95-0-380)
    del: (location sheet9 uc2_entry-uc1_exit 8-17-185) (sideup sheet9 back 94-0-378) (none-of-those 95-1-381)
  (uc2-divert-letter sheet9 front back), cost: 17452
    pre: (location sheet9 uc2_entry-uc1_exit 8-17-185) (available uc2-rsrc 63-0-316) (sideup sheet9 front 95-0-380)
    add: (location sheet9 ure_entry-uc2_offramp 8-19-187) (sideup sheet9 back 94-0-378) (none-of-those 95-1-381)
    del: (location sheet9 uc2_entry-uc1_exit 8-17-185) (none-of-those 94-1-379) (sideup sheet9 front 95-0-380)
  (uc2-fmove-letter sheet1), cost: 11207
    pre: (location sheet1 uc2_entry-uc1_exit 0-17-17) (available uc2-rsrc 63-0-316)
    add: (location sheet1 uc2_exit-om_topentry 0-18-18)
    del: (location sheet1 uc2_entry-uc1_exit 0-17-17)
  (uc2-fmove-letter sheet10), cost: 11207
    pre: (location sheet10 uc2_entry-uc1_exit 9-16-205) (available uc2-rsrc 63-0-316)
    add: (location sheet10 uc2_exit-om_topentry 9-17-206)
    del: (location sheet10 uc2_entry-uc1_exit 9-16-205)
  (uc2-fmove-letter sheet2), cost: 11207
    pre: (location sheet2 uc2_entry-uc1_exit 1-17-38) (available uc2-rsrc 63-0-316)
    add: (location sheet2 uc2_exit-om_topentry 1-18-39)
    del: (location sheet2 uc2_entry-uc1_exit 1-17-38)
  (uc2-fmove-letter sheet3), cost: 11207
    pre: (location sheet3 uc2_entry-uc1_exit 2-17-59) (available uc2-rsrc 63-0-316)
    add: (location sheet3 uc2_exit-om_topentry 2-18-60)
    del: (location sheet3 uc2_entry-uc1_exit 2-17-59)
  (uc2-fmove-letter sheet4), cost: 11207
    pre: (location sheet4 uc2_entry-uc1_exit 3-17-80) (available uc2-rsrc 63-0-316)
    add: (location sheet4 uc2_exit-om_topentry 3-18-81)
    del: (location sheet4 uc2_entry-uc1_exit 3-17-80)
  (uc2-fmove-letter sheet5), cost: 11207
    pre: (location sheet5 uc2_entry-uc1_exit 4-17-101) (available uc2-rsrc 63-0-316)
    add: (location sheet5 uc2_exit-om_topentry 4-18-102)
    del: (location sheet5 uc2_entry-uc1_exit 4-17-101)
  (uc2-fmove-letter sheet6), cost: 11207
    pre: (location sheet6 uc2_entry-uc1_exit 5-17-122) (available uc2-rsrc 63-0-316)
    add: (location sheet6 uc2_exit-om_topentry 5-18-123)
    del: (location sheet6 uc2_entry-uc1_exit 5-17-122)
  (uc2-fmove-letter sheet7), cost: 11207
    pre: (location sheet7 uc2_entry-uc1_exit 6-17-143) (available uc2-rsrc 63-0-316)
    add: (location sheet7 uc2_exit-om_topentry 6-18-144)
    del: (location sheet7 uc2_entry-uc1_exit 6-17-143)
  (uc2-fmove-letter sheet8), cost: 11207
    pre: (location sheet8 uc2_entry-uc1_exit 7-17-164) (available uc2-rsrc 63-0-316)
    add: (location sheet8 uc2_exit-om_topentry 7-18-165)
    del: (location sheet8 uc2_entry-uc1_exit 7-17-164)
  (uc2-fmove-letter sheet9), cost: 11207
    pre: (location sheet9 uc2_entry-uc1_exit 8-17-185) (available uc2-rsrc 63-0-316)
    add: (location sheet9 uc2_exit-om_topentry 8-18-186)
    del: (location sheet9 uc2_entry-uc1_exit 8-17-185)
  (uc2-merge-letter sheet1 back front), cost: 78919
    pre: (location sheet1 ure_exit-uc2_onramp 0-20-20) (available uc2-rsrc 63-0-316) (sideup sheet1 back 76-0-342)
    add: (location sheet1 uc2_exit-om_topentry 0-18-18) (none-of-those 76-1-343) (sideup sheet1 front 77-0-344)
    del: (location sheet1 ure_exit-uc2_onramp 0-20-20) (sideup sheet1 back 76-0-342) (none-of-those 77-1-345)
  (uc2-merge-letter sheet1 front back), cost: 78919
    pre: (location sheet1 ure_exit-uc2_onramp 0-20-20) (available uc2-rsrc 63-0-316) (sideup sheet1 front 77-0-344)
    add: (location sheet1 uc2_exit-om_topentry 0-18-18) (sideup sheet1 back 76-0-342) (none-of-those 77-1-345)
    del: (location sheet1 ure_exit-uc2_onramp 0-20-20) (none-of-those 76-1-343) (sideup sheet1 front 77-0-344)
  (uc2-merge-letter sheet10 back front), cost: 78919
    pre: (location sheet10 ure_exit-uc2_onramp 9-19-208) (available uc2-rsrc 63-0-316) (sideup sheet10 back 78-0-346)
    add: (location sheet10 uc2_exit-om_topentry 9-17-206) (none-of-those 78-1-347) (sideup sheet10 front 79-0-348)
    del: (location sheet10 ure_exit-uc2_onramp 9-19-208) (sideup sheet10 back 78-0-346) (none-of-those 79-1-349)
  (uc2-merge-letter sheet10 front back), cost: 78919
    pre: (location sheet10 ure_exit-uc2_onramp 9-19-208) (available uc2-rsrc 63-0-316) (sideup sheet10 front 79-0-348)
    add: (location sheet10 uc2_exit-om_topentry 9-17-206) (sideup sheet10 back 78-0-346) (none-of-those 79-1-349)
    del: (location sheet10 ure_exit-uc2_onramp 9-19-208) (none-of-those 78-1-347) (sideup sheet10 front 79-0-348)
  (uc2-merge-letter sheet2 back front), cost: 78919
    pre: (location sheet2 ure_exit-uc2_onramp 1-20-41) (available uc2-rsrc 63-0-316) (sideup sheet2 back 80-0-350)
    add: (location sheet2 uc2_exit-om_topentry 1-18-39) (none-of-those 80-1-351) (sideup sheet2 front 81-0-352)
    del: (location sheet2 ure_exit-uc2_onramp 1-20-41) (sideup sheet2 back 80-0-350) (none-of-those 81-1-353)
  (uc2-merge-letter sheet2 front back), cost: 78919
    pre: (location sheet2 ure_exit-uc2_onramp 1-20-41) (available uc2-rsrc 63-0-316) (sideup sheet2 front 81-0-352)
    add: (location sheet2 uc2_exit-om_topentry 1-18-39) (sideup sheet2 back 80-0-350) (none-of-those 81-1-353)
    del: (location sheet2 ure_exit-uc2_onramp 1-20-41) (none-of-those 80-1-351) (sideup sheet2 front 81-0-352)
  (uc2-merge-letter sheet3 back front), cost: 78919
    pre: (location sheet3 ure_exit-uc2_onramp 2-20-62) (available uc2-rsrc 63-0-316) (sideup sheet3 back 82-0-354)
    add: (location sheet3 uc2_exit-om_topentry 2-18-60) (none-of-those 82-1-355) (sideup sheet3 front 83-0-356)
    del: (location sheet3 ure_exit-uc2_onramp 2-20-62) (sideup sheet3 back 82-0-354) (none-of-those 83-1-357)
  (uc2-merge-letter sheet3 front back), cost: 78919
    pre: (location sheet3 ure_exit-uc2_onramp 2-20-62) (available uc2-rsrc 63-0-316) (sideup sheet3 front 83-0-356)
    add: (location sheet3 uc2_exit-om_topentry 2-18-60) (sideup sheet3 back 82-0-354) (none-of-those 83-1-357)
    del: (location sheet3 ure_exit-uc2_onramp 2-20-62) (none-of-those 82-1-355) (sideup sheet3 front 83-0-356)
  (uc2-merge-letter sheet4 back front), cost: 78919
    pre: (location sheet4 ure_exit-uc2_onramp 3-20-83) (available uc2-rsrc 63-0-316) (sideup sheet4 back 84-0-358)
    add: (location sheet4 uc2_exit-om_topentry 3-18-81) (none-of-those 84-1-359) (sideup sheet4 front 85-0-360)
    del: (location sheet4 ure_exit-uc2_onramp 3-20-83) (sideup sheet4 back 84-0-358) (none-of-those 85-1-361)
  (uc2-merge-letter sheet4 front back), cost: 78919
    pre: (location sheet4 ure_exit-uc2_onramp 3-20-83) (available uc2-rsrc 63-0-316) (sideup sheet4 front 85-0-360)
    add: (location sheet4 uc2_exit-om_topentry 3-18-81) (sideup sheet4 back 84-0-358) (none-of-those 85-1-361)
    del: (location sheet4 ure_exit-uc2_onramp 3-20-83) (none-of-those 84-1-359) (sideup sheet4 front 85-0-360)
  (uc2-merge-letter sheet5 back front), cost: 78919
    pre: (location sheet5 ure_exit-uc2_onramp 4-20-104) (available uc2-rsrc 63-0-316) (sideup sheet5 back 86-0-362)
    add: (location sheet5 uc2_exit-om_topentry 4-18-102) (none-of-those 86-1-363) (sideup sheet5 front 87-0-364)
    del: (location sheet5 ure_exit-uc2_onramp 4-20-104) (sideup sheet5 back 86-0-362) (none-of-those 87-1-365)
  (uc2-merge-letter sheet5 front back), cost: 78919
    pre: (location sheet5 ure_exit-uc2_onramp 4-20-104) (available uc2-rsrc 63-0-316) (sideup sheet5 front 87-0-364)
    add: (location sheet5 uc2_exit-om_topentry 4-18-102) (sideup sheet5 back 86-0-362) (none-of-those 87-1-365)
    del: (location sheet5 ure_exit-uc2_onramp 4-20-104) (none-of-those 86-1-363) (sideup sheet5 front 87-0-364)
  (uc2-merge-letter sheet6 back front), cost: 78919
    pre: (location sheet6 ure_exit-uc2_onramp 5-20-125) (available uc2-rsrc 63-0-316) (sideup sheet6 back 88-0-366)
    add: (location sheet6 uc2_exit-om_topentry 5-18-123) (none-of-those 88-1-367) (sideup sheet6 front 89-0-368)
    del: (location sheet6 ure_exit-uc2_onramp 5-20-125) (sideup sheet6 back 88-0-366) (none-of-those 89-1-369)
  (uc2-merge-letter sheet6 front back), cost: 78919
    pre: (location sheet6 ure_exit-uc2_onramp 5-20-125) (available uc2-rsrc 63-0-316) (sideup sheet6 front 89-0-368)
    add: (location sheet6 uc2_exit-om_topentry 5-18-123) (sideup sheet6 back 88-0-366) (none-of-those 89-1-369)
    del: (location sheet6 ure_exit-uc2_onramp 5-20-125) (none-of-those 88-1-367) (sideup sheet6 front 89-0-368)
  (uc2-merge-letter sheet7 back front), cost: 78919
    pre: (location sheet7 ure_exit-uc2_onramp 6-20-146) (available uc2-rsrc 63-0-316) (sideup sheet7 back 90-0-370)
    add: (location sheet7 uc2_exit-om_topentry 6-18-144) (none-of-those 90-1-371) (sideup sheet7 front 91-0-372)
    del: (location sheet7 ure_exit-uc2_onramp 6-20-146) (sideup sheet7 back 90-0-370) (none-of-those 91-1-373)
  (uc2-merge-letter sheet7 front back), cost: 78919
    pre: (location sheet7 ure_exit-uc2_onramp 6-20-146) (available uc2-rsrc 63-0-316) (sideup sheet7 front 91-0-372)
    add: (location sheet7 uc2_exit-om_topentry 6-18-144) (sideup sheet7 back 90-0-370) (none-of-those 91-1-373)
    del: (location sheet7 ure_exit-uc2_onramp 6-20-146) (none-of-those 90-1-371) (sideup sheet7 front 91-0-372)
  (uc2-merge-letter sheet8 back front), cost: 78919
    pre: (location sheet8 ure_exit-uc2_onramp 7-20-167) (available uc2-rsrc 63-0-316) (sideup sheet8 back 92-0-374)
    add: (location sheet8 uc2_exit-om_topentry 7-18-165) (none-of-those 92-1-375) (sideup sheet8 front 93-0-376)
    del: (location sheet8 ure_exit-uc2_onramp 7-20-167) (sideup sheet8 back 92-0-374) (none-of-those 93-1-377)
  (uc2-merge-letter sheet8 front back), cost: 78919
    pre: (location sheet8 ure_exit-uc2_onramp 7-20-167) (available uc2-rsrc 63-0-316) (sideup sheet8 front 93-0-376)
    add: (location sheet8 uc2_exit-om_topentry 7-18-165) (sideup sheet8 back 92-0-374) (none-of-those 93-1-377)
    del: (location sheet8 ure_exit-uc2_onramp 7-20-167) (none-of-those 92-1-375) (sideup sheet8 front 93-0-376)
  (uc2-merge-letter sheet9 back front), cost: 78919
    pre: (location sheet9 ure_exit-uc2_onramp 8-20-188) (available uc2-rsrc 63-0-316) (sideup sheet9 back 94-0-378)
    add: (location sheet9 uc2_exit-om_topentry 8-18-186) (none-of-those 94-1-379) (sideup sheet9 front 95-0-380)
    del: (location sheet9 ure_exit-uc2_onramp 8-20-188) (sideup sheet9 back 94-0-378) (none-of-those 95-1-381)
  (uc2-merge-letter sheet9 front back), cost: 78919
    pre: (location sheet9 ure_exit-uc2_onramp 8-20-188) (available uc2-rsrc 63-0-316) (sideup sheet9 front 95-0-380)
    add: (location sheet9 uc2_exit-om_topentry 8-18-186) (sideup sheet9 back 94-0-378) (none-of-those 95-1-381)
    del: (location sheet9 ure_exit-uc2_onramp 8-20-188) (none-of-those 94-1-379) (sideup sheet9 front 95-0-380)
  (uc2-mergeinvert-letter sheet1), cost: 78919
    pre: (location sheet1 ure_exit-uc2_onramp 0-20-20) (available uc2-rsrc 63-0-316)
    add: (location sheet1 uc2_exit-om_topentry 0-18-18)
    del: (location sheet1 ure_exit-uc2_onramp 0-20-20)
  (uc2-mergeinvert-letter sheet10), cost: 78919
    pre: (location sheet10 ure_exit-uc2_onramp 9-19-208) (available uc2-rsrc 63-0-316)
    add: (location sheet10 uc2_exit-om_topentry 9-17-206)
    del: (location sheet10 ure_exit-uc2_onramp 9-19-208)
  (uc2-mergeinvert-letter sheet2), cost: 78919
    pre: (location sheet2 ure_exit-uc2_onramp 1-20-41) (available uc2-rsrc 63-0-316)
    add: (location sheet2 uc2_exit-om_topentry 1-18-39)
    del: (location sheet2 ure_exit-uc2_onramp 1-20-41)
  (uc2-mergeinvert-letter sheet3), cost: 78919
    pre: (location sheet3 ure_exit-uc2_onramp 2-20-62) (available uc2-rsrc 63-0-316)
    add: (location sheet3 uc2_exit-om_topentry 2-18-60)
    del: (location sheet3 ure_exit-uc2_onramp 2-20-62)
  (uc2-mergeinvert-letter sheet4), cost: 78919
    pre: (location sheet4 ure_exit-uc2_onramp 3-20-83) (available uc2-rsrc 63-0-316)
    add: (location sheet4 uc2_exit-om_topentry 3-18-81)
    del: (location sheet4 ure_exit-uc2_onramp 3-20-83)
  (uc2-mergeinvert-letter sheet5), cost: 78919
    pre: (location sheet5 ure_exit-uc2_onramp 4-20-104) (available uc2-rsrc 63-0-316)
    add: (location sheet5 uc2_exit-om_topentry 4-18-102)
    del: (location sheet5 ure_exit-uc2_onramp 4-20-104)
  (uc2-mergeinvert-letter sheet6), cost: 78919
    pre: (location sheet6 ure_exit-uc2_onramp 5-20-125) (available uc2-rsrc 63-0-316)
    add: (location sheet6 uc2_exit-om_topentry 5-18-123)
    del: (location sheet6 ure_exit-uc2_onramp 5-20-125)
  (uc2-mergeinvert-letter sheet7), cost: 78919
    pre: (location sheet7 ure_exit-uc2_onramp 6-20-146) (available uc2-rsrc 63-0-316)
    add: (location sheet7 uc2_exit-om_topentry 6-18-144)
    del: (location sheet7 ure_exit-uc2_onramp 6-20-146)
  (uc2-mergeinvert-letter sheet8), cost: 78919
    pre: (location sheet8 ure_exit-uc2_onramp 7-20-167) (available uc2-rsrc 63-0-316)
    add: (location sheet8 uc2_exit-om_topentry 7-18-165)
    del: (location sheet8 ure_exit-uc2_onramp 7-20-167)
  (uc2-mergeinvert-letter sheet9), cost: 78919
    pre: (location sheet9 ure_exit-uc2_onramp 8-20-188) (available uc2-rsrc 63-0-316)
    add: (location sheet9 uc2_exit-om_topentry 8-18-186)
    del: (location sheet9 ure_exit-uc2_onramp 8-20-188)
  (ure-simplex-letter sheet1 back image-1), cost: 211849
    pre: (location sheet1 ure_entry-uc2_offramp 0-19-19) (notprintedwith sheet1 back color 30-0-250) (available ure-rsrc 64-0-318) (sideup sheet1 back 76-0-342)
    add: (location sheet1 ure_exit-uc2_onramp 0-20-20) (none-of-those 30-1-251)
    del: (location sheet1 ure_entry-uc2_offramp 0-19-19) (notprintedwith sheet1 back color 30-0-250)
  (ure-simplex-letter sheet1 back image-2), cost: 211849
    pre: (location sheet1 ure_entry-uc2_offramp 0-19-19) (notprintedwith sheet1 back color 30-0-250) (available ure-rsrc 64-0-318) (sideup sheet1 back 76-0-342)
    add: (location sheet1 ure_exit-uc2_onramp 0-20-20) (none-of-those 30-1-251)
    del: (location sheet1 ure_entry-uc2_offramp 0-19-19) (notprintedwith sheet1 back color 30-0-250)
  (ure-simplex-letter sheet1 back image-6), cost: 211849
    pre: (location sheet1 ure_entry-uc2_offramp 0-19-19) (notprintedwith sheet1 back color 30-0-250) (available ure-rsrc 64-0-318) (sideup sheet1 back 76-0-342)
    add: (location sheet1 ure_exit-uc2_onramp 0-20-20) (none-of-those 30-1-251)
    del: (location sheet1 ure_entry-uc2_offramp 0-19-19) (notprintedwith sheet1 back color 30-0-250)
  (ure-simplex-letter sheet1 back image-8), cost: 211849
    pre: (location sheet1 ure_entry-uc2_offramp 0-19-19) (notprintedwith sheet1 back color 30-0-250) (available ure-rsrc 64-0-318) (sideup sheet1 back 76-0-342)
    add: (location sheet1 ure_exit-uc2_onramp 0-20-20) (none-of-those 30-1-251)
    del: (location sheet1 ure_entry-uc2_offramp 0-19-19) (notprintedwith sheet1 back color 30-0-250)
  (ure-simplex-letter sheet1 back image-8b), cost: 211849
    pre: (location sheet1 ure_entry-uc2_offramp 0-19-19) (notprintedwith sheet1 back color 30-0-250) (available ure-rsrc 64-0-318) (sideup sheet1 back 76-0-342)
    add: (location sheet1 ure_exit-uc2_onramp 0-20-20) (none-of-those 30-1-251)
    del: (location sheet1 ure_entry-uc2_offramp 0-19-19) (notprintedwith sheet1 back color 30-0-250)
  (ure-simplex-letter sheet1 front image-1), cost: 211849
    pre: (location sheet1 ure_entry-uc2_offramp 0-19-19) (notprintedwith sheet1 front color 32-0-254) (available ure-rsrc 64-0-318) (sideup sheet1 front 77-0-344)
    add: (location sheet1 ure_exit-uc2_onramp 0-20-20) (none-of-those 32-1-255) (hasimage sheet1 front image-1 65-0-320)
    del: (location sheet1 ure_entry-uc2_offramp 0-19-19) (notprintedwith sheet1 front color 32-0-254) (none-of-those 65-1-321)
  (ure-simplex-letter sheet1 front image-2), cost: 211849
    pre: (location sheet1 ure_entry-uc2_offramp 0-19-19) (notprintedwith sheet1 front color 32-0-254) (available ure-rsrc 64-0-318) (sideup sheet1 front 77-0-344)
    add: (location sheet1 ure_exit-uc2_onramp 0-20-20) (none-of-those 32-1-255)
    del: (location sheet1 ure_entry-uc2_offramp 0-19-19) (notprintedwith sheet1 front color 32-0-254)
  (ure-simplex-letter sheet1 front image-6), cost: 211849
    pre: (location sheet1 ure_entry-uc2_offramp 0-19-19) (notprintedwith sheet1 front color 32-0-254) (available ure-rsrc 64-0-318) (sideup sheet1 front 77-0-344)
    add: (location sheet1 ure_exit-uc2_onramp 0-20-20) (none-of-those 32-1-255)
    del: (location sheet1 ure_entry-uc2_offramp 0-19-19) (notprintedwith sheet1 front color 32-0-254)
  (ure-simplex-letter sheet1 front image-8), cost: 211849
    pre: (location sheet1 ure_entry-uc2_offramp 0-19-19) (notprintedwith sheet1 front color 32-0-254) (available ure-rsrc 64-0-318) (sideup sheet1 front 77-0-344)
    add: (location sheet1 ure_exit-uc2_onramp 0-20-20) (none-of-those 32-1-255)
    del: (location sheet1 ure_entry-uc2_offramp 0-19-19) (notprintedwith sheet1 front color 32-0-254)
  (ure-simplex-letter sheet1 front image-8b), cost: 211849
    pre: (location sheet1 ure_entry-uc2_offramp 0-19-19) (notprintedwith sheet1 front color 32-0-254) (available ure-rsrc 64-0-318) (sideup sheet1 front 77-0-344)
    add: (location sheet1 ure_exit-uc2_onramp 0-20-20) (none-of-those 32-1-255)
    del: (location sheet1 ure_entry-uc2_offramp 0-19-19) (notprintedwith sheet1 front color 32-0-254)
  (ure-simplex-letter sheet10 back image-1), cost: 211849
    pre: (location sheet10 ure_entry-uc2_offramp 9-18-207) (notprintedwith sheet10 back color 34-0-258) (available ure-rsrc 64-0-318) (sideup sheet10 back 78-0-346)
    add: (location sheet10 ure_exit-uc2_onramp 9-19-208) (none-of-those 34-1-259)
    del: (location sheet10 ure_entry-uc2_offramp 9-18-207) (notprintedwith sheet10 back color 34-0-258)
  (ure-simplex-letter sheet10 back image-2), cost: 211849
    pre: (location sheet10 ure_entry-uc2_offramp 9-18-207) (notprintedwith sheet10 back color 34-0-258) (available ure-rsrc 64-0-318) (sideup sheet10 back 78-0-346)
    add: (location sheet10 ure_exit-uc2_onramp 9-19-208) (none-of-those 34-1-259)
    del: (location sheet10 ure_entry-uc2_offramp 9-18-207) (notprintedwith sheet10 back color 34-0-258)
  (ure-simplex-letter sheet10 back image-6), cost: 211849
    pre: (location sheet10 ure_entry-uc2_offramp 9-18-207) (notprintedwith sheet10 back color 34-0-258) (available ure-rsrc 64-0-318) (sideup sheet10 back 78-0-346)
    add: (location sheet10 ure_exit-uc2_onramp 9-19-208) (none-of-those 34-1-259)
    del: (location sheet10 ure_entry-uc2_offramp 9-18-207) (notprintedwith sheet10 back color 34-0-258)
  (ure-simplex-letter sheet10 back image-8), cost: 211849
    pre: (location sheet10 ure_entry-uc2_offramp 9-18-207) (notprintedwith sheet10 back color 34-0-258) (available ure-rsrc 64-0-318) (sideup sheet10 back 78-0-346)
    add: (location sheet10 ure_exit-uc2_onramp 9-19-208) (none-of-those 34-1-259)
    del: (location sheet10 ure_entry-uc2_offramp 9-18-207) (notprintedwith sheet10 back color 34-0-258)
  (ure-simplex-letter sheet10 back image-8b), cost: 211849
    pre: (location sheet10 ure_entry-uc2_offramp 9-18-207) (notprintedwith sheet10 back color 34-0-258) (available ure-rsrc 64-0-318) (sideup sheet10 back 78-0-346)
    add: (location sheet10 ure_exit-uc2_onramp 9-19-208) (none-of-those 34-1-259)
    del: (location sheet10 ure_entry-uc2_offramp 9-18-207) (notprintedwith sheet10 back color 34-0-258)
  (ure-simplex-letter sheet10 front image-1), cost: 211849
    pre: (location sheet10 ure_entry-uc2_offramp 9-18-207) (notprintedwith sheet10 front color 36-0-262) (available ure-rsrc 64-0-318) (sideup sheet10 front 79-0-348)
    add: (location sheet10 ure_exit-uc2_onramp 9-19-208) (none-of-those 36-1-263)
    del: (location sheet10 ure_entry-uc2_offramp 9-18-207) (notprintedwith sheet10 front color 36-0-262)
  (ure-simplex-letter sheet10 front image-2), cost: 211849
    pre: (location sheet10 ure_entry-uc2_offramp 9-18-207) (notprintedwith sheet10 front color 36-0-262) (available ure-rsrc 64-0-318) (sideup sheet10 front 79-0-348)
    add: (location sheet10 ure_exit-uc2_onramp 9-19-208) (none-of-those 36-1-263)
    del: (location sheet10 ure_entry-uc2_offramp 9-18-207) (notprintedwith sheet10 front color 36-0-262)
  (ure-simplex-letter sheet10 front image-6), cost: 211849
    pre: (location sheet10 ure_entry-uc2_offramp 9-18-207) (notprintedwith sheet10 front color 36-0-262) (available ure-rsrc 64-0-318) (sideup sheet10 front 79-0-348)
    add: (location sheet10 ure_exit-uc2_onramp 9-19-208) (none-of-those 36-1-263)
    del: (location sheet10 ure_entry-uc2_offramp 9-18-207) (notprintedwith sheet10 front color 36-0-262)
  (ure-simplex-letter sheet10 front image-8), cost: 211849
    pre: (location sheet10 ure_entry-uc2_offramp 9-18-207) (notprintedwith sheet10 front color 36-0-262) (available ure-rsrc 64-0-318) (sideup sheet10 front 79-0-348)
    add: (location sheet10 ure_exit-uc2_onramp 9-19-208) (none-of-those 36-1-263)
    del: (location sheet10 ure_entry-uc2_offramp 9-18-207) (notprintedwith sheet10 front color 36-0-262)
  (ure-simplex-letter sheet10 front image-8b), cost: 211849
    pre: (location sheet10 ure_entry-uc2_offramp 9-18-207) (notprintedwith sheet10 front color 36-0-262) (available ure-rsrc 64-0-318) (sideup sheet10 front 79-0-348)
    add: (location sheet10 ure_exit-uc2_onramp 9-19-208) (none-of-those 36-1-263)
    del: (location sheet10 ure_entry-uc2_offramp 9-18-207) (notprintedwith sheet10 front color 36-0-262)
  (ure-simplex-letter sheet2 back image-1), cost: 211849
    pre: (location sheet2 ure_entry-uc2_offramp 1-19-40) (notprintedwith sheet2 back color 38-0-266) (available ure-rsrc 64-0-318) (sideup sheet2 back 80-0-350)
    add: (location sheet2 ure_exit-uc2_onramp 1-20-41) (none-of-those 38-1-267)
    del: (location sheet2 ure_entry-uc2_offramp 1-19-40) (notprintedwith sheet2 back color 38-0-266)
  (ure-simplex-letter sheet2 back image-2), cost: 211849
    pre: (location sheet2 ure_entry-uc2_offramp 1-19-40) (notprintedwith sheet2 back color 38-0-266) (available ure-rsrc 64-0-318) (sideup sheet2 back 80-0-350)
    add: (location sheet2 ure_exit-uc2_onramp 1-20-41) (none-of-those 38-1-267)
    del: (location sheet2 ure_entry-uc2_offramp 1-19-40) (notprintedwith sheet2 back color 38-0-266)
  (ure-simplex-letter sheet2 back image-6), cost: 211849
    pre: (location sheet2 ure_entry-uc2_offramp 1-19-40) (notprintedwith sheet2 back color 38-0-266) (available ure-rsrc 64-0-318) (sideup sheet2 back 80-0-350)
    add: (location sheet2 ure_exit-uc2_onramp 1-20-41) (none-of-those 38-1-267)
    del: (location sheet2 ure_entry-uc2_offramp 1-19-40) (notprintedwith sheet2 back color 38-0-266)
  (ure-simplex-letter sheet2 back image-8), cost: 211849
    pre: (location sheet2 ure_entry-uc2_offramp 1-19-40) (notprintedwith sheet2 back color 38-0-266) (available ure-rsrc 64-0-318) (sideup sheet2 back 80-0-350)
    add: (location sheet2 ure_exit-uc2_onramp 1-20-41) (none-of-those 38-1-267)
    del: (location sheet2 ure_entry-uc2_offramp 1-19-40) (notprintedwith sheet2 back color 38-0-266)
  (ure-simplex-letter sheet2 back image-8b), cost: 211849
    pre: (location sheet2 ure_entry-uc2_offramp 1-19-40) (notprintedwith sheet2 back color 38-0-266) (available ure-rsrc 64-0-318) (sideup sheet2 back 80-0-350)
    add: (location sheet2 ure_exit-uc2_onramp 1-20-41) (none-of-those 38-1-267)
    del: (location sheet2 ure_entry-uc2_offramp 1-19-40) (notprintedwith sheet2 back color 38-0-266)
  (ure-simplex-letter sheet2 front image-1), cost: 211849
    pre: (location sheet2 ure_entry-uc2_offramp 1-19-40) (notprintedwith sheet2 front color 40-0-270) (available ure-rsrc 64-0-318) (sideup sheet2 front 81-0-352)
    add: (location sheet2 ure_exit-uc2_onramp 1-20-41) (none-of-those 40-1-271)
    del: (location sheet2 ure_entry-uc2_offramp 1-19-40) (notprintedwith sheet2 front color 40-0-270)
  (ure-simplex-letter sheet2 front image-2), cost: 211849
    pre: (location sheet2 ure_entry-uc2_offramp 1-19-40) (notprintedwith sheet2 front color 40-0-270) (available ure-rsrc 64-0-318) (sideup sheet2 front 81-0-352)
    add: (location sheet2 ure_exit-uc2_onramp 1-20-41) (none-of-those 40-1-271) (hasimage sheet2 front image-2 67-0-324)
    del: (location sheet2 ure_entry-uc2_offramp 1-19-40) (notprintedwith sheet2 front color 40-0-270) (none-of-those 67-1-325)
  (ure-simplex-letter sheet2 front image-6), cost: 211849
    pre: (location sheet2 ure_entry-uc2_offramp 1-19-40) (notprintedwith sheet2 front color 40-0-270) (available ure-rsrc 64-0-318) (sideup sheet2 front 81-0-352)
    add: (location sheet2 ure_exit-uc2_onramp 1-20-41) (none-of-those 40-1-271)
    del: (location sheet2 ure_entry-uc2_offramp 1-19-40) (notprintedwith sheet2 front color 40-0-270)
  (ure-simplex-letter sheet2 front image-8), cost: 211849
    pre: (location sheet2 ure_entry-uc2_offramp 1-19-40) (notprintedwith sheet2 front color 40-0-270) (available ure-rsrc 64-0-318) (sideup sheet2 front 81-0-352)
    add: (location sheet2 ure_exit-uc2_onramp 1-20-41) (none-of-those 40-1-271)
    del: (location sheet2 ure_entry-uc2_offramp 1-19-40) (notprintedwith sheet2 front color 40-0-270)
  (ure-simplex-letter sheet2 front image-8b), cost: 211849
    pre: (location sheet2 ure_entry-uc2_offramp 1-19-40) (notprintedwith sheet2 front color 40-0-270) (available ure-rsrc 64-0-318) (sideup sheet2 front 81-0-352)
    add: (location sheet2 ure_exit-uc2_onramp 1-20-41) (none-of-those 40-1-271)
    del: (location sheet2 ure_entry-uc2_offramp 1-19-40) (notprintedwith sheet2 front color 40-0-270)
  (ure-simplex-letter sheet3 back image-1), cost: 211849
    pre: (location sheet3 ure_entry-uc2_offramp 2-19-61) (notprintedwith sheet3 back color 42-0-274) (available ure-rsrc 64-0-318) (sideup sheet3 back 82-0-354)
    add: (location sheet3 ure_exit-uc2_onramp 2-20-62) (none-of-those 42-1-275)
    del: (location sheet3 ure_entry-uc2_offramp 2-19-61) (notprintedwith sheet3 back color 42-0-274)
  (ure-simplex-letter sheet3 back image-2), cost: 211849
    pre: (location sheet3 ure_entry-uc2_offramp 2-19-61) (notprintedwith sheet3 back color 42-0-274) (available ure-rsrc 64-0-318) (sideup sheet3 back 82-0-354)
    add: (location sheet3 ure_exit-uc2_onramp 2-20-62) (none-of-those 42-1-275)
    del: (location sheet3 ure_entry-uc2_offramp 2-19-61) (notprintedwith sheet3 back color 42-0-274)
  (ure-simplex-letter sheet3 back image-6), cost: 211849
    pre: (location sheet3 ure_entry-uc2_offramp 2-19-61) (notprintedwith sheet3 back color 42-0-274) (available ure-rsrc 64-0-318) (sideup sheet3 back 82-0-354)
    add: (location sheet3 ure_exit-uc2_onramp 2-20-62) (none-of-those 42-1-275)
    del: (location sheet3 ure_entry-uc2_offramp 2-19-61) (notprintedwith sheet3 back color 42-0-274)
  (ure-simplex-letter sheet3 back image-8), cost: 211849
    pre: (location sheet3 ure_entry-uc2_offramp 2-19-61) (notprintedwith sheet3 back color 42-0-274) (available ure-rsrc 64-0-318) (sideup sheet3 back 82-0-354)
    add: (location sheet3 ure_exit-uc2_onramp 2-20-62) (none-of-those 42-1-275)
    del: (location sheet3 ure_entry-uc2_offramp 2-19-61) (notprintedwith sheet3 back color 42-0-274)
  (ure-simplex-letter sheet3 back image-8b), cost: 211849
    pre: (location sheet3 ure_entry-uc2_offramp 2-19-61) (notprintedwith sheet3 back color 42-0-274) (available ure-rsrc 64-0-318) (sideup sheet3 back 82-0-354)
    add: (location sheet3 ure_exit-uc2_onramp 2-20-62) (none-of-those 42-1-275)
    del: (location sheet3 ure_entry-uc2_offramp 2-19-61) (notprintedwith sheet3 back color 42-0-274)
  (ure-simplex-letter sheet3 front image-1), cost: 211849
    pre: (location sheet3 ure_entry-uc2_offramp 2-19-61) (notprintedwith sheet3 front color 44-0-278) (available ure-rsrc 64-0-318) (sideup sheet3 front 83-0-356)
    add: (location sheet3 ure_exit-uc2_onramp 2-20-62) (none-of-those 44-1-279)
    del: (location sheet3 ure_entry-uc2_offramp 2-19-61) (notprintedwith sheet3 front color 44-0-278)
  (ure-simplex-letter sheet3 front image-2), cost: 211849
    pre: (location sheet3 ure_entry-uc2_offramp 2-19-61) (notprintedwith sheet3 front color 44-0-278) (available ure-rsrc 64-0-318) (sideup sheet3 front 83-0-356)
    add: (location sheet3 ure_exit-uc2_onramp 2-20-62) (none-of-those 44-1-279)
    del: (location sheet3 ure_entry-uc2_offramp 2-19-61) (notprintedwith sheet3 front color 44-0-278)
  (ure-simplex-letter sheet3 front image-6), cost: 211849
    pre: (location sheet3 ure_entry-uc2_offramp 2-19-61) (notprintedwith sheet3 front color 44-0-278) (available ure-rsrc 64-0-318) (sideup sheet3 front 83-0-356)
    add: (location sheet3 ure_exit-uc2_onramp 2-20-62) (none-of-those 44-1-279)
    del: (location sheet3 ure_entry-uc2_offramp 2-19-61) (notprintedwith sheet3 front color 44-0-278)
  (ure-simplex-letter sheet3 front image-8), cost: 211849
    pre: (location sheet3 ure_entry-uc2_offramp 2-19-61) (notprintedwith sheet3 front color 44-0-278) (available ure-rsrc 64-0-318) (sideup sheet3 front 83-0-356)
    add: (location sheet3 ure_exit-uc2_onramp 2-20-62) (none-of-those 44-1-279)
    del: (location sheet3 ure_entry-uc2_offramp 2-19-61) (notprintedwith sheet3 front color 44-0-278)
  (ure-simplex-letter sheet3 front image-8b), cost: 211849
    pre: (location sheet3 ure_entry-uc2_offramp 2-19-61) (notprintedwith sheet3 front color 44-0-278) (available ure-rsrc 64-0-318) (sideup sheet3 front 83-0-356)
    add: (location sheet3 ure_exit-uc2_onramp 2-20-62) (none-of-those 44-1-279)
    del: (location sheet3 ure_entry-uc2_offramp 2-19-61) (notprintedwith sheet3 front color 44-0-278)
  (ure-simplex-letter sheet4 back image-1), cost: 211849
    pre: (location sheet4 ure_entry-uc2_offramp 3-19-82) (notprintedwith sheet4 back color 46-0-282) (available ure-rsrc 64-0-318) (sideup sheet4 back 84-0-358)
    add: (location sheet4 ure_exit-uc2_onramp 3-20-83) (none-of-those 46-1-283)
    del: (location sheet4 ure_entry-uc2_offramp 3-19-82) (notprintedwith sheet4 back color 46-0-282)
  (ure-simplex-letter sheet4 back image-2), cost: 211849
    pre: (location sheet4 ure_entry-uc2_offramp 3-19-82) (notprintedwith sheet4 back color 46-0-282) (available ure-rsrc 64-0-318) (sideup sheet4 back 84-0-358)
    add: (location sheet4 ure_exit-uc2_onramp 3-20-83) (none-of-those 46-1-283)
    del: (location sheet4 ure_entry-uc2_offramp 3-19-82) (notprintedwith sheet4 back color 46-0-282)
  (ure-simplex-letter sheet4 back image-6), cost: 211849
    pre: (location sheet4 ure_entry-uc2_offramp 3-19-82) (notprintedwith sheet4 back color 46-0-282) (available ure-rsrc 64-0-318) (sideup sheet4 back 84-0-358)
    add: (location sheet4 ure_exit-uc2_onramp 3-20-83) (none-of-those 46-1-283)
    del: (location sheet4 ure_entry-uc2_offramp 3-19-82) (notprintedwith sheet4 back color 46-0-282)
  (ure-simplex-letter sheet4 back image-8), cost: 211849
    pre: (location sheet4 ure_entry-uc2_offramp 3-19-82) (notprintedwith sheet4 back color 46-0-282) (available ure-rsrc 64-0-318) (sideup sheet4 back 84-0-358)
    add: (location sheet4 ure_exit-uc2_onramp 3-20-83) (none-of-those 46-1-283)
    del: (location sheet4 ure_entry-uc2_offramp 3-19-82) (notprintedwith sheet4 back color 46-0-282)
  (ure-simplex-letter sheet4 back image-8b), cost: 211849
    pre: (location sheet4 ure_entry-uc2_offramp 3-19-82) (notprintedwith sheet4 back color 46-0-282) (available ure-rsrc 64-0-318) (sideup sheet4 back 84-0-358)
    add: (location sheet4 ure_exit-uc2_onramp 3-20-83) (none-of-those 46-1-283)
    del: (location sheet4 ure_entry-uc2_offramp 3-19-82) (notprintedwith sheet4 back color 46-0-282)
  (ure-simplex-letter sheet4 front image-1), cost: 211849
    pre: (location sheet4 ure_entry-uc2_offramp 3-19-82) (notprintedwith sheet4 front color 48-0-286) (available ure-rsrc 64-0-318) (sideup sheet4 front 85-0-360)
    add: (location sheet4 ure_exit-uc2_onramp 3-20-83) (none-of-those 48-1-287)
    del: (location sheet4 ure_entry-uc2_offramp 3-19-82) (notprintedwith sheet4 front color 48-0-286)
  (ure-simplex-letter sheet4 front image-2), cost: 211849
    pre: (location sheet4 ure_entry-uc2_offramp 3-19-82) (notprintedwith sheet4 front color 48-0-286) (available ure-rsrc 64-0-318) (sideup sheet4 front 85-0-360)
    add: (location sheet4 ure_exit-uc2_onramp 3-20-83) (none-of-those 48-1-287)
    del: (location sheet4 ure_entry-uc2_offramp 3-19-82) (notprintedwith sheet4 front color 48-0-286)
  (ure-simplex-letter sheet4 front image-6), cost: 211849
    pre: (location sheet4 ure_entry-uc2_offramp 3-19-82) (notprintedwith sheet4 front color 48-0-286) (available ure-rsrc 64-0-318) (sideup sheet4 front 85-0-360)
    add: (location sheet4 ure_exit-uc2_onramp 3-20-83) (none-of-those 48-1-287)
    del: (location sheet4 ure_entry-uc2_offramp 3-19-82) (notprintedwith sheet4 front color 48-0-286)
  (ure-simplex-letter sheet4 front image-8), cost: 211849
    pre: (location sheet4 ure_entry-uc2_offramp 3-19-82) (notprintedwith sheet4 front color 48-0-286) (available ure-rsrc 64-0-318) (sideup sheet4 front 85-0-360)
    add: (location sheet4 ure_exit-uc2_onramp 3-20-83) (none-of-those 48-1-287)
    del: (location sheet4 ure_entry-uc2_offramp 3-19-82) (notprintedwith sheet4 front color 48-0-286)
  (ure-simplex-letter sheet4 front image-8b), cost: 211849
    pre: (location sheet4 ure_entry-uc2_offramp 3-19-82) (notprintedwith sheet4 front color 48-0-286) (available ure-rsrc 64-0-318) (sideup sheet4 front 85-0-360)
    add: (location sheet4 ure_exit-uc2_onramp 3-20-83) (none-of-those 48-1-287)
    del: (location sheet4 ure_entry-uc2_offramp 3-19-82) (notprintedwith sheet4 front color 48-0-286)
  (ure-simplex-letter sheet5 back image-1), cost: 211849
    pre: (location sheet5 ure_entry-uc2_offramp 4-19-103) (notprintedwith sheet5 back color 50-0-290) (available ure-rsrc 64-0-318) (sideup sheet5 back 86-0-362)
    add: (location sheet5 ure_exit-uc2_onramp 4-20-104) (none-of-those 50-1-291)
    del: (location sheet5 ure_entry-uc2_offramp 4-19-103) (notprintedwith sheet5 back color 50-0-290)
  (ure-simplex-letter sheet5 back image-2), cost: 211849
    pre: (location sheet5 ure_entry-uc2_offramp 4-19-103) (notprintedwith sheet5 back color 50-0-290) (available ure-rsrc 64-0-318) (sideup sheet5 back 86-0-362)
    add: (location sheet5 ure_exit-uc2_onramp 4-20-104) (none-of-those 50-1-291)
    del: (location sheet5 ure_entry-uc2_offramp 4-19-103) (notprintedwith sheet5 back color 50-0-290)
  (ure-simplex-letter sheet5 back image-6), cost: 211849
    pre: (location sheet5 ure_entry-uc2_offramp 4-19-103) (notprintedwith sheet5 back color 50-0-290) (available ure-rsrc 64-0-318) (sideup sheet5 back 86-0-362)
    add: (location sheet5 ure_exit-uc2_onramp 4-20-104) (none-of-those 50-1-291)
    del: (location sheet5 ure_entry-uc2_offramp 4-19-103) (notprintedwith sheet5 back color 50-0-290)
  (ure-simplex-letter sheet5 back image-8), cost: 211849
    pre: (location sheet5 ure_entry-uc2_offramp 4-19-103) (notprintedwith sheet5 back color 50-0-290) (available ure-rsrc 64-0-318) (sideup sheet5 back 86-0-362)
    add: (location sheet5 ure_exit-uc2_onramp 4-20-104) (none-of-those 50-1-291)
    del: (location sheet5 ure_entry-uc2_offramp 4-19-103) (notprintedwith sheet5 back color 50-0-290)
  (ure-simplex-letter sheet5 back image-8b), cost: 211849
    pre: (location sheet5 ure_entry-uc2_offramp 4-19-103) (notprintedwith sheet5 back color 50-0-290) (available ure-rsrc 64-0-318) (sideup sheet5 back 86-0-362)
    add: (location sheet5 ure_exit-uc2_onramp 4-20-104) (none-of-those 50-1-291)
    del: (location sheet5 ure_entry-uc2_offramp 4-19-103) (notprintedwith sheet5 back color 50-0-290)
  (ure-simplex-letter sheet5 front image-1), cost: 211849
    pre: (location sheet5 ure_entry-uc2_offramp 4-19-103) (notprintedwith sheet5 front color 11-0-212) (available ure-rsrc 64-0-318) (sideup sheet5 front 87-0-364)
    add: (location sheet5 ure_exit-uc2_onramp 4-20-104) (none-of-those 11-1-213)
    del: (location sheet5 ure_entry-uc2_offramp 4-19-103) (notprintedwith sheet5 front color 11-0-212)
  (ure-simplex-letter sheet5 front image-2), cost: 211849
    pre: (location sheet5 ure_entry-uc2_offramp 4-19-103) (notprintedwith sheet5 front color 11-0-212) (available ure-rsrc 64-0-318) (sideup sheet5 front 87-0-364)
    add: (location sheet5 ure_exit-uc2_onramp 4-20-104) (none-of-those 11-1-213)
    del: (location sheet5 ure_entry-uc2_offramp 4-19-103) (notprintedwith sheet5 front color 11-0-212)
  (ure-simplex-letter sheet5 front image-6), cost: 211849
    pre: (location sheet5 ure_entry-uc2_offramp 4-19-103) (notprintedwith sheet5 front color 11-0-212) (available ure-rsrc 64-0-318) (sideup sheet5 front 87-0-364)
    add: (location sheet5 ure_exit-uc2_onramp 4-20-104) (none-of-those 11-1-213)
    del: (location sheet5 ure_entry-uc2_offramp 4-19-103) (notprintedwith sheet5 front color 11-0-212)
  (ure-simplex-letter sheet5 front image-8), cost: 211849
    pre: (location sheet5 ure_entry-uc2_offramp 4-19-103) (notprintedwith sheet5 front color 11-0-212) (available ure-rsrc 64-0-318) (sideup sheet5 front 87-0-364)
    add: (location sheet5 ure_exit-uc2_onramp 4-20-104) (none-of-those 11-1-213)
    del: (location sheet5 ure_entry-uc2_offramp 4-19-103) (notprintedwith sheet5 front color 11-0-212)
  (ure-simplex-letter sheet5 front image-8b), cost: 211849
    pre: (location sheet5 ure_entry-uc2_offramp 4-19-103) (notprintedwith sheet5 front color 11-0-212) (available ure-rsrc 64-0-318) (sideup sheet5 front 87-0-364)
    add: (location sheet5 ure_exit-uc2_onramp 4-20-104) (none-of-those 11-1-213)
    del: (location sheet5 ure_entry-uc2_offramp 4-19-103) (notprintedwith sheet5 front color 11-0-212)
  (ure-simplex-letter sheet6 back image-1), cost: 211849
    pre: (location sheet6 ure_entry-uc2_offramp 5-19-124) (notprintedwith sheet6 back color 13-0-216) (available ure-rsrc 64-0-318) (sideup sheet6 back 88-0-366)
    add: (location sheet6 ure_exit-uc2_onramp 5-20-125) (none-of-those 13-1-217)
    del: (location sheet6 ure_entry-uc2_offramp 5-19-124) (notprintedwith sheet6 back color 13-0-216)
  (ure-simplex-letter sheet6 back image-2), cost: 211849
    pre: (location sheet6 ure_entry-uc2_offramp 5-19-124) (notprintedwith sheet6 back color 13-0-216) (available ure-rsrc 64-0-318) (sideup sheet6 back 88-0-366)
    add: (location sheet6 ure_exit-uc2_onramp 5-20-125) (none-of-those 13-1-217)
    del: (location sheet6 ure_entry-uc2_offramp 5-19-124) (notprintedwith sheet6 back color 13-0-216)
  (ure-simplex-letter sheet6 back image-6), cost: 211849
    pre: (location sheet6 ure_entry-uc2_offramp 5-19-124) (notprintedwith sheet6 back color 13-0-216) (available ure-rsrc 64-0-318) (sideup sheet6 back 88-0-366)
    add: (location sheet6 ure_exit-uc2_onramp 5-20-125) (none-of-those 13-1-217)
    del: (location sheet6 ure_entry-uc2_offramp 5-19-124) (notprintedwith sheet6 back color 13-0-216)
  (ure-simplex-letter sheet6 back image-8), cost: 211849
    pre: (location sheet6 ure_entry-uc2_offramp 5-19-124) (notprintedwith sheet6 back color 13-0-216) (available ure-rsrc 64-0-318) (sideup sheet6 back 88-0-366)
    add: (location sheet6 ure_exit-uc2_onramp 5-20-125) (none-of-those 13-1-217)
    del: (location sheet6 ure_entry-uc2_offramp 5-19-124) (notprintedwith sheet6 back color 13-0-216)
  (ure-simplex-letter sheet6 back image-8b), cost: 211849
    pre: (location sheet6 ure_entry-uc2_offramp 5-19-124) (notprintedwith sheet6 back color 13-0-216) (available ure-rsrc 64-0-318) (sideup sheet6 back 88-0-366)
    add: (location sheet6 ure_exit-uc2_onramp 5-20-125) (none-of-those 13-1-217)
    del: (location sheet6 ure_entry-uc2_offramp 5-19-124) (notprintedwith sheet6 back color 13-0-216)
  (ure-simplex-letter sheet6 front image-1), cost: 211849
    pre: (location sheet6 ure_entry-uc2_offramp 5-19-124) (notprintedwith sheet6 front color 15-0-220) (available ure-rsrc 64-0-318) (sideup sheet6 front 89-0-368)
    add: (location sheet6 ure_exit-uc2_onramp 5-20-125) (none-of-those 15-1-221)
    del: (location sheet6 ure_entry-uc2_offramp 5-19-124) (notprintedwith sheet6 front color 15-0-220)
  (ure-simplex-letter sheet6 front image-2), cost: 211849
    pre: (location sheet6 ure_entry-uc2_offramp 5-19-124) (notprintedwith sheet6 front color 15-0-220) (available ure-rsrc 64-0-318) (sideup sheet6 front 89-0-368)
    add: (location sheet6 ure_exit-uc2_onramp 5-20-125) (none-of-those 15-1-221)
    del: (location sheet6 ure_entry-uc2_offramp 5-19-124) (notprintedwith sheet6 front color 15-0-220)
  (ure-simplex-letter sheet6 front image-6), cost: 211849
    pre: (location sheet6 ure_entry-uc2_offramp 5-19-124) (notprintedwith sheet6 front color 15-0-220) (available ure-rsrc 64-0-318) (sideup sheet6 front 89-0-368)
    add: (location sheet6 ure_exit-uc2_onramp 5-20-125) (none-of-those 15-1-221) (hasimage sheet6 front image-6 71-0-332)
    del: (location sheet6 ure_entry-uc2_offramp 5-19-124) (notprintedwith sheet6 front color 15-0-220) (none-of-those 71-1-333)
  (ure-simplex-letter sheet6 front image-8), cost: 211849
    pre: (location sheet6 ure_entry-uc2_offramp 5-19-124) (notprintedwith sheet6 front color 15-0-220) (available ure-rsrc 64-0-318) (sideup sheet6 front 89-0-368)
    add: (location sheet6 ure_exit-uc2_onramp 5-20-125) (none-of-those 15-1-221)
    del: (location sheet6 ure_entry-uc2_offramp 5-19-124) (notprintedwith sheet6 front color 15-0-220)
  (ure-simplex-letter sheet6 front image-8b), cost: 211849
    pre: (location sheet6 ure_entry-uc2_offramp 5-19-124) (notprintedwith sheet6 front color 15-0-220) (available ure-rsrc 64-0-318) (sideup sheet6 front 89-0-368)
    add: (location sheet6 ure_exit-uc2_onramp 5-20-125) (none-of-those 15-1-221)
    del: (location sheet6 ure_entry-uc2_offramp 5-19-124) (notprintedwith sheet6 front color 15-0-220)
  (ure-simplex-letter sheet7 back image-1), cost: 211849
    pre: (location sheet7 ure_entry-uc2_offramp 6-19-145) (notprintedwith sheet7 back color 17-0-224) (available ure-rsrc 64-0-318) (sideup sheet7 back 90-0-370)
    add: (location sheet7 ure_exit-uc2_onramp 6-20-146) (none-of-those 17-1-225)
    del: (location sheet7 ure_entry-uc2_offramp 6-19-145) (notprintedwith sheet7 back color 17-0-224)
  (ure-simplex-letter sheet7 back image-2), cost: 211849
    pre: (location sheet7 ure_entry-uc2_offramp 6-19-145) (notprintedwith sheet7 back color 17-0-224) (available ure-rsrc 64-0-318) (sideup sheet7 back 90-0-370)
    add: (location sheet7 ure_exit-uc2_onramp 6-20-146) (none-of-those 17-1-225)
    del: (location sheet7 ure_entry-uc2_offramp 6-19-145) (notprintedwith sheet7 back color 17-0-224)
  (ure-simplex-letter sheet7 back image-6), cost: 211849
    pre: (location sheet7 ure_entry-uc2_offramp 6-19-145) (notprintedwith sheet7 back color 17-0-224) (available ure-rsrc 64-0-318) (sideup sheet7 back 90-0-370)
    add: (location sheet7 ure_exit-uc2_onramp 6-20-146) (none-of-those 17-1-225)
    del: (location sheet7 ure_entry-uc2_offramp 6-19-145) (notprintedwith sheet7 back color 17-0-224)
  (ure-simplex-letter sheet7 back image-8), cost: 211849
    pre: (location sheet7 ure_entry-uc2_offramp 6-19-145) (notprintedwith sheet7 back color 17-0-224) (available ure-rsrc 64-0-318) (sideup sheet7 back 90-0-370)
    add: (location sheet7 ure_exit-uc2_onramp 6-20-146) (none-of-those 17-1-225)
    del: (location sheet7 ure_entry-uc2_offramp 6-19-145) (notprintedwith sheet7 back color 17-0-224)
  (ure-simplex-letter sheet7 back image-8b), cost: 211849
    pre: (location sheet7 ure_entry-uc2_offramp 6-19-145) (notprintedwith sheet7 back color 17-0-224) (available ure-rsrc 64-0-318) (sideup sheet7 back 90-0-370)
    add: (location sheet7 ure_exit-uc2_onramp 6-20-146) (none-of-those 17-1-225)
    del: (location sheet7 ure_entry-uc2_offramp 6-19-145) (notprintedwith sheet7 back color 17-0-224)
  (ure-simplex-letter sheet7 front image-1), cost: 211849
    pre: (location sheet7 ure_entry-uc2_offramp 6-19-145) (notprintedwith sheet7 front color 19-0-228) (available ure-rsrc 64-0-318) (sideup sheet7 front 91-0-372)
    add: (location sheet7 ure_exit-uc2_onramp 6-20-146) (none-of-those 19-1-229)
    del: (location sheet7 ure_entry-uc2_offramp 6-19-145) (notprintedwith sheet7 front color 19-0-228)
  (ure-simplex-letter sheet7 front image-2), cost: 211849
    pre: (location sheet7 ure_entry-uc2_offramp 6-19-145) (notprintedwith sheet7 front color 19-0-228) (available ure-rsrc 64-0-318) (sideup sheet7 front 91-0-372)
    add: (location sheet7 ure_exit-uc2_onramp 6-20-146) (none-of-those 19-1-229)
    del: (location sheet7 ure_entry-uc2_offramp 6-19-145) (notprintedwith sheet7 front color 19-0-228)
  (ure-simplex-letter sheet7 front image-6), cost: 211849
    pre: (location sheet7 ure_entry-uc2_offramp 6-19-145) (notprintedwith sheet7 front color 19-0-228) (available ure-rsrc 64-0-318) (sideup sheet7 front 91-0-372)
    add: (location sheet7 ure_exit-uc2_onramp 6-20-146) (none-of-those 19-1-229)
    del: (location sheet7 ure_entry-uc2_offramp 6-19-145) (notprintedwith sheet7 front color 19-0-228)
  (ure-simplex-letter sheet7 front image-8), cost: 211849
    pre: (location sheet7 ure_entry-uc2_offramp 6-19-145) (notprintedwith sheet7 front color 19-0-228) (available ure-rsrc 64-0-318) (sideup sheet7 front 91-0-372)
    add: (location sheet7 ure_exit-uc2_onramp 6-20-146) (none-of-those 19-1-229)
    del: (location sheet7 ure_entry-uc2_offramp 6-19-145) (notprintedwith sheet7 front color 19-0-228)
  (ure-simplex-letter sheet7 front image-8b), cost: 211849
    pre: (location sheet7 ure_entry-uc2_offramp 6-19-145) (notprintedwith sheet7 front color 19-0-228) (available ure-rsrc 64-0-318) (sideup sheet7 front 91-0-372)
    add: (location sheet7 ure_exit-uc2_onramp 6-20-146) (none-of-those 19-1-229)
    del: (location sheet7 ure_entry-uc2_offramp 6-19-145) (notprintedwith sheet7 front color 19-0-228)
  (ure-simplex-letter sheet8 back image-1), cost: 211849
    pre: (location sheet8 ure_entry-uc2_offramp 7-19-166) (notprintedwith sheet8 back color 21-0-232) (available ure-rsrc 64-0-318) (sideup sheet8 back 92-0-374)
    add: (location sheet8 ure_exit-uc2_onramp 7-20-167) (none-of-those 21-1-233)
    del: (location sheet8 ure_entry-uc2_offramp 7-19-166) (notprintedwith sheet8 back color 21-0-232)
  (ure-simplex-letter sheet8 back image-2), cost: 211849
    pre: (location sheet8 ure_entry-uc2_offramp 7-19-166) (notprintedwith sheet8 back color 21-0-232) (available ure-rsrc 64-0-318) (sideup sheet8 back 92-0-374)
    add: (location sheet8 ure_exit-uc2_onramp 7-20-167) (none-of-those 21-1-233)
    del: (location sheet8 ure_entry-uc2_offramp 7-19-166) (notprintedwith sheet8 back color 21-0-232)
  (ure-simplex-letter sheet8 back image-6), cost: 211849
    pre: (location sheet8 ure_entry-uc2_offramp 7-19-166) (notprintedwith sheet8 back color 21-0-232) (available ure-rsrc 64-0-318) (sideup sheet8 back 92-0-374)
    add: (location sheet8 ure_exit-uc2_onramp 7-20-167) (none-of-those 21-1-233)
    del: (location sheet8 ure_entry-uc2_offramp 7-19-166) (notprintedwith sheet8 back color 21-0-232)
  (ure-simplex-letter sheet8 back image-8), cost: 211849
    pre: (location sheet8 ure_entry-uc2_offramp 7-19-166) (notprintedwith sheet8 back color 21-0-232) (available ure-rsrc 64-0-318) (sideup sheet8 back 92-0-374)
    add: (location sheet8 ure_exit-uc2_onramp 7-20-167) (none-of-those 21-1-233)
    del: (location sheet8 ure_entry-uc2_offramp 7-19-166) (notprintedwith sheet8 back color 21-0-232)
  (ure-simplex-letter sheet8 back image-8b), cost: 211849
    pre: (location sheet8 ure_entry-uc2_offramp 7-19-166) (notprintedwith sheet8 back color 21-0-232) (available ure-rsrc 64-0-318) (sideup sheet8 back 92-0-374)
    add: (location sheet8 ure_exit-uc2_onramp 7-20-167) (none-of-those 21-1-233) (hasimage sheet8 back image-8b 73-0-336)
    del: (location sheet8 ure_entry-uc2_offramp 7-19-166) (notprintedwith sheet8 back color 21-0-232) (none-of-those 73-1-337)
  (ure-simplex-letter sheet8 front image-1), cost: 211849
    pre: (location sheet8 ure_entry-uc2_offramp 7-19-166) (notprintedwith sheet8 front color 23-0-236) (available ure-rsrc 64-0-318) (sideup sheet8 front 93-0-376)
    add: (location sheet8 ure_exit-uc2_onramp 7-20-167) (none-of-those 23-1-237)
    del: (location sheet8 ure_entry-uc2_offramp 7-19-166) (notprintedwith sheet8 front color 23-0-236)
  (ure-simplex-letter sheet8 front image-2), cost: 211849
    pre: (location sheet8 ure_entry-uc2_offramp 7-19-166) (notprintedwith sheet8 front color 23-0-236) (available ure-rsrc 64-0-318) (sideup sheet8 front 93-0-376)
    add: (location sheet8 ure_exit-uc2_onramp 7-20-167) (none-of-those 23-1-237)
    del: (location sheet8 ure_entry-uc2_offramp 7-19-166) (notprintedwith sheet8 front color 23-0-236)
  (ure-simplex-letter sheet8 front image-6), cost: 211849
    pre: (location sheet8 ure_entry-uc2_offramp 7-19-166) (notprintedwith sheet8 front color 23-0-236) (available ure-rsrc 64-0-318) (sideup sheet8 front 93-0-376)
    add: (location sheet8 ure_exit-uc2_onramp 7-20-167) (none-of-those 23-1-237)
    del: (location sheet8 ure_entry-uc2_offramp 7-19-166) (notprintedwith sheet8 front color 23-0-236)
  (ure-simplex-letter sheet8 front image-8), cost: 211849
    pre: (location sheet8 ure_entry-uc2_offramp 7-19-166) (notprintedwith sheet8 front color 23-0-236) (available ure-rsrc 64-0-318) (sideup sheet8 front 93-0-376)
    add: (location sheet8 ure_exit-uc2_onramp 7-20-167) (none-of-those 23-1-237) (hasimage sheet8 front image-8 74-0-338)
    del: (location sheet8 ure_entry-uc2_offramp 7-19-166) (notprintedwith sheet8 front color 23-0-236) (none-of-those 74-1-339)
  (ure-simplex-letter sheet8 front image-8b), cost: 211849
    pre: (location sheet8 ure_entry-uc2_offramp 7-19-166) (notprintedwith sheet8 front color 23-0-236) (available ure-rsrc 64-0-318) (sideup sheet8 front 93-0-376)
    add: (location sheet8 ure_exit-uc2_onramp 7-20-167) (none-of-those 23-1-237)
    del: (location sheet8 ure_entry-uc2_offramp 7-19-166) (notprintedwith sheet8 front color 23-0-236)
  (ure-simplex-letter sheet9 back image-1), cost: 211849
    pre: (location sheet9 ure_entry-uc2_offramp 8-19-187) (notprintedwith sheet9 back color 25-0-240) (available ure-rsrc 64-0-318) (sideup sheet9 back 94-0-378)
    add: (location sheet9 ure_exit-uc2_onramp 8-20-188) (none-of-those 25-1-241)
    del: (location sheet9 ure_entry-uc2_offramp 8-19-187) (notprintedwith sheet9 back color 25-0-240)
  (ure-simplex-letter sheet9 back image-2), cost: 211849
    pre: (location sheet9 ure_entry-uc2_offramp 8-19-187) (notprintedwith sheet9 back color 25-0-240) (available ure-rsrc 64-0-318) (sideup sheet9 back 94-0-378)
    add: (location sheet9 ure_exit-uc2_onramp 8-20-188) (none-of-those 25-1-241)
    del: (location sheet9 ure_entry-uc2_offramp 8-19-187) (notprintedwith sheet9 back color 25-0-240)
  (ure-simplex-letter sheet9 back image-6), cost: 211849
    pre: (location sheet9 ure_entry-uc2_offramp 8-19-187) (notprintedwith sheet9 back color 25-0-240) (available ure-rsrc 64-0-318) (sideup sheet9 back 94-0-378)
    add: (location sheet9 ure_exit-uc2_onramp 8-20-188) (none-of-those 25-1-241)
    del: (location sheet9 ure_entry-uc2_offramp 8-19-187) (notprintedwith sheet9 back color 25-0-240)
  (ure-simplex-letter sheet9 back image-8), cost: 211849
    pre: (location sheet9 ure_entry-uc2_offramp 8-19-187) (notprintedwith sheet9 back color 25-0-240) (available ure-rsrc 64-0-318) (sideup sheet9 back 94-0-378)
    add: (location sheet9 ure_exit-uc2_onramp 8-20-188) (none-of-those 25-1-241)
    del: (location sheet9 ure_entry-uc2_offramp 8-19-187) (notprintedwith sheet9 back color 25-0-240)
  (ure-simplex-letter sheet9 back image-8b), cost: 211849
    pre: (location sheet9 ure_entry-uc2_offramp 8-19-187) (notprintedwith sheet9 back color 25-0-240) (available ure-rsrc 64-0-318) (sideup sheet9 back 94-0-378)
    add: (location sheet9 ure_exit-uc2_onramp 8-20-188) (none-of-those 25-1-241)
    del: (location sheet9 ure_entry-uc2_offramp 8-19-187) (notprintedwith sheet9 back color 25-0-240)
  (ure-simplex-letter sheet9 front image-1), cost: 211849
    pre: (location sheet9 ure_entry-uc2_offramp 8-19-187) (notprintedwith sheet9 front color 27-0-244) (available ure-rsrc 64-0-318) (sideup sheet9 front 95-0-380)
    add: (location sheet9 ure_exit-uc2_onramp 8-20-188) (none-of-those 27-1-245)
    del: (location sheet9 ure_entry-uc2_offramp 8-19-187) (notprintedwith sheet9 front color 27-0-244)
  (ure-simplex-letter sheet9 front image-2), cost: 211849
    pre: (location sheet9 ure_entry-uc2_offramp 8-19-187) (notprintedwith sheet9 front color 27-0-244) (available ure-rsrc 64-0-318) (sideup sheet9 front 95-0-380)
    add: (location sheet9 ure_exit-uc2_onramp 8-20-188) (none-of-those 27-1-245)
    del: (location sheet9 ure_entry-uc2_offramp 8-19-187) (notprintedwith sheet9 front color 27-0-244)
  (ure-simplex-letter sheet9 front image-6), cost: 211849
    pre: (location sheet9 ure_entry-uc2_offramp 8-19-187) (notprintedwith sheet9 front color 27-0-244) (available ure-rsrc 64-0-318) (sideup sheet9 front 95-0-380)
    add: (location sheet9 ure_exit-uc2_onramp 8-20-188) (none-of-those 27-1-245)
    del: (location sheet9 ure_entry-uc2_offramp 8-19-187) (notprintedwith sheet9 front color 27-0-244)
  (ure-simplex-letter sheet9 front image-8), cost: 211849
    pre: (location sheet9 ure_entry-uc2_offramp 8-19-187) (notprintedwith sheet9 front color 27-0-244) (available ure-rsrc 64-0-318) (sideup sheet9 front 95-0-380)
    add: (location sheet9 ure_exit-uc2_onramp 8-20-188) (none-of-those 27-1-245)
    del: (location sheet9 ure_entry-uc2_offramp 8-19-187) (notprintedwith sheet9 front color 27-0-244)
  (ure-simplex-letter sheet9 front image-8b), cost: 211849
    pre: (location sheet9 ure_entry-uc2_offramp 8-19-187) (notprintedwith sheet9 front color 27-0-244) (available ure-rsrc 64-0-318) (sideup sheet9 front 95-0-380)
    add: (location sheet9 ure_exit-uc2_onramp 8-20-188) (none-of-those 27-1-245)
    del: (location sheet9 ure_entry-uc2_offramp 8-19-187) (notprintedwith sheet9 front color 27-0-244)
  (ure-simplexmono-letter sheet1 back image-10), cost: 211849
    pre: (location sheet1 ure_entry-uc2_offramp 0-19-19) (notprintedwith sheet1 back black 29-0-248) (available ure-rsrc 64-0-318) (sideup sheet1 back 76-0-342)
    add: (location sheet1 ure_exit-uc2_onramp 0-20-20) (none-of-those 29-1-249)
    del: (location sheet1 ure_entry-uc2_offramp 0-19-19) (notprintedwith sheet1 back black 29-0-248)
  (ure-simplexmono-letter sheet1 back image-3), cost: 211849
    pre: (location sheet1 ure_entry-uc2_offramp 0-19-19) (notprintedwith sheet1 back black 29-0-248) (available ure-rsrc 64-0-318) (sideup sheet1 back 76-0-342)
    add: (location sheet1 ure_exit-uc2_onramp 0-20-20) (none-of-those 29-1-249)
    del: (location sheet1 ure_entry-uc2_offramp 0-19-19) (notprintedwith sheet1 back black 29-0-248)
  (ure-simplexmono-letter sheet1 back image-4), cost: 211849
    pre: (location sheet1 ure_entry-uc2_offramp 0-19-19) (notprintedwith sheet1 back black 29-0-248) (available ure-rsrc 64-0-318) (sideup sheet1 back 76-0-342)
    add: (location sheet1 ure_exit-uc2_onramp 0-20-20) (none-of-those 29-1-249)
    del: (location sheet1 ure_entry-uc2_offramp 0-19-19) (notprintedwith sheet1 back black 29-0-248)
  (ure-simplexmono-letter sheet1 back image-5), cost: 211849
    pre: (location sheet1 ure_entry-uc2_offramp 0-19-19) (notprintedwith sheet1 back black 29-0-248) (available ure-rsrc 64-0-318) (sideup sheet1 back 76-0-342)
    add: (location sheet1 ure_exit-uc2_onramp 0-20-20) (none-of-those 29-1-249)
    del: (location sheet1 ure_entry-uc2_offramp 0-19-19) (notprintedwith sheet1 back black 29-0-248)
  (ure-simplexmono-letter sheet1 back image-7), cost: 211849
    pre: (location sheet1 ure_entry-uc2_offramp 0-19-19) (notprintedwith sheet1 back black 29-0-248) (available ure-rsrc 64-0-318) (sideup sheet1 back 76-0-342)
    add: (location sheet1 ure_exit-uc2_onramp 0-20-20) (none-of-those 29-1-249)
    del: (location sheet1 ure_entry-uc2_offramp 0-19-19) (notprintedwith sheet1 back black 29-0-248)
  (ure-simplexmono-letter sheet1 back image-9), cost: 211849
    pre: (location sheet1 ure_entry-uc2_offramp 0-19-19) (notprintedwith sheet1 back black 29-0-248) (available ure-rsrc 64-0-318) (sideup sheet1 back 76-0-342)
    add: (location sheet1 ure_exit-uc2_onramp 0-20-20) (none-of-those 29-1-249)
    del: (location sheet1 ure_entry-uc2_offramp 0-19-19) (notprintedwith sheet1 back black 29-0-248)
  (ure-simplexmono-letter sheet1 front image-10), cost: 211849
    pre: (location sheet1 ure_entry-uc2_offramp 0-19-19) (notprintedwith sheet1 front black 31-0-252) (available ure-rsrc 64-0-318) (sideup sheet1 front 77-0-344)
    add: (location sheet1 ure_exit-uc2_onramp 0-20-20) (none-of-those 31-1-253)
    del: (location sheet1 ure_entry-uc2_offramp 0-19-19) (notprintedwith sheet1 front black 31-0-252)
  (ure-simplexmono-letter sheet1 front image-3), cost: 211849
    pre: (location sheet1 ure_entry-uc2_offramp 0-19-19) (notprintedwith sheet1 front black 31-0-252) (available ure-rsrc 64-0-318) (sideup sheet1 front 77-0-344)
    add: (location sheet1 ure_exit-uc2_onramp 0-20-20) (none-of-those 31-1-253)
    del: (location sheet1 ure_entry-uc2_offramp 0-19-19) (notprintedwith sheet1 front black 31-0-252)
  (ure-simplexmono-letter sheet1 front image-4), cost: 211849
    pre: (location sheet1 ure_entry-uc2_offramp 0-19-19) (notprintedwith sheet1 front black 31-0-252) (available ure-rsrc 64-0-318) (sideup sheet1 front 77-0-344)
    add: (location sheet1 ure_exit-uc2_onramp 0-20-20) (none-of-those 31-1-253)
    del: (location sheet1 ure_entry-uc2_offramp 0-19-19) (notprintedwith sheet1 front black 31-0-252)
  (ure-simplexmono-letter sheet1 front image-5), cost: 211849
    pre: (location sheet1 ure_entry-uc2_offramp 0-19-19) (notprintedwith sheet1 front black 31-0-252) (available ure-rsrc 64-0-318) (sideup sheet1 front 77-0-344)
    add: (location sheet1 ure_exit-uc2_onramp 0-20-20) (none-of-those 31-1-253)
    del: (location sheet1 ure_entry-uc2_offramp 0-19-19) (notprintedwith sheet1 front black 31-0-252)
  (ure-simplexmono-letter sheet1 front image-7), cost: 211849
    pre: (location sheet1 ure_entry-uc2_offramp 0-19-19) (notprintedwith sheet1 front black 31-0-252) (available ure-rsrc 64-0-318) (sideup sheet1 front 77-0-344)
    add: (location sheet1 ure_exit-uc2_onramp 0-20-20) (none-of-those 31-1-253)
    del: (location sheet1 ure_entry-uc2_offramp 0-19-19) (notprintedwith sheet1 front black 31-0-252)
  (ure-simplexmono-letter sheet1 front image-9), cost: 211849
    pre: (location sheet1 ure_entry-uc2_offramp 0-19-19) (notprintedwith sheet1 front black 31-0-252) (available ure-rsrc 64-0-318) (sideup sheet1 front 77-0-344)
    add: (location sheet1 ure_exit-uc2_onramp 0-20-20) (none-of-those 31-1-253)
    del: (location sheet1 ure_entry-uc2_offramp 0-19-19) (notprintedwith sheet1 front black 31-0-252)
  (ure-simplexmono-letter sheet10 back image-10), cost: 211849
    pre: (location sheet10 ure_entry-uc2_offramp 9-18-207) (notprintedwith sheet10 back black 33-0-256) (available ure-rsrc 64-0-318) (sideup sheet10 back 78-0-346)
    add: (location sheet10 ure_exit-uc2_onramp 9-19-208) (none-of-those 33-1-257)
    del: (location sheet10 ure_entry-uc2_offramp 9-18-207) (notprintedwith sheet10 back black 33-0-256)
  (ure-simplexmono-letter sheet10 back image-3), cost: 211849
    pre: (location sheet10 ure_entry-uc2_offramp 9-18-207) (notprintedwith sheet10 back black 33-0-256) (available ure-rsrc 64-0-318) (sideup sheet10 back 78-0-346)
    add: (location sheet10 ure_exit-uc2_onramp 9-19-208) (none-of-those 33-1-257)
    del: (location sheet10 ure_entry-uc2_offramp 9-18-207) (notprintedwith sheet10 back black 33-0-256)
  (ure-simplexmono-letter sheet10 back image-4), cost: 211849
    pre: (location sheet10 ure_entry-uc2_offramp 9-18-207) (notprintedwith sheet10 back black 33-0-256) (available ure-rsrc 64-0-318) (sideup sheet10 back 78-0-346)
    add: (location sheet10 ure_exit-uc2_onramp 9-19-208) (none-of-those 33-1-257)
    del: (location sheet10 ure_entry-uc2_offramp 9-18-207) (notprintedwith sheet10 back black 33-0-256)
  (ure-simplexmono-letter sheet10 back image-5), cost: 211849
    pre: (location sheet10 ure_entry-uc2_offramp 9-18-207) (notprintedwith sheet10 back black 33-0-256) (available ure-rsrc 64-0-318) (sideup sheet10 back 78-0-346)
    add: (location sheet10 ure_exit-uc2_onramp 9-19-208) (none-of-those 33-1-257)
    del: (location sheet10 ure_entry-uc2_offramp 9-18-207) (notprintedwith sheet10 back black 33-0-256)
  (ure-simplexmono-letter sheet10 back image-7), cost: 211849
    pre: (location sheet10 ure_entry-uc2_offramp 9-18-207) (notprintedwith sheet10 back black 33-0-256) (available ure-rsrc 64-0-318) (sideup sheet10 back 78-0-346)
    add: (location sheet10 ure_exit-uc2_onramp 9-19-208) (none-of-those 33-1-257)
    del: (location sheet10 ure_entry-uc2_offramp 9-18-207) (notprintedwith sheet10 back black 33-0-256)
  (ure-simplexmono-letter sheet10 back image-9), cost: 211849
    pre: (location sheet10 ure_entry-uc2_offramp 9-18-207) (notprintedwith sheet10 back black 33-0-256) (available ure-rsrc 64-0-318) (sideup sheet10 back 78-0-346)
    add: (location sheet10 ure_exit-uc2_onramp 9-19-208) (none-of-those 33-1-257)
    del: (location sheet10 ure_entry-uc2_offramp 9-18-207) (notprintedwith sheet10 back black 33-0-256)
  (ure-simplexmono-letter sheet10 front image-10), cost: 211849
    pre: (location sheet10 ure_entry-uc2_offramp 9-18-207) (notprintedwith sheet10 front black 35-0-260) (available ure-rsrc 64-0-318) (sideup sheet10 front 79-0-348)
    add: (location sheet10 ure_exit-uc2_onramp 9-19-208) (none-of-those 35-1-261) (hasimage sheet10 front image-10 66-0-322)
    del: (location sheet10 ure_entry-uc2_offramp 9-18-207) (notprintedwith sheet10 front black 35-0-260) (none-of-those 66-1-323)
  (ure-simplexmono-letter sheet10 front image-3), cost: 211849
    pre: (location sheet10 ure_entry-uc2_offramp 9-18-207) (notprintedwith sheet10 front black 35-0-260) (available ure-rsrc 64-0-318) (sideup sheet10 front 79-0-348)
    add: (location sheet10 ure_exit-uc2_onramp 9-19-208) (none-of-those 35-1-261)
    del: (location sheet10 ure_entry-uc2_offramp 9-18-207) (notprintedwith sheet10 front black 35-0-260)
  (ure-simplexmono-letter sheet10 front image-4), cost: 211849
    pre: (location sheet10 ure_entry-uc2_offramp 9-18-207) (notprintedwith sheet10 front black 35-0-260) (available ure-rsrc 64-0-318) (sideup sheet10 front 79-0-348)
    add: (location sheet10 ure_exit-uc2_onramp 9-19-208) (none-of-those 35-1-261)
    del: (location sheet10 ure_entry-uc2_offramp 9-18-207) (notprintedwith sheet10 front black 35-0-260)
  (ure-simplexmono-letter sheet10 front image-5), cost: 211849
    pre: (location sheet10 ure_entry-uc2_offramp 9-18-207) (notprintedwith sheet10 front black 35-0-260) (available ure-rsrc 64-0-318) (sideup sheet10 front 79-0-348)
    add: (location sheet10 ure_exit-uc2_onramp 9-19-208) (none-of-those 35-1-261)
    del: (location sheet10 ure_entry-uc2_offramp 9-18-207) (notprintedwith sheet10 front black 35-0-260)
  (ure-simplexmono-letter sheet10 front image-7), cost: 211849
    pre: (location sheet10 ure_entry-uc2_offramp 9-18-207) (notprintedwith sheet10 front black 35-0-260) (available ure-rsrc 64-0-318) (sideup sheet10 front 79-0-348)
    add: (location sheet10 ure_exit-uc2_onramp 9-19-208) (none-of-those 35-1-261)
    del: (location sheet10 ure_entry-uc2_offramp 9-18-207) (notprintedwith sheet10 front black 35-0-260)
  (ure-simplexmono-letter sheet10 front image-9), cost: 211849
    pre: (location sheet10 ure_entry-uc2_offramp 9-18-207) (notprintedwith sheet10 front black 35-0-260) (available ure-rsrc 64-0-318) (sideup sheet10 front 79-0-348)
    add: (location sheet10 ure_exit-uc2_onramp 9-19-208) (none-of-those 35-1-261)
    del: (location sheet10 ure_entry-uc2_offramp 9-18-207) (notprintedwith sheet10 front black 35-0-260)
  (ure-simplexmono-letter sheet2 back image-10), cost: 211849
    pre: (location sheet2 ure_entry-uc2_offramp 1-19-40) (notprintedwith sheet2 back black 37-0-264) (available ure-rsrc 64-0-318) (sideup sheet2 back 80-0-350)
    add: (location sheet2 ure_exit-uc2_onramp 1-20-41) (none-of-those 37-1-265)
    del: (location sheet2 ure_entry-uc2_offramp 1-19-40) (notprintedwith sheet2 back black 37-0-264)
  (ure-simplexmono-letter sheet2 back image-3), cost: 211849
    pre: (location sheet2 ure_entry-uc2_offramp 1-19-40) (notprintedwith sheet2 back black 37-0-264) (available ure-rsrc 64-0-318) (sideup sheet2 back 80-0-350)
    add: (location sheet2 ure_exit-uc2_onramp 1-20-41) (none-of-those 37-1-265)
    del: (location sheet2 ure_entry-uc2_offramp 1-19-40) (notprintedwith sheet2 back black 37-0-264)
  (ure-simplexmono-letter sheet2 back image-4), cost: 211849
    pre: (location sheet2 ure_entry-uc2_offramp 1-19-40) (notprintedwith sheet2 back black 37-0-264) (available ure-rsrc 64-0-318) (sideup sheet2 back 80-0-350)
    add: (location sheet2 ure_exit-uc2_onramp 1-20-41) (none-of-those 37-1-265)
    del: (location sheet2 ure_entry-uc2_offramp 1-19-40) (notprintedwith sheet2 back black 37-0-264)
  (ure-simplexmono-letter sheet2 back image-5), cost: 211849
    pre: (location sheet2 ure_entry-uc2_offramp 1-19-40) (notprintedwith sheet2 back black 37-0-264) (available ure-rsrc 64-0-318) (sideup sheet2 back 80-0-350)
    add: (location sheet2 ure_exit-uc2_onramp 1-20-41) (none-of-those 37-1-265)
    del: (location sheet2 ure_entry-uc2_offramp 1-19-40) (notprintedwith sheet2 back black 37-0-264)
  (ure-simplexmono-letter sheet2 back image-7), cost: 211849
    pre: (location sheet2 ure_entry-uc2_offramp 1-19-40) (notprintedwith sheet2 back black 37-0-264) (available ure-rsrc 64-0-318) (sideup sheet2 back 80-0-350)
    add: (location sheet2 ure_exit-uc2_onramp 1-20-41) (none-of-those 37-1-265)
    del: (location sheet2 ure_entry-uc2_offramp 1-19-40) (notprintedwith sheet2 back black 37-0-264)
  (ure-simplexmono-letter sheet2 back image-9), cost: 211849
    pre: (location sheet2 ure_entry-uc2_offramp 1-19-40) (notprintedwith sheet2 back black 37-0-264) (available ure-rsrc 64-0-318) (sideup sheet2 back 80-0-350)
    add: (location sheet2 ure_exit-uc2_onramp 1-20-41) (none-of-those 37-1-265)
    del: (location sheet2 ure_entry-uc2_offramp 1-19-40) (notprintedwith sheet2 back black 37-0-264)
  (ure-simplexmono-letter sheet2 front image-10), cost: 211849
    pre: (location sheet2 ure_entry-uc2_offramp 1-19-40) (notprintedwith sheet2 front black 39-0-268) (available ure-rsrc 64-0-318) (sideup sheet2 front 81-0-352)
    add: (location sheet2 ure_exit-uc2_onramp 1-20-41) (none-of-those 39-1-269)
    del: (location sheet2 ure_entry-uc2_offramp 1-19-40) (notprintedwith sheet2 front black 39-0-268)
  (ure-simplexmono-letter sheet2 front image-3), cost: 211849
    pre: (location sheet2 ure_entry-uc2_offramp 1-19-40) (notprintedwith sheet2 front black 39-0-268) (available ure-rsrc 64-0-318) (sideup sheet2 front 81-0-352)
    add: (location sheet2 ure_exit-uc2_onramp 1-20-41) (none-of-those 39-1-269)
    del: (location sheet2 ure_entry-uc2_offramp 1-19-40) (notprintedwith sheet2 front black 39-0-268)
  (ure-simplexmono-letter sheet2 front image-4), cost: 211849
    pre: (location sheet2 ure_entry-uc2_offramp 1-19-40) (notprintedwith sheet2 front black 39-0-268) (available ure-rsrc 64-0-318) (sideup sheet2 front 81-0-352)
    add: (location sheet2 ure_exit-uc2_onramp 1-20-41) (none-of-those 39-1-269)
    del: (location sheet2 ure_entry-uc2_offramp 1-19-40) (notprintedwith sheet2 front black 39-0-268)
  (ure-simplexmono-letter sheet2 front image-5), cost: 211849
    pre: (location sheet2 ure_entry-uc2_offramp 1-19-40) (notprintedwith sheet2 front black 39-0-268) (available ure-rsrc 64-0-318) (sideup sheet2 front 81-0-352)
    add: (location sheet2 ure_exit-uc2_onramp 1-20-41) (none-of-those 39-1-269)
    del: (location sheet2 ure_entry-uc2_offramp 1-19-40) (notprintedwith sheet2 front black 39-0-268)
  (ure-simplexmono-letter sheet2 front image-7), cost: 211849
    pre: (location sheet2 ure_entry-uc2_offramp 1-19-40) (notprintedwith sheet2 front black 39-0-268) (available ure-rsrc 64-0-318) (sideup sheet2 front 81-0-352)
    add: (location sheet2 ure_exit-uc2_onramp 1-20-41) (none-of-those 39-1-269)
    del: (location sheet2 ure_entry-uc2_offramp 1-19-40) (notprintedwith sheet2 front black 39-0-268)
  (ure-simplexmono-letter sheet2 front image-9), cost: 211849
    pre: (location sheet2 ure_entry-uc2_offramp 1-19-40) (notprintedwith sheet2 front black 39-0-268) (available ure-rsrc 64-0-318) (sideup sheet2 front 81-0-352)
    add: (location sheet2 ure_exit-uc2_onramp 1-20-41) (none-of-those 39-1-269)
    del: (location sheet2 ure_entry-uc2_offramp 1-19-40) (notprintedwith sheet2 front black 39-0-268)
  (ure-simplexmono-letter sheet3 back image-10), cost: 211849
    pre: (location sheet3 ure_entry-uc2_offramp 2-19-61) (notprintedwith sheet3 back black 41-0-272) (available ure-rsrc 64-0-318) (sideup sheet3 back 82-0-354)
    add: (location sheet3 ure_exit-uc2_onramp 2-20-62) (none-of-those 41-1-273)
    del: (location sheet3 ure_entry-uc2_offramp 2-19-61) (notprintedwith sheet3 back black 41-0-272)
  (ure-simplexmono-letter sheet3 back image-3), cost: 211849
    pre: (location sheet3 ure_entry-uc2_offramp 2-19-61) (notprintedwith sheet3 back black 41-0-272) (available ure-rsrc 64-0-318) (sideup sheet3 back 82-0-354)
    add: (location sheet3 ure_exit-uc2_onramp 2-20-62) (none-of-those 41-1-273)
    del: (location sheet3 ure_entry-uc2_offramp 2-19-61) (notprintedwith sheet3 back black 41-0-272)
  (ure-simplexmono-letter sheet3 back image-4), cost: 211849
    pre: (location sheet3 ure_entry-uc2_offramp 2-19-61) (notprintedwith sheet3 back black 41-0-272) (available ure-rsrc 64-0-318) (sideup sheet3 back 82-0-354)
    add: (location sheet3 ure_exit-uc2_onramp 2-20-62) (none-of-those 41-1-273)
    del: (location sheet3 ure_entry-uc2_offramp 2-19-61) (notprintedwith sheet3 back black 41-0-272)
  (ure-simplexmono-letter sheet3 back image-5), cost: 211849
    pre: (location sheet3 ure_entry-uc2_offramp 2-19-61) (notprintedwith sheet3 back black 41-0-272) (available ure-rsrc 64-0-318) (sideup sheet3 back 82-0-354)
    add: (location sheet3 ure_exit-uc2_onramp 2-20-62) (none-of-those 41-1-273)
    del: (location sheet3 ure_entry-uc2_offramp 2-19-61) (notprintedwith sheet3 back black 41-0-272)
  (ure-simplexmono-letter sheet3 back image-7), cost: 211849
    pre: (location sheet3 ure_entry-uc2_offramp 2-19-61) (notprintedwith sheet3 back black 41-0-272) (available ure-rsrc 64-0-318) (sideup sheet3 back 82-0-354)
    add: (location sheet3 ure_exit-uc2_onramp 2-20-62) (none-of-those 41-1-273)
    del: (location sheet3 ure_entry-uc2_offramp 2-19-61) (notprintedwith sheet3 back black 41-0-272)
  (ure-simplexmono-letter sheet3 back image-9), cost: 211849
    pre: (location sheet3 ure_entry-uc2_offramp 2-19-61) (notprintedwith sheet3 back black 41-0-272) (available ure-rsrc 64-0-318) (sideup sheet3 back 82-0-354)
    add: (location sheet3 ure_exit-uc2_onramp 2-20-62) (none-of-those 41-1-273)
    del: (location sheet3 ure_entry-uc2_offramp 2-19-61) (notprintedwith sheet3 back black 41-0-272)
  (ure-simplexmono-letter sheet3 front image-10), cost: 211849
    pre: (location sheet3 ure_entry-uc2_offramp 2-19-61) (notprintedwith sheet3 front black 43-0-276) (available ure-rsrc 64-0-318) (sideup sheet3 front 83-0-356)
    add: (location sheet3 ure_exit-uc2_onramp 2-20-62) (none-of-those 43-1-277)
    del: (location sheet3 ure_entry-uc2_offramp 2-19-61) (notprintedwith sheet3 front black 43-0-276)
  (ure-simplexmono-letter sheet3 front image-3), cost: 211849
    pre: (location sheet3 ure_entry-uc2_offramp 2-19-61) (notprintedwith sheet3 front black 43-0-276) (available ure-rsrc 64-0-318) (sideup sheet3 front 83-0-356)
    add: (location sheet3 ure_exit-uc2_onramp 2-20-62) (none-of-those 43-1-277) (hasimage sheet3 front image-3 68-0-326)
    del: (location sheet3 ure_entry-uc2_offramp 2-19-61) (notprintedwith sheet3 front black 43-0-276) (none-of-those 68-1-327)
  (ure-simplexmono-letter sheet3 front image-4), cost: 211849
    pre: (location sheet3 ure_entry-uc2_offramp 2-19-61) (notprintedwith sheet3 front black 43-0-276) (available ure-rsrc 64-0-318) (sideup sheet3 front 83-0-356)
    add: (location sheet3 ure_exit-uc2_onramp 2-20-62) (none-of-those 43-1-277)
    del: (location sheet3 ure_entry-uc2_offramp 2-19-61) (notprintedwith sheet3 front black 43-0-276)
  (ure-simplexmono-letter sheet3 front image-5), cost: 211849
    pre: (location sheet3 ure_entry-uc2_offramp 2-19-61) (notprintedwith sheet3 front black 43-0-276) (available ure-rsrc 64-0-318) (sideup sheet3 front 83-0-356)
    add: (location sheet3 ure_exit-uc2_onramp 2-20-62) (none-of-those 43-1-277)
    del: (location sheet3 ure_entry-uc2_offramp 2-19-61) (notprintedwith sheet3 front black 43-0-276)
  (ure-simplexmono-letter sheet3 front image-7), cost: 211849
    pre: (location sheet3 ure_entry-uc2_offramp 2-19-61) (notprintedwith sheet3 front black 43-0-276) (available ure-rsrc 64-0-318) (sideup sheet3 front 83-0-356)
    add: (location sheet3 ure_exit-uc2_onramp 2-20-62) (none-of-those 43-1-277)
    del: (location sheet3 ure_entry-uc2_offramp 2-19-61) (notprintedwith sheet3 front black 43-0-276)
  (ure-simplexmono-letter sheet3 front image-9), cost: 211849
    pre: (location sheet3 ure_entry-uc2_offramp 2-19-61) (notprintedwith sheet3 front black 43-0-276) (available ure-rsrc 64-0-318) (sideup sheet3 front 83-0-356)
    add: (location sheet3 ure_exit-uc2_onramp 2-20-62) (none-of-those 43-1-277)
    del: (location sheet3 ure_entry-uc2_offramp 2-19-61) (notprintedwith sheet3 front black 43-0-276)
  (ure-simplexmono-letter sheet4 back image-10), cost: 211849
    pre: (location sheet4 ure_entry-uc2_offramp 3-19-82) (notprintedwith sheet4 back black 45-0-280) (available ure-rsrc 64-0-318) (sideup sheet4 back 84-0-358)
    add: (location sheet4 ure_exit-uc2_onramp 3-20-83) (none-of-those 45-1-281)
    del: (location sheet4 ure_entry-uc2_offramp 3-19-82) (notprintedwith sheet4 back black 45-0-280)
  (ure-simplexmono-letter sheet4 back image-3), cost: 211849
    pre: (location sheet4 ure_entry-uc2_offramp 3-19-82) (notprintedwith sheet4 back black 45-0-280) (available ure-rsrc 64-0-318) (sideup sheet4 back 84-0-358)
    add: (location sheet4 ure_exit-uc2_onramp 3-20-83) (none-of-those 45-1-281)
    del: (location sheet4 ure_entry-uc2_offramp 3-19-82) (notprintedwith sheet4 back black 45-0-280)
  (ure-simplexmono-letter sheet4 back image-4), cost: 211849
    pre: (location sheet4 ure_entry-uc2_offramp 3-19-82) (notprintedwith sheet4 back black 45-0-280) (available ure-rsrc 64-0-318) (sideup sheet4 back 84-0-358)
    add: (location sheet4 ure_exit-uc2_onramp 3-20-83) (none-of-those 45-1-281)
    del: (location sheet4 ure_entry-uc2_offramp 3-19-82) (notprintedwith sheet4 back black 45-0-280)
  (ure-simplexmono-letter sheet4 back image-5), cost: 211849
    pre: (location sheet4 ure_entry-uc2_offramp 3-19-82) (notprintedwith sheet4 back black 45-0-280) (available ure-rsrc 64-0-318) (sideup sheet4 back 84-0-358)
    add: (location sheet4 ure_exit-uc2_onramp 3-20-83) (none-of-those 45-1-281)
    del: (location sheet4 ure_entry-uc2_offramp 3-19-82) (notprintedwith sheet4 back black 45-0-280)
  (ure-simplexmono-letter sheet4 back image-7), cost: 211849
    pre: (location sheet4 ure_entry-uc2_offramp 3-19-82) (notprintedwith sheet4 back black 45-0-280) (available ure-rsrc 64-0-318) (sideup sheet4 back 84-0-358)
    add: (location sheet4 ure_exit-uc2_onramp 3-20-83) (none-of-those 45-1-281)
    del: (location sheet4 ure_entry-uc2_offramp 3-19-82) (notprintedwith sheet4 back black 45-0-280)
  (ure-simplexmono-letter sheet4 back image-9), cost: 211849
    pre: (location sheet4 ure_entry-uc2_offramp 3-19-82) (notprintedwith sheet4 back black 45-0-280) (available ure-rsrc 64-0-318) (sideup sheet4 back 84-0-358)
    add: (location sheet4 ure_exit-uc2_onramp 3-20-83) (none-of-those 45-1-281)
    del: (location sheet4 ure_entry-uc2_offramp 3-19-82) (notprintedwith sheet4 back black 45-0-280)
  (ure-simplexmono-letter sheet4 front image-10), cost: 211849
    pre: (location sheet4 ure_entry-uc2_offramp 3-19-82) (notprintedwith sheet4 front black 47-0-284) (available ure-rsrc 64-0-318) (sideup sheet4 front 85-0-360)
    add: (location sheet4 ure_exit-uc2_onramp 3-20-83) (none-of-those 47-1-285)
    del: (location sheet4 ure_entry-uc2_offramp 3-19-82) (notprintedwith sheet4 front black 47-0-284)
  (ure-simplexmono-letter sheet4 front image-3), cost: 211849
    pre: (location sheet4 ure_entry-uc2_offramp 3-19-82) (notprintedwith sheet4 front black 47-0-284) (available ure-rsrc 64-0-318) (sideup sheet4 front 85-0-360)
    add: (location sheet4 ure_exit-uc2_onramp 3-20-83) (none-of-those 47-1-285)
    del: (location sheet4 ure_entry-uc2_offramp 3-19-82) (notprintedwith sheet4 front black 47-0-284)
  (ure-simplexmono-letter sheet4 front image-4), cost: 211849
    pre: (location sheet4 ure_entry-uc2_offramp 3-19-82) (notprintedwith sheet4 front black 47-0-284) (available ure-rsrc 64-0-318) (sideup sheet4 front 85-0-360)
    add: (location sheet4 ure_exit-uc2_onramp 3-20-83) (none-of-those 47-1-285) (hasimage sheet4 front image-4 69-0-328)
    del: (location sheet4 ure_entry-uc2_offramp 3-19-82) (notprintedwith sheet4 front black 47-0-284) (none-of-those 69-1-329)
  (ure-simplexmono-letter sheet4 front image-5), cost: 211849
    pre: (location sheet4 ure_entry-uc2_offramp 3-19-82) (notprintedwith sheet4 front black 47-0-284) (available ure-rsrc 64-0-318) (sideup sheet4 front 85-0-360)
    add: (location sheet4 ure_exit-uc2_onramp 3-20-83) (none-of-those 47-1-285)
    del: (location sheet4 ure_entry-uc2_offramp 3-19-82) (notprintedwith sheet4 front black 47-0-284)
  (ure-simplexmono-letter sheet4 front image-7), cost: 211849
    pre: (location sheet4 ure_entry-uc2_offramp 3-19-82) (notprintedwith sheet4 front black 47-0-284) (available ure-rsrc 64-0-318) (sideup sheet4 front 85-0-360)
    add: (location sheet4 ure_exit-uc2_onramp 3-20-83) (none-of-those 47-1-285)
    del: (location sheet4 ure_entry-uc2_offramp 3-19-82) (notprintedwith sheet4 front black 47-0-284)
  (ure-simplexmono-letter sheet4 front image-9), cost: 211849
    pre: (location sheet4 ure_entry-uc2_offramp 3-19-82) (notprintedwith sheet4 front black 47-0-284) (available ure-rsrc 64-0-318) (sideup sheet4 front 85-0-360)
    add: (location sheet4 ure_exit-uc2_onramp 3-20-83) (none-of-those 47-1-285)
    del: (location sheet4 ure_entry-uc2_offramp 3-19-82) (notprintedwith sheet4 front black 47-0-284)
  (ure-simplexmono-letter sheet5 back image-10), cost: 211849
    pre: (location sheet5 ure_entry-uc2_offramp 4-19-103) (notprintedwith sheet5 back black 49-0-288) (available ure-rsrc 64-0-318) (sideup sheet5 back 86-0-362)
    add: (location sheet5 ure_exit-uc2_onramp 4-20-104) (none-of-those 49-1-289)
    del: (location sheet5 ure_entry-uc2_offramp 4-19-103) (notprintedwith sheet5 back black 49-0-288)
  (ure-simplexmono-letter sheet5 back image-3), cost: 211849
    pre: (location sheet5 ure_entry-uc2_offramp 4-19-103) (notprintedwith sheet5 back black 49-0-288) (available ure-rsrc 64-0-318) (sideup sheet5 back 86-0-362)
    add: (location sheet5 ure_exit-uc2_onramp 4-20-104) (none-of-those 49-1-289)
    del: (location sheet5 ure_entry-uc2_offramp 4-19-103) (notprintedwith sheet5 back black 49-0-288)
  (ure-simplexmono-letter sheet5 back image-4), cost: 211849
    pre: (location sheet5 ure_entry-uc2_offramp 4-19-103) (notprintedwith sheet5 back black 49-0-288) (available ure-rsrc 64-0-318) (sideup sheet5 back 86-0-362)
    add: (location sheet5 ure_exit-uc2_onramp 4-20-104) (none-of-those 49-1-289)
    del: (location sheet5 ure_entry-uc2_offramp 4-19-103) (notprintedwith sheet5 back black 49-0-288)
  (ure-simplexmono-letter sheet5 back image-5), cost: 211849
    pre: (location sheet5 ure_entry-uc2_offramp 4-19-103) (notprintedwith sheet5 back black 49-0-288) (available ure-rsrc 64-0-318) (sideup sheet5 back 86-0-362)
    add: (location sheet5 ure_exit-uc2_onramp 4-20-104) (none-of-those 49-1-289)
    del: (location sheet5 ure_entry-uc2_offramp 4-19-103) (notprintedwith sheet5 back black 49-0-288)
  (ure-simplexmono-letter sheet5 back image-7), cost: 211849
    pre: (location sheet5 ure_entry-uc2_offramp 4-19-103) (notprintedwith sheet5 back black 49-0-288) (available ure-rsrc 64-0-318) (sideup sheet5 back 86-0-362)
    add: (location sheet5 ure_exit-uc2_onramp 4-20-104) (none-of-those 49-1-289)
    del: (location sheet5 ure_entry-uc2_offramp 4-19-103) (notprintedwith sheet5 back black 49-0-288)
  (ure-simplexmono-letter sheet5 back image-9), cost: 211849
    pre: (location sheet5 ure_entry-uc2_offramp 4-19-103) (notprintedwith sheet5 back black 49-0-288) (available ure-rsrc 64-0-318) (sideup sheet5 back 86-0-362)
    add: (location sheet5 ure_exit-uc2_onramp 4-20-104) (none-of-those 49-1-289)
    del: (location sheet5 ure_entry-uc2_offramp 4-19-103) (notprintedwith sheet5 back black 49-0-288)
  (ure-simplexmono-letter sheet5 front image-10), cost: 211849
    pre: (location sheet5 ure_entry-uc2_offramp 4-19-103) (notprintedwith sheet5 front black 10-0-210) (available ure-rsrc 64-0-318) (sideup sheet5 front 87-0-364)
    add: (location sheet5 ure_exit-uc2_onramp 4-20-104) (none-of-those 10-1-211)
    del: (location sheet5 ure_entry-uc2_offramp 4-19-103) (notprintedwith sheet5 front black 10-0-210)
  (ure-simplexmono-letter sheet5 front image-3), cost: 211849
    pre: (location sheet5 ure_entry-uc2_offramp 4-19-103) (notprintedwith sheet5 front black 10-0-210) (available ure-rsrc 64-0-318) (sideup sheet5 front 87-0-364)
    add: (location sheet5 ure_exit-uc2_onramp 4-20-104) (none-of-those 10-1-211)
    del: (location sheet5 ure_entry-uc2_offramp 4-19-103) (notprintedwith sheet5 front black 10-0-210)
  (ure-simplexmono-letter sheet5 front image-4), cost: 211849
    pre: (location sheet5 ure_entry-uc2_offramp 4-19-103) (notprintedwith sheet5 front black 10-0-210) (available ure-rsrc 64-0-318) (sideup sheet5 front 87-0-364)
    add: (location sheet5 ure_exit-uc2_onramp 4-20-104) (none-of-those 10-1-211)
    del: (location sheet5 ure_entry-uc2_offramp 4-19-103) (notprintedwith sheet5 front black 10-0-210)
  (ure-simplexmono-letter sheet5 front image-5), cost: 211849
    pre: (location sheet5 ure_entry-uc2_offramp 4-19-103) (notprintedwith sheet5 front black 10-0-210) (available ure-rsrc 64-0-318) (sideup sheet5 front 87-0-364)
    add: (location sheet5 ure_exit-uc2_onramp 4-20-104) (none-of-those 10-1-211) (hasimage sheet5 front image-5 70-0-330)
    del: (location sheet5 ure_entry-uc2_offramp 4-19-103) (notprintedwith sheet5 front black 10-0-210) (none-of-those 70-1-331)
  (ure-simplexmono-letter sheet5 front image-7), cost: 211849
    pre: (location sheet5 ure_entry-uc2_offramp 4-19-103) (notprintedwith sheet5 front black 10-0-210) (available ure-rsrc 64-0-318) (sideup sheet5 front 87-0-364)
    add: (location sheet5 ure_exit-uc2_onramp 4-20-104) (none-of-those 10-1-211)
    del: (location sheet5 ure_entry-uc2_offramp 4-19-103) (notprintedwith sheet5 front black 10-0-210)
  (ure-simplexmono-letter sheet5 front image-9), cost: 211849
    pre: (location sheet5 ure_entry-uc2_offramp 4-19-103) (notprintedwith sheet5 front black 10-0-210) (available ure-rsrc 64-0-318) (sideup sheet5 front 87-0-364)
    add: (location sheet5 ure_exit-uc2_onramp 4-20-104) (none-of-those 10-1-211)
    del: (location sheet5 ure_entry-uc2_offramp 4-19-103) (notprintedwith sheet5 front black 10-0-210)
  (ure-simplexmono-letter sheet6 back image-10), cost: 211849
    pre: (location sheet6 ure_entry-uc2_offramp 5-19-124) (notprintedwith sheet6 back black 12-0-214) (available ure-rsrc 64-0-318) (sideup sheet6 back 88-0-366)
    add: (location sheet6 ure_exit-uc2_onramp 5-20-125) (none-of-those 12-1-215)
    del: (location sheet6 ure_entry-uc2_offramp 5-19-124) (notprintedwith sheet6 back black 12-0-214)
  (ure-simplexmono-letter sheet6 back image-3), cost: 211849
    pre: (location sheet6 ure_entry-uc2_offramp 5-19-124) (notprintedwith sheet6 back black 12-0-214) (available ure-rsrc 64-0-318) (sideup sheet6 back 88-0-366)
    add: (location sheet6 ure_exit-uc2_onramp 5-20-125) (none-of-those 12-1-215)
    del: (location sheet6 ure_entry-uc2_offramp 5-19-124) (notprintedwith sheet6 back black 12-0-214)
  (ure-simplexmono-letter sheet6 back image-4), cost: 211849
    pre: (location sheet6 ure_entry-uc2_offramp 5-19-124) (notprintedwith sheet6 back black 12-0-214) (available ure-rsrc 64-0-318) (sideup sheet6 back 88-0-366)
    add: (location sheet6 ure_exit-uc2_onramp 5-20-125) (none-of-those 12-1-215)
    del: (location sheet6 ure_entry-uc2_offramp 5-19-124) (notprintedwith sheet6 back black 12-0-214)
  (ure-simplexmono-letter sheet6 back image-5), cost: 211849
    pre: (location sheet6 ure_entry-uc2_offramp 5-19-124) (notprintedwith sheet6 back black 12-0-214) (available ure-rsrc 64-0-318) (sideup sheet6 back 88-0-366)
    add: (location sheet6 ure_exit-uc2_onramp 5-20-125) (none-of-those 12-1-215)
    del: (location sheet6 ure_entry-uc2_offramp 5-19-124) (notprintedwith sheet6 back black 12-0-214)
  (ure-simplexmono-letter sheet6 back image-7), cost: 211849
    pre: (location sheet6 ure_entry-uc2_offramp 5-19-124) (notprintedwith sheet6 back black 12-0-214) (available ure-rsrc 64-0-318) (sideup sheet6 back 88-0-366)
    add: (location sheet6 ure_exit-uc2_onramp 5-20-125) (none-of-those 12-1-215)
    del: (location sheet6 ure_entry-uc2_offramp 5-19-124) (notprintedwith sheet6 back black 12-0-214)
  (ure-simplexmono-letter sheet6 back image-9), cost: 211849
    pre: (location sheet6 ure_entry-uc2_offramp 5-19-124) (notprintedwith sheet6 back black 12-0-214) (available ure-rsrc 64-0-318) (sideup sheet6 back 88-0-366)
    add: (location sheet6 ure_exit-uc2_onramp 5-20-125) (none-of-those 12-1-215)
    del: (location sheet6 ure_entry-uc2_offramp 5-19-124) (notprintedwith sheet6 back black 12-0-214)
  (ure-simplexmono-letter sheet6 front image-10), cost: 211849
    pre: (location sheet6 ure_entry-uc2_offramp 5-19-124) (notprintedwith sheet6 front black 14-0-218) (available ure-rsrc 64-0-318) (sideup sheet6 front 89-0-368)
    add: (location sheet6 ure_exit-uc2_onramp 5-20-125) (none-of-those 14-1-219)
    del: (location sheet6 ure_entry-uc2_offramp 5-19-124) (notprintedwith sheet6 front black 14-0-218)
  (ure-simplexmono-letter sheet6 front image-3), cost: 211849
    pre: (location sheet6 ure_entry-uc2_offramp 5-19-124) (notprintedwith sheet6 front black 14-0-218) (available ure-rsrc 64-0-318) (sideup sheet6 front 89-0-368)
    add: (location sheet6 ure_exit-uc2_onramp 5-20-125) (none-of-those 14-1-219)
    del: (location sheet6 ure_entry-uc2_offramp 5-19-124) (notprintedwith sheet6 front black 14-0-218)
  (ure-simplexmono-letter sheet6 front image-4), cost: 211849
    pre: (location sheet6 ure_entry-uc2_offramp 5-19-124) (notprintedwith sheet6 front black 14-0-218) (available ure-rsrc 64-0-318) (sideup sheet6 front 89-0-368)
    add: (location sheet6 ure_exit-uc2_onramp 5-20-125) (none-of-those 14-1-219)
    del: (location sheet6 ure_entry-uc2_offramp 5-19-124) (notprintedwith sheet6 front black 14-0-218)
  (ure-simplexmono-letter sheet6 front image-5), cost: 211849
    pre: (location sheet6 ure_entry-uc2_offramp 5-19-124) (notprintedwith sheet6 front black 14-0-218) (available ure-rsrc 64-0-318) (sideup sheet6 front 89-0-368)
    add: (location sheet6 ure_exit-uc2_onramp 5-20-125) (none-of-those 14-1-219)
    del: (location sheet6 ure_entry-uc2_offramp 5-19-124) (notprintedwith sheet6 front black 14-0-218)
  (ure-simplexmono-letter sheet6 front image-7), cost: 211849
    pre: (location sheet6 ure_entry-uc2_offramp 5-19-124) (notprintedwith sheet6 front black 14-0-218) (available ure-rsrc 64-0-318) (sideup sheet6 front 89-0-368)
    add: (location sheet6 ure_exit-uc2_onramp 5-20-125) (none-of-those 14-1-219)
    del: (location sheet6 ure_entry-uc2_offramp 5-19-124) (notprintedwith sheet6 front black 14-0-218)
  (ure-simplexmono-letter sheet6 front image-9), cost: 211849
    pre: (location sheet6 ure_entry-uc2_offramp 5-19-124) (notprintedwith sheet6 front black 14-0-218) (available ure-rsrc 64-0-318) (sideup sheet6 front 89-0-368)
    add: (location sheet6 ure_exit-uc2_onramp 5-20-125) (none-of-those 14-1-219)
    del: (location sheet6 ure_entry-uc2_offramp 5-19-124) (notprintedwith sheet6 front black 14-0-218)
  (ure-simplexmono-letter sheet7 back image-10), cost: 211849
    pre: (location sheet7 ure_entry-uc2_offramp 6-19-145) (notprintedwith sheet7 back black 16-0-222) (available ure-rsrc 64-0-318) (sideup sheet7 back 90-0-370)
    add: (location sheet7 ure_exit-uc2_onramp 6-20-146) (none-of-those 16-1-223)
    del: (location sheet7 ure_entry-uc2_offramp 6-19-145) (notprintedwith sheet7 back black 16-0-222)
  (ure-simplexmono-letter sheet7 back image-3), cost: 211849
    pre: (location sheet7 ure_entry-uc2_offramp 6-19-145) (notprintedwith sheet7 back black 16-0-222) (available ure-rsrc 64-0-318) (sideup sheet7 back 90-0-370)
    add: (location sheet7 ure_exit-uc2_onramp 6-20-146) (none-of-those 16-1-223)
    del: (location sheet7 ure_entry-uc2_offramp 6-19-145) (notprintedwith sheet7 back black 16-0-222)
  (ure-simplexmono-letter sheet7 back image-4), cost: 211849
    pre: (location sheet7 ure_entry-uc2_offramp 6-19-145) (notprintedwith sheet7 back black 16-0-222) (available ure-rsrc 64-0-318) (sideup sheet7 back 90-0-370)
    add: (location sheet7 ure_exit-uc2_onramp 6-20-146) (none-of-those 16-1-223)
    del: (location sheet7 ure_entry-uc2_offramp 6-19-145) (notprintedwith sheet7 back black 16-0-222)
  (ure-simplexmono-letter sheet7 back image-5), cost: 211849
    pre: (location sheet7 ure_entry-uc2_offramp 6-19-145) (notprintedwith sheet7 back black 16-0-222) (available ure-rsrc 64-0-318) (sideup sheet7 back 90-0-370)
    add: (location sheet7 ure_exit-uc2_onramp 6-20-146) (none-of-those 16-1-223)
    del: (location sheet7 ure_entry-uc2_offramp 6-19-145) (notprintedwith sheet7 back black 16-0-222)
  (ure-simplexmono-letter sheet7 back image-7), cost: 211849
    pre: (location sheet7 ure_entry-uc2_offramp 6-19-145) (notprintedwith sheet7 back black 16-0-222) (available ure-rsrc 64-0-318) (sideup sheet7 back 90-0-370)
    add: (location sheet7 ure_exit-uc2_onramp 6-20-146) (none-of-those 16-1-223)
    del: (location sheet7 ure_entry-uc2_offramp 6-19-145) (notprintedwith sheet7 back black 16-0-222)
  (ure-simplexmono-letter sheet7 back image-9), cost: 211849
    pre: (location sheet7 ure_entry-uc2_offramp 6-19-145) (notprintedwith sheet7 back black 16-0-222) (available ure-rsrc 64-0-318) (sideup sheet7 back 90-0-370)
    add: (location sheet7 ure_exit-uc2_onramp 6-20-146) (none-of-those 16-1-223)
    del: (location sheet7 ure_entry-uc2_offramp 6-19-145) (notprintedwith sheet7 back black 16-0-222)
  (ure-simplexmono-letter sheet7 front image-10), cost: 211849
    pre: (location sheet7 ure_entry-uc2_offramp 6-19-145) (notprintedwith sheet7 front black 18-0-226) (available ure-rsrc 64-0-318) (sideup sheet7 front 91-0-372)
    add: (location sheet7 ure_exit-uc2_onramp 6-20-146) (none-of-those 18-1-227)
    del: (location sheet7 ure_entry-uc2_offramp 6-19-145) (notprintedwith sheet7 front black 18-0-226)
  (ure-simplexmono-letter sheet7 front image-3), cost: 211849
    pre: (location sheet7 ure_entry-uc2_offramp 6-19-145) (notprintedwith sheet7 front black 18-0-226) (available ure-rsrc 64-0-318) (sideup sheet7 front 91-0-372)
    add: (location sheet7 ure_exit-uc2_onramp 6-20-146) (none-of-those 18-1-227)
    del: (location sheet7 ure_entry-uc2_offramp 6-19-145) (notprintedwith sheet7 front black 18-0-226)
  (ure-simplexmono-letter sheet7 front image-4), cost: 211849
    pre: (location sheet7 ure_entry-uc2_offramp 6-19-145) (notprintedwith sheet7 front black 18-0-226) (available ure-rsrc 64-0-318) (sideup sheet7 front 91-0-372)
    add: (location sheet7 ure_exit-uc2_onramp 6-20-146) (none-of-those 18-1-227)
    del: (location sheet7 ure_entry-uc2_offramp 6-19-145) (notprintedwith sheet7 front black 18-0-226)
  (ure-simplexmono-letter sheet7 front image-5), cost: 211849
    pre: (location sheet7 ure_entry-uc2_offramp 6-19-145) (notprintedwith sheet7 front black 18-0-226) (available ure-rsrc 64-0-318) (sideup sheet7 front 91-0-372)
    add: (location sheet7 ure_exit-uc2_onramp 6-20-146) (none-of-those 18-1-227)
    del: (location sheet7 ure_entry-uc2_offramp 6-19-145) (notprintedwith sheet7 front black 18-0-226)
  (ure-simplexmono-letter sheet7 front image-7), cost: 211849
    pre: (location sheet7 ure_entry-uc2_offramp 6-19-145) (notprintedwith sheet7 front black 18-0-226) (available ure-rsrc 64-0-318) (sideup sheet7 front 91-0-372)
    add: (location sheet7 ure_exit-uc2_onramp 6-20-146) (none-of-those 18-1-227) (hasimage sheet7 front image-7 72-0-334)
    del: (location sheet7 ure_entry-uc2_offramp 6-19-145) (notprintedwith sheet7 front black 18-0-226) (none-of-those 72-1-335)
  (ure-simplexmono-letter sheet7 front image-9), cost: 211849
    pre: (location sheet7 ure_entry-uc2_offramp 6-19-145) (notprintedwith sheet7 front black 18-0-226) (available ure-rsrc 64-0-318) (sideup sheet7 front 91-0-372)
    add: (location sheet7 ure_exit-uc2_onramp 6-20-146) (none-of-those 18-1-227)
    del: (location sheet7 ure_entry-uc2_offramp 6-19-145) (notprintedwith sheet7 front black 18-0-226)
  (ure-simplexmono-letter sheet8 back image-10), cost: 211849
    pre: (location sheet8 ure_entry-uc2_offramp 7-19-166) (notprintedwith sheet8 back black 20-0-230) (available ure-rsrc 64-0-318) (sideup sheet8 back 92-0-374)
    add: (location sheet8 ure_exit-uc2_onramp 7-20-167) (none-of-those 20-1-231)
    del: (location sheet8 ure_entry-uc2_offramp 7-19-166) (notprintedwith sheet8 back black 20-0-230)
  (ure-simplexmono-letter sheet8 back image-3), cost: 211849
    pre: (location sheet8 ure_entry-uc2_offramp 7-19-166) (notprintedwith sheet8 back black 20-0-230) (available ure-rsrc 64-0-318) (sideup sheet8 back 92-0-374)
    add: (location sheet8 ure_exit-uc2_onramp 7-20-167) (none-of-those 20-1-231)
    del: (location sheet8 ure_entry-uc2_offramp 7-19-166) (notprintedwith sheet8 back black 20-0-230)
  (ure-simplexmono-letter sheet8 back image-4), cost: 211849
    pre: (location sheet8 ure_entry-uc2_offramp 7-19-166) (notprintedwith sheet8 back black 20-0-230) (available ure-rsrc 64-0-318) (sideup sheet8 back 92-0-374)
    add: (location sheet8 ure_exit-uc2_onramp 7-20-167) (none-of-those 20-1-231)
    del: (location sheet8 ure_entry-uc2_offramp 7-19-166) (notprintedwith sheet8 back black 20-0-230)
  (ure-simplexmono-letter sheet8 back image-5), cost: 211849
    pre: (location sheet8 ure_entry-uc2_offramp 7-19-166) (notprintedwith sheet8 back black 20-0-230) (available ure-rsrc 64-0-318) (sideup sheet8 back 92-0-374)
    add: (location sheet8 ure_exit-uc2_onramp 7-20-167) (none-of-those 20-1-231)
    del: (location sheet8 ure_entry-uc2_offramp 7-19-166) (notprintedwith sheet8 back black 20-0-230)
  (ure-simplexmono-letter sheet8 back image-7), cost: 211849
    pre: (location sheet8 ure_entry-uc2_offramp 7-19-166) (notprintedwith sheet8 back black 20-0-230) (available ure-rsrc 64-0-318) (sideup sheet8 back 92-0-374)
    add: (location sheet8 ure_exit-uc2_onramp 7-20-167) (none-of-those 20-1-231)
    del: (location sheet8 ure_entry-uc2_offramp 7-19-166) (notprintedwith sheet8 back black 20-0-230)
  (ure-simplexmono-letter sheet8 back image-9), cost: 211849
    pre: (location sheet8 ure_entry-uc2_offramp 7-19-166) (notprintedwith sheet8 back black 20-0-230) (available ure-rsrc 64-0-318) (sideup sheet8 back 92-0-374)
    add: (location sheet8 ure_exit-uc2_onramp 7-20-167) (none-of-those 20-1-231)
    del: (location sheet8 ure_entry-uc2_offramp 7-19-166) (notprintedwith sheet8 back black 20-0-230)
  (ure-simplexmono-letter sheet8 front image-10), cost: 211849
    pre: (location sheet8 ure_entry-uc2_offramp 7-19-166) (notprintedwith sheet8 front black 22-0-234) (available ure-rsrc 64-0-318) (sideup sheet8 front 93-0-376)
    add: (location sheet8 ure_exit-uc2_onramp 7-20-167) (none-of-those 22-1-235)
    del: (location sheet8 ure_entry-uc2_offramp 7-19-166) (notprintedwith sheet8 front black 22-0-234)
  (ure-simplexmono-letter sheet8 front image-3), cost: 211849
    pre: (location sheet8 ure_entry-uc2_offramp 7-19-166) (notprintedwith sheet8 front black 22-0-234) (available ure-rsrc 64-0-318) (sideup sheet8 front 93-0-376)
    add: (location sheet8 ure_exit-uc2_onramp 7-20-167) (none-of-those 22-1-235)
    del: (location sheet8 ure_entry-uc2_offramp 7-19-166) (notprintedwith sheet8 front black 22-0-234)
  (ure-simplexmono-letter sheet8 front image-4), cost: 211849
    pre: (location sheet8 ure_entry-uc2_offramp 7-19-166) (notprintedwith sheet8 front black 22-0-234) (available ure-rsrc 64-0-318) (sideup sheet8 front 93-0-376)
    add: (location sheet8 ure_exit-uc2_onramp 7-20-167) (none-of-those 22-1-235)
    del: (location sheet8 ure_entry-uc2_offramp 7-19-166) (notprintedwith sheet8 front black 22-0-234)
  (ure-simplexmono-letter sheet8 front image-5), cost: 211849
    pre: (location sheet8 ure_entry-uc2_offramp 7-19-166) (notprintedwith sheet8 front black 22-0-234) (available ure-rsrc 64-0-318) (sideup sheet8 front 93-0-376)
    add: (location sheet8 ure_exit-uc2_onramp 7-20-167) (none-of-those 22-1-235)
    del: (location sheet8 ure_entry-uc2_offramp 7-19-166) (notprintedwith sheet8 front black 22-0-234)
  (ure-simplexmono-letter sheet8 front image-7), cost: 211849
    pre: (location sheet8 ure_entry-uc2_offramp 7-19-166) (notprintedwith sheet8 front black 22-0-234) (available ure-rsrc 64-0-318) (sideup sheet8 front 93-0-376)
    add: (location sheet8 ure_exit-uc2_onramp 7-20-167) (none-of-those 22-1-235)
    del: (location sheet8 ure_entry-uc2_offramp 7-19-166) (notprintedwith sheet8 front black 22-0-234)
  (ure-simplexmono-letter sheet8 front image-9), cost: 211849
    pre: (location sheet8 ure_entry-uc2_offramp 7-19-166) (notprintedwith sheet8 front black 22-0-234) (available ure-rsrc 64-0-318) (sideup sheet8 front 93-0-376)
    add: (location sheet8 ure_exit-uc2_onramp 7-20-167) (none-of-those 22-1-235)
    del: (location sheet8 ure_entry-uc2_offramp 7-19-166) (notprintedwith sheet8 front black 22-0-234)
  (ure-simplexmono-letter sheet9 back image-10), cost: 211849
    pre: (location sheet9 ure_entry-uc2_offramp 8-19-187) (notprintedwith sheet9 back black 24-0-238) (available ure-rsrc 64-0-318) (sideup sheet9 back 94-0-378)
    add: (location sheet9 ure_exit-uc2_onramp 8-20-188) (none-of-those 24-1-239)
    del: (location sheet9 ure_entry-uc2_offramp 8-19-187) (notprintedwith sheet9 back black 24-0-238)
  (ure-simplexmono-letter sheet9 back image-3), cost: 211849
    pre: (location sheet9 ure_entry-uc2_offramp 8-19-187) (notprintedwith sheet9 back black 24-0-238) (available ure-rsrc 64-0-318) (sideup sheet9 back 94-0-378)
    add: (location sheet9 ure_exit-uc2_onramp 8-20-188) (none-of-those 24-1-239)
    del: (location sheet9 ure_entry-uc2_offramp 8-19-187) (notprintedwith sheet9 back black 24-0-238)
  (ure-simplexmono-letter sheet9 back image-4), cost: 211849
    pre: (location sheet9 ure_entry-uc2_offramp 8-19-187) (notprintedwith sheet9 back black 24-0-238) (available ure-rsrc 64-0-318) (sideup sheet9 back 94-0-378)
    add: (location sheet9 ure_exit-uc2_onramp 8-20-188) (none-of-those 24-1-239)
    del: (location sheet9 ure_entry-uc2_offramp 8-19-187) (notprintedwith sheet9 back black 24-0-238)
  (ure-simplexmono-letter sheet9 back image-5), cost: 211849
    pre: (location sheet9 ure_entry-uc2_offramp 8-19-187) (notprintedwith sheet9 back black 24-0-238) (available ure-rsrc 64-0-318) (sideup sheet9 back 94-0-378)
    add: (location sheet9 ure_exit-uc2_onramp 8-20-188) (none-of-those 24-1-239)
    del: (location sheet9 ure_entry-uc2_offramp 8-19-187) (notprintedwith sheet9 back black 24-0-238)
  (ure-simplexmono-letter sheet9 back image-7), cost: 211849
    pre: (location sheet9 ure_entry-uc2_offramp 8-19-187) (notprintedwith sheet9 back black 24-0-238) (available ure-rsrc 64-0-318) (sideup sheet9 back 94-0-378)
    add: (location sheet9 ure_exit-uc2_onramp 8-20-188) (none-of-those 24-1-239)
    del: (location sheet9 ure_entry-uc2_offramp 8-19-187) (notprintedwith sheet9 back black 24-0-238)
  (ure-simplexmono-letter sheet9 back image-9), cost: 211849
    pre: (location sheet9 ure_entry-uc2_offramp 8-19-187) (notprintedwith sheet9 back black 24-0-238) (available ure-rsrc 64-0-318) (sideup sheet9 back 94-0-378)
    add: (location sheet9 ure_exit-uc2_onramp 8-20-188) (none-of-those 24-1-239)
    del: (location sheet9 ure_entry-uc2_offramp 8-19-187) (notprintedwith sheet9 back black 24-0-238)
  (ure-simplexmono-letter sheet9 front image-10), cost: 211849
    pre: (location sheet9 ure_entry-uc2_offramp 8-19-187) (notprintedwith sheet9 front black 26-0-242) (available ure-rsrc 64-0-318) (sideup sheet9 front 95-0-380)
    add: (location sheet9 ure_exit-uc2_onramp 8-20-188) (none-of-those 26-1-243)
    del: (location sheet9 ure_entry-uc2_offramp 8-19-187) (notprintedwith sheet9 front black 26-0-242)
  (ure-simplexmono-letter sheet9 front image-3), cost: 211849
    pre: (location sheet9 ure_entry-uc2_offramp 8-19-187) (notprintedwith sheet9 front black 26-0-242) (available ure-rsrc 64-0-318) (sideup sheet9 front 95-0-380)
    add: (location sheet9 ure_exit-uc2_onramp 8-20-188) (none-of-those 26-1-243)
    del: (location sheet9 ure_entry-uc2_offramp 8-19-187) (notprintedwith sheet9 front black 26-0-242)
  (ure-simplexmono-letter sheet9 front image-4), cost: 211849
    pre: (location sheet9 ure_entry-uc2_offramp 8-19-187) (notprintedwith sheet9 front black 26-0-242) (available ure-rsrc 64-0-318) (sideup sheet9 front 95-0-380)
    add: (location sheet9 ure_exit-uc2_onramp 8-20-188) (none-of-those 26-1-243)
    del: (location sheet9 ure_entry-uc2_offramp 8-19-187) (notprintedwith sheet9 front black 26-0-242)
  (ure-simplexmono-letter sheet9 front image-5), cost: 211849
    pre: (location sheet9 ure_entry-uc2_offramp 8-19-187) (notprintedwith sheet9 front black 26-0-242) (available ure-rsrc 64-0-318) (sideup sheet9 front 95-0-380)
    add: (location sheet9 ure_exit-uc2_onramp 8-20-188) (none-of-those 26-1-243)
    del: (location sheet9 ure_entry-uc2_offramp 8-19-187) (notprintedwith sheet9 front black 26-0-242)
  (ure-simplexmono-letter sheet9 front image-7), cost: 211849
    pre: (location sheet9 ure_entry-uc2_offramp 8-19-187) (notprintedwith sheet9 front black 26-0-242) (available ure-rsrc 64-0-318) (sideup sheet9 front 95-0-380)
    add: (location sheet9 ure_exit-uc2_onramp 8-20-188) (none-of-those 26-1-243)
    del: (location sheet9 ure_entry-uc2_offramp 8-19-187) (notprintedwith sheet9 front black 26-0-242)
  (ure-simplexmono-letter sheet9 front image-9), cost: 211849
    pre: (location sheet9 ure_entry-uc2_offramp 8-19-187) (notprintedwith sheet9 front black 26-0-242) (available ure-rsrc 64-0-318) (sideup sheet9 front 95-0-380)
    add: (location sheet9 ure_exit-uc2_onramp 8-20-188) (none-of-those 26-1-243) (hasimage sheet9 front image-9 75-0-340)
    del: (location sheet9 ure_entry-uc2_offramp 8-19-187) (notprintedwith sheet9 front black 26-0-242) (none-of-those 75-1-341)
Init State: (location sheet1 some_feeder_tray 0-12-12) (location sheet2 some_feeder_tray 1-12-33) (location sheet3 some_feeder_tray 2-12-54) (location sheet4 some_feeder_tray 3-12-75) (location sheet5 some_feeder_tray 4-12-96) (location sheet6 some_feeder_tray 5-12-117) (location sheet7 some_feeder_tray 6-12-138) (location sheet8 some_feeder_tray 7-12-159) (location sheet9 some_feeder_tray 8-12-180) (location sheet10 some_feeder_tray 9-12-201) (notprintedwith sheet5 front black 10-0-210) (notprintedwith sheet5 front color 11-0-212) (notprintedwith sheet6 back black 12-0-214) (notprintedwith sheet6 back color 13-0-216) (notprintedwith sheet6 front black 14-0-218) (notprintedwith sheet6 front color 15-0-220) (notprintedwith sheet7 back black 16-0-222) (notprintedwith sheet7 back color 17-0-224) (notprintedwith sheet7 front black 18-0-226) (notprintedwith sheet7 front color 19-0-228) (notprintedwith sheet8 back black 20-0-230) (notprintedwith sheet8 back color 21-0-232) (notprintedwith sheet8 front black 22-0-234) (notprintedwith sheet8 front color 23-0-236) (notprintedwith sheet9 back black 24-0-238) (notprintedwith sheet9 back color 25-0-240) (notprintedwith sheet9 front black 26-0-242) (notprintedwith sheet9 front color 27-0-244) (uninitialized 28-0-246) (notprintedwith sheet1 back black 29-0-248) (notprintedwith sheet1 back color 30-0-250) (notprintedwith sheet1 front black 31-0-252) (notprintedwith sheet1 front color 32-0-254) (notprintedwith sheet10 back black 33-0-256) (notprintedwith sheet10 back color 34-0-258) (notprintedwith sheet10 front black 35-0-260) (notprintedwith sheet10 front color 36-0-262) (notprintedwith sheet2 back black 37-0-264) (notprintedwith sheet2 back color 38-0-266) (notprintedwith sheet2 front black 39-0-268) (notprintedwith sheet2 front color 40-0-270) (notprintedwith sheet3 back black 41-0-272) (notprintedwith sheet3 back color 42-0-274) (notprintedwith sheet3 front black 43-0-276) (notprintedwith sheet3 front color 44-0-278) (notprintedwith sheet4 back black 45-0-280) (notprintedwith sheet4 back color 46-0-282) (notprintedwith sheet4 front black 47-0-284) (notprintedwith sheet4 front color 48-0-286) (notprintedwith sheet5 back black 49-0-288) (notprintedwith sheet5 back color 50-0-290) (none-of-those 51-1-293) (none-of-those 52-1-295) (none-of-those 53-1-297) (none-of-those 54-1-299) (none-of-those 55-1-301) (none-of-those 56-1-303) (none-of-those 57-1-305) (none-of-those 58-1-307) (none-of-those 59-1-309) (none-of-those 60-1-311) (none-of-those 61-1-313) (none-of-those 62-1-315) (none-of-those 63-1-317) (none-of-those 64-1-319) (none-of-those 65-1-321) (none-of-those 66-1-323) (none-of-those 67-1-325) (none-of-those 68-1-327) (none-of-those 69-1-329) (none-of-those 70-1-331) (none-of-those 71-1-333) (none-of-those 72-1-335) (none-of-those 73-1-337) (none-of-those 74-1-339) (none-of-those 75-1-341) (none-of-those 76-1-343) (none-of-those 77-1-345) (none-of-those 78-1-347) (none-of-those 79-1-349) (none-of-those 80-1-351) (none-of-those 81-1-353) (none-of-those 82-1-355) (none-of-those 83-1-357) (none-of-those 84-1-359) (none-of-those 85-1-361) (none-of-those 86-1-363) (none-of-those 87-1-365) (none-of-those 88-1-367) (none-of-those 89-1-369) (none-of-those 90-1-371) (none-of-those 91-1-373) (none-of-those 92-1-375) (none-of-those 93-1-377) (none-of-those 94-1-379) (none-of-those 95-1-381) (none-of-those 96-1-383) (none-of-those 97-1-385) (none-of-those 98-1-387) (none-of-those 99-1-389) (none-of-those 100-1-391) (none-of-those 101-1-393) (none-of-those 102-1-395) (none-of-those 103-1-397) (none-of-those 104-1-399) (none-of-those 105-1-401)
Goal: (notprintedwith sheet5 front color 11-0-212) (notprintedwith sheet6 back black 12-0-214) (notprintedwith sheet6 back color 13-0-216) (notprintedwith sheet6 front black 14-0-218) (notprintedwith sheet7 back black 16-0-222) (notprintedwith sheet7 back color 17-0-224) (notprintedwith sheet7 front color 19-0-228) (notprintedwith sheet8 back black 20-0-230) (notprintedwith sheet8 front black 22-0-234) (notprintedwith sheet9 back black 24-0-238) (notprintedwith sheet9 back color 25-0-240) (notprintedwith sheet9 front color 27-0-244) (notprintedwith sheet1 back black 29-0-248) (notprintedwith sheet1 back color 30-0-250) (notprintedwith sheet1 front black 31-0-252) (notprintedwith sheet10 back black 33-0-256) (notprintedwith sheet10 back color 34-0-258) (notprintedwith sheet10 front color 36-0-262) (notprintedwith sheet2 back black 37-0-264) (notprintedwith sheet2 back color 38-0-266) (notprintedwith sheet2 front black 39-0-268) (notprintedwith sheet3 back black 41-0-272) (notprintedwith sheet3 back color 42-0-274) (notprintedwith sheet3 front color 44-0-278) (notprintedwith sheet4 back black 45-0-280) (notprintedwith sheet4 back color 46-0-282) (notprintedwith sheet4 front color 48-0-286) (notprintedwith sheet5 back black 49-0-288) (notprintedwith sheet5 back color 50-0-290) (hasimage sheet1 front image-1 65-0-320) (hasimage sheet10 front image-10 66-0-322) (hasimage sheet2 front image-2 67-0-324) (hasimage sheet3 front image-3 68-0-326) (hasimage sheet4 front image-4 69-0-328) (hasimage sheet5 front image-5 70-0-330) (hasimage sheet6 front image-6 71-0-332) (hasimage sheet7 front image-7 72-0-334) (hasimage sheet8 back image-8b 73-0-336) (hasimage sheet8 front image-8 74-0-338) (hasimage sheet9 front image-9 75-0-340) (sideup sheet1 front 77-0-344) (sideup sheet10 front 79-0-348) (sideup sheet2 front 81-0-352) (sideup sheet3 front 83-0-356) (sideup sheet4 front 85-0-360) (sideup sheet5 front 87-0-364) (sideup sheet6 front 89-0-368) (sideup sheet7 front 91-0-372) (sideup sheet8 front 93-0-376) (sideup sheet9 front 95-0-380) (stackedin sheet1 sys_outputtray 96-0-382) (stackedin sheet10 sys_outputtray 97-0-384) (stackedin sheet2 sys_outputtray 98-0-386) (stackedin sheet3 sys_outputtray 99-0-388) (stackedin sheet4 sys_outputtray 100-0-390) (stackedin sheet5 sys_outputtray 101-0-392) (stackedin sheet6 sys_outputtray 102-0-394) (stackedin sheet7 sys_outputtray 103-0-396) (stackedin sheet8 sys_outputtray 104-0-398) (stackedin sheet9 sys_outputtray 105-0-400)
Value: 2754187
