begin_version
3
end_version
begin_metric
1
end_metric
318
begin_variable
var0
-1
6
cell-capacity cell-4-1 cap-1
cell-capacity cell-4-1 cap-2
cell-capacity cell-4-1 cap-3
cell-capacity cell-4-1 cap-4
none-of-those
tnf-unknown
end_variable
begin_variable
var1
-1
6
cell-capacity cell-4-2 cap-1
cell-capacity cell-4-2 cap-2
cell-capacity cell-4-2 cap-3
cell-capacity cell-4-2 cap-4
none-of-those
tnf-unknown
end_variable
begin_variable
var2
-1
6
cell-capacity cell-4-3 cap-1
cell-capacity cell-4-3 cap-2
cell-capacity cell-4-3 cap-3
cell-capacity cell-4-3 cap-4
none-of-those
tnf-unknown
end_variable
begin_variable
var3
-1
6
cell-capacity cell-5-1 cap-1
cell-capacity cell-5-1 cap-2
cell-capacity cell-5-1 cap-3
cell-capacity cell-5-1 cap-4
none-of-those
tnf-unknown
end_variable
begin_variable
var4
-1
4
cell-capacity cell-5-2 cap-0
cell-capacity cell-5-2 cap-1
cell-capacity cell-5-2 cap-2
cell-capacity cell-5-2 cap-3
end_variable
begin_variable
var5
-1
4
cell-capacity cell-5-3 cap-0
cell-capacity cell-5-3 cap-1
cell-capacity cell-5-3 cap-2
cell-capacity cell-5-3 cap-3
end_variable
begin_variable
var6
-1
6
cell-capacity cell-6-0 cap-1
cell-capacity cell-6-0 cap-2
cell-capacity cell-6-0 cap-3
cell-capacity cell-6-0 cap-4
none-of-those
tnf-unknown
end_variable
begin_variable
var7
-1
6
cell-capacity cell-6-1 cap-1
cell-capacity cell-6-1 cap-2
cell-capacity cell-6-1 cap-3
cell-capacity cell-6-1 cap-4
none-of-those
tnf-unknown
end_variable
begin_variable
var8
-1
6
cell-capacity cell-6-3 cap-1
cell-capacity cell-6-3 cap-2
cell-capacity cell-6-3 cap-3
cell-capacity cell-6-3 cap-4
none-of-those
tnf-unknown
end_variable
begin_variable
var9
-1
4
cell-capacity cell-7-0 cap-0
cell-capacity cell-7-0 cap-1
cell-capacity cell-7-0 cap-2
cell-capacity cell-7-0 cap-3
end_variable
begin_variable
var10
-1
6
cell-capacity cell-7-1 cap-1
cell-capacity cell-7-1 cap-2
cell-capacity cell-7-1 cap-3
cell-capacity cell-7-1 cap-4
none-of-those
tnf-unknown
end_variable
begin_variable
var11
-1
6
cell-capacity cell-7-2 cap-1
cell-capacity cell-7-2 cap-2
cell-capacity cell-7-2 cap-3
cell-capacity cell-7-2 cap-4
none-of-those
tnf-unknown
end_variable
begin_variable
var12
-1
6
cell-capacity cell-7-3 cap-1
cell-capacity cell-7-3 cap-2
cell-capacity cell-7-3 cap-3
cell-capacity cell-7-3 cap-4
none-of-those
tnf-unknown
end_variable
begin_variable
var13
-1
4
cell-capacity cell-8-0 cap-0
cell-capacity cell-8-0 cap-1
cell-capacity cell-8-0 cap-2
cell-capacity cell-8-0 cap-3
end_variable
begin_variable
var14
-1
6
cell-capacity cell-8-1 cap-1
cell-capacity cell-8-1 cap-2
cell-capacity cell-8-1 cap-3
cell-capacity cell-8-1 cap-4
none-of-those
tnf-unknown
end_variable
begin_variable
var15
-1
4
cell-capacity cell-8-2 cap-0
cell-capacity cell-8-2 cap-1
cell-capacity cell-8-2 cap-2
cell-capacity cell-8-2 cap-3
end_variable
begin_variable
var16
-1
6
cell-capacity cell-8-3 cap-1
cell-capacity cell-8-3 cap-2
cell-capacity cell-8-3 cap-3
cell-capacity cell-8-3 cap-4
none-of-those
tnf-unknown
end_variable
begin_variable
var17
-1
6
cell-capacity cell-9-0 cap-1
cell-capacity cell-9-0 cap-2
cell-capacity cell-9-0 cap-3
cell-capacity cell-9-0 cap-4
none-of-those
tnf-unknown
end_variable
begin_variable
var18
-1
6
cell-capacity cell-9-1 cap-1
cell-capacity cell-9-1 cap-2
cell-capacity cell-9-1 cap-3
cell-capacity cell-9-1 cap-4
none-of-those
tnf-unknown
end_variable
begin_variable
var19
-1
6
cell-capacity cell-9-2 cap-1
cell-capacity cell-9-2 cap-2
cell-capacity cell-9-2 cap-3
cell-capacity cell-9-2 cap-4
none-of-those
tnf-unknown
end_variable
begin_variable
var20
-1
6
cell-capacity cell-9-3 cap-1
cell-capacity cell-9-3 cap-2
cell-capacity cell-9-3 cap-3
cell-capacity cell-9-3 cap-4
none-of-those
tnf-unknown
end_variable
begin_variable
var21
-1
6
cell-capacity cell-0-0 cap-1
cell-capacity cell-0-0 cap-2
cell-capacity cell-0-0 cap-3
cell-capacity cell-0-0 cap-4
none-of-those
tnf-unknown
end_variable
begin_variable
var22
-1
6
cell-capacity cell-0-3 cap-1
cell-capacity cell-0-3 cap-2
cell-capacity cell-0-3 cap-3
cell-capacity cell-0-3 cap-4
none-of-those
tnf-unknown
end_variable
begin_variable
var23
-1
6
cell-capacity cell-1-1 cap-1
cell-capacity cell-1-1 cap-2
cell-capacity cell-1-1 cap-3
cell-capacity cell-1-1 cap-4
none-of-those
tnf-unknown
end_variable
begin_variable
var24
-1
6
cell-capacity cell-1-2 cap-1
cell-capacity cell-1-2 cap-2
cell-capacity cell-1-2 cap-3
cell-capacity cell-1-2 cap-4
none-of-those
tnf-unknown
end_variable
begin_variable
var25
-1
4
cell-capacity cell-10-1 cap-0
cell-capacity cell-10-1 cap-1
cell-capacity cell-10-1 cap-2
cell-capacity cell-10-1 cap-3
end_variable
begin_variable
var26
-1
6
cell-capacity cell-10-2 cap-1
cell-capacity cell-10-2 cap-2
cell-capacity cell-10-2 cap-3
cell-capacity cell-10-2 cap-4
none-of-those
tnf-unknown
end_variable
begin_variable
var27
-1
6
cell-capacity cell-10-3 cap-1
cell-capacity cell-10-3 cap-2
cell-capacity cell-10-3 cap-3
cell-capacity cell-10-3 cap-4
none-of-those
tnf-unknown
end_variable
begin_variable
var28
-1
6
cell-capacity cell-11-0 cap-1
cell-capacity cell-11-0 cap-2
cell-capacity cell-11-0 cap-3
cell-capacity cell-11-0 cap-4
none-of-those
tnf-unknown
end_variable
begin_variable
var29
-1
6
cell-capacity cell-11-2 cap-1
cell-capacity cell-11-2 cap-2
cell-capacity cell-11-2 cap-3
cell-capacity cell-11-2 cap-4
none-of-those
tnf-unknown
end_variable
begin_variable
var30
-1
4
cell-capacity cell-11-3 cap-0
cell-capacity cell-11-3 cap-1
cell-capacity cell-11-3 cap-2
cell-capacity cell-11-3 cap-3
end_variable
begin_variable
var31
-1
6
cell-capacity cell-2-0 cap-1
cell-capacity cell-2-0 cap-2
cell-capacity cell-2-0 cap-3
cell-capacity cell-2-0 cap-4
none-of-those
tnf-unknown
end_variable
begin_variable
var32
-1
6
cell-capacity cell-2-2 cap-1
cell-capacity cell-2-2 cap-2
cell-capacity cell-2-2 cap-3
cell-capacity cell-2-2 cap-4
none-of-those
tnf-unknown
end_variable
begin_variable
var33
-1
6
cell-capacity cell-2-3 cap-1
cell-capacity cell-2-3 cap-2
cell-capacity cell-2-3 cap-3
cell-capacity cell-2-3 cap-4
none-of-those
tnf-unknown
end_variable
begin_variable
var34
-1
6
cell-capacity cell-3-0 cap-1
cell-capacity cell-3-0 cap-2
cell-capacity cell-3-0 cap-3
cell-capacity cell-3-0 cap-4
none-of-those
tnf-unknown
end_variable
begin_variable
var35
-1
6
cell-capacity cell-3-2 cap-1
cell-capacity cell-3-2 cap-2
cell-capacity cell-3-2 cap-3
cell-capacity cell-3-2 cap-4
none-of-those
tnf-unknown
end_variable
begin_variable
var36
-1
3
cell-capacity cell-4-0 cap-0
cell-capacity cell-4-0 cap-1
cell-capacity cell-4-0 cap-2
end_variable
begin_variable
var37
-1
3
cell-capacity cell-5-0 cap-0
cell-capacity cell-5-0 cap-1
cell-capacity cell-5-0 cap-2
end_variable
begin_variable
var38
-1
3
cell-capacity cell-6-2 cap-0
cell-capacity cell-6-2 cap-1
cell-capacity cell-6-2 cap-2
end_variable
begin_variable
var39
-1
3
cell-capacity cell-0-1 cap-0
cell-capacity cell-0-1 cap-1
cell-capacity cell-0-1 cap-2
end_variable
begin_variable
var40
-1
3
cell-capacity cell-1-0 cap-0
cell-capacity cell-1-0 cap-1
cell-capacity cell-1-0 cap-2
end_variable
begin_variable
var41
-1
3
cell-capacity cell-1-3 cap-0
cell-capacity cell-1-3 cap-1
cell-capacity cell-1-3 cap-2
end_variable
begin_variable
var42
-1
3
cell-capacity cell-11-1 cap-0
cell-capacity cell-11-1 cap-1
cell-capacity cell-11-1 cap-2
end_variable
begin_variable
var43
-1
3
cell-capacity cell-2-1 cap-0
cell-capacity cell-2-1 cap-1
cell-capacity cell-2-1 cap-2
end_variable
begin_variable
var44
-1
3
cell-capacity cell-3-3 cap-0
cell-capacity cell-3-3 cap-1
cell-capacity cell-3-3 cap-2
end_variable
begin_variable
var45
-1
4
node-degree0 n-0-0
node-degree1 n-0-0
none-of-those
tnf-unknown
end_variable
begin_variable
var46
-1
4
node-degree0 n-0-1
node-degree1 n-0-1
none-of-those
tnf-unknown
end_variable
begin_variable
var47
-1
4
node-degree0 n-0-2
node-degree1 n-0-2
none-of-those
tnf-unknown
end_variable
begin_variable
var48
-1
4
node-degree0 n-0-3
node-degree1 n-0-3
none-of-those
tnf-unknown
end_variable
begin_variable
var49
-1
4
node-degree0 n-0-4
node-degree1 n-0-4
none-of-those
tnf-unknown
end_variable
begin_variable
var50
-1
4
node-degree0 n-1-0
node-degree1 n-1-0
none-of-those
tnf-unknown
end_variable
begin_variable
var51
-1
4
node-degree0 n-1-1
node-degree1 n-1-1
none-of-those
tnf-unknown
end_variable
begin_variable
var52
-1
4
node-degree0 n-1-2
node-degree1 n-1-2
none-of-those
tnf-unknown
end_variable
begin_variable
var53
-1
4
node-degree0 n-1-3
node-degree1 n-1-3
none-of-those
tnf-unknown
end_variable
begin_variable
var54
-1
4
node-degree0 n-1-4
node-degree1 n-1-4
none-of-those
tnf-unknown
end_variable
begin_variable
var55
-1
4
node-degree0 n-10-0
node-degree1 n-10-0
none-of-those
tnf-unknown
end_variable
begin_variable
var56
-1
4
node-degree0 n-10-1
node-degree1 n-10-1
none-of-those
tnf-unknown
end_variable
begin_variable
var57
-1
4
node-degree0 n-10-2
node-degree1 n-10-2
none-of-those
tnf-unknown
end_variable
begin_variable
var58
-1
4
node-degree0 n-10-3
node-degree1 n-10-3
none-of-those
tnf-unknown
end_variable
begin_variable
var59
-1
4
node-degree0 n-10-4
node-degree1 n-10-4
none-of-those
tnf-unknown
end_variable
begin_variable
var60
-1
4
node-degree0 n-11-0
node-degree1 n-11-0
none-of-those
tnf-unknown
end_variable
begin_variable
var61
-1
4
node-degree0 n-11-1
node-degree1 n-11-1
none-of-those
tnf-unknown
end_variable
begin_variable
var62
-1
4
node-degree0 n-11-2
node-degree1 n-11-2
none-of-those
tnf-unknown
end_variable
begin_variable
var63
-1
4
node-degree0 n-11-3
node-degree1 n-11-3
none-of-those
tnf-unknown
end_variable
begin_variable
var64
-1
4
node-degree0 n-11-4
node-degree1 n-11-4
none-of-those
tnf-unknown
end_variable
begin_variable
var65
-1
4
node-degree0 n-12-0
node-degree1 n-12-0
none-of-those
tnf-unknown
end_variable
begin_variable
var66
-1
4
node-degree0 n-12-1
node-degree1 n-12-1
none-of-those
tnf-unknown
end_variable
begin_variable
var67
-1
4
node-degree0 n-12-2
node-degree1 n-12-2
none-of-those
tnf-unknown
end_variable
begin_variable
var68
-1
4
node-degree0 n-12-3
node-degree1 n-12-3
none-of-those
tnf-unknown
end_variable
begin_variable
var69
-1
4
node-degree0 n-12-4
node-degree1 n-12-4
none-of-those
tnf-unknown
end_variable
begin_variable
var70
-1
4
node-degree0 n-2-0
node-degree1 n-2-0
none-of-those
tnf-unknown
end_variable
begin_variable
var71
-1
4
node-degree0 n-2-1
node-degree1 n-2-1
none-of-those
tnf-unknown
end_variable
begin_variable
var72
-1
4
node-degree0 n-2-2
node-degree1 n-2-2
none-of-those
tnf-unknown
end_variable
begin_variable
var73
-1
4
node-degree0 n-2-3
node-degree1 n-2-3
none-of-those
tnf-unknown
end_variable
begin_variable
var74
-1
4
node-degree0 n-2-4
node-degree1 n-2-4
none-of-those
tnf-unknown
end_variable
begin_variable
var75
-1
4
node-degree0 n-3-0
node-degree1 n-3-0
none-of-those
tnf-unknown
end_variable
begin_variable
var76
-1
4
node-degree0 n-3-1
node-degree1 n-3-1
none-of-those
tnf-unknown
end_variable
begin_variable
var77
-1
4
node-degree0 n-3-2
node-degree1 n-3-2
none-of-those
tnf-unknown
end_variable
begin_variable
var78
-1
4
node-degree0 n-3-3
node-degree1 n-3-3
none-of-those
tnf-unknown
end_variable
begin_variable
var79
-1
4
node-degree0 n-3-4
node-degree1 n-3-4
none-of-those
tnf-unknown
end_variable
begin_variable
var80
-1
4
node-degree0 n-4-0
node-degree1 n-4-0
none-of-those
tnf-unknown
end_variable
begin_variable
var81
-1
4
node-degree0 n-4-1
node-degree1 n-4-1
none-of-those
tnf-unknown
end_variable
begin_variable
var82
-1
4
node-degree0 n-4-2
node-degree1 n-4-2
none-of-those
tnf-unknown
end_variable
begin_variable
var83
-1
4
node-degree0 n-4-3
node-degree1 n-4-3
none-of-those
tnf-unknown
end_variable
begin_variable
var84
-1
4
node-degree0 n-4-4
node-degree1 n-4-4
none-of-those
tnf-unknown
end_variable
begin_variable
var85
-1
4
node-degree0 n-5-0
node-degree1 n-5-0
none-of-those
tnf-unknown
end_variable
begin_variable
var86
-1
4
node-degree0 n-5-1
node-degree1 n-5-1
none-of-those
tnf-unknown
end_variable
begin_variable
var87
-1
4
node-degree0 n-5-2
node-degree1 n-5-2
none-of-those
tnf-unknown
end_variable
begin_variable
var88
-1
4
node-degree0 n-5-3
node-degree1 n-5-3
none-of-those
tnf-unknown
end_variable
begin_variable
var89
-1
4
node-degree0 n-5-4
node-degree1 n-5-4
none-of-those
tnf-unknown
end_variable
begin_variable
var90
-1
4
node-degree0 n-6-0
node-degree1 n-6-0
none-of-those
tnf-unknown
end_variable
begin_variable
var91
-1
4
node-degree0 n-6-1
node-degree1 n-6-1
none-of-those
tnf-unknown
end_variable
begin_variable
var92
-1
4
node-degree0 n-6-2
node-degree1 n-6-2
none-of-those
tnf-unknown
end_variable
begin_variable
var93
-1
4
node-degree0 n-6-3
node-degree1 n-6-3
none-of-those
tnf-unknown
end_variable
begin_variable
var94
-1
4
node-degree0 n-6-4
node-degree1 n-6-4
none-of-those
tnf-unknown
end_variable
begin_variable
var95
-1
4
node-degree0 n-7-0
node-degree1 n-7-0
none-of-those
tnf-unknown
end_variable
begin_variable
var96
-1
4
node-degree0 n-7-1
node-degree1 n-7-1
none-of-those
tnf-unknown
end_variable
begin_variable
var97
-1
4
node-degree0 n-7-2
node-degree1 n-7-2
none-of-those
tnf-unknown
end_variable
begin_variable
var98
-1
4
node-degree0 n-7-3
node-degree1 n-7-3
none-of-those
tnf-unknown
end_variable
begin_variable
var99
-1
4
node-degree0 n-7-4
node-degree1 n-7-4
none-of-those
tnf-unknown
end_variable
begin_variable
var100
-1
4
node-degree0 n-8-0
node-degree1 n-8-0
none-of-those
tnf-unknown
end_variable
begin_variable
var101
-1
2
cell-capacity cell-0-2 cap-0
cell-capacity cell-0-2 cap-1
end_variable
begin_variable
var102
-1
4
node-degree0 n-8-1
node-degree1 n-8-1
none-of-those
tnf-unknown
end_variable
begin_variable
var103
-1
4
node-degree0 n-8-2
node-degree1 n-8-2
none-of-those
tnf-unknown
end_variable
begin_variable
var104
-1
4
node-degree0 n-8-3
node-degree1 n-8-3
none-of-those
tnf-unknown
end_variable
begin_variable
var105
-1
4
node-degree0 n-8-4
node-degree1 n-8-4
none-of-those
tnf-unknown
end_variable
begin_variable
var106
-1
4
node-degree0 n-9-0
node-degree1 n-9-0
none-of-those
tnf-unknown
end_variable
begin_variable
var107
-1
4
node-degree0 n-9-1
node-degree1 n-9-1
none-of-those
tnf-unknown
end_variable
begin_variable
var108
-1
4
node-degree0 n-9-2
node-degree1 n-9-2
none-of-those
tnf-unknown
end_variable
begin_variable
var109
-1
4
node-degree0 n-9-3
node-degree1 n-9-3
none-of-those
tnf-unknown
end_variable
begin_variable
var110
-1
4
node-degree0 n-9-4
node-degree1 n-9-4
none-of-those
tnf-unknown
end_variable
begin_variable
var111
-1
2
cell-capacity cell-10-0 cap-0
cell-capacity cell-10-0 cap-1
end_variable
begin_variable
var112
-1
3
NOT-disable-link-0-0
none-of-those
tnf-unknown
end_variable
begin_variable
var113
-1
3
NOT-linked n-0-0 n-0-1
none-of-those
tnf-unknown
end_variable
begin_variable
var114
-1
3
NOT-linked n-0-0 n-1-0
none-of-those
tnf-unknown
end_variable
begin_variable
var115
-1
3
NOT-linked n-0-1 n-0-2
none-of-those
tnf-unknown
end_variable
begin_variable
var116
-1
3
NOT-linked n-0-1 n-1-1
none-of-those
tnf-unknown
end_variable
begin_variable
var117
-1
3
NOT-linked n-0-2 n-0-3
none-of-those
tnf-unknown
end_variable
begin_variable
var118
-1
3
NOT-linked n-0-2 n-1-2
none-of-those
tnf-unknown
end_variable
begin_variable
var119
-1
3
NOT-linked n-0-3 n-0-4
none-of-those
tnf-unknown
end_variable
begin_variable
var120
-1
3
NOT-linked n-0-3 n-1-3
none-of-those
tnf-unknown
end_variable
begin_variable
var121
-1
3
NOT-linked n-0-4 n-1-4
none-of-those
tnf-unknown
end_variable
begin_variable
var122
-1
3
NOT-linked n-1-0 n-1-1
none-of-those
tnf-unknown
end_variable
begin_variable
var123
-1
3
NOT-linked n-1-0 n-2-0
none-of-those
tnf-unknown
end_variable
begin_variable
var124
-1
3
NOT-linked n-1-1 n-1-2
none-of-those
tnf-unknown
end_variable
begin_variable
var125
-1
3
NOT-linked n-1-1 n-2-1
none-of-those
tnf-unknown
end_variable
begin_variable
var126
-1
3
NOT-linked n-1-2 n-1-3
none-of-those
tnf-unknown
end_variable
begin_variable
var127
-1
3
NOT-linked n-1-2 n-2-2
none-of-those
tnf-unknown
end_variable
begin_variable
var128
-1
3
NOT-linked n-1-3 n-1-4
none-of-those
tnf-unknown
end_variable
begin_variable
var129
-1
3
NOT-linked n-1-3 n-2-3
none-of-those
tnf-unknown
end_variable
begin_variable
var130
-1
3
NOT-linked n-1-4 n-2-4
none-of-those
tnf-unknown
end_variable
begin_variable
var131
-1
3
NOT-linked n-10-0 n-10-1
none-of-those
tnf-unknown
end_variable
begin_variable
var132
-1
3
NOT-linked n-10-0 n-11-0
none-of-those
tnf-unknown
end_variable
begin_variable
var133
-1
3
NOT-linked n-10-1 n-10-2
none-of-those
tnf-unknown
end_variable
begin_variable
var134
-1
3
NOT-linked n-10-1 n-11-1
none-of-those
tnf-unknown
end_variable
begin_variable
var135
-1
3
NOT-linked n-10-2 n-10-3
none-of-those
tnf-unknown
end_variable
begin_variable
var136
-1
3
NOT-linked n-10-2 n-11-2
none-of-those
tnf-unknown
end_variable
begin_variable
var137
-1
3
NOT-linked n-10-3 n-10-4
none-of-those
tnf-unknown
end_variable
begin_variable
var138
-1
3
NOT-linked n-10-3 n-11-3
none-of-those
tnf-unknown
end_variable
begin_variable
var139
-1
3
NOT-linked n-10-4 n-11-4
none-of-those
tnf-unknown
end_variable
begin_variable
var140
-1
3
NOT-linked n-11-0 n-11-1
none-of-those
tnf-unknown
end_variable
begin_variable
var141
-1
3
NOT-linked n-11-0 n-12-0
none-of-those
tnf-unknown
end_variable
begin_variable
var142
-1
3
NOT-linked n-11-1 n-11-2
none-of-those
tnf-unknown
end_variable
begin_variable
var143
-1
3
NOT-linked n-11-1 n-12-1
none-of-those
tnf-unknown
end_variable
begin_variable
var144
-1
3
NOT-linked n-11-2 n-11-3
none-of-those
tnf-unknown
end_variable
begin_variable
var145
-1
3
NOT-linked n-11-2 n-12-2
none-of-those
tnf-unknown
end_variable
begin_variable
var146
-1
3
NOT-linked n-11-3 n-11-4
none-of-those
tnf-unknown
end_variable
begin_variable
var147
-1
3
NOT-linked n-11-3 n-12-3
none-of-those
tnf-unknown
end_variable
begin_variable
var148
-1
3
NOT-linked n-11-4 n-12-4
none-of-those
tnf-unknown
end_variable
begin_variable
var149
-1
3
NOT-linked n-12-0 n-12-1
none-of-those
tnf-unknown
end_variable
begin_variable
var150
-1
3
NOT-linked n-12-1 n-12-2
none-of-those
tnf-unknown
end_variable
begin_variable
var151
-1
3
NOT-linked n-12-2 n-12-3
none-of-those
tnf-unknown
end_variable
begin_variable
var152
-1
3
NOT-linked n-12-3 n-12-4
none-of-those
tnf-unknown
end_variable
begin_variable
var153
-1
3
NOT-linked n-2-0 n-2-1
none-of-those
tnf-unknown
end_variable
begin_variable
var154
-1
3
NOT-linked n-2-0 n-3-0
none-of-those
tnf-unknown
end_variable
begin_variable
var155
-1
3
NOT-linked n-2-1 n-2-2
none-of-those
tnf-unknown
end_variable
begin_variable
var156
-1
3
NOT-linked n-2-1 n-3-1
none-of-those
tnf-unknown
end_variable
begin_variable
var157
-1
3
NOT-linked n-2-2 n-2-3
none-of-those
tnf-unknown
end_variable
begin_variable
var158
-1
3
NOT-linked n-2-2 n-3-2
none-of-those
tnf-unknown
end_variable
begin_variable
var159
-1
3
NOT-linked n-2-3 n-2-4
none-of-those
tnf-unknown
end_variable
begin_variable
var160
-1
3
NOT-linked n-2-3 n-3-3
none-of-those
tnf-unknown
end_variable
begin_variable
var161
-1
3
NOT-linked n-2-4 n-3-4
none-of-those
tnf-unknown
end_variable
begin_variable
var162
-1
3
NOT-linked n-3-0 n-3-1
none-of-those
tnf-unknown
end_variable
begin_variable
var163
-1
3
NOT-linked n-3-0 n-4-0
none-of-those
tnf-unknown
end_variable
begin_variable
var164
-1
3
NOT-linked n-3-2 n-3-3
none-of-those
tnf-unknown
end_variable
begin_variable
var165
-1
3
NOT-linked n-3-3 n-3-4
none-of-those
tnf-unknown
end_variable
begin_variable
var166
-1
3
NOT-linked n-3-3 n-4-3
none-of-those
tnf-unknown
end_variable
begin_variable
var167
-1
3
NOT-linked n-3-4 n-4-4
none-of-those
tnf-unknown
end_variable
begin_variable
var168
-1
3
NOT-linked n-4-0 n-4-1
none-of-those
tnf-unknown
end_variable
begin_variable
var169
-1
3
NOT-linked n-4-0 n-5-0
none-of-those
tnf-unknown
end_variable
begin_variable
var170
-1
3
NOT-linked n-4-1 n-5-1
none-of-those
tnf-unknown
end_variable
begin_variable
var171
-1
3
NOT-linked n-4-2 n-4-3
none-of-those
tnf-unknown
end_variable
begin_variable
var172
-1
3
NOT-linked n-4-2 n-5-2
none-of-those
tnf-unknown
end_variable
begin_variable
var173
-1
3
NOT-linked n-4-3 n-4-4
none-of-those
tnf-unknown
end_variable
begin_variable
var174
-1
3
NOT-linked n-4-3 n-5-3
none-of-those
tnf-unknown
end_variable
begin_variable
var175
-1
3
NOT-linked n-4-4 n-5-4
none-of-those
tnf-unknown
end_variable
begin_variable
var176
-1
3
NOT-linked n-5-0 n-5-1
none-of-those
tnf-unknown
end_variable
begin_variable
var177
-1
3
NOT-linked n-5-0 n-6-0
none-of-those
tnf-unknown
end_variable
begin_variable
var178
-1
3
NOT-linked n-5-1 n-5-2
none-of-those
tnf-unknown
end_variable
begin_variable
var179
-1
3
NOT-linked n-5-1 n-6-1
none-of-those
tnf-unknown
end_variable
begin_variable
var180
-1
3
NOT-linked n-5-2 n-5-3
none-of-those
tnf-unknown
end_variable
begin_variable
var181
-1
3
NOT-linked n-5-2 n-6-2
none-of-those
tnf-unknown
end_variable
begin_variable
var182
-1
3
NOT-linked n-5-3 n-5-4
none-of-those
tnf-unknown
end_variable
begin_variable
var183
-1
3
NOT-linked n-5-3 n-6-3
none-of-those
tnf-unknown
end_variable
begin_variable
var184
-1
3
NOT-linked n-5-4 n-6-4
none-of-those
tnf-unknown
end_variable
begin_variable
var185
-1
3
NOT-linked n-6-0 n-6-1
none-of-those
tnf-unknown
end_variable
begin_variable
var186
-1
3
NOT-linked n-6-0 n-7-0
none-of-those
tnf-unknown
end_variable
begin_variable
var187
-1
3
NOT-linked n-6-1 n-6-2
none-of-those
tnf-unknown
end_variable
begin_variable
var188
-1
3
NOT-linked n-6-1 n-7-1
none-of-those
tnf-unknown
end_variable
begin_variable
var189
-1
3
NOT-linked n-6-2 n-6-3
none-of-those
tnf-unknown
end_variable
begin_variable
var190
-1
3
NOT-linked n-6-2 n-7-2
none-of-those
tnf-unknown
end_variable
begin_variable
var191
-1
3
NOT-linked n-6-3 n-6-4
none-of-those
tnf-unknown
end_variable
begin_variable
var192
-1
3
NOT-linked n-6-3 n-7-3
none-of-those
tnf-unknown
end_variable
begin_variable
var193
-1
3
NOT-linked n-6-4 n-7-4
none-of-those
tnf-unknown
end_variable
begin_variable
var194
-1
3
NOT-linked n-7-0 n-7-1
none-of-those
tnf-unknown
end_variable
begin_variable
var195
-1
3
NOT-linked n-7-0 n-8-0
none-of-those
tnf-unknown
end_variable
begin_variable
var196
-1
3
NOT-linked n-7-1 n-7-2
none-of-those
tnf-unknown
end_variable
begin_variable
var197
-1
3
NOT-linked n-7-1 n-8-1
none-of-those
tnf-unknown
end_variable
begin_variable
var198
-1
3
NOT-linked n-7-2 n-7-3
none-of-those
tnf-unknown
end_variable
begin_variable
var199
-1
3
NOT-linked n-7-2 n-8-2
none-of-those
tnf-unknown
end_variable
begin_variable
var200
-1
3
NOT-linked n-7-3 n-7-4
none-of-those
tnf-unknown
end_variable
begin_variable
var201
-1
3
NOT-linked n-7-3 n-8-3
none-of-those
tnf-unknown
end_variable
begin_variable
var202
-1
3
NOT-linked n-7-4 n-8-4
none-of-those
tnf-unknown
end_variable
begin_variable
var203
-1
3
NOT-linked n-8-0 n-8-1
none-of-those
tnf-unknown
end_variable
begin_variable
var204
-1
3
NOT-linked n-8-0 n-9-0
none-of-those
tnf-unknown
end_variable
begin_variable
var205
-1
3
NOT-linked n-8-1 n-8-2
none-of-those
tnf-unknown
end_variable
begin_variable
var206
-1
3
cell-capacity cell-outside-0-down cap-1
none-of-those
tnf-unknown
end_variable
begin_variable
var207
-1
3
NOT-linked n-8-1 n-9-1
none-of-those
tnf-unknown
end_variable
begin_variable
var208
-1
3
cell-capacity cell-outside-0-left cap-1
none-of-those
tnf-unknown
end_variable
begin_variable
var209
-1
3
NOT-linked n-8-2 n-8-3
none-of-those
tnf-unknown
end_variable
begin_variable
var210
-1
3
cell-capacity cell-outside-0-right cap-1
none-of-those
tnf-unknown
end_variable
begin_variable
var211
-1
3
NOT-linked n-8-2 n-9-2
none-of-those
tnf-unknown
end_variable
begin_variable
var212
-1
3
cell-capacity cell-outside-0-up cap-1
none-of-those
tnf-unknown
end_variable
begin_variable
var213
-1
3
NOT-linked n-8-3 n-8-4
none-of-those
tnf-unknown
end_variable
begin_variable
var214
-1
3
cell-capacity cell-outside-1-down cap-1
none-of-those
tnf-unknown
end_variable
begin_variable
var215
-1
3
NOT-linked n-8-3 n-9-3
none-of-those
tnf-unknown
end_variable
begin_variable
var216
-1
3
cell-capacity cell-outside-1-left cap-1
none-of-those
tnf-unknown
end_variable
begin_variable
var217
-1
3
NOT-linked n-8-4 n-9-4
none-of-those
tnf-unknown
end_variable
begin_variable
var218
-1
3
cell-capacity cell-outside-1-right cap-1
none-of-those
tnf-unknown
end_variable
begin_variable
var219
-1
3
NOT-linked n-9-0 n-10-0
none-of-those
tnf-unknown
end_variable
begin_variable
var220
-1
3
cell-capacity cell-outside-1-up cap-1
none-of-those
tnf-unknown
end_variable
begin_variable
var221
-1
3
NOT-linked n-9-0 n-9-1
none-of-those
tnf-unknown
end_variable
begin_variable
var222
-1
3
cell-capacity cell-outside-10-left cap-1
none-of-those
tnf-unknown
end_variable
begin_variable
var223
-1
3
NOT-linked n-9-1 n-10-1
none-of-those
tnf-unknown
end_variable
begin_variable
var224
-1
3
cell-capacity cell-outside-10-right cap-1
none-of-those
tnf-unknown
end_variable
begin_variable
var225
-1
3
NOT-linked n-9-1 n-9-2
none-of-those
tnf-unknown
end_variable
begin_variable
var226
-1
3
cell-capacity cell-outside-11-left cap-1
none-of-those
tnf-unknown
end_variable
begin_variable
var227
-1
3
NOT-linked n-9-2 n-10-2
none-of-those
tnf-unknown
end_variable
begin_variable
var228
-1
3
cell-capacity cell-outside-11-right cap-1
none-of-those
tnf-unknown
end_variable
begin_variable
var229
-1
3
NOT-linked n-9-2 n-9-3
none-of-those
tnf-unknown
end_variable
begin_variable
var230
-1
3
cell-capacity cell-outside-2-down cap-1
none-of-those
tnf-unknown
end_variable
begin_variable
var231
-1
3
NOT-linked n-9-3 n-10-3
none-of-those
tnf-unknown
end_variable
begin_variable
var232
-1
3
cell-capacity cell-outside-2-left cap-1
none-of-those
tnf-unknown
end_variable
begin_variable
var233
-1
3
NOT-linked n-9-3 n-9-4
none-of-those
tnf-unknown
end_variable
begin_variable
var234
-1
3
cell-capacity cell-outside-2-right cap-1
none-of-those
tnf-unknown
end_variable
begin_variable
var235
-1
3
NOT-linked n-9-4 n-10-4
none-of-those
tnf-unknown
end_variable
begin_variable
var236
-1
3
cell-capacity cell-outside-2-up cap-1
none-of-those
tnf-unknown
end_variable
begin_variable
var237
-1
3
cell-capacity cell-outside-3-down cap-1
none-of-those
tnf-unknown
end_variable
begin_variable
var238
-1
3
cell-capacity cell-outside-3-left cap-1
none-of-those
tnf-unknown
end_variable
begin_variable
var239
-1
3
cell-capacity cell-outside-3-right cap-1
none-of-those
tnf-unknown
end_variable
begin_variable
var240
-1
3
cell-capacity cell-outside-3-up cap-1
none-of-those
tnf-unknown
end_variable
begin_variable
var241
-1
3
cell-capacity cell-outside-4-left cap-1
none-of-those
tnf-unknown
end_variable
begin_variable
var242
-1
3
cell-capacity cell-outside-4-right cap-1
none-of-those
tnf-unknown
end_variable
begin_variable
var243
-1
3
cell-capacity cell-outside-5-left cap-1
none-of-those
tnf-unknown
end_variable
begin_variable
var244
-1
3
cell-capacity cell-outside-5-right cap-1
none-of-those
tnf-unknown
end_variable
begin_variable
var245
-1
3
cell-capacity cell-outside-6-left cap-1
none-of-those
tnf-unknown
end_variable
begin_variable
var246
-1
3
cell-capacity cell-outside-6-right cap-1
none-of-those
tnf-unknown
end_variable
begin_variable
var247
-1
3
cell-capacity cell-outside-7-left cap-1
none-of-those
tnf-unknown
end_variable
begin_variable
var248
-1
3
cell-capacity cell-outside-7-right cap-1
none-of-those
tnf-unknown
end_variable
begin_variable
var249
-1
3
cell-capacity cell-outside-8-left cap-1
none-of-those
tnf-unknown
end_variable
begin_variable
var250
-1
3
cell-capacity cell-outside-8-right cap-1
none-of-those
tnf-unknown
end_variable
begin_variable
var251
-1
3
cell-capacity cell-outside-9-left cap-1
none-of-those
tnf-unknown
end_variable
begin_variable
var252
-1
3
cell-capacity cell-outside-9-right cap-1
none-of-those
tnf-unknown
end_variable
begin_variable
var253
-1
3
NOT-node-degree1 n-0-0
none-of-those
tnf-unkown
end_variable
begin_variable
var254
-1
3
NOT-node-degree1 n-0-1
none-of-those
tnf-unkown
end_variable
begin_variable
var255
-1
3
NOT-node-degree1 n-0-2
none-of-those
tnf-unkown
end_variable
begin_variable
var256
-1
3
NOT-node-degree1 n-0-3
none-of-those
tnf-unkown
end_variable
begin_variable
var257
-1
3
NOT-node-degree1 n-0-4
none-of-those
tnf-unkown
end_variable
begin_variable
var258
-1
3
NOT-node-degree1 n-1-0
none-of-those
tnf-unkown
end_variable
begin_variable
var259
-1
3
NOT-node-degree1 n-1-1
none-of-those
tnf-unkown
end_variable
begin_variable
var260
-1
3
NOT-node-degree1 n-1-2
none-of-those
tnf-unkown
end_variable
begin_variable
var261
-1
3
NOT-node-degree1 n-1-3
none-of-those
tnf-unkown
end_variable
begin_variable
var262
-1
3
NOT-node-degree1 n-1-4
none-of-those
tnf-unkown
end_variable
begin_variable
var263
-1
3
NOT-node-degree1 n-10-0
none-of-those
tnf-unkown
end_variable
begin_variable
var264
-1
3
NOT-node-degree1 n-10-1
none-of-those
tnf-unkown
end_variable
begin_variable
var265
-1
3
NOT-node-degree1 n-10-2
none-of-those
tnf-unkown
end_variable
begin_variable
var266
-1
3
NOT-node-degree1 n-10-3
none-of-those
tnf-unkown
end_variable
begin_variable
var267
-1
3
NOT-node-degree1 n-10-4
none-of-those
tnf-unkown
end_variable
begin_variable
var268
-1
3
NOT-node-degree1 n-11-0
none-of-those
tnf-unkown
end_variable
begin_variable
var269
-1
3
NOT-node-degree1 n-11-1
none-of-those
tnf-unkown
end_variable
begin_variable
var270
-1
3
NOT-node-degree1 n-11-2
none-of-those
tnf-unkown
end_variable
begin_variable
var271
-1
3
NOT-node-degree1 n-11-3
none-of-those
tnf-unkown
end_variable
begin_variable
var272
-1
3
NOT-node-degree1 n-11-4
none-of-those
tnf-unkown
end_variable
begin_variable
var273
-1
3
NOT-node-degree1 n-12-0
none-of-those
tnf-unkown
end_variable
begin_variable
var274
-1
3
NOT-node-degree1 n-12-1
none-of-those
tnf-unkown
end_variable
begin_variable
var275
-1
3
NOT-node-degree1 n-12-2
none-of-those
tnf-unkown
end_variable
begin_variable
var276
-1
3
NOT-node-degree1 n-12-3
none-of-those
tnf-unkown
end_variable
begin_variable
var277
-1
3
NOT-node-degree1 n-12-4
none-of-those
tnf-unkown
end_variable
begin_variable
var278
-1
3
NOT-node-degree1 n-2-0
none-of-those
tnf-unkown
end_variable
begin_variable
var279
-1
3
NOT-node-degree1 n-2-1
none-of-those
tnf-unkown
end_variable
begin_variable
var280
-1
3
NOT-node-degree1 n-2-2
none-of-those
tnf-unkown
end_variable
begin_variable
var281
-1
3
NOT-node-degree1 n-2-3
none-of-those
tnf-unkown
end_variable
begin_variable
var282
-1
3
NOT-node-degree1 n-2-4
none-of-those
tnf-unkown
end_variable
begin_variable
var283
-1
3
NOT-node-degree1 n-3-0
none-of-those
tnf-unkown
end_variable
begin_variable
var284
-1
3
NOT-node-degree1 n-3-1
none-of-those
tnf-unkown
end_variable
begin_variable
var285
-1
3
NOT-node-degree1 n-3-2
none-of-those
tnf-unkown
end_variable
begin_variable
var286
-1
3
NOT-node-degree1 n-3-3
none-of-those
tnf-unkown
end_variable
begin_variable
var287
-1
3
NOT-node-degree1 n-3-4
none-of-those
tnf-unkown
end_variable
begin_variable
var288
-1
3
NOT-node-degree1 n-4-0
none-of-those
tnf-unkown
end_variable
begin_variable
var289
-1
3
NOT-node-degree1 n-4-1
none-of-those
tnf-unkown
end_variable
begin_variable
var290
-1
3
NOT-node-degree1 n-4-2
none-of-those
tnf-unkown
end_variable
begin_variable
var291
-1
3
NOT-node-degree1 n-4-3
none-of-those
tnf-unkown
end_variable
begin_variable
var292
-1
3
NOT-node-degree1 n-4-4
none-of-those
tnf-unkown
end_variable
begin_variable
var293
-1
3
NOT-node-degree1 n-5-0
none-of-those
tnf-unkown
end_variable
begin_variable
var294
-1
3
NOT-node-degree1 n-5-1
none-of-those
tnf-unkown
end_variable
begin_variable
var295
-1
3
NOT-node-degree1 n-5-2
none-of-those
tnf-unkown
end_variable
begin_variable
var296
-1
3
NOT-node-degree1 n-5-3
none-of-those
tnf-unkown
end_variable
begin_variable
var297
-1
3
NOT-node-degree1 n-5-4
none-of-those
tnf-unkown
end_variable
begin_variable
var298
-1
3
NOT-node-degree1 n-6-0
none-of-those
tnf-unkown
end_variable
begin_variable
var299
-1
3
NOT-node-degree1 n-6-1
none-of-those
tnf-unkown
end_variable
begin_variable
var300
-1
3
NOT-node-degree1 n-6-2
none-of-those
tnf-unkown
end_variable
begin_variable
var301
-1
3
NOT-node-degree1 n-6-3
none-of-those
tnf-unkown
end_variable
begin_variable
var302
-1
3
NOT-node-degree1 n-6-4
none-of-those
tnf-unkown
end_variable
begin_variable
var303
-1
3
NOT-node-degree1 n-7-0
none-of-those
tnf-unkown
end_variable
begin_variable
var304
-1
3
NOT-node-degree1 n-7-1
none-of-those
tnf-unkown
end_variable
begin_variable
var305
-1
3
NOT-node-degree1 n-7-2
none-of-those
tnf-unkown
end_variable
begin_variable
var306
-1
3
NOT-node-degree1 n-7-3
none-of-those
tnf-unkown
end_variable
begin_variable
var307
-1
3
NOT-node-degree1 n-7-4
none-of-those
tnf-unkown
end_variable
begin_variable
var308
-1
3
NOT-node-degree1 n-8-0
none-of-those
tnf-unkown
end_variable
begin_variable
var309
-1
3
NOT-node-degree1 n-8-1
none-of-those
tnf-unkown
end_variable
begin_variable
var310
-1
3
NOT-node-degree1 n-8-2
none-of-those
tnf-unkown
end_variable
begin_variable
var311
-1
3
NOT-node-degree1 n-8-3
none-of-those
tnf-unkown
end_variable
begin_variable
var312
-1
3
NOT-node-degree1 n-8-4
none-of-those
tnf-unkown
end_variable
begin_variable
var313
-1
3
NOT-node-degree1 n-9-0
none-of-those
tnf-unkown
end_variable
begin_variable
var314
-1
3
NOT-node-degree1 n-9-1
none-of-those
tnf-unkown
end_variable
begin_variable
var315
-1
3
NOT-node-degree1 n-9-2
none-of-those
tnf-unkown
end_variable
begin_variable
var316
-1
3
NOT-node-degree1 n-9-3
none-of-those
tnf-unkown
end_variable
begin_variable
var317
-1
3
NOT-node-degree1 n-9-4
none-of-those
tnf-unkown
end_variable
318
begin_mutex_group
1
112 0
end_mutex_group
begin_mutex_group
1
113 0
end_mutex_group
begin_mutex_group
1
114 0
end_mutex_group
begin_mutex_group
1
115 0
end_mutex_group
begin_mutex_group
1
116 0
end_mutex_group
begin_mutex_group
1
117 0
end_mutex_group
begin_mutex_group
1
118 0
end_mutex_group
begin_mutex_group
1
119 0
end_mutex_group
begin_mutex_group
1
120 0
end_mutex_group
begin_mutex_group
1
121 0
end_mutex_group
begin_mutex_group
1
122 0
end_mutex_group
begin_mutex_group
1
123 0
end_mutex_group
begin_mutex_group
1
124 0
end_mutex_group
begin_mutex_group
1
125 0
end_mutex_group
begin_mutex_group
1
126 0
end_mutex_group
begin_mutex_group
1
127 0
end_mutex_group
begin_mutex_group
1
128 0
end_mutex_group
begin_mutex_group
1
129 0
end_mutex_group
begin_mutex_group
1
130 0
end_mutex_group
begin_mutex_group
1
131 0
end_mutex_group
begin_mutex_group
1
132 0
end_mutex_group
begin_mutex_group
1
133 0
end_mutex_group
begin_mutex_group
1
134 0
end_mutex_group
begin_mutex_group
1
135 0
end_mutex_group
begin_mutex_group
1
136 0
end_mutex_group
begin_mutex_group
1
137 0
end_mutex_group
begin_mutex_group
1
138 0
end_mutex_group
begin_mutex_group
1
139 0
end_mutex_group
begin_mutex_group
1
140 0
end_mutex_group
begin_mutex_group
1
141 0
end_mutex_group
begin_mutex_group
1
142 0
end_mutex_group
begin_mutex_group
1
143 0
end_mutex_group
begin_mutex_group
1
144 0
end_mutex_group
begin_mutex_group
1
145 0
end_mutex_group
begin_mutex_group
1
146 0
end_mutex_group
begin_mutex_group
1
147 0
end_mutex_group
begin_mutex_group
1
148 0
end_mutex_group
begin_mutex_group
1
149 0
end_mutex_group
begin_mutex_group
1
150 0
end_mutex_group
begin_mutex_group
1
151 0
end_mutex_group
begin_mutex_group
1
152 0
end_mutex_group
begin_mutex_group
1
153 0
end_mutex_group
begin_mutex_group
1
154 0
end_mutex_group
begin_mutex_group
1
155 0
end_mutex_group
begin_mutex_group
1
156 0
end_mutex_group
begin_mutex_group
1
157 0
end_mutex_group
begin_mutex_group
1
158 0
end_mutex_group
begin_mutex_group
1
159 0
end_mutex_group
begin_mutex_group
1
160 0
end_mutex_group
begin_mutex_group
1
161 0
end_mutex_group
begin_mutex_group
1
162 0
end_mutex_group
begin_mutex_group
1
163 0
end_mutex_group
begin_mutex_group
1
164 0
end_mutex_group
begin_mutex_group
1
165 0
end_mutex_group
begin_mutex_group
1
166 0
end_mutex_group
begin_mutex_group
1
167 0
end_mutex_group
begin_mutex_group
1
168 0
end_mutex_group
begin_mutex_group
1
169 0
end_mutex_group
begin_mutex_group
1
170 0
end_mutex_group
begin_mutex_group
1
171 0
end_mutex_group
begin_mutex_group
1
172 0
end_mutex_group
begin_mutex_group
1
173 0
end_mutex_group
begin_mutex_group
1
174 0
end_mutex_group
begin_mutex_group
1
175 0
end_mutex_group
begin_mutex_group
1
176 0
end_mutex_group
begin_mutex_group
1
177 0
end_mutex_group
begin_mutex_group
1
178 0
end_mutex_group
begin_mutex_group
1
179 0
end_mutex_group
begin_mutex_group
1
180 0
end_mutex_group
begin_mutex_group
1
181 0
end_mutex_group
begin_mutex_group
1
182 0
end_mutex_group
begin_mutex_group
1
183 0
end_mutex_group
begin_mutex_group
1
184 0
end_mutex_group
begin_mutex_group
1
185 0
end_mutex_group
begin_mutex_group
1
186 0
end_mutex_group
begin_mutex_group
1
187 0
end_mutex_group
begin_mutex_group
1
188 0
end_mutex_group
begin_mutex_group
1
189 0
end_mutex_group
begin_mutex_group
1
190 0
end_mutex_group
begin_mutex_group
1
191 0
end_mutex_group
begin_mutex_group
1
192 0
end_mutex_group
begin_mutex_group
1
193 0
end_mutex_group
begin_mutex_group
1
194 0
end_mutex_group
begin_mutex_group
1
195 0
end_mutex_group
begin_mutex_group
1
196 0
end_mutex_group
begin_mutex_group
1
197 0
end_mutex_group
begin_mutex_group
1
198 0
end_mutex_group
begin_mutex_group
1
199 0
end_mutex_group
begin_mutex_group
1
200 0
end_mutex_group
begin_mutex_group
1
201 0
end_mutex_group
begin_mutex_group
1
202 0
end_mutex_group
begin_mutex_group
1
203 0
end_mutex_group
begin_mutex_group
1
204 0
end_mutex_group
begin_mutex_group
1
205 0
end_mutex_group
begin_mutex_group
1
206 0
end_mutex_group
begin_mutex_group
1
207 0
end_mutex_group
begin_mutex_group
1
208 0
end_mutex_group
begin_mutex_group
1
209 0
end_mutex_group
begin_mutex_group
1
210 0
end_mutex_group
begin_mutex_group
1
211 0
end_mutex_group
begin_mutex_group
1
212 0
end_mutex_group
begin_mutex_group
1
213 0
end_mutex_group
begin_mutex_group
1
214 0
end_mutex_group
begin_mutex_group
1
215 0
end_mutex_group
begin_mutex_group
1
216 0
end_mutex_group
begin_mutex_group
1
217 0
end_mutex_group
begin_mutex_group
1
218 0
end_mutex_group
begin_mutex_group
1
219 0
end_mutex_group
begin_mutex_group
1
220 0
end_mutex_group
begin_mutex_group
1
221 0
end_mutex_group
begin_mutex_group
1
222 0
end_mutex_group
begin_mutex_group
1
223 0
end_mutex_group
begin_mutex_group
1
224 0
end_mutex_group
begin_mutex_group
1
225 0
end_mutex_group
begin_mutex_group
1
226 0
end_mutex_group
begin_mutex_group
1
227 0
end_mutex_group
begin_mutex_group
1
228 0
end_mutex_group
begin_mutex_group
1
229 0
end_mutex_group
begin_mutex_group
1
230 0
end_mutex_group
begin_mutex_group
1
231 0
end_mutex_group
begin_mutex_group
1
232 0
end_mutex_group
begin_mutex_group
1
233 0
end_mutex_group
begin_mutex_group
1
234 0
end_mutex_group
begin_mutex_group
1
235 0
end_mutex_group
begin_mutex_group
1
236 0
end_mutex_group
begin_mutex_group
1
237 0
end_mutex_group
begin_mutex_group
1
238 0
end_mutex_group
begin_mutex_group
1
239 0
end_mutex_group
begin_mutex_group
1
240 0
end_mutex_group
begin_mutex_group
1
241 0
end_mutex_group
begin_mutex_group
1
242 0
end_mutex_group
begin_mutex_group
1
243 0
end_mutex_group
begin_mutex_group
1
244 0
end_mutex_group
begin_mutex_group
1
245 0
end_mutex_group
begin_mutex_group
1
246 0
end_mutex_group
begin_mutex_group
1
247 0
end_mutex_group
begin_mutex_group
1
248 0
end_mutex_group
begin_mutex_group
1
249 0
end_mutex_group
begin_mutex_group
1
250 0
end_mutex_group
begin_mutex_group
1
251 0
end_mutex_group
begin_mutex_group
1
252 0
end_mutex_group
begin_mutex_group
1
45 0
end_mutex_group
begin_mutex_group
1
46 0
end_mutex_group
begin_mutex_group
1
47 0
end_mutex_group
begin_mutex_group
1
48 0
end_mutex_group
begin_mutex_group
1
49 0
end_mutex_group
begin_mutex_group
1
50 0
end_mutex_group
begin_mutex_group
1
51 0
end_mutex_group
begin_mutex_group
1
52 0
end_mutex_group
begin_mutex_group
1
53 0
end_mutex_group
begin_mutex_group
1
54 0
end_mutex_group
begin_mutex_group
1
55 0
end_mutex_group
begin_mutex_group
1
56 0
end_mutex_group
begin_mutex_group
1
57 0
end_mutex_group
begin_mutex_group
1
58 0
end_mutex_group
begin_mutex_group
1
59 0
end_mutex_group
begin_mutex_group
1
60 0
end_mutex_group
begin_mutex_group
1
61 0
end_mutex_group
begin_mutex_group
1
62 0
end_mutex_group
begin_mutex_group
1
63 0
end_mutex_group
begin_mutex_group
1
64 0
end_mutex_group
begin_mutex_group
1
65 0
end_mutex_group
begin_mutex_group
1
66 0
end_mutex_group
begin_mutex_group
1
67 0
end_mutex_group
begin_mutex_group
1
68 0
end_mutex_group
begin_mutex_group
1
69 0
end_mutex_group
begin_mutex_group
1
70 0
end_mutex_group
begin_mutex_group
1
71 0
end_mutex_group
begin_mutex_group
1
72 0
end_mutex_group
begin_mutex_group
1
73 0
end_mutex_group
begin_mutex_group
1
74 0
end_mutex_group
begin_mutex_group
1
75 0
end_mutex_group
begin_mutex_group
1
76 0
end_mutex_group
begin_mutex_group
1
77 0
end_mutex_group
begin_mutex_group
1
78 0
end_mutex_group
begin_mutex_group
1
79 0
end_mutex_group
begin_mutex_group
1
80 0
end_mutex_group
begin_mutex_group
1
81 0
end_mutex_group
begin_mutex_group
1
82 0
end_mutex_group
begin_mutex_group
1
83 0
end_mutex_group
begin_mutex_group
1
84 0
end_mutex_group
begin_mutex_group
1
85 0
end_mutex_group
begin_mutex_group
1
86 0
end_mutex_group
begin_mutex_group
1
87 0
end_mutex_group
begin_mutex_group
1
88 0
end_mutex_group
begin_mutex_group
1
89 0
end_mutex_group
begin_mutex_group
1
90 0
end_mutex_group
begin_mutex_group
1
91 0
end_mutex_group
begin_mutex_group
1
92 0
end_mutex_group
begin_mutex_group
1
93 0
end_mutex_group
begin_mutex_group
1
94 0
end_mutex_group
begin_mutex_group
1
95 0
end_mutex_group
begin_mutex_group
1
96 0
end_mutex_group
begin_mutex_group
1
97 0
end_mutex_group
begin_mutex_group
1
98 0
end_mutex_group
begin_mutex_group
1
99 0
end_mutex_group
begin_mutex_group
1
100 0
end_mutex_group
begin_mutex_group
1
102 0
end_mutex_group
begin_mutex_group
1
103 0
end_mutex_group
begin_mutex_group
1
104 0
end_mutex_group
begin_mutex_group
1
105 0
end_mutex_group
begin_mutex_group
1
106 0
end_mutex_group
begin_mutex_group
1
107 0
end_mutex_group
begin_mutex_group
1
108 0
end_mutex_group
begin_mutex_group
1
109 0
end_mutex_group
begin_mutex_group
1
110 0
end_mutex_group
begin_mutex_group
2
45 0
45 1
end_mutex_group
begin_mutex_group
2
46 0
46 1
end_mutex_group
begin_mutex_group
2
47 0
47 1
end_mutex_group
begin_mutex_group
2
48 0
48 1
end_mutex_group
begin_mutex_group
2
49 0
49 1
end_mutex_group
begin_mutex_group
2
50 0
50 1
end_mutex_group
begin_mutex_group
2
51 0
51 1
end_mutex_group
begin_mutex_group
2
52 0
52 1
end_mutex_group
begin_mutex_group
2
53 0
53 1
end_mutex_group
begin_mutex_group
2
54 0
54 1
end_mutex_group
begin_mutex_group
2
55 0
55 1
end_mutex_group
begin_mutex_group
2
56 0
56 1
end_mutex_group
begin_mutex_group
2
57 0
57 1
end_mutex_group
begin_mutex_group
2
58 0
58 1
end_mutex_group
begin_mutex_group
2
59 0
59 1
end_mutex_group
begin_mutex_group
2
60 0
60 1
end_mutex_group
begin_mutex_group
2
61 0
61 1
end_mutex_group
begin_mutex_group
2
62 0
62 1
end_mutex_group
begin_mutex_group
2
63 0
63 1
end_mutex_group
begin_mutex_group
2
64 0
64 1
end_mutex_group
begin_mutex_group
2
65 0
65 1
end_mutex_group
begin_mutex_group
2
66 0
66 1
end_mutex_group
begin_mutex_group
2
67 0
67 1
end_mutex_group
begin_mutex_group
2
68 0
68 1
end_mutex_group
begin_mutex_group
2
69 0
69 1
end_mutex_group
begin_mutex_group
2
70 0
70 1
end_mutex_group
begin_mutex_group
2
71 0
71 1
end_mutex_group
begin_mutex_group
2
72 0
72 1
end_mutex_group
begin_mutex_group
2
73 0
73 1
end_mutex_group
begin_mutex_group
2
74 0
74 1
end_mutex_group
begin_mutex_group
2
75 0
75 1
end_mutex_group
begin_mutex_group
2
76 0
76 1
end_mutex_group
begin_mutex_group
2
77 0
77 1
end_mutex_group
begin_mutex_group
2
78 0
78 1
end_mutex_group
begin_mutex_group
2
79 0
79 1
end_mutex_group
begin_mutex_group
2
80 0
80 1
end_mutex_group
begin_mutex_group
2
81 0
81 1
end_mutex_group
begin_mutex_group
2
82 0
82 1
end_mutex_group
begin_mutex_group
2
83 0
83 1
end_mutex_group
begin_mutex_group
2
84 0
84 1
end_mutex_group
begin_mutex_group
2
85 0
85 1
end_mutex_group
begin_mutex_group
2
86 0
86 1
end_mutex_group
begin_mutex_group
2
87 0
87 1
end_mutex_group
begin_mutex_group
2
88 0
88 1
end_mutex_group
begin_mutex_group
2
89 0
89 1
end_mutex_group
begin_mutex_group
2
90 0
90 1
end_mutex_group
begin_mutex_group
2
91 0
91 1
end_mutex_group
begin_mutex_group
2
92 0
92 1
end_mutex_group
begin_mutex_group
2
93 0
93 1
end_mutex_group
begin_mutex_group
2
94 0
94 1
end_mutex_group
begin_mutex_group
2
95 0
95 1
end_mutex_group
begin_mutex_group
2
96 0
96 1
end_mutex_group
begin_mutex_group
2
97 0
97 1
end_mutex_group
begin_mutex_group
2
98 0
98 1
end_mutex_group
begin_mutex_group
2
99 0
99 1
end_mutex_group
begin_mutex_group
2
100 0
100 1
end_mutex_group
begin_mutex_group
2
101 0
101 1
end_mutex_group
begin_mutex_group
2
102 0
102 1
end_mutex_group
begin_mutex_group
2
103 0
103 1
end_mutex_group
begin_mutex_group
2
104 0
104 1
end_mutex_group
begin_mutex_group
2
105 0
105 1
end_mutex_group
begin_mutex_group
2
106 0
106 1
end_mutex_group
begin_mutex_group
2
107 0
107 1
end_mutex_group
begin_mutex_group
2
108 0
108 1
end_mutex_group
begin_mutex_group
2
109 0
109 1
end_mutex_group
begin_mutex_group
2
110 0
110 1
end_mutex_group
begin_mutex_group
2
111 0
111 1
end_mutex_group
begin_mutex_group
3
36 0
36 1
36 2
end_mutex_group
begin_mutex_group
3
37 0
37 1
37 2
end_mutex_group
begin_mutex_group
3
38 0
38 1
38 2
end_mutex_group
begin_mutex_group
3
39 0
39 1
39 2
end_mutex_group
begin_mutex_group
3
40 0
40 1
40 2
end_mutex_group
begin_mutex_group
3
41 0
41 1
41 2
end_mutex_group
begin_mutex_group
3
42 0
42 1
42 2
end_mutex_group
begin_mutex_group
3
43 0
43 1
43 2
end_mutex_group
begin_mutex_group
3
44 0
44 1
44 2
end_mutex_group
begin_mutex_group
4
0 0
0 1
0 2
0 3
end_mutex_group
begin_mutex_group
4
1 0
1 1
1 2
1 3
end_mutex_group
begin_mutex_group
4
2 0
2 1
2 2
2 3
end_mutex_group
begin_mutex_group
4
3 0
3 1
3 2
3 3
end_mutex_group
begin_mutex_group
4
4 0
4 1
4 2
4 3
end_mutex_group
begin_mutex_group
4
5 0
5 1
5 2
5 3
end_mutex_group
begin_mutex_group
4
6 0
6 1
6 2
6 3
end_mutex_group
begin_mutex_group
4
7 0
7 1
7 2
7 3
end_mutex_group
begin_mutex_group
4
8 0
8 1
8 2
8 3
end_mutex_group
begin_mutex_group
4
9 0
9 1
9 2
9 3
end_mutex_group
begin_mutex_group
4
10 0
10 1
10 2
10 3
end_mutex_group
begin_mutex_group
4
11 0
11 1
11 2
11 3
end_mutex_group
begin_mutex_group
4
12 0
12 1
12 2
12 3
end_mutex_group
begin_mutex_group
4
13 0
13 1
13 2
13 3
end_mutex_group
begin_mutex_group
4
14 0
14 1
14 2
14 3
end_mutex_group
begin_mutex_group
4
15 0
15 1
15 2
15 3
end_mutex_group
begin_mutex_group
4
16 0
16 1
16 2
16 3
end_mutex_group
begin_mutex_group
4
17 0
17 1
17 2
17 3
end_mutex_group
begin_mutex_group
4
18 0
18 1
18 2
18 3
end_mutex_group
begin_mutex_group
4
19 0
19 1
19 2
19 3
end_mutex_group
begin_mutex_group
4
20 0
20 1
20 2
20 3
end_mutex_group
begin_mutex_group
4
21 0
21 1
21 2
21 3
end_mutex_group
begin_mutex_group
4
22 0
22 1
22 2
22 3
end_mutex_group
begin_mutex_group
4
23 0
23 1
23 2
23 3
end_mutex_group
begin_mutex_group
4
24 0
24 1
24 2
24 3
end_mutex_group
begin_mutex_group
4
25 0
25 1
25 2
25 3
end_mutex_group
begin_mutex_group
4
26 0
26 1
26 2
26 3
end_mutex_group
begin_mutex_group
4
27 0
27 1
27 2
27 3
end_mutex_group
begin_mutex_group
4
28 0
28 1
28 2
28 3
end_mutex_group
begin_mutex_group
4
29 0
29 1
29 2
29 3
end_mutex_group
begin_mutex_group
4
30 0
30 1
30 2
30 3
end_mutex_group
begin_mutex_group
4
31 0
31 1
31 2
31 3
end_mutex_group
begin_mutex_group
4
32 0
32 1
32 2
32 3
end_mutex_group
begin_mutex_group
4
33 0
33 1
33 2
33 3
end_mutex_group
begin_mutex_group
4
34 0
34 1
34 2
34 3
end_mutex_group
begin_mutex_group
4
35 0
35 1
35 2
35 3
end_mutex_group
begin_state
3
3
3
3
3
3
3
3
3
3
3
3
3
3
3
3
3
3
3
3
3
3
3
3
3
3
3
3
3
3
3
3
3
3
3
3
2
2
2
2
2
2
2
2
2
0
0
0
0
0
0
0
0
0
0
0
0
0
0
0
0
0
0
0
0
0
0
0
0
0
0
0
0
0
0
0
0
0
0
0
0
0
0
0
0
0
0
0
0
0
0
0
0
0
0
0
0
0
0
0
0
1
0
0
0
0
0
0
0
0
0
1
0
0
0
0
0
0
0
0
0
0
0
0
0
0
0
0
0
0
0
0
0
0
0
0
0
0
0
0
0
0
0
0
0
0
0
0
0
0
0
0
0
0
0
0
0
0
0
0
0
0
0
0
0
0
0
0
0
0
0
0
0
0
0
0
0
0
0
0
0
0
0
0
0
0
0
0
0
0
0
0
0
0
0
0
0
0
0
0
0
0
0
0
0
0
0
0
0
0
0
0
0
0
0
0
0
0
0
0
0
0
0
0
0
0
0
0
0
0
0
0
0
0
0
0
0
0
0
0
0
0
0
0
0
0
0
0
0
0
0
0
0
0
0
0
0
0
0
0
0
0
0
0
0
0
0
0
0
0
0
0
0
0
0
0
0
0
0
0
0
0
0
0
0
0
0
0
0
0
0
0
0
0
0
0
0
0
0
0
0
0
0
0
0
0
0
0
0
0
0
0
0
0
0
0
0
0
end_state
begin_goal
318
0 5
1 5
2 5
3 5
4 0
5 0
6 5
7 5
8 5
9 0
10 5
11 5
12 5
13 0
14 5
15 0
16 5
17 5
18 5
19 5
20 5
21 5
22 5
23 5
24 5
25 0
26 5
27 5
28 5
29 5
30 0
31 5
32 5
33 5
34 5
35 5
36 0
37 0
38 0
39 0
40 0
41 0
42 0
43 0
44 0
45 3
46 3
47 3
48 3
49 3
50 3
51 3
52 3
53 3
54 3
55 3
56 3
57 3
58 3
59 3
60 3
61 3
62 3
63 3
64 3
65 3
66 3
67 3
68 3
69 3
70 3
71 3
72 3
73 3
74 3
75 3
76 3
77 3
78 3
79 3
80 3
81 3
82 3
83 3
84 3
85 3
86 3
87 3
88 3
89 3
90 3
91 3
92 3
93 3
94 3
95 3
96 3
97 3
98 3
99 3
100 3
101 0
102 3
103 3
104 3
105 3
106 3
107 3
108 3
109 3
110 3
111 0
112 2
113 2
114 2
115 2
116 2
117 2
118 2
119 2
120 2
121 2
122 2
123 2
124 2
125 2
126 2
127 2
128 2
129 2
130 2
131 2
132 2
133 2
134 2
135 2
136 2
137 2
138 2
139 2
140 2
141 2
142 2
143 2
144 2
145 2
146 2
147 2
148 2
149 2
150 2
151 2
152 2
153 2
154 2
155 2
156 2
157 2
158 2
159 2
160 2
161 2
162 2
163 2
164 2
165 2
166 2
167 2
168 2
169 2
170 2
171 2
172 2
173 2
174 2
175 2
176 2
177 2
178 2
179 2
180 2
181 2
182 2
183 2
184 2
185 2
186 2
187 2
188 2
189 2
190 2
191 2
192 2
193 2
194 2
195 2
196 2
197 2
198 2
199 2
200 2
201 2
202 2
203 2
204 2
205 2
206 2
207 2
208 2
209 2
210 2
211 2
212 2
213 2
214 2
215 2
216 2
217 2
218 2
219 2
220 2
221 2
222 2
223 2
224 2
225 2
226 2
227 2
228 2
229 2
230 2
231 2
232 2
233 2
234 2
235 2
236 2
237 2
238 2
239 2
240 2
241 2
242 2
243 2
244 2
245 2
246 2
247 2
248 2
249 2
250 2
251 2
252 2
253 0
254 0
255 0
256 0
257 0
258 0
259 0
260 0
261 0
262 0
263 0
264 0
265 0
266 0
267 0
268 0
269 0
270 0
271 0
272 0
273 0
274 0
275 0
276 0
277 0
278 0
279 0
280 0
281 0
282 0
283 0
284 0
285 0
286 0
287 0
288 0
289 0
290 0
291 0
292 0
293 0
294 0
295 0
296 0
297 0
298 0
299 0
300 0
301 0
302 0
303 0
304 0
305 0
306 0
307 0
308 0
309 0
310 0
311 0
312 0
313 0
314 0
315 0
316 0
317 0
end_goal
3628
begin_operator
link-0-0 n-0-0 n-0-1 cell-outside-0-up cap-1 cap-0 cell-0-0 cap-4 cap-3
0
8
0 21 3 2
0 45 0 1
0 46 0 1
0 112 0 1
0 113 0 1
0 212 0 1
0 253 2 1
0 254 2 1
1
end_operator
begin_operator
link-0-0 n-0-0 n-1-0 cell-outside-0-left cap-1 cap-0 cell-0-0 cap-4 cap-3
0
8
0 21 3 2
0 45 0 1
0 50 0 1
0 112 0 1
0 114 0 1
0 208 0 1
0 253 2 1
0 258 2 1
1
end_operator
begin_operator
link-0-0 n-0-1 n-0-2 cell-outside-1-up cap-1 cap-0 cell-0-1 cap-2 cap-1
0
8
0 39 2 1
0 46 0 1
0 47 0 1
0 112 0 1
0 115 0 1
0 220 0 1
0 254 2 1
0 255 2 1
1
end_operator
begin_operator
link-0-0 n-0-1 n-1-1 cell-0-0 cap-4 cap-3 cell-0-1 cap-2 cap-1
0
8
0 21 3 2
0 39 2 1
0 46 0 1
0 51 0 1
0 112 0 1
0 116 0 1
0 254 2 1
0 259 2 1
1
end_operator
begin_operator
link-0-0 n-0-2 n-0-3 cell-outside-2-up cap-1 cap-0 cell-0-2 cap-1 cap-0
0
8
0 47 0 1
0 48 0 1
0 101 1 0
0 112 0 1
0 117 0 1
0 236 0 1
0 255 2 1
0 256 2 1
1
end_operator
begin_operator
link-0-0 n-0-2 n-1-2 cell-0-1 cap-2 cap-1 cell-0-2 cap-1 cap-0
0
8
0 39 2 1
0 47 0 1
0 52 0 1
0 101 1 0
0 112 0 1
0 118 0 1
0 255 2 1
0 260 2 1
1
end_operator
begin_operator
link-0-0 n-0-3 n-0-4 cell-outside-3-up cap-1 cap-0 cell-0-3 cap-4 cap-3
0
8
0 22 3 2
0 48 0 1
0 49 0 1
0 112 0 1
0 119 0 1
0 240 0 1
0 256 2 1
0 257 2 1
1
end_operator
begin_operator
link-0-0 n-0-3 n-1-3 cell-0-2 cap-1 cap-0 cell-0-3 cap-4 cap-3
0
8
0 22 3 2
0 48 0 1
0 53 0 1
0 101 1 0
0 112 0 1
0 120 0 1
0 256 2 1
0 261 2 1
1
end_operator
begin_operator
link-0-0 n-0-4 n-1-4 cell-0-3 cap-4 cap-3 cell-outside-0-right cap-1 cap-0
0
8
0 22 3 2
0 49 0 1
0 54 0 1
0 112 0 1
0 121 0 1
0 210 0 1
0 257 2 1
0 262 2 1
1
end_operator
begin_operator
link-0-0 n-1-0 n-1-1 cell-0-0 cap-4 cap-3 cell-1-0 cap-2 cap-1
0
8
0 21 3 2
0 40 2 1
0 50 0 1
0 51 0 1
0 112 0 1
0 122 0 1
0 258 2 1
0 259 2 1
1
end_operator
begin_operator
link-0-0 n-1-0 n-2-0 cell-outside-1-left cap-1 cap-0 cell-1-0 cap-2 cap-1
0
8
0 40 2 1
0 50 0 1
0 70 0 1
0 112 0 1
0 123 0 1
0 216 0 1
0 258 2 1
0 278 2 1
1
end_operator
begin_operator
link-0-0 n-1-1 n-1-2 cell-0-1 cap-2 cap-1 cell-1-1 cap-4 cap-3
0
8
0 23 3 2
0 39 2 1
0 51 0 1
0 52 0 1
0 112 0 1
0 124 0 1
0 259 2 1
0 260 2 1
1
end_operator
begin_operator
link-0-0 n-1-1 n-2-1 cell-1-0 cap-2 cap-1 cell-1-1 cap-4 cap-3
0
8
0 23 3 2
0 40 2 1
0 51 0 1
0 71 0 1
0 112 0 1
0 125 0 1
0 259 2 1
0 279 2 1
1
end_operator
begin_operator
link-0-0 n-1-2 n-1-3 cell-0-2 cap-1 cap-0 cell-1-2 cap-4 cap-3
0
8
0 24 3 2
0 52 0 1
0 53 0 1
0 101 1 0
0 112 0 1
0 126 0 1
0 260 2 1
0 261 2 1
1
end_operator
begin_operator
link-0-0 n-1-2 n-2-2 cell-1-1 cap-4 cap-3 cell-1-2 cap-4 cap-3
0
8
0 23 3 2
0 24 3 2
0 52 0 1
0 72 0 1
0 112 0 1
0 127 0 1
0 260 2 1
0 280 2 1
1
end_operator
begin_operator
link-0-0 n-1-3 n-1-4 cell-0-3 cap-4 cap-3 cell-1-3 cap-2 cap-1
0
8
0 22 3 2
0 41 2 1
0 53 0 1
0 54 0 1
0 112 0 1
0 128 0 1
0 261 2 1
0 262 2 1
1
end_operator
begin_operator
link-0-0 n-1-3 n-2-3 cell-1-2 cap-4 cap-3 cell-1-3 cap-2 cap-1
0
8
0 24 3 2
0 41 2 1
0 53 0 1
0 73 0 1
0 112 0 1
0 129 0 1
0 261 2 1
0 281 2 1
1
end_operator
begin_operator
link-0-0 n-1-4 n-2-4 cell-1-3 cap-2 cap-1 cell-outside-1-right cap-1 cap-0
0
8
0 41 2 1
0 54 0 1
0 74 0 1
0 112 0 1
0 130 0 1
0 218 0 1
0 262 2 1
0 282 2 1
1
end_operator
begin_operator
link-0-0 n-10-0 n-10-1 cell-9-0 cap-4 cap-3 cell-10-0 cap-1 cap-0
0
8
0 17 3 2
0 55 0 1
0 56 0 1
0 111 1 0
0 112 0 1
0 131 0 1
0 263 2 1
0 264 2 1
1
end_operator
begin_operator
link-0-0 n-10-0 n-11-0 cell-outside-10-left cap-1 cap-0 cell-10-0 cap-1 cap-0
0
8
0 55 0 1
0 60 0 1
0 111 1 0
0 112 0 1
0 132 0 1
0 222 0 1
0 263 2 1
0 268 2 1
1
end_operator
begin_operator
link-0-0 n-10-1 n-10-2 cell-9-1 cap-4 cap-3 cell-10-1 cap-3 cap-2
0
8
0 18 3 2
0 25 3 2
0 56 0 1
0 57 0 1
0 112 0 1
0 133 0 1
0 264 2 1
0 265 2 1
1
end_operator
begin_operator
link-0-0 n-10-1 n-11-1 cell-10-0 cap-1 cap-0 cell-10-1 cap-3 cap-2
0
8
0 25 3 2
0 56 0 1
0 61 0 1
0 111 1 0
0 112 0 1
0 134 0 1
0 264 2 1
0 269 2 1
1
end_operator
begin_operator
link-0-0 n-10-2 n-10-3 cell-9-2 cap-4 cap-3 cell-10-2 cap-4 cap-3
0
8
0 19 3 2
0 26 3 2
0 57 0 1
0 58 0 1
0 112 0 1
0 135 0 1
0 265 2 1
0 266 2 1
1
end_operator
begin_operator
link-0-0 n-10-2 n-11-2 cell-10-1 cap-3 cap-2 cell-10-2 cap-4 cap-3
0
8
0 25 3 2
0 26 3 2
0 57 0 1
0 62 0 1
0 112 0 1
0 136 0 1
0 265 2 1
0 270 2 1
1
end_operator
begin_operator
link-0-0 n-10-3 n-10-4 cell-9-3 cap-4 cap-3 cell-10-3 cap-4 cap-3
0
8
0 20 3 2
0 27 3 2
0 58 0 1
0 59 0 1
0 112 0 1
0 137 0 1
0 266 2 1
0 267 2 1
1
end_operator
begin_operator
link-0-0 n-10-3 n-11-3 cell-10-2 cap-4 cap-3 cell-10-3 cap-4 cap-3
0
8
0 26 3 2
0 27 3 2
0 58 0 1
0 63 0 1
0 112 0 1
0 138 0 1
0 266 2 1
0 271 2 1
1
end_operator
begin_operator
link-0-0 n-10-4 n-11-4 cell-10-3 cap-4 cap-3 cell-outside-10-right cap-1 cap-0
0
8
0 27 3 2
0 59 0 1
0 64 0 1
0 112 0 1
0 139 0 1
0 224 0 1
0 267 2 1
0 272 2 1
1
end_operator
begin_operator
link-0-0 n-11-0 n-11-1 cell-10-0 cap-1 cap-0 cell-11-0 cap-4 cap-3
0
8
0 28 3 2
0 60 0 1
0 61 0 1
0 111 1 0
0 112 0 1
0 140 0 1
0 268 2 1
0 269 2 1
1
end_operator
begin_operator
link-0-0 n-11-0 n-12-0 cell-outside-11-left cap-1 cap-0 cell-11-0 cap-4 cap-3
0
8
0 28 3 2
0 60 0 1
0 65 0 1
0 112 0 1
0 141 0 1
0 226 0 1
0 268 2 1
0 273 2 1
1
end_operator
begin_operator
link-0-0 n-11-1 n-11-2 cell-10-1 cap-3 cap-2 cell-11-1 cap-2 cap-1
0
8
0 25 3 2
0 42 2 1
0 61 0 1
0 62 0 1
0 112 0 1
0 142 0 1
0 269 2 1
0 270 2 1
1
end_operator
begin_operator
link-0-0 n-11-1 n-12-1 cell-11-0 cap-4 cap-3 cell-11-1 cap-2 cap-1
0
8
0 28 3 2
0 42 2 1
0 61 0 1
0 66 0 1
0 112 0 1
0 143 0 1
0 269 2 1
0 274 2 1
1
end_operator
begin_operator
link-0-0 n-11-2 n-11-3 cell-10-2 cap-4 cap-3 cell-11-2 cap-4 cap-3
0
8
0 26 3 2
0 29 3 2
0 62 0 1
0 63 0 1
0 112 0 1
0 144 0 1
0 270 2 1
0 271 2 1
1
end_operator
begin_operator
link-0-0 n-11-2 n-12-2 cell-11-1 cap-2 cap-1 cell-11-2 cap-4 cap-3
0
8
0 29 3 2
0 42 2 1
0 62 0 1
0 67 0 1
0 112 0 1
0 145 0 1
0 270 2 1
0 275 2 1
1
end_operator
begin_operator
link-0-0 n-11-3 n-11-4 cell-10-3 cap-4 cap-3 cell-11-3 cap-3 cap-2
0
8
0 27 3 2
0 30 3 2
0 63 0 1
0 64 0 1
0 112 0 1
0 146 0 1
0 271 2 1
0 272 2 1
1
end_operator
begin_operator
link-0-0 n-11-3 n-12-3 cell-11-2 cap-4 cap-3 cell-11-3 cap-3 cap-2
0
8
0 29 3 2
0 30 3 2
0 63 0 1
0 68 0 1
0 112 0 1
0 147 0 1
0 271 2 1
0 276 2 1
1
end_operator
begin_operator
link-0-0 n-11-4 n-12-4 cell-11-3 cap-3 cap-2 cell-outside-11-right cap-1 cap-0
0
8
0 30 3 2
0 64 0 1
0 69 0 1
0 112 0 1
0 148 0 1
0 228 0 1
0 272 2 1
0 277 2 1
1
end_operator
begin_operator
link-0-0 n-12-0 n-12-1 cell-11-0 cap-4 cap-3 cell-outside-0-down cap-1 cap-0
0
8
0 28 3 2
0 65 0 1
0 66 0 1
0 112 0 1
0 149 0 1
0 206 0 1
0 273 2 1
0 274 2 1
1
end_operator
begin_operator
link-0-0 n-12-1 n-12-2 cell-11-1 cap-2 cap-1 cell-outside-1-down cap-1 cap-0
0
8
0 42 2 1
0 66 0 1
0 67 0 1
0 112 0 1
0 150 0 1
0 214 0 1
0 274 2 1
0 275 2 1
1
end_operator
begin_operator
link-0-0 n-12-2 n-12-3 cell-11-2 cap-4 cap-3 cell-outside-2-down cap-1 cap-0
0
8
0 29 3 2
0 67 0 1
0 68 0 1
0 112 0 1
0 151 0 1
0 230 0 1
0 275 2 1
0 276 2 1
1
end_operator
begin_operator
link-0-0 n-12-3 n-12-4 cell-11-3 cap-3 cap-2 cell-outside-3-down cap-1 cap-0
0
8
0 30 3 2
0 68 0 1
0 69 0 1
0 112 0 1
0 152 0 1
0 237 0 1
0 276 2 1
0 277 2 1
1
end_operator
begin_operator
link-0-0 n-2-0 n-2-1 cell-1-0 cap-2 cap-1 cell-2-0 cap-4 cap-3
0
8
0 31 3 2
0 40 2 1
0 70 0 1
0 71 0 1
0 112 0 1
0 153 0 1
0 278 2 1
0 279 2 1
1
end_operator
begin_operator
link-0-0 n-2-0 n-3-0 cell-outside-2-left cap-1 cap-0 cell-2-0 cap-4 cap-3
0
8
0 31 3 2
0 70 0 1
0 75 0 1
0 112 0 1
0 154 0 1
0 232 0 1
0 278 2 1
0 283 2 1
1
end_operator
begin_operator
link-0-0 n-2-1 n-2-2 cell-1-1 cap-4 cap-3 cell-2-1 cap-2 cap-1
0
8
0 23 3 2
0 43 2 1
0 71 0 1
0 72 0 1
0 112 0 1
0 155 0 1
0 279 2 1
0 280 2 1
1
end_operator
begin_operator
link-0-0 n-2-1 n-3-1 cell-2-0 cap-4 cap-3 cell-2-1 cap-2 cap-1
0
8
0 31 3 2
0 43 2 1
0 71 0 1
0 76 0 1
0 112 0 1
0 156 0 1
0 279 2 1
0 284 2 1
1
end_operator
begin_operator
link-0-0 n-2-2 n-2-3 cell-1-2 cap-4 cap-3 cell-2-2 cap-4 cap-3
0
8
0 24 3 2
0 32 3 2
0 72 0 1
0 73 0 1
0 112 0 1
0 157 0 1
0 280 2 1
0 281 2 1
1
end_operator
begin_operator
link-0-0 n-2-2 n-3-2 cell-2-1 cap-2 cap-1 cell-2-2 cap-4 cap-3
0
8
0 32 3 2
0 43 2 1
0 72 0 1
0 77 0 1
0 112 0 1
0 158 0 1
0 280 2 1
0 285 2 1
1
end_operator
begin_operator
link-0-0 n-2-3 n-2-4 cell-1-3 cap-2 cap-1 cell-2-3 cap-4 cap-3
0
8
0 33 3 2
0 41 2 1
0 73 0 1
0 74 0 1
0 112 0 1
0 159 0 1
0 281 2 1
0 282 2 1
1
end_operator
begin_operator
link-0-0 n-2-3 n-3-3 cell-2-2 cap-4 cap-3 cell-2-3 cap-4 cap-3
0
8
0 32 3 2
0 33 3 2
0 73 0 1
0 78 0 1
0 112 0 1
0 160 0 1
0 281 2 1
0 286 2 1
1
end_operator
begin_operator
link-0-0 n-2-4 n-3-4 cell-2-3 cap-4 cap-3 cell-outside-2-right cap-1 cap-0
0
8
0 33 3 2
0 74 0 1
0 79 0 1
0 112 0 1
0 161 0 1
0 234 0 1
0 282 2 1
0 287 2 1
1
end_operator
begin_operator
link-0-0 n-3-0 n-3-1 cell-2-0 cap-4 cap-3 cell-3-0 cap-4 cap-3
0
8
0 31 3 2
0 34 3 2
0 75 0 1
0 76 0 1
0 112 0 1
0 162 0 1
0 283 2 1
0 284 2 1
1
end_operator
begin_operator
link-0-0 n-3-0 n-4-0 cell-outside-3-left cap-1 cap-0 cell-3-0 cap-4 cap-3
0
8
0 34 3 2
0 75 0 1
0 80 0 1
0 112 0 1
0 163 0 1
0 238 0 1
0 283 2 1
0 288 2 1
1
end_operator
begin_operator
link-0-0 n-3-2 n-3-3 cell-2-2 cap-4 cap-3 cell-3-2 cap-4 cap-3
0
8
0 32 3 2
0 35 3 2
0 77 0 1
0 78 0 1
0 112 0 1
0 164 0 1
0 285 2 1
0 286 2 1
1
end_operator
begin_operator
link-0-0 n-3-3 n-3-4 cell-2-3 cap-4 cap-3 cell-3-3 cap-2 cap-1
0
8
0 33 3 2
0 44 2 1
0 78 0 1
0 79 0 1
0 112 0 1
0 165 0 1
0 286 2 1
0 287 2 1
1
end_operator
begin_operator
link-0-0 n-3-3 n-4-3 cell-3-2 cap-4 cap-3 cell-3-3 cap-2 cap-1
0
8
0 35 3 2
0 44 2 1
0 78 0 1
0 83 0 1
0 112 0 1
0 166 0 1
0 286 2 1
0 291 2 1
1
end_operator
begin_operator
link-0-0 n-3-4 n-4-4 cell-3-3 cap-2 cap-1 cell-outside-3-right cap-1 cap-0
0
8
0 44 2 1
0 79 0 1
0 84 0 1
0 112 0 1
0 167 0 1
0 239 0 1
0 287 2 1
0 292 2 1
1
end_operator
begin_operator
link-0-0 n-4-0 n-4-1 cell-3-0 cap-4 cap-3 cell-4-0 cap-2 cap-1
0
8
0 34 3 2
0 36 2 1
0 80 0 1
0 81 0 1
0 112 0 1
0 168 0 1
0 288 2 1
0 289 2 1
1
end_operator
begin_operator
link-0-0 n-4-0 n-5-0 cell-outside-4-left cap-1 cap-0 cell-4-0 cap-2 cap-1
0
8
0 36 2 1
0 80 0 1
0 85 0 1
0 112 0 1
0 169 0 1
0 241 0 1
0 288 2 1
0 293 2 1
1
end_operator
begin_operator
link-0-0 n-4-1 n-5-1 cell-4-0 cap-2 cap-1 cell-4-1 cap-4 cap-3
0
8
0 0 3 2
0 36 2 1
0 81 0 1
0 86 0 1
0 112 0 1
0 170 0 1
0 289 2 1
0 294 2 1
1
end_operator
begin_operator
link-0-0 n-4-2 n-4-3 cell-3-2 cap-4 cap-3 cell-4-2 cap-4 cap-3
0
8
0 1 3 2
0 35 3 2
0 82 0 1
0 83 0 1
0 112 0 1
0 171 0 1
0 290 2 1
0 291 2 1
1
end_operator
begin_operator
link-0-0 n-4-2 n-5-2 cell-4-1 cap-4 cap-3 cell-4-2 cap-4 cap-3
0
8
0 0 3 2
0 1 3 2
0 82 0 1
0 87 0 1
0 112 0 1
0 172 0 1
0 290 2 1
0 295 2 1
1
end_operator
begin_operator
link-0-0 n-4-3 n-4-4 cell-3-3 cap-2 cap-1 cell-4-3 cap-4 cap-3
0
8
0 2 3 2
0 44 2 1
0 83 0 1
0 84 0 1
0 112 0 1
0 173 0 1
0 291 2 1
0 292 2 1
1
end_operator
begin_operator
link-0-0 n-4-3 n-5-3 cell-4-2 cap-4 cap-3 cell-4-3 cap-4 cap-3
0
8
0 1 3 2
0 2 3 2
0 83 0 1
0 88 0 1
0 112 0 1
0 174 0 1
0 291 2 1
0 296 2 1
1
end_operator
begin_operator
link-0-0 n-4-4 n-5-4 cell-4-3 cap-4 cap-3 cell-outside-4-right cap-1 cap-0
0
8
0 2 3 2
0 84 0 1
0 89 0 1
0 112 0 1
0 175 0 1
0 242 0 1
0 292 2 1
0 297 2 1
1
end_operator
begin_operator
link-0-0 n-5-0 n-5-1 cell-4-0 cap-2 cap-1 cell-5-0 cap-2 cap-1
0
8
0 36 2 1
0 37 2 1
0 85 0 1
0 86 0 1
0 112 0 1
0 176 0 1
0 293 2 1
0 294 2 1
1
end_operator
begin_operator
link-0-0 n-5-0 n-6-0 cell-outside-5-left cap-1 cap-0 cell-5-0 cap-2 cap-1
0
8
0 37 2 1
0 85 0 1
0 90 0 1
0 112 0 1
0 177 0 1
0 243 0 1
0 293 2 1
0 298 2 1
1
end_operator
begin_operator
link-0-0 n-5-1 n-5-2 cell-4-1 cap-4 cap-3 cell-5-1 cap-4 cap-3
0
8
0 0 3 2
0 3 3 2
0 86 0 1
0 87 0 1
0 112 0 1
0 178 0 1
0 294 2 1
0 295 2 1
1
end_operator
begin_operator
link-0-0 n-5-1 n-6-1 cell-5-0 cap-2 cap-1 cell-5-1 cap-4 cap-3
0
8
0 3 3 2
0 37 2 1
0 86 0 1
0 91 0 1
0 112 0 1
0 179 0 1
0 294 2 1
0 299 2 1
1
end_operator
begin_operator
link-0-0 n-5-2 n-5-3 cell-4-2 cap-4 cap-3 cell-5-2 cap-3 cap-2
0
8
0 1 3 2
0 4 3 2
0 87 0 1
0 88 0 1
0 112 0 1
0 180 0 1
0 295 2 1
0 296 2 1
1
end_operator
begin_operator
link-0-0 n-5-2 n-6-2 cell-5-1 cap-4 cap-3 cell-5-2 cap-3 cap-2
0
8
0 3 3 2
0 4 3 2
0 87 0 1
0 92 0 1
0 112 0 1
0 181 0 1
0 295 2 1
0 300 2 1
1
end_operator
begin_operator
link-0-0 n-5-3 n-5-4 cell-4-3 cap-4 cap-3 cell-5-3 cap-3 cap-2
0
8
0 2 3 2
0 5 3 2
0 88 0 1
0 89 0 1
0 112 0 1
0 182 0 1
0 296 2 1
0 297 2 1
1
end_operator
begin_operator
link-0-0 n-5-3 n-6-3 cell-5-2 cap-3 cap-2 cell-5-3 cap-3 cap-2
0
8
0 4 3 2
0 5 3 2
0 88 0 1
0 93 0 1
0 112 0 1
0 183 0 1
0 296 2 1
0 301 2 1
1
end_operator
begin_operator
link-0-0 n-5-4 n-6-4 cell-5-3 cap-3 cap-2 cell-outside-5-right cap-1 cap-0
0
8
0 5 3 2
0 89 0 1
0 94 0 1
0 112 0 1
0 184 0 1
0 244 0 1
0 297 2 1
0 302 2 1
1
end_operator
begin_operator
link-0-0 n-6-0 n-6-1 cell-5-0 cap-2 cap-1 cell-6-0 cap-4 cap-3
0
8
0 6 3 2
0 37 2 1
0 90 0 1
0 91 0 1
0 112 0 1
0 185 0 1
0 298 2 1
0 299 2 1
1
end_operator
begin_operator
link-0-0 n-6-0 n-7-0 cell-outside-6-left cap-1 cap-0 cell-6-0 cap-4 cap-3
0
8
0 6 3 2
0 90 0 1
0 95 0 1
0 112 0 1
0 186 0 1
0 245 0 1
0 298 2 1
0 303 2 1
1
end_operator
begin_operator
link-0-0 n-6-1 n-6-2 cell-5-1 cap-4 cap-3 cell-6-1 cap-4 cap-3
0
8
0 3 3 2
0 7 3 2
0 91 0 1
0 92 0 1
0 112 0 1
0 187 0 1
0 299 2 1
0 300 2 1
1
end_operator
begin_operator
link-0-0 n-6-1 n-7-1 cell-6-0 cap-4 cap-3 cell-6-1 cap-4 cap-3
0
8
0 6 3 2
0 7 3 2
0 91 0 1
0 96 0 1
0 112 0 1
0 188 0 1
0 299 2 1
0 304 2 1
1
end_operator
begin_operator
link-0-0 n-6-2 n-6-3 cell-5-2 cap-3 cap-2 cell-6-2 cap-2 cap-1
0
8
0 4 3 2
0 38 2 1
0 92 0 1
0 93 0 1
0 112 0 1
0 189 0 1
0 300 2 1
0 301 2 1
1
end_operator
begin_operator
link-0-0 n-6-2 n-7-2 cell-6-1 cap-4 cap-3 cell-6-2 cap-2 cap-1
0
8
0 7 3 2
0 38 2 1
0 92 0 1
0 97 0 1
0 112 0 1
0 190 0 1
0 300 2 1
0 305 2 1
1
end_operator
begin_operator
link-0-0 n-6-3 n-6-4 cell-5-3 cap-3 cap-2 cell-6-3 cap-4 cap-3
0
8
0 5 3 2
0 8 3 2
0 93 0 1
0 94 0 1
0 112 0 1
0 191 0 1
0 301 2 1
0 302 2 1
1
end_operator
begin_operator
link-0-0 n-6-3 n-7-3 cell-6-2 cap-2 cap-1 cell-6-3 cap-4 cap-3
0
8
0 8 3 2
0 38 2 1
0 93 0 1
0 98 0 1
0 112 0 1
0 192 0 1
0 301 2 1
0 306 2 1
1
end_operator
begin_operator
link-0-0 n-6-4 n-7-4 cell-6-3 cap-4 cap-3 cell-outside-6-right cap-1 cap-0
0
8
0 8 3 2
0 94 0 1
0 99 0 1
0 112 0 1
0 193 0 1
0 246 0 1
0 302 2 1
0 307 2 1
1
end_operator
begin_operator
link-0-0 n-7-0 n-7-1 cell-6-0 cap-4 cap-3 cell-7-0 cap-3 cap-2
0
8
0 6 3 2
0 9 3 2
0 95 0 1
0 96 0 1
0 112 0 1
0 194 0 1
0 303 2 1
0 304 2 1
1
end_operator
begin_operator
link-0-0 n-7-0 n-8-0 cell-outside-7-left cap-1 cap-0 cell-7-0 cap-3 cap-2
0
8
0 9 3 2
0 95 0 1
0 100 0 1
0 112 0 1
0 195 0 1
0 247 0 1
0 303 2 1
0 308 2 1
1
end_operator
begin_operator
link-0-0 n-7-1 n-7-2 cell-6-1 cap-4 cap-3 cell-7-1 cap-4 cap-3
0
8
0 7 3 2
0 10 3 2
0 96 0 1
0 97 0 1
0 112 0 1
0 196 0 1
0 304 2 1
0 305 2 1
1
end_operator
begin_operator
link-0-0 n-7-1 n-8-1 cell-7-0 cap-3 cap-2 cell-7-1 cap-4 cap-3
0
8
0 9 3 2
0 10 3 2
0 96 0 1
0 102 0 1
0 112 0 1
0 197 0 1
0 304 2 1
0 309 2 1
1
end_operator
begin_operator
link-0-0 n-7-2 n-7-3 cell-6-2 cap-2 cap-1 cell-7-2 cap-4 cap-3
0
8
0 11 3 2
0 38 2 1
0 97 0 1
0 98 0 1
0 112 0 1
0 198 0 1
0 305 2 1
0 306 2 1
1
end_operator
begin_operator
link-0-0 n-7-2 n-8-2 cell-7-1 cap-4 cap-3 cell-7-2 cap-4 cap-3
0
8
0 10 3 2
0 11 3 2
0 97 0 1
0 103 0 1
0 112 0 1
0 199 0 1
0 305 2 1
0 310 2 1
1
end_operator
begin_operator
link-0-0 n-7-3 n-7-4 cell-6-3 cap-4 cap-3 cell-7-3 cap-4 cap-3
0
8
0 8 3 2
0 12 3 2
0 98 0 1
0 99 0 1
0 112 0 1
0 200 0 1
0 306 2 1
0 307 2 1
1
end_operator
begin_operator
link-0-0 n-7-3 n-8-3 cell-7-2 cap-4 cap-3 cell-7-3 cap-4 cap-3
0
8
0 11 3 2
0 12 3 2
0 98 0 1
0 104 0 1
0 112 0 1
0 201 0 1
0 306 2 1
0 311 2 1
1
end_operator
begin_operator
link-0-0 n-7-4 n-8-4 cell-7-3 cap-4 cap-3 cell-outside-7-right cap-1 cap-0
0
8
0 12 3 2
0 99 0 1
0 105 0 1
0 112 0 1
0 202 0 1
0 248 0 1
0 307 2 1
0 312 2 1
1
end_operator
begin_operator
link-0-0 n-8-0 n-8-1 cell-7-0 cap-3 cap-2 cell-8-0 cap-3 cap-2
0
8
0 9 3 2
0 13 3 2
0 100 0 1
0 102 0 1
0 112 0 1
0 203 0 1
0 308 2 1
0 309 2 1
1
end_operator
begin_operator
link-0-0 n-8-0 n-9-0 cell-outside-8-left cap-1 cap-0 cell-8-0 cap-3 cap-2
0
8
0 13 3 2
0 100 0 1
0 106 0 1
0 112 0 1
0 204 0 1
0 249 0 1
0 308 2 1
0 313 2 1
1
end_operator
begin_operator
link-0-0 n-8-1 n-8-2 cell-7-1 cap-4 cap-3 cell-8-1 cap-4 cap-3
0
8
0 10 3 2
0 14 3 2
0 102 0 1
0 103 0 1
0 112 0 1
0 205 0 1
0 309 2 1
0 310 2 1
1
end_operator
begin_operator
link-0-0 n-8-1 n-9-1 cell-8-0 cap-3 cap-2 cell-8-1 cap-4 cap-3
0
8
0 13 3 2
0 14 3 2
0 102 0 1
0 107 0 1
0 112 0 1
0 207 0 1
0 309 2 1
0 314 2 1
1
end_operator
begin_operator
link-0-0 n-8-2 n-8-3 cell-7-2 cap-4 cap-3 cell-8-2 cap-3 cap-2
0
8
0 11 3 2
0 15 3 2
0 103 0 1
0 104 0 1
0 112 0 1
0 209 0 1
0 310 2 1
0 311 2 1
1
end_operator
begin_operator
link-0-0 n-8-2 n-9-2 cell-8-1 cap-4 cap-3 cell-8-2 cap-3 cap-2
0
8
0 14 3 2
0 15 3 2
0 103 0 1
0 108 0 1
0 112 0 1
0 211 0 1
0 310 2 1
0 315 2 1
1
end_operator
begin_operator
link-0-0 n-8-3 n-8-4 cell-7-3 cap-4 cap-3 cell-8-3 cap-4 cap-3
0
8
0 12 3 2
0 16 3 2
0 104 0 1
0 105 0 1
0 112 0 1
0 213 0 1
0 311 2 1
0 312 2 1
1
end_operator
begin_operator
link-0-0 n-8-3 n-9-3 cell-8-2 cap-3 cap-2 cell-8-3 cap-4 cap-3
0
8
0 15 3 2
0 16 3 2
0 104 0 1
0 109 0 1
0 112 0 1
0 215 0 1
0 311 2 1
0 316 2 1
1
end_operator
begin_operator
link-0-0 n-8-4 n-9-4 cell-8-3 cap-4 cap-3 cell-outside-8-right cap-1 cap-0
0
8
0 16 3 2
0 105 0 1
0 110 0 1
0 112 0 1
0 217 0 1
0 250 0 1
0 312 2 1
0 317 2 1
1
end_operator
begin_operator
link-0-0 n-9-0 n-10-0 cell-outside-9-left cap-1 cap-0 cell-9-0 cap-4 cap-3
0
8
0 17 3 2
0 55 0 1
0 106 0 1
0 112 0 1
0 219 0 1
0 251 0 1
0 263 2 1
0 313 2 1
1
end_operator
begin_operator
link-0-0 n-9-0 n-9-1 cell-8-0 cap-3 cap-2 cell-9-0 cap-4 cap-3
0
8
0 13 3 2
0 17 3 2
0 106 0 1
0 107 0 1
0 112 0 1
0 221 0 1
0 313 2 1
0 314 2 1
1
end_operator
begin_operator
link-0-0 n-9-1 n-10-1 cell-9-0 cap-4 cap-3 cell-9-1 cap-4 cap-3
0
8
0 17 3 2
0 18 3 2
0 56 0 1
0 107 0 1
0 112 0 1
0 223 0 1
0 264 2 1
0 314 2 1
1
end_operator
begin_operator
link-0-0 n-9-1 n-9-2 cell-8-1 cap-4 cap-3 cell-9-1 cap-4 cap-3
0
8
0 14 3 2
0 18 3 2
0 107 0 1
0 108 0 1
0 112 0 1
0 225 0 1
0 314 2 1
0 315 2 1
1
end_operator
begin_operator
link-0-0 n-9-2 n-10-2 cell-9-1 cap-4 cap-3 cell-9-2 cap-4 cap-3
0
8
0 18 3 2
0 19 3 2
0 57 0 1
0 108 0 1
0 112 0 1
0 227 0 1
0 265 2 1
0 315 2 1
1
end_operator
begin_operator
link-0-0 n-9-2 n-9-3 cell-8-2 cap-3 cap-2 cell-9-2 cap-4 cap-3
0
8
0 15 3 2
0 19 3 2
0 108 0 1
0 109 0 1
0 112 0 1
0 229 0 1
0 315 2 1
0 316 2 1
1
end_operator
begin_operator
link-0-0 n-9-3 n-10-3 cell-9-2 cap-4 cap-3 cell-9-3 cap-4 cap-3
0
8
0 19 3 2
0 20 3 2
0 58 0 1
0 109 0 1
0 112 0 1
0 231 0 1
0 266 2 1
0 316 2 1
1
end_operator
begin_operator
link-0-0 n-9-3 n-9-4 cell-8-3 cap-4 cap-3 cell-9-3 cap-4 cap-3
0
8
0 16 3 2
0 20 3 2
0 109 0 1
0 110 0 1
0 112 0 1
0 233 0 1
0 316 2 1
0 317 2 1
1
end_operator
begin_operator
link-0-0 n-9-4 n-10-4 cell-9-3 cap-4 cap-3 cell-outside-9-right cap-1 cap-0
0
8
0 20 3 2
0 59 0 1
0 110 0 1
0 112 0 1
0 235 0 1
0 252 0 1
0 267 2 1
0 317 2 1
1
end_operator
begin_operator
link-0-1 n-0-0 n-0-1 cell-outside-0-up cap-1 cap-0 cell-0-0 cap-1 cap-0
0
7
0 21 0 4
0 45 0 1
0 46 1 2
0 113 0 1
0 212 0 1
0 253 2 1
0 254 2 0
1
end_operator
begin_operator
link-0-1 n-0-0 n-0-1 cell-outside-0-up cap-1 cap-0 cell-0-0 cap-2 cap-1
0
7
0 21 1 0
0 45 0 1
0 46 1 2
0 113 0 1
0 212 0 1
0 253 2 1
0 254 2 0
1
end_operator
begin_operator
link-0-1 n-0-0 n-0-1 cell-outside-0-up cap-1 cap-0 cell-0-0 cap-3 cap-2
0
7
0 21 2 1
0 45 0 1
0 46 1 2
0 113 0 1
0 212 0 1
0 253 2 1
0 254 2 0
1
end_operator
begin_operator
link-0-1 n-0-0 n-0-1 cell-outside-0-up cap-1 cap-0 cell-0-0 cap-4 cap-3
0
7
0 21 3 2
0 45 0 1
0 46 1 2
0 113 0 1
0 212 0 1
0 253 2 1
0 254 2 0
1
end_operator
begin_operator
link-0-1 n-0-0 n-1-0 cell-outside-0-left cap-1 cap-0 cell-0-0 cap-1 cap-0
0
7
0 21 0 4
0 45 0 1
0 50 1 2
0 114 0 1
0 208 0 1
0 253 2 1
0 258 2 0
1
end_operator
begin_operator
link-0-1 n-0-0 n-1-0 cell-outside-0-left cap-1 cap-0 cell-0-0 cap-2 cap-1
0
7
0 21 1 0
0 45 0 1
0 50 1 2
0 114 0 1
0 208 0 1
0 253 2 1
0 258 2 0
1
end_operator
begin_operator
link-0-1 n-0-0 n-1-0 cell-outside-0-left cap-1 cap-0 cell-0-0 cap-3 cap-2
0
7
0 21 2 1
0 45 0 1
0 50 1 2
0 114 0 1
0 208 0 1
0 253 2 1
0 258 2 0
1
end_operator
begin_operator
link-0-1 n-0-0 n-1-0 cell-outside-0-left cap-1 cap-0 cell-0-0 cap-4 cap-3
0
7
0 21 3 2
0 45 0 1
0 50 1 2
0 114 0 1
0 208 0 1
0 253 2 1
0 258 2 0
1
end_operator
begin_operator
link-0-1 n-0-1 n-0-2 cell-outside-1-up cap-1 cap-0 cell-0-1 cap-1 cap-0
0
7
0 39 1 0
0 46 0 1
0 47 1 2
0 115 0 1
0 220 0 1
0 254 2 1
0 255 2 0
1
end_operator
begin_operator
link-0-1 n-0-1 n-0-2 cell-outside-1-up cap-1 cap-0 cell-0-1 cap-2 cap-1
0
7
0 39 2 1
0 46 0 1
0 47 1 2
0 115 0 1
0 220 0 1
0 254 2 1
0 255 2 0
1
end_operator
begin_operator
link-0-1 n-0-1 n-1-1 cell-0-0 cap-1 cap-0 cell-0-1 cap-1 cap-0
0
7
0 21 0 4
0 39 1 0
0 46 0 1
0 51 1 2
0 116 0 1
0 254 2 1
0 259 2 0
1
end_operator
begin_operator
link-0-1 n-0-1 n-1-1 cell-0-0 cap-1 cap-0 cell-0-1 cap-2 cap-1
0
7
0 21 0 4
0 39 2 1
0 46 0 1
0 51 1 2
0 116 0 1
0 254 2 1
0 259 2 0
1
end_operator
begin_operator
link-0-1 n-0-1 n-1-1 cell-0-0 cap-2 cap-1 cell-0-1 cap-1 cap-0
0
7
0 21 1 0
0 39 1 0
0 46 0 1
0 51 1 2
0 116 0 1
0 254 2 1
0 259 2 0
1
end_operator
begin_operator
link-0-1 n-0-1 n-1-1 cell-0-0 cap-2 cap-1 cell-0-1 cap-2 cap-1
0
7
0 21 1 0
0 39 2 1
0 46 0 1
0 51 1 2
0 116 0 1
0 254 2 1
0 259 2 0
1
end_operator
begin_operator
link-0-1 n-0-1 n-1-1 cell-0-0 cap-3 cap-2 cell-0-1 cap-1 cap-0
0
7
0 21 2 1
0 39 1 0
0 46 0 1
0 51 1 2
0 116 0 1
0 254 2 1
0 259 2 0
1
end_operator
begin_operator
link-0-1 n-0-1 n-1-1 cell-0-0 cap-3 cap-2 cell-0-1 cap-2 cap-1
0
7
0 21 2 1
0 39 2 1
0 46 0 1
0 51 1 2
0 116 0 1
0 254 2 1
0 259 2 0
1
end_operator
begin_operator
link-0-1 n-0-1 n-1-1 cell-0-0 cap-4 cap-3 cell-0-1 cap-1 cap-0
0
7
0 21 3 2
0 39 1 0
0 46 0 1
0 51 1 2
0 116 0 1
0 254 2 1
0 259 2 0
1
end_operator
begin_operator
link-0-1 n-0-1 n-1-1 cell-0-0 cap-4 cap-3 cell-0-1 cap-2 cap-1
0
7
0 21 3 2
0 39 2 1
0 46 0 1
0 51 1 2
0 116 0 1
0 254 2 1
0 259 2 0
1
end_operator
begin_operator
link-0-1 n-0-2 n-0-3 cell-outside-2-up cap-1 cap-0 cell-0-2 cap-1 cap-0
0
7
0 47 0 1
0 48 1 2
0 101 1 0
0 117 0 1
0 236 0 1
0 255 2 1
0 256 2 0
1
end_operator
begin_operator
link-0-1 n-0-2 n-1-2 cell-0-1 cap-1 cap-0 cell-0-2 cap-1 cap-0
0
7
0 39 1 0
0 47 0 1
0 52 1 2
0 101 1 0
0 118 0 1
0 255 2 1
0 260 2 0
1
end_operator
begin_operator
link-0-1 n-0-2 n-1-2 cell-0-1 cap-2 cap-1 cell-0-2 cap-1 cap-0
0
7
0 39 2 1
0 47 0 1
0 52 1 2
0 101 1 0
0 118 0 1
0 255 2 1
0 260 2 0
1
end_operator
begin_operator
link-0-1 n-0-3 n-0-4 cell-outside-3-up cap-1 cap-0 cell-0-3 cap-1 cap-0
0
7
0 22 0 4
0 48 0 1
0 49 1 2
0 119 0 1
0 240 0 1
0 256 2 1
0 257 2 0
1
end_operator
begin_operator
link-0-1 n-0-3 n-0-4 cell-outside-3-up cap-1 cap-0 cell-0-3 cap-2 cap-1
0
7
0 22 1 0
0 48 0 1
0 49 1 2
0 119 0 1
0 240 0 1
0 256 2 1
0 257 2 0
1
end_operator
begin_operator
link-0-1 n-0-3 n-0-4 cell-outside-3-up cap-1 cap-0 cell-0-3 cap-3 cap-2
0
7
0 22 2 1
0 48 0 1
0 49 1 2
0 119 0 1
0 240 0 1
0 256 2 1
0 257 2 0
1
end_operator
begin_operator
link-0-1 n-0-3 n-1-3 cell-0-2 cap-1 cap-0 cell-0-3 cap-1 cap-0
0
7
0 22 0 4
0 48 0 1
0 53 1 2
0 101 1 0
0 120 0 1
0 256 2 1
0 261 2 0
1
end_operator
begin_operator
link-0-1 n-0-3 n-1-3 cell-0-2 cap-1 cap-0 cell-0-3 cap-2 cap-1
0
7
0 22 1 0
0 48 0 1
0 53 1 2
0 101 1 0
0 120 0 1
0 256 2 1
0 261 2 0
1
end_operator
begin_operator
link-0-1 n-0-3 n-1-3 cell-0-2 cap-1 cap-0 cell-0-3 cap-3 cap-2
0
7
0 22 2 1
0 48 0 1
0 53 1 2
0 101 1 0
0 120 0 1
0 256 2 1
0 261 2 0
1
end_operator
begin_operator
link-0-1 n-0-3 n-1-3 cell-0-2 cap-1 cap-0 cell-0-3 cap-4 cap-3
0
7
0 22 3 2
0 48 0 1
0 53 1 2
0 101 1 0
0 120 0 1
0 256 2 1
0 261 2 0
1
end_operator
begin_operator
link-0-1 n-0-4 n-1-4 cell-0-3 cap-1 cap-0 cell-outside-0-right cap-1 cap-0
0
7
0 22 0 4
0 49 0 1
0 54 1 2
0 121 0 1
0 210 0 1
0 257 2 1
0 262 2 0
1
end_operator
begin_operator
link-0-1 n-0-4 n-1-4 cell-0-3 cap-2 cap-1 cell-outside-0-right cap-1 cap-0
0
7
0 22 1 0
0 49 0 1
0 54 1 2
0 121 0 1
0 210 0 1
0 257 2 1
0 262 2 0
1
end_operator
begin_operator
link-0-1 n-0-4 n-1-4 cell-0-3 cap-3 cap-2 cell-outside-0-right cap-1 cap-0
0
7
0 22 2 1
0 49 0 1
0 54 1 2
0 121 0 1
0 210 0 1
0 257 2 1
0 262 2 0
1
end_operator
begin_operator
link-0-1 n-0-4 n-1-4 cell-0-3 cap-4 cap-3 cell-outside-0-right cap-1 cap-0
0
7
0 22 3 2
0 49 0 1
0 54 1 2
0 121 0 1
0 210 0 1
0 257 2 1
0 262 2 0
1
end_operator
begin_operator
link-0-1 n-1-0 n-1-1 cell-0-0 cap-1 cap-0 cell-1-0 cap-1 cap-0
0
7
0 21 0 4
0 40 1 0
0 50 0 1
0 51 1 2
0 122 0 1
0 258 2 1
0 259 2 0
1
end_operator
begin_operator
link-0-1 n-1-0 n-1-1 cell-0-0 cap-1 cap-0 cell-1-0 cap-2 cap-1
0
7
0 21 0 4
0 40 2 1
0 50 0 1
0 51 1 2
0 122 0 1
0 258 2 1
0 259 2 0
1
end_operator
begin_operator
link-0-1 n-1-0 n-1-1 cell-0-0 cap-2 cap-1 cell-1-0 cap-1 cap-0
0
7
0 21 1 0
0 40 1 0
0 50 0 1
0 51 1 2
0 122 0 1
0 258 2 1
0 259 2 0
1
end_operator
begin_operator
link-0-1 n-1-0 n-1-1 cell-0-0 cap-2 cap-1 cell-1-0 cap-2 cap-1
0
7
0 21 1 0
0 40 2 1
0 50 0 1
0 51 1 2
0 122 0 1
0 258 2 1
0 259 2 0
1
end_operator
begin_operator
link-0-1 n-1-0 n-1-1 cell-0-0 cap-3 cap-2 cell-1-0 cap-1 cap-0
0
7
0 21 2 1
0 40 1 0
0 50 0 1
0 51 1 2
0 122 0 1
0 258 2 1
0 259 2 0
1
end_operator
begin_operator
link-0-1 n-1-0 n-1-1 cell-0-0 cap-3 cap-2 cell-1-0 cap-2 cap-1
0
7
0 21 2 1
0 40 2 1
0 50 0 1
0 51 1 2
0 122 0 1
0 258 2 1
0 259 2 0
1
end_operator
begin_operator
link-0-1 n-1-0 n-1-1 cell-0-0 cap-4 cap-3 cell-1-0 cap-1 cap-0
0
7
0 21 3 2
0 40 1 0
0 50 0 1
0 51 1 2
0 122 0 1
0 258 2 1
0 259 2 0
1
end_operator
begin_operator
link-0-1 n-1-0 n-1-1 cell-0-0 cap-4 cap-3 cell-1-0 cap-2 cap-1
0
7
0 21 3 2
0 40 2 1
0 50 0 1
0 51 1 2
0 122 0 1
0 258 2 1
0 259 2 0
1
end_operator
begin_operator
link-0-1 n-1-0 n-2-0 cell-outside-1-left cap-1 cap-0 cell-1-0 cap-1 cap-0
0
7
0 40 1 0
0 50 0 1
0 70 1 2
0 123 0 1
0 216 0 1
0 258 2 1
0 278 2 0
1
end_operator
begin_operator
link-0-1 n-1-0 n-2-0 cell-outside-1-left cap-1 cap-0 cell-1-0 cap-2 cap-1
0
7
0 40 2 1
0 50 0 1
0 70 1 2
0 123 0 1
0 216 0 1
0 258 2 1
0 278 2 0
1
end_operator
begin_operator
link-0-1 n-1-1 n-1-2 cell-0-1 cap-1 cap-0 cell-1-1 cap-1 cap-0
0
7
0 23 0 4
0 39 1 0
0 51 0 1
0 52 1 2
0 124 0 1
0 259 2 1
0 260 2 0
1
end_operator
begin_operator
link-0-1 n-1-1 n-1-2 cell-0-1 cap-1 cap-0 cell-1-1 cap-2 cap-1
0
7
0 23 1 0
0 39 1 0
0 51 0 1
0 52 1 2
0 124 0 1
0 259 2 1
0 260 2 0
1
end_operator
begin_operator
link-0-1 n-1-1 n-1-2 cell-0-1 cap-1 cap-0 cell-1-1 cap-3 cap-2
0
7
0 23 2 1
0 39 1 0
0 51 0 1
0 52 1 2
0 124 0 1
0 259 2 1
0 260 2 0
1
end_operator
begin_operator
link-0-1 n-1-1 n-1-2 cell-0-1 cap-1 cap-0 cell-1-1 cap-4 cap-3
0
7
0 23 3 2
0 39 1 0
0 51 0 1
0 52 1 2
0 124 0 1
0 259 2 1
0 260 2 0
1
end_operator
begin_operator
link-0-1 n-1-1 n-1-2 cell-0-1 cap-2 cap-1 cell-1-1 cap-1 cap-0
0
7
0 23 0 4
0 39 2 1
0 51 0 1
0 52 1 2
0 124 0 1
0 259 2 1
0 260 2 0
1
end_operator
begin_operator
link-0-1 n-1-1 n-1-2 cell-0-1 cap-2 cap-1 cell-1-1 cap-2 cap-1
0
7
0 23 1 0
0 39 2 1
0 51 0 1
0 52 1 2
0 124 0 1
0 259 2 1
0 260 2 0
1
end_operator
begin_operator
link-0-1 n-1-1 n-1-2 cell-0-1 cap-2 cap-1 cell-1-1 cap-3 cap-2
0
7
0 23 2 1
0 39 2 1
0 51 0 1
0 52 1 2
0 124 0 1
0 259 2 1
0 260 2 0
1
end_operator
begin_operator
link-0-1 n-1-1 n-1-2 cell-0-1 cap-2 cap-1 cell-1-1 cap-4 cap-3
0
7
0 23 3 2
0 39 2 1
0 51 0 1
0 52 1 2
0 124 0 1
0 259 2 1
0 260 2 0
1
end_operator
begin_operator
link-0-1 n-1-1 n-2-1 cell-1-0 cap-1 cap-0 cell-1-1 cap-1 cap-0
0
7
0 23 0 4
0 40 1 0
0 51 0 1
0 71 1 2
0 125 0 1
0 259 2 1
0 279 2 0
1
end_operator
begin_operator
link-0-1 n-1-1 n-2-1 cell-1-0 cap-1 cap-0 cell-1-1 cap-2 cap-1
0
7
0 23 1 0
0 40 1 0
0 51 0 1
0 71 1 2
0 125 0 1
0 259 2 1
0 279 2 0
1
end_operator
begin_operator
link-0-1 n-1-1 n-2-1 cell-1-0 cap-1 cap-0 cell-1-1 cap-3 cap-2
0
7
0 23 2 1
0 40 1 0
0 51 0 1
0 71 1 2
0 125 0 1
0 259 2 1
0 279 2 0
1
end_operator
begin_operator
link-0-1 n-1-1 n-2-1 cell-1-0 cap-1 cap-0 cell-1-1 cap-4 cap-3
0
7
0 23 3 2
0 40 1 0
0 51 0 1
0 71 1 2
0 125 0 1
0 259 2 1
0 279 2 0
1
end_operator
begin_operator
link-0-1 n-1-1 n-2-1 cell-1-0 cap-2 cap-1 cell-1-1 cap-1 cap-0
0
7
0 23 0 4
0 40 2 1
0 51 0 1
0 71 1 2
0 125 0 1
0 259 2 1
0 279 2 0
1
end_operator
begin_operator
link-0-1 n-1-1 n-2-1 cell-1-0 cap-2 cap-1 cell-1-1 cap-2 cap-1
0
7
0 23 1 0
0 40 2 1
0 51 0 1
0 71 1 2
0 125 0 1
0 259 2 1
0 279 2 0
1
end_operator
begin_operator
link-0-1 n-1-1 n-2-1 cell-1-0 cap-2 cap-1 cell-1-1 cap-3 cap-2
0
7
0 23 2 1
0 40 2 1
0 51 0 1
0 71 1 2
0 125 0 1
0 259 2 1
0 279 2 0
1
end_operator
begin_operator
link-0-1 n-1-1 n-2-1 cell-1-0 cap-2 cap-1 cell-1-1 cap-4 cap-3
0
7
0 23 3 2
0 40 2 1
0 51 0 1
0 71 1 2
0 125 0 1
0 259 2 1
0 279 2 0
1
end_operator
begin_operator
link-0-1 n-1-2 n-1-3 cell-0-2 cap-1 cap-0 cell-1-2 cap-1 cap-0
0
7
0 24 0 4
0 52 0 1
0 53 1 2
0 101 1 0
0 126 0 1
0 260 2 1
0 261 2 0
1
end_operator
begin_operator
link-0-1 n-1-2 n-1-3 cell-0-2 cap-1 cap-0 cell-1-2 cap-2 cap-1
0
7
0 24 1 0
0 52 0 1
0 53 1 2
0 101 1 0
0 126 0 1
0 260 2 1
0 261 2 0
1
end_operator
begin_operator
link-0-1 n-1-2 n-1-3 cell-0-2 cap-1 cap-0 cell-1-2 cap-3 cap-2
0
7
0 24 2 1
0 52 0 1
0 53 1 2
0 101 1 0
0 126 0 1
0 260 2 1
0 261 2 0
1
end_operator
begin_operator
link-0-1 n-1-2 n-1-3 cell-0-2 cap-1 cap-0 cell-1-2 cap-4 cap-3
0
7
0 24 3 2
0 52 0 1
0 53 1 2
0 101 1 0
0 126 0 1
0 260 2 1
0 261 2 0
1
end_operator
begin_operator
link-0-1 n-1-2 n-2-2 cell-1-1 cap-1 cap-0 cell-1-2 cap-1 cap-0
0
7
0 23 0 4
0 24 0 4
0 52 0 1
0 72 1 2
0 127 0 1
0 260 2 1
0 280 2 0
1
end_operator
begin_operator
link-0-1 n-1-2 n-2-2 cell-1-1 cap-1 cap-0 cell-1-2 cap-2 cap-1
0
7
0 23 0 4
0 24 1 0
0 52 0 1
0 72 1 2
0 127 0 1
0 260 2 1
0 280 2 0
1
end_operator
begin_operator
link-0-1 n-1-2 n-2-2 cell-1-1 cap-1 cap-0 cell-1-2 cap-3 cap-2
0
7
0 23 0 4
0 24 2 1
0 52 0 1
0 72 1 2
0 127 0 1
0 260 2 1
0 280 2 0
1
end_operator
begin_operator
link-0-1 n-1-2 n-2-2 cell-1-1 cap-1 cap-0 cell-1-2 cap-4 cap-3
0
7
0 23 0 4
0 24 3 2
0 52 0 1
0 72 1 2
0 127 0 1
0 260 2 1
0 280 2 0
1
end_operator
begin_operator
link-0-1 n-1-2 n-2-2 cell-1-1 cap-2 cap-1 cell-1-2 cap-1 cap-0
0
7
0 23 1 0
0 24 0 4
0 52 0 1
0 72 1 2
0 127 0 1
0 260 2 1
0 280 2 0
1
end_operator
begin_operator
link-0-1 n-1-2 n-2-2 cell-1-1 cap-2 cap-1 cell-1-2 cap-2 cap-1
0
7
0 23 1 0
0 24 1 0
0 52 0 1
0 72 1 2
0 127 0 1
0 260 2 1
0 280 2 0
1
end_operator
begin_operator
link-0-1 n-1-2 n-2-2 cell-1-1 cap-2 cap-1 cell-1-2 cap-3 cap-2
0
7
0 23 1 0
0 24 2 1
0 52 0 1
0 72 1 2
0 127 0 1
0 260 2 1
0 280 2 0
1
end_operator
begin_operator
link-0-1 n-1-2 n-2-2 cell-1-1 cap-2 cap-1 cell-1-2 cap-4 cap-3
0
7
0 23 1 0
0 24 3 2
0 52 0 1
0 72 1 2
0 127 0 1
0 260 2 1
0 280 2 0
1
end_operator
begin_operator
link-0-1 n-1-2 n-2-2 cell-1-1 cap-3 cap-2 cell-1-2 cap-1 cap-0
0
7
0 23 2 1
0 24 0 4
0 52 0 1
0 72 1 2
0 127 0 1
0 260 2 1
0 280 2 0
1
end_operator
begin_operator
link-0-1 n-1-2 n-2-2 cell-1-1 cap-3 cap-2 cell-1-2 cap-2 cap-1
0
7
0 23 2 1
0 24 1 0
0 52 0 1
0 72 1 2
0 127 0 1
0 260 2 1
0 280 2 0
1
end_operator
begin_operator
link-0-1 n-1-2 n-2-2 cell-1-1 cap-3 cap-2 cell-1-2 cap-3 cap-2
0
7
0 23 2 1
0 24 2 1
0 52 0 1
0 72 1 2
0 127 0 1
0 260 2 1
0 280 2 0
1
end_operator
begin_operator
link-0-1 n-1-2 n-2-2 cell-1-1 cap-3 cap-2 cell-1-2 cap-4 cap-3
0
7
0 23 2 1
0 24 3 2
0 52 0 1
0 72 1 2
0 127 0 1
0 260 2 1
0 280 2 0
1
end_operator
begin_operator
link-0-1 n-1-2 n-2-2 cell-1-1 cap-4 cap-3 cell-1-2 cap-1 cap-0
0
7
0 23 3 2
0 24 0 4
0 52 0 1
0 72 1 2
0 127 0 1
0 260 2 1
0 280 2 0
1
end_operator
begin_operator
link-0-1 n-1-2 n-2-2 cell-1-1 cap-4 cap-3 cell-1-2 cap-2 cap-1
0
7
0 23 3 2
0 24 1 0
0 52 0 1
0 72 1 2
0 127 0 1
0 260 2 1
0 280 2 0
1
end_operator
begin_operator
link-0-1 n-1-2 n-2-2 cell-1-1 cap-4 cap-3 cell-1-2 cap-3 cap-2
0
7
0 23 3 2
0 24 2 1
0 52 0 1
0 72 1 2
0 127 0 1
0 260 2 1
0 280 2 0
1
end_operator
begin_operator
link-0-1 n-1-2 n-2-2 cell-1-1 cap-4 cap-3 cell-1-2 cap-4 cap-3
0
7
0 23 3 2
0 24 3 2
0 52 0 1
0 72 1 2
0 127 0 1
0 260 2 1
0 280 2 0
1
end_operator
begin_operator
link-0-1 n-1-3 n-1-4 cell-0-3 cap-1 cap-0 cell-1-3 cap-1 cap-0
0
7
0 22 0 4
0 41 1 0
0 53 0 1
0 54 1 2
0 128 0 1
0 261 2 1
0 262 2 0
1
end_operator
begin_operator
link-0-1 n-1-3 n-1-4 cell-0-3 cap-1 cap-0 cell-1-3 cap-2 cap-1
0
7
0 22 0 4
0 41 2 1
0 53 0 1
0 54 1 2
0 128 0 1
0 261 2 1
0 262 2 0
1
end_operator
begin_operator
link-0-1 n-1-3 n-1-4 cell-0-3 cap-2 cap-1 cell-1-3 cap-1 cap-0
0
7
0 22 1 0
0 41 1 0
0 53 0 1
0 54 1 2
0 128 0 1
0 261 2 1
0 262 2 0
1
end_operator
begin_operator
link-0-1 n-1-3 n-1-4 cell-0-3 cap-2 cap-1 cell-1-3 cap-2 cap-1
0
7
0 22 1 0
0 41 2 1
0 53 0 1
0 54 1 2
0 128 0 1
0 261 2 1
0 262 2 0
1
end_operator
begin_operator
link-0-1 n-1-3 n-1-4 cell-0-3 cap-3 cap-2 cell-1-3 cap-1 cap-0
0
7
0 22 2 1
0 41 1 0
0 53 0 1
0 54 1 2
0 128 0 1
0 261 2 1
0 262 2 0
1
end_operator
begin_operator
link-0-1 n-1-3 n-1-4 cell-0-3 cap-3 cap-2 cell-1-3 cap-2 cap-1
0
7
0 22 2 1
0 41 2 1
0 53 0 1
0 54 1 2
0 128 0 1
0 261 2 1
0 262 2 0
1
end_operator
begin_operator
link-0-1 n-1-3 n-1-4 cell-0-3 cap-4 cap-3 cell-1-3 cap-1 cap-0
0
7
0 22 3 2
0 41 1 0
0 53 0 1
0 54 1 2
0 128 0 1
0 261 2 1
0 262 2 0
1
end_operator
begin_operator
link-0-1 n-1-3 n-1-4 cell-0-3 cap-4 cap-3 cell-1-3 cap-2 cap-1
0
7
0 22 3 2
0 41 2 1
0 53 0 1
0 54 1 2
0 128 0 1
0 261 2 1
0 262 2 0
1
end_operator
begin_operator
link-0-1 n-1-3 n-2-3 cell-1-2 cap-1 cap-0 cell-1-3 cap-1 cap-0
0
7
0 24 0 4
0 41 1 0
0 53 0 1
0 73 1 2
0 129 0 1
0 261 2 1
0 281 2 0
1
end_operator
begin_operator
link-0-1 n-1-3 n-2-3 cell-1-2 cap-1 cap-0 cell-1-3 cap-2 cap-1
0
7
0 24 0 4
0 41 2 1
0 53 0 1
0 73 1 2
0 129 0 1
0 261 2 1
0 281 2 0
1
end_operator
begin_operator
link-0-1 n-1-3 n-2-3 cell-1-2 cap-2 cap-1 cell-1-3 cap-1 cap-0
0
7
0 24 1 0
0 41 1 0
0 53 0 1
0 73 1 2
0 129 0 1
0 261 2 1
0 281 2 0
1
end_operator
begin_operator
link-0-1 n-1-3 n-2-3 cell-1-2 cap-2 cap-1 cell-1-3 cap-2 cap-1
0
7
0 24 1 0
0 41 2 1
0 53 0 1
0 73 1 2
0 129 0 1
0 261 2 1
0 281 2 0
1
end_operator
begin_operator
link-0-1 n-1-3 n-2-3 cell-1-2 cap-3 cap-2 cell-1-3 cap-1 cap-0
0
7
0 24 2 1
0 41 1 0
0 53 0 1
0 73 1 2
0 129 0 1
0 261 2 1
0 281 2 0
1
end_operator
begin_operator
link-0-1 n-1-3 n-2-3 cell-1-2 cap-3 cap-2 cell-1-3 cap-2 cap-1
0
7
0 24 2 1
0 41 2 1
0 53 0 1
0 73 1 2
0 129 0 1
0 261 2 1
0 281 2 0
1
end_operator
begin_operator
link-0-1 n-1-3 n-2-3 cell-1-2 cap-4 cap-3 cell-1-3 cap-1 cap-0
0
7
0 24 3 2
0 41 1 0
0 53 0 1
0 73 1 2
0 129 0 1
0 261 2 1
0 281 2 0
1
end_operator
begin_operator
link-0-1 n-1-3 n-2-3 cell-1-2 cap-4 cap-3 cell-1-3 cap-2 cap-1
0
7
0 24 3 2
0 41 2 1
0 53 0 1
0 73 1 2
0 129 0 1
0 261 2 1
0 281 2 0
1
end_operator
begin_operator
link-0-1 n-1-4 n-2-4 cell-1-3 cap-1 cap-0 cell-outside-1-right cap-1 cap-0
0
7
0 41 1 0
0 54 0 1
0 74 1 2
0 130 0 1
0 218 0 1
0 262 2 1
0 282 2 0
1
end_operator
begin_operator
link-0-1 n-1-4 n-2-4 cell-1-3 cap-2 cap-1 cell-outside-1-right cap-1 cap-0
0
7
0 41 2 1
0 54 0 1
0 74 1 2
0 130 0 1
0 218 0 1
0 262 2 1
0 282 2 0
1
end_operator
begin_operator
link-0-1 n-10-0 n-10-1 cell-9-0 cap-1 cap-0 cell-10-0 cap-1 cap-0
0
7
0 17 0 4
0 55 0 1
0 56 1 2
0 111 1 0
0 131 0 1
0 263 2 1
0 264 2 0
1
end_operator
begin_operator
link-0-1 n-10-0 n-10-1 cell-9-0 cap-2 cap-1 cell-10-0 cap-1 cap-0
0
7
0 17 1 0
0 55 0 1
0 56 1 2
0 111 1 0
0 131 0 1
0 263 2 1
0 264 2 0
1
end_operator
begin_operator
link-0-1 n-10-0 n-10-1 cell-9-0 cap-3 cap-2 cell-10-0 cap-1 cap-0
0
7
0 17 2 1
0 55 0 1
0 56 1 2
0 111 1 0
0 131 0 1
0 263 2 1
0 264 2 0
1
end_operator
begin_operator
link-0-1 n-10-0 n-10-1 cell-9-0 cap-4 cap-3 cell-10-0 cap-1 cap-0
0
7
0 17 3 2
0 55 0 1
0 56 1 2
0 111 1 0
0 131 0 1
0 263 2 1
0 264 2 0
1
end_operator
begin_operator
link-0-1 n-10-0 n-11-0 cell-outside-10-left cap-1 cap-0 cell-10-0 cap-1 cap-0
0
7
0 55 0 1
0 60 1 2
0 111 1 0
0 132 0 1
0 222 0 1
0 263 2 1
0 268 2 0
1
end_operator
begin_operator
link-0-1 n-10-1 n-10-2 cell-9-1 cap-1 cap-0 cell-10-1 cap-1 cap-0
0
7
0 18 0 4
0 25 1 0
0 56 0 1
0 57 1 2
0 133 0 1
0 264 2 1
0 265 2 0
1
end_operator
begin_operator
link-0-1 n-10-1 n-10-2 cell-9-1 cap-1 cap-0 cell-10-1 cap-2 cap-1
0
7
0 18 0 4
0 25 2 1
0 56 0 1
0 57 1 2
0 133 0 1
0 264 2 1
0 265 2 0
1
end_operator
begin_operator
link-0-1 n-10-1 n-10-2 cell-9-1 cap-1 cap-0 cell-10-1 cap-3 cap-2
0
7
0 18 0 4
0 25 3 2
0 56 0 1
0 57 1 2
0 133 0 1
0 264 2 1
0 265 2 0
1
end_operator
begin_operator
link-0-1 n-10-1 n-10-2 cell-9-1 cap-2 cap-1 cell-10-1 cap-1 cap-0
0
7
0 18 1 0
0 25 1 0
0 56 0 1
0 57 1 2
0 133 0 1
0 264 2 1
0 265 2 0
1
end_operator
begin_operator
link-0-1 n-10-1 n-10-2 cell-9-1 cap-2 cap-1 cell-10-1 cap-2 cap-1
0
7
0 18 1 0
0 25 2 1
0 56 0 1
0 57 1 2
0 133 0 1
0 264 2 1
0 265 2 0
1
end_operator
begin_operator
link-0-1 n-10-1 n-10-2 cell-9-1 cap-2 cap-1 cell-10-1 cap-3 cap-2
0
7
0 18 1 0
0 25 3 2
0 56 0 1
0 57 1 2
0 133 0 1
0 264 2 1
0 265 2 0
1
end_operator
begin_operator
link-0-1 n-10-1 n-10-2 cell-9-1 cap-3 cap-2 cell-10-1 cap-1 cap-0
0
7
0 18 2 1
0 25 1 0
0 56 0 1
0 57 1 2
0 133 0 1
0 264 2 1
0 265 2 0
1
end_operator
begin_operator
link-0-1 n-10-1 n-10-2 cell-9-1 cap-3 cap-2 cell-10-1 cap-2 cap-1
0
7
0 18 2 1
0 25 2 1
0 56 0 1
0 57 1 2
0 133 0 1
0 264 2 1
0 265 2 0
1
end_operator
begin_operator
link-0-1 n-10-1 n-10-2 cell-9-1 cap-3 cap-2 cell-10-1 cap-3 cap-2
0
7
0 18 2 1
0 25 3 2
0 56 0 1
0 57 1 2
0 133 0 1
0 264 2 1
0 265 2 0
1
end_operator
begin_operator
link-0-1 n-10-1 n-10-2 cell-9-1 cap-4 cap-3 cell-10-1 cap-1 cap-0
0
7
0 18 3 2
0 25 1 0
0 56 0 1
0 57 1 2
0 133 0 1
0 264 2 1
0 265 2 0
1
end_operator
begin_operator
link-0-1 n-10-1 n-10-2 cell-9-1 cap-4 cap-3 cell-10-1 cap-2 cap-1
0
7
0 18 3 2
0 25 2 1
0 56 0 1
0 57 1 2
0 133 0 1
0 264 2 1
0 265 2 0
1
end_operator
begin_operator
link-0-1 n-10-1 n-10-2 cell-9-1 cap-4 cap-3 cell-10-1 cap-3 cap-2
0
7
0 18 3 2
0 25 3 2
0 56 0 1
0 57 1 2
0 133 0 1
0 264 2 1
0 265 2 0
1
end_operator
begin_operator
link-0-1 n-10-1 n-11-1 cell-10-0 cap-1 cap-0 cell-10-1 cap-1 cap-0
0
7
0 25 1 0
0 56 0 1
0 61 1 2
0 111 1 0
0 134 0 1
0 264 2 1
0 269 2 0
1
end_operator
begin_operator
link-0-1 n-10-1 n-11-1 cell-10-0 cap-1 cap-0 cell-10-1 cap-2 cap-1
0
7
0 25 2 1
0 56 0 1
0 61 1 2
0 111 1 0
0 134 0 1
0 264 2 1
0 269 2 0
1
end_operator
begin_operator
link-0-1 n-10-1 n-11-1 cell-10-0 cap-1 cap-0 cell-10-1 cap-3 cap-2
0
7
0 25 3 2
0 56 0 1
0 61 1 2
0 111 1 0
0 134 0 1
0 264 2 1
0 269 2 0
1
end_operator
begin_operator
link-0-1 n-10-2 n-10-3 cell-9-2 cap-1 cap-0 cell-10-2 cap-1 cap-0
0
7
0 19 0 4
0 26 0 4
0 57 0 1
0 58 1 2
0 135 0 1
0 265 2 1
0 266 2 0
1
end_operator
begin_operator
link-0-1 n-10-2 n-10-3 cell-9-2 cap-1 cap-0 cell-10-2 cap-2 cap-1
0
7
0 19 0 4
0 26 1 0
0 57 0 1
0 58 1 2
0 135 0 1
0 265 2 1
0 266 2 0
1
end_operator
begin_operator
link-0-1 n-10-2 n-10-3 cell-9-2 cap-1 cap-0 cell-10-2 cap-3 cap-2
0
7
0 19 0 4
0 26 2 1
0 57 0 1
0 58 1 2
0 135 0 1
0 265 2 1
0 266 2 0
1
end_operator
begin_operator
link-0-1 n-10-2 n-10-3 cell-9-2 cap-1 cap-0 cell-10-2 cap-4 cap-3
0
7
0 19 0 4
0 26 3 2
0 57 0 1
0 58 1 2
0 135 0 1
0 265 2 1
0 266 2 0
1
end_operator
begin_operator
link-0-1 n-10-2 n-10-3 cell-9-2 cap-2 cap-1 cell-10-2 cap-1 cap-0
0
7
0 19 1 0
0 26 0 4
0 57 0 1
0 58 1 2
0 135 0 1
0 265 2 1
0 266 2 0
1
end_operator
begin_operator
link-0-1 n-10-2 n-10-3 cell-9-2 cap-2 cap-1 cell-10-2 cap-2 cap-1
0
7
0 19 1 0
0 26 1 0
0 57 0 1
0 58 1 2
0 135 0 1
0 265 2 1
0 266 2 0
1
end_operator
begin_operator
link-0-1 n-10-2 n-10-3 cell-9-2 cap-2 cap-1 cell-10-2 cap-3 cap-2
0
7
0 19 1 0
0 26 2 1
0 57 0 1
0 58 1 2
0 135 0 1
0 265 2 1
0 266 2 0
1
end_operator
begin_operator
link-0-1 n-10-2 n-10-3 cell-9-2 cap-2 cap-1 cell-10-2 cap-4 cap-3
0
7
0 19 1 0
0 26 3 2
0 57 0 1
0 58 1 2
0 135 0 1
0 265 2 1
0 266 2 0
1
end_operator
begin_operator
link-0-1 n-10-2 n-10-3 cell-9-2 cap-3 cap-2 cell-10-2 cap-1 cap-0
0
7
0 19 2 1
0 26 0 4
0 57 0 1
0 58 1 2
0 135 0 1
0 265 2 1
0 266 2 0
1
end_operator
begin_operator
link-0-1 n-10-2 n-10-3 cell-9-2 cap-3 cap-2 cell-10-2 cap-2 cap-1
0
7
0 19 2 1
0 26 1 0
0 57 0 1
0 58 1 2
0 135 0 1
0 265 2 1
0 266 2 0
1
end_operator
begin_operator
link-0-1 n-10-2 n-10-3 cell-9-2 cap-3 cap-2 cell-10-2 cap-3 cap-2
0
7
0 19 2 1
0 26 2 1
0 57 0 1
0 58 1 2
0 135 0 1
0 265 2 1
0 266 2 0
1
end_operator
begin_operator
link-0-1 n-10-2 n-10-3 cell-9-2 cap-3 cap-2 cell-10-2 cap-4 cap-3
0
7
0 19 2 1
0 26 3 2
0 57 0 1
0 58 1 2
0 135 0 1
0 265 2 1
0 266 2 0
1
end_operator
begin_operator
link-0-1 n-10-2 n-10-3 cell-9-2 cap-4 cap-3 cell-10-2 cap-1 cap-0
0
7
0 19 3 2
0 26 0 4
0 57 0 1
0 58 1 2
0 135 0 1
0 265 2 1
0 266 2 0
1
end_operator
begin_operator
link-0-1 n-10-2 n-10-3 cell-9-2 cap-4 cap-3 cell-10-2 cap-2 cap-1
0
7
0 19 3 2
0 26 1 0
0 57 0 1
0 58 1 2
0 135 0 1
0 265 2 1
0 266 2 0
1
end_operator
begin_operator
link-0-1 n-10-2 n-10-3 cell-9-2 cap-4 cap-3 cell-10-2 cap-3 cap-2
0
7
0 19 3 2
0 26 2 1
0 57 0 1
0 58 1 2
0 135 0 1
0 265 2 1
0 266 2 0
1
end_operator
begin_operator
link-0-1 n-10-2 n-10-3 cell-9-2 cap-4 cap-3 cell-10-2 cap-4 cap-3
0
7
0 19 3 2
0 26 3 2
0 57 0 1
0 58 1 2
0 135 0 1
0 265 2 1
0 266 2 0
1
end_operator
begin_operator
link-0-1 n-10-2 n-11-2 cell-10-1 cap-1 cap-0 cell-10-2 cap-1 cap-0
0
7
0 25 1 0
0 26 0 4
0 57 0 1
0 62 1 2
0 136 0 1
0 265 2 1
0 270 2 0
1
end_operator
begin_operator
link-0-1 n-10-2 n-11-2 cell-10-1 cap-1 cap-0 cell-10-2 cap-2 cap-1
0
7
0 25 1 0
0 26 1 0
0 57 0 1
0 62 1 2
0 136 0 1
0 265 2 1
0 270 2 0
1
end_operator
begin_operator
link-0-1 n-10-2 n-11-2 cell-10-1 cap-1 cap-0 cell-10-2 cap-3 cap-2
0
7
0 25 1 0
0 26 2 1
0 57 0 1
0 62 1 2
0 136 0 1
0 265 2 1
0 270 2 0
1
end_operator
begin_operator
link-0-1 n-10-2 n-11-2 cell-10-1 cap-1 cap-0 cell-10-2 cap-4 cap-3
0
7
0 25 1 0
0 26 3 2
0 57 0 1
0 62 1 2
0 136 0 1
0 265 2 1
0 270 2 0
1
end_operator
begin_operator
link-0-1 n-10-2 n-11-2 cell-10-1 cap-2 cap-1 cell-10-2 cap-1 cap-0
0
7
0 25 2 1
0 26 0 4
0 57 0 1
0 62 1 2
0 136 0 1
0 265 2 1
0 270 2 0
1
end_operator
begin_operator
link-0-1 n-10-2 n-11-2 cell-10-1 cap-2 cap-1 cell-10-2 cap-2 cap-1
0
7
0 25 2 1
0 26 1 0
0 57 0 1
0 62 1 2
0 136 0 1
0 265 2 1
0 270 2 0
1
end_operator
begin_operator
link-0-1 n-10-2 n-11-2 cell-10-1 cap-2 cap-1 cell-10-2 cap-3 cap-2
0
7
0 25 2 1
0 26 2 1
0 57 0 1
0 62 1 2
0 136 0 1
0 265 2 1
0 270 2 0
1
end_operator
begin_operator
link-0-1 n-10-2 n-11-2 cell-10-1 cap-2 cap-1 cell-10-2 cap-4 cap-3
0
7
0 25 2 1
0 26 3 2
0 57 0 1
0 62 1 2
0 136 0 1
0 265 2 1
0 270 2 0
1
end_operator
begin_operator
link-0-1 n-10-2 n-11-2 cell-10-1 cap-3 cap-2 cell-10-2 cap-1 cap-0
0
7
0 25 3 2
0 26 0 4
0 57 0 1
0 62 1 2
0 136 0 1
0 265 2 1
0 270 2 0
1
end_operator
begin_operator
link-0-1 n-10-2 n-11-2 cell-10-1 cap-3 cap-2 cell-10-2 cap-2 cap-1
0
7
0 25 3 2
0 26 1 0
0 57 0 1
0 62 1 2
0 136 0 1
0 265 2 1
0 270 2 0
1
end_operator
begin_operator
link-0-1 n-10-2 n-11-2 cell-10-1 cap-3 cap-2 cell-10-2 cap-3 cap-2
0
7
0 25 3 2
0 26 2 1
0 57 0 1
0 62 1 2
0 136 0 1
0 265 2 1
0 270 2 0
1
end_operator
begin_operator
link-0-1 n-10-2 n-11-2 cell-10-1 cap-3 cap-2 cell-10-2 cap-4 cap-3
0
7
0 25 3 2
0 26 3 2
0 57 0 1
0 62 1 2
0 136 0 1
0 265 2 1
0 270 2 0
1
end_operator
begin_operator
link-0-1 n-10-3 n-10-4 cell-9-3 cap-1 cap-0 cell-10-3 cap-1 cap-0
0
7
0 20 0 4
0 27 0 4
0 58 0 1
0 59 1 2
0 137 0 1
0 266 2 1
0 267 2 0
1
end_operator
begin_operator
link-0-1 n-10-3 n-10-4 cell-9-3 cap-1 cap-0 cell-10-3 cap-2 cap-1
0
7
0 20 0 4
0 27 1 0
0 58 0 1
0 59 1 2
0 137 0 1
0 266 2 1
0 267 2 0
1
end_operator
begin_operator
link-0-1 n-10-3 n-10-4 cell-9-3 cap-1 cap-0 cell-10-3 cap-3 cap-2
0
7
0 20 0 4
0 27 2 1
0 58 0 1
0 59 1 2
0 137 0 1
0 266 2 1
0 267 2 0
1
end_operator
begin_operator
link-0-1 n-10-3 n-10-4 cell-9-3 cap-1 cap-0 cell-10-3 cap-4 cap-3
0
7
0 20 0 4
0 27 3 2
0 58 0 1
0 59 1 2
0 137 0 1
0 266 2 1
0 267 2 0
1
end_operator
begin_operator
link-0-1 n-10-3 n-10-4 cell-9-3 cap-2 cap-1 cell-10-3 cap-1 cap-0
0
7
0 20 1 0
0 27 0 4
0 58 0 1
0 59 1 2
0 137 0 1
0 266 2 1
0 267 2 0
1
end_operator
begin_operator
link-0-1 n-10-3 n-10-4 cell-9-3 cap-2 cap-1 cell-10-3 cap-2 cap-1
0
7
0 20 1 0
0 27 1 0
0 58 0 1
0 59 1 2
0 137 0 1
0 266 2 1
0 267 2 0
1
end_operator
begin_operator
link-0-1 n-10-3 n-10-4 cell-9-3 cap-2 cap-1 cell-10-3 cap-3 cap-2
0
7
0 20 1 0
0 27 2 1
0 58 0 1
0 59 1 2
0 137 0 1
0 266 2 1
0 267 2 0
1
end_operator
begin_operator
link-0-1 n-10-3 n-10-4 cell-9-3 cap-2 cap-1 cell-10-3 cap-4 cap-3
0
7
0 20 1 0
0 27 3 2
0 58 0 1
0 59 1 2
0 137 0 1
0 266 2 1
0 267 2 0
1
end_operator
begin_operator
link-0-1 n-10-3 n-10-4 cell-9-3 cap-3 cap-2 cell-10-3 cap-1 cap-0
0
7
0 20 2 1
0 27 0 4
0 58 0 1
0 59 1 2
0 137 0 1
0 266 2 1
0 267 2 0
1
end_operator
begin_operator
link-0-1 n-10-3 n-10-4 cell-9-3 cap-3 cap-2 cell-10-3 cap-2 cap-1
0
7
0 20 2 1
0 27 1 0
0 58 0 1
0 59 1 2
0 137 0 1
0 266 2 1
0 267 2 0
1
end_operator
begin_operator
link-0-1 n-10-3 n-10-4 cell-9-3 cap-3 cap-2 cell-10-3 cap-3 cap-2
0
7
0 20 2 1
0 27 2 1
0 58 0 1
0 59 1 2
0 137 0 1
0 266 2 1
0 267 2 0
1
end_operator
begin_operator
link-0-1 n-10-3 n-10-4 cell-9-3 cap-3 cap-2 cell-10-3 cap-4 cap-3
0
7
0 20 2 1
0 27 3 2
0 58 0 1
0 59 1 2
0 137 0 1
0 266 2 1
0 267 2 0
1
end_operator
begin_operator
link-0-1 n-10-3 n-10-4 cell-9-3 cap-4 cap-3 cell-10-3 cap-1 cap-0
0
7
0 20 3 2
0 27 0 4
0 58 0 1
0 59 1 2
0 137 0 1
0 266 2 1
0 267 2 0
1
end_operator
begin_operator
link-0-1 n-10-3 n-10-4 cell-9-3 cap-4 cap-3 cell-10-3 cap-2 cap-1
0
7
0 20 3 2
0 27 1 0
0 58 0 1
0 59 1 2
0 137 0 1
0 266 2 1
0 267 2 0
1
end_operator
begin_operator
link-0-1 n-10-3 n-10-4 cell-9-3 cap-4 cap-3 cell-10-3 cap-3 cap-2
0
7
0 20 3 2
0 27 2 1
0 58 0 1
0 59 1 2
0 137 0 1
0 266 2 1
0 267 2 0
1
end_operator
begin_operator
link-0-1 n-10-3 n-10-4 cell-9-3 cap-4 cap-3 cell-10-3 cap-4 cap-3
0
7
0 20 3 2
0 27 3 2
0 58 0 1
0 59 1 2
0 137 0 1
0 266 2 1
0 267 2 0
1
end_operator
begin_operator
link-0-1 n-10-3 n-11-3 cell-10-2 cap-1 cap-0 cell-10-3 cap-1 cap-0
0
7
0 26 0 4
0 27 0 4
0 58 0 1
0 63 1 2
0 138 0 1
0 266 2 1
0 271 2 0
1
end_operator
begin_operator
link-0-1 n-10-3 n-11-3 cell-10-2 cap-1 cap-0 cell-10-3 cap-2 cap-1
0
7
0 26 0 4
0 27 1 0
0 58 0 1
0 63 1 2
0 138 0 1
0 266 2 1
0 271 2 0
1
end_operator
begin_operator
link-0-1 n-10-3 n-11-3 cell-10-2 cap-1 cap-0 cell-10-3 cap-3 cap-2
0
7
0 26 0 4
0 27 2 1
0 58 0 1
0 63 1 2
0 138 0 1
0 266 2 1
0 271 2 0
1
end_operator
begin_operator
link-0-1 n-10-3 n-11-3 cell-10-2 cap-1 cap-0 cell-10-3 cap-4 cap-3
0
7
0 26 0 4
0 27 3 2
0 58 0 1
0 63 1 2
0 138 0 1
0 266 2 1
0 271 2 0
1
end_operator
begin_operator
link-0-1 n-10-3 n-11-3 cell-10-2 cap-2 cap-1 cell-10-3 cap-1 cap-0
0
7
0 26 1 0
0 27 0 4
0 58 0 1
0 63 1 2
0 138 0 1
0 266 2 1
0 271 2 0
1
end_operator
begin_operator
link-0-1 n-10-3 n-11-3 cell-10-2 cap-2 cap-1 cell-10-3 cap-2 cap-1
0
7
0 26 1 0
0 27 1 0
0 58 0 1
0 63 1 2
0 138 0 1
0 266 2 1
0 271 2 0
1
end_operator
begin_operator
link-0-1 n-10-3 n-11-3 cell-10-2 cap-2 cap-1 cell-10-3 cap-3 cap-2
0
7
0 26 1 0
0 27 2 1
0 58 0 1
0 63 1 2
0 138 0 1
0 266 2 1
0 271 2 0
1
end_operator
begin_operator
link-0-1 n-10-3 n-11-3 cell-10-2 cap-2 cap-1 cell-10-3 cap-4 cap-3
0
7
0 26 1 0
0 27 3 2
0 58 0 1
0 63 1 2
0 138 0 1
0 266 2 1
0 271 2 0
1
end_operator
begin_operator
link-0-1 n-10-3 n-11-3 cell-10-2 cap-3 cap-2 cell-10-3 cap-1 cap-0
0
7
0 26 2 1
0 27 0 4
0 58 0 1
0 63 1 2
0 138 0 1
0 266 2 1
0 271 2 0
1
end_operator
begin_operator
link-0-1 n-10-3 n-11-3 cell-10-2 cap-3 cap-2 cell-10-3 cap-2 cap-1
0
7
0 26 2 1
0 27 1 0
0 58 0 1
0 63 1 2
0 138 0 1
0 266 2 1
0 271 2 0
1
end_operator
begin_operator
link-0-1 n-10-3 n-11-3 cell-10-2 cap-3 cap-2 cell-10-3 cap-3 cap-2
0
7
0 26 2 1
0 27 2 1
0 58 0 1
0 63 1 2
0 138 0 1
0 266 2 1
0 271 2 0
1
end_operator
begin_operator
link-0-1 n-10-3 n-11-3 cell-10-2 cap-3 cap-2 cell-10-3 cap-4 cap-3
0
7
0 26 2 1
0 27 3 2
0 58 0 1
0 63 1 2
0 138 0 1
0 266 2 1
0 271 2 0
1
end_operator
begin_operator
link-0-1 n-10-3 n-11-3 cell-10-2 cap-4 cap-3 cell-10-3 cap-1 cap-0
0
7
0 26 3 2
0 27 0 4
0 58 0 1
0 63 1 2
0 138 0 1
0 266 2 1
0 271 2 0
1
end_operator
begin_operator
link-0-1 n-10-3 n-11-3 cell-10-2 cap-4 cap-3 cell-10-3 cap-2 cap-1
0
7
0 26 3 2
0 27 1 0
0 58 0 1
0 63 1 2
0 138 0 1
0 266 2 1
0 271 2 0
1
end_operator
begin_operator
link-0-1 n-10-3 n-11-3 cell-10-2 cap-4 cap-3 cell-10-3 cap-3 cap-2
0
7
0 26 3 2
0 27 2 1
0 58 0 1
0 63 1 2
0 138 0 1
0 266 2 1
0 271 2 0
1
end_operator
begin_operator
link-0-1 n-10-3 n-11-3 cell-10-2 cap-4 cap-3 cell-10-3 cap-4 cap-3
0
7
0 26 3 2
0 27 3 2
0 58 0 1
0 63 1 2
0 138 0 1
0 266 2 1
0 271 2 0
1
end_operator
begin_operator
link-0-1 n-10-4 n-11-4 cell-10-3 cap-1 cap-0 cell-outside-10-right cap-1 cap-0
0
7
0 27 0 4
0 59 0 1
0 64 1 2
0 139 0 1
0 224 0 1
0 267 2 1
0 272 2 0
1
end_operator
begin_operator
link-0-1 n-10-4 n-11-4 cell-10-3 cap-2 cap-1 cell-outside-10-right cap-1 cap-0
0
7
0 27 1 0
0 59 0 1
0 64 1 2
0 139 0 1
0 224 0 1
0 267 2 1
0 272 2 0
1
end_operator
begin_operator
link-0-1 n-10-4 n-11-4 cell-10-3 cap-3 cap-2 cell-outside-10-right cap-1 cap-0
0
7
0 27 2 1
0 59 0 1
0 64 1 2
0 139 0 1
0 224 0 1
0 267 2 1
0 272 2 0
1
end_operator
begin_operator
link-0-1 n-10-4 n-11-4 cell-10-3 cap-4 cap-3 cell-outside-10-right cap-1 cap-0
0
7
0 27 3 2
0 59 0 1
0 64 1 2
0 139 0 1
0 224 0 1
0 267 2 1
0 272 2 0
1
end_operator
begin_operator
link-0-1 n-11-0 n-11-1 cell-10-0 cap-1 cap-0 cell-11-0 cap-1 cap-0
0
7
0 28 0 4
0 60 0 1
0 61 1 2
0 111 1 0
0 140 0 1
0 268 2 1
0 269 2 0
1
end_operator
begin_operator
link-0-1 n-11-0 n-11-1 cell-10-0 cap-1 cap-0 cell-11-0 cap-2 cap-1
0
7
0 28 1 0
0 60 0 1
0 61 1 2
0 111 1 0
0 140 0 1
0 268 2 1
0 269 2 0
1
end_operator
begin_operator
link-0-1 n-11-0 n-11-1 cell-10-0 cap-1 cap-0 cell-11-0 cap-3 cap-2
0
7
0 28 2 1
0 60 0 1
0 61 1 2
0 111 1 0
0 140 0 1
0 268 2 1
0 269 2 0
1
end_operator
begin_operator
link-0-1 n-11-0 n-11-1 cell-10-0 cap-1 cap-0 cell-11-0 cap-4 cap-3
0
7
0 28 3 2
0 60 0 1
0 61 1 2
0 111 1 0
0 140 0 1
0 268 2 1
0 269 2 0
1
end_operator
begin_operator
link-0-1 n-11-0 n-12-0 cell-outside-11-left cap-1 cap-0 cell-11-0 cap-1 cap-0
0
7
0 28 0 4
0 60 0 1
0 65 1 2
0 141 0 1
0 226 0 1
0 268 2 1
0 273 2 0
1
end_operator
begin_operator
link-0-1 n-11-0 n-12-0 cell-outside-11-left cap-1 cap-0 cell-11-0 cap-2 cap-1
0
7
0 28 1 0
0 60 0 1
0 65 1 2
0 141 0 1
0 226 0 1
0 268 2 1
0 273 2 0
1
end_operator
begin_operator
link-0-1 n-11-0 n-12-0 cell-outside-11-left cap-1 cap-0 cell-11-0 cap-3 cap-2
0
7
0 28 2 1
0 60 0 1
0 65 1 2
0 141 0 1
0 226 0 1
0 268 2 1
0 273 2 0
1
end_operator
begin_operator
link-0-1 n-11-1 n-11-2 cell-10-1 cap-1 cap-0 cell-11-1 cap-1 cap-0
0
7
0 25 1 0
0 42 1 0
0 61 0 1
0 62 1 2
0 142 0 1
0 269 2 1
0 270 2 0
1
end_operator
begin_operator
link-0-1 n-11-1 n-11-2 cell-10-1 cap-1 cap-0 cell-11-1 cap-2 cap-1
0
7
0 25 1 0
0 42 2 1
0 61 0 1
0 62 1 2
0 142 0 1
0 269 2 1
0 270 2 0
1
end_operator
begin_operator
link-0-1 n-11-1 n-11-2 cell-10-1 cap-2 cap-1 cell-11-1 cap-1 cap-0
0
7
0 25 2 1
0 42 1 0
0 61 0 1
0 62 1 2
0 142 0 1
0 269 2 1
0 270 2 0
1
end_operator
begin_operator
link-0-1 n-11-1 n-11-2 cell-10-1 cap-2 cap-1 cell-11-1 cap-2 cap-1
0
7
0 25 2 1
0 42 2 1
0 61 0 1
0 62 1 2
0 142 0 1
0 269 2 1
0 270 2 0
1
end_operator
begin_operator
link-0-1 n-11-1 n-11-2 cell-10-1 cap-3 cap-2 cell-11-1 cap-1 cap-0
0
7
0 25 3 2
0 42 1 0
0 61 0 1
0 62 1 2
0 142 0 1
0 269 2 1
0 270 2 0
1
end_operator
begin_operator
link-0-1 n-11-1 n-11-2 cell-10-1 cap-3 cap-2 cell-11-1 cap-2 cap-1
0
7
0 25 3 2
0 42 2 1
0 61 0 1
0 62 1 2
0 142 0 1
0 269 2 1
0 270 2 0
1
end_operator
begin_operator
link-0-1 n-11-1 n-12-1 cell-11-0 cap-1 cap-0 cell-11-1 cap-1 cap-0
0
7
0 28 0 4
0 42 1 0
0 61 0 1
0 66 1 2
0 143 0 1
0 269 2 1
0 274 2 0
1
end_operator
begin_operator
link-0-1 n-11-1 n-12-1 cell-11-0 cap-1 cap-0 cell-11-1 cap-2 cap-1
0
7
0 28 0 4
0 42 2 1
0 61 0 1
0 66 1 2
0 143 0 1
0 269 2 1
0 274 2 0
1
end_operator
begin_operator
link-0-1 n-11-1 n-12-1 cell-11-0 cap-2 cap-1 cell-11-1 cap-1 cap-0
0
7
0 28 1 0
0 42 1 0
0 61 0 1
0 66 1 2
0 143 0 1
0 269 2 1
0 274 2 0
1
end_operator
begin_operator
link-0-1 n-11-1 n-12-1 cell-11-0 cap-2 cap-1 cell-11-1 cap-2 cap-1
0
7
0 28 1 0
0 42 2 1
0 61 0 1
0 66 1 2
0 143 0 1
0 269 2 1
0 274 2 0
1
end_operator
begin_operator
link-0-1 n-11-1 n-12-1 cell-11-0 cap-3 cap-2 cell-11-1 cap-1 cap-0
0
7
0 28 2 1
0 42 1 0
0 61 0 1
0 66 1 2
0 143 0 1
0 269 2 1
0 274 2 0
1
end_operator
begin_operator
link-0-1 n-11-1 n-12-1 cell-11-0 cap-3 cap-2 cell-11-1 cap-2 cap-1
0
7
0 28 2 1
0 42 2 1
0 61 0 1
0 66 1 2
0 143 0 1
0 269 2 1
0 274 2 0
1
end_operator
begin_operator
link-0-1 n-11-1 n-12-1 cell-11-0 cap-4 cap-3 cell-11-1 cap-1 cap-0
0
7
0 28 3 2
0 42 1 0
0 61 0 1
0 66 1 2
0 143 0 1
0 269 2 1
0 274 2 0
1
end_operator
begin_operator
link-0-1 n-11-1 n-12-1 cell-11-0 cap-4 cap-3 cell-11-1 cap-2 cap-1
0
7
0 28 3 2
0 42 2 1
0 61 0 1
0 66 1 2
0 143 0 1
0 269 2 1
0 274 2 0
1
end_operator
begin_operator
link-0-1 n-11-2 n-11-3 cell-10-2 cap-1 cap-0 cell-11-2 cap-1 cap-0
0
7
0 26 0 4
0 29 0 4
0 62 0 1
0 63 1 2
0 144 0 1
0 270 2 1
0 271 2 0
1
end_operator
begin_operator
link-0-1 n-11-2 n-11-3 cell-10-2 cap-1 cap-0 cell-11-2 cap-2 cap-1
0
7
0 26 0 4
0 29 1 0
0 62 0 1
0 63 1 2
0 144 0 1
0 270 2 1
0 271 2 0
1
end_operator
begin_operator
link-0-1 n-11-2 n-11-3 cell-10-2 cap-1 cap-0 cell-11-2 cap-3 cap-2
0
7
0 26 0 4
0 29 2 1
0 62 0 1
0 63 1 2
0 144 0 1
0 270 2 1
0 271 2 0
1
end_operator
begin_operator
link-0-1 n-11-2 n-11-3 cell-10-2 cap-1 cap-0 cell-11-2 cap-4 cap-3
0
7
0 26 0 4
0 29 3 2
0 62 0 1
0 63 1 2
0 144 0 1
0 270 2 1
0 271 2 0
1
end_operator
begin_operator
link-0-1 n-11-2 n-11-3 cell-10-2 cap-2 cap-1 cell-11-2 cap-1 cap-0
0
7
0 26 1 0
0 29 0 4
0 62 0 1
0 63 1 2
0 144 0 1
0 270 2 1
0 271 2 0
1
end_operator
begin_operator
link-0-1 n-11-2 n-11-3 cell-10-2 cap-2 cap-1 cell-11-2 cap-2 cap-1
0
7
0 26 1 0
0 29 1 0
0 62 0 1
0 63 1 2
0 144 0 1
0 270 2 1
0 271 2 0
1
end_operator
begin_operator
link-0-1 n-11-2 n-11-3 cell-10-2 cap-2 cap-1 cell-11-2 cap-3 cap-2
0
7
0 26 1 0
0 29 2 1
0 62 0 1
0 63 1 2
0 144 0 1
0 270 2 1
0 271 2 0
1
end_operator
begin_operator
link-0-1 n-11-2 n-11-3 cell-10-2 cap-2 cap-1 cell-11-2 cap-4 cap-3
0
7
0 26 1 0
0 29 3 2
0 62 0 1
0 63 1 2
0 144 0 1
0 270 2 1
0 271 2 0
1
end_operator
begin_operator
link-0-1 n-11-2 n-11-3 cell-10-2 cap-3 cap-2 cell-11-2 cap-1 cap-0
0
7
0 26 2 1
0 29 0 4
0 62 0 1
0 63 1 2
0 144 0 1
0 270 2 1
0 271 2 0
1
end_operator
begin_operator
link-0-1 n-11-2 n-11-3 cell-10-2 cap-3 cap-2 cell-11-2 cap-2 cap-1
0
7
0 26 2 1
0 29 1 0
0 62 0 1
0 63 1 2
0 144 0 1
0 270 2 1
0 271 2 0
1
end_operator
begin_operator
link-0-1 n-11-2 n-11-3 cell-10-2 cap-3 cap-2 cell-11-2 cap-3 cap-2
0
7
0 26 2 1
0 29 2 1
0 62 0 1
0 63 1 2
0 144 0 1
0 270 2 1
0 271 2 0
1
end_operator
begin_operator
link-0-1 n-11-2 n-11-3 cell-10-2 cap-3 cap-2 cell-11-2 cap-4 cap-3
0
7
0 26 2 1
0 29 3 2
0 62 0 1
0 63 1 2
0 144 0 1
0 270 2 1
0 271 2 0
1
end_operator
begin_operator
link-0-1 n-11-2 n-11-3 cell-10-2 cap-4 cap-3 cell-11-2 cap-1 cap-0
0
7
0 26 3 2
0 29 0 4
0 62 0 1
0 63 1 2
0 144 0 1
0 270 2 1
0 271 2 0
1
end_operator
begin_operator
link-0-1 n-11-2 n-11-3 cell-10-2 cap-4 cap-3 cell-11-2 cap-2 cap-1
0
7
0 26 3 2
0 29 1 0
0 62 0 1
0 63 1 2
0 144 0 1
0 270 2 1
0 271 2 0
1
end_operator
begin_operator
link-0-1 n-11-2 n-11-3 cell-10-2 cap-4 cap-3 cell-11-2 cap-3 cap-2
0
7
0 26 3 2
0 29 2 1
0 62 0 1
0 63 1 2
0 144 0 1
0 270 2 1
0 271 2 0
1
end_operator
begin_operator
link-0-1 n-11-2 n-11-3 cell-10-2 cap-4 cap-3 cell-11-2 cap-4 cap-3
0
7
0 26 3 2
0 29 3 2
0 62 0 1
0 63 1 2
0 144 0 1
0 270 2 1
0 271 2 0
1
end_operator
begin_operator
link-0-1 n-11-2 n-12-2 cell-11-1 cap-1 cap-0 cell-11-2 cap-1 cap-0
0
7
0 29 0 4
0 42 1 0
0 62 0 1
0 67 1 2
0 145 0 1
0 270 2 1
0 275 2 0
1
end_operator
begin_operator
link-0-1 n-11-2 n-12-2 cell-11-1 cap-1 cap-0 cell-11-2 cap-2 cap-1
0
7
0 29 1 0
0 42 1 0
0 62 0 1
0 67 1 2
0 145 0 1
0 270 2 1
0 275 2 0
1
end_operator
begin_operator
link-0-1 n-11-2 n-12-2 cell-11-1 cap-1 cap-0 cell-11-2 cap-3 cap-2
0
7
0 29 2 1
0 42 1 0
0 62 0 1
0 67 1 2
0 145 0 1
0 270 2 1
0 275 2 0
1
end_operator
begin_operator
link-0-1 n-11-2 n-12-2 cell-11-1 cap-1 cap-0 cell-11-2 cap-4 cap-3
0
7
0 29 3 2
0 42 1 0
0 62 0 1
0 67 1 2
0 145 0 1
0 270 2 1
0 275 2 0
1
end_operator
begin_operator
link-0-1 n-11-2 n-12-2 cell-11-1 cap-2 cap-1 cell-11-2 cap-1 cap-0
0
7
0 29 0 4
0 42 2 1
0 62 0 1
0 67 1 2
0 145 0 1
0 270 2 1
0 275 2 0
1
end_operator
begin_operator
link-0-1 n-11-2 n-12-2 cell-11-1 cap-2 cap-1 cell-11-2 cap-2 cap-1
0
7
0 29 1 0
0 42 2 1
0 62 0 1
0 67 1 2
0 145 0 1
0 270 2 1
0 275 2 0
1
end_operator
begin_operator
link-0-1 n-11-2 n-12-2 cell-11-1 cap-2 cap-1 cell-11-2 cap-3 cap-2
0
7
0 29 2 1
0 42 2 1
0 62 0 1
0 67 1 2
0 145 0 1
0 270 2 1
0 275 2 0
1
end_operator
begin_operator
link-0-1 n-11-2 n-12-2 cell-11-1 cap-2 cap-1 cell-11-2 cap-4 cap-3
0
7
0 29 3 2
0 42 2 1
0 62 0 1
0 67 1 2
0 145 0 1
0 270 2 1
0 275 2 0
1
end_operator
begin_operator
link-0-1 n-11-3 n-11-4 cell-10-3 cap-1 cap-0 cell-11-3 cap-1 cap-0
0
7
0 27 0 4
0 30 1 0
0 63 0 1
0 64 1 2
0 146 0 1
0 271 2 1
0 272 2 0
1
end_operator
begin_operator
link-0-1 n-11-3 n-11-4 cell-10-3 cap-1 cap-0 cell-11-3 cap-2 cap-1
0
7
0 27 0 4
0 30 2 1
0 63 0 1
0 64 1 2
0 146 0 1
0 271 2 1
0 272 2 0
1
end_operator
begin_operator
link-0-1 n-11-3 n-11-4 cell-10-3 cap-1 cap-0 cell-11-3 cap-3 cap-2
0
7
0 27 0 4
0 30 3 2
0 63 0 1
0 64 1 2
0 146 0 1
0 271 2 1
0 272 2 0
1
end_operator
begin_operator
link-0-1 n-11-3 n-11-4 cell-10-3 cap-2 cap-1 cell-11-3 cap-1 cap-0
0
7
0 27 1 0
0 30 1 0
0 63 0 1
0 64 1 2
0 146 0 1
0 271 2 1
0 272 2 0
1
end_operator
begin_operator
link-0-1 n-11-3 n-11-4 cell-10-3 cap-2 cap-1 cell-11-3 cap-2 cap-1
0
7
0 27 1 0
0 30 2 1
0 63 0 1
0 64 1 2
0 146 0 1
0 271 2 1
0 272 2 0
1
end_operator
begin_operator
link-0-1 n-11-3 n-11-4 cell-10-3 cap-2 cap-1 cell-11-3 cap-3 cap-2
0
7
0 27 1 0
0 30 3 2
0 63 0 1
0 64 1 2
0 146 0 1
0 271 2 1
0 272 2 0
1
end_operator
begin_operator
link-0-1 n-11-3 n-11-4 cell-10-3 cap-3 cap-2 cell-11-3 cap-1 cap-0
0
7
0 27 2 1
0 30 1 0
0 63 0 1
0 64 1 2
0 146 0 1
0 271 2 1
0 272 2 0
1
end_operator
begin_operator
link-0-1 n-11-3 n-11-4 cell-10-3 cap-3 cap-2 cell-11-3 cap-2 cap-1
0
7
0 27 2 1
0 30 2 1
0 63 0 1
0 64 1 2
0 146 0 1
0 271 2 1
0 272 2 0
1
end_operator
begin_operator
link-0-1 n-11-3 n-11-4 cell-10-3 cap-3 cap-2 cell-11-3 cap-3 cap-2
0
7
0 27 2 1
0 30 3 2
0 63 0 1
0 64 1 2
0 146 0 1
0 271 2 1
0 272 2 0
1
end_operator
begin_operator
link-0-1 n-11-3 n-11-4 cell-10-3 cap-4 cap-3 cell-11-3 cap-1 cap-0
0
7
0 27 3 2
0 30 1 0
0 63 0 1
0 64 1 2
0 146 0 1
0 271 2 1
0 272 2 0
1
end_operator
begin_operator
link-0-1 n-11-3 n-11-4 cell-10-3 cap-4 cap-3 cell-11-3 cap-2 cap-1
0
7
0 27 3 2
0 30 2 1
0 63 0 1
0 64 1 2
0 146 0 1
0 271 2 1
0 272 2 0
1
end_operator
begin_operator
link-0-1 n-11-3 n-11-4 cell-10-3 cap-4 cap-3 cell-11-3 cap-3 cap-2
0
7
0 27 3 2
0 30 3 2
0 63 0 1
0 64 1 2
0 146 0 1
0 271 2 1
0 272 2 0
1
end_operator
begin_operator
link-0-1 n-11-3 n-12-3 cell-11-2 cap-1 cap-0 cell-11-3 cap-1 cap-0
0
7
0 29 0 4
0 30 1 0
0 63 0 1
0 68 1 2
0 147 0 1
0 271 2 1
0 276 2 0
1
end_operator
begin_operator
link-0-1 n-11-3 n-12-3 cell-11-2 cap-1 cap-0 cell-11-3 cap-2 cap-1
0
7
0 29 0 4
0 30 2 1
0 63 0 1
0 68 1 2
0 147 0 1
0 271 2 1
0 276 2 0
1
end_operator
begin_operator
link-0-1 n-11-3 n-12-3 cell-11-2 cap-1 cap-0 cell-11-3 cap-3 cap-2
0
7
0 29 0 4
0 30 3 2
0 63 0 1
0 68 1 2
0 147 0 1
0 271 2 1
0 276 2 0
1
end_operator
begin_operator
link-0-1 n-11-3 n-12-3 cell-11-2 cap-2 cap-1 cell-11-3 cap-1 cap-0
0
7
0 29 1 0
0 30 1 0
0 63 0 1
0 68 1 2
0 147 0 1
0 271 2 1
0 276 2 0
1
end_operator
begin_operator
link-0-1 n-11-3 n-12-3 cell-11-2 cap-2 cap-1 cell-11-3 cap-2 cap-1
0
7
0 29 1 0
0 30 2 1
0 63 0 1
0 68 1 2
0 147 0 1
0 271 2 1
0 276 2 0
1
end_operator
begin_operator
link-0-1 n-11-3 n-12-3 cell-11-2 cap-2 cap-1 cell-11-3 cap-3 cap-2
0
7
0 29 1 0
0 30 3 2
0 63 0 1
0 68 1 2
0 147 0 1
0 271 2 1
0 276 2 0
1
end_operator
begin_operator
link-0-1 n-11-3 n-12-3 cell-11-2 cap-3 cap-2 cell-11-3 cap-1 cap-0
0
7
0 29 2 1
0 30 1 0
0 63 0 1
0 68 1 2
0 147 0 1
0 271 2 1
0 276 2 0
1
end_operator
begin_operator
link-0-1 n-11-3 n-12-3 cell-11-2 cap-3 cap-2 cell-11-3 cap-2 cap-1
0
7
0 29 2 1
0 30 2 1
0 63 0 1
0 68 1 2
0 147 0 1
0 271 2 1
0 276 2 0
1
end_operator
begin_operator
link-0-1 n-11-3 n-12-3 cell-11-2 cap-3 cap-2 cell-11-3 cap-3 cap-2
0
7
0 29 2 1
0 30 3 2
0 63 0 1
0 68 1 2
0 147 0 1
0 271 2 1
0 276 2 0
1
end_operator
begin_operator
link-0-1 n-11-3 n-12-3 cell-11-2 cap-4 cap-3 cell-11-3 cap-1 cap-0
0
7
0 29 3 2
0 30 1 0
0 63 0 1
0 68 1 2
0 147 0 1
0 271 2 1
0 276 2 0
1
end_operator
begin_operator
link-0-1 n-11-3 n-12-3 cell-11-2 cap-4 cap-3 cell-11-3 cap-2 cap-1
0
7
0 29 3 2
0 30 2 1
0 63 0 1
0 68 1 2
0 147 0 1
0 271 2 1
0 276 2 0
1
end_operator
begin_operator
link-0-1 n-11-3 n-12-3 cell-11-2 cap-4 cap-3 cell-11-3 cap-3 cap-2
0
7
0 29 3 2
0 30 3 2
0 63 0 1
0 68 1 2
0 147 0 1
0 271 2 1
0 276 2 0
1
end_operator
begin_operator
link-0-1 n-11-4 n-12-4 cell-11-3 cap-1 cap-0 cell-outside-11-right cap-1 cap-0
0
7
0 30 1 0
0 64 0 1
0 69 1 2
0 148 0 1
0 228 0 1
0 272 2 1
0 277 2 0
1
end_operator
begin_operator
link-0-1 n-11-4 n-12-4 cell-11-3 cap-2 cap-1 cell-outside-11-right cap-1 cap-0
0
7
0 30 2 1
0 64 0 1
0 69 1 2
0 148 0 1
0 228 0 1
0 272 2 1
0 277 2 0
1
end_operator
begin_operator
link-0-1 n-12-0 n-12-1 cell-11-0 cap-1 cap-0 cell-outside-0-down cap-1 cap-0
0
7
0 28 0 4
0 65 0 1
0 66 1 2
0 149 0 1
0 206 0 1
0 273 2 1
0 274 2 0
1
end_operator
begin_operator
link-0-1 n-12-0 n-12-1 cell-11-0 cap-2 cap-1 cell-outside-0-down cap-1 cap-0
0
7
0 28 1 0
0 65 0 1
0 66 1 2
0 149 0 1
0 206 0 1
0 273 2 1
0 274 2 0
1
end_operator
begin_operator
link-0-1 n-12-0 n-12-1 cell-11-0 cap-3 cap-2 cell-outside-0-down cap-1 cap-0
0
7
0 28 2 1
0 65 0 1
0 66 1 2
0 149 0 1
0 206 0 1
0 273 2 1
0 274 2 0
1
end_operator
begin_operator
link-0-1 n-12-0 n-12-1 cell-11-0 cap-4 cap-3 cell-outside-0-down cap-1 cap-0
0
7
0 28 3 2
0 65 0 1
0 66 1 2
0 149 0 1
0 206 0 1
0 273 2 1
0 274 2 0
1
end_operator
begin_operator
link-0-1 n-12-1 n-12-2 cell-11-1 cap-1 cap-0 cell-outside-1-down cap-1 cap-0
0
7
0 42 1 0
0 66 0 1
0 67 1 2
0 150 0 1
0 214 0 1
0 274 2 1
0 275 2 0
1
end_operator
begin_operator
link-0-1 n-12-1 n-12-2 cell-11-1 cap-2 cap-1 cell-outside-1-down cap-1 cap-0
0
7
0 42 2 1
0 66 0 1
0 67 1 2
0 150 0 1
0 214 0 1
0 274 2 1
0 275 2 0
1
end_operator
begin_operator
link-0-1 n-12-2 n-12-3 cell-11-2 cap-1 cap-0 cell-outside-2-down cap-1 cap-0
0
7
0 29 0 4
0 67 0 1
0 68 1 2
0 151 0 1
0 230 0 1
0 275 2 1
0 276 2 0
1
end_operator
begin_operator
link-0-1 n-12-2 n-12-3 cell-11-2 cap-2 cap-1 cell-outside-2-down cap-1 cap-0
0
7
0 29 1 0
0 67 0 1
0 68 1 2
0 151 0 1
0 230 0 1
0 275 2 1
0 276 2 0
1
end_operator
begin_operator
link-0-1 n-12-2 n-12-3 cell-11-2 cap-3 cap-2 cell-outside-2-down cap-1 cap-0
0
7
0 29 2 1
0 67 0 1
0 68 1 2
0 151 0 1
0 230 0 1
0 275 2 1
0 276 2 0
1
end_operator
begin_operator
link-0-1 n-12-2 n-12-3 cell-11-2 cap-4 cap-3 cell-outside-2-down cap-1 cap-0
0
7
0 29 3 2
0 67 0 1
0 68 1 2
0 151 0 1
0 230 0 1
0 275 2 1
0 276 2 0
1
end_operator
begin_operator
link-0-1 n-12-3 n-12-4 cell-11-3 cap-1 cap-0 cell-outside-3-down cap-1 cap-0
0
7
0 30 1 0
0 68 0 1
0 69 1 2
0 152 0 1
0 237 0 1
0 276 2 1
0 277 2 0
1
end_operator
begin_operator
link-0-1 n-12-3 n-12-4 cell-11-3 cap-2 cap-1 cell-outside-3-down cap-1 cap-0
0
7
0 30 2 1
0 68 0 1
0 69 1 2
0 152 0 1
0 237 0 1
0 276 2 1
0 277 2 0
1
end_operator
begin_operator
link-0-1 n-2-0 n-2-1 cell-1-0 cap-1 cap-0 cell-2-0 cap-1 cap-0
0
7
0 31 0 4
0 40 1 0
0 70 0 1
0 71 1 2
0 153 0 1
0 278 2 1
0 279 2 0
1
end_operator
begin_operator
link-0-1 n-2-0 n-2-1 cell-1-0 cap-1 cap-0 cell-2-0 cap-2 cap-1
0
7
0 31 1 0
0 40 1 0
0 70 0 1
0 71 1 2
0 153 0 1
0 278 2 1
0 279 2 0
1
end_operator
begin_operator
link-0-1 n-2-0 n-2-1 cell-1-0 cap-1 cap-0 cell-2-0 cap-3 cap-2
0
7
0 31 2 1
0 40 1 0
0 70 0 1
0 71 1 2
0 153 0 1
0 278 2 1
0 279 2 0
1
end_operator
begin_operator
link-0-1 n-2-0 n-2-1 cell-1-0 cap-1 cap-0 cell-2-0 cap-4 cap-3
0
7
0 31 3 2
0 40 1 0
0 70 0 1
0 71 1 2
0 153 0 1
0 278 2 1
0 279 2 0
1
end_operator
begin_operator
link-0-1 n-2-0 n-2-1 cell-1-0 cap-2 cap-1 cell-2-0 cap-1 cap-0
0
7
0 31 0 4
0 40 2 1
0 70 0 1
0 71 1 2
0 153 0 1
0 278 2 1
0 279 2 0
1
end_operator
begin_operator
link-0-1 n-2-0 n-2-1 cell-1-0 cap-2 cap-1 cell-2-0 cap-2 cap-1
0
7
0 31 1 0
0 40 2 1
0 70 0 1
0 71 1 2
0 153 0 1
0 278 2 1
0 279 2 0
1
end_operator
begin_operator
link-0-1 n-2-0 n-2-1 cell-1-0 cap-2 cap-1 cell-2-0 cap-3 cap-2
0
7
0 31 2 1
0 40 2 1
0 70 0 1
0 71 1 2
0 153 0 1
0 278 2 1
0 279 2 0
1
end_operator
begin_operator
link-0-1 n-2-0 n-2-1 cell-1-0 cap-2 cap-1 cell-2-0 cap-4 cap-3
0
7
0 31 3 2
0 40 2 1
0 70 0 1
0 71 1 2
0 153 0 1
0 278 2 1
0 279 2 0
1
end_operator
begin_operator
link-0-1 n-2-0 n-3-0 cell-outside-2-left cap-1 cap-0 cell-2-0 cap-1 cap-0
0
7
0 31 0 4
0 70 0 1
0 75 1 2
0 154 0 1
0 232 0 1
0 278 2 1
0 283 2 0
1
end_operator
begin_operator
link-0-1 n-2-0 n-3-0 cell-outside-2-left cap-1 cap-0 cell-2-0 cap-2 cap-1
0
7
0 31 1 0
0 70 0 1
0 75 1 2
0 154 0 1
0 232 0 1
0 278 2 1
0 283 2 0
1
end_operator
begin_operator
link-0-1 n-2-0 n-3-0 cell-outside-2-left cap-1 cap-0 cell-2-0 cap-3 cap-2
0
7
0 31 2 1
0 70 0 1
0 75 1 2
0 154 0 1
0 232 0 1
0 278 2 1
0 283 2 0
1
end_operator
begin_operator
link-0-1 n-2-0 n-3-0 cell-outside-2-left cap-1 cap-0 cell-2-0 cap-4 cap-3
0
7
0 31 3 2
0 70 0 1
0 75 1 2
0 154 0 1
0 232 0 1
0 278 2 1
0 283 2 0
1
end_operator
begin_operator
link-0-1 n-2-1 n-2-2 cell-1-1 cap-1 cap-0 cell-2-1 cap-1 cap-0
0
7
0 23 0 4
0 43 1 0
0 71 0 1
0 72 1 2
0 155 0 1
0 279 2 1
0 280 2 0
1
end_operator
begin_operator
link-0-1 n-2-1 n-2-2 cell-1-1 cap-1 cap-0 cell-2-1 cap-2 cap-1
0
7
0 23 0 4
0 43 2 1
0 71 0 1
0 72 1 2
0 155 0 1
0 279 2 1
0 280 2 0
1
end_operator
begin_operator
link-0-1 n-2-1 n-2-2 cell-1-1 cap-2 cap-1 cell-2-1 cap-1 cap-0
0
7
0 23 1 0
0 43 1 0
0 71 0 1
0 72 1 2
0 155 0 1
0 279 2 1
0 280 2 0
1
end_operator
begin_operator
link-0-1 n-2-1 n-2-2 cell-1-1 cap-2 cap-1 cell-2-1 cap-2 cap-1
0
7
0 23 1 0
0 43 2 1
0 71 0 1
0 72 1 2
0 155 0 1
0 279 2 1
0 280 2 0
1
end_operator
begin_operator
link-0-1 n-2-1 n-2-2 cell-1-1 cap-3 cap-2 cell-2-1 cap-1 cap-0
0
7
0 23 2 1
0 43 1 0
0 71 0 1
0 72 1 2
0 155 0 1
0 279 2 1
0 280 2 0
1
end_operator
begin_operator
link-0-1 n-2-1 n-2-2 cell-1-1 cap-3 cap-2 cell-2-1 cap-2 cap-1
0
7
0 23 2 1
0 43 2 1
0 71 0 1
0 72 1 2
0 155 0 1
0 279 2 1
0 280 2 0
1
end_operator
begin_operator
link-0-1 n-2-1 n-2-2 cell-1-1 cap-4 cap-3 cell-2-1 cap-1 cap-0
0
7
0 23 3 2
0 43 1 0
0 71 0 1
0 72 1 2
0 155 0 1
0 279 2 1
0 280 2 0
1
end_operator
begin_operator
link-0-1 n-2-1 n-2-2 cell-1-1 cap-4 cap-3 cell-2-1 cap-2 cap-1
0
7
0 23 3 2
0 43 2 1
0 71 0 1
0 72 1 2
0 155 0 1
0 279 2 1
0 280 2 0
1
end_operator
begin_operator
link-0-1 n-2-1 n-3-1 cell-2-0 cap-1 cap-0 cell-2-1 cap-1 cap-0
0
7
0 31 0 4
0 43 1 0
0 71 0 1
0 76 1 2
0 156 0 1
0 279 2 1
0 284 2 0
1
end_operator
begin_operator
link-0-1 n-2-1 n-3-1 cell-2-0 cap-1 cap-0 cell-2-1 cap-2 cap-1
0
7
0 31 0 4
0 43 2 1
0 71 0 1
0 76 1 2
0 156 0 1
0 279 2 1
0 284 2 0
1
end_operator
begin_operator
link-0-1 n-2-1 n-3-1 cell-2-0 cap-2 cap-1 cell-2-1 cap-1 cap-0
0
7
0 31 1 0
0 43 1 0
0 71 0 1
0 76 1 2
0 156 0 1
0 279 2 1
0 284 2 0
1
end_operator
begin_operator
link-0-1 n-2-1 n-3-1 cell-2-0 cap-2 cap-1 cell-2-1 cap-2 cap-1
0
7
0 31 1 0
0 43 2 1
0 71 0 1
0 76 1 2
0 156 0 1
0 279 2 1
0 284 2 0
1
end_operator
begin_operator
link-0-1 n-2-1 n-3-1 cell-2-0 cap-3 cap-2 cell-2-1 cap-1 cap-0
0
7
0 31 2 1
0 43 1 0
0 71 0 1
0 76 1 2
0 156 0 1
0 279 2 1
0 284 2 0
1
end_operator
begin_operator
link-0-1 n-2-1 n-3-1 cell-2-0 cap-3 cap-2 cell-2-1 cap-2 cap-1
0
7
0 31 2 1
0 43 2 1
0 71 0 1
0 76 1 2
0 156 0 1
0 279 2 1
0 284 2 0
1
end_operator
begin_operator
link-0-1 n-2-2 n-2-3 cell-1-2 cap-1 cap-0 cell-2-2 cap-1 cap-0
0
7
0 24 0 4
0 32 0 4
0 72 0 1
0 73 1 2
0 157 0 1
0 280 2 1
0 281 2 0
1
end_operator
begin_operator
link-0-1 n-2-2 n-2-3 cell-1-2 cap-1 cap-0 cell-2-2 cap-2 cap-1
0
7
0 24 0 4
0 32 1 0
0 72 0 1
0 73 1 2
0 157 0 1
0 280 2 1
0 281 2 0
1
end_operator
begin_operator
link-0-1 n-2-2 n-2-3 cell-1-2 cap-1 cap-0 cell-2-2 cap-3 cap-2
0
7
0 24 0 4
0 32 2 1
0 72 0 1
0 73 1 2
0 157 0 1
0 280 2 1
0 281 2 0
1
end_operator
begin_operator
link-0-1 n-2-2 n-2-3 cell-1-2 cap-1 cap-0 cell-2-2 cap-4 cap-3
0
7
0 24 0 4
0 32 3 2
0 72 0 1
0 73 1 2
0 157 0 1
0 280 2 1
0 281 2 0
1
end_operator
begin_operator
link-0-1 n-2-2 n-2-3 cell-1-2 cap-2 cap-1 cell-2-2 cap-1 cap-0
0
7
0 24 1 0
0 32 0 4
0 72 0 1
0 73 1 2
0 157 0 1
0 280 2 1
0 281 2 0
1
end_operator
begin_operator
link-0-1 n-2-2 n-2-3 cell-1-2 cap-2 cap-1 cell-2-2 cap-2 cap-1
0
7
0 24 1 0
0 32 1 0
0 72 0 1
0 73 1 2
0 157 0 1
0 280 2 1
0 281 2 0
1
end_operator
begin_operator
link-0-1 n-2-2 n-2-3 cell-1-2 cap-2 cap-1 cell-2-2 cap-3 cap-2
0
7
0 24 1 0
0 32 2 1
0 72 0 1
0 73 1 2
0 157 0 1
0 280 2 1
0 281 2 0
1
end_operator
begin_operator
link-0-1 n-2-2 n-2-3 cell-1-2 cap-2 cap-1 cell-2-2 cap-4 cap-3
0
7
0 24 1 0
0 32 3 2
0 72 0 1
0 73 1 2
0 157 0 1
0 280 2 1
0 281 2 0
1
end_operator
begin_operator
link-0-1 n-2-2 n-2-3 cell-1-2 cap-3 cap-2 cell-2-2 cap-1 cap-0
0
7
0 24 2 1
0 32 0 4
0 72 0 1
0 73 1 2
0 157 0 1
0 280 2 1
0 281 2 0
1
end_operator
begin_operator
link-0-1 n-2-2 n-2-3 cell-1-2 cap-3 cap-2 cell-2-2 cap-2 cap-1
0
7
0 24 2 1
0 32 1 0
0 72 0 1
0 73 1 2
0 157 0 1
0 280 2 1
0 281 2 0
1
end_operator
begin_operator
link-0-1 n-2-2 n-2-3 cell-1-2 cap-3 cap-2 cell-2-2 cap-3 cap-2
0
7
0 24 2 1
0 32 2 1
0 72 0 1
0 73 1 2
0 157 0 1
0 280 2 1
0 281 2 0
1
end_operator
begin_operator
link-0-1 n-2-2 n-2-3 cell-1-2 cap-3 cap-2 cell-2-2 cap-4 cap-3
0
7
0 24 2 1
0 32 3 2
0 72 0 1
0 73 1 2
0 157 0 1
0 280 2 1
0 281 2 0
1
end_operator
begin_operator
link-0-1 n-2-2 n-2-3 cell-1-2 cap-4 cap-3 cell-2-2 cap-1 cap-0
0
7
0 24 3 2
0 32 0 4
0 72 0 1
0 73 1 2
0 157 0 1
0 280 2 1
0 281 2 0
1
end_operator
begin_operator
link-0-1 n-2-2 n-2-3 cell-1-2 cap-4 cap-3 cell-2-2 cap-2 cap-1
0
7
0 24 3 2
0 32 1 0
0 72 0 1
0 73 1 2
0 157 0 1
0 280 2 1
0 281 2 0
1
end_operator
begin_operator
link-0-1 n-2-2 n-2-3 cell-1-2 cap-4 cap-3 cell-2-2 cap-3 cap-2
0
7
0 24 3 2
0 32 2 1
0 72 0 1
0 73 1 2
0 157 0 1
0 280 2 1
0 281 2 0
1
end_operator
begin_operator
link-0-1 n-2-2 n-2-3 cell-1-2 cap-4 cap-3 cell-2-2 cap-4 cap-3
0
7
0 24 3 2
0 32 3 2
0 72 0 1
0 73 1 2
0 157 0 1
0 280 2 1
0 281 2 0
1
end_operator
begin_operator
link-0-1 n-2-2 n-3-2 cell-2-1 cap-1 cap-0 cell-2-2 cap-1 cap-0
0
7
0 32 0 4
0 43 1 0
0 72 0 1
0 77 1 2
0 158 0 1
0 280 2 1
0 285 2 0
1
end_operator
begin_operator
link-0-1 n-2-2 n-3-2 cell-2-1 cap-1 cap-0 cell-2-2 cap-2 cap-1
0
7
0 32 1 0
0 43 1 0
0 72 0 1
0 77 1 2
0 158 0 1
0 280 2 1
0 285 2 0
1
end_operator
begin_operator
link-0-1 n-2-2 n-3-2 cell-2-1 cap-1 cap-0 cell-2-2 cap-3 cap-2
0
7
0 32 2 1
0 43 1 0
0 72 0 1
0 77 1 2
0 158 0 1
0 280 2 1
0 285 2 0
1
end_operator
begin_operator
link-0-1 n-2-2 n-3-2 cell-2-1 cap-2 cap-1 cell-2-2 cap-1 cap-0
0
7
0 32 0 4
0 43 2 1
0 72 0 1
0 77 1 2
0 158 0 1
0 280 2 1
0 285 2 0
1
end_operator
begin_operator
link-0-1 n-2-2 n-3-2 cell-2-1 cap-2 cap-1 cell-2-2 cap-2 cap-1
0
7
0 32 1 0
0 43 2 1
0 72 0 1
0 77 1 2
0 158 0 1
0 280 2 1
0 285 2 0
1
end_operator
begin_operator
link-0-1 n-2-2 n-3-2 cell-2-1 cap-2 cap-1 cell-2-2 cap-3 cap-2
0
7
0 32 2 1
0 43 2 1
0 72 0 1
0 77 1 2
0 158 0 1
0 280 2 1
0 285 2 0
1
end_operator
begin_operator
link-0-1 n-2-3 n-2-4 cell-1-3 cap-1 cap-0 cell-2-3 cap-1 cap-0
0
7
0 33 0 4
0 41 1 0
0 73 0 1
0 74 1 2
0 159 0 1
0 281 2 1
0 282 2 0
1
end_operator
begin_operator
link-0-1 n-2-3 n-2-4 cell-1-3 cap-1 cap-0 cell-2-3 cap-2 cap-1
0
7
0 33 1 0
0 41 1 0
0 73 0 1
0 74 1 2
0 159 0 1
0 281 2 1
0 282 2 0
1
end_operator
begin_operator
link-0-1 n-2-3 n-2-4 cell-1-3 cap-1 cap-0 cell-2-3 cap-3 cap-2
0
7
0 33 2 1
0 41 1 0
0 73 0 1
0 74 1 2
0 159 0 1
0 281 2 1
0 282 2 0
1
end_operator
begin_operator
link-0-1 n-2-3 n-2-4 cell-1-3 cap-1 cap-0 cell-2-3 cap-4 cap-3
0
7
0 33 3 2
0 41 1 0
0 73 0 1
0 74 1 2
0 159 0 1
0 281 2 1
0 282 2 0
1
end_operator
begin_operator
link-0-1 n-2-3 n-2-4 cell-1-3 cap-2 cap-1 cell-2-3 cap-1 cap-0
0
7
0 33 0 4
0 41 2 1
0 73 0 1
0 74 1 2
0 159 0 1
0 281 2 1
0 282 2 0
1
end_operator
begin_operator
link-0-1 n-2-3 n-2-4 cell-1-3 cap-2 cap-1 cell-2-3 cap-2 cap-1
0
7
0 33 1 0
0 41 2 1
0 73 0 1
0 74 1 2
0 159 0 1
0 281 2 1
0 282 2 0
1
end_operator
begin_operator
link-0-1 n-2-3 n-2-4 cell-1-3 cap-2 cap-1 cell-2-3 cap-3 cap-2
0
7
0 33 2 1
0 41 2 1
0 73 0 1
0 74 1 2
0 159 0 1
0 281 2 1
0 282 2 0
1
end_operator
begin_operator
link-0-1 n-2-3 n-2-4 cell-1-3 cap-2 cap-1 cell-2-3 cap-4 cap-3
0
7
0 33 3 2
0 41 2 1
0 73 0 1
0 74 1 2
0 159 0 1
0 281 2 1
0 282 2 0
1
end_operator
begin_operator
link-0-1 n-2-3 n-3-3 cell-2-2 cap-1 cap-0 cell-2-3 cap-1 cap-0
0
7
0 32 0 4
0 33 0 4
0 73 0 1
0 78 1 2
0 160 0 1
0 281 2 1
0 286 2 0
1
end_operator
begin_operator
link-0-1 n-2-3 n-3-3 cell-2-2 cap-1 cap-0 cell-2-3 cap-2 cap-1
0
7
0 32 0 4
0 33 1 0
0 73 0 1
0 78 1 2
0 160 0 1
0 281 2 1
0 286 2 0
1
end_operator
begin_operator
link-0-1 n-2-3 n-3-3 cell-2-2 cap-1 cap-0 cell-2-3 cap-3 cap-2
0
7
0 32 0 4
0 33 2 1
0 73 0 1
0 78 1 2
0 160 0 1
0 281 2 1
0 286 2 0
1
end_operator
begin_operator
link-0-1 n-2-3 n-3-3 cell-2-2 cap-1 cap-0 cell-2-3 cap-4 cap-3
0
7
0 32 0 4
0 33 3 2
0 73 0 1
0 78 1 2
0 160 0 1
0 281 2 1
0 286 2 0
1
end_operator
begin_operator
link-0-1 n-2-3 n-3-3 cell-2-2 cap-2 cap-1 cell-2-3 cap-1 cap-0
0
7
0 32 1 0
0 33 0 4
0 73 0 1
0 78 1 2
0 160 0 1
0 281 2 1
0 286 2 0
1
end_operator
begin_operator
link-0-1 n-2-3 n-3-3 cell-2-2 cap-2 cap-1 cell-2-3 cap-2 cap-1
0
7
0 32 1 0
0 33 1 0
0 73 0 1
0 78 1 2
0 160 0 1
0 281 2 1
0 286 2 0
1
end_operator
begin_operator
link-0-1 n-2-3 n-3-3 cell-2-2 cap-2 cap-1 cell-2-3 cap-3 cap-2
0
7
0 32 1 0
0 33 2 1
0 73 0 1
0 78 1 2
0 160 0 1
0 281 2 1
0 286 2 0
1
end_operator
begin_operator
link-0-1 n-2-3 n-3-3 cell-2-2 cap-2 cap-1 cell-2-3 cap-4 cap-3
0
7
0 32 1 0
0 33 3 2
0 73 0 1
0 78 1 2
0 160 0 1
0 281 2 1
0 286 2 0
1
end_operator
begin_operator
link-0-1 n-2-3 n-3-3 cell-2-2 cap-3 cap-2 cell-2-3 cap-1 cap-0
0
7
0 32 2 1
0 33 0 4
0 73 0 1
0 78 1 2
0 160 0 1
0 281 2 1
0 286 2 0
1
end_operator
begin_operator
link-0-1 n-2-3 n-3-3 cell-2-2 cap-3 cap-2 cell-2-3 cap-2 cap-1
0
7
0 32 2 1
0 33 1 0
0 73 0 1
0 78 1 2
0 160 0 1
0 281 2 1
0 286 2 0
1
end_operator
begin_operator
link-0-1 n-2-3 n-3-3 cell-2-2 cap-3 cap-2 cell-2-3 cap-3 cap-2
0
7
0 32 2 1
0 33 2 1
0 73 0 1
0 78 1 2
0 160 0 1
0 281 2 1
0 286 2 0
1
end_operator
begin_operator
link-0-1 n-2-3 n-3-3 cell-2-2 cap-3 cap-2 cell-2-3 cap-4 cap-3
0
7
0 32 2 1
0 33 3 2
0 73 0 1
0 78 1 2
0 160 0 1
0 281 2 1
0 286 2 0
1
end_operator
begin_operator
link-0-1 n-2-3 n-3-3 cell-2-2 cap-4 cap-3 cell-2-3 cap-1 cap-0
0
7
0 32 3 2
0 33 0 4
0 73 0 1
0 78 1 2
0 160 0 1
0 281 2 1
0 286 2 0
1
end_operator
begin_operator
link-0-1 n-2-3 n-3-3 cell-2-2 cap-4 cap-3 cell-2-3 cap-2 cap-1
0
7
0 32 3 2
0 33 1 0
0 73 0 1
0 78 1 2
0 160 0 1
0 281 2 1
0 286 2 0
1
end_operator
begin_operator
link-0-1 n-2-3 n-3-3 cell-2-2 cap-4 cap-3 cell-2-3 cap-3 cap-2
0
7
0 32 3 2
0 33 2 1
0 73 0 1
0 78 1 2
0 160 0 1
0 281 2 1
0 286 2 0
1
end_operator
begin_operator
link-0-1 n-2-3 n-3-3 cell-2-2 cap-4 cap-3 cell-2-3 cap-4 cap-3
0
7
0 32 3 2
0 33 3 2
0 73 0 1
0 78 1 2
0 160 0 1
0 281 2 1
0 286 2 0
1
end_operator
begin_operator
link-0-1 n-2-4 n-3-4 cell-2-3 cap-1 cap-0 cell-outside-2-right cap-1 cap-0
0
7
0 33 0 4
0 74 0 1
0 79 1 2
0 161 0 1
0 234 0 1
0 282 2 1
0 287 2 0
1
end_operator
begin_operator
link-0-1 n-2-4 n-3-4 cell-2-3 cap-2 cap-1 cell-outside-2-right cap-1 cap-0
0
7
0 33 1 0
0 74 0 1
0 79 1 2
0 161 0 1
0 234 0 1
0 282 2 1
0 287 2 0
1
end_operator
begin_operator
link-0-1 n-2-4 n-3-4 cell-2-3 cap-3 cap-2 cell-outside-2-right cap-1 cap-0
0
7
0 33 2 1
0 74 0 1
0 79 1 2
0 161 0 1
0 234 0 1
0 282 2 1
0 287 2 0
1
end_operator
begin_operator
link-0-1 n-2-4 n-3-4 cell-2-3 cap-4 cap-3 cell-outside-2-right cap-1 cap-0
0
7
0 33 3 2
0 74 0 1
0 79 1 2
0 161 0 1
0 234 0 1
0 282 2 1
0 287 2 0
1
end_operator
begin_operator
link-0-1 n-3-0 n-3-1 cell-2-0 cap-1 cap-0 cell-3-0 cap-1 cap-0
0
7
0 31 0 4
0 34 0 4
0 75 0 1
0 76 1 2
0 162 0 1
0 283 2 1
0 284 2 0
1
end_operator
begin_operator
link-0-1 n-3-0 n-3-1 cell-2-0 cap-1 cap-0 cell-3-0 cap-2 cap-1
0
7
0 31 0 4
0 34 1 0
0 75 0 1
0 76 1 2
0 162 0 1
0 283 2 1
0 284 2 0
1
end_operator
begin_operator
link-0-1 n-3-0 n-3-1 cell-2-0 cap-1 cap-0 cell-3-0 cap-3 cap-2
0
7
0 31 0 4
0 34 2 1
0 75 0 1
0 76 1 2
0 162 0 1
0 283 2 1
0 284 2 0
1
end_operator
begin_operator
link-0-1 n-3-0 n-3-1 cell-2-0 cap-1 cap-0 cell-3-0 cap-4 cap-3
0
7
0 31 0 4
0 34 3 2
0 75 0 1
0 76 1 2
0 162 0 1
0 283 2 1
0 284 2 0
1
end_operator
begin_operator
link-0-1 n-3-0 n-3-1 cell-2-0 cap-2 cap-1 cell-3-0 cap-1 cap-0
0
7
0 31 1 0
0 34 0 4
0 75 0 1
0 76 1 2
0 162 0 1
0 283 2 1
0 284 2 0
1
end_operator
begin_operator
link-0-1 n-3-0 n-3-1 cell-2-0 cap-2 cap-1 cell-3-0 cap-2 cap-1
0
7
0 31 1 0
0 34 1 0
0 75 0 1
0 76 1 2
0 162 0 1
0 283 2 1
0 284 2 0
1
end_operator
begin_operator
link-0-1 n-3-0 n-3-1 cell-2-0 cap-2 cap-1 cell-3-0 cap-3 cap-2
0
7
0 31 1 0
0 34 2 1
0 75 0 1
0 76 1 2
0 162 0 1
0 283 2 1
0 284 2 0
1
end_operator
begin_operator
link-0-1 n-3-0 n-3-1 cell-2-0 cap-2 cap-1 cell-3-0 cap-4 cap-3
0
7
0 31 1 0
0 34 3 2
0 75 0 1
0 76 1 2
0 162 0 1
0 283 2 1
0 284 2 0
1
end_operator
begin_operator
link-0-1 n-3-0 n-3-1 cell-2-0 cap-3 cap-2 cell-3-0 cap-1 cap-0
0
7
0 31 2 1
0 34 0 4
0 75 0 1
0 76 1 2
0 162 0 1
0 283 2 1
0 284 2 0
1
end_operator
begin_operator
link-0-1 n-3-0 n-3-1 cell-2-0 cap-3 cap-2 cell-3-0 cap-2 cap-1
0
7
0 31 2 1
0 34 1 0
0 75 0 1
0 76 1 2
0 162 0 1
0 283 2 1
0 284 2 0
1
end_operator
begin_operator
link-0-1 n-3-0 n-3-1 cell-2-0 cap-3 cap-2 cell-3-0 cap-3 cap-2
0
7
0 31 2 1
0 34 2 1
0 75 0 1
0 76 1 2
0 162 0 1
0 283 2 1
0 284 2 0
1
end_operator
begin_operator
link-0-1 n-3-0 n-3-1 cell-2-0 cap-3 cap-2 cell-3-0 cap-4 cap-3
0
7
0 31 2 1
0 34 3 2
0 75 0 1
0 76 1 2
0 162 0 1
0 283 2 1
0 284 2 0
1
end_operator
begin_operator
link-0-1 n-3-0 n-4-0 cell-outside-3-left cap-1 cap-0 cell-3-0 cap-1 cap-0
0
7
0 34 0 4
0 75 0 1
0 80 1 2
0 163 0 1
0 238 0 1
0 283 2 1
0 288 2 0
1
end_operator
begin_operator
link-0-1 n-3-0 n-4-0 cell-outside-3-left cap-1 cap-0 cell-3-0 cap-2 cap-1
0
7
0 34 1 0
0 75 0 1
0 80 1 2
0 163 0 1
0 238 0 1
0 283 2 1
0 288 2 0
1
end_operator
begin_operator
link-0-1 n-3-0 n-4-0 cell-outside-3-left cap-1 cap-0 cell-3-0 cap-3 cap-2
0
7
0 34 2 1
0 75 0 1
0 80 1 2
0 163 0 1
0 238 0 1
0 283 2 1
0 288 2 0
1
end_operator
begin_operator
link-0-1 n-3-0 n-4-0 cell-outside-3-left cap-1 cap-0 cell-3-0 cap-4 cap-3
0
7
0 34 3 2
0 75 0 1
0 80 1 2
0 163 0 1
0 238 0 1
0 283 2 1
0 288 2 0
1
end_operator
begin_operator
link-0-1 n-3-2 n-3-3 cell-2-2 cap-1 cap-0 cell-3-2 cap-1 cap-0
0
7
0 32 0 4
0 35 0 4
0 77 0 1
0 78 1 2
0 164 0 1
0 285 2 1
0 286 2 0
1
end_operator
begin_operator
link-0-1 n-3-2 n-3-3 cell-2-2 cap-1 cap-0 cell-3-2 cap-2 cap-1
0
7
0 32 0 4
0 35 1 0
0 77 0 1
0 78 1 2
0 164 0 1
0 285 2 1
0 286 2 0
1
end_operator
begin_operator
link-0-1 n-3-2 n-3-3 cell-2-2 cap-1 cap-0 cell-3-2 cap-3 cap-2
0
7
0 32 0 4
0 35 2 1
0 77 0 1
0 78 1 2
0 164 0 1
0 285 2 1
0 286 2 0
1
end_operator
begin_operator
link-0-1 n-3-2 n-3-3 cell-2-2 cap-1 cap-0 cell-3-2 cap-4 cap-3
0
7
0 32 0 4
0 35 3 2
0 77 0 1
0 78 1 2
0 164 0 1
0 285 2 1
0 286 2 0
1
end_operator
begin_operator
link-0-1 n-3-2 n-3-3 cell-2-2 cap-2 cap-1 cell-3-2 cap-1 cap-0
0
7
0 32 1 0
0 35 0 4
0 77 0 1
0 78 1 2
0 164 0 1
0 285 2 1
0 286 2 0
1
end_operator
begin_operator
link-0-1 n-3-2 n-3-3 cell-2-2 cap-2 cap-1 cell-3-2 cap-2 cap-1
0
7
0 32 1 0
0 35 1 0
0 77 0 1
0 78 1 2
0 164 0 1
0 285 2 1
0 286 2 0
1
end_operator
begin_operator
link-0-1 n-3-2 n-3-3 cell-2-2 cap-2 cap-1 cell-3-2 cap-3 cap-2
0
7
0 32 1 0
0 35 2 1
0 77 0 1
0 78 1 2
0 164 0 1
0 285 2 1
0 286 2 0
1
end_operator
begin_operator
link-0-1 n-3-2 n-3-3 cell-2-2 cap-2 cap-1 cell-3-2 cap-4 cap-3
0
7
0 32 1 0
0 35 3 2
0 77 0 1
0 78 1 2
0 164 0 1
0 285 2 1
0 286 2 0
1
end_operator
begin_operator
link-0-1 n-3-2 n-3-3 cell-2-2 cap-3 cap-2 cell-3-2 cap-1 cap-0
0
7
0 32 2 1
0 35 0 4
0 77 0 1
0 78 1 2
0 164 0 1
0 285 2 1
0 286 2 0
1
end_operator
begin_operator
link-0-1 n-3-2 n-3-3 cell-2-2 cap-3 cap-2 cell-3-2 cap-2 cap-1
0
7
0 32 2 1
0 35 1 0
0 77 0 1
0 78 1 2
0 164 0 1
0 285 2 1
0 286 2 0
1
end_operator
begin_operator
link-0-1 n-3-2 n-3-3 cell-2-2 cap-3 cap-2 cell-3-2 cap-3 cap-2
0
7
0 32 2 1
0 35 2 1
0 77 0 1
0 78 1 2
0 164 0 1
0 285 2 1
0 286 2 0
1
end_operator
begin_operator
link-0-1 n-3-2 n-3-3 cell-2-2 cap-3 cap-2 cell-3-2 cap-4 cap-3
0
7
0 32 2 1
0 35 3 2
0 77 0 1
0 78 1 2
0 164 0 1
0 285 2 1
0 286 2 0
1
end_operator
begin_operator
link-0-1 n-3-2 n-3-3 cell-2-2 cap-4 cap-3 cell-3-2 cap-1 cap-0
0
7
0 32 3 2
0 35 0 4
0 77 0 1
0 78 1 2
0 164 0 1
0 285 2 1
0 286 2 0
1
end_operator
begin_operator
link-0-1 n-3-2 n-3-3 cell-2-2 cap-4 cap-3 cell-3-2 cap-2 cap-1
0
7
0 32 3 2
0 35 1 0
0 77 0 1
0 78 1 2
0 164 0 1
0 285 2 1
0 286 2 0
1
end_operator
begin_operator
link-0-1 n-3-2 n-3-3 cell-2-2 cap-4 cap-3 cell-3-2 cap-3 cap-2
0
7
0 32 3 2
0 35 2 1
0 77 0 1
0 78 1 2
0 164 0 1
0 285 2 1
0 286 2 0
1
end_operator
begin_operator
link-0-1 n-3-2 n-3-3 cell-2-2 cap-4 cap-3 cell-3-2 cap-4 cap-3
0
7
0 32 3 2
0 35 3 2
0 77 0 1
0 78 1 2
0 164 0 1
0 285 2 1
0 286 2 0
1
end_operator
begin_operator
link-0-1 n-3-3 n-3-4 cell-2-3 cap-1 cap-0 cell-3-3 cap-1 cap-0
0
7
0 33 0 4
0 44 1 0
0 78 0 1
0 79 1 2
0 165 0 1
0 286 2 1
0 287 2 0
1
end_operator
begin_operator
link-0-1 n-3-3 n-3-4 cell-2-3 cap-1 cap-0 cell-3-3 cap-2 cap-1
0
7
0 33 0 4
0 44 2 1
0 78 0 1
0 79 1 2
0 165 0 1
0 286 2 1
0 287 2 0
1
end_operator
begin_operator
link-0-1 n-3-3 n-3-4 cell-2-3 cap-2 cap-1 cell-3-3 cap-1 cap-0
0
7
0 33 1 0
0 44 1 0
0 78 0 1
0 79 1 2
0 165 0 1
0 286 2 1
0 287 2 0
1
end_operator
begin_operator
link-0-1 n-3-3 n-3-4 cell-2-3 cap-2 cap-1 cell-3-3 cap-2 cap-1
0
7
0 33 1 0
0 44 2 1
0 78 0 1
0 79 1 2
0 165 0 1
0 286 2 1
0 287 2 0
1
end_operator
begin_operator
link-0-1 n-3-3 n-3-4 cell-2-3 cap-3 cap-2 cell-3-3 cap-1 cap-0
0
7
0 33 2 1
0 44 1 0
0 78 0 1
0 79 1 2
0 165 0 1
0 286 2 1
0 287 2 0
1
end_operator
begin_operator
link-0-1 n-3-3 n-3-4 cell-2-3 cap-3 cap-2 cell-3-3 cap-2 cap-1
0
7
0 33 2 1
0 44 2 1
0 78 0 1
0 79 1 2
0 165 0 1
0 286 2 1
0 287 2 0
1
end_operator
begin_operator
link-0-1 n-3-3 n-3-4 cell-2-3 cap-4 cap-3 cell-3-3 cap-1 cap-0
0
7
0 33 3 2
0 44 1 0
0 78 0 1
0 79 1 2
0 165 0 1
0 286 2 1
0 287 2 0
1
end_operator
begin_operator
link-0-1 n-3-3 n-3-4 cell-2-3 cap-4 cap-3 cell-3-3 cap-2 cap-1
0
7
0 33 3 2
0 44 2 1
0 78 0 1
0 79 1 2
0 165 0 1
0 286 2 1
0 287 2 0
1
end_operator
begin_operator
link-0-1 n-3-3 n-4-3 cell-3-2 cap-1 cap-0 cell-3-3 cap-1 cap-0
0
7
0 35 0 4
0 44 1 0
0 78 0 1
0 83 1 2
0 166 0 1
0 286 2 1
0 291 2 0
1
end_operator
begin_operator
link-0-1 n-3-3 n-4-3 cell-3-2 cap-1 cap-0 cell-3-3 cap-2 cap-1
0
7
0 35 0 4
0 44 2 1
0 78 0 1
0 83 1 2
0 166 0 1
0 286 2 1
0 291 2 0
1
end_operator
begin_operator
link-0-1 n-3-3 n-4-3 cell-3-2 cap-2 cap-1 cell-3-3 cap-1 cap-0
0
7
0 35 1 0
0 44 1 0
0 78 0 1
0 83 1 2
0 166 0 1
0 286 2 1
0 291 2 0
1
end_operator
begin_operator
link-0-1 n-3-3 n-4-3 cell-3-2 cap-2 cap-1 cell-3-3 cap-2 cap-1
0
7
0 35 1 0
0 44 2 1
0 78 0 1
0 83 1 2
0 166 0 1
0 286 2 1
0 291 2 0
1
end_operator
begin_operator
link-0-1 n-3-3 n-4-3 cell-3-2 cap-3 cap-2 cell-3-3 cap-1 cap-0
0
7
0 35 2 1
0 44 1 0
0 78 0 1
0 83 1 2
0 166 0 1
0 286 2 1
0 291 2 0
1
end_operator
begin_operator
link-0-1 n-3-3 n-4-3 cell-3-2 cap-3 cap-2 cell-3-3 cap-2 cap-1
0
7
0 35 2 1
0 44 2 1
0 78 0 1
0 83 1 2
0 166 0 1
0 286 2 1
0 291 2 0
1
end_operator
begin_operator
link-0-1 n-3-3 n-4-3 cell-3-2 cap-4 cap-3 cell-3-3 cap-1 cap-0
0
7
0 35 3 2
0 44 1 0
0 78 0 1
0 83 1 2
0 166 0 1
0 286 2 1
0 291 2 0
1
end_operator
begin_operator
link-0-1 n-3-3 n-4-3 cell-3-2 cap-4 cap-3 cell-3-3 cap-2 cap-1
0
7
0 35 3 2
0 44 2 1
0 78 0 1
0 83 1 2
0 166 0 1
0 286 2 1
0 291 2 0
1
end_operator
begin_operator
link-0-1 n-3-4 n-4-4 cell-3-3 cap-1 cap-0 cell-outside-3-right cap-1 cap-0
0
7
0 44 1 0
0 79 0 1
0 84 1 2
0 167 0 1
0 239 0 1
0 287 2 1
0 292 2 0
1
end_operator
begin_operator
link-0-1 n-3-4 n-4-4 cell-3-3 cap-2 cap-1 cell-outside-3-right cap-1 cap-0
0
7
0 44 2 1
0 79 0 1
0 84 1 2
0 167 0 1
0 239 0 1
0 287 2 1
0 292 2 0
1
end_operator
begin_operator
link-0-1 n-4-0 n-4-1 cell-3-0 cap-1 cap-0 cell-4-0 cap-1 cap-0
0
7
0 34 0 4
0 36 1 0
0 80 0 1
0 81 1 2
0 168 0 1
0 288 2 1
0 289 2 0
1
end_operator
begin_operator
link-0-1 n-4-0 n-4-1 cell-3-0 cap-2 cap-1 cell-4-0 cap-1 cap-0
0
7
0 34 1 0
0 36 1 0
0 80 0 1
0 81 1 2
0 168 0 1
0 288 2 1
0 289 2 0
1
end_operator
begin_operator
link-0-1 n-4-0 n-4-1 cell-3-0 cap-3 cap-2 cell-4-0 cap-1 cap-0
0
7
0 34 2 1
0 36 1 0
0 80 0 1
0 81 1 2
0 168 0 1
0 288 2 1
0 289 2 0
1
end_operator
begin_operator
link-0-1 n-4-0 n-4-1 cell-3-0 cap-4 cap-3 cell-4-0 cap-1 cap-0
0
7
0 34 3 2
0 36 1 0
0 80 0 1
0 81 1 2
0 168 0 1
0 288 2 1
0 289 2 0
1
end_operator
begin_operator
link-0-1 n-4-0 n-5-0 cell-outside-4-left cap-1 cap-0 cell-4-0 cap-1 cap-0
0
7
0 36 1 0
0 80 0 1
0 85 1 2
0 169 0 1
0 241 0 1
0 288 2 1
0 293 2 0
1
end_operator
begin_operator
link-0-1 n-4-0 n-5-0 cell-outside-4-left cap-1 cap-0 cell-4-0 cap-2 cap-1
0
7
0 36 2 1
0 80 0 1
0 85 1 2
0 169 0 1
0 241 0 1
0 288 2 1
0 293 2 0
1
end_operator
begin_operator
link-0-1 n-4-1 n-5-1 cell-4-0 cap-2 cap-1 cell-4-1 cap-1 cap-0
0
7
0 0 0 4
0 36 2 1
0 81 0 1
0 86 1 2
0 170 0 1
0 289 2 1
0 294 2 0
1
end_operator
begin_operator
link-0-1 n-4-1 n-5-1 cell-4-0 cap-2 cap-1 cell-4-1 cap-2 cap-1
0
7
0 0 1 0
0 36 2 1
0 81 0 1
0 86 1 2
0 170 0 1
0 289 2 1
0 294 2 0
1
end_operator
begin_operator
link-0-1 n-4-1 n-5-1 cell-4-0 cap-2 cap-1 cell-4-1 cap-3 cap-2
0
7
0 0 2 1
0 36 2 1
0 81 0 1
0 86 1 2
0 170 0 1
0 289 2 1
0 294 2 0
1
end_operator
begin_operator
link-0-1 n-4-1 n-5-1 cell-4-0 cap-2 cap-1 cell-4-1 cap-4 cap-3
0
7
0 0 3 2
0 36 2 1
0 81 0 1
0 86 1 2
0 170 0 1
0 289 2 1
0 294 2 0
1
end_operator
begin_operator
link-0-1 n-4-2 n-4-3 cell-3-2 cap-1 cap-0 cell-4-2 cap-1 cap-0
0
7
0 1 0 4
0 35 0 4
0 82 0 1
0 83 1 2
0 171 0 1
0 290 2 1
0 291 2 0
1
end_operator
begin_operator
link-0-1 n-4-2 n-4-3 cell-3-2 cap-1 cap-0 cell-4-2 cap-2 cap-1
0
7
0 1 1 0
0 35 0 4
0 82 0 1
0 83 1 2
0 171 0 1
0 290 2 1
0 291 2 0
1
end_operator
begin_operator
link-0-1 n-4-2 n-4-3 cell-3-2 cap-1 cap-0 cell-4-2 cap-3 cap-2
0
7
0 1 2 1
0 35 0 4
0 82 0 1
0 83 1 2
0 171 0 1
0 290 2 1
0 291 2 0
1
end_operator
begin_operator
link-0-1 n-4-2 n-4-3 cell-3-2 cap-1 cap-0 cell-4-2 cap-4 cap-3
0
7
0 1 3 2
0 35 0 4
0 82 0 1
0 83 1 2
0 171 0 1
0 290 2 1
0 291 2 0
1
end_operator
begin_operator
link-0-1 n-4-2 n-4-3 cell-3-2 cap-2 cap-1 cell-4-2 cap-1 cap-0
0
7
0 1 0 4
0 35 1 0
0 82 0 1
0 83 1 2
0 171 0 1
0 290 2 1
0 291 2 0
1
end_operator
begin_operator
link-0-1 n-4-2 n-4-3 cell-3-2 cap-2 cap-1 cell-4-2 cap-2 cap-1
0
7
0 1 1 0
0 35 1 0
0 82 0 1
0 83 1 2
0 171 0 1
0 290 2 1
0 291 2 0
1
end_operator
begin_operator
link-0-1 n-4-2 n-4-3 cell-3-2 cap-2 cap-1 cell-4-2 cap-3 cap-2
0
7
0 1 2 1
0 35 1 0
0 82 0 1
0 83 1 2
0 171 0 1
0 290 2 1
0 291 2 0
1
end_operator
begin_operator
link-0-1 n-4-2 n-4-3 cell-3-2 cap-2 cap-1 cell-4-2 cap-4 cap-3
0
7
0 1 3 2
0 35 1 0
0 82 0 1
0 83 1 2
0 171 0 1
0 290 2 1
0 291 2 0
1
end_operator
begin_operator
link-0-1 n-4-2 n-4-3 cell-3-2 cap-3 cap-2 cell-4-2 cap-1 cap-0
0
7
0 1 0 4
0 35 2 1
0 82 0 1
0 83 1 2
0 171 0 1
0 290 2 1
0 291 2 0
1
end_operator
begin_operator
link-0-1 n-4-2 n-4-3 cell-3-2 cap-3 cap-2 cell-4-2 cap-2 cap-1
0
7
0 1 1 0
0 35 2 1
0 82 0 1
0 83 1 2
0 171 0 1
0 290 2 1
0 291 2 0
1
end_operator
begin_operator
link-0-1 n-4-2 n-4-3 cell-3-2 cap-3 cap-2 cell-4-2 cap-3 cap-2
0
7
0 1 2 1
0 35 2 1
0 82 0 1
0 83 1 2
0 171 0 1
0 290 2 1
0 291 2 0
1
end_operator
begin_operator
link-0-1 n-4-2 n-4-3 cell-3-2 cap-3 cap-2 cell-4-2 cap-4 cap-3
0
7
0 1 3 2
0 35 2 1
0 82 0 1
0 83 1 2
0 171 0 1
0 290 2 1
0 291 2 0
1
end_operator
begin_operator
link-0-1 n-4-2 n-4-3 cell-3-2 cap-4 cap-3 cell-4-2 cap-1 cap-0
0
7
0 1 0 4
0 35 3 2
0 82 0 1
0 83 1 2
0 171 0 1
0 290 2 1
0 291 2 0
1
end_operator
begin_operator
link-0-1 n-4-2 n-4-3 cell-3-2 cap-4 cap-3 cell-4-2 cap-2 cap-1
0
7
0 1 1 0
0 35 3 2
0 82 0 1
0 83 1 2
0 171 0 1
0 290 2 1
0 291 2 0
1
end_operator
begin_operator
link-0-1 n-4-2 n-4-3 cell-3-2 cap-4 cap-3 cell-4-2 cap-3 cap-2
0
7
0 1 2 1
0 35 3 2
0 82 0 1
0 83 1 2
0 171 0 1
0 290 2 1
0 291 2 0
1
end_operator
begin_operator
link-0-1 n-4-2 n-4-3 cell-3-2 cap-4 cap-3 cell-4-2 cap-4 cap-3
0
7
0 1 3 2
0 35 3 2
0 82 0 1
0 83 1 2
0 171 0 1
0 290 2 1
0 291 2 0
1
end_operator
begin_operator
link-0-1 n-4-2 n-5-2 cell-4-1 cap-1 cap-0 cell-4-2 cap-1 cap-0
0
7
0 0 0 4
0 1 0 4
0 82 0 1
0 87 1 2
0 172 0 1
0 290 2 1
0 295 2 0
1
end_operator
begin_operator
link-0-1 n-4-2 n-5-2 cell-4-1 cap-1 cap-0 cell-4-2 cap-2 cap-1
0
7
0 0 0 4
0 1 1 0
0 82 0 1
0 87 1 2
0 172 0 1
0 290 2 1
0 295 2 0
1
end_operator
begin_operator
link-0-1 n-4-2 n-5-2 cell-4-1 cap-1 cap-0 cell-4-2 cap-3 cap-2
0
7
0 0 0 4
0 1 2 1
0 82 0 1
0 87 1 2
0 172 0 1
0 290 2 1
0 295 2 0
1
end_operator
begin_operator
link-0-1 n-4-2 n-5-2 cell-4-1 cap-1 cap-0 cell-4-2 cap-4 cap-3
0
7
0 0 0 4
0 1 3 2
0 82 0 1
0 87 1 2
0 172 0 1
0 290 2 1
0 295 2 0
1
end_operator
begin_operator
link-0-1 n-4-2 n-5-2 cell-4-1 cap-2 cap-1 cell-4-2 cap-1 cap-0
0
7
0 0 1 0
0 1 0 4
0 82 0 1
0 87 1 2
0 172 0 1
0 290 2 1
0 295 2 0
1
end_operator
begin_operator
link-0-1 n-4-2 n-5-2 cell-4-1 cap-2 cap-1 cell-4-2 cap-2 cap-1
0
7
0 0 1 0
0 1 1 0
0 82 0 1
0 87 1 2
0 172 0 1
0 290 2 1
0 295 2 0
1
end_operator
begin_operator
link-0-1 n-4-2 n-5-2 cell-4-1 cap-2 cap-1 cell-4-2 cap-3 cap-2
0
7
0 0 1 0
0 1 2 1
0 82 0 1
0 87 1 2
0 172 0 1
0 290 2 1
0 295 2 0
1
end_operator
begin_operator
link-0-1 n-4-2 n-5-2 cell-4-1 cap-2 cap-1 cell-4-2 cap-4 cap-3
0
7
0 0 1 0
0 1 3 2
0 82 0 1
0 87 1 2
0 172 0 1
0 290 2 1
0 295 2 0
1
end_operator
begin_operator
link-0-1 n-4-2 n-5-2 cell-4-1 cap-3 cap-2 cell-4-2 cap-1 cap-0
0
7
0 0 2 1
0 1 0 4
0 82 0 1
0 87 1 2
0 172 0 1
0 290 2 1
0 295 2 0
1
end_operator
begin_operator
link-0-1 n-4-2 n-5-2 cell-4-1 cap-3 cap-2 cell-4-2 cap-2 cap-1
0
7
0 0 2 1
0 1 1 0
0 82 0 1
0 87 1 2
0 172 0 1
0 290 2 1
0 295 2 0
1
end_operator
begin_operator
link-0-1 n-4-2 n-5-2 cell-4-1 cap-3 cap-2 cell-4-2 cap-3 cap-2
0
7
0 0 2 1
0 1 2 1
0 82 0 1
0 87 1 2
0 172 0 1
0 290 2 1
0 295 2 0
1
end_operator
begin_operator
link-0-1 n-4-2 n-5-2 cell-4-1 cap-3 cap-2 cell-4-2 cap-4 cap-3
0
7
0 0 2 1
0 1 3 2
0 82 0 1
0 87 1 2
0 172 0 1
0 290 2 1
0 295 2 0
1
end_operator
begin_operator
link-0-1 n-4-2 n-5-2 cell-4-1 cap-4 cap-3 cell-4-2 cap-1 cap-0
0
7
0 0 3 2
0 1 0 4
0 82 0 1
0 87 1 2
0 172 0 1
0 290 2 1
0 295 2 0
1
end_operator
begin_operator
link-0-1 n-4-2 n-5-2 cell-4-1 cap-4 cap-3 cell-4-2 cap-2 cap-1
0
7
0 0 3 2
0 1 1 0
0 82 0 1
0 87 1 2
0 172 0 1
0 290 2 1
0 295 2 0
1
end_operator
begin_operator
link-0-1 n-4-2 n-5-2 cell-4-1 cap-4 cap-3 cell-4-2 cap-3 cap-2
0
7
0 0 3 2
0 1 2 1
0 82 0 1
0 87 1 2
0 172 0 1
0 290 2 1
0 295 2 0
1
end_operator
begin_operator
link-0-1 n-4-2 n-5-2 cell-4-1 cap-4 cap-3 cell-4-2 cap-4 cap-3
0
7
0 0 3 2
0 1 3 2
0 82 0 1
0 87 1 2
0 172 0 1
0 290 2 1
0 295 2 0
1
end_operator
begin_operator
link-0-1 n-4-3 n-4-4 cell-3-3 cap-1 cap-0 cell-4-3 cap-1 cap-0
0
7
0 2 0 4
0 44 1 0
0 83 0 1
0 84 1 2
0 173 0 1
0 291 2 1
0 292 2 0
1
end_operator
begin_operator
link-0-1 n-4-3 n-4-4 cell-3-3 cap-1 cap-0 cell-4-3 cap-2 cap-1
0
7
0 2 1 0
0 44 1 0
0 83 0 1
0 84 1 2
0 173 0 1
0 291 2 1
0 292 2 0
1
end_operator
begin_operator
link-0-1 n-4-3 n-4-4 cell-3-3 cap-1 cap-0 cell-4-3 cap-3 cap-2
0
7
0 2 2 1
0 44 1 0
0 83 0 1
0 84 1 2
0 173 0 1
0 291 2 1
0 292 2 0
1
end_operator
begin_operator
link-0-1 n-4-3 n-4-4 cell-3-3 cap-1 cap-0 cell-4-3 cap-4 cap-3
0
7
0 2 3 2
0 44 1 0
0 83 0 1
0 84 1 2
0 173 0 1
0 291 2 1
0 292 2 0
1
end_operator
begin_operator
link-0-1 n-4-3 n-4-4 cell-3-3 cap-2 cap-1 cell-4-3 cap-1 cap-0
0
7
0 2 0 4
0 44 2 1
0 83 0 1
0 84 1 2
0 173 0 1
0 291 2 1
0 292 2 0
1
end_operator
begin_operator
link-0-1 n-4-3 n-4-4 cell-3-3 cap-2 cap-1 cell-4-3 cap-2 cap-1
0
7
0 2 1 0
0 44 2 1
0 83 0 1
0 84 1 2
0 173 0 1
0 291 2 1
0 292 2 0
1
end_operator
begin_operator
link-0-1 n-4-3 n-4-4 cell-3-3 cap-2 cap-1 cell-4-3 cap-3 cap-2
0
7
0 2 2 1
0 44 2 1
0 83 0 1
0 84 1 2
0 173 0 1
0 291 2 1
0 292 2 0
1
end_operator
begin_operator
link-0-1 n-4-3 n-4-4 cell-3-3 cap-2 cap-1 cell-4-3 cap-4 cap-3
0
7
0 2 3 2
0 44 2 1
0 83 0 1
0 84 1 2
0 173 0 1
0 291 2 1
0 292 2 0
1
end_operator
begin_operator
link-0-1 n-4-3 n-5-3 cell-4-2 cap-1 cap-0 cell-4-3 cap-1 cap-0
0
7
0 1 0 4
0 2 0 4
0 83 0 1
0 88 1 2
0 174 0 1
0 291 2 1
0 296 2 0
1
end_operator
begin_operator
link-0-1 n-4-3 n-5-3 cell-4-2 cap-1 cap-0 cell-4-3 cap-2 cap-1
0
7
0 1 0 4
0 2 1 0
0 83 0 1
0 88 1 2
0 174 0 1
0 291 2 1
0 296 2 0
1
end_operator
begin_operator
link-0-1 n-4-3 n-5-3 cell-4-2 cap-1 cap-0 cell-4-3 cap-3 cap-2
0
7
0 1 0 4
0 2 2 1
0 83 0 1
0 88 1 2
0 174 0 1
0 291 2 1
0 296 2 0
1
end_operator
begin_operator
link-0-1 n-4-3 n-5-3 cell-4-2 cap-1 cap-0 cell-4-3 cap-4 cap-3
0
7
0 1 0 4
0 2 3 2
0 83 0 1
0 88 1 2
0 174 0 1
0 291 2 1
0 296 2 0
1
end_operator
begin_operator
link-0-1 n-4-3 n-5-3 cell-4-2 cap-2 cap-1 cell-4-3 cap-1 cap-0
0
7
0 1 1 0
0 2 0 4
0 83 0 1
0 88 1 2
0 174 0 1
0 291 2 1
0 296 2 0
1
end_operator
begin_operator
link-0-1 n-4-3 n-5-3 cell-4-2 cap-2 cap-1 cell-4-3 cap-2 cap-1
0
7
0 1 1 0
0 2 1 0
0 83 0 1
0 88 1 2
0 174 0 1
0 291 2 1
0 296 2 0
1
end_operator
begin_operator
link-0-1 n-4-3 n-5-3 cell-4-2 cap-2 cap-1 cell-4-3 cap-3 cap-2
0
7
0 1 1 0
0 2 2 1
0 83 0 1
0 88 1 2
0 174 0 1
0 291 2 1
0 296 2 0
1
end_operator
begin_operator
link-0-1 n-4-3 n-5-3 cell-4-2 cap-2 cap-1 cell-4-3 cap-4 cap-3
0
7
0 1 1 0
0 2 3 2
0 83 0 1
0 88 1 2
0 174 0 1
0 291 2 1
0 296 2 0
1
end_operator
begin_operator
link-0-1 n-4-3 n-5-3 cell-4-2 cap-3 cap-2 cell-4-3 cap-1 cap-0
0
7
0 1 2 1
0 2 0 4
0 83 0 1
0 88 1 2
0 174 0 1
0 291 2 1
0 296 2 0
1
end_operator
begin_operator
link-0-1 n-4-3 n-5-3 cell-4-2 cap-3 cap-2 cell-4-3 cap-2 cap-1
0
7
0 1 2 1
0 2 1 0
0 83 0 1
0 88 1 2
0 174 0 1
0 291 2 1
0 296 2 0
1
end_operator
begin_operator
link-0-1 n-4-3 n-5-3 cell-4-2 cap-3 cap-2 cell-4-3 cap-3 cap-2
0
7
0 1 2 1
0 2 2 1
0 83 0 1
0 88 1 2
0 174 0 1
0 291 2 1
0 296 2 0
1
end_operator
begin_operator
link-0-1 n-4-3 n-5-3 cell-4-2 cap-3 cap-2 cell-4-3 cap-4 cap-3
0
7
0 1 2 1
0 2 3 2
0 83 0 1
0 88 1 2
0 174 0 1
0 291 2 1
0 296 2 0
1
end_operator
begin_operator
link-0-1 n-4-3 n-5-3 cell-4-2 cap-4 cap-3 cell-4-3 cap-1 cap-0
0
7
0 1 3 2
0 2 0 4
0 83 0 1
0 88 1 2
0 174 0 1
0 291 2 1
0 296 2 0
1
end_operator
begin_operator
link-0-1 n-4-3 n-5-3 cell-4-2 cap-4 cap-3 cell-4-3 cap-2 cap-1
0
7
0 1 3 2
0 2 1 0
0 83 0 1
0 88 1 2
0 174 0 1
0 291 2 1
0 296 2 0
1
end_operator
begin_operator
link-0-1 n-4-3 n-5-3 cell-4-2 cap-4 cap-3 cell-4-3 cap-3 cap-2
0
7
0 1 3 2
0 2 2 1
0 83 0 1
0 88 1 2
0 174 0 1
0 291 2 1
0 296 2 0
1
end_operator
begin_operator
link-0-1 n-4-3 n-5-3 cell-4-2 cap-4 cap-3 cell-4-3 cap-4 cap-3
0
7
0 1 3 2
0 2 3 2
0 83 0 1
0 88 1 2
0 174 0 1
0 291 2 1
0 296 2 0
1
end_operator
begin_operator
link-0-1 n-4-4 n-5-4 cell-4-3 cap-1 cap-0 cell-outside-4-right cap-1 cap-0
0
7
0 2 0 4
0 84 0 1
0 89 1 2
0 175 0 1
0 242 0 1
0 292 2 1
0 297 2 0
1
end_operator
begin_operator
link-0-1 n-4-4 n-5-4 cell-4-3 cap-2 cap-1 cell-outside-4-right cap-1 cap-0
0
7
0 2 1 0
0 84 0 1
0 89 1 2
0 175 0 1
0 242 0 1
0 292 2 1
0 297 2 0
1
end_operator
begin_operator
link-0-1 n-4-4 n-5-4 cell-4-3 cap-3 cap-2 cell-outside-4-right cap-1 cap-0
0
7
0 2 2 1
0 84 0 1
0 89 1 2
0 175 0 1
0 242 0 1
0 292 2 1
0 297 2 0
1
end_operator
begin_operator
link-0-1 n-4-4 n-5-4 cell-4-3 cap-4 cap-3 cell-outside-4-right cap-1 cap-0
0
7
0 2 3 2
0 84 0 1
0 89 1 2
0 175 0 1
0 242 0 1
0 292 2 1
0 297 2 0
1
end_operator
begin_operator
link-0-1 n-5-0 n-5-1 cell-4-0 cap-1 cap-0 cell-5-0 cap-1 cap-0
0
7
0 36 1 0
0 37 1 0
0 85 0 1
0 86 1 2
0 176 0 1
0 293 2 1
0 294 2 0
1
end_operator
begin_operator
link-0-1 n-5-0 n-5-1 cell-4-0 cap-1 cap-0 cell-5-0 cap-2 cap-1
0
7
0 36 1 0
0 37 2 1
0 85 0 1
0 86 1 2
0 176 0 1
0 293 2 1
0 294 2 0
1
end_operator
begin_operator
link-0-1 n-5-0 n-5-1 cell-4-0 cap-2 cap-1 cell-5-0 cap-1 cap-0
0
7
0 36 2 1
0 37 1 0
0 85 0 1
0 86 1 2
0 176 0 1
0 293 2 1
0 294 2 0
1
end_operator
begin_operator
link-0-1 n-5-0 n-5-1 cell-4-0 cap-2 cap-1 cell-5-0 cap-2 cap-1
0
7
0 36 2 1
0 37 2 1
0 85 0 1
0 86 1 2
0 176 0 1
0 293 2 1
0 294 2 0
1
end_operator
begin_operator
link-0-1 n-5-0 n-6-0 cell-outside-5-left cap-1 cap-0 cell-5-0 cap-1 cap-0
0
7
0 37 1 0
0 85 0 1
0 90 1 2
0 177 0 1
0 243 0 1
0 293 2 1
0 298 2 0
1
end_operator
begin_operator
link-0-1 n-5-0 n-6-0 cell-outside-5-left cap-1 cap-0 cell-5-0 cap-2 cap-1
0
7
0 37 2 1
0 85 0 1
0 90 1 2
0 177 0 1
0 243 0 1
0 293 2 1
0 298 2 0
1
end_operator
begin_operator
link-0-1 n-5-1 n-5-2 cell-4-1 cap-1 cap-0 cell-5-1 cap-1 cap-0
0
7
0 0 0 4
0 3 0 4
0 86 0 1
0 87 1 2
0 178 0 1
0 294 2 1
0 295 2 0
1
end_operator
begin_operator
link-0-1 n-5-1 n-5-2 cell-4-1 cap-1 cap-0 cell-5-1 cap-2 cap-1
0
7
0 0 0 4
0 3 1 0
0 86 0 1
0 87 1 2
0 178 0 1
0 294 2 1
0 295 2 0
1
end_operator
begin_operator
link-0-1 n-5-1 n-5-2 cell-4-1 cap-1 cap-0 cell-5-1 cap-3 cap-2
0
7
0 0 0 4
0 3 2 1
0 86 0 1
0 87 1 2
0 178 0 1
0 294 2 1
0 295 2 0
1
end_operator
begin_operator
link-0-1 n-5-1 n-5-2 cell-4-1 cap-1 cap-0 cell-5-1 cap-4 cap-3
0
7
0 0 0 4
0 3 3 2
0 86 0 1
0 87 1 2
0 178 0 1
0 294 2 1
0 295 2 0
1
end_operator
begin_operator
link-0-1 n-5-1 n-5-2 cell-4-1 cap-2 cap-1 cell-5-1 cap-1 cap-0
0
7
0 0 1 0
0 3 0 4
0 86 0 1
0 87 1 2
0 178 0 1
0 294 2 1
0 295 2 0
1
end_operator
begin_operator
link-0-1 n-5-1 n-5-2 cell-4-1 cap-2 cap-1 cell-5-1 cap-2 cap-1
0
7
0 0 1 0
0 3 1 0
0 86 0 1
0 87 1 2
0 178 0 1
0 294 2 1
0 295 2 0
1
end_operator
begin_operator
link-0-1 n-5-1 n-5-2 cell-4-1 cap-2 cap-1 cell-5-1 cap-3 cap-2
0
7
0 0 1 0
0 3 2 1
0 86 0 1
0 87 1 2
0 178 0 1
0 294 2 1
0 295 2 0
1
end_operator
begin_operator
link-0-1 n-5-1 n-5-2 cell-4-1 cap-2 cap-1 cell-5-1 cap-4 cap-3
0
7
0 0 1 0
0 3 3 2
0 86 0 1
0 87 1 2
0 178 0 1
0 294 2 1
0 295 2 0
1
end_operator
begin_operator
link-0-1 n-5-1 n-5-2 cell-4-1 cap-3 cap-2 cell-5-1 cap-1 cap-0
0
7
0 0 2 1
0 3 0 4
0 86 0 1
0 87 1 2
0 178 0 1
0 294 2 1
0 295 2 0
1
end_operator
begin_operator
link-0-1 n-5-1 n-5-2 cell-4-1 cap-3 cap-2 cell-5-1 cap-2 cap-1
0
7
0 0 2 1
0 3 1 0
0 86 0 1
0 87 1 2
0 178 0 1
0 294 2 1
0 295 2 0
1
end_operator
begin_operator
link-0-1 n-5-1 n-5-2 cell-4-1 cap-3 cap-2 cell-5-1 cap-3 cap-2
0
7
0 0 2 1
0 3 2 1
0 86 0 1
0 87 1 2
0 178 0 1
0 294 2 1
0 295 2 0
1
end_operator
begin_operator
link-0-1 n-5-1 n-5-2 cell-4-1 cap-3 cap-2 cell-5-1 cap-4 cap-3
0
7
0 0 2 1
0 3 3 2
0 86 0 1
0 87 1 2
0 178 0 1
0 294 2 1
0 295 2 0
1
end_operator
begin_operator
link-0-1 n-5-1 n-5-2 cell-4-1 cap-4 cap-3 cell-5-1 cap-1 cap-0
0
7
0 0 3 2
0 3 0 4
0 86 0 1
0 87 1 2
0 178 0 1
0 294 2 1
0 295 2 0
1
end_operator
begin_operator
link-0-1 n-5-1 n-5-2 cell-4-1 cap-4 cap-3 cell-5-1 cap-2 cap-1
0
7
0 0 3 2
0 3 1 0
0 86 0 1
0 87 1 2
0 178 0 1
0 294 2 1
0 295 2 0
1
end_operator
begin_operator
link-0-1 n-5-1 n-5-2 cell-4-1 cap-4 cap-3 cell-5-1 cap-3 cap-2
0
7
0 0 3 2
0 3 2 1
0 86 0 1
0 87 1 2
0 178 0 1
0 294 2 1
0 295 2 0
1
end_operator
begin_operator
link-0-1 n-5-1 n-5-2 cell-4-1 cap-4 cap-3 cell-5-1 cap-4 cap-3
0
7
0 0 3 2
0 3 3 2
0 86 0 1
0 87 1 2
0 178 0 1
0 294 2 1
0 295 2 0
1
end_operator
begin_operator
link-0-1 n-5-1 n-6-1 cell-5-0 cap-1 cap-0 cell-5-1 cap-1 cap-0
0
7
0 3 0 4
0 37 1 0
0 86 0 1
0 91 1 2
0 179 0 1
0 294 2 1
0 299 2 0
1
end_operator
begin_operator
link-0-1 n-5-1 n-6-1 cell-5-0 cap-1 cap-0 cell-5-1 cap-2 cap-1
0
7
0 3 1 0
0 37 1 0
0 86 0 1
0 91 1 2
0 179 0 1
0 294 2 1
0 299 2 0
1
end_operator
begin_operator
link-0-1 n-5-1 n-6-1 cell-5-0 cap-1 cap-0 cell-5-1 cap-3 cap-2
0
7
0 3 2 1
0 37 1 0
0 86 0 1
0 91 1 2
0 179 0 1
0 294 2 1
0 299 2 0
1
end_operator
begin_operator
link-0-1 n-5-1 n-6-1 cell-5-0 cap-1 cap-0 cell-5-1 cap-4 cap-3
0
7
0 3 3 2
0 37 1 0
0 86 0 1
0 91 1 2
0 179 0 1
0 294 2 1
0 299 2 0
1
end_operator
begin_operator
link-0-1 n-5-1 n-6-1 cell-5-0 cap-2 cap-1 cell-5-1 cap-1 cap-0
0
7
0 3 0 4
0 37 2 1
0 86 0 1
0 91 1 2
0 179 0 1
0 294 2 1
0 299 2 0
1
end_operator
begin_operator
link-0-1 n-5-1 n-6-1 cell-5-0 cap-2 cap-1 cell-5-1 cap-2 cap-1
0
7
0 3 1 0
0 37 2 1
0 86 0 1
0 91 1 2
0 179 0 1
0 294 2 1
0 299 2 0
1
end_operator
begin_operator
link-0-1 n-5-1 n-6-1 cell-5-0 cap-2 cap-1 cell-5-1 cap-3 cap-2
0
7
0 3 2 1
0 37 2 1
0 86 0 1
0 91 1 2
0 179 0 1
0 294 2 1
0 299 2 0
1
end_operator
begin_operator
link-0-1 n-5-1 n-6-1 cell-5-0 cap-2 cap-1 cell-5-1 cap-4 cap-3
0
7
0 3 3 2
0 37 2 1
0 86 0 1
0 91 1 2
0 179 0 1
0 294 2 1
0 299 2 0
1
end_operator
begin_operator
link-0-1 n-5-2 n-5-3 cell-4-2 cap-1 cap-0 cell-5-2 cap-1 cap-0
0
7
0 1 0 4
0 4 1 0
0 87 0 1
0 88 1 2
0 180 0 1
0 295 2 1
0 296 2 0
1
end_operator
begin_operator
link-0-1 n-5-2 n-5-3 cell-4-2 cap-1 cap-0 cell-5-2 cap-2 cap-1
0
7
0 1 0 4
0 4 2 1
0 87 0 1
0 88 1 2
0 180 0 1
0 295 2 1
0 296 2 0
1
end_operator
begin_operator
link-0-1 n-5-2 n-5-3 cell-4-2 cap-1 cap-0 cell-5-2 cap-3 cap-2
0
7
0 1 0 4
0 4 3 2
0 87 0 1
0 88 1 2
0 180 0 1
0 295 2 1
0 296 2 0
1
end_operator
begin_operator
link-0-1 n-5-2 n-5-3 cell-4-2 cap-2 cap-1 cell-5-2 cap-1 cap-0
0
7
0 1 1 0
0 4 1 0
0 87 0 1
0 88 1 2
0 180 0 1
0 295 2 1
0 296 2 0
1
end_operator
begin_operator
link-0-1 n-5-2 n-5-3 cell-4-2 cap-2 cap-1 cell-5-2 cap-2 cap-1
0
7
0 1 1 0
0 4 2 1
0 87 0 1
0 88 1 2
0 180 0 1
0 295 2 1
0 296 2 0
1
end_operator
begin_operator
link-0-1 n-5-2 n-5-3 cell-4-2 cap-2 cap-1 cell-5-2 cap-3 cap-2
0
7
0 1 1 0
0 4 3 2
0 87 0 1
0 88 1 2
0 180 0 1
0 295 2 1
0 296 2 0
1
end_operator
begin_operator
link-0-1 n-5-2 n-5-3 cell-4-2 cap-3 cap-2 cell-5-2 cap-1 cap-0
0
7
0 1 2 1
0 4 1 0
0 87 0 1
0 88 1 2
0 180 0 1
0 295 2 1
0 296 2 0
1
end_operator
begin_operator
link-0-1 n-5-2 n-5-3 cell-4-2 cap-3 cap-2 cell-5-2 cap-2 cap-1
0
7
0 1 2 1
0 4 2 1
0 87 0 1
0 88 1 2
0 180 0 1
0 295 2 1
0 296 2 0
1
end_operator
begin_operator
link-0-1 n-5-2 n-5-3 cell-4-2 cap-3 cap-2 cell-5-2 cap-3 cap-2
0
7
0 1 2 1
0 4 3 2
0 87 0 1
0 88 1 2
0 180 0 1
0 295 2 1
0 296 2 0
1
end_operator
begin_operator
link-0-1 n-5-2 n-5-3 cell-4-2 cap-4 cap-3 cell-5-2 cap-1 cap-0
0
7
0 1 3 2
0 4 1 0
0 87 0 1
0 88 1 2
0 180 0 1
0 295 2 1
0 296 2 0
1
end_operator
begin_operator
link-0-1 n-5-2 n-5-3 cell-4-2 cap-4 cap-3 cell-5-2 cap-2 cap-1
0
7
0 1 3 2
0 4 2 1
0 87 0 1
0 88 1 2
0 180 0 1
0 295 2 1
0 296 2 0
1
end_operator
begin_operator
link-0-1 n-5-2 n-5-3 cell-4-2 cap-4 cap-3 cell-5-2 cap-3 cap-2
0
7
0 1 3 2
0 4 3 2
0 87 0 1
0 88 1 2
0 180 0 1
0 295 2 1
0 296 2 0
1
end_operator
begin_operator
link-0-1 n-5-2 n-6-2 cell-5-1 cap-1 cap-0 cell-5-2 cap-1 cap-0
0
7
0 3 0 4
0 4 1 0
0 87 0 1
0 92 1 2
0 181 0 1
0 295 2 1
0 300 2 0
1
end_operator
begin_operator
link-0-1 n-5-2 n-6-2 cell-5-1 cap-1 cap-0 cell-5-2 cap-2 cap-1
0
7
0 3 0 4
0 4 2 1
0 87 0 1
0 92 1 2
0 181 0 1
0 295 2 1
0 300 2 0
1
end_operator
begin_operator
link-0-1 n-5-2 n-6-2 cell-5-1 cap-1 cap-0 cell-5-2 cap-3 cap-2
0
7
0 3 0 4
0 4 3 2
0 87 0 1
0 92 1 2
0 181 0 1
0 295 2 1
0 300 2 0
1
end_operator
begin_operator
link-0-1 n-5-2 n-6-2 cell-5-1 cap-2 cap-1 cell-5-2 cap-1 cap-0
0
7
0 3 1 0
0 4 1 0
0 87 0 1
0 92 1 2
0 181 0 1
0 295 2 1
0 300 2 0
1
end_operator
begin_operator
link-0-1 n-5-2 n-6-2 cell-5-1 cap-2 cap-1 cell-5-2 cap-2 cap-1
0
7
0 3 1 0
0 4 2 1
0 87 0 1
0 92 1 2
0 181 0 1
0 295 2 1
0 300 2 0
1
end_operator
begin_operator
link-0-1 n-5-2 n-6-2 cell-5-1 cap-2 cap-1 cell-5-2 cap-3 cap-2
0
7
0 3 1 0
0 4 3 2
0 87 0 1
0 92 1 2
0 181 0 1
0 295 2 1
0 300 2 0
1
end_operator
begin_operator
link-0-1 n-5-2 n-6-2 cell-5-1 cap-3 cap-2 cell-5-2 cap-1 cap-0
0
7
0 3 2 1
0 4 1 0
0 87 0 1
0 92 1 2
0 181 0 1
0 295 2 1
0 300 2 0
1
end_operator
begin_operator
link-0-1 n-5-2 n-6-2 cell-5-1 cap-3 cap-2 cell-5-2 cap-2 cap-1
0
7
0 3 2 1
0 4 2 1
0 87 0 1
0 92 1 2
0 181 0 1
0 295 2 1
0 300 2 0
1
end_operator
begin_operator
link-0-1 n-5-2 n-6-2 cell-5-1 cap-3 cap-2 cell-5-2 cap-3 cap-2
0
7
0 3 2 1
0 4 3 2
0 87 0 1
0 92 1 2
0 181 0 1
0 295 2 1
0 300 2 0
1
end_operator
begin_operator
link-0-1 n-5-2 n-6-2 cell-5-1 cap-4 cap-3 cell-5-2 cap-1 cap-0
0
7
0 3 3 2
0 4 1 0
0 87 0 1
0 92 1 2
0 181 0 1
0 295 2 1
0 300 2 0
1
end_operator
begin_operator
link-0-1 n-5-2 n-6-2 cell-5-1 cap-4 cap-3 cell-5-2 cap-2 cap-1
0
7
0 3 3 2
0 4 2 1
0 87 0 1
0 92 1 2
0 181 0 1
0 295 2 1
0 300 2 0
1
end_operator
begin_operator
link-0-1 n-5-2 n-6-2 cell-5-1 cap-4 cap-3 cell-5-2 cap-3 cap-2
0
7
0 3 3 2
0 4 3 2
0 87 0 1
0 92 1 2
0 181 0 1
0 295 2 1
0 300 2 0
1
end_operator
begin_operator
link-0-1 n-5-3 n-5-4 cell-4-3 cap-1 cap-0 cell-5-3 cap-1 cap-0
0
7
0 2 0 4
0 5 1 0
0 88 0 1
0 89 1 2
0 182 0 1
0 296 2 1
0 297 2 0
1
end_operator
begin_operator
link-0-1 n-5-3 n-5-4 cell-4-3 cap-1 cap-0 cell-5-3 cap-2 cap-1
0
7
0 2 0 4
0 5 2 1
0 88 0 1
0 89 1 2
0 182 0 1
0 296 2 1
0 297 2 0
1
end_operator
begin_operator
link-0-1 n-5-3 n-5-4 cell-4-3 cap-1 cap-0 cell-5-3 cap-3 cap-2
0
7
0 2 0 4
0 5 3 2
0 88 0 1
0 89 1 2
0 182 0 1
0 296 2 1
0 297 2 0
1
end_operator
begin_operator
link-0-1 n-5-3 n-5-4 cell-4-3 cap-2 cap-1 cell-5-3 cap-1 cap-0
0
7
0 2 1 0
0 5 1 0
0 88 0 1
0 89 1 2
0 182 0 1
0 296 2 1
0 297 2 0
1
end_operator
begin_operator
link-0-1 n-5-3 n-5-4 cell-4-3 cap-2 cap-1 cell-5-3 cap-2 cap-1
0
7
0 2 1 0
0 5 2 1
0 88 0 1
0 89 1 2
0 182 0 1
0 296 2 1
0 297 2 0
1
end_operator
begin_operator
link-0-1 n-5-3 n-5-4 cell-4-3 cap-2 cap-1 cell-5-3 cap-3 cap-2
0
7
0 2 1 0
0 5 3 2
0 88 0 1
0 89 1 2
0 182 0 1
0 296 2 1
0 297 2 0
1
end_operator
begin_operator
link-0-1 n-5-3 n-5-4 cell-4-3 cap-3 cap-2 cell-5-3 cap-1 cap-0
0
7
0 2 2 1
0 5 1 0
0 88 0 1
0 89 1 2
0 182 0 1
0 296 2 1
0 297 2 0
1
end_operator
begin_operator
link-0-1 n-5-3 n-5-4 cell-4-3 cap-3 cap-2 cell-5-3 cap-2 cap-1
0
7
0 2 2 1
0 5 2 1
0 88 0 1
0 89 1 2
0 182 0 1
0 296 2 1
0 297 2 0
1
end_operator
begin_operator
link-0-1 n-5-3 n-5-4 cell-4-3 cap-3 cap-2 cell-5-3 cap-3 cap-2
0
7
0 2 2 1
0 5 3 2
0 88 0 1
0 89 1 2
0 182 0 1
0 296 2 1
0 297 2 0
1
end_operator
begin_operator
link-0-1 n-5-3 n-5-4 cell-4-3 cap-4 cap-3 cell-5-3 cap-1 cap-0
0
7
0 2 3 2
0 5 1 0
0 88 0 1
0 89 1 2
0 182 0 1
0 296 2 1
0 297 2 0
1
end_operator
begin_operator
link-0-1 n-5-3 n-5-4 cell-4-3 cap-4 cap-3 cell-5-3 cap-2 cap-1
0
7
0 2 3 2
0 5 2 1
0 88 0 1
0 89 1 2
0 182 0 1
0 296 2 1
0 297 2 0
1
end_operator
begin_operator
link-0-1 n-5-3 n-5-4 cell-4-3 cap-4 cap-3 cell-5-3 cap-3 cap-2
0
7
0 2 3 2
0 5 3 2
0 88 0 1
0 89 1 2
0 182 0 1
0 296 2 1
0 297 2 0
1
end_operator
begin_operator
link-0-1 n-5-3 n-6-3 cell-5-2 cap-1 cap-0 cell-5-3 cap-1 cap-0
0
7
0 4 1 0
0 5 1 0
0 88 0 1
0 93 1 2
0 183 0 1
0 296 2 1
0 301 2 0
1
end_operator
begin_operator
link-0-1 n-5-3 n-6-3 cell-5-2 cap-1 cap-0 cell-5-3 cap-2 cap-1
0
7
0 4 1 0
0 5 2 1
0 88 0 1
0 93 1 2
0 183 0 1
0 296 2 1
0 301 2 0
1
end_operator
begin_operator
link-0-1 n-5-3 n-6-3 cell-5-2 cap-1 cap-0 cell-5-3 cap-3 cap-2
0
7
0 4 1 0
0 5 3 2
0 88 0 1
0 93 1 2
0 183 0 1
0 296 2 1
0 301 2 0
1
end_operator
begin_operator
link-0-1 n-5-3 n-6-3 cell-5-2 cap-2 cap-1 cell-5-3 cap-1 cap-0
0
7
0 4 2 1
0 5 1 0
0 88 0 1
0 93 1 2
0 183 0 1
0 296 2 1
0 301 2 0
1
end_operator
begin_operator
link-0-1 n-5-3 n-6-3 cell-5-2 cap-2 cap-1 cell-5-3 cap-2 cap-1
0
7
0 4 2 1
0 5 2 1
0 88 0 1
0 93 1 2
0 183 0 1
0 296 2 1
0 301 2 0
1
end_operator
begin_operator
link-0-1 n-5-3 n-6-3 cell-5-2 cap-2 cap-1 cell-5-3 cap-3 cap-2
0
7
0 4 2 1
0 5 3 2
0 88 0 1
0 93 1 2
0 183 0 1
0 296 2 1
0 301 2 0
1
end_operator
begin_operator
link-0-1 n-5-3 n-6-3 cell-5-2 cap-3 cap-2 cell-5-3 cap-1 cap-0
0
7
0 4 3 2
0 5 1 0
0 88 0 1
0 93 1 2
0 183 0 1
0 296 2 1
0 301 2 0
1
end_operator
begin_operator
link-0-1 n-5-3 n-6-3 cell-5-2 cap-3 cap-2 cell-5-3 cap-2 cap-1
0
7
0 4 3 2
0 5 2 1
0 88 0 1
0 93 1 2
0 183 0 1
0 296 2 1
0 301 2 0
1
end_operator
begin_operator
link-0-1 n-5-3 n-6-3 cell-5-2 cap-3 cap-2 cell-5-3 cap-3 cap-2
0
7
0 4 3 2
0 5 3 2
0 88 0 1
0 93 1 2
0 183 0 1
0 296 2 1
0 301 2 0
1
end_operator
begin_operator
link-0-1 n-5-4 n-6-4 cell-5-3 cap-1 cap-0 cell-outside-5-right cap-1 cap-0
0
7
0 5 1 0
0 89 0 1
0 94 1 2
0 184 0 1
0 244 0 1
0 297 2 1
0 302 2 0
1
end_operator
begin_operator
link-0-1 n-5-4 n-6-4 cell-5-3 cap-2 cap-1 cell-outside-5-right cap-1 cap-0
0
7
0 5 2 1
0 89 0 1
0 94 1 2
0 184 0 1
0 244 0 1
0 297 2 1
0 302 2 0
1
end_operator
begin_operator
link-0-1 n-5-4 n-6-4 cell-5-3 cap-3 cap-2 cell-outside-5-right cap-1 cap-0
0
7
0 5 3 2
0 89 0 1
0 94 1 2
0 184 0 1
0 244 0 1
0 297 2 1
0 302 2 0
1
end_operator
begin_operator
link-0-1 n-6-0 n-6-1 cell-5-0 cap-1 cap-0 cell-6-0 cap-1 cap-0
0
7
0 6 0 4
0 37 1 0
0 90 0 1
0 91 1 2
0 185 0 1
0 298 2 1
0 299 2 0
1
end_operator
begin_operator
link-0-1 n-6-0 n-6-1 cell-5-0 cap-1 cap-0 cell-6-0 cap-2 cap-1
0
7
0 6 1 0
0 37 1 0
0 90 0 1
0 91 1 2
0 185 0 1
0 298 2 1
0 299 2 0
1
end_operator
begin_operator
link-0-1 n-6-0 n-6-1 cell-5-0 cap-1 cap-0 cell-6-0 cap-3 cap-2
0
7
0 6 2 1
0 37 1 0
0 90 0 1
0 91 1 2
0 185 0 1
0 298 2 1
0 299 2 0
1
end_operator
begin_operator
link-0-1 n-6-0 n-6-1 cell-5-0 cap-1 cap-0 cell-6-0 cap-4 cap-3
0
7
0 6 3 2
0 37 1 0
0 90 0 1
0 91 1 2
0 185 0 1
0 298 2 1
0 299 2 0
1
end_operator
begin_operator
link-0-1 n-6-0 n-6-1 cell-5-0 cap-2 cap-1 cell-6-0 cap-1 cap-0
0
7
0 6 0 4
0 37 2 1
0 90 0 1
0 91 1 2
0 185 0 1
0 298 2 1
0 299 2 0
1
end_operator
begin_operator
link-0-1 n-6-0 n-6-1 cell-5-0 cap-2 cap-1 cell-6-0 cap-2 cap-1
0
7
0 6 1 0
0 37 2 1
0 90 0 1
0 91 1 2
0 185 0 1
0 298 2 1
0 299 2 0
1
end_operator
begin_operator
link-0-1 n-6-0 n-6-1 cell-5-0 cap-2 cap-1 cell-6-0 cap-3 cap-2
0
7
0 6 2 1
0 37 2 1
0 90 0 1
0 91 1 2
0 185 0 1
0 298 2 1
0 299 2 0
1
end_operator
begin_operator
link-0-1 n-6-0 n-6-1 cell-5-0 cap-2 cap-1 cell-6-0 cap-4 cap-3
0
7
0 6 3 2
0 37 2 1
0 90 0 1
0 91 1 2
0 185 0 1
0 298 2 1
0 299 2 0
1
end_operator
begin_operator
link-0-1 n-6-0 n-7-0 cell-outside-6-left cap-1 cap-0 cell-6-0 cap-1 cap-0
0
7
0 6 0 4
0 90 0 1
0 95 1 2
0 186 0 1
0 245 0 1
0 298 2 1
0 303 2 0
1
end_operator
begin_operator
link-0-1 n-6-0 n-7-0 cell-outside-6-left cap-1 cap-0 cell-6-0 cap-2 cap-1
0
7
0 6 1 0
0 90 0 1
0 95 1 2
0 186 0 1
0 245 0 1
0 298 2 1
0 303 2 0
1
end_operator
begin_operator
link-0-1 n-6-0 n-7-0 cell-outside-6-left cap-1 cap-0 cell-6-0 cap-3 cap-2
0
7
0 6 2 1
0 90 0 1
0 95 1 2
0 186 0 1
0 245 0 1
0 298 2 1
0 303 2 0
1
end_operator
begin_operator
link-0-1 n-6-0 n-7-0 cell-outside-6-left cap-1 cap-0 cell-6-0 cap-4 cap-3
0
7
0 6 3 2
0 90 0 1
0 95 1 2
0 186 0 1
0 245 0 1
0 298 2 1
0 303 2 0
1
end_operator
begin_operator
link-0-1 n-6-1 n-6-2 cell-5-1 cap-1 cap-0 cell-6-1 cap-1 cap-0
0
7
0 3 0 4
0 7 0 4
0 91 0 1
0 92 1 2
0 187 0 1
0 299 2 1
0 300 2 0
1
end_operator
begin_operator
link-0-1 n-6-1 n-6-2 cell-5-1 cap-1 cap-0 cell-6-1 cap-2 cap-1
0
7
0 3 0 4
0 7 1 0
0 91 0 1
0 92 1 2
0 187 0 1
0 299 2 1
0 300 2 0
1
end_operator
begin_operator
link-0-1 n-6-1 n-6-2 cell-5-1 cap-1 cap-0 cell-6-1 cap-3 cap-2
0
7
0 3 0 4
0 7 2 1
0 91 0 1
0 92 1 2
0 187 0 1
0 299 2 1
0 300 2 0
1
end_operator
begin_operator
link-0-1 n-6-1 n-6-2 cell-5-1 cap-1 cap-0 cell-6-1 cap-4 cap-3
0
7
0 3 0 4
0 7 3 2
0 91 0 1
0 92 1 2
0 187 0 1
0 299 2 1
0 300 2 0
1
end_operator
begin_operator
link-0-1 n-6-1 n-6-2 cell-5-1 cap-2 cap-1 cell-6-1 cap-1 cap-0
0
7
0 3 1 0
0 7 0 4
0 91 0 1
0 92 1 2
0 187 0 1
0 299 2 1
0 300 2 0
1
end_operator
begin_operator
link-0-1 n-6-1 n-6-2 cell-5-1 cap-2 cap-1 cell-6-1 cap-2 cap-1
0
7
0 3 1 0
0 7 1 0
0 91 0 1
0 92 1 2
0 187 0 1
0 299 2 1
0 300 2 0
1
end_operator
begin_operator
link-0-1 n-6-1 n-6-2 cell-5-1 cap-2 cap-1 cell-6-1 cap-3 cap-2
0
7
0 3 1 0
0 7 2 1
0 91 0 1
0 92 1 2
0 187 0 1
0 299 2 1
0 300 2 0
1
end_operator
begin_operator
link-0-1 n-6-1 n-6-2 cell-5-1 cap-2 cap-1 cell-6-1 cap-4 cap-3
0
7
0 3 1 0
0 7 3 2
0 91 0 1
0 92 1 2
0 187 0 1
0 299 2 1
0 300 2 0
1
end_operator
begin_operator
link-0-1 n-6-1 n-6-2 cell-5-1 cap-3 cap-2 cell-6-1 cap-1 cap-0
0
7
0 3 2 1
0 7 0 4
0 91 0 1
0 92 1 2
0 187 0 1
0 299 2 1
0 300 2 0
1
end_operator
begin_operator
link-0-1 n-6-1 n-6-2 cell-5-1 cap-3 cap-2 cell-6-1 cap-2 cap-1
0
7
0 3 2 1
0 7 1 0
0 91 0 1
0 92 1 2
0 187 0 1
0 299 2 1
0 300 2 0
1
end_operator
begin_operator
link-0-1 n-6-1 n-6-2 cell-5-1 cap-3 cap-2 cell-6-1 cap-3 cap-2
0
7
0 3 2 1
0 7 2 1
0 91 0 1
0 92 1 2
0 187 0 1
0 299 2 1
0 300 2 0
1
end_operator
begin_operator
link-0-1 n-6-1 n-6-2 cell-5-1 cap-3 cap-2 cell-6-1 cap-4 cap-3
0
7
0 3 2 1
0 7 3 2
0 91 0 1
0 92 1 2
0 187 0 1
0 299 2 1
0 300 2 0
1
end_operator
begin_operator
link-0-1 n-6-1 n-6-2 cell-5-1 cap-4 cap-3 cell-6-1 cap-1 cap-0
0
7
0 3 3 2
0 7 0 4
0 91 0 1
0 92 1 2
0 187 0 1
0 299 2 1
0 300 2 0
1
end_operator
begin_operator
link-0-1 n-6-1 n-6-2 cell-5-1 cap-4 cap-3 cell-6-1 cap-2 cap-1
0
7
0 3 3 2
0 7 1 0
0 91 0 1
0 92 1 2
0 187 0 1
0 299 2 1
0 300 2 0
1
end_operator
begin_operator
link-0-1 n-6-1 n-6-2 cell-5-1 cap-4 cap-3 cell-6-1 cap-3 cap-2
0
7
0 3 3 2
0 7 2 1
0 91 0 1
0 92 1 2
0 187 0 1
0 299 2 1
0 300 2 0
1
end_operator
begin_operator
link-0-1 n-6-1 n-6-2 cell-5-1 cap-4 cap-3 cell-6-1 cap-4 cap-3
0
7
0 3 3 2
0 7 3 2
0 91 0 1
0 92 1 2
0 187 0 1
0 299 2 1
0 300 2 0
1
end_operator
begin_operator
link-0-1 n-6-1 n-7-1 cell-6-0 cap-1 cap-0 cell-6-1 cap-1 cap-0
0
7
0 6 0 4
0 7 0 4
0 91 0 1
0 96 1 2
0 188 0 1
0 299 2 1
0 304 2 0
1
end_operator
begin_operator
link-0-1 n-6-1 n-7-1 cell-6-0 cap-1 cap-0 cell-6-1 cap-2 cap-1
0
7
0 6 0 4
0 7 1 0
0 91 0 1
0 96 1 2
0 188 0 1
0 299 2 1
0 304 2 0
1
end_operator
begin_operator
link-0-1 n-6-1 n-7-1 cell-6-0 cap-1 cap-0 cell-6-1 cap-3 cap-2
0
7
0 6 0 4
0 7 2 1
0 91 0 1
0 96 1 2
0 188 0 1
0 299 2 1
0 304 2 0
1
end_operator
begin_operator
link-0-1 n-6-1 n-7-1 cell-6-0 cap-1 cap-0 cell-6-1 cap-4 cap-3
0
7
0 6 0 4
0 7 3 2
0 91 0 1
0 96 1 2
0 188 0 1
0 299 2 1
0 304 2 0
1
end_operator
begin_operator
link-0-1 n-6-1 n-7-1 cell-6-0 cap-2 cap-1 cell-6-1 cap-1 cap-0
0
7
0 6 1 0
0 7 0 4
0 91 0 1
0 96 1 2
0 188 0 1
0 299 2 1
0 304 2 0
1
end_operator
begin_operator
link-0-1 n-6-1 n-7-1 cell-6-0 cap-2 cap-1 cell-6-1 cap-2 cap-1
0
7
0 6 1 0
0 7 1 0
0 91 0 1
0 96 1 2
0 188 0 1
0 299 2 1
0 304 2 0
1
end_operator
begin_operator
link-0-1 n-6-1 n-7-1 cell-6-0 cap-2 cap-1 cell-6-1 cap-3 cap-2
0
7
0 6 1 0
0 7 2 1
0 91 0 1
0 96 1 2
0 188 0 1
0 299 2 1
0 304 2 0
1
end_operator
begin_operator
link-0-1 n-6-1 n-7-1 cell-6-0 cap-2 cap-1 cell-6-1 cap-4 cap-3
0
7
0 6 1 0
0 7 3 2
0 91 0 1
0 96 1 2
0 188 0 1
0 299 2 1
0 304 2 0
1
end_operator
begin_operator
link-0-1 n-6-1 n-7-1 cell-6-0 cap-3 cap-2 cell-6-1 cap-1 cap-0
0
7
0 6 2 1
0 7 0 4
0 91 0 1
0 96 1 2
0 188 0 1
0 299 2 1
0 304 2 0
1
end_operator
begin_operator
link-0-1 n-6-1 n-7-1 cell-6-0 cap-3 cap-2 cell-6-1 cap-2 cap-1
0
7
0 6 2 1
0 7 1 0
0 91 0 1
0 96 1 2
0 188 0 1
0 299 2 1
0 304 2 0
1
end_operator
begin_operator
link-0-1 n-6-1 n-7-1 cell-6-0 cap-3 cap-2 cell-6-1 cap-3 cap-2
0
7
0 6 2 1
0 7 2 1
0 91 0 1
0 96 1 2
0 188 0 1
0 299 2 1
0 304 2 0
1
end_operator
begin_operator
link-0-1 n-6-1 n-7-1 cell-6-0 cap-3 cap-2 cell-6-1 cap-4 cap-3
0
7
0 6 2 1
0 7 3 2
0 91 0 1
0 96 1 2
0 188 0 1
0 299 2 1
0 304 2 0
1
end_operator
begin_operator
link-0-1 n-6-1 n-7-1 cell-6-0 cap-4 cap-3 cell-6-1 cap-1 cap-0
0
7
0 6 3 2
0 7 0 4
0 91 0 1
0 96 1 2
0 188 0 1
0 299 2 1
0 304 2 0
1
end_operator
begin_operator
link-0-1 n-6-1 n-7-1 cell-6-0 cap-4 cap-3 cell-6-1 cap-2 cap-1
0
7
0 6 3 2
0 7 1 0
0 91 0 1
0 96 1 2
0 188 0 1
0 299 2 1
0 304 2 0
1
end_operator
begin_operator
link-0-1 n-6-1 n-7-1 cell-6-0 cap-4 cap-3 cell-6-1 cap-3 cap-2
0
7
0 6 3 2
0 7 2 1
0 91 0 1
0 96 1 2
0 188 0 1
0 299 2 1
0 304 2 0
1
end_operator
begin_operator
link-0-1 n-6-1 n-7-1 cell-6-0 cap-4 cap-3 cell-6-1 cap-4 cap-3
0
7
0 6 3 2
0 7 3 2
0 91 0 1
0 96 1 2
0 188 0 1
0 299 2 1
0 304 2 0
1
end_operator
begin_operator
link-0-1 n-6-2 n-6-3 cell-5-2 cap-1 cap-0 cell-6-2 cap-1 cap-0
0
7
0 4 1 0
0 38 1 0
0 92 0 1
0 93 1 2
0 189 0 1
0 300 2 1
0 301 2 0
1
end_operator
begin_operator
link-0-1 n-6-2 n-6-3 cell-5-2 cap-1 cap-0 cell-6-2 cap-2 cap-1
0
7
0 4 1 0
0 38 2 1
0 92 0 1
0 93 1 2
0 189 0 1
0 300 2 1
0 301 2 0
1
end_operator
begin_operator
link-0-1 n-6-2 n-6-3 cell-5-2 cap-2 cap-1 cell-6-2 cap-1 cap-0
0
7
0 4 2 1
0 38 1 0
0 92 0 1
0 93 1 2
0 189 0 1
0 300 2 1
0 301 2 0
1
end_operator
begin_operator
link-0-1 n-6-2 n-6-3 cell-5-2 cap-2 cap-1 cell-6-2 cap-2 cap-1
0
7
0 4 2 1
0 38 2 1
0 92 0 1
0 93 1 2
0 189 0 1
0 300 2 1
0 301 2 0
1
end_operator
begin_operator
link-0-1 n-6-2 n-6-3 cell-5-2 cap-3 cap-2 cell-6-2 cap-1 cap-0
0
7
0 4 3 2
0 38 1 0
0 92 0 1
0 93 1 2
0 189 0 1
0 300 2 1
0 301 2 0
1
end_operator
begin_operator
link-0-1 n-6-2 n-6-3 cell-5-2 cap-3 cap-2 cell-6-2 cap-2 cap-1
0
7
0 4 3 2
0 38 2 1
0 92 0 1
0 93 1 2
0 189 0 1
0 300 2 1
0 301 2 0
1
end_operator
begin_operator
link-0-1 n-6-2 n-7-2 cell-6-1 cap-1 cap-0 cell-6-2 cap-1 cap-0
0
7
0 7 0 4
0 38 1 0
0 92 0 1
0 97 1 2
0 190 0 1
0 300 2 1
0 305 2 0
1
end_operator
begin_operator
link-0-1 n-6-2 n-7-2 cell-6-1 cap-1 cap-0 cell-6-2 cap-2 cap-1
0
7
0 7 0 4
0 38 2 1
0 92 0 1
0 97 1 2
0 190 0 1
0 300 2 1
0 305 2 0
1
end_operator
begin_operator
link-0-1 n-6-2 n-7-2 cell-6-1 cap-2 cap-1 cell-6-2 cap-1 cap-0
0
7
0 7 1 0
0 38 1 0
0 92 0 1
0 97 1 2
0 190 0 1
0 300 2 1
0 305 2 0
1
end_operator
begin_operator
link-0-1 n-6-2 n-7-2 cell-6-1 cap-2 cap-1 cell-6-2 cap-2 cap-1
0
7
0 7 1 0
0 38 2 1
0 92 0 1
0 97 1 2
0 190 0 1
0 300 2 1
0 305 2 0
1
end_operator
begin_operator
link-0-1 n-6-2 n-7-2 cell-6-1 cap-3 cap-2 cell-6-2 cap-1 cap-0
0
7
0 7 2 1
0 38 1 0
0 92 0 1
0 97 1 2
0 190 0 1
0 300 2 1
0 305 2 0
1
end_operator
begin_operator
link-0-1 n-6-2 n-7-2 cell-6-1 cap-3 cap-2 cell-6-2 cap-2 cap-1
0
7
0 7 2 1
0 38 2 1
0 92 0 1
0 97 1 2
0 190 0 1
0 300 2 1
0 305 2 0
1
end_operator
begin_operator
link-0-1 n-6-2 n-7-2 cell-6-1 cap-4 cap-3 cell-6-2 cap-1 cap-0
0
7
0 7 3 2
0 38 1 0
0 92 0 1
0 97 1 2
0 190 0 1
0 300 2 1
0 305 2 0
1
end_operator
begin_operator
link-0-1 n-6-2 n-7-2 cell-6-1 cap-4 cap-3 cell-6-2 cap-2 cap-1
0
7
0 7 3 2
0 38 2 1
0 92 0 1
0 97 1 2
0 190 0 1
0 300 2 1
0 305 2 0
1
end_operator
begin_operator
link-0-1 n-6-3 n-6-4 cell-5-3 cap-1 cap-0 cell-6-3 cap-1 cap-0
0
7
0 5 1 0
0 8 0 4
0 93 0 1
0 94 1 2
0 191 0 1
0 301 2 1
0 302 2 0
1
end_operator
begin_operator
link-0-1 n-6-3 n-6-4 cell-5-3 cap-1 cap-0 cell-6-3 cap-2 cap-1
0
7
0 5 1 0
0 8 1 0
0 93 0 1
0 94 1 2
0 191 0 1
0 301 2 1
0 302 2 0
1
end_operator
begin_operator
link-0-1 n-6-3 n-6-4 cell-5-3 cap-1 cap-0 cell-6-3 cap-3 cap-2
0
7
0 5 1 0
0 8 2 1
0 93 0 1
0 94 1 2
0 191 0 1
0 301 2 1
0 302 2 0
1
end_operator
begin_operator
link-0-1 n-6-3 n-6-4 cell-5-3 cap-1 cap-0 cell-6-3 cap-4 cap-3
0
7
0 5 1 0
0 8 3 2
0 93 0 1
0 94 1 2
0 191 0 1
0 301 2 1
0 302 2 0
1
end_operator
begin_operator
link-0-1 n-6-3 n-6-4 cell-5-3 cap-2 cap-1 cell-6-3 cap-1 cap-0
0
7
0 5 2 1
0 8 0 4
0 93 0 1
0 94 1 2
0 191 0 1
0 301 2 1
0 302 2 0
1
end_operator
begin_operator
link-0-1 n-6-3 n-6-4 cell-5-3 cap-2 cap-1 cell-6-3 cap-2 cap-1
0
7
0 5 2 1
0 8 1 0
0 93 0 1
0 94 1 2
0 191 0 1
0 301 2 1
0 302 2 0
1
end_operator
begin_operator
link-0-1 n-6-3 n-6-4 cell-5-3 cap-2 cap-1 cell-6-3 cap-3 cap-2
0
7
0 5 2 1
0 8 2 1
0 93 0 1
0 94 1 2
0 191 0 1
0 301 2 1
0 302 2 0
1
end_operator
begin_operator
link-0-1 n-6-3 n-6-4 cell-5-3 cap-2 cap-1 cell-6-3 cap-4 cap-3
0
7
0 5 2 1
0 8 3 2
0 93 0 1
0 94 1 2
0 191 0 1
0 301 2 1
0 302 2 0
1
end_operator
begin_operator
link-0-1 n-6-3 n-6-4 cell-5-3 cap-3 cap-2 cell-6-3 cap-1 cap-0
0
7
0 5 3 2
0 8 0 4
0 93 0 1
0 94 1 2
0 191 0 1
0 301 2 1
0 302 2 0
1
end_operator
begin_operator
link-0-1 n-6-3 n-6-4 cell-5-3 cap-3 cap-2 cell-6-3 cap-2 cap-1
0
7
0 5 3 2
0 8 1 0
0 93 0 1
0 94 1 2
0 191 0 1
0 301 2 1
0 302 2 0
1
end_operator
begin_operator
link-0-1 n-6-3 n-6-4 cell-5-3 cap-3 cap-2 cell-6-3 cap-3 cap-2
0
7
0 5 3 2
0 8 2 1
0 93 0 1
0 94 1 2
0 191 0 1
0 301 2 1
0 302 2 0
1
end_operator
begin_operator
link-0-1 n-6-3 n-6-4 cell-5-3 cap-3 cap-2 cell-6-3 cap-4 cap-3
0
7
0 5 3 2
0 8 3 2
0 93 0 1
0 94 1 2
0 191 0 1
0 301 2 1
0 302 2 0
1
end_operator
begin_operator
link-0-1 n-6-3 n-7-3 cell-6-2 cap-1 cap-0 cell-6-3 cap-1 cap-0
0
7
0 8 0 4
0 38 1 0
0 93 0 1
0 98 1 2
0 192 0 1
0 301 2 1
0 306 2 0
1
end_operator
begin_operator
link-0-1 n-6-3 n-7-3 cell-6-2 cap-1 cap-0 cell-6-3 cap-2 cap-1
0
7
0 8 1 0
0 38 1 0
0 93 0 1
0 98 1 2
0 192 0 1
0 301 2 1
0 306 2 0
1
end_operator
begin_operator
link-0-1 n-6-3 n-7-3 cell-6-2 cap-1 cap-0 cell-6-3 cap-3 cap-2
0
7
0 8 2 1
0 38 1 0
0 93 0 1
0 98 1 2
0 192 0 1
0 301 2 1
0 306 2 0
1
end_operator
begin_operator
link-0-1 n-6-3 n-7-3 cell-6-2 cap-1 cap-0 cell-6-3 cap-4 cap-3
0
7
0 8 3 2
0 38 1 0
0 93 0 1
0 98 1 2
0 192 0 1
0 301 2 1
0 306 2 0
1
end_operator
begin_operator
link-0-1 n-6-3 n-7-3 cell-6-2 cap-2 cap-1 cell-6-3 cap-1 cap-0
0
7
0 8 0 4
0 38 2 1
0 93 0 1
0 98 1 2
0 192 0 1
0 301 2 1
0 306 2 0
1
end_operator
begin_operator
link-0-1 n-6-3 n-7-3 cell-6-2 cap-2 cap-1 cell-6-3 cap-2 cap-1
0
7
0 8 1 0
0 38 2 1
0 93 0 1
0 98 1 2
0 192 0 1
0 301 2 1
0 306 2 0
1
end_operator
begin_operator
link-0-1 n-6-3 n-7-3 cell-6-2 cap-2 cap-1 cell-6-3 cap-3 cap-2
0
7
0 8 2 1
0 38 2 1
0 93 0 1
0 98 1 2
0 192 0 1
0 301 2 1
0 306 2 0
1
end_operator
begin_operator
link-0-1 n-6-3 n-7-3 cell-6-2 cap-2 cap-1 cell-6-3 cap-4 cap-3
0
7
0 8 3 2
0 38 2 1
0 93 0 1
0 98 1 2
0 192 0 1
0 301 2 1
0 306 2 0
1
end_operator
begin_operator
link-0-1 n-6-4 n-7-4 cell-6-3 cap-1 cap-0 cell-outside-6-right cap-1 cap-0
0
7
0 8 0 4
0 94 0 1
0 99 1 2
0 193 0 1
0 246 0 1
0 302 2 1
0 307 2 0
1
end_operator
begin_operator
link-0-1 n-6-4 n-7-4 cell-6-3 cap-2 cap-1 cell-outside-6-right cap-1 cap-0
0
7
0 8 1 0
0 94 0 1
0 99 1 2
0 193 0 1
0 246 0 1
0 302 2 1
0 307 2 0
1
end_operator
begin_operator
link-0-1 n-6-4 n-7-4 cell-6-3 cap-3 cap-2 cell-outside-6-right cap-1 cap-0
0
7
0 8 2 1
0 94 0 1
0 99 1 2
0 193 0 1
0 246 0 1
0 302 2 1
0 307 2 0
1
end_operator
begin_operator
link-0-1 n-6-4 n-7-4 cell-6-3 cap-4 cap-3 cell-outside-6-right cap-1 cap-0
0
7
0 8 3 2
0 94 0 1
0 99 1 2
0 193 0 1
0 246 0 1
0 302 2 1
0 307 2 0
1
end_operator
begin_operator
link-0-1 n-7-0 n-7-1 cell-6-0 cap-1 cap-0 cell-7-0 cap-1 cap-0
0
7
0 6 0 4
0 9 1 0
0 95 0 1
0 96 1 2
0 194 0 1
0 303 2 1
0 304 2 0
1
end_operator
begin_operator
link-0-1 n-7-0 n-7-1 cell-6-0 cap-1 cap-0 cell-7-0 cap-2 cap-1
0
7
0 6 0 4
0 9 2 1
0 95 0 1
0 96 1 2
0 194 0 1
0 303 2 1
0 304 2 0
1
end_operator
begin_operator
link-0-1 n-7-0 n-7-1 cell-6-0 cap-1 cap-0 cell-7-0 cap-3 cap-2
0
7
0 6 0 4
0 9 3 2
0 95 0 1
0 96 1 2
0 194 0 1
0 303 2 1
0 304 2 0
1
end_operator
begin_operator
link-0-1 n-7-0 n-7-1 cell-6-0 cap-2 cap-1 cell-7-0 cap-1 cap-0
0
7
0 6 1 0
0 9 1 0
0 95 0 1
0 96 1 2
0 194 0 1
0 303 2 1
0 304 2 0
1
end_operator
begin_operator
link-0-1 n-7-0 n-7-1 cell-6-0 cap-2 cap-1 cell-7-0 cap-2 cap-1
0
7
0 6 1 0
0 9 2 1
0 95 0 1
0 96 1 2
0 194 0 1
0 303 2 1
0 304 2 0
1
end_operator
begin_operator
link-0-1 n-7-0 n-7-1 cell-6-0 cap-2 cap-1 cell-7-0 cap-3 cap-2
0
7
0 6 1 0
0 9 3 2
0 95 0 1
0 96 1 2
0 194 0 1
0 303 2 1
0 304 2 0
1
end_operator
begin_operator
link-0-1 n-7-0 n-7-1 cell-6-0 cap-3 cap-2 cell-7-0 cap-1 cap-0
0
7
0 6 2 1
0 9 1 0
0 95 0 1
0 96 1 2
0 194 0 1
0 303 2 1
0 304 2 0
1
end_operator
begin_operator
link-0-1 n-7-0 n-7-1 cell-6-0 cap-3 cap-2 cell-7-0 cap-2 cap-1
0
7
0 6 2 1
0 9 2 1
0 95 0 1
0 96 1 2
0 194 0 1
0 303 2 1
0 304 2 0
1
end_operator
begin_operator
link-0-1 n-7-0 n-7-1 cell-6-0 cap-3 cap-2 cell-7-0 cap-3 cap-2
0
7
0 6 2 1
0 9 3 2
0 95 0 1
0 96 1 2
0 194 0 1
0 303 2 1
0 304 2 0
1
end_operator
begin_operator
link-0-1 n-7-0 n-7-1 cell-6-0 cap-4 cap-3 cell-7-0 cap-1 cap-0
0
7
0 6 3 2
0 9 1 0
0 95 0 1
0 96 1 2
0 194 0 1
0 303 2 1
0 304 2 0
1
end_operator
begin_operator
link-0-1 n-7-0 n-7-1 cell-6-0 cap-4 cap-3 cell-7-0 cap-2 cap-1
0
7
0 6 3 2
0 9 2 1
0 95 0 1
0 96 1 2
0 194 0 1
0 303 2 1
0 304 2 0
1
end_operator
begin_operator
link-0-1 n-7-0 n-7-1 cell-6-0 cap-4 cap-3 cell-7-0 cap-3 cap-2
0
7
0 6 3 2
0 9 3 2
0 95 0 1
0 96 1 2
0 194 0 1
0 303 2 1
0 304 2 0
1
end_operator
begin_operator
link-0-1 n-7-0 n-8-0 cell-outside-7-left cap-1 cap-0 cell-7-0 cap-1 cap-0
0
7
0 9 1 0
0 95 0 1
0 100 1 2
0 195 0 1
0 247 0 1
0 303 2 1
0 308 2 0
1
end_operator
begin_operator
link-0-1 n-7-0 n-8-0 cell-outside-7-left cap-1 cap-0 cell-7-0 cap-2 cap-1
0
7
0 9 2 1
0 95 0 1
0 100 1 2
0 195 0 1
0 247 0 1
0 303 2 1
0 308 2 0
1
end_operator
begin_operator
link-0-1 n-7-0 n-8-0 cell-outside-7-left cap-1 cap-0 cell-7-0 cap-3 cap-2
0
7
0 9 3 2
0 95 0 1
0 100 1 2
0 195 0 1
0 247 0 1
0 303 2 1
0 308 2 0
1
end_operator
begin_operator
link-0-1 n-7-1 n-7-2 cell-6-1 cap-1 cap-0 cell-7-1 cap-1 cap-0
0
7
0 7 0 4
0 10 0 4
0 96 0 1
0 97 1 2
0 196 0 1
0 304 2 1
0 305 2 0
1
end_operator
begin_operator
link-0-1 n-7-1 n-7-2 cell-6-1 cap-1 cap-0 cell-7-1 cap-2 cap-1
0
7
0 7 0 4
0 10 1 0
0 96 0 1
0 97 1 2
0 196 0 1
0 304 2 1
0 305 2 0
1
end_operator
begin_operator
link-0-1 n-7-1 n-7-2 cell-6-1 cap-1 cap-0 cell-7-1 cap-3 cap-2
0
7
0 7 0 4
0 10 2 1
0 96 0 1
0 97 1 2
0 196 0 1
0 304 2 1
0 305 2 0
1
end_operator
begin_operator
link-0-1 n-7-1 n-7-2 cell-6-1 cap-1 cap-0 cell-7-1 cap-4 cap-3
0
7
0 7 0 4
0 10 3 2
0 96 0 1
0 97 1 2
0 196 0 1
0 304 2 1
0 305 2 0
1
end_operator
begin_operator
link-0-1 n-7-1 n-7-2 cell-6-1 cap-2 cap-1 cell-7-1 cap-1 cap-0
0
7
0 7 1 0
0 10 0 4
0 96 0 1
0 97 1 2
0 196 0 1
0 304 2 1
0 305 2 0
1
end_operator
begin_operator
link-0-1 n-7-1 n-7-2 cell-6-1 cap-2 cap-1 cell-7-1 cap-2 cap-1
0
7
0 7 1 0
0 10 1 0
0 96 0 1
0 97 1 2
0 196 0 1
0 304 2 1
0 305 2 0
1
end_operator
begin_operator
link-0-1 n-7-1 n-7-2 cell-6-1 cap-2 cap-1 cell-7-1 cap-3 cap-2
0
7
0 7 1 0
0 10 2 1
0 96 0 1
0 97 1 2
0 196 0 1
0 304 2 1
0 305 2 0
1
end_operator
begin_operator
link-0-1 n-7-1 n-7-2 cell-6-1 cap-2 cap-1 cell-7-1 cap-4 cap-3
0
7
0 7 1 0
0 10 3 2
0 96 0 1
0 97 1 2
0 196 0 1
0 304 2 1
0 305 2 0
1
end_operator
begin_operator
link-0-1 n-7-1 n-7-2 cell-6-1 cap-3 cap-2 cell-7-1 cap-1 cap-0
0
7
0 7 2 1
0 10 0 4
0 96 0 1
0 97 1 2
0 196 0 1
0 304 2 1
0 305 2 0
1
end_operator
begin_operator
link-0-1 n-7-1 n-7-2 cell-6-1 cap-3 cap-2 cell-7-1 cap-2 cap-1
0
7
0 7 2 1
0 10 1 0
0 96 0 1
0 97 1 2
0 196 0 1
0 304 2 1
0 305 2 0
1
end_operator
begin_operator
link-0-1 n-7-1 n-7-2 cell-6-1 cap-3 cap-2 cell-7-1 cap-3 cap-2
0
7
0 7 2 1
0 10 2 1
0 96 0 1
0 97 1 2
0 196 0 1
0 304 2 1
0 305 2 0
1
end_operator
begin_operator
link-0-1 n-7-1 n-7-2 cell-6-1 cap-3 cap-2 cell-7-1 cap-4 cap-3
0
7
0 7 2 1
0 10 3 2
0 96 0 1
0 97 1 2
0 196 0 1
0 304 2 1
0 305 2 0
1
end_operator
begin_operator
link-0-1 n-7-1 n-7-2 cell-6-1 cap-4 cap-3 cell-7-1 cap-1 cap-0
0
7
0 7 3 2
0 10 0 4
0 96 0 1
0 97 1 2
0 196 0 1
0 304 2 1
0 305 2 0
1
end_operator
begin_operator
link-0-1 n-7-1 n-7-2 cell-6-1 cap-4 cap-3 cell-7-1 cap-2 cap-1
0
7
0 7 3 2
0 10 1 0
0 96 0 1
0 97 1 2
0 196 0 1
0 304 2 1
0 305 2 0
1
end_operator
begin_operator
link-0-1 n-7-1 n-7-2 cell-6-1 cap-4 cap-3 cell-7-1 cap-3 cap-2
0
7
0 7 3 2
0 10 2 1
0 96 0 1
0 97 1 2
0 196 0 1
0 304 2 1
0 305 2 0
1
end_operator
begin_operator
link-0-1 n-7-1 n-7-2 cell-6-1 cap-4 cap-3 cell-7-1 cap-4 cap-3
0
7
0 7 3 2
0 10 3 2
0 96 0 1
0 97 1 2
0 196 0 1
0 304 2 1
0 305 2 0
1
end_operator
begin_operator
link-0-1 n-7-1 n-8-1 cell-7-0 cap-1 cap-0 cell-7-1 cap-1 cap-0
0
7
0 9 1 0
0 10 0 4
0 96 0 1
0 102 1 2
0 197 0 1
0 304 2 1
0 309 2 0
1
end_operator
begin_operator
link-0-1 n-7-1 n-8-1 cell-7-0 cap-1 cap-0 cell-7-1 cap-2 cap-1
0
7
0 9 1 0
0 10 1 0
0 96 0 1
0 102 1 2
0 197 0 1
0 304 2 1
0 309 2 0
1
end_operator
begin_operator
link-0-1 n-7-1 n-8-1 cell-7-0 cap-1 cap-0 cell-7-1 cap-3 cap-2
0
7
0 9 1 0
0 10 2 1
0 96 0 1
0 102 1 2
0 197 0 1
0 304 2 1
0 309 2 0
1
end_operator
begin_operator
link-0-1 n-7-1 n-8-1 cell-7-0 cap-1 cap-0 cell-7-1 cap-4 cap-3
0
7
0 9 1 0
0 10 3 2
0 96 0 1
0 102 1 2
0 197 0 1
0 304 2 1
0 309 2 0
1
end_operator
begin_operator
link-0-1 n-7-1 n-8-1 cell-7-0 cap-2 cap-1 cell-7-1 cap-1 cap-0
0
7
0 9 2 1
0 10 0 4
0 96 0 1
0 102 1 2
0 197 0 1
0 304 2 1
0 309 2 0
1
end_operator
begin_operator
link-0-1 n-7-1 n-8-1 cell-7-0 cap-2 cap-1 cell-7-1 cap-2 cap-1
0
7
0 9 2 1
0 10 1 0
0 96 0 1
0 102 1 2
0 197 0 1
0 304 2 1
0 309 2 0
1
end_operator
begin_operator
link-0-1 n-7-1 n-8-1 cell-7-0 cap-2 cap-1 cell-7-1 cap-3 cap-2
0
7
0 9 2 1
0 10 2 1
0 96 0 1
0 102 1 2
0 197 0 1
0 304 2 1
0 309 2 0
1
end_operator
begin_operator
link-0-1 n-7-1 n-8-1 cell-7-0 cap-2 cap-1 cell-7-1 cap-4 cap-3
0
7
0 9 2 1
0 10 3 2
0 96 0 1
0 102 1 2
0 197 0 1
0 304 2 1
0 309 2 0
1
end_operator
begin_operator
link-0-1 n-7-1 n-8-1 cell-7-0 cap-3 cap-2 cell-7-1 cap-1 cap-0
0
7
0 9 3 2
0 10 0 4
0 96 0 1
0 102 1 2
0 197 0 1
0 304 2 1
0 309 2 0
1
end_operator
begin_operator
link-0-1 n-7-1 n-8-1 cell-7-0 cap-3 cap-2 cell-7-1 cap-2 cap-1
0
7
0 9 3 2
0 10 1 0
0 96 0 1
0 102 1 2
0 197 0 1
0 304 2 1
0 309 2 0
1
end_operator
begin_operator
link-0-1 n-7-1 n-8-1 cell-7-0 cap-3 cap-2 cell-7-1 cap-3 cap-2
0
7
0 9 3 2
0 10 2 1
0 96 0 1
0 102 1 2
0 197 0 1
0 304 2 1
0 309 2 0
1
end_operator
begin_operator
link-0-1 n-7-1 n-8-1 cell-7-0 cap-3 cap-2 cell-7-1 cap-4 cap-3
0
7
0 9 3 2
0 10 3 2
0 96 0 1
0 102 1 2
0 197 0 1
0 304 2 1
0 309 2 0
1
end_operator
begin_operator
link-0-1 n-7-2 n-7-3 cell-6-2 cap-1 cap-0 cell-7-2 cap-1 cap-0
0
7
0 11 0 4
0 38 1 0
0 97 0 1
0 98 1 2
0 198 0 1
0 305 2 1
0 306 2 0
1
end_operator
begin_operator
link-0-1 n-7-2 n-7-3 cell-6-2 cap-1 cap-0 cell-7-2 cap-2 cap-1
0
7
0 11 1 0
0 38 1 0
0 97 0 1
0 98 1 2
0 198 0 1
0 305 2 1
0 306 2 0
1
end_operator
begin_operator
link-0-1 n-7-2 n-7-3 cell-6-2 cap-1 cap-0 cell-7-2 cap-3 cap-2
0
7
0 11 2 1
0 38 1 0
0 97 0 1
0 98 1 2
0 198 0 1
0 305 2 1
0 306 2 0
1
end_operator
begin_operator
link-0-1 n-7-2 n-7-3 cell-6-2 cap-1 cap-0 cell-7-2 cap-4 cap-3
0
7
0 11 3 2
0 38 1 0
0 97 0 1
0 98 1 2
0 198 0 1
0 305 2 1
0 306 2 0
1
end_operator
begin_operator
link-0-1 n-7-2 n-7-3 cell-6-2 cap-2 cap-1 cell-7-2 cap-1 cap-0
0
7
0 11 0 4
0 38 2 1
0 97 0 1
0 98 1 2
0 198 0 1
0 305 2 1
0 306 2 0
1
end_operator
begin_operator
link-0-1 n-7-2 n-7-3 cell-6-2 cap-2 cap-1 cell-7-2 cap-2 cap-1
0
7
0 11 1 0
0 38 2 1
0 97 0 1
0 98 1 2
0 198 0 1
0 305 2 1
0 306 2 0
1
end_operator
begin_operator
link-0-1 n-7-2 n-7-3 cell-6-2 cap-2 cap-1 cell-7-2 cap-3 cap-2
0
7
0 11 2 1
0 38 2 1
0 97 0 1
0 98 1 2
0 198 0 1
0 305 2 1
0 306 2 0
1
end_operator
begin_operator
link-0-1 n-7-2 n-7-3 cell-6-2 cap-2 cap-1 cell-7-2 cap-4 cap-3
0
7
0 11 3 2
0 38 2 1
0 97 0 1
0 98 1 2
0 198 0 1
0 305 2 1
0 306 2 0
1
end_operator
begin_operator
link-0-1 n-7-2 n-8-2 cell-7-1 cap-1 cap-0 cell-7-2 cap-1 cap-0
0
7
0 10 0 4
0 11 0 4
0 97 0 1
0 103 1 2
0 199 0 1
0 305 2 1
0 310 2 0
1
end_operator
begin_operator
link-0-1 n-7-2 n-8-2 cell-7-1 cap-1 cap-0 cell-7-2 cap-2 cap-1
0
7
0 10 0 4
0 11 1 0
0 97 0 1
0 103 1 2
0 199 0 1
0 305 2 1
0 310 2 0
1
end_operator
begin_operator
link-0-1 n-7-2 n-8-2 cell-7-1 cap-1 cap-0 cell-7-2 cap-3 cap-2
0
7
0 10 0 4
0 11 2 1
0 97 0 1
0 103 1 2
0 199 0 1
0 305 2 1
0 310 2 0
1
end_operator
begin_operator
link-0-1 n-7-2 n-8-2 cell-7-1 cap-1 cap-0 cell-7-2 cap-4 cap-3
0
7
0 10 0 4
0 11 3 2
0 97 0 1
0 103 1 2
0 199 0 1
0 305 2 1
0 310 2 0
1
end_operator
begin_operator
link-0-1 n-7-2 n-8-2 cell-7-1 cap-2 cap-1 cell-7-2 cap-1 cap-0
0
7
0 10 1 0
0 11 0 4
0 97 0 1
0 103 1 2
0 199 0 1
0 305 2 1
0 310 2 0
1
end_operator
begin_operator
link-0-1 n-7-2 n-8-2 cell-7-1 cap-2 cap-1 cell-7-2 cap-2 cap-1
0
7
0 10 1 0
0 11 1 0
0 97 0 1
0 103 1 2
0 199 0 1
0 305 2 1
0 310 2 0
1
end_operator
begin_operator
link-0-1 n-7-2 n-8-2 cell-7-1 cap-2 cap-1 cell-7-2 cap-3 cap-2
0
7
0 10 1 0
0 11 2 1
0 97 0 1
0 103 1 2
0 199 0 1
0 305 2 1
0 310 2 0
1
end_operator
begin_operator
link-0-1 n-7-2 n-8-2 cell-7-1 cap-2 cap-1 cell-7-2 cap-4 cap-3
0
7
0 10 1 0
0 11 3 2
0 97 0 1
0 103 1 2
0 199 0 1
0 305 2 1
0 310 2 0
1
end_operator
begin_operator
link-0-1 n-7-2 n-8-2 cell-7-1 cap-3 cap-2 cell-7-2 cap-1 cap-0
0
7
0 10 2 1
0 11 0 4
0 97 0 1
0 103 1 2
0 199 0 1
0 305 2 1
0 310 2 0
1
end_operator
begin_operator
link-0-1 n-7-2 n-8-2 cell-7-1 cap-3 cap-2 cell-7-2 cap-2 cap-1
0
7
0 10 2 1
0 11 1 0
0 97 0 1
0 103 1 2
0 199 0 1
0 305 2 1
0 310 2 0
1
end_operator
begin_operator
link-0-1 n-7-2 n-8-2 cell-7-1 cap-3 cap-2 cell-7-2 cap-3 cap-2
0
7
0 10 2 1
0 11 2 1
0 97 0 1
0 103 1 2
0 199 0 1
0 305 2 1
0 310 2 0
1
end_operator
begin_operator
link-0-1 n-7-2 n-8-2 cell-7-1 cap-3 cap-2 cell-7-2 cap-4 cap-3
0
7
0 10 2 1
0 11 3 2
0 97 0 1
0 103 1 2
0 199 0 1
0 305 2 1
0 310 2 0
1
end_operator
begin_operator
link-0-1 n-7-2 n-8-2 cell-7-1 cap-4 cap-3 cell-7-2 cap-1 cap-0
0
7
0 10 3 2
0 11 0 4
0 97 0 1
0 103 1 2
0 199 0 1
0 305 2 1
0 310 2 0
1
end_operator
begin_operator
link-0-1 n-7-2 n-8-2 cell-7-1 cap-4 cap-3 cell-7-2 cap-2 cap-1
0
7
0 10 3 2
0 11 1 0
0 97 0 1
0 103 1 2
0 199 0 1
0 305 2 1
0 310 2 0
1
end_operator
begin_operator
link-0-1 n-7-2 n-8-2 cell-7-1 cap-4 cap-3 cell-7-2 cap-3 cap-2
0
7
0 10 3 2
0 11 2 1
0 97 0 1
0 103 1 2
0 199 0 1
0 305 2 1
0 310 2 0
1
end_operator
begin_operator
link-0-1 n-7-2 n-8-2 cell-7-1 cap-4 cap-3 cell-7-2 cap-4 cap-3
0
7
0 10 3 2
0 11 3 2
0 97 0 1
0 103 1 2
0 199 0 1
0 305 2 1
0 310 2 0
1
end_operator
begin_operator
link-0-1 n-7-3 n-7-4 cell-6-3 cap-1 cap-0 cell-7-3 cap-1 cap-0
0
7
0 8 0 4
0 12 0 4
0 98 0 1
0 99 1 2
0 200 0 1
0 306 2 1
0 307 2 0
1
end_operator
begin_operator
link-0-1 n-7-3 n-7-4 cell-6-3 cap-1 cap-0 cell-7-3 cap-2 cap-1
0
7
0 8 0 4
0 12 1 0
0 98 0 1
0 99 1 2
0 200 0 1
0 306 2 1
0 307 2 0
1
end_operator
begin_operator
link-0-1 n-7-3 n-7-4 cell-6-3 cap-1 cap-0 cell-7-3 cap-3 cap-2
0
7
0 8 0 4
0 12 2 1
0 98 0 1
0 99 1 2
0 200 0 1
0 306 2 1
0 307 2 0
1
end_operator
begin_operator
link-0-1 n-7-3 n-7-4 cell-6-3 cap-1 cap-0 cell-7-3 cap-4 cap-3
0
7
0 8 0 4
0 12 3 2
0 98 0 1
0 99 1 2
0 200 0 1
0 306 2 1
0 307 2 0
1
end_operator
begin_operator
link-0-1 n-7-3 n-7-4 cell-6-3 cap-2 cap-1 cell-7-3 cap-1 cap-0
0
7
0 8 1 0
0 12 0 4
0 98 0 1
0 99 1 2
0 200 0 1
0 306 2 1
0 307 2 0
1
end_operator
begin_operator
link-0-1 n-7-3 n-7-4 cell-6-3 cap-2 cap-1 cell-7-3 cap-2 cap-1
0
7
0 8 1 0
0 12 1 0
0 98 0 1
0 99 1 2
0 200 0 1
0 306 2 1
0 307 2 0
1
end_operator
begin_operator
link-0-1 n-7-3 n-7-4 cell-6-3 cap-2 cap-1 cell-7-3 cap-3 cap-2
0
7
0 8 1 0
0 12 2 1
0 98 0 1
0 99 1 2
0 200 0 1
0 306 2 1
0 307 2 0
1
end_operator
begin_operator
link-0-1 n-7-3 n-7-4 cell-6-3 cap-2 cap-1 cell-7-3 cap-4 cap-3
0
7
0 8 1 0
0 12 3 2
0 98 0 1
0 99 1 2
0 200 0 1
0 306 2 1
0 307 2 0
1
end_operator
begin_operator
link-0-1 n-7-3 n-7-4 cell-6-3 cap-3 cap-2 cell-7-3 cap-1 cap-0
0
7
0 8 2 1
0 12 0 4
0 98 0 1
0 99 1 2
0 200 0 1
0 306 2 1
0 307 2 0
1
end_operator
begin_operator
link-0-1 n-7-3 n-7-4 cell-6-3 cap-3 cap-2 cell-7-3 cap-2 cap-1
0
7
0 8 2 1
0 12 1 0
0 98 0 1
0 99 1 2
0 200 0 1
0 306 2 1
0 307 2 0
1
end_operator
begin_operator
link-0-1 n-7-3 n-7-4 cell-6-3 cap-3 cap-2 cell-7-3 cap-3 cap-2
0
7
0 8 2 1
0 12 2 1
0 98 0 1
0 99 1 2
0 200 0 1
0 306 2 1
0 307 2 0
1
end_operator
begin_operator
link-0-1 n-7-3 n-7-4 cell-6-3 cap-3 cap-2 cell-7-3 cap-4 cap-3
0
7
0 8 2 1
0 12 3 2
0 98 0 1
0 99 1 2
0 200 0 1
0 306 2 1
0 307 2 0
1
end_operator
begin_operator
link-0-1 n-7-3 n-7-4 cell-6-3 cap-4 cap-3 cell-7-3 cap-1 cap-0
0
7
0 8 3 2
0 12 0 4
0 98 0 1
0 99 1 2
0 200 0 1
0 306 2 1
0 307 2 0
1
end_operator
begin_operator
link-0-1 n-7-3 n-7-4 cell-6-3 cap-4 cap-3 cell-7-3 cap-2 cap-1
0
7
0 8 3 2
0 12 1 0
0 98 0 1
0 99 1 2
0 200 0 1
0 306 2 1
0 307 2 0
1
end_operator
begin_operator
link-0-1 n-7-3 n-7-4 cell-6-3 cap-4 cap-3 cell-7-3 cap-3 cap-2
0
7
0 8 3 2
0 12 2 1
0 98 0 1
0 99 1 2
0 200 0 1
0 306 2 1
0 307 2 0
1
end_operator
begin_operator
link-0-1 n-7-3 n-7-4 cell-6-3 cap-4 cap-3 cell-7-3 cap-4 cap-3
0
7
0 8 3 2
0 12 3 2
0 98 0 1
0 99 1 2
0 200 0 1
0 306 2 1
0 307 2 0
1
end_operator
begin_operator
link-0-1 n-7-3 n-8-3 cell-7-2 cap-1 cap-0 cell-7-3 cap-1 cap-0
0
7
0 11 0 4
0 12 0 4
0 98 0 1
0 104 1 2
0 201 0 1
0 306 2 1
0 311 2 0
1
end_operator
begin_operator
link-0-1 n-7-3 n-8-3 cell-7-2 cap-1 cap-0 cell-7-3 cap-2 cap-1
0
7
0 11 0 4
0 12 1 0
0 98 0 1
0 104 1 2
0 201 0 1
0 306 2 1
0 311 2 0
1
end_operator
begin_operator
link-0-1 n-7-3 n-8-3 cell-7-2 cap-1 cap-0 cell-7-3 cap-3 cap-2
0
7
0 11 0 4
0 12 2 1
0 98 0 1
0 104 1 2
0 201 0 1
0 306 2 1
0 311 2 0
1
end_operator
begin_operator
link-0-1 n-7-3 n-8-3 cell-7-2 cap-1 cap-0 cell-7-3 cap-4 cap-3
0
7
0 11 0 4
0 12 3 2
0 98 0 1
0 104 1 2
0 201 0 1
0 306 2 1
0 311 2 0
1
end_operator
begin_operator
link-0-1 n-7-3 n-8-3 cell-7-2 cap-2 cap-1 cell-7-3 cap-1 cap-0
0
7
0 11 1 0
0 12 0 4
0 98 0 1
0 104 1 2
0 201 0 1
0 306 2 1
0 311 2 0
1
end_operator
begin_operator
link-0-1 n-7-3 n-8-3 cell-7-2 cap-2 cap-1 cell-7-3 cap-2 cap-1
0
7
0 11 1 0
0 12 1 0
0 98 0 1
0 104 1 2
0 201 0 1
0 306 2 1
0 311 2 0
1
end_operator
begin_operator
link-0-1 n-7-3 n-8-3 cell-7-2 cap-2 cap-1 cell-7-3 cap-3 cap-2
0
7
0 11 1 0
0 12 2 1
0 98 0 1
0 104 1 2
0 201 0 1
0 306 2 1
0 311 2 0
1
end_operator
begin_operator
link-0-1 n-7-3 n-8-3 cell-7-2 cap-2 cap-1 cell-7-3 cap-4 cap-3
0
7
0 11 1 0
0 12 3 2
0 98 0 1
0 104 1 2
0 201 0 1
0 306 2 1
0 311 2 0
1
end_operator
begin_operator
link-0-1 n-7-3 n-8-3 cell-7-2 cap-3 cap-2 cell-7-3 cap-1 cap-0
0
7
0 11 2 1
0 12 0 4
0 98 0 1
0 104 1 2
0 201 0 1
0 306 2 1
0 311 2 0
1
end_operator
begin_operator
link-0-1 n-7-3 n-8-3 cell-7-2 cap-3 cap-2 cell-7-3 cap-2 cap-1
0
7
0 11 2 1
0 12 1 0
0 98 0 1
0 104 1 2
0 201 0 1
0 306 2 1
0 311 2 0
1
end_operator
begin_operator
link-0-1 n-7-3 n-8-3 cell-7-2 cap-3 cap-2 cell-7-3 cap-3 cap-2
0
7
0 11 2 1
0 12 2 1
0 98 0 1
0 104 1 2
0 201 0 1
0 306 2 1
0 311 2 0
1
end_operator
begin_operator
link-0-1 n-7-3 n-8-3 cell-7-2 cap-3 cap-2 cell-7-3 cap-4 cap-3
0
7
0 11 2 1
0 12 3 2
0 98 0 1
0 104 1 2
0 201 0 1
0 306 2 1
0 311 2 0
1
end_operator
begin_operator
link-0-1 n-7-3 n-8-3 cell-7-2 cap-4 cap-3 cell-7-3 cap-1 cap-0
0
7
0 11 3 2
0 12 0 4
0 98 0 1
0 104 1 2
0 201 0 1
0 306 2 1
0 311 2 0
1
end_operator
begin_operator
link-0-1 n-7-3 n-8-3 cell-7-2 cap-4 cap-3 cell-7-3 cap-2 cap-1
0
7
0 11 3 2
0 12 1 0
0 98 0 1
0 104 1 2
0 201 0 1
0 306 2 1
0 311 2 0
1
end_operator
begin_operator
link-0-1 n-7-3 n-8-3 cell-7-2 cap-4 cap-3 cell-7-3 cap-3 cap-2
0
7
0 11 3 2
0 12 2 1
0 98 0 1
0 104 1 2
0 201 0 1
0 306 2 1
0 311 2 0
1
end_operator
begin_operator
link-0-1 n-7-3 n-8-3 cell-7-2 cap-4 cap-3 cell-7-3 cap-4 cap-3
0
7
0 11 3 2
0 12 3 2
0 98 0 1
0 104 1 2
0 201 0 1
0 306 2 1
0 311 2 0
1
end_operator
begin_operator
link-0-1 n-7-4 n-8-4 cell-7-3 cap-1 cap-0 cell-outside-7-right cap-1 cap-0
0
7
0 12 0 4
0 99 0 1
0 105 1 2
0 202 0 1
0 248 0 1
0 307 2 1
0 312 2 0
1
end_operator
begin_operator
link-0-1 n-7-4 n-8-4 cell-7-3 cap-2 cap-1 cell-outside-7-right cap-1 cap-0
0
7
0 12 1 0
0 99 0 1
0 105 1 2
0 202 0 1
0 248 0 1
0 307 2 1
0 312 2 0
1
end_operator
begin_operator
link-0-1 n-7-4 n-8-4 cell-7-3 cap-3 cap-2 cell-outside-7-right cap-1 cap-0
0
7
0 12 2 1
0 99 0 1
0 105 1 2
0 202 0 1
0 248 0 1
0 307 2 1
0 312 2 0
1
end_operator
begin_operator
link-0-1 n-7-4 n-8-4 cell-7-3 cap-4 cap-3 cell-outside-7-right cap-1 cap-0
0
7
0 12 3 2
0 99 0 1
0 105 1 2
0 202 0 1
0 248 0 1
0 307 2 1
0 312 2 0
1
end_operator
begin_operator
link-0-1 n-8-0 n-8-1 cell-7-0 cap-1 cap-0 cell-8-0 cap-1 cap-0
0
7
0 9 1 0
0 13 1 0
0 100 0 1
0 102 1 2
0 203 0 1
0 308 2 1
0 309 2 0
1
end_operator
begin_operator
link-0-1 n-8-0 n-8-1 cell-7-0 cap-1 cap-0 cell-8-0 cap-2 cap-1
0
7
0 9 1 0
0 13 2 1
0 100 0 1
0 102 1 2
0 203 0 1
0 308 2 1
0 309 2 0
1
end_operator
begin_operator
link-0-1 n-8-0 n-8-1 cell-7-0 cap-1 cap-0 cell-8-0 cap-3 cap-2
0
7
0 9 1 0
0 13 3 2
0 100 0 1
0 102 1 2
0 203 0 1
0 308 2 1
0 309 2 0
1
end_operator
begin_operator
link-0-1 n-8-0 n-8-1 cell-7-0 cap-2 cap-1 cell-8-0 cap-1 cap-0
0
7
0 9 2 1
0 13 1 0
0 100 0 1
0 102 1 2
0 203 0 1
0 308 2 1
0 309 2 0
1
end_operator
begin_operator
link-0-1 n-8-0 n-8-1 cell-7-0 cap-2 cap-1 cell-8-0 cap-2 cap-1
0
7
0 9 2 1
0 13 2 1
0 100 0 1
0 102 1 2
0 203 0 1
0 308 2 1
0 309 2 0
1
end_operator
begin_operator
link-0-1 n-8-0 n-8-1 cell-7-0 cap-2 cap-1 cell-8-0 cap-3 cap-2
0
7
0 9 2 1
0 13 3 2
0 100 0 1
0 102 1 2
0 203 0 1
0 308 2 1
0 309 2 0
1
end_operator
begin_operator
link-0-1 n-8-0 n-8-1 cell-7-0 cap-3 cap-2 cell-8-0 cap-1 cap-0
0
7
0 9 3 2
0 13 1 0
0 100 0 1
0 102 1 2
0 203 0 1
0 308 2 1
0 309 2 0
1
end_operator
begin_operator
link-0-1 n-8-0 n-8-1 cell-7-0 cap-3 cap-2 cell-8-0 cap-2 cap-1
0
7
0 9 3 2
0 13 2 1
0 100 0 1
0 102 1 2
0 203 0 1
0 308 2 1
0 309 2 0
1
end_operator
begin_operator
link-0-1 n-8-0 n-8-1 cell-7-0 cap-3 cap-2 cell-8-0 cap-3 cap-2
0
7
0 9 3 2
0 13 3 2
0 100 0 1
0 102 1 2
0 203 0 1
0 308 2 1
0 309 2 0
1
end_operator
begin_operator
link-0-1 n-8-0 n-9-0 cell-outside-8-left cap-1 cap-0 cell-8-0 cap-1 cap-0
0
7
0 13 1 0
0 100 0 1
0 106 1 2
0 204 0 1
0 249 0 1
0 308 2 1
0 313 2 0
1
end_operator
begin_operator
link-0-1 n-8-0 n-9-0 cell-outside-8-left cap-1 cap-0 cell-8-0 cap-2 cap-1
0
7
0 13 2 1
0 100 0 1
0 106 1 2
0 204 0 1
0 249 0 1
0 308 2 1
0 313 2 0
1
end_operator
begin_operator
link-0-1 n-8-0 n-9-0 cell-outside-8-left cap-1 cap-0 cell-8-0 cap-3 cap-2
0
7
0 13 3 2
0 100 0 1
0 106 1 2
0 204 0 1
0 249 0 1
0 308 2 1
0 313 2 0
1
end_operator
begin_operator
link-0-1 n-8-1 n-8-2 cell-7-1 cap-1 cap-0 cell-8-1 cap-1 cap-0
0
7
0 10 0 4
0 14 0 4
0 102 0 1
0 103 1 2
0 205 0 1
0 309 2 1
0 310 2 0
1
end_operator
begin_operator
link-0-1 n-8-1 n-8-2 cell-7-1 cap-1 cap-0 cell-8-1 cap-2 cap-1
0
7
0 10 0 4
0 14 1 0
0 102 0 1
0 103 1 2
0 205 0 1
0 309 2 1
0 310 2 0
1
end_operator
begin_operator
link-0-1 n-8-1 n-8-2 cell-7-1 cap-1 cap-0 cell-8-1 cap-3 cap-2
0
7
0 10 0 4
0 14 2 1
0 102 0 1
0 103 1 2
0 205 0 1
0 309 2 1
0 310 2 0
1
end_operator
begin_operator
link-0-1 n-8-1 n-8-2 cell-7-1 cap-1 cap-0 cell-8-1 cap-4 cap-3
0
7
0 10 0 4
0 14 3 2
0 102 0 1
0 103 1 2
0 205 0 1
0 309 2 1
0 310 2 0
1
end_operator
begin_operator
link-0-1 n-8-1 n-8-2 cell-7-1 cap-2 cap-1 cell-8-1 cap-1 cap-0
0
7
0 10 1 0
0 14 0 4
0 102 0 1
0 103 1 2
0 205 0 1
0 309 2 1
0 310 2 0
1
end_operator
begin_operator
link-0-1 n-8-1 n-8-2 cell-7-1 cap-2 cap-1 cell-8-1 cap-2 cap-1
0
7
0 10 1 0
0 14 1 0
0 102 0 1
0 103 1 2
0 205 0 1
0 309 2 1
0 310 2 0
1
end_operator
begin_operator
link-0-1 n-8-1 n-8-2 cell-7-1 cap-2 cap-1 cell-8-1 cap-3 cap-2
0
7
0 10 1 0
0 14 2 1
0 102 0 1
0 103 1 2
0 205 0 1
0 309 2 1
0 310 2 0
1
end_operator
begin_operator
link-0-1 n-8-1 n-8-2 cell-7-1 cap-2 cap-1 cell-8-1 cap-4 cap-3
0
7
0 10 1 0
0 14 3 2
0 102 0 1
0 103 1 2
0 205 0 1
0 309 2 1
0 310 2 0
1
end_operator
begin_operator
link-0-1 n-8-1 n-8-2 cell-7-1 cap-3 cap-2 cell-8-1 cap-1 cap-0
0
7
0 10 2 1
0 14 0 4
0 102 0 1
0 103 1 2
0 205 0 1
0 309 2 1
0 310 2 0
1
end_operator
begin_operator
link-0-1 n-8-1 n-8-2 cell-7-1 cap-3 cap-2 cell-8-1 cap-2 cap-1
0
7
0 10 2 1
0 14 1 0
0 102 0 1
0 103 1 2
0 205 0 1
0 309 2 1
0 310 2 0
1
end_operator
begin_operator
link-0-1 n-8-1 n-8-2 cell-7-1 cap-3 cap-2 cell-8-1 cap-3 cap-2
0
7
0 10 2 1
0 14 2 1
0 102 0 1
0 103 1 2
0 205 0 1
0 309 2 1
0 310 2 0
1
end_operator
begin_operator
link-0-1 n-8-1 n-8-2 cell-7-1 cap-3 cap-2 cell-8-1 cap-4 cap-3
0
7
0 10 2 1
0 14 3 2
0 102 0 1
0 103 1 2
0 205 0 1
0 309 2 1
0 310 2 0
1
end_operator
begin_operator
link-0-1 n-8-1 n-8-2 cell-7-1 cap-4 cap-3 cell-8-1 cap-1 cap-0
0
7
0 10 3 2
0 14 0 4
0 102 0 1
0 103 1 2
0 205 0 1
0 309 2 1
0 310 2 0
1
end_operator
begin_operator
link-0-1 n-8-1 n-8-2 cell-7-1 cap-4 cap-3 cell-8-1 cap-2 cap-1
0
7
0 10 3 2
0 14 1 0
0 102 0 1
0 103 1 2
0 205 0 1
0 309 2 1
0 310 2 0
1
end_operator
begin_operator
link-0-1 n-8-1 n-8-2 cell-7-1 cap-4 cap-3 cell-8-1 cap-3 cap-2
0
7
0 10 3 2
0 14 2 1
0 102 0 1
0 103 1 2
0 205 0 1
0 309 2 1
0 310 2 0
1
end_operator
begin_operator
link-0-1 n-8-1 n-8-2 cell-7-1 cap-4 cap-3 cell-8-1 cap-4 cap-3
0
7
0 10 3 2
0 14 3 2
0 102 0 1
0 103 1 2
0 205 0 1
0 309 2 1
0 310 2 0
1
end_operator
begin_operator
link-0-1 n-8-1 n-9-1 cell-8-0 cap-1 cap-0 cell-8-1 cap-1 cap-0
0
7
0 13 1 0
0 14 0 4
0 102 0 1
0 107 1 2
0 207 0 1
0 309 2 1
0 314 2 0
1
end_operator
begin_operator
link-0-1 n-8-1 n-9-1 cell-8-0 cap-1 cap-0 cell-8-1 cap-2 cap-1
0
7
0 13 1 0
0 14 1 0
0 102 0 1
0 107 1 2
0 207 0 1
0 309 2 1
0 314 2 0
1
end_operator
begin_operator
link-0-1 n-8-1 n-9-1 cell-8-0 cap-1 cap-0 cell-8-1 cap-3 cap-2
0
7
0 13 1 0
0 14 2 1
0 102 0 1
0 107 1 2
0 207 0 1
0 309 2 1
0 314 2 0
1
end_operator
begin_operator
link-0-1 n-8-1 n-9-1 cell-8-0 cap-1 cap-0 cell-8-1 cap-4 cap-3
0
7
0 13 1 0
0 14 3 2
0 102 0 1
0 107 1 2
0 207 0 1
0 309 2 1
0 314 2 0
1
end_operator
begin_operator
link-0-1 n-8-1 n-9-1 cell-8-0 cap-2 cap-1 cell-8-1 cap-1 cap-0
0
7
0 13 2 1
0 14 0 4
0 102 0 1
0 107 1 2
0 207 0 1
0 309 2 1
0 314 2 0
1
end_operator
begin_operator
link-0-1 n-8-1 n-9-1 cell-8-0 cap-2 cap-1 cell-8-1 cap-2 cap-1
0
7
0 13 2 1
0 14 1 0
0 102 0 1
0 107 1 2
0 207 0 1
0 309 2 1
0 314 2 0
1
end_operator
begin_operator
link-0-1 n-8-1 n-9-1 cell-8-0 cap-2 cap-1 cell-8-1 cap-3 cap-2
0
7
0 13 2 1
0 14 2 1
0 102 0 1
0 107 1 2
0 207 0 1
0 309 2 1
0 314 2 0
1
end_operator
begin_operator
link-0-1 n-8-1 n-9-1 cell-8-0 cap-2 cap-1 cell-8-1 cap-4 cap-3
0
7
0 13 2 1
0 14 3 2
0 102 0 1
0 107 1 2
0 207 0 1
0 309 2 1
0 314 2 0
1
end_operator
begin_operator
link-0-1 n-8-1 n-9-1 cell-8-0 cap-3 cap-2 cell-8-1 cap-1 cap-0
0
7
0 13 3 2
0 14 0 4
0 102 0 1
0 107 1 2
0 207 0 1
0 309 2 1
0 314 2 0
1
end_operator
begin_operator
link-0-1 n-8-1 n-9-1 cell-8-0 cap-3 cap-2 cell-8-1 cap-2 cap-1
0
7
0 13 3 2
0 14 1 0
0 102 0 1
0 107 1 2
0 207 0 1
0 309 2 1
0 314 2 0
1
end_operator
begin_operator
link-0-1 n-8-1 n-9-1 cell-8-0 cap-3 cap-2 cell-8-1 cap-3 cap-2
0
7
0 13 3 2
0 14 2 1
0 102 0 1
0 107 1 2
0 207 0 1
0 309 2 1
0 314 2 0
1
end_operator
begin_operator
link-0-1 n-8-1 n-9-1 cell-8-0 cap-3 cap-2 cell-8-1 cap-4 cap-3
0
7
0 13 3 2
0 14 3 2
0 102 0 1
0 107 1 2
0 207 0 1
0 309 2 1
0 314 2 0
1
end_operator
begin_operator
link-0-1 n-8-2 n-8-3 cell-7-2 cap-1 cap-0 cell-8-2 cap-1 cap-0
0
7
0 11 0 4
0 15 1 0
0 103 0 1
0 104 1 2
0 209 0 1
0 310 2 1
0 311 2 0
1
end_operator
begin_operator
link-0-1 n-8-2 n-8-3 cell-7-2 cap-1 cap-0 cell-8-2 cap-2 cap-1
0
7
0 11 0 4
0 15 2 1
0 103 0 1
0 104 1 2
0 209 0 1
0 310 2 1
0 311 2 0
1
end_operator
begin_operator
link-0-1 n-8-2 n-8-3 cell-7-2 cap-1 cap-0 cell-8-2 cap-3 cap-2
0
7
0 11 0 4
0 15 3 2
0 103 0 1
0 104 1 2
0 209 0 1
0 310 2 1
0 311 2 0
1
end_operator
begin_operator
link-0-1 n-8-2 n-8-3 cell-7-2 cap-2 cap-1 cell-8-2 cap-1 cap-0
0
7
0 11 1 0
0 15 1 0
0 103 0 1
0 104 1 2
0 209 0 1
0 310 2 1
0 311 2 0
1
end_operator
begin_operator
link-0-1 n-8-2 n-8-3 cell-7-2 cap-2 cap-1 cell-8-2 cap-2 cap-1
0
7
0 11 1 0
0 15 2 1
0 103 0 1
0 104 1 2
0 209 0 1
0 310 2 1
0 311 2 0
1
end_operator
begin_operator
link-0-1 n-8-2 n-8-3 cell-7-2 cap-2 cap-1 cell-8-2 cap-3 cap-2
0
7
0 11 1 0
0 15 3 2
0 103 0 1
0 104 1 2
0 209 0 1
0 310 2 1
0 311 2 0
1
end_operator
begin_operator
link-0-1 n-8-2 n-8-3 cell-7-2 cap-3 cap-2 cell-8-2 cap-1 cap-0
0
7
0 11 2 1
0 15 1 0
0 103 0 1
0 104 1 2
0 209 0 1
0 310 2 1
0 311 2 0
1
end_operator
begin_operator
link-0-1 n-8-2 n-8-3 cell-7-2 cap-3 cap-2 cell-8-2 cap-2 cap-1
0
7
0 11 2 1
0 15 2 1
0 103 0 1
0 104 1 2
0 209 0 1
0 310 2 1
0 311 2 0
1
end_operator
begin_operator
link-0-1 n-8-2 n-8-3 cell-7-2 cap-3 cap-2 cell-8-2 cap-3 cap-2
0
7
0 11 2 1
0 15 3 2
0 103 0 1
0 104 1 2
0 209 0 1
0 310 2 1
0 311 2 0
1
end_operator
begin_operator
link-0-1 n-8-2 n-8-3 cell-7-2 cap-4 cap-3 cell-8-2 cap-1 cap-0
0
7
0 11 3 2
0 15 1 0
0 103 0 1
0 104 1 2
0 209 0 1
0 310 2 1
0 311 2 0
1
end_operator
begin_operator
link-0-1 n-8-2 n-8-3 cell-7-2 cap-4 cap-3 cell-8-2 cap-2 cap-1
0
7
0 11 3 2
0 15 2 1
0 103 0 1
0 104 1 2
0 209 0 1
0 310 2 1
0 311 2 0
1
end_operator
begin_operator
link-0-1 n-8-2 n-8-3 cell-7-2 cap-4 cap-3 cell-8-2 cap-3 cap-2
0
7
0 11 3 2
0 15 3 2
0 103 0 1
0 104 1 2
0 209 0 1
0 310 2 1
0 311 2 0
1
end_operator
begin_operator
link-0-1 n-8-2 n-9-2 cell-8-1 cap-1 cap-0 cell-8-2 cap-1 cap-0
0
7
0 14 0 4
0 15 1 0
0 103 0 1
0 108 1 2
0 211 0 1
0 310 2 1
0 315 2 0
1
end_operator
begin_operator
link-0-1 n-8-2 n-9-2 cell-8-1 cap-1 cap-0 cell-8-2 cap-2 cap-1
0
7
0 14 0 4
0 15 2 1
0 103 0 1
0 108 1 2
0 211 0 1
0 310 2 1
0 315 2 0
1
end_operator
begin_operator
link-0-1 n-8-2 n-9-2 cell-8-1 cap-1 cap-0 cell-8-2 cap-3 cap-2
0
7
0 14 0 4
0 15 3 2
0 103 0 1
0 108 1 2
0 211 0 1
0 310 2 1
0 315 2 0
1
end_operator
begin_operator
link-0-1 n-8-2 n-9-2 cell-8-1 cap-2 cap-1 cell-8-2 cap-1 cap-0
0
7
0 14 1 0
0 15 1 0
0 103 0 1
0 108 1 2
0 211 0 1
0 310 2 1
0 315 2 0
1
end_operator
begin_operator
link-0-1 n-8-2 n-9-2 cell-8-1 cap-2 cap-1 cell-8-2 cap-2 cap-1
0
7
0 14 1 0
0 15 2 1
0 103 0 1
0 108 1 2
0 211 0 1
0 310 2 1
0 315 2 0
1
end_operator
begin_operator
link-0-1 n-8-2 n-9-2 cell-8-1 cap-2 cap-1 cell-8-2 cap-3 cap-2
0
7
0 14 1 0
0 15 3 2
0 103 0 1
0 108 1 2
0 211 0 1
0 310 2 1
0 315 2 0
1
end_operator
begin_operator
link-0-1 n-8-2 n-9-2 cell-8-1 cap-3 cap-2 cell-8-2 cap-1 cap-0
0
7
0 14 2 1
0 15 1 0
0 103 0 1
0 108 1 2
0 211 0 1
0 310 2 1
0 315 2 0
1
end_operator
begin_operator
link-0-1 n-8-2 n-9-2 cell-8-1 cap-3 cap-2 cell-8-2 cap-2 cap-1
0
7
0 14 2 1
0 15 2 1
0 103 0 1
0 108 1 2
0 211 0 1
0 310 2 1
0 315 2 0
1
end_operator
begin_operator
link-0-1 n-8-2 n-9-2 cell-8-1 cap-3 cap-2 cell-8-2 cap-3 cap-2
0
7
0 14 2 1
0 15 3 2
0 103 0 1
0 108 1 2
0 211 0 1
0 310 2 1
0 315 2 0
1
end_operator
begin_operator
link-0-1 n-8-2 n-9-2 cell-8-1 cap-4 cap-3 cell-8-2 cap-1 cap-0
0
7
0 14 3 2
0 15 1 0
0 103 0 1
0 108 1 2
0 211 0 1
0 310 2 1
0 315 2 0
1
end_operator
begin_operator
link-0-1 n-8-2 n-9-2 cell-8-1 cap-4 cap-3 cell-8-2 cap-2 cap-1
0
7
0 14 3 2
0 15 2 1
0 103 0 1
0 108 1 2
0 211 0 1
0 310 2 1
0 315 2 0
1
end_operator
begin_operator
link-0-1 n-8-2 n-9-2 cell-8-1 cap-4 cap-3 cell-8-2 cap-3 cap-2
0
7
0 14 3 2
0 15 3 2
0 103 0 1
0 108 1 2
0 211 0 1
0 310 2 1
0 315 2 0
1
end_operator
begin_operator
link-0-1 n-8-3 n-8-4 cell-7-3 cap-1 cap-0 cell-8-3 cap-1 cap-0
0
7
0 12 0 4
0 16 0 4
0 104 0 1
0 105 1 2
0 213 0 1
0 311 2 1
0 312 2 0
1
end_operator
begin_operator
link-0-1 n-8-3 n-8-4 cell-7-3 cap-1 cap-0 cell-8-3 cap-2 cap-1
0
7
0 12 0 4
0 16 1 0
0 104 0 1
0 105 1 2
0 213 0 1
0 311 2 1
0 312 2 0
1
end_operator
begin_operator
link-0-1 n-8-3 n-8-4 cell-7-3 cap-1 cap-0 cell-8-3 cap-3 cap-2
0
7
0 12 0 4
0 16 2 1
0 104 0 1
0 105 1 2
0 213 0 1
0 311 2 1
0 312 2 0
1
end_operator
begin_operator
link-0-1 n-8-3 n-8-4 cell-7-3 cap-1 cap-0 cell-8-3 cap-4 cap-3
0
7
0 12 0 4
0 16 3 2
0 104 0 1
0 105 1 2
0 213 0 1
0 311 2 1
0 312 2 0
1
end_operator
begin_operator
link-0-1 n-8-3 n-8-4 cell-7-3 cap-2 cap-1 cell-8-3 cap-1 cap-0
0
7
0 12 1 0
0 16 0 4
0 104 0 1
0 105 1 2
0 213 0 1
0 311 2 1
0 312 2 0
1
end_operator
begin_operator
link-0-1 n-8-3 n-8-4 cell-7-3 cap-2 cap-1 cell-8-3 cap-2 cap-1
0
7
0 12 1 0
0 16 1 0
0 104 0 1
0 105 1 2
0 213 0 1
0 311 2 1
0 312 2 0
1
end_operator
begin_operator
link-0-1 n-8-3 n-8-4 cell-7-3 cap-2 cap-1 cell-8-3 cap-3 cap-2
0
7
0 12 1 0
0 16 2 1
0 104 0 1
0 105 1 2
0 213 0 1
0 311 2 1
0 312 2 0
1
end_operator
begin_operator
link-0-1 n-8-3 n-8-4 cell-7-3 cap-2 cap-1 cell-8-3 cap-4 cap-3
0
7
0 12 1 0
0 16 3 2
0 104 0 1
0 105 1 2
0 213 0 1
0 311 2 1
0 312 2 0
1
end_operator
begin_operator
link-0-1 n-8-3 n-8-4 cell-7-3 cap-3 cap-2 cell-8-3 cap-1 cap-0
0
7
0 12 2 1
0 16 0 4
0 104 0 1
0 105 1 2
0 213 0 1
0 311 2 1
0 312 2 0
1
end_operator
begin_operator
link-0-1 n-8-3 n-8-4 cell-7-3 cap-3 cap-2 cell-8-3 cap-2 cap-1
0
7
0 12 2 1
0 16 1 0
0 104 0 1
0 105 1 2
0 213 0 1
0 311 2 1
0 312 2 0
1
end_operator
begin_operator
link-0-1 n-8-3 n-8-4 cell-7-3 cap-3 cap-2 cell-8-3 cap-3 cap-2
0
7
0 12 2 1
0 16 2 1
0 104 0 1
0 105 1 2
0 213 0 1
0 311 2 1
0 312 2 0
1
end_operator
begin_operator
link-0-1 n-8-3 n-8-4 cell-7-3 cap-3 cap-2 cell-8-3 cap-4 cap-3
0
7
0 12 2 1
0 16 3 2
0 104 0 1
0 105 1 2
0 213 0 1
0 311 2 1
0 312 2 0
1
end_operator
begin_operator
link-0-1 n-8-3 n-8-4 cell-7-3 cap-4 cap-3 cell-8-3 cap-1 cap-0
0
7
0 12 3 2
0 16 0 4
0 104 0 1
0 105 1 2
0 213 0 1
0 311 2 1
0 312 2 0
1
end_operator
begin_operator
link-0-1 n-8-3 n-8-4 cell-7-3 cap-4 cap-3 cell-8-3 cap-2 cap-1
0
7
0 12 3 2
0 16 1 0
0 104 0 1
0 105 1 2
0 213 0 1
0 311 2 1
0 312 2 0
1
end_operator
begin_operator
link-0-1 n-8-3 n-8-4 cell-7-3 cap-4 cap-3 cell-8-3 cap-3 cap-2
0
7
0 12 3 2
0 16 2 1
0 104 0 1
0 105 1 2
0 213 0 1
0 311 2 1
0 312 2 0
1
end_operator
begin_operator
link-0-1 n-8-3 n-8-4 cell-7-3 cap-4 cap-3 cell-8-3 cap-4 cap-3
0
7
0 12 3 2
0 16 3 2
0 104 0 1
0 105 1 2
0 213 0 1
0 311 2 1
0 312 2 0
1
end_operator
begin_operator
link-0-1 n-8-3 n-9-3 cell-8-2 cap-1 cap-0 cell-8-3 cap-1 cap-0
0
7
0 15 1 0
0 16 0 4
0 104 0 1
0 109 1 2
0 215 0 1
0 311 2 1
0 316 2 0
1
end_operator
begin_operator
link-0-1 n-8-3 n-9-3 cell-8-2 cap-1 cap-0 cell-8-3 cap-2 cap-1
0
7
0 15 1 0
0 16 1 0
0 104 0 1
0 109 1 2
0 215 0 1
0 311 2 1
0 316 2 0
1
end_operator
begin_operator
link-0-1 n-8-3 n-9-3 cell-8-2 cap-1 cap-0 cell-8-3 cap-3 cap-2
0
7
0 15 1 0
0 16 2 1
0 104 0 1
0 109 1 2
0 215 0 1
0 311 2 1
0 316 2 0
1
end_operator
begin_operator
link-0-1 n-8-3 n-9-3 cell-8-2 cap-1 cap-0 cell-8-3 cap-4 cap-3
0
7
0 15 1 0
0 16 3 2
0 104 0 1
0 109 1 2
0 215 0 1
0 311 2 1
0 316 2 0
1
end_operator
begin_operator
link-0-1 n-8-3 n-9-3 cell-8-2 cap-2 cap-1 cell-8-3 cap-1 cap-0
0
7
0 15 2 1
0 16 0 4
0 104 0 1
0 109 1 2
0 215 0 1
0 311 2 1
0 316 2 0
1
end_operator
begin_operator
link-0-1 n-8-3 n-9-3 cell-8-2 cap-2 cap-1 cell-8-3 cap-2 cap-1
0
7
0 15 2 1
0 16 1 0
0 104 0 1
0 109 1 2
0 215 0 1
0 311 2 1
0 316 2 0
1
end_operator
begin_operator
link-0-1 n-8-3 n-9-3 cell-8-2 cap-2 cap-1 cell-8-3 cap-3 cap-2
0
7
0 15 2 1
0 16 2 1
0 104 0 1
0 109 1 2
0 215 0 1
0 311 2 1
0 316 2 0
1
end_operator
begin_operator
link-0-1 n-8-3 n-9-3 cell-8-2 cap-2 cap-1 cell-8-3 cap-4 cap-3
0
7
0 15 2 1
0 16 3 2
0 104 0 1
0 109 1 2
0 215 0 1
0 311 2 1
0 316 2 0
1
end_operator
begin_operator
link-0-1 n-8-3 n-9-3 cell-8-2 cap-3 cap-2 cell-8-3 cap-1 cap-0
0
7
0 15 3 2
0 16 0 4
0 104 0 1
0 109 1 2
0 215 0 1
0 311 2 1
0 316 2 0
1
end_operator
begin_operator
link-0-1 n-8-3 n-9-3 cell-8-2 cap-3 cap-2 cell-8-3 cap-2 cap-1
0
7
0 15 3 2
0 16 1 0
0 104 0 1
0 109 1 2
0 215 0 1
0 311 2 1
0 316 2 0
1
end_operator
begin_operator
link-0-1 n-8-3 n-9-3 cell-8-2 cap-3 cap-2 cell-8-3 cap-3 cap-2
0
7
0 15 3 2
0 16 2 1
0 104 0 1
0 109 1 2
0 215 0 1
0 311 2 1
0 316 2 0
1
end_operator
begin_operator
link-0-1 n-8-3 n-9-3 cell-8-2 cap-3 cap-2 cell-8-3 cap-4 cap-3
0
7
0 15 3 2
0 16 3 2
0 104 0 1
0 109 1 2
0 215 0 1
0 311 2 1
0 316 2 0
1
end_operator
begin_operator
link-0-1 n-8-4 n-9-4 cell-8-3 cap-1 cap-0 cell-outside-8-right cap-1 cap-0
0
7
0 16 0 4
0 105 0 1
0 110 1 2
0 217 0 1
0 250 0 1
0 312 2 1
0 317 2 0
1
end_operator
begin_operator
link-0-1 n-8-4 n-9-4 cell-8-3 cap-2 cap-1 cell-outside-8-right cap-1 cap-0
0
7
0 16 1 0
0 105 0 1
0 110 1 2
0 217 0 1
0 250 0 1
0 312 2 1
0 317 2 0
1
end_operator
begin_operator
link-0-1 n-8-4 n-9-4 cell-8-3 cap-3 cap-2 cell-outside-8-right cap-1 cap-0
0
7
0 16 2 1
0 105 0 1
0 110 1 2
0 217 0 1
0 250 0 1
0 312 2 1
0 317 2 0
1
end_operator
begin_operator
link-0-1 n-8-4 n-9-4 cell-8-3 cap-4 cap-3 cell-outside-8-right cap-1 cap-0
0
7
0 16 3 2
0 105 0 1
0 110 1 2
0 217 0 1
0 250 0 1
0 312 2 1
0 317 2 0
1
end_operator
begin_operator
link-0-1 n-9-0 n-10-0 cell-outside-9-left cap-1 cap-0 cell-9-0 cap-1 cap-0
0
7
0 17 0 4
0 55 1 2
0 106 0 1
0 219 0 1
0 251 0 1
0 263 2 0
0 313 2 1
1
end_operator
begin_operator
link-0-1 n-9-0 n-10-0 cell-outside-9-left cap-1 cap-0 cell-9-0 cap-2 cap-1
0
7
0 17 1 0
0 55 1 2
0 106 0 1
0 219 0 1
0 251 0 1
0 263 2 0
0 313 2 1
1
end_operator
begin_operator
link-0-1 n-9-0 n-10-0 cell-outside-9-left cap-1 cap-0 cell-9-0 cap-3 cap-2
0
7
0 17 2 1
0 55 1 2
0 106 0 1
0 219 0 1
0 251 0 1
0 263 2 0
0 313 2 1
1
end_operator
begin_operator
link-0-1 n-9-0 n-10-0 cell-outside-9-left cap-1 cap-0 cell-9-0 cap-4 cap-3
0
7
0 17 3 2
0 55 1 2
0 106 0 1
0 219 0 1
0 251 0 1
0 263 2 0
0 313 2 1
1
end_operator
begin_operator
link-0-1 n-9-0 n-9-1 cell-8-0 cap-1 cap-0 cell-9-0 cap-1 cap-0
0
7
0 13 1 0
0 17 0 4
0 106 0 1
0 107 1 2
0 221 0 1
0 313 2 1
0 314 2 0
1
end_operator
begin_operator
link-0-1 n-9-0 n-9-1 cell-8-0 cap-1 cap-0 cell-9-0 cap-2 cap-1
0
7
0 13 1 0
0 17 1 0
0 106 0 1
0 107 1 2
0 221 0 1
0 313 2 1
0 314 2 0
1
end_operator
begin_operator
link-0-1 n-9-0 n-9-1 cell-8-0 cap-1 cap-0 cell-9-0 cap-3 cap-2
0
7
0 13 1 0
0 17 2 1
0 106 0 1
0 107 1 2
0 221 0 1
0 313 2 1
0 314 2 0
1
end_operator
begin_operator
link-0-1 n-9-0 n-9-1 cell-8-0 cap-1 cap-0 cell-9-0 cap-4 cap-3
0
7
0 13 1 0
0 17 3 2
0 106 0 1
0 107 1 2
0 221 0 1
0 313 2 1
0 314 2 0
1
end_operator
begin_operator
link-0-1 n-9-0 n-9-1 cell-8-0 cap-2 cap-1 cell-9-0 cap-1 cap-0
0
7
0 13 2 1
0 17 0 4
0 106 0 1
0 107 1 2
0 221 0 1
0 313 2 1
0 314 2 0
1
end_operator
begin_operator
link-0-1 n-9-0 n-9-1 cell-8-0 cap-2 cap-1 cell-9-0 cap-2 cap-1
0
7
0 13 2 1
0 17 1 0
0 106 0 1
0 107 1 2
0 221 0 1
0 313 2 1
0 314 2 0
1
end_operator
begin_operator
link-0-1 n-9-0 n-9-1 cell-8-0 cap-2 cap-1 cell-9-0 cap-3 cap-2
0
7
0 13 2 1
0 17 2 1
0 106 0 1
0 107 1 2
0 221 0 1
0 313 2 1
0 314 2 0
1
end_operator
begin_operator
link-0-1 n-9-0 n-9-1 cell-8-0 cap-2 cap-1 cell-9-0 cap-4 cap-3
0
7
0 13 2 1
0 17 3 2
0 106 0 1
0 107 1 2
0 221 0 1
0 313 2 1
0 314 2 0
1
end_operator
begin_operator
link-0-1 n-9-0 n-9-1 cell-8-0 cap-3 cap-2 cell-9-0 cap-1 cap-0
0
7
0 13 3 2
0 17 0 4
0 106 0 1
0 107 1 2
0 221 0 1
0 313 2 1
0 314 2 0
1
end_operator
begin_operator
link-0-1 n-9-0 n-9-1 cell-8-0 cap-3 cap-2 cell-9-0 cap-2 cap-1
0
7
0 13 3 2
0 17 1 0
0 106 0 1
0 107 1 2
0 221 0 1
0 313 2 1
0 314 2 0
1
end_operator
begin_operator
link-0-1 n-9-0 n-9-1 cell-8-0 cap-3 cap-2 cell-9-0 cap-3 cap-2
0
7
0 13 3 2
0 17 2 1
0 106 0 1
0 107 1 2
0 221 0 1
0 313 2 1
0 314 2 0
1
end_operator
begin_operator
link-0-1 n-9-0 n-9-1 cell-8-0 cap-3 cap-2 cell-9-0 cap-4 cap-3
0
7
0 13 3 2
0 17 3 2
0 106 0 1
0 107 1 2
0 221 0 1
0 313 2 1
0 314 2 0
1
end_operator
begin_operator
link-0-1 n-9-1 n-10-1 cell-9-0 cap-1 cap-0 cell-9-1 cap-1 cap-0
0
7
0 17 0 4
0 18 0 4
0 56 1 2
0 107 0 1
0 223 0 1
0 264 2 0
0 314 2 1
1
end_operator
begin_operator
link-0-1 n-9-1 n-10-1 cell-9-0 cap-1 cap-0 cell-9-1 cap-2 cap-1
0
7
0 17 0 4
0 18 1 0
0 56 1 2
0 107 0 1
0 223 0 1
0 264 2 0
0 314 2 1
1
end_operator
begin_operator
link-0-1 n-9-1 n-10-1 cell-9-0 cap-1 cap-0 cell-9-1 cap-3 cap-2
0
7
0 17 0 4
0 18 2 1
0 56 1 2
0 107 0 1
0 223 0 1
0 264 2 0
0 314 2 1
1
end_operator
begin_operator
link-0-1 n-9-1 n-10-1 cell-9-0 cap-1 cap-0 cell-9-1 cap-4 cap-3
0
7
0 17 0 4
0 18 3 2
0 56 1 2
0 107 0 1
0 223 0 1
0 264 2 0
0 314 2 1
1
end_operator
begin_operator
link-0-1 n-9-1 n-10-1 cell-9-0 cap-2 cap-1 cell-9-1 cap-1 cap-0
0
7
0 17 1 0
0 18 0 4
0 56 1 2
0 107 0 1
0 223 0 1
0 264 2 0
0 314 2 1
1
end_operator
begin_operator
link-0-1 n-9-1 n-10-1 cell-9-0 cap-2 cap-1 cell-9-1 cap-2 cap-1
0
7
0 17 1 0
0 18 1 0
0 56 1 2
0 107 0 1
0 223 0 1
0 264 2 0
0 314 2 1
1
end_operator
begin_operator
link-0-1 n-9-1 n-10-1 cell-9-0 cap-2 cap-1 cell-9-1 cap-3 cap-2
0
7
0 17 1 0
0 18 2 1
0 56 1 2
0 107 0 1
0 223 0 1
0 264 2 0
0 314 2 1
1
end_operator
begin_operator
link-0-1 n-9-1 n-10-1 cell-9-0 cap-2 cap-1 cell-9-1 cap-4 cap-3
0
7
0 17 1 0
0 18 3 2
0 56 1 2
0 107 0 1
0 223 0 1
0 264 2 0
0 314 2 1
1
end_operator
begin_operator
link-0-1 n-9-1 n-10-1 cell-9-0 cap-3 cap-2 cell-9-1 cap-1 cap-0
0
7
0 17 2 1
0 18 0 4
0 56 1 2
0 107 0 1
0 223 0 1
0 264 2 0
0 314 2 1
1
end_operator
begin_operator
link-0-1 n-9-1 n-10-1 cell-9-0 cap-3 cap-2 cell-9-1 cap-2 cap-1
0
7
0 17 2 1
0 18 1 0
0 56 1 2
0 107 0 1
0 223 0 1
0 264 2 0
0 314 2 1
1
end_operator
begin_operator
link-0-1 n-9-1 n-10-1 cell-9-0 cap-3 cap-2 cell-9-1 cap-3 cap-2
0
7
0 17 2 1
0 18 2 1
0 56 1 2
0 107 0 1
0 223 0 1
0 264 2 0
0 314 2 1
1
end_operator
begin_operator
link-0-1 n-9-1 n-10-1 cell-9-0 cap-3 cap-2 cell-9-1 cap-4 cap-3
0
7
0 17 2 1
0 18 3 2
0 56 1 2
0 107 0 1
0 223 0 1
0 264 2 0
0 314 2 1
1
end_operator
begin_operator
link-0-1 n-9-1 n-10-1 cell-9-0 cap-4 cap-3 cell-9-1 cap-1 cap-0
0
7
0 17 3 2
0 18 0 4
0 56 1 2
0 107 0 1
0 223 0 1
0 264 2 0
0 314 2 1
1
end_operator
begin_operator
link-0-1 n-9-1 n-10-1 cell-9-0 cap-4 cap-3 cell-9-1 cap-2 cap-1
0
7
0 17 3 2
0 18 1 0
0 56 1 2
0 107 0 1
0 223 0 1
0 264 2 0
0 314 2 1
1
end_operator
begin_operator
link-0-1 n-9-1 n-10-1 cell-9-0 cap-4 cap-3 cell-9-1 cap-3 cap-2
0
7
0 17 3 2
0 18 2 1
0 56 1 2
0 107 0 1
0 223 0 1
0 264 2 0
0 314 2 1
1
end_operator
begin_operator
link-0-1 n-9-1 n-10-1 cell-9-0 cap-4 cap-3 cell-9-1 cap-4 cap-3
0
7
0 17 3 2
0 18 3 2
0 56 1 2
0 107 0 1
0 223 0 1
0 264 2 0
0 314 2 1
1
end_operator
begin_operator
link-0-1 n-9-1 n-9-2 cell-8-1 cap-1 cap-0 cell-9-1 cap-1 cap-0
0
7
0 14 0 4
0 18 0 4
0 107 0 1
0 108 1 2
0 225 0 1
0 314 2 1
0 315 2 0
1
end_operator
begin_operator
link-0-1 n-9-1 n-9-2 cell-8-1 cap-1 cap-0 cell-9-1 cap-2 cap-1
0
7
0 14 0 4
0 18 1 0
0 107 0 1
0 108 1 2
0 225 0 1
0 314 2 1
0 315 2 0
1
end_operator
begin_operator
link-0-1 n-9-1 n-9-2 cell-8-1 cap-1 cap-0 cell-9-1 cap-3 cap-2
0
7
0 14 0 4
0 18 2 1
0 107 0 1
0 108 1 2
0 225 0 1
0 314 2 1
0 315 2 0
1
end_operator
begin_operator
link-0-1 n-9-1 n-9-2 cell-8-1 cap-1 cap-0 cell-9-1 cap-4 cap-3
0
7
0 14 0 4
0 18 3 2
0 107 0 1
0 108 1 2
0 225 0 1
0 314 2 1
0 315 2 0
1
end_operator
begin_operator
link-0-1 n-9-1 n-9-2 cell-8-1 cap-2 cap-1 cell-9-1 cap-1 cap-0
0
7
0 14 1 0
0 18 0 4
0 107 0 1
0 108 1 2
0 225 0 1
0 314 2 1
0 315 2 0
1
end_operator
begin_operator
link-0-1 n-9-1 n-9-2 cell-8-1 cap-2 cap-1 cell-9-1 cap-2 cap-1
0
7
0 14 1 0
0 18 1 0
0 107 0 1
0 108 1 2
0 225 0 1
0 314 2 1
0 315 2 0
1
end_operator
begin_operator
link-0-1 n-9-1 n-9-2 cell-8-1 cap-2 cap-1 cell-9-1 cap-3 cap-2
0
7
0 14 1 0
0 18 2 1
0 107 0 1
0 108 1 2
0 225 0 1
0 314 2 1
0 315 2 0
1
end_operator
begin_operator
link-0-1 n-9-1 n-9-2 cell-8-1 cap-2 cap-1 cell-9-1 cap-4 cap-3
0
7
0 14 1 0
0 18 3 2
0 107 0 1
0 108 1 2
0 225 0 1
0 314 2 1
0 315 2 0
1
end_operator
begin_operator
link-0-1 n-9-1 n-9-2 cell-8-1 cap-3 cap-2 cell-9-1 cap-1 cap-0
0
7
0 14 2 1
0 18 0 4
0 107 0 1
0 108 1 2
0 225 0 1
0 314 2 1
0 315 2 0
1
end_operator
begin_operator
link-0-1 n-9-1 n-9-2 cell-8-1 cap-3 cap-2 cell-9-1 cap-2 cap-1
0
7
0 14 2 1
0 18 1 0
0 107 0 1
0 108 1 2
0 225 0 1
0 314 2 1
0 315 2 0
1
end_operator
begin_operator
link-0-1 n-9-1 n-9-2 cell-8-1 cap-3 cap-2 cell-9-1 cap-3 cap-2
0
7
0 14 2 1
0 18 2 1
0 107 0 1
0 108 1 2
0 225 0 1
0 314 2 1
0 315 2 0
1
end_operator
begin_operator
link-0-1 n-9-1 n-9-2 cell-8-1 cap-3 cap-2 cell-9-1 cap-4 cap-3
0
7
0 14 2 1
0 18 3 2
0 107 0 1
0 108 1 2
0 225 0 1
0 314 2 1
0 315 2 0
1
end_operator
begin_operator
link-0-1 n-9-1 n-9-2 cell-8-1 cap-4 cap-3 cell-9-1 cap-1 cap-0
0
7
0 14 3 2
0 18 0 4
0 107 0 1
0 108 1 2
0 225 0 1
0 314 2 1
0 315 2 0
1
end_operator
begin_operator
link-0-1 n-9-1 n-9-2 cell-8-1 cap-4 cap-3 cell-9-1 cap-2 cap-1
0
7
0 14 3 2
0 18 1 0
0 107 0 1
0 108 1 2
0 225 0 1
0 314 2 1
0 315 2 0
1
end_operator
begin_operator
link-0-1 n-9-1 n-9-2 cell-8-1 cap-4 cap-3 cell-9-1 cap-3 cap-2
0
7
0 14 3 2
0 18 2 1
0 107 0 1
0 108 1 2
0 225 0 1
0 314 2 1
0 315 2 0
1
end_operator
begin_operator
link-0-1 n-9-1 n-9-2 cell-8-1 cap-4 cap-3 cell-9-1 cap-4 cap-3
0
7
0 14 3 2
0 18 3 2
0 107 0 1
0 108 1 2
0 225 0 1
0 314 2 1
0 315 2 0
1
end_operator
begin_operator
link-0-1 n-9-2 n-10-2 cell-9-1 cap-1 cap-0 cell-9-2 cap-1 cap-0
0
7
0 18 0 4
0 19 0 4
0 57 1 2
0 108 0 1
0 227 0 1
0 265 2 0
0 315 2 1
1
end_operator
begin_operator
link-0-1 n-9-2 n-10-2 cell-9-1 cap-1 cap-0 cell-9-2 cap-2 cap-1
0
7
0 18 0 4
0 19 1 0
0 57 1 2
0 108 0 1
0 227 0 1
0 265 2 0
0 315 2 1
1
end_operator
begin_operator
link-0-1 n-9-2 n-10-2 cell-9-1 cap-1 cap-0 cell-9-2 cap-3 cap-2
0
7
0 18 0 4
0 19 2 1
0 57 1 2
0 108 0 1
0 227 0 1
0 265 2 0
0 315 2 1
1
end_operator
begin_operator
link-0-1 n-9-2 n-10-2 cell-9-1 cap-1 cap-0 cell-9-2 cap-4 cap-3
0
7
0 18 0 4
0 19 3 2
0 57 1 2
0 108 0 1
0 227 0 1
0 265 2 0
0 315 2 1
1
end_operator
begin_operator
link-0-1 n-9-2 n-10-2 cell-9-1 cap-2 cap-1 cell-9-2 cap-1 cap-0
0
7
0 18 1 0
0 19 0 4
0 57 1 2
0 108 0 1
0 227 0 1
0 265 2 0
0 315 2 1
1
end_operator
begin_operator
link-0-1 n-9-2 n-10-2 cell-9-1 cap-2 cap-1 cell-9-2 cap-2 cap-1
0
7
0 18 1 0
0 19 1 0
0 57 1 2
0 108 0 1
0 227 0 1
0 265 2 0
0 315 2 1
1
end_operator
begin_operator
link-0-1 n-9-2 n-10-2 cell-9-1 cap-2 cap-1 cell-9-2 cap-3 cap-2
0
7
0 18 1 0
0 19 2 1
0 57 1 2
0 108 0 1
0 227 0 1
0 265 2 0
0 315 2 1
1
end_operator
begin_operator
link-0-1 n-9-2 n-10-2 cell-9-1 cap-2 cap-1 cell-9-2 cap-4 cap-3
0
7
0 18 1 0
0 19 3 2
0 57 1 2
0 108 0 1
0 227 0 1
0 265 2 0
0 315 2 1
1
end_operator
begin_operator
link-0-1 n-9-2 n-10-2 cell-9-1 cap-3 cap-2 cell-9-2 cap-1 cap-0
0
7
0 18 2 1
0 19 0 4
0 57 1 2
0 108 0 1
0 227 0 1
0 265 2 0
0 315 2 1
1
end_operator
begin_operator
link-0-1 n-9-2 n-10-2 cell-9-1 cap-3 cap-2 cell-9-2 cap-2 cap-1
0
7
0 18 2 1
0 19 1 0
0 57 1 2
0 108 0 1
0 227 0 1
0 265 2 0
0 315 2 1
1
end_operator
begin_operator
link-0-1 n-9-2 n-10-2 cell-9-1 cap-3 cap-2 cell-9-2 cap-3 cap-2
0
7
0 18 2 1
0 19 2 1
0 57 1 2
0 108 0 1
0 227 0 1
0 265 2 0
0 315 2 1
1
end_operator
begin_operator
link-0-1 n-9-2 n-10-2 cell-9-1 cap-3 cap-2 cell-9-2 cap-4 cap-3
0
7
0 18 2 1
0 19 3 2
0 57 1 2
0 108 0 1
0 227 0 1
0 265 2 0
0 315 2 1
1
end_operator
begin_operator
link-0-1 n-9-2 n-10-2 cell-9-1 cap-4 cap-3 cell-9-2 cap-1 cap-0
0
7
0 18 3 2
0 19 0 4
0 57 1 2
0 108 0 1
0 227 0 1
0 265 2 0
0 315 2 1
1
end_operator
begin_operator
link-0-1 n-9-2 n-10-2 cell-9-1 cap-4 cap-3 cell-9-2 cap-2 cap-1
0
7
0 18 3 2
0 19 1 0
0 57 1 2
0 108 0 1
0 227 0 1
0 265 2 0
0 315 2 1
1
end_operator
begin_operator
link-0-1 n-9-2 n-10-2 cell-9-1 cap-4 cap-3 cell-9-2 cap-3 cap-2
0
7
0 18 3 2
0 19 2 1
0 57 1 2
0 108 0 1
0 227 0 1
0 265 2 0
0 315 2 1
1
end_operator
begin_operator
link-0-1 n-9-2 n-10-2 cell-9-1 cap-4 cap-3 cell-9-2 cap-4 cap-3
0
7
0 18 3 2
0 19 3 2
0 57 1 2
0 108 0 1
0 227 0 1
0 265 2 0
0 315 2 1
1
end_operator
begin_operator
link-0-1 n-9-2 n-9-3 cell-8-2 cap-1 cap-0 cell-9-2 cap-1 cap-0
0
7
0 15 1 0
0 19 0 4
0 108 0 1
0 109 1 2
0 229 0 1
0 315 2 1
0 316 2 0
1
end_operator
begin_operator
link-0-1 n-9-2 n-9-3 cell-8-2 cap-1 cap-0 cell-9-2 cap-2 cap-1
0
7
0 15 1 0
0 19 1 0
0 108 0 1
0 109 1 2
0 229 0 1
0 315 2 1
0 316 2 0
1
end_operator
begin_operator
link-0-1 n-9-2 n-9-3 cell-8-2 cap-1 cap-0 cell-9-2 cap-3 cap-2
0
7
0 15 1 0
0 19 2 1
0 108 0 1
0 109 1 2
0 229 0 1
0 315 2 1
0 316 2 0
1
end_operator
begin_operator
link-0-1 n-9-2 n-9-3 cell-8-2 cap-1 cap-0 cell-9-2 cap-4 cap-3
0
7
0 15 1 0
0 19 3 2
0 108 0 1
0 109 1 2
0 229 0 1
0 315 2 1
0 316 2 0
1
end_operator
begin_operator
link-0-1 n-9-2 n-9-3 cell-8-2 cap-2 cap-1 cell-9-2 cap-1 cap-0
0
7
0 15 2 1
0 19 0 4
0 108 0 1
0 109 1 2
0 229 0 1
0 315 2 1
0 316 2 0
1
end_operator
begin_operator
link-0-1 n-9-2 n-9-3 cell-8-2 cap-2 cap-1 cell-9-2 cap-2 cap-1
0
7
0 15 2 1
0 19 1 0
0 108 0 1
0 109 1 2
0 229 0 1
0 315 2 1
0 316 2 0
1
end_operator
begin_operator
link-0-1 n-9-2 n-9-3 cell-8-2 cap-2 cap-1 cell-9-2 cap-3 cap-2
0
7
0 15 2 1
0 19 2 1
0 108 0 1
0 109 1 2
0 229 0 1
0 315 2 1
0 316 2 0
1
end_operator
begin_operator
link-0-1 n-9-2 n-9-3 cell-8-2 cap-2 cap-1 cell-9-2 cap-4 cap-3
0
7
0 15 2 1
0 19 3 2
0 108 0 1
0 109 1 2
0 229 0 1
0 315 2 1
0 316 2 0
1
end_operator
begin_operator
link-0-1 n-9-2 n-9-3 cell-8-2 cap-3 cap-2 cell-9-2 cap-1 cap-0
0
7
0 15 3 2
0 19 0 4
0 108 0 1
0 109 1 2
0 229 0 1
0 315 2 1
0 316 2 0
1
end_operator
begin_operator
link-0-1 n-9-2 n-9-3 cell-8-2 cap-3 cap-2 cell-9-2 cap-2 cap-1
0
7
0 15 3 2
0 19 1 0
0 108 0 1
0 109 1 2
0 229 0 1
0 315 2 1
0 316 2 0
1
end_operator
begin_operator
link-0-1 n-9-2 n-9-3 cell-8-2 cap-3 cap-2 cell-9-2 cap-3 cap-2
0
7
0 15 3 2
0 19 2 1
0 108 0 1
0 109 1 2
0 229 0 1
0 315 2 1
0 316 2 0
1
end_operator
begin_operator
link-0-1 n-9-2 n-9-3 cell-8-2 cap-3 cap-2 cell-9-2 cap-4 cap-3
0
7
0 15 3 2
0 19 3 2
0 108 0 1
0 109 1 2
0 229 0 1
0 315 2 1
0 316 2 0
1
end_operator
begin_operator
link-0-1 n-9-3 n-10-3 cell-9-2 cap-1 cap-0 cell-9-3 cap-1 cap-0
0
7
0 19 0 4
0 20 0 4
0 58 1 2
0 109 0 1
0 231 0 1
0 266 2 0
0 316 2 1
1
end_operator
begin_operator
link-0-1 n-9-3 n-10-3 cell-9-2 cap-1 cap-0 cell-9-3 cap-2 cap-1
0
7
0 19 0 4
0 20 1 0
0 58 1 2
0 109 0 1
0 231 0 1
0 266 2 0
0 316 2 1
1
end_operator
begin_operator
link-0-1 n-9-3 n-10-3 cell-9-2 cap-1 cap-0 cell-9-3 cap-3 cap-2
0
7
0 19 0 4
0 20 2 1
0 58 1 2
0 109 0 1
0 231 0 1
0 266 2 0
0 316 2 1
1
end_operator
begin_operator
link-0-1 n-9-3 n-10-3 cell-9-2 cap-1 cap-0 cell-9-3 cap-4 cap-3
0
7
0 19 0 4
0 20 3 2
0 58 1 2
0 109 0 1
0 231 0 1
0 266 2 0
0 316 2 1
1
end_operator
begin_operator
link-0-1 n-9-3 n-10-3 cell-9-2 cap-2 cap-1 cell-9-3 cap-1 cap-0
0
7
0 19 1 0
0 20 0 4
0 58 1 2
0 109 0 1
0 231 0 1
0 266 2 0
0 316 2 1
1
end_operator
begin_operator
link-0-1 n-9-3 n-10-3 cell-9-2 cap-2 cap-1 cell-9-3 cap-2 cap-1
0
7
0 19 1 0
0 20 1 0
0 58 1 2
0 109 0 1
0 231 0 1
0 266 2 0
0 316 2 1
1
end_operator
begin_operator
link-0-1 n-9-3 n-10-3 cell-9-2 cap-2 cap-1 cell-9-3 cap-3 cap-2
0
7
0 19 1 0
0 20 2 1
0 58 1 2
0 109 0 1
0 231 0 1
0 266 2 0
0 316 2 1
1
end_operator
begin_operator
link-0-1 n-9-3 n-10-3 cell-9-2 cap-2 cap-1 cell-9-3 cap-4 cap-3
0
7
0 19 1 0
0 20 3 2
0 58 1 2
0 109 0 1
0 231 0 1
0 266 2 0
0 316 2 1
1
end_operator
begin_operator
link-0-1 n-9-3 n-10-3 cell-9-2 cap-3 cap-2 cell-9-3 cap-1 cap-0
0
7
0 19 2 1
0 20 0 4
0 58 1 2
0 109 0 1
0 231 0 1
0 266 2 0
0 316 2 1
1
end_operator
begin_operator
link-0-1 n-9-3 n-10-3 cell-9-2 cap-3 cap-2 cell-9-3 cap-2 cap-1
0
7
0 19 2 1
0 20 1 0
0 58 1 2
0 109 0 1
0 231 0 1
0 266 2 0
0 316 2 1
1
end_operator
begin_operator
link-0-1 n-9-3 n-10-3 cell-9-2 cap-3 cap-2 cell-9-3 cap-3 cap-2
0
7
0 19 2 1
0 20 2 1
0 58 1 2
0 109 0 1
0 231 0 1
0 266 2 0
0 316 2 1
1
end_operator
begin_operator
link-0-1 n-9-3 n-10-3 cell-9-2 cap-3 cap-2 cell-9-3 cap-4 cap-3
0
7
0 19 2 1
0 20 3 2
0 58 1 2
0 109 0 1
0 231 0 1
0 266 2 0
0 316 2 1
1
end_operator
begin_operator
link-0-1 n-9-3 n-10-3 cell-9-2 cap-4 cap-3 cell-9-3 cap-1 cap-0
0
7
0 19 3 2
0 20 0 4
0 58 1 2
0 109 0 1
0 231 0 1
0 266 2 0
0 316 2 1
1
end_operator
begin_operator
link-0-1 n-9-3 n-10-3 cell-9-2 cap-4 cap-3 cell-9-3 cap-2 cap-1
0
7
0 19 3 2
0 20 1 0
0 58 1 2
0 109 0 1
0 231 0 1
0 266 2 0
0 316 2 1
1
end_operator
begin_operator
link-0-1 n-9-3 n-10-3 cell-9-2 cap-4 cap-3 cell-9-3 cap-3 cap-2
0
7
0 19 3 2
0 20 2 1
0 58 1 2
0 109 0 1
0 231 0 1
0 266 2 0
0 316 2 1
1
end_operator
begin_operator
link-0-1 n-9-3 n-10-3 cell-9-2 cap-4 cap-3 cell-9-3 cap-4 cap-3
0
7
0 19 3 2
0 20 3 2
0 58 1 2
0 109 0 1
0 231 0 1
0 266 2 0
0 316 2 1
1
end_operator
begin_operator
link-0-1 n-9-3 n-9-4 cell-8-3 cap-1 cap-0 cell-9-3 cap-1 cap-0
0
7
0 16 0 4
0 20 0 4
0 109 0 1
0 110 1 2
0 233 0 1
0 316 2 1
0 317 2 0
1
end_operator
begin_operator
link-0-1 n-9-3 n-9-4 cell-8-3 cap-1 cap-0 cell-9-3 cap-2 cap-1
0
7
0 16 0 4
0 20 1 0
0 109 0 1
0 110 1 2
0 233 0 1
0 316 2 1
0 317 2 0
1
end_operator
begin_operator
link-0-1 n-9-3 n-9-4 cell-8-3 cap-1 cap-0 cell-9-3 cap-3 cap-2
0
7
0 16 0 4
0 20 2 1
0 109 0 1
0 110 1 2
0 233 0 1
0 316 2 1
0 317 2 0
1
end_operator
begin_operator
link-0-1 n-9-3 n-9-4 cell-8-3 cap-1 cap-0 cell-9-3 cap-4 cap-3
0
7
0 16 0 4
0 20 3 2
0 109 0 1
0 110 1 2
0 233 0 1
0 316 2 1
0 317 2 0
1
end_operator
begin_operator
link-0-1 n-9-3 n-9-4 cell-8-3 cap-2 cap-1 cell-9-3 cap-1 cap-0
0
7
0 16 1 0
0 20 0 4
0 109 0 1
0 110 1 2
0 233 0 1
0 316 2 1
0 317 2 0
1
end_operator
begin_operator
link-0-1 n-9-3 n-9-4 cell-8-3 cap-2 cap-1 cell-9-3 cap-2 cap-1
0
7
0 16 1 0
0 20 1 0
0 109 0 1
0 110 1 2
0 233 0 1
0 316 2 1
0 317 2 0
1
end_operator
begin_operator
link-0-1 n-9-3 n-9-4 cell-8-3 cap-2 cap-1 cell-9-3 cap-3 cap-2
0
7
0 16 1 0
0 20 2 1
0 109 0 1
0 110 1 2
0 233 0 1
0 316 2 1
0 317 2 0
1
end_operator
begin_operator
link-0-1 n-9-3 n-9-4 cell-8-3 cap-2 cap-1 cell-9-3 cap-4 cap-3
0
7
0 16 1 0
0 20 3 2
0 109 0 1
0 110 1 2
0 233 0 1
0 316 2 1
0 317 2 0
1
end_operator
begin_operator
link-0-1 n-9-3 n-9-4 cell-8-3 cap-3 cap-2 cell-9-3 cap-1 cap-0
0
7
0 16 2 1
0 20 0 4
0 109 0 1
0 110 1 2
0 233 0 1
0 316 2 1
0 317 2 0
1
end_operator
begin_operator
link-0-1 n-9-3 n-9-4 cell-8-3 cap-3 cap-2 cell-9-3 cap-2 cap-1
0
7
0 16 2 1
0 20 1 0
0 109 0 1
0 110 1 2
0 233 0 1
0 316 2 1
0 317 2 0
1
end_operator
begin_operator
link-0-1 n-9-3 n-9-4 cell-8-3 cap-3 cap-2 cell-9-3 cap-3 cap-2
0
7
0 16 2 1
0 20 2 1
0 109 0 1
0 110 1 2
0 233 0 1
0 316 2 1
0 317 2 0
1
end_operator
begin_operator
link-0-1 n-9-3 n-9-4 cell-8-3 cap-3 cap-2 cell-9-3 cap-4 cap-3
0
7
0 16 2 1
0 20 3 2
0 109 0 1
0 110 1 2
0 233 0 1
0 316 2 1
0 317 2 0
1
end_operator
begin_operator
link-0-1 n-9-3 n-9-4 cell-8-3 cap-4 cap-3 cell-9-3 cap-1 cap-0
0
7
0 16 3 2
0 20 0 4
0 109 0 1
0 110 1 2
0 233 0 1
0 316 2 1
0 317 2 0
1
end_operator
begin_operator
link-0-1 n-9-3 n-9-4 cell-8-3 cap-4 cap-3 cell-9-3 cap-2 cap-1
0
7
0 16 3 2
0 20 1 0
0 109 0 1
0 110 1 2
0 233 0 1
0 316 2 1
0 317 2 0
1
end_operator
begin_operator
link-0-1 n-9-3 n-9-4 cell-8-3 cap-4 cap-3 cell-9-3 cap-3 cap-2
0
7
0 16 3 2
0 20 2 1
0 109 0 1
0 110 1 2
0 233 0 1
0 316 2 1
0 317 2 0
1
end_operator
begin_operator
link-0-1 n-9-3 n-9-4 cell-8-3 cap-4 cap-3 cell-9-3 cap-4 cap-3
0
7
0 16 3 2
0 20 3 2
0 109 0 1
0 110 1 2
0 233 0 1
0 316 2 1
0 317 2 0
1
end_operator
begin_operator
link-0-1 n-9-4 n-10-4 cell-9-3 cap-1 cap-0 cell-outside-9-right cap-1 cap-0
0
7
0 20 0 4
0 59 1 2
0 110 0 1
0 235 0 1
0 252 0 1
0 267 2 0
0 317 2 1
1
end_operator
begin_operator
link-0-1 n-9-4 n-10-4 cell-9-3 cap-2 cap-1 cell-outside-9-right cap-1 cap-0
0
7
0 20 1 0
0 59 1 2
0 110 0 1
0 235 0 1
0 252 0 1
0 267 2 0
0 317 2 1
1
end_operator
begin_operator
link-0-1 n-9-4 n-10-4 cell-9-3 cap-3 cap-2 cell-outside-9-right cap-1 cap-0
0
7
0 20 2 1
0 59 1 2
0 110 0 1
0 235 0 1
0 252 0 1
0 267 2 0
0 317 2 1
1
end_operator
begin_operator
link-0-1 n-9-4 n-10-4 cell-9-3 cap-4 cap-3 cell-outside-9-right cap-1 cap-0
0
7
0 20 3 2
0 59 1 2
0 110 0 1
0 235 0 1
0 252 0 1
0 267 2 0
0 317 2 1
1
end_operator
begin_operator
link-1-0 n-0-0 n-0-1 cell-outside-0-up cap-1 cap-0 cell-0-0 cap-1 cap-0
0
7
0 21 0 4
0 45 1 2
0 46 0 1
0 113 0 1
0 212 0 1
0 253 2 0
0 254 2 1
1
end_operator
begin_operator
link-1-0 n-0-0 n-0-1 cell-outside-0-up cap-1 cap-0 cell-0-0 cap-2 cap-1
0
7
0 21 1 0
0 45 1 2
0 46 0 1
0 113 0 1
0 212 0 1
0 253 2 0
0 254 2 1
1
end_operator
begin_operator
link-1-0 n-0-0 n-0-1 cell-outside-0-up cap-1 cap-0 cell-0-0 cap-3 cap-2
0
7
0 21 2 1
0 45 1 2
0 46 0 1
0 113 0 1
0 212 0 1
0 253 2 0
0 254 2 1
1
end_operator
begin_operator
link-1-0 n-0-0 n-1-0 cell-outside-0-left cap-1 cap-0 cell-0-0 cap-1 cap-0
0
7
0 21 0 4
0 45 1 2
0 50 0 1
0 114 0 1
0 208 0 1
0 253 2 0
0 258 2 1
1
end_operator
begin_operator
link-1-0 n-0-0 n-1-0 cell-outside-0-left cap-1 cap-0 cell-0-0 cap-2 cap-1
0
7
0 21 1 0
0 45 1 2
0 50 0 1
0 114 0 1
0 208 0 1
0 253 2 0
0 258 2 1
1
end_operator
begin_operator
link-1-0 n-0-0 n-1-0 cell-outside-0-left cap-1 cap-0 cell-0-0 cap-3 cap-2
0
7
0 21 2 1
0 45 1 2
0 50 0 1
0 114 0 1
0 208 0 1
0 253 2 0
0 258 2 1
1
end_operator
begin_operator
link-1-0 n-0-1 n-0-2 cell-outside-1-up cap-1 cap-0 cell-0-1 cap-1 cap-0
0
7
0 39 1 0
0 46 1 2
0 47 0 1
0 115 0 1
0 220 0 1
0 254 2 0
0 255 2 1
1
end_operator
begin_operator
link-1-0 n-0-1 n-0-2 cell-outside-1-up cap-1 cap-0 cell-0-1 cap-2 cap-1
0
7
0 39 2 1
0 46 1 2
0 47 0 1
0 115 0 1
0 220 0 1
0 254 2 0
0 255 2 1
1
end_operator
begin_operator
link-1-0 n-0-1 n-1-1 cell-0-0 cap-1 cap-0 cell-0-1 cap-1 cap-0
0
7
0 21 0 4
0 39 1 0
0 46 1 2
0 51 0 1
0 116 0 1
0 254 2 0
0 259 2 1
1
end_operator
begin_operator
link-1-0 n-0-1 n-1-1 cell-0-0 cap-1 cap-0 cell-0-1 cap-2 cap-1
0
7
0 21 0 4
0 39 2 1
0 46 1 2
0 51 0 1
0 116 0 1
0 254 2 0
0 259 2 1
1
end_operator
begin_operator
link-1-0 n-0-1 n-1-1 cell-0-0 cap-2 cap-1 cell-0-1 cap-1 cap-0
0
7
0 21 1 0
0 39 1 0
0 46 1 2
0 51 0 1
0 116 0 1
0 254 2 0
0 259 2 1
1
end_operator
begin_operator
link-1-0 n-0-1 n-1-1 cell-0-0 cap-2 cap-1 cell-0-1 cap-2 cap-1
0
7
0 21 1 0
0 39 2 1
0 46 1 2
0 51 0 1
0 116 0 1
0 254 2 0
0 259 2 1
1
end_operator
begin_operator
link-1-0 n-0-1 n-1-1 cell-0-0 cap-3 cap-2 cell-0-1 cap-1 cap-0
0
7
0 21 2 1
0 39 1 0
0 46 1 2
0 51 0 1
0 116 0 1
0 254 2 0
0 259 2 1
1
end_operator
begin_operator
link-1-0 n-0-1 n-1-1 cell-0-0 cap-3 cap-2 cell-0-1 cap-2 cap-1
0
7
0 21 2 1
0 39 2 1
0 46 1 2
0 51 0 1
0 116 0 1
0 254 2 0
0 259 2 1
1
end_operator
begin_operator
link-1-0 n-0-1 n-1-1 cell-0-0 cap-4 cap-3 cell-0-1 cap-1 cap-0
0
7
0 21 3 2
0 39 1 0
0 46 1 2
0 51 0 1
0 116 0 1
0 254 2 0
0 259 2 1
1
end_operator
begin_operator
link-1-0 n-0-1 n-1-1 cell-0-0 cap-4 cap-3 cell-0-1 cap-2 cap-1
0
7
0 21 3 2
0 39 2 1
0 46 1 2
0 51 0 1
0 116 0 1
0 254 2 0
0 259 2 1
1
end_operator
begin_operator
link-1-0 n-0-2 n-0-3 cell-outside-2-up cap-1 cap-0 cell-0-2 cap-1 cap-0
0
7
0 47 1 2
0 48 0 1
0 101 1 0
0 117 0 1
0 236 0 1
0 255 2 0
0 256 2 1
1
end_operator
begin_operator
link-1-0 n-0-2 n-1-2 cell-0-1 cap-1 cap-0 cell-0-2 cap-1 cap-0
0
7
0 39 1 0
0 47 1 2
0 52 0 1
0 101 1 0
0 118 0 1
0 255 2 0
0 260 2 1
1
end_operator
begin_operator
link-1-0 n-0-2 n-1-2 cell-0-1 cap-2 cap-1 cell-0-2 cap-1 cap-0
0
7
0 39 2 1
0 47 1 2
0 52 0 1
0 101 1 0
0 118 0 1
0 255 2 0
0 260 2 1
1
end_operator
begin_operator
link-1-0 n-0-3 n-0-4 cell-outside-3-up cap-1 cap-0 cell-0-3 cap-1 cap-0
0
7
0 22 0 4
0 48 1 2
0 49 0 1
0 119 0 1
0 240 0 1
0 256 2 0
0 257 2 1
1
end_operator
begin_operator
link-1-0 n-0-3 n-0-4 cell-outside-3-up cap-1 cap-0 cell-0-3 cap-2 cap-1
0
7
0 22 1 0
0 48 1 2
0 49 0 1
0 119 0 1
0 240 0 1
0 256 2 0
0 257 2 1
1
end_operator
begin_operator
link-1-0 n-0-3 n-0-4 cell-outside-3-up cap-1 cap-0 cell-0-3 cap-3 cap-2
0
7
0 22 2 1
0 48 1 2
0 49 0 1
0 119 0 1
0 240 0 1
0 256 2 0
0 257 2 1
1
end_operator
begin_operator
link-1-0 n-0-3 n-0-4 cell-outside-3-up cap-1 cap-0 cell-0-3 cap-4 cap-3
0
7
0 22 3 2
0 48 1 2
0 49 0 1
0 119 0 1
0 240 0 1
0 256 2 0
0 257 2 1
1
end_operator
begin_operator
link-1-0 n-0-3 n-1-3 cell-0-2 cap-1 cap-0 cell-0-3 cap-1 cap-0
0
7
0 22 0 4
0 48 1 2
0 53 0 1
0 101 1 0
0 120 0 1
0 256 2 0
0 261 2 1
1
end_operator
begin_operator
link-1-0 n-0-3 n-1-3 cell-0-2 cap-1 cap-0 cell-0-3 cap-2 cap-1
0
7
0 22 1 0
0 48 1 2
0 53 0 1
0 101 1 0
0 120 0 1
0 256 2 0
0 261 2 1
1
end_operator
begin_operator
link-1-0 n-0-3 n-1-3 cell-0-2 cap-1 cap-0 cell-0-3 cap-3 cap-2
0
7
0 22 2 1
0 48 1 2
0 53 0 1
0 101 1 0
0 120 0 1
0 256 2 0
0 261 2 1
1
end_operator
begin_operator
link-1-0 n-0-3 n-1-3 cell-0-2 cap-1 cap-0 cell-0-3 cap-4 cap-3
0
7
0 22 3 2
0 48 1 2
0 53 0 1
0 101 1 0
0 120 0 1
0 256 2 0
0 261 2 1
1
end_operator
begin_operator
link-1-0 n-0-4 n-1-4 cell-0-3 cap-1 cap-0 cell-outside-0-right cap-1 cap-0
0
7
0 22 0 4
0 49 1 2
0 54 0 1
0 121 0 1
0 210 0 1
0 257 2 0
0 262 2 1
1
end_operator
begin_operator
link-1-0 n-0-4 n-1-4 cell-0-3 cap-2 cap-1 cell-outside-0-right cap-1 cap-0
0
7
0 22 1 0
0 49 1 2
0 54 0 1
0 121 0 1
0 210 0 1
0 257 2 0
0 262 2 1
1
end_operator
begin_operator
link-1-0 n-0-4 n-1-4 cell-0-3 cap-3 cap-2 cell-outside-0-right cap-1 cap-0
0
7
0 22 2 1
0 49 1 2
0 54 0 1
0 121 0 1
0 210 0 1
0 257 2 0
0 262 2 1
1
end_operator
begin_operator
link-1-0 n-1-0 n-1-1 cell-0-0 cap-1 cap-0 cell-1-0 cap-1 cap-0
0
7
0 21 0 4
0 40 1 0
0 50 1 2
0 51 0 1
0 122 0 1
0 258 2 0
0 259 2 1
1
end_operator
begin_operator
link-1-0 n-1-0 n-1-1 cell-0-0 cap-1 cap-0 cell-1-0 cap-2 cap-1
0
7
0 21 0 4
0 40 2 1
0 50 1 2
0 51 0 1
0 122 0 1
0 258 2 0
0 259 2 1
1
end_operator
begin_operator
link-1-0 n-1-0 n-1-1 cell-0-0 cap-2 cap-1 cell-1-0 cap-1 cap-0
0
7
0 21 1 0
0 40 1 0
0 50 1 2
0 51 0 1
0 122 0 1
0 258 2 0
0 259 2 1
1
end_operator
begin_operator
link-1-0 n-1-0 n-1-1 cell-0-0 cap-2 cap-1 cell-1-0 cap-2 cap-1
0
7
0 21 1 0
0 40 2 1
0 50 1 2
0 51 0 1
0 122 0 1
0 258 2 0
0 259 2 1
1
end_operator
begin_operator
link-1-0 n-1-0 n-1-1 cell-0-0 cap-3 cap-2 cell-1-0 cap-1 cap-0
0
7
0 21 2 1
0 40 1 0
0 50 1 2
0 51 0 1
0 122 0 1
0 258 2 0
0 259 2 1
1
end_operator
begin_operator
link-1-0 n-1-0 n-1-1 cell-0-0 cap-3 cap-2 cell-1-0 cap-2 cap-1
0
7
0 21 2 1
0 40 2 1
0 50 1 2
0 51 0 1
0 122 0 1
0 258 2 0
0 259 2 1
1
end_operator
begin_operator
link-1-0 n-1-0 n-1-1 cell-0-0 cap-4 cap-3 cell-1-0 cap-1 cap-0
0
7
0 21 3 2
0 40 1 0
0 50 1 2
0 51 0 1
0 122 0 1
0 258 2 0
0 259 2 1
1
end_operator
begin_operator
link-1-0 n-1-0 n-1-1 cell-0-0 cap-4 cap-3 cell-1-0 cap-2 cap-1
0
7
0 21 3 2
0 40 2 1
0 50 1 2
0 51 0 1
0 122 0 1
0 258 2 0
0 259 2 1
1
end_operator
begin_operator
link-1-0 n-1-0 n-2-0 cell-outside-1-left cap-1 cap-0 cell-1-0 cap-1 cap-0
0
7
0 40 1 0
0 50 1 2
0 70 0 1
0 123 0 1
0 216 0 1
0 258 2 0
0 278 2 1
1
end_operator
begin_operator
link-1-0 n-1-0 n-2-0 cell-outside-1-left cap-1 cap-0 cell-1-0 cap-2 cap-1
0
7
0 40 2 1
0 50 1 2
0 70 0 1
0 123 0 1
0 216 0 1
0 258 2 0
0 278 2 1
1
end_operator
begin_operator
link-1-0 n-1-1 n-1-2 cell-0-1 cap-1 cap-0 cell-1-1 cap-1 cap-0
0
7
0 23 0 4
0 39 1 0
0 51 1 2
0 52 0 1
0 124 0 1
0 259 2 0
0 260 2 1
1
end_operator
begin_operator
link-1-0 n-1-1 n-1-2 cell-0-1 cap-1 cap-0 cell-1-1 cap-2 cap-1
0
7
0 23 1 0
0 39 1 0
0 51 1 2
0 52 0 1
0 124 0 1
0 259 2 0
0 260 2 1
1
end_operator
begin_operator
link-1-0 n-1-1 n-1-2 cell-0-1 cap-1 cap-0 cell-1-1 cap-3 cap-2
0
7
0 23 2 1
0 39 1 0
0 51 1 2
0 52 0 1
0 124 0 1
0 259 2 0
0 260 2 1
1
end_operator
begin_operator
link-1-0 n-1-1 n-1-2 cell-0-1 cap-1 cap-0 cell-1-1 cap-4 cap-3
0
7
0 23 3 2
0 39 1 0
0 51 1 2
0 52 0 1
0 124 0 1
0 259 2 0
0 260 2 1
1
end_operator
begin_operator
link-1-0 n-1-1 n-1-2 cell-0-1 cap-2 cap-1 cell-1-1 cap-1 cap-0
0
7
0 23 0 4
0 39 2 1
0 51 1 2
0 52 0 1
0 124 0 1
0 259 2 0
0 260 2 1
1
end_operator
begin_operator
link-1-0 n-1-1 n-1-2 cell-0-1 cap-2 cap-1 cell-1-1 cap-2 cap-1
0
7
0 23 1 0
0 39 2 1
0 51 1 2
0 52 0 1
0 124 0 1
0 259 2 0
0 260 2 1
1
end_operator
begin_operator
link-1-0 n-1-1 n-1-2 cell-0-1 cap-2 cap-1 cell-1-1 cap-3 cap-2
0
7
0 23 2 1
0 39 2 1
0 51 1 2
0 52 0 1
0 124 0 1
0 259 2 0
0 260 2 1
1
end_operator
begin_operator
link-1-0 n-1-1 n-1-2 cell-0-1 cap-2 cap-1 cell-1-1 cap-4 cap-3
0
7
0 23 3 2
0 39 2 1
0 51 1 2
0 52 0 1
0 124 0 1
0 259 2 0
0 260 2 1
1
end_operator
begin_operator
link-1-0 n-1-1 n-2-1 cell-1-0 cap-1 cap-0 cell-1-1 cap-1 cap-0
0
7
0 23 0 4
0 40 1 0
0 51 1 2
0 71 0 1
0 125 0 1
0 259 2 0
0 279 2 1
1
end_operator
begin_operator
link-1-0 n-1-1 n-2-1 cell-1-0 cap-1 cap-0 cell-1-1 cap-2 cap-1
0
7
0 23 1 0
0 40 1 0
0 51 1 2
0 71 0 1
0 125 0 1
0 259 2 0
0 279 2 1
1
end_operator
begin_operator
link-1-0 n-1-1 n-2-1 cell-1-0 cap-1 cap-0 cell-1-1 cap-3 cap-2
0
7
0 23 2 1
0 40 1 0
0 51 1 2
0 71 0 1
0 125 0 1
0 259 2 0
0 279 2 1
1
end_operator
begin_operator
link-1-0 n-1-1 n-2-1 cell-1-0 cap-1 cap-0 cell-1-1 cap-4 cap-3
0
7
0 23 3 2
0 40 1 0
0 51 1 2
0 71 0 1
0 125 0 1
0 259 2 0
0 279 2 1
1
end_operator
begin_operator
link-1-0 n-1-1 n-2-1 cell-1-0 cap-2 cap-1 cell-1-1 cap-1 cap-0
0
7
0 23 0 4
0 40 2 1
0 51 1 2
0 71 0 1
0 125 0 1
0 259 2 0
0 279 2 1
1
end_operator
begin_operator
link-1-0 n-1-1 n-2-1 cell-1-0 cap-2 cap-1 cell-1-1 cap-2 cap-1
0
7
0 23 1 0
0 40 2 1
0 51 1 2
0 71 0 1
0 125 0 1
0 259 2 0
0 279 2 1
1
end_operator
begin_operator
link-1-0 n-1-1 n-2-1 cell-1-0 cap-2 cap-1 cell-1-1 cap-3 cap-2
0
7
0 23 2 1
0 40 2 1
0 51 1 2
0 71 0 1
0 125 0 1
0 259 2 0
0 279 2 1
1
end_operator
begin_operator
link-1-0 n-1-1 n-2-1 cell-1-0 cap-2 cap-1 cell-1-1 cap-4 cap-3
0
7
0 23 3 2
0 40 2 1
0 51 1 2
0 71 0 1
0 125 0 1
0 259 2 0
0 279 2 1
1
end_operator
begin_operator
link-1-0 n-1-2 n-1-3 cell-0-2 cap-1 cap-0 cell-1-2 cap-1 cap-0
0
7
0 24 0 4
0 52 1 2
0 53 0 1
0 101 1 0
0 126 0 1
0 260 2 0
0 261 2 1
1
end_operator
begin_operator
link-1-0 n-1-2 n-1-3 cell-0-2 cap-1 cap-0 cell-1-2 cap-2 cap-1
0
7
0 24 1 0
0 52 1 2
0 53 0 1
0 101 1 0
0 126 0 1
0 260 2 0
0 261 2 1
1
end_operator
begin_operator
link-1-0 n-1-2 n-1-3 cell-0-2 cap-1 cap-0 cell-1-2 cap-3 cap-2
0
7
0 24 2 1
0 52 1 2
0 53 0 1
0 101 1 0
0 126 0 1
0 260 2 0
0 261 2 1
1
end_operator
begin_operator
link-1-0 n-1-2 n-1-3 cell-0-2 cap-1 cap-0 cell-1-2 cap-4 cap-3
0
7
0 24 3 2
0 52 1 2
0 53 0 1
0 101 1 0
0 126 0 1
0 260 2 0
0 261 2 1
1
end_operator
begin_operator
link-1-0 n-1-2 n-2-2 cell-1-1 cap-1 cap-0 cell-1-2 cap-1 cap-0
0
7
0 23 0 4
0 24 0 4
0 52 1 2
0 72 0 1
0 127 0 1
0 260 2 0
0 280 2 1
1
end_operator
begin_operator
link-1-0 n-1-2 n-2-2 cell-1-1 cap-1 cap-0 cell-1-2 cap-2 cap-1
0
7
0 23 0 4
0 24 1 0
0 52 1 2
0 72 0 1
0 127 0 1
0 260 2 0
0 280 2 1
1
end_operator
begin_operator
link-1-0 n-1-2 n-2-2 cell-1-1 cap-1 cap-0 cell-1-2 cap-3 cap-2
0
7
0 23 0 4
0 24 2 1
0 52 1 2
0 72 0 1
0 127 0 1
0 260 2 0
0 280 2 1
1
end_operator
begin_operator
link-1-0 n-1-2 n-2-2 cell-1-1 cap-1 cap-0 cell-1-2 cap-4 cap-3
0
7
0 23 0 4
0 24 3 2
0 52 1 2
0 72 0 1
0 127 0 1
0 260 2 0
0 280 2 1
1
end_operator
begin_operator
link-1-0 n-1-2 n-2-2 cell-1-1 cap-2 cap-1 cell-1-2 cap-1 cap-0
0
7
0 23 1 0
0 24 0 4
0 52 1 2
0 72 0 1
0 127 0 1
0 260 2 0
0 280 2 1
1
end_operator
begin_operator
link-1-0 n-1-2 n-2-2 cell-1-1 cap-2 cap-1 cell-1-2 cap-2 cap-1
0
7
0 23 1 0
0 24 1 0
0 52 1 2
0 72 0 1
0 127 0 1
0 260 2 0
0 280 2 1
1
end_operator
begin_operator
link-1-0 n-1-2 n-2-2 cell-1-1 cap-2 cap-1 cell-1-2 cap-3 cap-2
0
7
0 23 1 0
0 24 2 1
0 52 1 2
0 72 0 1
0 127 0 1
0 260 2 0
0 280 2 1
1
end_operator
begin_operator
link-1-0 n-1-2 n-2-2 cell-1-1 cap-2 cap-1 cell-1-2 cap-4 cap-3
0
7
0 23 1 0
0 24 3 2
0 52 1 2
0 72 0 1
0 127 0 1
0 260 2 0
0 280 2 1
1
end_operator
begin_operator
link-1-0 n-1-2 n-2-2 cell-1-1 cap-3 cap-2 cell-1-2 cap-1 cap-0
0
7
0 23 2 1
0 24 0 4
0 52 1 2
0 72 0 1
0 127 0 1
0 260 2 0
0 280 2 1
1
end_operator
begin_operator
link-1-0 n-1-2 n-2-2 cell-1-1 cap-3 cap-2 cell-1-2 cap-2 cap-1
0
7
0 23 2 1
0 24 1 0
0 52 1 2
0 72 0 1
0 127 0 1
0 260 2 0
0 280 2 1
1
end_operator
begin_operator
link-1-0 n-1-2 n-2-2 cell-1-1 cap-3 cap-2 cell-1-2 cap-3 cap-2
0
7
0 23 2 1
0 24 2 1
0 52 1 2
0 72 0 1
0 127 0 1
0 260 2 0
0 280 2 1
1
end_operator
begin_operator
link-1-0 n-1-2 n-2-2 cell-1-1 cap-3 cap-2 cell-1-2 cap-4 cap-3
0
7
0 23 2 1
0 24 3 2
0 52 1 2
0 72 0 1
0 127 0 1
0 260 2 0
0 280 2 1
1
end_operator
begin_operator
link-1-0 n-1-2 n-2-2 cell-1-1 cap-4 cap-3 cell-1-2 cap-1 cap-0
0
7
0 23 3 2
0 24 0 4
0 52 1 2
0 72 0 1
0 127 0 1
0 260 2 0
0 280 2 1
1
end_operator
begin_operator
link-1-0 n-1-2 n-2-2 cell-1-1 cap-4 cap-3 cell-1-2 cap-2 cap-1
0
7
0 23 3 2
0 24 1 0
0 52 1 2
0 72 0 1
0 127 0 1
0 260 2 0
0 280 2 1
1
end_operator
begin_operator
link-1-0 n-1-2 n-2-2 cell-1-1 cap-4 cap-3 cell-1-2 cap-3 cap-2
0
7
0 23 3 2
0 24 2 1
0 52 1 2
0 72 0 1
0 127 0 1
0 260 2 0
0 280 2 1
1
end_operator
begin_operator
link-1-0 n-1-2 n-2-2 cell-1-1 cap-4 cap-3 cell-1-2 cap-4 cap-3
0
7
0 23 3 2
0 24 3 2
0 52 1 2
0 72 0 1
0 127 0 1
0 260 2 0
0 280 2 1
1
end_operator
begin_operator
link-1-0 n-1-3 n-1-4 cell-0-3 cap-1 cap-0 cell-1-3 cap-1 cap-0
0
7
0 22 0 4
0 41 1 0
0 53 1 2
0 54 0 1
0 128 0 1
0 261 2 0
0 262 2 1
1
end_operator
begin_operator
link-1-0 n-1-3 n-1-4 cell-0-3 cap-1 cap-0 cell-1-3 cap-2 cap-1
0
7
0 22 0 4
0 41 2 1
0 53 1 2
0 54 0 1
0 128 0 1
0 261 2 0
0 262 2 1
1
end_operator
begin_operator
link-1-0 n-1-3 n-1-4 cell-0-3 cap-2 cap-1 cell-1-3 cap-1 cap-0
0
7
0 22 1 0
0 41 1 0
0 53 1 2
0 54 0 1
0 128 0 1
0 261 2 0
0 262 2 1
1
end_operator
begin_operator
link-1-0 n-1-3 n-1-4 cell-0-3 cap-2 cap-1 cell-1-3 cap-2 cap-1
0
7
0 22 1 0
0 41 2 1
0 53 1 2
0 54 0 1
0 128 0 1
0 261 2 0
0 262 2 1
1
end_operator
begin_operator
link-1-0 n-1-3 n-1-4 cell-0-3 cap-3 cap-2 cell-1-3 cap-1 cap-0
0
7
0 22 2 1
0 41 1 0
0 53 1 2
0 54 0 1
0 128 0 1
0 261 2 0
0 262 2 1
1
end_operator
begin_operator
link-1-0 n-1-3 n-1-4 cell-0-3 cap-3 cap-2 cell-1-3 cap-2 cap-1
0
7
0 22 2 1
0 41 2 1
0 53 1 2
0 54 0 1
0 128 0 1
0 261 2 0
0 262 2 1
1
end_operator
begin_operator
link-1-0 n-1-3 n-1-4 cell-0-3 cap-4 cap-3 cell-1-3 cap-1 cap-0
0
7
0 22 3 2
0 41 1 0
0 53 1 2
0 54 0 1
0 128 0 1
0 261 2 0
0 262 2 1
1
end_operator
begin_operator
link-1-0 n-1-3 n-1-4 cell-0-3 cap-4 cap-3 cell-1-3 cap-2 cap-1
0
7
0 22 3 2
0 41 2 1
0 53 1 2
0 54 0 1
0 128 0 1
0 261 2 0
0 262 2 1
1
end_operator
begin_operator
link-1-0 n-1-3 n-2-3 cell-1-2 cap-1 cap-0 cell-1-3 cap-1 cap-0
0
7
0 24 0 4
0 41 1 0
0 53 1 2
0 73 0 1
0 129 0 1
0 261 2 0
0 281 2 1
1
end_operator
begin_operator
link-1-0 n-1-3 n-2-3 cell-1-2 cap-1 cap-0 cell-1-3 cap-2 cap-1
0
7
0 24 0 4
0 41 2 1
0 53 1 2
0 73 0 1
0 129 0 1
0 261 2 0
0 281 2 1
1
end_operator
begin_operator
link-1-0 n-1-3 n-2-3 cell-1-2 cap-2 cap-1 cell-1-3 cap-1 cap-0
0
7
0 24 1 0
0 41 1 0
0 53 1 2
0 73 0 1
0 129 0 1
0 261 2 0
0 281 2 1
1
end_operator
begin_operator
link-1-0 n-1-3 n-2-3 cell-1-2 cap-2 cap-1 cell-1-3 cap-2 cap-1
0
7
0 24 1 0
0 41 2 1
0 53 1 2
0 73 0 1
0 129 0 1
0 261 2 0
0 281 2 1
1
end_operator
begin_operator
link-1-0 n-1-3 n-2-3 cell-1-2 cap-3 cap-2 cell-1-3 cap-1 cap-0
0
7
0 24 2 1
0 41 1 0
0 53 1 2
0 73 0 1
0 129 0 1
0 261 2 0
0 281 2 1
1
end_operator
begin_operator
link-1-0 n-1-3 n-2-3 cell-1-2 cap-3 cap-2 cell-1-3 cap-2 cap-1
0
7
0 24 2 1
0 41 2 1
0 53 1 2
0 73 0 1
0 129 0 1
0 261 2 0
0 281 2 1
1
end_operator
begin_operator
link-1-0 n-1-3 n-2-3 cell-1-2 cap-4 cap-3 cell-1-3 cap-1 cap-0
0
7
0 24 3 2
0 41 1 0
0 53 1 2
0 73 0 1
0 129 0 1
0 261 2 0
0 281 2 1
1
end_operator
begin_operator
link-1-0 n-1-3 n-2-3 cell-1-2 cap-4 cap-3 cell-1-3 cap-2 cap-1
0
7
0 24 3 2
0 41 2 1
0 53 1 2
0 73 0 1
0 129 0 1
0 261 2 0
0 281 2 1
1
end_operator
begin_operator
link-1-0 n-1-4 n-2-4 cell-1-3 cap-1 cap-0 cell-outside-1-right cap-1 cap-0
0
7
0 41 1 0
0 54 1 2
0 74 0 1
0 130 0 1
0 218 0 1
0 262 2 0
0 282 2 1
1
end_operator
begin_operator
link-1-0 n-1-4 n-2-4 cell-1-3 cap-2 cap-1 cell-outside-1-right cap-1 cap-0
0
7
0 41 2 1
0 54 1 2
0 74 0 1
0 130 0 1
0 218 0 1
0 262 2 0
0 282 2 1
1
end_operator
begin_operator
link-1-0 n-10-0 n-10-1 cell-9-0 cap-1 cap-0 cell-10-0 cap-1 cap-0
0
7
0 17 0 4
0 55 1 2
0 56 0 1
0 111 1 0
0 131 0 1
0 263 2 0
0 264 2 1
1
end_operator
begin_operator
link-1-0 n-10-0 n-10-1 cell-9-0 cap-2 cap-1 cell-10-0 cap-1 cap-0
0
7
0 17 1 0
0 55 1 2
0 56 0 1
0 111 1 0
0 131 0 1
0 263 2 0
0 264 2 1
1
end_operator
begin_operator
link-1-0 n-10-0 n-10-1 cell-9-0 cap-3 cap-2 cell-10-0 cap-1 cap-0
0
7
0 17 2 1
0 55 1 2
0 56 0 1
0 111 1 0
0 131 0 1
0 263 2 0
0 264 2 1
1
end_operator
begin_operator
link-1-0 n-10-0 n-10-1 cell-9-0 cap-4 cap-3 cell-10-0 cap-1 cap-0
0
7
0 17 3 2
0 55 1 2
0 56 0 1
0 111 1 0
0 131 0 1
0 263 2 0
0 264 2 1
1
end_operator
begin_operator
link-1-0 n-10-0 n-11-0 cell-outside-10-left cap-1 cap-0 cell-10-0 cap-1 cap-0
0
7
0 55 1 2
0 60 0 1
0 111 1 0
0 132 0 1
0 222 0 1
0 263 2 0
0 268 2 1
1
end_operator
begin_operator
link-1-0 n-10-1 n-10-2 cell-9-1 cap-1 cap-0 cell-10-1 cap-1 cap-0
0
7
0 18 0 4
0 25 1 0
0 56 1 2
0 57 0 1
0 133 0 1
0 264 2 0
0 265 2 1
1
end_operator
begin_operator
link-1-0 n-10-1 n-10-2 cell-9-1 cap-1 cap-0 cell-10-1 cap-2 cap-1
0
7
0 18 0 4
0 25 2 1
0 56 1 2
0 57 0 1
0 133 0 1
0 264 2 0
0 265 2 1
1
end_operator
begin_operator
link-1-0 n-10-1 n-10-2 cell-9-1 cap-1 cap-0 cell-10-1 cap-3 cap-2
0
7
0 18 0 4
0 25 3 2
0 56 1 2
0 57 0 1
0 133 0 1
0 264 2 0
0 265 2 1
1
end_operator
begin_operator
link-1-0 n-10-1 n-10-2 cell-9-1 cap-2 cap-1 cell-10-1 cap-1 cap-0
0
7
0 18 1 0
0 25 1 0
0 56 1 2
0 57 0 1
0 133 0 1
0 264 2 0
0 265 2 1
1
end_operator
begin_operator
link-1-0 n-10-1 n-10-2 cell-9-1 cap-2 cap-1 cell-10-1 cap-2 cap-1
0
7
0 18 1 0
0 25 2 1
0 56 1 2
0 57 0 1
0 133 0 1
0 264 2 0
0 265 2 1
1
end_operator
begin_operator
link-1-0 n-10-1 n-10-2 cell-9-1 cap-2 cap-1 cell-10-1 cap-3 cap-2
0
7
0 18 1 0
0 25 3 2
0 56 1 2
0 57 0 1
0 133 0 1
0 264 2 0
0 265 2 1
1
end_operator
begin_operator
link-1-0 n-10-1 n-10-2 cell-9-1 cap-3 cap-2 cell-10-1 cap-1 cap-0
0
7
0 18 2 1
0 25 1 0
0 56 1 2
0 57 0 1
0 133 0 1
0 264 2 0
0 265 2 1
1
end_operator
begin_operator
link-1-0 n-10-1 n-10-2 cell-9-1 cap-3 cap-2 cell-10-1 cap-2 cap-1
0
7
0 18 2 1
0 25 2 1
0 56 1 2
0 57 0 1
0 133 0 1
0 264 2 0
0 265 2 1
1
end_operator
begin_operator
link-1-0 n-10-1 n-10-2 cell-9-1 cap-3 cap-2 cell-10-1 cap-3 cap-2
0
7
0 18 2 1
0 25 3 2
0 56 1 2
0 57 0 1
0 133 0 1
0 264 2 0
0 265 2 1
1
end_operator
begin_operator
link-1-0 n-10-1 n-10-2 cell-9-1 cap-4 cap-3 cell-10-1 cap-1 cap-0
0
7
0 18 3 2
0 25 1 0
0 56 1 2
0 57 0 1
0 133 0 1
0 264 2 0
0 265 2 1
1
end_operator
begin_operator
link-1-0 n-10-1 n-10-2 cell-9-1 cap-4 cap-3 cell-10-1 cap-2 cap-1
0
7
0 18 3 2
0 25 2 1
0 56 1 2
0 57 0 1
0 133 0 1
0 264 2 0
0 265 2 1
1
end_operator
begin_operator
link-1-0 n-10-1 n-10-2 cell-9-1 cap-4 cap-3 cell-10-1 cap-3 cap-2
0
7
0 18 3 2
0 25 3 2
0 56 1 2
0 57 0 1
0 133 0 1
0 264 2 0
0 265 2 1
1
end_operator
begin_operator
link-1-0 n-10-1 n-11-1 cell-10-0 cap-1 cap-0 cell-10-1 cap-1 cap-0
0
7
0 25 1 0
0 56 1 2
0 61 0 1
0 111 1 0
0 134 0 1
0 264 2 0
0 269 2 1
1
end_operator
begin_operator
link-1-0 n-10-1 n-11-1 cell-10-0 cap-1 cap-0 cell-10-1 cap-2 cap-1
0
7
0 25 2 1
0 56 1 2
0 61 0 1
0 111 1 0
0 134 0 1
0 264 2 0
0 269 2 1
1
end_operator
begin_operator
link-1-0 n-10-1 n-11-1 cell-10-0 cap-1 cap-0 cell-10-1 cap-3 cap-2
0
7
0 25 3 2
0 56 1 2
0 61 0 1
0 111 1 0
0 134 0 1
0 264 2 0
0 269 2 1
1
end_operator
begin_operator
link-1-0 n-10-2 n-10-3 cell-9-2 cap-1 cap-0 cell-10-2 cap-1 cap-0
0
7
0 19 0 4
0 26 0 4
0 57 1 2
0 58 0 1
0 135 0 1
0 265 2 0
0 266 2 1
1
end_operator
begin_operator
link-1-0 n-10-2 n-10-3 cell-9-2 cap-1 cap-0 cell-10-2 cap-2 cap-1
0
7
0 19 0 4
0 26 1 0
0 57 1 2
0 58 0 1
0 135 0 1
0 265 2 0
0 266 2 1
1
end_operator
begin_operator
link-1-0 n-10-2 n-10-3 cell-9-2 cap-1 cap-0 cell-10-2 cap-3 cap-2
0
7
0 19 0 4
0 26 2 1
0 57 1 2
0 58 0 1
0 135 0 1
0 265 2 0
0 266 2 1
1
end_operator
begin_operator
link-1-0 n-10-2 n-10-3 cell-9-2 cap-1 cap-0 cell-10-2 cap-4 cap-3
0
7
0 19 0 4
0 26 3 2
0 57 1 2
0 58 0 1
0 135 0 1
0 265 2 0
0 266 2 1
1
end_operator
begin_operator
link-1-0 n-10-2 n-10-3 cell-9-2 cap-2 cap-1 cell-10-2 cap-1 cap-0
0
7
0 19 1 0
0 26 0 4
0 57 1 2
0 58 0 1
0 135 0 1
0 265 2 0
0 266 2 1
1
end_operator
begin_operator
link-1-0 n-10-2 n-10-3 cell-9-2 cap-2 cap-1 cell-10-2 cap-2 cap-1
0
7
0 19 1 0
0 26 1 0
0 57 1 2
0 58 0 1
0 135 0 1
0 265 2 0
0 266 2 1
1
end_operator
begin_operator
link-1-0 n-10-2 n-10-3 cell-9-2 cap-2 cap-1 cell-10-2 cap-3 cap-2
0
7
0 19 1 0
0 26 2 1
0 57 1 2
0 58 0 1
0 135 0 1
0 265 2 0
0 266 2 1
1
end_operator
begin_operator
link-1-0 n-10-2 n-10-3 cell-9-2 cap-2 cap-1 cell-10-2 cap-4 cap-3
0
7
0 19 1 0
0 26 3 2
0 57 1 2
0 58 0 1
0 135 0 1
0 265 2 0
0 266 2 1
1
end_operator
begin_operator
link-1-0 n-10-2 n-10-3 cell-9-2 cap-3 cap-2 cell-10-2 cap-1 cap-0
0
7
0 19 2 1
0 26 0 4
0 57 1 2
0 58 0 1
0 135 0 1
0 265 2 0
0 266 2 1
1
end_operator
begin_operator
link-1-0 n-10-2 n-10-3 cell-9-2 cap-3 cap-2 cell-10-2 cap-2 cap-1
0
7
0 19 2 1
0 26 1 0
0 57 1 2
0 58 0 1
0 135 0 1
0 265 2 0
0 266 2 1
1
end_operator
begin_operator
link-1-0 n-10-2 n-10-3 cell-9-2 cap-3 cap-2 cell-10-2 cap-3 cap-2
0
7
0 19 2 1
0 26 2 1
0 57 1 2
0 58 0 1
0 135 0 1
0 265 2 0
0 266 2 1
1
end_operator
begin_operator
link-1-0 n-10-2 n-10-3 cell-9-2 cap-3 cap-2 cell-10-2 cap-4 cap-3
0
7
0 19 2 1
0 26 3 2
0 57 1 2
0 58 0 1
0 135 0 1
0 265 2 0
0 266 2 1
1
end_operator
begin_operator
link-1-0 n-10-2 n-10-3 cell-9-2 cap-4 cap-3 cell-10-2 cap-1 cap-0
0
7
0 19 3 2
0 26 0 4
0 57 1 2
0 58 0 1
0 135 0 1
0 265 2 0
0 266 2 1
1
end_operator
begin_operator
link-1-0 n-10-2 n-10-3 cell-9-2 cap-4 cap-3 cell-10-2 cap-2 cap-1
0
7
0 19 3 2
0 26 1 0
0 57 1 2
0 58 0 1
0 135 0 1
0 265 2 0
0 266 2 1
1
end_operator
begin_operator
link-1-0 n-10-2 n-10-3 cell-9-2 cap-4 cap-3 cell-10-2 cap-3 cap-2
0
7
0 19 3 2
0 26 2 1
0 57 1 2
0 58 0 1
0 135 0 1
0 265 2 0
0 266 2 1
1
end_operator
begin_operator
link-1-0 n-10-2 n-10-3 cell-9-2 cap-4 cap-3 cell-10-2 cap-4 cap-3
0
7
0 19 3 2
0 26 3 2
0 57 1 2
0 58 0 1
0 135 0 1
0 265 2 0
0 266 2 1
1
end_operator
begin_operator
link-1-0 n-10-2 n-11-2 cell-10-1 cap-1 cap-0 cell-10-2 cap-1 cap-0
0
7
0 25 1 0
0 26 0 4
0 57 1 2
0 62 0 1
0 136 0 1
0 265 2 0
0 270 2 1
1
end_operator
begin_operator
link-1-0 n-10-2 n-11-2 cell-10-1 cap-1 cap-0 cell-10-2 cap-2 cap-1
0
7
0 25 1 0
0 26 1 0
0 57 1 2
0 62 0 1
0 136 0 1
0 265 2 0
0 270 2 1
1
end_operator
begin_operator
link-1-0 n-10-2 n-11-2 cell-10-1 cap-1 cap-0 cell-10-2 cap-3 cap-2
0
7
0 25 1 0
0 26 2 1
0 57 1 2
0 62 0 1
0 136 0 1
0 265 2 0
0 270 2 1
1
end_operator
begin_operator
link-1-0 n-10-2 n-11-2 cell-10-1 cap-1 cap-0 cell-10-2 cap-4 cap-3
0
7
0 25 1 0
0 26 3 2
0 57 1 2
0 62 0 1
0 136 0 1
0 265 2 0
0 270 2 1
1
end_operator
begin_operator
link-1-0 n-10-2 n-11-2 cell-10-1 cap-2 cap-1 cell-10-2 cap-1 cap-0
0
7
0 25 2 1
0 26 0 4
0 57 1 2
0 62 0 1
0 136 0 1
0 265 2 0
0 270 2 1
1
end_operator
begin_operator
link-1-0 n-10-2 n-11-2 cell-10-1 cap-2 cap-1 cell-10-2 cap-2 cap-1
0
7
0 25 2 1
0 26 1 0
0 57 1 2
0 62 0 1
0 136 0 1
0 265 2 0
0 270 2 1
1
end_operator
begin_operator
link-1-0 n-10-2 n-11-2 cell-10-1 cap-2 cap-1 cell-10-2 cap-3 cap-2
0
7
0 25 2 1
0 26 2 1
0 57 1 2
0 62 0 1
0 136 0 1
0 265 2 0
0 270 2 1
1
end_operator
begin_operator
link-1-0 n-10-2 n-11-2 cell-10-1 cap-2 cap-1 cell-10-2 cap-4 cap-3
0
7
0 25 2 1
0 26 3 2
0 57 1 2
0 62 0 1
0 136 0 1
0 265 2 0
0 270 2 1
1
end_operator
begin_operator
link-1-0 n-10-2 n-11-2 cell-10-1 cap-3 cap-2 cell-10-2 cap-1 cap-0
0
7
0 25 3 2
0 26 0 4
0 57 1 2
0 62 0 1
0 136 0 1
0 265 2 0
0 270 2 1
1
end_operator
begin_operator
link-1-0 n-10-2 n-11-2 cell-10-1 cap-3 cap-2 cell-10-2 cap-2 cap-1
0
7
0 25 3 2
0 26 1 0
0 57 1 2
0 62 0 1
0 136 0 1
0 265 2 0
0 270 2 1
1
end_operator
begin_operator
link-1-0 n-10-2 n-11-2 cell-10-1 cap-3 cap-2 cell-10-2 cap-3 cap-2
0
7
0 25 3 2
0 26 2 1
0 57 1 2
0 62 0 1
0 136 0 1
0 265 2 0
0 270 2 1
1
end_operator
begin_operator
link-1-0 n-10-2 n-11-2 cell-10-1 cap-3 cap-2 cell-10-2 cap-4 cap-3
0
7
0 25 3 2
0 26 3 2
0 57 1 2
0 62 0 1
0 136 0 1
0 265 2 0
0 270 2 1
1
end_operator
begin_operator
link-1-0 n-10-3 n-10-4 cell-9-3 cap-1 cap-0 cell-10-3 cap-1 cap-0
0
7
0 20 0 4
0 27 0 4
0 58 1 2
0 59 0 1
0 137 0 1
0 266 2 0
0 267 2 1
1
end_operator
begin_operator
link-1-0 n-10-3 n-10-4 cell-9-3 cap-1 cap-0 cell-10-3 cap-2 cap-1
0
7
0 20 0 4
0 27 1 0
0 58 1 2
0 59 0 1
0 137 0 1
0 266 2 0
0 267 2 1
1
end_operator
begin_operator
link-1-0 n-10-3 n-10-4 cell-9-3 cap-1 cap-0 cell-10-3 cap-3 cap-2
0
7
0 20 0 4
0 27 2 1
0 58 1 2
0 59 0 1
0 137 0 1
0 266 2 0
0 267 2 1
1
end_operator
begin_operator
link-1-0 n-10-3 n-10-4 cell-9-3 cap-1 cap-0 cell-10-3 cap-4 cap-3
0
7
0 20 0 4
0 27 3 2
0 58 1 2
0 59 0 1
0 137 0 1
0 266 2 0
0 267 2 1
1
end_operator
begin_operator
link-1-0 n-10-3 n-10-4 cell-9-3 cap-2 cap-1 cell-10-3 cap-1 cap-0
0
7
0 20 1 0
0 27 0 4
0 58 1 2
0 59 0 1
0 137 0 1
0 266 2 0
0 267 2 1
1
end_operator
begin_operator
link-1-0 n-10-3 n-10-4 cell-9-3 cap-2 cap-1 cell-10-3 cap-2 cap-1
0
7
0 20 1 0
0 27 1 0
0 58 1 2
0 59 0 1
0 137 0 1
0 266 2 0
0 267 2 1
1
end_operator
begin_operator
link-1-0 n-10-3 n-10-4 cell-9-3 cap-2 cap-1 cell-10-3 cap-3 cap-2
0
7
0 20 1 0
0 27 2 1
0 58 1 2
0 59 0 1
0 137 0 1
0 266 2 0
0 267 2 1
1
end_operator
begin_operator
link-1-0 n-10-3 n-10-4 cell-9-3 cap-2 cap-1 cell-10-3 cap-4 cap-3
0
7
0 20 1 0
0 27 3 2
0 58 1 2
0 59 0 1
0 137 0 1
0 266 2 0
0 267 2 1
1
end_operator
begin_operator
link-1-0 n-10-3 n-10-4 cell-9-3 cap-3 cap-2 cell-10-3 cap-1 cap-0
0
7
0 20 2 1
0 27 0 4
0 58 1 2
0 59 0 1
0 137 0 1
0 266 2 0
0 267 2 1
1
end_operator
begin_operator
link-1-0 n-10-3 n-10-4 cell-9-3 cap-3 cap-2 cell-10-3 cap-2 cap-1
0
7
0 20 2 1
0 27 1 0
0 58 1 2
0 59 0 1
0 137 0 1
0 266 2 0
0 267 2 1
1
end_operator
begin_operator
link-1-0 n-10-3 n-10-4 cell-9-3 cap-3 cap-2 cell-10-3 cap-3 cap-2
0
7
0 20 2 1
0 27 2 1
0 58 1 2
0 59 0 1
0 137 0 1
0 266 2 0
0 267 2 1
1
end_operator
begin_operator
link-1-0 n-10-3 n-10-4 cell-9-3 cap-3 cap-2 cell-10-3 cap-4 cap-3
0
7
0 20 2 1
0 27 3 2
0 58 1 2
0 59 0 1
0 137 0 1
0 266 2 0
0 267 2 1
1
end_operator
begin_operator
link-1-0 n-10-3 n-10-4 cell-9-3 cap-4 cap-3 cell-10-3 cap-1 cap-0
0
7
0 20 3 2
0 27 0 4
0 58 1 2
0 59 0 1
0 137 0 1
0 266 2 0
0 267 2 1
1
end_operator
begin_operator
link-1-0 n-10-3 n-10-4 cell-9-3 cap-4 cap-3 cell-10-3 cap-2 cap-1
0
7
0 20 3 2
0 27 1 0
0 58 1 2
0 59 0 1
0 137 0 1
0 266 2 0
0 267 2 1
1
end_operator
begin_operator
link-1-0 n-10-3 n-10-4 cell-9-3 cap-4 cap-3 cell-10-3 cap-3 cap-2
0
7
0 20 3 2
0 27 2 1
0 58 1 2
0 59 0 1
0 137 0 1
0 266 2 0
0 267 2 1
1
end_operator
begin_operator
link-1-0 n-10-3 n-10-4 cell-9-3 cap-4 cap-3 cell-10-3 cap-4 cap-3
0
7
0 20 3 2
0 27 3 2
0 58 1 2
0 59 0 1
0 137 0 1
0 266 2 0
0 267 2 1
1
end_operator
begin_operator
link-1-0 n-10-3 n-11-3 cell-10-2 cap-1 cap-0 cell-10-3 cap-1 cap-0
0
7
0 26 0 4
0 27 0 4
0 58 1 2
0 63 0 1
0 138 0 1
0 266 2 0
0 271 2 1
1
end_operator
begin_operator
link-1-0 n-10-3 n-11-3 cell-10-2 cap-1 cap-0 cell-10-3 cap-2 cap-1
0
7
0 26 0 4
0 27 1 0
0 58 1 2
0 63 0 1
0 138 0 1
0 266 2 0
0 271 2 1
1
end_operator
begin_operator
link-1-0 n-10-3 n-11-3 cell-10-2 cap-1 cap-0 cell-10-3 cap-3 cap-2
0
7
0 26 0 4
0 27 2 1
0 58 1 2
0 63 0 1
0 138 0 1
0 266 2 0
0 271 2 1
1
end_operator
begin_operator
link-1-0 n-10-3 n-11-3 cell-10-2 cap-1 cap-0 cell-10-3 cap-4 cap-3
0
7
0 26 0 4
0 27 3 2
0 58 1 2
0 63 0 1
0 138 0 1
0 266 2 0
0 271 2 1
1
end_operator
begin_operator
link-1-0 n-10-3 n-11-3 cell-10-2 cap-2 cap-1 cell-10-3 cap-1 cap-0
0
7
0 26 1 0
0 27 0 4
0 58 1 2
0 63 0 1
0 138 0 1
0 266 2 0
0 271 2 1
1
end_operator
begin_operator
link-1-0 n-10-3 n-11-3 cell-10-2 cap-2 cap-1 cell-10-3 cap-2 cap-1
0
7
0 26 1 0
0 27 1 0
0 58 1 2
0 63 0 1
0 138 0 1
0 266 2 0
0 271 2 1
1
end_operator
begin_operator
link-1-0 n-10-3 n-11-3 cell-10-2 cap-2 cap-1 cell-10-3 cap-3 cap-2
0
7
0 26 1 0
0 27 2 1
0 58 1 2
0 63 0 1
0 138 0 1
0 266 2 0
0 271 2 1
1
end_operator
begin_operator
link-1-0 n-10-3 n-11-3 cell-10-2 cap-2 cap-1 cell-10-3 cap-4 cap-3
0
7
0 26 1 0
0 27 3 2
0 58 1 2
0 63 0 1
0 138 0 1
0 266 2 0
0 271 2 1
1
end_operator
begin_operator
link-1-0 n-10-3 n-11-3 cell-10-2 cap-3 cap-2 cell-10-3 cap-1 cap-0
0
7
0 26 2 1
0 27 0 4
0 58 1 2
0 63 0 1
0 138 0 1
0 266 2 0
0 271 2 1
1
end_operator
begin_operator
link-1-0 n-10-3 n-11-3 cell-10-2 cap-3 cap-2 cell-10-3 cap-2 cap-1
0
7
0 26 2 1
0 27 1 0
0 58 1 2
0 63 0 1
0 138 0 1
0 266 2 0
0 271 2 1
1
end_operator
begin_operator
link-1-0 n-10-3 n-11-3 cell-10-2 cap-3 cap-2 cell-10-3 cap-3 cap-2
0
7
0 26 2 1
0 27 2 1
0 58 1 2
0 63 0 1
0 138 0 1
0 266 2 0
0 271 2 1
1
end_operator
begin_operator
link-1-0 n-10-3 n-11-3 cell-10-2 cap-3 cap-2 cell-10-3 cap-4 cap-3
0
7
0 26 2 1
0 27 3 2
0 58 1 2
0 63 0 1
0 138 0 1
0 266 2 0
0 271 2 1
1
end_operator
begin_operator
link-1-0 n-10-3 n-11-3 cell-10-2 cap-4 cap-3 cell-10-3 cap-1 cap-0
0
7
0 26 3 2
0 27 0 4
0 58 1 2
0 63 0 1
0 138 0 1
0 266 2 0
0 271 2 1
1
end_operator
begin_operator
link-1-0 n-10-3 n-11-3 cell-10-2 cap-4 cap-3 cell-10-3 cap-2 cap-1
0
7
0 26 3 2
0 27 1 0
0 58 1 2
0 63 0 1
0 138 0 1
0 266 2 0
0 271 2 1
1
end_operator
begin_operator
link-1-0 n-10-3 n-11-3 cell-10-2 cap-4 cap-3 cell-10-3 cap-3 cap-2
0
7
0 26 3 2
0 27 2 1
0 58 1 2
0 63 0 1
0 138 0 1
0 266 2 0
0 271 2 1
1
end_operator
begin_operator
link-1-0 n-10-3 n-11-3 cell-10-2 cap-4 cap-3 cell-10-3 cap-4 cap-3
0
7
0 26 3 2
0 27 3 2
0 58 1 2
0 63 0 1
0 138 0 1
0 266 2 0
0 271 2 1
1
end_operator
begin_operator
link-1-0 n-10-4 n-11-4 cell-10-3 cap-1 cap-0 cell-outside-10-right cap-1 cap-0
0
7
0 27 0 4
0 59 1 2
0 64 0 1
0 139 0 1
0 224 0 1
0 267 2 0
0 272 2 1
1
end_operator
begin_operator
link-1-0 n-10-4 n-11-4 cell-10-3 cap-2 cap-1 cell-outside-10-right cap-1 cap-0
0
7
0 27 1 0
0 59 1 2
0 64 0 1
0 139 0 1
0 224 0 1
0 267 2 0
0 272 2 1
1
end_operator
begin_operator
link-1-0 n-10-4 n-11-4 cell-10-3 cap-3 cap-2 cell-outside-10-right cap-1 cap-0
0
7
0 27 2 1
0 59 1 2
0 64 0 1
0 139 0 1
0 224 0 1
0 267 2 0
0 272 2 1
1
end_operator
begin_operator
link-1-0 n-10-4 n-11-4 cell-10-3 cap-4 cap-3 cell-outside-10-right cap-1 cap-0
0
7
0 27 3 2
0 59 1 2
0 64 0 1
0 139 0 1
0 224 0 1
0 267 2 0
0 272 2 1
1
end_operator
begin_operator
link-1-0 n-11-0 n-11-1 cell-10-0 cap-1 cap-0 cell-11-0 cap-1 cap-0
0
7
0 28 0 4
0 60 1 2
0 61 0 1
0 111 1 0
0 140 0 1
0 268 2 0
0 269 2 1
1
end_operator
begin_operator
link-1-0 n-11-0 n-11-1 cell-10-0 cap-1 cap-0 cell-11-0 cap-2 cap-1
0
7
0 28 1 0
0 60 1 2
0 61 0 1
0 111 1 0
0 140 0 1
0 268 2 0
0 269 2 1
1
end_operator
begin_operator
link-1-0 n-11-0 n-11-1 cell-10-0 cap-1 cap-0 cell-11-0 cap-3 cap-2
0
7
0 28 2 1
0 60 1 2
0 61 0 1
0 111 1 0
0 140 0 1
0 268 2 0
0 269 2 1
1
end_operator
begin_operator
link-1-0 n-11-0 n-11-1 cell-10-0 cap-1 cap-0 cell-11-0 cap-4 cap-3
0
7
0 28 3 2
0 60 1 2
0 61 0 1
0 111 1 0
0 140 0 1
0 268 2 0
0 269 2 1
1
end_operator
begin_operator
link-1-0 n-11-0 n-12-0 cell-outside-11-left cap-1 cap-0 cell-11-0 cap-1 cap-0
0
7
0 28 0 4
0 60 1 2
0 65 0 1
0 141 0 1
0 226 0 1
0 268 2 0
0 273 2 1
1
end_operator
begin_operator
link-1-0 n-11-0 n-12-0 cell-outside-11-left cap-1 cap-0 cell-11-0 cap-2 cap-1
0
7
0 28 1 0
0 60 1 2
0 65 0 1
0 141 0 1
0 226 0 1
0 268 2 0
0 273 2 1
1
end_operator
begin_operator
link-1-0 n-11-0 n-12-0 cell-outside-11-left cap-1 cap-0 cell-11-0 cap-3 cap-2
0
7
0 28 2 1
0 60 1 2
0 65 0 1
0 141 0 1
0 226 0 1
0 268 2 0
0 273 2 1
1
end_operator
begin_operator
link-1-0 n-11-0 n-12-0 cell-outside-11-left cap-1 cap-0 cell-11-0 cap-4 cap-3
0
7
0 28 3 2
0 60 1 2
0 65 0 1
0 141 0 1
0 226 0 1
0 268 2 0
0 273 2 1
1
end_operator
begin_operator
link-1-0 n-11-1 n-11-2 cell-10-1 cap-1 cap-0 cell-11-1 cap-1 cap-0
0
7
0 25 1 0
0 42 1 0
0 61 1 2
0 62 0 1
0 142 0 1
0 269 2 0
0 270 2 1
1
end_operator
begin_operator
link-1-0 n-11-1 n-11-2 cell-10-1 cap-1 cap-0 cell-11-1 cap-2 cap-1
0
7
0 25 1 0
0 42 2 1
0 61 1 2
0 62 0 1
0 142 0 1
0 269 2 0
0 270 2 1
1
end_operator
begin_operator
link-1-0 n-11-1 n-11-2 cell-10-1 cap-2 cap-1 cell-11-1 cap-1 cap-0
0
7
0 25 2 1
0 42 1 0
0 61 1 2
0 62 0 1
0 142 0 1
0 269 2 0
0 270 2 1
1
end_operator
begin_operator
link-1-0 n-11-1 n-11-2 cell-10-1 cap-2 cap-1 cell-11-1 cap-2 cap-1
0
7
0 25 2 1
0 42 2 1
0 61 1 2
0 62 0 1
0 142 0 1
0 269 2 0
0 270 2 1
1
end_operator
begin_operator
link-1-0 n-11-1 n-11-2 cell-10-1 cap-3 cap-2 cell-11-1 cap-1 cap-0
0
7
0 25 3 2
0 42 1 0
0 61 1 2
0 62 0 1
0 142 0 1
0 269 2 0
0 270 2 1
1
end_operator
begin_operator
link-1-0 n-11-1 n-11-2 cell-10-1 cap-3 cap-2 cell-11-1 cap-2 cap-1
0
7
0 25 3 2
0 42 2 1
0 61 1 2
0 62 0 1
0 142 0 1
0 269 2 0
0 270 2 1
1
end_operator
begin_operator
link-1-0 n-11-1 n-12-1 cell-11-0 cap-1 cap-0 cell-11-1 cap-1 cap-0
0
7
0 28 0 4
0 42 1 0
0 61 1 2
0 66 0 1
0 143 0 1
0 269 2 0
0 274 2 1
1
end_operator
begin_operator
link-1-0 n-11-1 n-12-1 cell-11-0 cap-1 cap-0 cell-11-1 cap-2 cap-1
0
7
0 28 0 4
0 42 2 1
0 61 1 2
0 66 0 1
0 143 0 1
0 269 2 0
0 274 2 1
1
end_operator
begin_operator
link-1-0 n-11-1 n-12-1 cell-11-0 cap-2 cap-1 cell-11-1 cap-1 cap-0
0
7
0 28 1 0
0 42 1 0
0 61 1 2
0 66 0 1
0 143 0 1
0 269 2 0
0 274 2 1
1
end_operator
begin_operator
link-1-0 n-11-1 n-12-1 cell-11-0 cap-2 cap-1 cell-11-1 cap-2 cap-1
0
7
0 28 1 0
0 42 2 1
0 61 1 2
0 66 0 1
0 143 0 1
0 269 2 0
0 274 2 1
1
end_operator
begin_operator
link-1-0 n-11-1 n-12-1 cell-11-0 cap-3 cap-2 cell-11-1 cap-1 cap-0
0
7
0 28 2 1
0 42 1 0
0 61 1 2
0 66 0 1
0 143 0 1
0 269 2 0
0 274 2 1
1
end_operator
begin_operator
link-1-0 n-11-1 n-12-1 cell-11-0 cap-3 cap-2 cell-11-1 cap-2 cap-1
0
7
0 28 2 1
0 42 2 1
0 61 1 2
0 66 0 1
0 143 0 1
0 269 2 0
0 274 2 1
1
end_operator
begin_operator
link-1-0 n-11-1 n-12-1 cell-11-0 cap-4 cap-3 cell-11-1 cap-1 cap-0
0
7
0 28 3 2
0 42 1 0
0 61 1 2
0 66 0 1
0 143 0 1
0 269 2 0
0 274 2 1
1
end_operator
begin_operator
link-1-0 n-11-1 n-12-1 cell-11-0 cap-4 cap-3 cell-11-1 cap-2 cap-1
0
7
0 28 3 2
0 42 2 1
0 61 1 2
0 66 0 1
0 143 0 1
0 269 2 0
0 274 2 1
1
end_operator
begin_operator
link-1-0 n-11-2 n-11-3 cell-10-2 cap-1 cap-0 cell-11-2 cap-1 cap-0
0
7
0 26 0 4
0 29 0 4
0 62 1 2
0 63 0 1
0 144 0 1
0 270 2 0
0 271 2 1
1
end_operator
begin_operator
link-1-0 n-11-2 n-11-3 cell-10-2 cap-1 cap-0 cell-11-2 cap-2 cap-1
0
7
0 26 0 4
0 29 1 0
0 62 1 2
0 63 0 1
0 144 0 1
0 270 2 0
0 271 2 1
1
end_operator
begin_operator
link-1-0 n-11-2 n-11-3 cell-10-2 cap-1 cap-0 cell-11-2 cap-3 cap-2
0
7
0 26 0 4
0 29 2 1
0 62 1 2
0 63 0 1
0 144 0 1
0 270 2 0
0 271 2 1
1
end_operator
begin_operator
link-1-0 n-11-2 n-11-3 cell-10-2 cap-1 cap-0 cell-11-2 cap-4 cap-3
0
7
0 26 0 4
0 29 3 2
0 62 1 2
0 63 0 1
0 144 0 1
0 270 2 0
0 271 2 1
1
end_operator
begin_operator
link-1-0 n-11-2 n-11-3 cell-10-2 cap-2 cap-1 cell-11-2 cap-1 cap-0
0
7
0 26 1 0
0 29 0 4
0 62 1 2
0 63 0 1
0 144 0 1
0 270 2 0
0 271 2 1
1
end_operator
begin_operator
link-1-0 n-11-2 n-11-3 cell-10-2 cap-2 cap-1 cell-11-2 cap-2 cap-1
0
7
0 26 1 0
0 29 1 0
0 62 1 2
0 63 0 1
0 144 0 1
0 270 2 0
0 271 2 1
1
end_operator
begin_operator
link-1-0 n-11-2 n-11-3 cell-10-2 cap-2 cap-1 cell-11-2 cap-3 cap-2
0
7
0 26 1 0
0 29 2 1
0 62 1 2
0 63 0 1
0 144 0 1
0 270 2 0
0 271 2 1
1
end_operator
begin_operator
link-1-0 n-11-2 n-11-3 cell-10-2 cap-2 cap-1 cell-11-2 cap-4 cap-3
0
7
0 26 1 0
0 29 3 2
0 62 1 2
0 63 0 1
0 144 0 1
0 270 2 0
0 271 2 1
1
end_operator
begin_operator
link-1-0 n-11-2 n-11-3 cell-10-2 cap-3 cap-2 cell-11-2 cap-1 cap-0
0
7
0 26 2 1
0 29 0 4
0 62 1 2
0 63 0 1
0 144 0 1
0 270 2 0
0 271 2 1
1
end_operator
begin_operator
link-1-0 n-11-2 n-11-3 cell-10-2 cap-3 cap-2 cell-11-2 cap-2 cap-1
0
7
0 26 2 1
0 29 1 0
0 62 1 2
0 63 0 1
0 144 0 1
0 270 2 0
0 271 2 1
1
end_operator
begin_operator
link-1-0 n-11-2 n-11-3 cell-10-2 cap-3 cap-2 cell-11-2 cap-3 cap-2
0
7
0 26 2 1
0 29 2 1
0 62 1 2
0 63 0 1
0 144 0 1
0 270 2 0
0 271 2 1
1
end_operator
begin_operator
link-1-0 n-11-2 n-11-3 cell-10-2 cap-3 cap-2 cell-11-2 cap-4 cap-3
0
7
0 26 2 1
0 29 3 2
0 62 1 2
0 63 0 1
0 144 0 1
0 270 2 0
0 271 2 1
1
end_operator
begin_operator
link-1-0 n-11-2 n-11-3 cell-10-2 cap-4 cap-3 cell-11-2 cap-1 cap-0
0
7
0 26 3 2
0 29 0 4
0 62 1 2
0 63 0 1
0 144 0 1
0 270 2 0
0 271 2 1
1
end_operator
begin_operator
link-1-0 n-11-2 n-11-3 cell-10-2 cap-4 cap-3 cell-11-2 cap-2 cap-1
0
7
0 26 3 2
0 29 1 0
0 62 1 2
0 63 0 1
0 144 0 1
0 270 2 0
0 271 2 1
1
end_operator
begin_operator
link-1-0 n-11-2 n-11-3 cell-10-2 cap-4 cap-3 cell-11-2 cap-3 cap-2
0
7
0 26 3 2
0 29 2 1
0 62 1 2
0 63 0 1
0 144 0 1
0 270 2 0
0 271 2 1
1
end_operator
begin_operator
link-1-0 n-11-2 n-11-3 cell-10-2 cap-4 cap-3 cell-11-2 cap-4 cap-3
0
7
0 26 3 2
0 29 3 2
0 62 1 2
0 63 0 1
0 144 0 1
0 270 2 0
0 271 2 1
1
end_operator
begin_operator
link-1-0 n-11-2 n-12-2 cell-11-1 cap-1 cap-0 cell-11-2 cap-1 cap-0
0
7
0 29 0 4
0 42 1 0
0 62 1 2
0 67 0 1
0 145 0 1
0 270 2 0
0 275 2 1
1
end_operator
begin_operator
link-1-0 n-11-2 n-12-2 cell-11-1 cap-1 cap-0 cell-11-2 cap-2 cap-1
0
7
0 29 1 0
0 42 1 0
0 62 1 2
0 67 0 1
0 145 0 1
0 270 2 0
0 275 2 1
1
end_operator
begin_operator
link-1-0 n-11-2 n-12-2 cell-11-1 cap-1 cap-0 cell-11-2 cap-3 cap-2
0
7
0 29 2 1
0 42 1 0
0 62 1 2
0 67 0 1
0 145 0 1
0 270 2 0
0 275 2 1
1
end_operator
begin_operator
link-1-0 n-11-2 n-12-2 cell-11-1 cap-1 cap-0 cell-11-2 cap-4 cap-3
0
7
0 29 3 2
0 42 1 0
0 62 1 2
0 67 0 1
0 145 0 1
0 270 2 0
0 275 2 1
1
end_operator
begin_operator
link-1-0 n-11-2 n-12-2 cell-11-1 cap-2 cap-1 cell-11-2 cap-1 cap-0
0
7
0 29 0 4
0 42 2 1
0 62 1 2
0 67 0 1
0 145 0 1
0 270 2 0
0 275 2 1
1
end_operator
begin_operator
link-1-0 n-11-2 n-12-2 cell-11-1 cap-2 cap-1 cell-11-2 cap-2 cap-1
0
7
0 29 1 0
0 42 2 1
0 62 1 2
0 67 0 1
0 145 0 1
0 270 2 0
0 275 2 1
1
end_operator
begin_operator
link-1-0 n-11-2 n-12-2 cell-11-1 cap-2 cap-1 cell-11-2 cap-3 cap-2
0
7
0 29 2 1
0 42 2 1
0 62 1 2
0 67 0 1
0 145 0 1
0 270 2 0
0 275 2 1
1
end_operator
begin_operator
link-1-0 n-11-2 n-12-2 cell-11-1 cap-2 cap-1 cell-11-2 cap-4 cap-3
0
7
0 29 3 2
0 42 2 1
0 62 1 2
0 67 0 1
0 145 0 1
0 270 2 0
0 275 2 1
1
end_operator
begin_operator
link-1-0 n-11-3 n-11-4 cell-10-3 cap-1 cap-0 cell-11-3 cap-1 cap-0
0
7
0 27 0 4
0 30 1 0
0 63 1 2
0 64 0 1
0 146 0 1
0 271 2 0
0 272 2 1
1
end_operator
begin_operator
link-1-0 n-11-3 n-11-4 cell-10-3 cap-1 cap-0 cell-11-3 cap-2 cap-1
0
7
0 27 0 4
0 30 2 1
0 63 1 2
0 64 0 1
0 146 0 1
0 271 2 0
0 272 2 1
1
end_operator
begin_operator
link-1-0 n-11-3 n-11-4 cell-10-3 cap-1 cap-0 cell-11-3 cap-3 cap-2
0
7
0 27 0 4
0 30 3 2
0 63 1 2
0 64 0 1
0 146 0 1
0 271 2 0
0 272 2 1
1
end_operator
begin_operator
link-1-0 n-11-3 n-11-4 cell-10-3 cap-2 cap-1 cell-11-3 cap-1 cap-0
0
7
0 27 1 0
0 30 1 0
0 63 1 2
0 64 0 1
0 146 0 1
0 271 2 0
0 272 2 1
1
end_operator
begin_operator
link-1-0 n-11-3 n-11-4 cell-10-3 cap-2 cap-1 cell-11-3 cap-2 cap-1
0
7
0 27 1 0
0 30 2 1
0 63 1 2
0 64 0 1
0 146 0 1
0 271 2 0
0 272 2 1
1
end_operator
begin_operator
link-1-0 n-11-3 n-11-4 cell-10-3 cap-2 cap-1 cell-11-3 cap-3 cap-2
0
7
0 27 1 0
0 30 3 2
0 63 1 2
0 64 0 1
0 146 0 1
0 271 2 0
0 272 2 1
1
end_operator
begin_operator
link-1-0 n-11-3 n-11-4 cell-10-3 cap-3 cap-2 cell-11-3 cap-1 cap-0
0
7
0 27 2 1
0 30 1 0
0 63 1 2
0 64 0 1
0 146 0 1
0 271 2 0
0 272 2 1
1
end_operator
begin_operator
link-1-0 n-11-3 n-11-4 cell-10-3 cap-3 cap-2 cell-11-3 cap-2 cap-1
0
7
0 27 2 1
0 30 2 1
0 63 1 2
0 64 0 1
0 146 0 1
0 271 2 0
0 272 2 1
1
end_operator
begin_operator
link-1-0 n-11-3 n-11-4 cell-10-3 cap-3 cap-2 cell-11-3 cap-3 cap-2
0
7
0 27 2 1
0 30 3 2
0 63 1 2
0 64 0 1
0 146 0 1
0 271 2 0
0 272 2 1
1
end_operator
begin_operator
link-1-0 n-11-3 n-11-4 cell-10-3 cap-4 cap-3 cell-11-3 cap-1 cap-0
0
7
0 27 3 2
0 30 1 0
0 63 1 2
0 64 0 1
0 146 0 1
0 271 2 0
0 272 2 1
1
end_operator
begin_operator
link-1-0 n-11-3 n-11-4 cell-10-3 cap-4 cap-3 cell-11-3 cap-2 cap-1
0
7
0 27 3 2
0 30 2 1
0 63 1 2
0 64 0 1
0 146 0 1
0 271 2 0
0 272 2 1
1
end_operator
begin_operator
link-1-0 n-11-3 n-11-4 cell-10-3 cap-4 cap-3 cell-11-3 cap-3 cap-2
0
7
0 27 3 2
0 30 3 2
0 63 1 2
0 64 0 1
0 146 0 1
0 271 2 0
0 272 2 1
1
end_operator
begin_operator
link-1-0 n-11-3 n-12-3 cell-11-2 cap-1 cap-0 cell-11-3 cap-1 cap-0
0
7
0 29 0 4
0 30 1 0
0 63 1 2
0 68 0 1
0 147 0 1
0 271 2 0
0 276 2 1
1
end_operator
begin_operator
link-1-0 n-11-3 n-12-3 cell-11-2 cap-1 cap-0 cell-11-3 cap-2 cap-1
0
7
0 29 0 4
0 30 2 1
0 63 1 2
0 68 0 1
0 147 0 1
0 271 2 0
0 276 2 1
1
end_operator
begin_operator
link-1-0 n-11-3 n-12-3 cell-11-2 cap-1 cap-0 cell-11-3 cap-3 cap-2
0
7
0 29 0 4
0 30 3 2
0 63 1 2
0 68 0 1
0 147 0 1
0 271 2 0
0 276 2 1
1
end_operator
begin_operator
link-1-0 n-11-3 n-12-3 cell-11-2 cap-2 cap-1 cell-11-3 cap-1 cap-0
0
7
0 29 1 0
0 30 1 0
0 63 1 2
0 68 0 1
0 147 0 1
0 271 2 0
0 276 2 1
1
end_operator
begin_operator
link-1-0 n-11-3 n-12-3 cell-11-2 cap-2 cap-1 cell-11-3 cap-2 cap-1
0
7
0 29 1 0
0 30 2 1
0 63 1 2
0 68 0 1
0 147 0 1
0 271 2 0
0 276 2 1
1
end_operator
begin_operator
link-1-0 n-11-3 n-12-3 cell-11-2 cap-2 cap-1 cell-11-3 cap-3 cap-2
0
7
0 29 1 0
0 30 3 2
0 63 1 2
0 68 0 1
0 147 0 1
0 271 2 0
0 276 2 1
1
end_operator
begin_operator
link-1-0 n-11-3 n-12-3 cell-11-2 cap-3 cap-2 cell-11-3 cap-1 cap-0
0
7
0 29 2 1
0 30 1 0
0 63 1 2
0 68 0 1
0 147 0 1
0 271 2 0
0 276 2 1
1
end_operator
begin_operator
link-1-0 n-11-3 n-12-3 cell-11-2 cap-3 cap-2 cell-11-3 cap-2 cap-1
0
7
0 29 2 1
0 30 2 1
0 63 1 2
0 68 0 1
0 147 0 1
0 271 2 0
0 276 2 1
1
end_operator
begin_operator
link-1-0 n-11-3 n-12-3 cell-11-2 cap-3 cap-2 cell-11-3 cap-3 cap-2
0
7
0 29 2 1
0 30 3 2
0 63 1 2
0 68 0 1
0 147 0 1
0 271 2 0
0 276 2 1
1
end_operator
begin_operator
link-1-0 n-11-3 n-12-3 cell-11-2 cap-4 cap-3 cell-11-3 cap-1 cap-0
0
7
0 29 3 2
0 30 1 0
0 63 1 2
0 68 0 1
0 147 0 1
0 271 2 0
0 276 2 1
1
end_operator
begin_operator
link-1-0 n-11-3 n-12-3 cell-11-2 cap-4 cap-3 cell-11-3 cap-2 cap-1
0
7
0 29 3 2
0 30 2 1
0 63 1 2
0 68 0 1
0 147 0 1
0 271 2 0
0 276 2 1
1
end_operator
begin_operator
link-1-0 n-11-3 n-12-3 cell-11-2 cap-4 cap-3 cell-11-3 cap-3 cap-2
0
7
0 29 3 2
0 30 3 2
0 63 1 2
0 68 0 1
0 147 0 1
0 271 2 0
0 276 2 1
1
end_operator
begin_operator
link-1-0 n-11-4 n-12-4 cell-11-3 cap-2 cap-1 cell-outside-11-right cap-1 cap-0
0
7
0 30 2 1
0 64 1 2
0 69 0 1
0 148 0 1
0 228 0 1
0 272 2 0
0 277 2 1
1
end_operator
begin_operator
link-1-0 n-11-4 n-12-4 cell-11-3 cap-3 cap-2 cell-outside-11-right cap-1 cap-0
0
7
0 30 3 2
0 64 1 2
0 69 0 1
0 148 0 1
0 228 0 1
0 272 2 0
0 277 2 1
1
end_operator
begin_operator
link-1-0 n-12-0 n-12-1 cell-11-0 cap-1 cap-0 cell-outside-0-down cap-1 cap-0
0
7
0 28 0 4
0 65 1 2
0 66 0 1
0 149 0 1
0 206 0 1
0 273 2 0
0 274 2 1
1
end_operator
begin_operator
link-1-0 n-12-0 n-12-1 cell-11-0 cap-2 cap-1 cell-outside-0-down cap-1 cap-0
0
7
0 28 1 0
0 65 1 2
0 66 0 1
0 149 0 1
0 206 0 1
0 273 2 0
0 274 2 1
1
end_operator
begin_operator
link-1-0 n-12-0 n-12-1 cell-11-0 cap-3 cap-2 cell-outside-0-down cap-1 cap-0
0
7
0 28 2 1
0 65 1 2
0 66 0 1
0 149 0 1
0 206 0 1
0 273 2 0
0 274 2 1
1
end_operator
begin_operator
link-1-0 n-12-1 n-12-2 cell-11-1 cap-1 cap-0 cell-outside-1-down cap-1 cap-0
0
7
0 42 1 0
0 66 1 2
0 67 0 1
0 150 0 1
0 214 0 1
0 274 2 0
0 275 2 1
1
end_operator
begin_operator
link-1-0 n-12-1 n-12-2 cell-11-1 cap-2 cap-1 cell-outside-1-down cap-1 cap-0
0
7
0 42 2 1
0 66 1 2
0 67 0 1
0 150 0 1
0 214 0 1
0 274 2 0
0 275 2 1
1
end_operator
begin_operator
link-1-0 n-12-2 n-12-3 cell-11-2 cap-1 cap-0 cell-outside-2-down cap-1 cap-0
0
7
0 29 0 4
0 67 1 2
0 68 0 1
0 151 0 1
0 230 0 1
0 275 2 0
0 276 2 1
1
end_operator
begin_operator
link-1-0 n-12-2 n-12-3 cell-11-2 cap-2 cap-1 cell-outside-2-down cap-1 cap-0
0
7
0 29 1 0
0 67 1 2
0 68 0 1
0 151 0 1
0 230 0 1
0 275 2 0
0 276 2 1
1
end_operator
begin_operator
link-1-0 n-12-2 n-12-3 cell-11-2 cap-3 cap-2 cell-outside-2-down cap-1 cap-0
0
7
0 29 2 1
0 67 1 2
0 68 0 1
0 151 0 1
0 230 0 1
0 275 2 0
0 276 2 1
1
end_operator
begin_operator
link-1-0 n-12-2 n-12-3 cell-11-2 cap-4 cap-3 cell-outside-2-down cap-1 cap-0
0
7
0 29 3 2
0 67 1 2
0 68 0 1
0 151 0 1
0 230 0 1
0 275 2 0
0 276 2 1
1
end_operator
begin_operator
link-1-0 n-12-3 n-12-4 cell-11-3 cap-2 cap-1 cell-outside-3-down cap-1 cap-0
0
7
0 30 2 1
0 68 1 2
0 69 0 1
0 152 0 1
0 237 0 1
0 276 2 0
0 277 2 1
1
end_operator
begin_operator
link-1-0 n-12-3 n-12-4 cell-11-3 cap-3 cap-2 cell-outside-3-down cap-1 cap-0
0
7
0 30 3 2
0 68 1 2
0 69 0 1
0 152 0 1
0 237 0 1
0 276 2 0
0 277 2 1
1
end_operator
begin_operator
link-1-0 n-2-0 n-2-1 cell-1-0 cap-1 cap-0 cell-2-0 cap-1 cap-0
0
7
0 31 0 4
0 40 1 0
0 70 1 2
0 71 0 1
0 153 0 1
0 278 2 0
0 279 2 1
1
end_operator
begin_operator
link-1-0 n-2-0 n-2-1 cell-1-0 cap-1 cap-0 cell-2-0 cap-2 cap-1
0
7
0 31 1 0
0 40 1 0
0 70 1 2
0 71 0 1
0 153 0 1
0 278 2 0
0 279 2 1
1
end_operator
begin_operator
link-1-0 n-2-0 n-2-1 cell-1-0 cap-1 cap-0 cell-2-0 cap-3 cap-2
0
7
0 31 2 1
0 40 1 0
0 70 1 2
0 71 0 1
0 153 0 1
0 278 2 0
0 279 2 1
1
end_operator
begin_operator
link-1-0 n-2-0 n-2-1 cell-1-0 cap-1 cap-0 cell-2-0 cap-4 cap-3
0
7
0 31 3 2
0 40 1 0
0 70 1 2
0 71 0 1
0 153 0 1
0 278 2 0
0 279 2 1
1
end_operator
begin_operator
link-1-0 n-2-0 n-2-1 cell-1-0 cap-2 cap-1 cell-2-0 cap-1 cap-0
0
7
0 31 0 4
0 40 2 1
0 70 1 2
0 71 0 1
0 153 0 1
0 278 2 0
0 279 2 1
1
end_operator
begin_operator
link-1-0 n-2-0 n-2-1 cell-1-0 cap-2 cap-1 cell-2-0 cap-2 cap-1
0
7
0 31 1 0
0 40 2 1
0 70 1 2
0 71 0 1
0 153 0 1
0 278 2 0
0 279 2 1
1
end_operator
begin_operator
link-1-0 n-2-0 n-2-1 cell-1-0 cap-2 cap-1 cell-2-0 cap-3 cap-2
0
7
0 31 2 1
0 40 2 1
0 70 1 2
0 71 0 1
0 153 0 1
0 278 2 0
0 279 2 1
1
end_operator
begin_operator
link-1-0 n-2-0 n-2-1 cell-1-0 cap-2 cap-1 cell-2-0 cap-4 cap-3
0
7
0 31 3 2
0 40 2 1
0 70 1 2
0 71 0 1
0 153 0 1
0 278 2 0
0 279 2 1
1
end_operator
begin_operator
link-1-0 n-2-0 n-3-0 cell-outside-2-left cap-1 cap-0 cell-2-0 cap-1 cap-0
0
7
0 31 0 4
0 70 1 2
0 75 0 1
0 154 0 1
0 232 0 1
0 278 2 0
0 283 2 1
1
end_operator
begin_operator
link-1-0 n-2-0 n-3-0 cell-outside-2-left cap-1 cap-0 cell-2-0 cap-2 cap-1
0
7
0 31 1 0
0 70 1 2
0 75 0 1
0 154 0 1
0 232 0 1
0 278 2 0
0 283 2 1
1
end_operator
begin_operator
link-1-0 n-2-0 n-3-0 cell-outside-2-left cap-1 cap-0 cell-2-0 cap-3 cap-2
0
7
0 31 2 1
0 70 1 2
0 75 0 1
0 154 0 1
0 232 0 1
0 278 2 0
0 283 2 1
1
end_operator
begin_operator
link-1-0 n-2-0 n-3-0 cell-outside-2-left cap-1 cap-0 cell-2-0 cap-4 cap-3
0
7
0 31 3 2
0 70 1 2
0 75 0 1
0 154 0 1
0 232 0 1
0 278 2 0
0 283 2 1
1
end_operator
begin_operator
link-1-0 n-2-1 n-2-2 cell-1-1 cap-1 cap-0 cell-2-1 cap-1 cap-0
0
7
0 23 0 4
0 43 1 0
0 71 1 2
0 72 0 1
0 155 0 1
0 279 2 0
0 280 2 1
1
end_operator
begin_operator
link-1-0 n-2-1 n-2-2 cell-1-1 cap-1 cap-0 cell-2-1 cap-2 cap-1
0
7
0 23 0 4
0 43 2 1
0 71 1 2
0 72 0 1
0 155 0 1
0 279 2 0
0 280 2 1
1
end_operator
begin_operator
link-1-0 n-2-1 n-2-2 cell-1-1 cap-2 cap-1 cell-2-1 cap-1 cap-0
0
7
0 23 1 0
0 43 1 0
0 71 1 2
0 72 0 1
0 155 0 1
0 279 2 0
0 280 2 1
1
end_operator
begin_operator
link-1-0 n-2-1 n-2-2 cell-1-1 cap-2 cap-1 cell-2-1 cap-2 cap-1
0
7
0 23 1 0
0 43 2 1
0 71 1 2
0 72 0 1
0 155 0 1
0 279 2 0
0 280 2 1
1
end_operator
begin_operator
link-1-0 n-2-1 n-2-2 cell-1-1 cap-3 cap-2 cell-2-1 cap-1 cap-0
0
7
0 23 2 1
0 43 1 0
0 71 1 2
0 72 0 1
0 155 0 1
0 279 2 0
0 280 2 1
1
end_operator
begin_operator
link-1-0 n-2-1 n-2-2 cell-1-1 cap-3 cap-2 cell-2-1 cap-2 cap-1
0
7
0 23 2 1
0 43 2 1
0 71 1 2
0 72 0 1
0 155 0 1
0 279 2 0
0 280 2 1
1
end_operator
begin_operator
link-1-0 n-2-1 n-2-2 cell-1-1 cap-4 cap-3 cell-2-1 cap-1 cap-0
0
7
0 23 3 2
0 43 1 0
0 71 1 2
0 72 0 1
0 155 0 1
0 279 2 0
0 280 2 1
1
end_operator
begin_operator
link-1-0 n-2-1 n-2-2 cell-1-1 cap-4 cap-3 cell-2-1 cap-2 cap-1
0
7
0 23 3 2
0 43 2 1
0 71 1 2
0 72 0 1
0 155 0 1
0 279 2 0
0 280 2 1
1
end_operator
begin_operator
link-1-0 n-2-1 n-3-1 cell-2-0 cap-1 cap-0 cell-2-1 cap-1 cap-0
0
7
0 31 0 4
0 43 1 0
0 71 1 2
0 76 0 1
0 156 0 1
0 279 2 0
0 284 2 1
1
end_operator
begin_operator
link-1-0 n-2-1 n-3-1 cell-2-0 cap-1 cap-0 cell-2-1 cap-2 cap-1
0
7
0 31 0 4
0 43 2 1
0 71 1 2
0 76 0 1
0 156 0 1
0 279 2 0
0 284 2 1
1
end_operator
begin_operator
link-1-0 n-2-1 n-3-1 cell-2-0 cap-2 cap-1 cell-2-1 cap-1 cap-0
0
7
0 31 1 0
0 43 1 0
0 71 1 2
0 76 0 1
0 156 0 1
0 279 2 0
0 284 2 1
1
end_operator
begin_operator
link-1-0 n-2-1 n-3-1 cell-2-0 cap-2 cap-1 cell-2-1 cap-2 cap-1
0
7
0 31 1 0
0 43 2 1
0 71 1 2
0 76 0 1
0 156 0 1
0 279 2 0
0 284 2 1
1
end_operator
begin_operator
link-1-0 n-2-1 n-3-1 cell-2-0 cap-3 cap-2 cell-2-1 cap-1 cap-0
0
7
0 31 2 1
0 43 1 0
0 71 1 2
0 76 0 1
0 156 0 1
0 279 2 0
0 284 2 1
1
end_operator
begin_operator
link-1-0 n-2-1 n-3-1 cell-2-0 cap-3 cap-2 cell-2-1 cap-2 cap-1
0
7
0 31 2 1
0 43 2 1
0 71 1 2
0 76 0 1
0 156 0 1
0 279 2 0
0 284 2 1
1
end_operator
begin_operator
link-1-0 n-2-1 n-3-1 cell-2-0 cap-4 cap-3 cell-2-1 cap-1 cap-0
0
7
0 31 3 2
0 43 1 0
0 71 1 2
0 76 0 1
0 156 0 1
0 279 2 0
0 284 2 1
1
end_operator
begin_operator
link-1-0 n-2-1 n-3-1 cell-2-0 cap-4 cap-3 cell-2-1 cap-2 cap-1
0
7
0 31 3 2
0 43 2 1
0 71 1 2
0 76 0 1
0 156 0 1
0 279 2 0
0 284 2 1
1
end_operator
begin_operator
link-1-0 n-2-2 n-2-3 cell-1-2 cap-1 cap-0 cell-2-2 cap-1 cap-0
0
7
0 24 0 4
0 32 0 4
0 72 1 2
0 73 0 1
0 157 0 1
0 280 2 0
0 281 2 1
1
end_operator
begin_operator
link-1-0 n-2-2 n-2-3 cell-1-2 cap-1 cap-0 cell-2-2 cap-2 cap-1
0
7
0 24 0 4
0 32 1 0
0 72 1 2
0 73 0 1
0 157 0 1
0 280 2 0
0 281 2 1
1
end_operator
begin_operator
link-1-0 n-2-2 n-2-3 cell-1-2 cap-1 cap-0 cell-2-2 cap-3 cap-2
0
7
0 24 0 4
0 32 2 1
0 72 1 2
0 73 0 1
0 157 0 1
0 280 2 0
0 281 2 1
1
end_operator
begin_operator
link-1-0 n-2-2 n-2-3 cell-1-2 cap-1 cap-0 cell-2-2 cap-4 cap-3
0
7
0 24 0 4
0 32 3 2
0 72 1 2
0 73 0 1
0 157 0 1
0 280 2 0
0 281 2 1
1
end_operator
begin_operator
link-1-0 n-2-2 n-2-3 cell-1-2 cap-2 cap-1 cell-2-2 cap-1 cap-0
0
7
0 24 1 0
0 32 0 4
0 72 1 2
0 73 0 1
0 157 0 1
0 280 2 0
0 281 2 1
1
end_operator
begin_operator
link-1-0 n-2-2 n-2-3 cell-1-2 cap-2 cap-1 cell-2-2 cap-2 cap-1
0
7
0 24 1 0
0 32 1 0
0 72 1 2
0 73 0 1
0 157 0 1
0 280 2 0
0 281 2 1
1
end_operator
begin_operator
link-1-0 n-2-2 n-2-3 cell-1-2 cap-2 cap-1 cell-2-2 cap-3 cap-2
0
7
0 24 1 0
0 32 2 1
0 72 1 2
0 73 0 1
0 157 0 1
0 280 2 0
0 281 2 1
1
end_operator
begin_operator
link-1-0 n-2-2 n-2-3 cell-1-2 cap-2 cap-1 cell-2-2 cap-4 cap-3
0
7
0 24 1 0
0 32 3 2
0 72 1 2
0 73 0 1
0 157 0 1
0 280 2 0
0 281 2 1
1
end_operator
begin_operator
link-1-0 n-2-2 n-2-3 cell-1-2 cap-3 cap-2 cell-2-2 cap-1 cap-0
0
7
0 24 2 1
0 32 0 4
0 72 1 2
0 73 0 1
0 157 0 1
0 280 2 0
0 281 2 1
1
end_operator
begin_operator
link-1-0 n-2-2 n-2-3 cell-1-2 cap-3 cap-2 cell-2-2 cap-2 cap-1
0
7
0 24 2 1
0 32 1 0
0 72 1 2
0 73 0 1
0 157 0 1
0 280 2 0
0 281 2 1
1
end_operator
begin_operator
link-1-0 n-2-2 n-2-3 cell-1-2 cap-3 cap-2 cell-2-2 cap-3 cap-2
0
7
0 24 2 1
0 32 2 1
0 72 1 2
0 73 0 1
0 157 0 1
0 280 2 0
0 281 2 1
1
end_operator
begin_operator
link-1-0 n-2-2 n-2-3 cell-1-2 cap-3 cap-2 cell-2-2 cap-4 cap-3
0
7
0 24 2 1
0 32 3 2
0 72 1 2
0 73 0 1
0 157 0 1
0 280 2 0
0 281 2 1
1
end_operator
begin_operator
link-1-0 n-2-2 n-2-3 cell-1-2 cap-4 cap-3 cell-2-2 cap-1 cap-0
0
7
0 24 3 2
0 32 0 4
0 72 1 2
0 73 0 1
0 157 0 1
0 280 2 0
0 281 2 1
1
end_operator
begin_operator
link-1-0 n-2-2 n-2-3 cell-1-2 cap-4 cap-3 cell-2-2 cap-2 cap-1
0
7
0 24 3 2
0 32 1 0
0 72 1 2
0 73 0 1
0 157 0 1
0 280 2 0
0 281 2 1
1
end_operator
begin_operator
link-1-0 n-2-2 n-2-3 cell-1-2 cap-4 cap-3 cell-2-2 cap-3 cap-2
0
7
0 24 3 2
0 32 2 1
0 72 1 2
0 73 0 1
0 157 0 1
0 280 2 0
0 281 2 1
1
end_operator
begin_operator
link-1-0 n-2-2 n-2-3 cell-1-2 cap-4 cap-3 cell-2-2 cap-4 cap-3
0
7
0 24 3 2
0 32 3 2
0 72 1 2
0 73 0 1
0 157 0 1
0 280 2 0
0 281 2 1
1
end_operator
begin_operator
link-1-0 n-2-2 n-3-2 cell-2-1 cap-1 cap-0 cell-2-2 cap-1 cap-0
0
7
0 32 0 4
0 43 1 0
0 72 1 2
0 77 0 1
0 158 0 1
0 280 2 0
0 285 2 1
1
end_operator
begin_operator
link-1-0 n-2-2 n-3-2 cell-2-1 cap-1 cap-0 cell-2-2 cap-2 cap-1
0
7
0 32 1 0
0 43 1 0
0 72 1 2
0 77 0 1
0 158 0 1
0 280 2 0
0 285 2 1
1
end_operator
begin_operator
link-1-0 n-2-2 n-3-2 cell-2-1 cap-1 cap-0 cell-2-2 cap-3 cap-2
0
7
0 32 2 1
0 43 1 0
0 72 1 2
0 77 0 1
0 158 0 1
0 280 2 0
0 285 2 1
1
end_operator
begin_operator
link-1-0 n-2-2 n-3-2 cell-2-1 cap-1 cap-0 cell-2-2 cap-4 cap-3
0
7
0 32 3 2
0 43 1 0
0 72 1 2
0 77 0 1
0 158 0 1
0 280 2 0
0 285 2 1
1
end_operator
begin_operator
link-1-0 n-2-2 n-3-2 cell-2-1 cap-2 cap-1 cell-2-2 cap-1 cap-0
0
7
0 32 0 4
0 43 2 1
0 72 1 2
0 77 0 1
0 158 0 1
0 280 2 0
0 285 2 1
1
end_operator
begin_operator
link-1-0 n-2-2 n-3-2 cell-2-1 cap-2 cap-1 cell-2-2 cap-2 cap-1
0
7
0 32 1 0
0 43 2 1
0 72 1 2
0 77 0 1
0 158 0 1
0 280 2 0
0 285 2 1
1
end_operator
begin_operator
link-1-0 n-2-2 n-3-2 cell-2-1 cap-2 cap-1 cell-2-2 cap-3 cap-2
0
7
0 32 2 1
0 43 2 1
0 72 1 2
0 77 0 1
0 158 0 1
0 280 2 0
0 285 2 1
1
end_operator
begin_operator
link-1-0 n-2-2 n-3-2 cell-2-1 cap-2 cap-1 cell-2-2 cap-4 cap-3
0
7
0 32 3 2
0 43 2 1
0 72 1 2
0 77 0 1
0 158 0 1
0 280 2 0
0 285 2 1
1
end_operator
begin_operator
link-1-0 n-2-3 n-2-4 cell-1-3 cap-1 cap-0 cell-2-3 cap-1 cap-0
0
7
0 33 0 4
0 41 1 0
0 73 1 2
0 74 0 1
0 159 0 1
0 281 2 0
0 282 2 1
1
end_operator
begin_operator
link-1-0 n-2-3 n-2-4 cell-1-3 cap-1 cap-0 cell-2-3 cap-2 cap-1
0
7
0 33 1 0
0 41 1 0
0 73 1 2
0 74 0 1
0 159 0 1
0 281 2 0
0 282 2 1
1
end_operator
begin_operator
link-1-0 n-2-3 n-2-4 cell-1-3 cap-1 cap-0 cell-2-3 cap-3 cap-2
0
7
0 33 2 1
0 41 1 0
0 73 1 2
0 74 0 1
0 159 0 1
0 281 2 0
0 282 2 1
1
end_operator
begin_operator
link-1-0 n-2-3 n-2-4 cell-1-3 cap-1 cap-0 cell-2-3 cap-4 cap-3
0
7
0 33 3 2
0 41 1 0
0 73 1 2
0 74 0 1
0 159 0 1
0 281 2 0
0 282 2 1
1
end_operator
begin_operator
link-1-0 n-2-3 n-2-4 cell-1-3 cap-2 cap-1 cell-2-3 cap-1 cap-0
0
7
0 33 0 4
0 41 2 1
0 73 1 2
0 74 0 1
0 159 0 1
0 281 2 0
0 282 2 1
1
end_operator
begin_operator
link-1-0 n-2-3 n-2-4 cell-1-3 cap-2 cap-1 cell-2-3 cap-2 cap-1
0
7
0 33 1 0
0 41 2 1
0 73 1 2
0 74 0 1
0 159 0 1
0 281 2 0
0 282 2 1
1
end_operator
begin_operator
link-1-0 n-2-3 n-2-4 cell-1-3 cap-2 cap-1 cell-2-3 cap-3 cap-2
0
7
0 33 2 1
0 41 2 1
0 73 1 2
0 74 0 1
0 159 0 1
0 281 2 0
0 282 2 1
1
end_operator
begin_operator
link-1-0 n-2-3 n-2-4 cell-1-3 cap-2 cap-1 cell-2-3 cap-4 cap-3
0
7
0 33 3 2
0 41 2 1
0 73 1 2
0 74 0 1
0 159 0 1
0 281 2 0
0 282 2 1
1
end_operator
begin_operator
link-1-0 n-2-3 n-3-3 cell-2-2 cap-1 cap-0 cell-2-3 cap-1 cap-0
0
7
0 32 0 4
0 33 0 4
0 73 1 2
0 78 0 1
0 160 0 1
0 281 2 0
0 286 2 1
1
end_operator
begin_operator
link-1-0 n-2-3 n-3-3 cell-2-2 cap-1 cap-0 cell-2-3 cap-2 cap-1
0
7
0 32 0 4
0 33 1 0
0 73 1 2
0 78 0 1
0 160 0 1
0 281 2 0
0 286 2 1
1
end_operator
begin_operator
link-1-0 n-2-3 n-3-3 cell-2-2 cap-1 cap-0 cell-2-3 cap-3 cap-2
0
7
0 32 0 4
0 33 2 1
0 73 1 2
0 78 0 1
0 160 0 1
0 281 2 0
0 286 2 1
1
end_operator
begin_operator
link-1-0 n-2-3 n-3-3 cell-2-2 cap-1 cap-0 cell-2-3 cap-4 cap-3
0
7
0 32 0 4
0 33 3 2
0 73 1 2
0 78 0 1
0 160 0 1
0 281 2 0
0 286 2 1
1
end_operator
begin_operator
link-1-0 n-2-3 n-3-3 cell-2-2 cap-2 cap-1 cell-2-3 cap-1 cap-0
0
7
0 32 1 0
0 33 0 4
0 73 1 2
0 78 0 1
0 160 0 1
0 281 2 0
0 286 2 1
1
end_operator
begin_operator
link-1-0 n-2-3 n-3-3 cell-2-2 cap-2 cap-1 cell-2-3 cap-2 cap-1
0
7
0 32 1 0
0 33 1 0
0 73 1 2
0 78 0 1
0 160 0 1
0 281 2 0
0 286 2 1
1
end_operator
begin_operator
link-1-0 n-2-3 n-3-3 cell-2-2 cap-2 cap-1 cell-2-3 cap-3 cap-2
0
7
0 32 1 0
0 33 2 1
0 73 1 2
0 78 0 1
0 160 0 1
0 281 2 0
0 286 2 1
1
end_operator
begin_operator
link-1-0 n-2-3 n-3-3 cell-2-2 cap-2 cap-1 cell-2-3 cap-4 cap-3
0
7
0 32 1 0
0 33 3 2
0 73 1 2
0 78 0 1
0 160 0 1
0 281 2 0
0 286 2 1
1
end_operator
begin_operator
link-1-0 n-2-3 n-3-3 cell-2-2 cap-3 cap-2 cell-2-3 cap-1 cap-0
0
7
0 32 2 1
0 33 0 4
0 73 1 2
0 78 0 1
0 160 0 1
0 281 2 0
0 286 2 1
1
end_operator
begin_operator
link-1-0 n-2-3 n-3-3 cell-2-2 cap-3 cap-2 cell-2-3 cap-2 cap-1
0
7
0 32 2 1
0 33 1 0
0 73 1 2
0 78 0 1
0 160 0 1
0 281 2 0
0 286 2 1
1
end_operator
begin_operator
link-1-0 n-2-3 n-3-3 cell-2-2 cap-3 cap-2 cell-2-3 cap-3 cap-2
0
7
0 32 2 1
0 33 2 1
0 73 1 2
0 78 0 1
0 160 0 1
0 281 2 0
0 286 2 1
1
end_operator
begin_operator
link-1-0 n-2-3 n-3-3 cell-2-2 cap-3 cap-2 cell-2-3 cap-4 cap-3
0
7
0 32 2 1
0 33 3 2
0 73 1 2
0 78 0 1
0 160 0 1
0 281 2 0
0 286 2 1
1
end_operator
begin_operator
link-1-0 n-2-3 n-3-3 cell-2-2 cap-4 cap-3 cell-2-3 cap-1 cap-0
0
7
0 32 3 2
0 33 0 4
0 73 1 2
0 78 0 1
0 160 0 1
0 281 2 0
0 286 2 1
1
end_operator
begin_operator
link-1-0 n-2-3 n-3-3 cell-2-2 cap-4 cap-3 cell-2-3 cap-2 cap-1
0
7
0 32 3 2
0 33 1 0
0 73 1 2
0 78 0 1
0 160 0 1
0 281 2 0
0 286 2 1
1
end_operator
begin_operator
link-1-0 n-2-3 n-3-3 cell-2-2 cap-4 cap-3 cell-2-3 cap-3 cap-2
0
7
0 32 3 2
0 33 2 1
0 73 1 2
0 78 0 1
0 160 0 1
0 281 2 0
0 286 2 1
1
end_operator
begin_operator
link-1-0 n-2-3 n-3-3 cell-2-2 cap-4 cap-3 cell-2-3 cap-4 cap-3
0
7
0 32 3 2
0 33 3 2
0 73 1 2
0 78 0 1
0 160 0 1
0 281 2 0
0 286 2 1
1
end_operator
begin_operator
link-1-0 n-2-4 n-3-4 cell-2-3 cap-1 cap-0 cell-outside-2-right cap-1 cap-0
0
7
0 33 0 4
0 74 1 2
0 79 0 1
0 161 0 1
0 234 0 1
0 282 2 0
0 287 2 1
1
end_operator
begin_operator
link-1-0 n-2-4 n-3-4 cell-2-3 cap-2 cap-1 cell-outside-2-right cap-1 cap-0
0
7
0 33 1 0
0 74 1 2
0 79 0 1
0 161 0 1
0 234 0 1
0 282 2 0
0 287 2 1
1
end_operator
begin_operator
link-1-0 n-2-4 n-3-4 cell-2-3 cap-3 cap-2 cell-outside-2-right cap-1 cap-0
0
7
0 33 2 1
0 74 1 2
0 79 0 1
0 161 0 1
0 234 0 1
0 282 2 0
0 287 2 1
1
end_operator
begin_operator
link-1-0 n-2-4 n-3-4 cell-2-3 cap-4 cap-3 cell-outside-2-right cap-1 cap-0
0
7
0 33 3 2
0 74 1 2
0 79 0 1
0 161 0 1
0 234 0 1
0 282 2 0
0 287 2 1
1
end_operator
begin_operator
link-1-0 n-3-0 n-3-1 cell-2-0 cap-1 cap-0 cell-3-0 cap-1 cap-0
0
7
0 31 0 4
0 34 0 4
0 75 1 2
0 76 0 1
0 162 0 1
0 283 2 0
0 284 2 1
1
end_operator
begin_operator
link-1-0 n-3-0 n-3-1 cell-2-0 cap-1 cap-0 cell-3-0 cap-2 cap-1
0
7
0 31 0 4
0 34 1 0
0 75 1 2
0 76 0 1
0 162 0 1
0 283 2 0
0 284 2 1
1
end_operator
begin_operator
link-1-0 n-3-0 n-3-1 cell-2-0 cap-1 cap-0 cell-3-0 cap-3 cap-2
0
7
0 31 0 4
0 34 2 1
0 75 1 2
0 76 0 1
0 162 0 1
0 283 2 0
0 284 2 1
1
end_operator
begin_operator
link-1-0 n-3-0 n-3-1 cell-2-0 cap-1 cap-0 cell-3-0 cap-4 cap-3
0
7
0 31 0 4
0 34 3 2
0 75 1 2
0 76 0 1
0 162 0 1
0 283 2 0
0 284 2 1
1
end_operator
begin_operator
link-1-0 n-3-0 n-3-1 cell-2-0 cap-2 cap-1 cell-3-0 cap-1 cap-0
0
7
0 31 1 0
0 34 0 4
0 75 1 2
0 76 0 1
0 162 0 1
0 283 2 0
0 284 2 1
1
end_operator
begin_operator
link-1-0 n-3-0 n-3-1 cell-2-0 cap-2 cap-1 cell-3-0 cap-2 cap-1
0
7
0 31 1 0
0 34 1 0
0 75 1 2
0 76 0 1
0 162 0 1
0 283 2 0
0 284 2 1
1
end_operator
begin_operator
link-1-0 n-3-0 n-3-1 cell-2-0 cap-2 cap-1 cell-3-0 cap-3 cap-2
0
7
0 31 1 0
0 34 2 1
0 75 1 2
0 76 0 1
0 162 0 1
0 283 2 0
0 284 2 1
1
end_operator
begin_operator
link-1-0 n-3-0 n-3-1 cell-2-0 cap-2 cap-1 cell-3-0 cap-4 cap-3
0
7
0 31 1 0
0 34 3 2
0 75 1 2
0 76 0 1
0 162 0 1
0 283 2 0
0 284 2 1
1
end_operator
begin_operator
link-1-0 n-3-0 n-3-1 cell-2-0 cap-3 cap-2 cell-3-0 cap-1 cap-0
0
7
0 31 2 1
0 34 0 4
0 75 1 2
0 76 0 1
0 162 0 1
0 283 2 0
0 284 2 1
1
end_operator
begin_operator
link-1-0 n-3-0 n-3-1 cell-2-0 cap-3 cap-2 cell-3-0 cap-2 cap-1
0
7
0 31 2 1
0 34 1 0
0 75 1 2
0 76 0 1
0 162 0 1
0 283 2 0
0 284 2 1
1
end_operator
begin_operator
link-1-0 n-3-0 n-3-1 cell-2-0 cap-3 cap-2 cell-3-0 cap-3 cap-2
0
7
0 31 2 1
0 34 2 1
0 75 1 2
0 76 0 1
0 162 0 1
0 283 2 0
0 284 2 1
1
end_operator
begin_operator
link-1-0 n-3-0 n-3-1 cell-2-0 cap-3 cap-2 cell-3-0 cap-4 cap-3
0
7
0 31 2 1
0 34 3 2
0 75 1 2
0 76 0 1
0 162 0 1
0 283 2 0
0 284 2 1
1
end_operator
begin_operator
link-1-0 n-3-0 n-3-1 cell-2-0 cap-4 cap-3 cell-3-0 cap-1 cap-0
0
7
0 31 3 2
0 34 0 4
0 75 1 2
0 76 0 1
0 162 0 1
0 283 2 0
0 284 2 1
1
end_operator
begin_operator
link-1-0 n-3-0 n-3-1 cell-2-0 cap-4 cap-3 cell-3-0 cap-2 cap-1
0
7
0 31 3 2
0 34 1 0
0 75 1 2
0 76 0 1
0 162 0 1
0 283 2 0
0 284 2 1
1
end_operator
begin_operator
link-1-0 n-3-0 n-3-1 cell-2-0 cap-4 cap-3 cell-3-0 cap-3 cap-2
0
7
0 31 3 2
0 34 2 1
0 75 1 2
0 76 0 1
0 162 0 1
0 283 2 0
0 284 2 1
1
end_operator
begin_operator
link-1-0 n-3-0 n-3-1 cell-2-0 cap-4 cap-3 cell-3-0 cap-4 cap-3
0
7
0 31 3 2
0 34 3 2
0 75 1 2
0 76 0 1
0 162 0 1
0 283 2 0
0 284 2 1
1
end_operator
begin_operator
link-1-0 n-3-0 n-4-0 cell-outside-3-left cap-1 cap-0 cell-3-0 cap-1 cap-0
0
7
0 34 0 4
0 75 1 2
0 80 0 1
0 163 0 1
0 238 0 1
0 283 2 0
0 288 2 1
1
end_operator
begin_operator
link-1-0 n-3-0 n-4-0 cell-outside-3-left cap-1 cap-0 cell-3-0 cap-2 cap-1
0
7
0 34 1 0
0 75 1 2
0 80 0 1
0 163 0 1
0 238 0 1
0 283 2 0
0 288 2 1
1
end_operator
begin_operator
link-1-0 n-3-0 n-4-0 cell-outside-3-left cap-1 cap-0 cell-3-0 cap-3 cap-2
0
7
0 34 2 1
0 75 1 2
0 80 0 1
0 163 0 1
0 238 0 1
0 283 2 0
0 288 2 1
1
end_operator
begin_operator
link-1-0 n-3-0 n-4-0 cell-outside-3-left cap-1 cap-0 cell-3-0 cap-4 cap-3
0
7
0 34 3 2
0 75 1 2
0 80 0 1
0 163 0 1
0 238 0 1
0 283 2 0
0 288 2 1
1
end_operator
begin_operator
link-1-0 n-3-2 n-3-3 cell-2-2 cap-1 cap-0 cell-3-2 cap-1 cap-0
0
7
0 32 0 4
0 35 0 4
0 77 1 2
0 78 0 1
0 164 0 1
0 285 2 0
0 286 2 1
1
end_operator
begin_operator
link-1-0 n-3-2 n-3-3 cell-2-2 cap-1 cap-0 cell-3-2 cap-2 cap-1
0
7
0 32 0 4
0 35 1 0
0 77 1 2
0 78 0 1
0 164 0 1
0 285 2 0
0 286 2 1
1
end_operator
begin_operator
link-1-0 n-3-2 n-3-3 cell-2-2 cap-1 cap-0 cell-3-2 cap-3 cap-2
0
7
0 32 0 4
0 35 2 1
0 77 1 2
0 78 0 1
0 164 0 1
0 285 2 0
0 286 2 1
1
end_operator
begin_operator
link-1-0 n-3-2 n-3-3 cell-2-2 cap-1 cap-0 cell-3-2 cap-4 cap-3
0
7
0 32 0 4
0 35 3 2
0 77 1 2
0 78 0 1
0 164 0 1
0 285 2 0
0 286 2 1
1
end_operator
begin_operator
link-1-0 n-3-2 n-3-3 cell-2-2 cap-2 cap-1 cell-3-2 cap-1 cap-0
0
7
0 32 1 0
0 35 0 4
0 77 1 2
0 78 0 1
0 164 0 1
0 285 2 0
0 286 2 1
1
end_operator
begin_operator
link-1-0 n-3-2 n-3-3 cell-2-2 cap-2 cap-1 cell-3-2 cap-2 cap-1
0
7
0 32 1 0
0 35 1 0
0 77 1 2
0 78 0 1
0 164 0 1
0 285 2 0
0 286 2 1
1
end_operator
begin_operator
link-1-0 n-3-2 n-3-3 cell-2-2 cap-2 cap-1 cell-3-2 cap-3 cap-2
0
7
0 32 1 0
0 35 2 1
0 77 1 2
0 78 0 1
0 164 0 1
0 285 2 0
0 286 2 1
1
end_operator
begin_operator
link-1-0 n-3-2 n-3-3 cell-2-2 cap-2 cap-1 cell-3-2 cap-4 cap-3
0
7
0 32 1 0
0 35 3 2
0 77 1 2
0 78 0 1
0 164 0 1
0 285 2 0
0 286 2 1
1
end_operator
begin_operator
link-1-0 n-3-2 n-3-3 cell-2-2 cap-3 cap-2 cell-3-2 cap-1 cap-0
0
7
0 32 2 1
0 35 0 4
0 77 1 2
0 78 0 1
0 164 0 1
0 285 2 0
0 286 2 1
1
end_operator
begin_operator
link-1-0 n-3-2 n-3-3 cell-2-2 cap-3 cap-2 cell-3-2 cap-2 cap-1
0
7
0 32 2 1
0 35 1 0
0 77 1 2
0 78 0 1
0 164 0 1
0 285 2 0
0 286 2 1
1
end_operator
begin_operator
link-1-0 n-3-2 n-3-3 cell-2-2 cap-3 cap-2 cell-3-2 cap-3 cap-2
0
7
0 32 2 1
0 35 2 1
0 77 1 2
0 78 0 1
0 164 0 1
0 285 2 0
0 286 2 1
1
end_operator
begin_operator
link-1-0 n-3-2 n-3-3 cell-2-2 cap-3 cap-2 cell-3-2 cap-4 cap-3
0
7
0 32 2 1
0 35 3 2
0 77 1 2
0 78 0 1
0 164 0 1
0 285 2 0
0 286 2 1
1
end_operator
begin_operator
link-1-0 n-3-3 n-3-4 cell-2-3 cap-1 cap-0 cell-3-3 cap-1 cap-0
0
7
0 33 0 4
0 44 1 0
0 78 1 2
0 79 0 1
0 165 0 1
0 286 2 0
0 287 2 1
1
end_operator
begin_operator
link-1-0 n-3-3 n-3-4 cell-2-3 cap-1 cap-0 cell-3-3 cap-2 cap-1
0
7
0 33 0 4
0 44 2 1
0 78 1 2
0 79 0 1
0 165 0 1
0 286 2 0
0 287 2 1
1
end_operator
begin_operator
link-1-0 n-3-3 n-3-4 cell-2-3 cap-2 cap-1 cell-3-3 cap-1 cap-0
0
7
0 33 1 0
0 44 1 0
0 78 1 2
0 79 0 1
0 165 0 1
0 286 2 0
0 287 2 1
1
end_operator
begin_operator
link-1-0 n-3-3 n-3-4 cell-2-3 cap-2 cap-1 cell-3-3 cap-2 cap-1
0
7
0 33 1 0
0 44 2 1
0 78 1 2
0 79 0 1
0 165 0 1
0 286 2 0
0 287 2 1
1
end_operator
begin_operator
link-1-0 n-3-3 n-3-4 cell-2-3 cap-3 cap-2 cell-3-3 cap-1 cap-0
0
7
0 33 2 1
0 44 1 0
0 78 1 2
0 79 0 1
0 165 0 1
0 286 2 0
0 287 2 1
1
end_operator
begin_operator
link-1-0 n-3-3 n-3-4 cell-2-3 cap-3 cap-2 cell-3-3 cap-2 cap-1
0
7
0 33 2 1
0 44 2 1
0 78 1 2
0 79 0 1
0 165 0 1
0 286 2 0
0 287 2 1
1
end_operator
begin_operator
link-1-0 n-3-3 n-3-4 cell-2-3 cap-4 cap-3 cell-3-3 cap-1 cap-0
0
7
0 33 3 2
0 44 1 0
0 78 1 2
0 79 0 1
0 165 0 1
0 286 2 0
0 287 2 1
1
end_operator
begin_operator
link-1-0 n-3-3 n-3-4 cell-2-3 cap-4 cap-3 cell-3-3 cap-2 cap-1
0
7
0 33 3 2
0 44 2 1
0 78 1 2
0 79 0 1
0 165 0 1
0 286 2 0
0 287 2 1
1
end_operator
begin_operator
link-1-0 n-3-3 n-4-3 cell-3-2 cap-1 cap-0 cell-3-3 cap-1 cap-0
0
7
0 35 0 4
0 44 1 0
0 78 1 2
0 83 0 1
0 166 0 1
0 286 2 0
0 291 2 1
1
end_operator
begin_operator
link-1-0 n-3-3 n-4-3 cell-3-2 cap-1 cap-0 cell-3-3 cap-2 cap-1
0
7
0 35 0 4
0 44 2 1
0 78 1 2
0 83 0 1
0 166 0 1
0 286 2 0
0 291 2 1
1
end_operator
begin_operator
link-1-0 n-3-3 n-4-3 cell-3-2 cap-2 cap-1 cell-3-3 cap-1 cap-0
0
7
0 35 1 0
0 44 1 0
0 78 1 2
0 83 0 1
0 166 0 1
0 286 2 0
0 291 2 1
1
end_operator
begin_operator
link-1-0 n-3-3 n-4-3 cell-3-2 cap-2 cap-1 cell-3-3 cap-2 cap-1
0
7
0 35 1 0
0 44 2 1
0 78 1 2
0 83 0 1
0 166 0 1
0 286 2 0
0 291 2 1
1
end_operator
begin_operator
link-1-0 n-3-3 n-4-3 cell-3-2 cap-3 cap-2 cell-3-3 cap-1 cap-0
0
7
0 35 2 1
0 44 1 0
0 78 1 2
0 83 0 1
0 166 0 1
0 286 2 0
0 291 2 1
1
end_operator
begin_operator
link-1-0 n-3-3 n-4-3 cell-3-2 cap-3 cap-2 cell-3-3 cap-2 cap-1
0
7
0 35 2 1
0 44 2 1
0 78 1 2
0 83 0 1
0 166 0 1
0 286 2 0
0 291 2 1
1
end_operator
begin_operator
link-1-0 n-3-3 n-4-3 cell-3-2 cap-4 cap-3 cell-3-3 cap-1 cap-0
0
7
0 35 3 2
0 44 1 0
0 78 1 2
0 83 0 1
0 166 0 1
0 286 2 0
0 291 2 1
1
end_operator
begin_operator
link-1-0 n-3-3 n-4-3 cell-3-2 cap-4 cap-3 cell-3-3 cap-2 cap-1
0
7
0 35 3 2
0 44 2 1
0 78 1 2
0 83 0 1
0 166 0 1
0 286 2 0
0 291 2 1
1
end_operator
begin_operator
link-1-0 n-3-4 n-4-4 cell-3-3 cap-1 cap-0 cell-outside-3-right cap-1 cap-0
0
7
0 44 1 0
0 79 1 2
0 84 0 1
0 167 0 1
0 239 0 1
0 287 2 0
0 292 2 1
1
end_operator
begin_operator
link-1-0 n-3-4 n-4-4 cell-3-3 cap-2 cap-1 cell-outside-3-right cap-1 cap-0
0
7
0 44 2 1
0 79 1 2
0 84 0 1
0 167 0 1
0 239 0 1
0 287 2 0
0 292 2 1
1
end_operator
begin_operator
link-1-0 n-4-0 n-4-1 cell-3-0 cap-1 cap-0 cell-4-0 cap-2 cap-1
0
7
0 34 0 4
0 36 2 1
0 80 1 2
0 81 0 1
0 168 0 1
0 288 2 0
0 289 2 1
1
end_operator
begin_operator
link-1-0 n-4-0 n-4-1 cell-3-0 cap-2 cap-1 cell-4-0 cap-2 cap-1
0
7
0 34 1 0
0 36 2 1
0 80 1 2
0 81 0 1
0 168 0 1
0 288 2 0
0 289 2 1
1
end_operator
begin_operator
link-1-0 n-4-0 n-4-1 cell-3-0 cap-3 cap-2 cell-4-0 cap-2 cap-1
0
7
0 34 2 1
0 36 2 1
0 80 1 2
0 81 0 1
0 168 0 1
0 288 2 0
0 289 2 1
1
end_operator
begin_operator
link-1-0 n-4-0 n-4-1 cell-3-0 cap-4 cap-3 cell-4-0 cap-2 cap-1
0
7
0 34 3 2
0 36 2 1
0 80 1 2
0 81 0 1
0 168 0 1
0 288 2 0
0 289 2 1
1
end_operator
begin_operator
link-1-0 n-4-0 n-5-0 cell-outside-4-left cap-1 cap-0 cell-4-0 cap-1 cap-0
0
7
0 36 1 0
0 80 1 2
0 85 0 1
0 169 0 1
0 241 0 1
0 288 2 0
0 293 2 1
1
end_operator
begin_operator
link-1-0 n-4-0 n-5-0 cell-outside-4-left cap-1 cap-0 cell-4-0 cap-2 cap-1
0
7
0 36 2 1
0 80 1 2
0 85 0 1
0 169 0 1
0 241 0 1
0 288 2 0
0 293 2 1
1
end_operator
begin_operator
link-1-0 n-4-1 n-5-1 cell-4-0 cap-1 cap-0 cell-4-1 cap-1 cap-0
0
7
0 0 0 4
0 36 1 0
0 81 1 2
0 86 0 1
0 170 0 1
0 289 2 0
0 294 2 1
1
end_operator
begin_operator
link-1-0 n-4-1 n-5-1 cell-4-0 cap-1 cap-0 cell-4-1 cap-2 cap-1
0
7
0 0 1 0
0 36 1 0
0 81 1 2
0 86 0 1
0 170 0 1
0 289 2 0
0 294 2 1
1
end_operator
begin_operator
link-1-0 n-4-1 n-5-1 cell-4-0 cap-1 cap-0 cell-4-1 cap-3 cap-2
0
7
0 0 2 1
0 36 1 0
0 81 1 2
0 86 0 1
0 170 0 1
0 289 2 0
0 294 2 1
1
end_operator
begin_operator
link-1-0 n-4-1 n-5-1 cell-4-0 cap-1 cap-0 cell-4-1 cap-4 cap-3
0
7
0 0 3 2
0 36 1 0
0 81 1 2
0 86 0 1
0 170 0 1
0 289 2 0
0 294 2 1
1
end_operator
begin_operator
link-1-0 n-4-2 n-4-3 cell-3-2 cap-1 cap-0 cell-4-2 cap-1 cap-0
0
7
0 1 0 4
0 35 0 4
0 82 1 2
0 83 0 1
0 171 0 1
0 290 2 0
0 291 2 1
1
end_operator
begin_operator
link-1-0 n-4-2 n-4-3 cell-3-2 cap-1 cap-0 cell-4-2 cap-2 cap-1
0
7
0 1 1 0
0 35 0 4
0 82 1 2
0 83 0 1
0 171 0 1
0 290 2 0
0 291 2 1
1
end_operator
begin_operator
link-1-0 n-4-2 n-4-3 cell-3-2 cap-1 cap-0 cell-4-2 cap-3 cap-2
0
7
0 1 2 1
0 35 0 4
0 82 1 2
0 83 0 1
0 171 0 1
0 290 2 0
0 291 2 1
1
end_operator
begin_operator
link-1-0 n-4-2 n-4-3 cell-3-2 cap-2 cap-1 cell-4-2 cap-1 cap-0
0
7
0 1 0 4
0 35 1 0
0 82 1 2
0 83 0 1
0 171 0 1
0 290 2 0
0 291 2 1
1
end_operator
begin_operator
link-1-0 n-4-2 n-4-3 cell-3-2 cap-2 cap-1 cell-4-2 cap-2 cap-1
0
7
0 1 1 0
0 35 1 0
0 82 1 2
0 83 0 1
0 171 0 1
0 290 2 0
0 291 2 1
1
end_operator
begin_operator
link-1-0 n-4-2 n-4-3 cell-3-2 cap-2 cap-1 cell-4-2 cap-3 cap-2
0
7
0 1 2 1
0 35 1 0
0 82 1 2
0 83 0 1
0 171 0 1
0 290 2 0
0 291 2 1
1
end_operator
begin_operator
link-1-0 n-4-2 n-4-3 cell-3-2 cap-3 cap-2 cell-4-2 cap-1 cap-0
0
7
0 1 0 4
0 35 2 1
0 82 1 2
0 83 0 1
0 171 0 1
0 290 2 0
0 291 2 1
1
end_operator
begin_operator
link-1-0 n-4-2 n-4-3 cell-3-2 cap-3 cap-2 cell-4-2 cap-2 cap-1
0
7
0 1 1 0
0 35 2 1
0 82 1 2
0 83 0 1
0 171 0 1
0 290 2 0
0 291 2 1
1
end_operator
begin_operator
link-1-0 n-4-2 n-4-3 cell-3-2 cap-3 cap-2 cell-4-2 cap-3 cap-2
0
7
0 1 2 1
0 35 2 1
0 82 1 2
0 83 0 1
0 171 0 1
0 290 2 0
0 291 2 1
1
end_operator
begin_operator
link-1-0 n-4-2 n-4-3 cell-3-2 cap-4 cap-3 cell-4-2 cap-1 cap-0
0
7
0 1 0 4
0 35 3 2
0 82 1 2
0 83 0 1
0 171 0 1
0 290 2 0
0 291 2 1
1
end_operator
begin_operator
link-1-0 n-4-2 n-4-3 cell-3-2 cap-4 cap-3 cell-4-2 cap-2 cap-1
0
7
0 1 1 0
0 35 3 2
0 82 1 2
0 83 0 1
0 171 0 1
0 290 2 0
0 291 2 1
1
end_operator
begin_operator
link-1-0 n-4-2 n-4-3 cell-3-2 cap-4 cap-3 cell-4-2 cap-3 cap-2
0
7
0 1 2 1
0 35 3 2
0 82 1 2
0 83 0 1
0 171 0 1
0 290 2 0
0 291 2 1
1
end_operator
begin_operator
link-1-0 n-4-2 n-5-2 cell-4-1 cap-1 cap-0 cell-4-2 cap-1 cap-0
0
7
0 0 0 4
0 1 0 4
0 82 1 2
0 87 0 1
0 172 0 1
0 290 2 0
0 295 2 1
1
end_operator
begin_operator
link-1-0 n-4-2 n-5-2 cell-4-1 cap-1 cap-0 cell-4-2 cap-2 cap-1
0
7
0 0 0 4
0 1 1 0
0 82 1 2
0 87 0 1
0 172 0 1
0 290 2 0
0 295 2 1
1
end_operator
begin_operator
link-1-0 n-4-2 n-5-2 cell-4-1 cap-1 cap-0 cell-4-2 cap-3 cap-2
0
7
0 0 0 4
0 1 2 1
0 82 1 2
0 87 0 1
0 172 0 1
0 290 2 0
0 295 2 1
1
end_operator
begin_operator
link-1-0 n-4-2 n-5-2 cell-4-1 cap-2 cap-1 cell-4-2 cap-1 cap-0
0
7
0 0 1 0
0 1 0 4
0 82 1 2
0 87 0 1
0 172 0 1
0 290 2 0
0 295 2 1
1
end_operator
begin_operator
link-1-0 n-4-2 n-5-2 cell-4-1 cap-2 cap-1 cell-4-2 cap-2 cap-1
0
7
0 0 1 0
0 1 1 0
0 82 1 2
0 87 0 1
0 172 0 1
0 290 2 0
0 295 2 1
1
end_operator
begin_operator
link-1-0 n-4-2 n-5-2 cell-4-1 cap-2 cap-1 cell-4-2 cap-3 cap-2
0
7
0 0 1 0
0 1 2 1
0 82 1 2
0 87 0 1
0 172 0 1
0 290 2 0
0 295 2 1
1
end_operator
begin_operator
link-1-0 n-4-2 n-5-2 cell-4-1 cap-3 cap-2 cell-4-2 cap-1 cap-0
0
7
0 0 2 1
0 1 0 4
0 82 1 2
0 87 0 1
0 172 0 1
0 290 2 0
0 295 2 1
1
end_operator
begin_operator
link-1-0 n-4-2 n-5-2 cell-4-1 cap-3 cap-2 cell-4-2 cap-2 cap-1
0
7
0 0 2 1
0 1 1 0
0 82 1 2
0 87 0 1
0 172 0 1
0 290 2 0
0 295 2 1
1
end_operator
begin_operator
link-1-0 n-4-2 n-5-2 cell-4-1 cap-3 cap-2 cell-4-2 cap-3 cap-2
0
7
0 0 2 1
0 1 2 1
0 82 1 2
0 87 0 1
0 172 0 1
0 290 2 0
0 295 2 1
1
end_operator
begin_operator
link-1-0 n-4-2 n-5-2 cell-4-1 cap-4 cap-3 cell-4-2 cap-1 cap-0
0
7
0 0 3 2
0 1 0 4
0 82 1 2
0 87 0 1
0 172 0 1
0 290 2 0
0 295 2 1
1
end_operator
begin_operator
link-1-0 n-4-2 n-5-2 cell-4-1 cap-4 cap-3 cell-4-2 cap-2 cap-1
0
7
0 0 3 2
0 1 1 0
0 82 1 2
0 87 0 1
0 172 0 1
0 290 2 0
0 295 2 1
1
end_operator
begin_operator
link-1-0 n-4-2 n-5-2 cell-4-1 cap-4 cap-3 cell-4-2 cap-3 cap-2
0
7
0 0 3 2
0 1 2 1
0 82 1 2
0 87 0 1
0 172 0 1
0 290 2 0
0 295 2 1
1
end_operator
begin_operator
link-1-0 n-4-3 n-4-4 cell-3-3 cap-1 cap-0 cell-4-3 cap-1 cap-0
0
7
0 2 0 4
0 44 1 0
0 83 1 2
0 84 0 1
0 173 0 1
0 291 2 0
0 292 2 1
1
end_operator
begin_operator
link-1-0 n-4-3 n-4-4 cell-3-3 cap-1 cap-0 cell-4-3 cap-2 cap-1
0
7
0 2 1 0
0 44 1 0
0 83 1 2
0 84 0 1
0 173 0 1
0 291 2 0
0 292 2 1
1
end_operator
begin_operator
link-1-0 n-4-3 n-4-4 cell-3-3 cap-1 cap-0 cell-4-3 cap-3 cap-2
0
7
0 2 2 1
0 44 1 0
0 83 1 2
0 84 0 1
0 173 0 1
0 291 2 0
0 292 2 1
1
end_operator
begin_operator
link-1-0 n-4-3 n-4-4 cell-3-3 cap-1 cap-0 cell-4-3 cap-4 cap-3
0
7
0 2 3 2
0 44 1 0
0 83 1 2
0 84 0 1
0 173 0 1
0 291 2 0
0 292 2 1
1
end_operator
begin_operator
link-1-0 n-4-3 n-4-4 cell-3-3 cap-2 cap-1 cell-4-3 cap-1 cap-0
0
7
0 2 0 4
0 44 2 1
0 83 1 2
0 84 0 1
0 173 0 1
0 291 2 0
0 292 2 1
1
end_operator
begin_operator
link-1-0 n-4-3 n-4-4 cell-3-3 cap-2 cap-1 cell-4-3 cap-2 cap-1
0
7
0 2 1 0
0 44 2 1
0 83 1 2
0 84 0 1
0 173 0 1
0 291 2 0
0 292 2 1
1
end_operator
begin_operator
link-1-0 n-4-3 n-4-4 cell-3-3 cap-2 cap-1 cell-4-3 cap-3 cap-2
0
7
0 2 2 1
0 44 2 1
0 83 1 2
0 84 0 1
0 173 0 1
0 291 2 0
0 292 2 1
1
end_operator
begin_operator
link-1-0 n-4-3 n-4-4 cell-3-3 cap-2 cap-1 cell-4-3 cap-4 cap-3
0
7
0 2 3 2
0 44 2 1
0 83 1 2
0 84 0 1
0 173 0 1
0 291 2 0
0 292 2 1
1
end_operator
begin_operator
link-1-0 n-4-3 n-5-3 cell-4-2 cap-1 cap-0 cell-4-3 cap-1 cap-0
0
7
0 1 0 4
0 2 0 4
0 83 1 2
0 88 0 1
0 174 0 1
0 291 2 0
0 296 2 1
1
end_operator
begin_operator
link-1-0 n-4-3 n-5-3 cell-4-2 cap-1 cap-0 cell-4-3 cap-2 cap-1
0
7
0 1 0 4
0 2 1 0
0 83 1 2
0 88 0 1
0 174 0 1
0 291 2 0
0 296 2 1
1
end_operator
begin_operator
link-1-0 n-4-3 n-5-3 cell-4-2 cap-1 cap-0 cell-4-3 cap-3 cap-2
0
7
0 1 0 4
0 2 2 1
0 83 1 2
0 88 0 1
0 174 0 1
0 291 2 0
0 296 2 1
1
end_operator
begin_operator
link-1-0 n-4-3 n-5-3 cell-4-2 cap-1 cap-0 cell-4-3 cap-4 cap-3
0
7
0 1 0 4
0 2 3 2
0 83 1 2
0 88 0 1
0 174 0 1
0 291 2 0
0 296 2 1
1
end_operator
begin_operator
link-1-0 n-4-3 n-5-3 cell-4-2 cap-2 cap-1 cell-4-3 cap-1 cap-0
0
7
0 1 1 0
0 2 0 4
0 83 1 2
0 88 0 1
0 174 0 1
0 291 2 0
0 296 2 1
1
end_operator
begin_operator
link-1-0 n-4-3 n-5-3 cell-4-2 cap-2 cap-1 cell-4-3 cap-2 cap-1
0
7
0 1 1 0
0 2 1 0
0 83 1 2
0 88 0 1
0 174 0 1
0 291 2 0
0 296 2 1
1
end_operator
begin_operator
link-1-0 n-4-3 n-5-3 cell-4-2 cap-2 cap-1 cell-4-3 cap-3 cap-2
0
7
0 1 1 0
0 2 2 1
0 83 1 2
0 88 0 1
0 174 0 1
0 291 2 0
0 296 2 1
1
end_operator
begin_operator
link-1-0 n-4-3 n-5-3 cell-4-2 cap-2 cap-1 cell-4-3 cap-4 cap-3
0
7
0 1 1 0
0 2 3 2
0 83 1 2
0 88 0 1
0 174 0 1
0 291 2 0
0 296 2 1
1
end_operator
begin_operator
link-1-0 n-4-3 n-5-3 cell-4-2 cap-3 cap-2 cell-4-3 cap-1 cap-0
0
7
0 1 2 1
0 2 0 4
0 83 1 2
0 88 0 1
0 174 0 1
0 291 2 0
0 296 2 1
1
end_operator
begin_operator
link-1-0 n-4-3 n-5-3 cell-4-2 cap-3 cap-2 cell-4-3 cap-2 cap-1
0
7
0 1 2 1
0 2 1 0
0 83 1 2
0 88 0 1
0 174 0 1
0 291 2 0
0 296 2 1
1
end_operator
begin_operator
link-1-0 n-4-3 n-5-3 cell-4-2 cap-3 cap-2 cell-4-3 cap-3 cap-2
0
7
0 1 2 1
0 2 2 1
0 83 1 2
0 88 0 1
0 174 0 1
0 291 2 0
0 296 2 1
1
end_operator
begin_operator
link-1-0 n-4-3 n-5-3 cell-4-2 cap-3 cap-2 cell-4-3 cap-4 cap-3
0
7
0 1 2 1
0 2 3 2
0 83 1 2
0 88 0 1
0 174 0 1
0 291 2 0
0 296 2 1
1
end_operator
begin_operator
link-1-0 n-4-3 n-5-3 cell-4-2 cap-4 cap-3 cell-4-3 cap-1 cap-0
0
7
0 1 3 2
0 2 0 4
0 83 1 2
0 88 0 1
0 174 0 1
0 291 2 0
0 296 2 1
1
end_operator
begin_operator
link-1-0 n-4-3 n-5-3 cell-4-2 cap-4 cap-3 cell-4-3 cap-2 cap-1
0
7
0 1 3 2
0 2 1 0
0 83 1 2
0 88 0 1
0 174 0 1
0 291 2 0
0 296 2 1
1
end_operator
begin_operator
link-1-0 n-4-3 n-5-3 cell-4-2 cap-4 cap-3 cell-4-3 cap-3 cap-2
0
7
0 1 3 2
0 2 2 1
0 83 1 2
0 88 0 1
0 174 0 1
0 291 2 0
0 296 2 1
1
end_operator
begin_operator
link-1-0 n-4-3 n-5-3 cell-4-2 cap-4 cap-3 cell-4-3 cap-4 cap-3
0
7
0 1 3 2
0 2 3 2
0 83 1 2
0 88 0 1
0 174 0 1
0 291 2 0
0 296 2 1
1
end_operator
begin_operator
link-1-0 n-4-4 n-5-4 cell-4-3 cap-1 cap-0 cell-outside-4-right cap-1 cap-0
0
7
0 2 0 4
0 84 1 2
0 89 0 1
0 175 0 1
0 242 0 1
0 292 2 0
0 297 2 1
1
end_operator
begin_operator
link-1-0 n-4-4 n-5-4 cell-4-3 cap-2 cap-1 cell-outside-4-right cap-1 cap-0
0
7
0 2 1 0
0 84 1 2
0 89 0 1
0 175 0 1
0 242 0 1
0 292 2 0
0 297 2 1
1
end_operator
begin_operator
link-1-0 n-4-4 n-5-4 cell-4-3 cap-3 cap-2 cell-outside-4-right cap-1 cap-0
0
7
0 2 2 1
0 84 1 2
0 89 0 1
0 175 0 1
0 242 0 1
0 292 2 0
0 297 2 1
1
end_operator
begin_operator
link-1-0 n-4-4 n-5-4 cell-4-3 cap-4 cap-3 cell-outside-4-right cap-1 cap-0
0
7
0 2 3 2
0 84 1 2
0 89 0 1
0 175 0 1
0 242 0 1
0 292 2 0
0 297 2 1
1
end_operator
begin_operator
link-1-0 n-5-0 n-5-1 cell-4-0 cap-1 cap-0 cell-5-0 cap-1 cap-0
0
7
0 36 1 0
0 37 1 0
0 85 1 2
0 86 0 1
0 176 0 1
0 293 2 0
0 294 2 1
1
end_operator
begin_operator
link-1-0 n-5-0 n-5-1 cell-4-0 cap-1 cap-0 cell-5-0 cap-2 cap-1
0
7
0 36 1 0
0 37 2 1
0 85 1 2
0 86 0 1
0 176 0 1
0 293 2 0
0 294 2 1
1
end_operator
begin_operator
link-1-0 n-5-0 n-5-1 cell-4-0 cap-2 cap-1 cell-5-0 cap-1 cap-0
0
7
0 36 2 1
0 37 1 0
0 85 1 2
0 86 0 1
0 176 0 1
0 293 2 0
0 294 2 1
1
end_operator
begin_operator
link-1-0 n-5-0 n-5-1 cell-4-0 cap-2 cap-1 cell-5-0 cap-2 cap-1
0
7
0 36 2 1
0 37 2 1
0 85 1 2
0 86 0 1
0 176 0 1
0 293 2 0
0 294 2 1
1
end_operator
begin_operator
link-1-0 n-5-0 n-6-0 cell-outside-5-left cap-1 cap-0 cell-5-0 cap-1 cap-0
0
7
0 37 1 0
0 85 1 2
0 90 0 1
0 177 0 1
0 243 0 1
0 293 2 0
0 298 2 1
1
end_operator
begin_operator
link-1-0 n-5-0 n-6-0 cell-outside-5-left cap-1 cap-0 cell-5-0 cap-2 cap-1
0
7
0 37 2 1
0 85 1 2
0 90 0 1
0 177 0 1
0 243 0 1
0 293 2 0
0 298 2 1
1
end_operator
begin_operator
link-1-0 n-5-1 n-5-2 cell-4-1 cap-1 cap-0 cell-5-1 cap-1 cap-0
0
7
0 0 0 4
0 3 0 4
0 86 1 2
0 87 0 1
0 178 0 1
0 294 2 0
0 295 2 1
1
end_operator
begin_operator
link-1-0 n-5-1 n-5-2 cell-4-1 cap-1 cap-0 cell-5-1 cap-2 cap-1
0
7
0 0 0 4
0 3 1 0
0 86 1 2
0 87 0 1
0 178 0 1
0 294 2 0
0 295 2 1
1
end_operator
begin_operator
link-1-0 n-5-1 n-5-2 cell-4-1 cap-1 cap-0 cell-5-1 cap-3 cap-2
0
7
0 0 0 4
0 3 2 1
0 86 1 2
0 87 0 1
0 178 0 1
0 294 2 0
0 295 2 1
1
end_operator
begin_operator
link-1-0 n-5-1 n-5-2 cell-4-1 cap-1 cap-0 cell-5-1 cap-4 cap-3
0
7
0 0 0 4
0 3 3 2
0 86 1 2
0 87 0 1
0 178 0 1
0 294 2 0
0 295 2 1
1
end_operator
begin_operator
link-1-0 n-5-1 n-5-2 cell-4-1 cap-2 cap-1 cell-5-1 cap-1 cap-0
0
7
0 0 1 0
0 3 0 4
0 86 1 2
0 87 0 1
0 178 0 1
0 294 2 0
0 295 2 1
1
end_operator
begin_operator
link-1-0 n-5-1 n-5-2 cell-4-1 cap-2 cap-1 cell-5-1 cap-2 cap-1
0
7
0 0 1 0
0 3 1 0
0 86 1 2
0 87 0 1
0 178 0 1
0 294 2 0
0 295 2 1
1
end_operator
begin_operator
link-1-0 n-5-1 n-5-2 cell-4-1 cap-2 cap-1 cell-5-1 cap-3 cap-2
0
7
0 0 1 0
0 3 2 1
0 86 1 2
0 87 0 1
0 178 0 1
0 294 2 0
0 295 2 1
1
end_operator
begin_operator
link-1-0 n-5-1 n-5-2 cell-4-1 cap-2 cap-1 cell-5-1 cap-4 cap-3
0
7
0 0 1 0
0 3 3 2
0 86 1 2
0 87 0 1
0 178 0 1
0 294 2 0
0 295 2 1
1
end_operator
begin_operator
link-1-0 n-5-1 n-5-2 cell-4-1 cap-3 cap-2 cell-5-1 cap-1 cap-0
0
7
0 0 2 1
0 3 0 4
0 86 1 2
0 87 0 1
0 178 0 1
0 294 2 0
0 295 2 1
1
end_operator
begin_operator
link-1-0 n-5-1 n-5-2 cell-4-1 cap-3 cap-2 cell-5-1 cap-2 cap-1
0
7
0 0 2 1
0 3 1 0
0 86 1 2
0 87 0 1
0 178 0 1
0 294 2 0
0 295 2 1
1
end_operator
begin_operator
link-1-0 n-5-1 n-5-2 cell-4-1 cap-3 cap-2 cell-5-1 cap-3 cap-2
0
7
0 0 2 1
0 3 2 1
0 86 1 2
0 87 0 1
0 178 0 1
0 294 2 0
0 295 2 1
1
end_operator
begin_operator
link-1-0 n-5-1 n-5-2 cell-4-1 cap-3 cap-2 cell-5-1 cap-4 cap-3
0
7
0 0 2 1
0 3 3 2
0 86 1 2
0 87 0 1
0 178 0 1
0 294 2 0
0 295 2 1
1
end_operator
begin_operator
link-1-0 n-5-1 n-5-2 cell-4-1 cap-4 cap-3 cell-5-1 cap-1 cap-0
0
7
0 0 3 2
0 3 0 4
0 86 1 2
0 87 0 1
0 178 0 1
0 294 2 0
0 295 2 1
1
end_operator
begin_operator
link-1-0 n-5-1 n-5-2 cell-4-1 cap-4 cap-3 cell-5-1 cap-2 cap-1
0
7
0 0 3 2
0 3 1 0
0 86 1 2
0 87 0 1
0 178 0 1
0 294 2 0
0 295 2 1
1
end_operator
begin_operator
link-1-0 n-5-1 n-5-2 cell-4-1 cap-4 cap-3 cell-5-1 cap-3 cap-2
0
7
0 0 3 2
0 3 2 1
0 86 1 2
0 87 0 1
0 178 0 1
0 294 2 0
0 295 2 1
1
end_operator
begin_operator
link-1-0 n-5-1 n-5-2 cell-4-1 cap-4 cap-3 cell-5-1 cap-4 cap-3
0
7
0 0 3 2
0 3 3 2
0 86 1 2
0 87 0 1
0 178 0 1
0 294 2 0
0 295 2 1
1
end_operator
begin_operator
link-1-0 n-5-1 n-6-1 cell-5-0 cap-1 cap-0 cell-5-1 cap-1 cap-0
0
7
0 3 0 4
0 37 1 0
0 86 1 2
0 91 0 1
0 179 0 1
0 294 2 0
0 299 2 1
1
end_operator
begin_operator
link-1-0 n-5-1 n-6-1 cell-5-0 cap-1 cap-0 cell-5-1 cap-2 cap-1
0
7
0 3 1 0
0 37 1 0
0 86 1 2
0 91 0 1
0 179 0 1
0 294 2 0
0 299 2 1
1
end_operator
begin_operator
link-1-0 n-5-1 n-6-1 cell-5-0 cap-1 cap-0 cell-5-1 cap-3 cap-2
0
7
0 3 2 1
0 37 1 0
0 86 1 2
0 91 0 1
0 179 0 1
0 294 2 0
0 299 2 1
1
end_operator
begin_operator
link-1-0 n-5-1 n-6-1 cell-5-0 cap-1 cap-0 cell-5-1 cap-4 cap-3
0
7
0 3 3 2
0 37 1 0
0 86 1 2
0 91 0 1
0 179 0 1
0 294 2 0
0 299 2 1
1
end_operator
begin_operator
link-1-0 n-5-1 n-6-1 cell-5-0 cap-2 cap-1 cell-5-1 cap-1 cap-0
0
7
0 3 0 4
0 37 2 1
0 86 1 2
0 91 0 1
0 179 0 1
0 294 2 0
0 299 2 1
1
end_operator
begin_operator
link-1-0 n-5-1 n-6-1 cell-5-0 cap-2 cap-1 cell-5-1 cap-2 cap-1
0
7
0 3 1 0
0 37 2 1
0 86 1 2
0 91 0 1
0 179 0 1
0 294 2 0
0 299 2 1
1
end_operator
begin_operator
link-1-0 n-5-1 n-6-1 cell-5-0 cap-2 cap-1 cell-5-1 cap-3 cap-2
0
7
0 3 2 1
0 37 2 1
0 86 1 2
0 91 0 1
0 179 0 1
0 294 2 0
0 299 2 1
1
end_operator
begin_operator
link-1-0 n-5-1 n-6-1 cell-5-0 cap-2 cap-1 cell-5-1 cap-4 cap-3
0
7
0 3 3 2
0 37 2 1
0 86 1 2
0 91 0 1
0 179 0 1
0 294 2 0
0 299 2 1
1
end_operator
begin_operator
link-1-0 n-5-2 n-5-3 cell-4-2 cap-1 cap-0 cell-5-2 cap-1 cap-0
0
7
0 1 0 4
0 4 1 0
0 87 1 2
0 88 0 1
0 180 0 1
0 295 2 0
0 296 2 1
1
end_operator
begin_operator
link-1-0 n-5-2 n-5-3 cell-4-2 cap-1 cap-0 cell-5-2 cap-2 cap-1
0
7
0 1 0 4
0 4 2 1
0 87 1 2
0 88 0 1
0 180 0 1
0 295 2 0
0 296 2 1
1
end_operator
begin_operator
link-1-0 n-5-2 n-5-3 cell-4-2 cap-1 cap-0 cell-5-2 cap-3 cap-2
0
7
0 1 0 4
0 4 3 2
0 87 1 2
0 88 0 1
0 180 0 1
0 295 2 0
0 296 2 1
1
end_operator
begin_operator
link-1-0 n-5-2 n-5-3 cell-4-2 cap-2 cap-1 cell-5-2 cap-1 cap-0
0
7
0 1 1 0
0 4 1 0
0 87 1 2
0 88 0 1
0 180 0 1
0 295 2 0
0 296 2 1
1
end_operator
begin_operator
link-1-0 n-5-2 n-5-3 cell-4-2 cap-2 cap-1 cell-5-2 cap-2 cap-1
0
7
0 1 1 0
0 4 2 1
0 87 1 2
0 88 0 1
0 180 0 1
0 295 2 0
0 296 2 1
1
end_operator
begin_operator
link-1-0 n-5-2 n-5-3 cell-4-2 cap-2 cap-1 cell-5-2 cap-3 cap-2
0
7
0 1 1 0
0 4 3 2
0 87 1 2
0 88 0 1
0 180 0 1
0 295 2 0
0 296 2 1
1
end_operator
begin_operator
link-1-0 n-5-2 n-5-3 cell-4-2 cap-3 cap-2 cell-5-2 cap-1 cap-0
0
7
0 1 2 1
0 4 1 0
0 87 1 2
0 88 0 1
0 180 0 1
0 295 2 0
0 296 2 1
1
end_operator
begin_operator
link-1-0 n-5-2 n-5-3 cell-4-2 cap-3 cap-2 cell-5-2 cap-2 cap-1
0
7
0 1 2 1
0 4 2 1
0 87 1 2
0 88 0 1
0 180 0 1
0 295 2 0
0 296 2 1
1
end_operator
begin_operator
link-1-0 n-5-2 n-5-3 cell-4-2 cap-3 cap-2 cell-5-2 cap-3 cap-2
0
7
0 1 2 1
0 4 3 2
0 87 1 2
0 88 0 1
0 180 0 1
0 295 2 0
0 296 2 1
1
end_operator
begin_operator
link-1-0 n-5-2 n-5-3 cell-4-2 cap-4 cap-3 cell-5-2 cap-1 cap-0
0
7
0 1 3 2
0 4 1 0
0 87 1 2
0 88 0 1
0 180 0 1
0 295 2 0
0 296 2 1
1
end_operator
begin_operator
link-1-0 n-5-2 n-5-3 cell-4-2 cap-4 cap-3 cell-5-2 cap-2 cap-1
0
7
0 1 3 2
0 4 2 1
0 87 1 2
0 88 0 1
0 180 0 1
0 295 2 0
0 296 2 1
1
end_operator
begin_operator
link-1-0 n-5-2 n-5-3 cell-4-2 cap-4 cap-3 cell-5-2 cap-3 cap-2
0
7
0 1 3 2
0 4 3 2
0 87 1 2
0 88 0 1
0 180 0 1
0 295 2 0
0 296 2 1
1
end_operator
begin_operator
link-1-0 n-5-2 n-6-2 cell-5-1 cap-1 cap-0 cell-5-2 cap-1 cap-0
0
7
0 3 0 4
0 4 1 0
0 87 1 2
0 92 0 1
0 181 0 1
0 295 2 0
0 300 2 1
1
end_operator
begin_operator
link-1-0 n-5-2 n-6-2 cell-5-1 cap-1 cap-0 cell-5-2 cap-2 cap-1
0
7
0 3 0 4
0 4 2 1
0 87 1 2
0 92 0 1
0 181 0 1
0 295 2 0
0 300 2 1
1
end_operator
begin_operator
link-1-0 n-5-2 n-6-2 cell-5-1 cap-1 cap-0 cell-5-2 cap-3 cap-2
0
7
0 3 0 4
0 4 3 2
0 87 1 2
0 92 0 1
0 181 0 1
0 295 2 0
0 300 2 1
1
end_operator
begin_operator
link-1-0 n-5-2 n-6-2 cell-5-1 cap-2 cap-1 cell-5-2 cap-1 cap-0
0
7
0 3 1 0
0 4 1 0
0 87 1 2
0 92 0 1
0 181 0 1
0 295 2 0
0 300 2 1
1
end_operator
begin_operator
link-1-0 n-5-2 n-6-2 cell-5-1 cap-2 cap-1 cell-5-2 cap-2 cap-1
0
7
0 3 1 0
0 4 2 1
0 87 1 2
0 92 0 1
0 181 0 1
0 295 2 0
0 300 2 1
1
end_operator
begin_operator
link-1-0 n-5-2 n-6-2 cell-5-1 cap-2 cap-1 cell-5-2 cap-3 cap-2
0
7
0 3 1 0
0 4 3 2
0 87 1 2
0 92 0 1
0 181 0 1
0 295 2 0
0 300 2 1
1
end_operator
begin_operator
link-1-0 n-5-2 n-6-2 cell-5-1 cap-3 cap-2 cell-5-2 cap-1 cap-0
0
7
0 3 2 1
0 4 1 0
0 87 1 2
0 92 0 1
0 181 0 1
0 295 2 0
0 300 2 1
1
end_operator
begin_operator
link-1-0 n-5-2 n-6-2 cell-5-1 cap-3 cap-2 cell-5-2 cap-2 cap-1
0
7
0 3 2 1
0 4 2 1
0 87 1 2
0 92 0 1
0 181 0 1
0 295 2 0
0 300 2 1
1
end_operator
begin_operator
link-1-0 n-5-2 n-6-2 cell-5-1 cap-3 cap-2 cell-5-2 cap-3 cap-2
0
7
0 3 2 1
0 4 3 2
0 87 1 2
0 92 0 1
0 181 0 1
0 295 2 0
0 300 2 1
1
end_operator
begin_operator
link-1-0 n-5-2 n-6-2 cell-5-1 cap-4 cap-3 cell-5-2 cap-1 cap-0
0
7
0 3 3 2
0 4 1 0
0 87 1 2
0 92 0 1
0 181 0 1
0 295 2 0
0 300 2 1
1
end_operator
begin_operator
link-1-0 n-5-2 n-6-2 cell-5-1 cap-4 cap-3 cell-5-2 cap-2 cap-1
0
7
0 3 3 2
0 4 2 1
0 87 1 2
0 92 0 1
0 181 0 1
0 295 2 0
0 300 2 1
1
end_operator
begin_operator
link-1-0 n-5-2 n-6-2 cell-5-1 cap-4 cap-3 cell-5-2 cap-3 cap-2
0
7
0 3 3 2
0 4 3 2
0 87 1 2
0 92 0 1
0 181 0 1
0 295 2 0
0 300 2 1
1
end_operator
begin_operator
link-1-0 n-5-3 n-5-4 cell-4-3 cap-1 cap-0 cell-5-3 cap-1 cap-0
0
7
0 2 0 4
0 5 1 0
0 88 1 2
0 89 0 1
0 182 0 1
0 296 2 0
0 297 2 1
1
end_operator
begin_operator
link-1-0 n-5-3 n-5-4 cell-4-3 cap-1 cap-0 cell-5-3 cap-2 cap-1
0
7
0 2 0 4
0 5 2 1
0 88 1 2
0 89 0 1
0 182 0 1
0 296 2 0
0 297 2 1
1
end_operator
begin_operator
link-1-0 n-5-3 n-5-4 cell-4-3 cap-1 cap-0 cell-5-3 cap-3 cap-2
0
7
0 2 0 4
0 5 3 2
0 88 1 2
0 89 0 1
0 182 0 1
0 296 2 0
0 297 2 1
1
end_operator
begin_operator
link-1-0 n-5-3 n-5-4 cell-4-3 cap-2 cap-1 cell-5-3 cap-1 cap-0
0
7
0 2 1 0
0 5 1 0
0 88 1 2
0 89 0 1
0 182 0 1
0 296 2 0
0 297 2 1
1
end_operator
begin_operator
link-1-0 n-5-3 n-5-4 cell-4-3 cap-2 cap-1 cell-5-3 cap-2 cap-1
0
7
0 2 1 0
0 5 2 1
0 88 1 2
0 89 0 1
0 182 0 1
0 296 2 0
0 297 2 1
1
end_operator
begin_operator
link-1-0 n-5-3 n-5-4 cell-4-3 cap-2 cap-1 cell-5-3 cap-3 cap-2
0
7
0 2 1 0
0 5 3 2
0 88 1 2
0 89 0 1
0 182 0 1
0 296 2 0
0 297 2 1
1
end_operator
begin_operator
link-1-0 n-5-3 n-5-4 cell-4-3 cap-3 cap-2 cell-5-3 cap-1 cap-0
0
7
0 2 2 1
0 5 1 0
0 88 1 2
0 89 0 1
0 182 0 1
0 296 2 0
0 297 2 1
1
end_operator
begin_operator
link-1-0 n-5-3 n-5-4 cell-4-3 cap-3 cap-2 cell-5-3 cap-2 cap-1
0
7
0 2 2 1
0 5 2 1
0 88 1 2
0 89 0 1
0 182 0 1
0 296 2 0
0 297 2 1
1
end_operator
begin_operator
link-1-0 n-5-3 n-5-4 cell-4-3 cap-3 cap-2 cell-5-3 cap-3 cap-2
0
7
0 2 2 1
0 5 3 2
0 88 1 2
0 89 0 1
0 182 0 1
0 296 2 0
0 297 2 1
1
end_operator
begin_operator
link-1-0 n-5-3 n-5-4 cell-4-3 cap-4 cap-3 cell-5-3 cap-1 cap-0
0
7
0 2 3 2
0 5 1 0
0 88 1 2
0 89 0 1
0 182 0 1
0 296 2 0
0 297 2 1
1
end_operator
begin_operator
link-1-0 n-5-3 n-5-4 cell-4-3 cap-4 cap-3 cell-5-3 cap-2 cap-1
0
7
0 2 3 2
0 5 2 1
0 88 1 2
0 89 0 1
0 182 0 1
0 296 2 0
0 297 2 1
1
end_operator
begin_operator
link-1-0 n-5-3 n-5-4 cell-4-3 cap-4 cap-3 cell-5-3 cap-3 cap-2
0
7
0 2 3 2
0 5 3 2
0 88 1 2
0 89 0 1
0 182 0 1
0 296 2 0
0 297 2 1
1
end_operator
begin_operator
link-1-0 n-5-3 n-6-3 cell-5-2 cap-1 cap-0 cell-5-3 cap-1 cap-0
0
7
0 4 1 0
0 5 1 0
0 88 1 2
0 93 0 1
0 183 0 1
0 296 2 0
0 301 2 1
1
end_operator
begin_operator
link-1-0 n-5-3 n-6-3 cell-5-2 cap-1 cap-0 cell-5-3 cap-2 cap-1
0
7
0 4 1 0
0 5 2 1
0 88 1 2
0 93 0 1
0 183 0 1
0 296 2 0
0 301 2 1
1
end_operator
begin_operator
link-1-0 n-5-3 n-6-3 cell-5-2 cap-1 cap-0 cell-5-3 cap-3 cap-2
0
7
0 4 1 0
0 5 3 2
0 88 1 2
0 93 0 1
0 183 0 1
0 296 2 0
0 301 2 1
1
end_operator
begin_operator
link-1-0 n-5-3 n-6-3 cell-5-2 cap-2 cap-1 cell-5-3 cap-1 cap-0
0
7
0 4 2 1
0 5 1 0
0 88 1 2
0 93 0 1
0 183 0 1
0 296 2 0
0 301 2 1
1
end_operator
begin_operator
link-1-0 n-5-3 n-6-3 cell-5-2 cap-2 cap-1 cell-5-3 cap-2 cap-1
0
7
0 4 2 1
0 5 2 1
0 88 1 2
0 93 0 1
0 183 0 1
0 296 2 0
0 301 2 1
1
end_operator
begin_operator
link-1-0 n-5-3 n-6-3 cell-5-2 cap-2 cap-1 cell-5-3 cap-3 cap-2
0
7
0 4 2 1
0 5 3 2
0 88 1 2
0 93 0 1
0 183 0 1
0 296 2 0
0 301 2 1
1
end_operator
begin_operator
link-1-0 n-5-3 n-6-3 cell-5-2 cap-3 cap-2 cell-5-3 cap-1 cap-0
0
7
0 4 3 2
0 5 1 0
0 88 1 2
0 93 0 1
0 183 0 1
0 296 2 0
0 301 2 1
1
end_operator
begin_operator
link-1-0 n-5-3 n-6-3 cell-5-2 cap-3 cap-2 cell-5-3 cap-2 cap-1
0
7
0 4 3 2
0 5 2 1
0 88 1 2
0 93 0 1
0 183 0 1
0 296 2 0
0 301 2 1
1
end_operator
begin_operator
link-1-0 n-5-3 n-6-3 cell-5-2 cap-3 cap-2 cell-5-3 cap-3 cap-2
0
7
0 4 3 2
0 5 3 2
0 88 1 2
0 93 0 1
0 183 0 1
0 296 2 0
0 301 2 1
1
end_operator
begin_operator
link-1-0 n-5-4 n-6-4 cell-5-3 cap-1 cap-0 cell-outside-5-right cap-1 cap-0
0
7
0 5 1 0
0 89 1 2
0 94 0 1
0 184 0 1
0 244 0 1
0 297 2 0
0 302 2 1
1
end_operator
begin_operator
link-1-0 n-5-4 n-6-4 cell-5-3 cap-2 cap-1 cell-outside-5-right cap-1 cap-0
0
7
0 5 2 1
0 89 1 2
0 94 0 1
0 184 0 1
0 244 0 1
0 297 2 0
0 302 2 1
1
end_operator
begin_operator
link-1-0 n-5-4 n-6-4 cell-5-3 cap-3 cap-2 cell-outside-5-right cap-1 cap-0
0
7
0 5 3 2
0 89 1 2
0 94 0 1
0 184 0 1
0 244 0 1
0 297 2 0
0 302 2 1
1
end_operator
begin_operator
link-1-0 n-6-0 n-6-1 cell-5-0 cap-1 cap-0 cell-6-0 cap-1 cap-0
0
7
0 6 0 4
0 37 1 0
0 90 1 2
0 91 0 1
0 185 0 1
0 298 2 0
0 299 2 1
1
end_operator
begin_operator
link-1-0 n-6-0 n-6-1 cell-5-0 cap-1 cap-0 cell-6-0 cap-2 cap-1
0
7
0 6 1 0
0 37 1 0
0 90 1 2
0 91 0 1
0 185 0 1
0 298 2 0
0 299 2 1
1
end_operator
begin_operator
link-1-0 n-6-0 n-6-1 cell-5-0 cap-1 cap-0 cell-6-0 cap-3 cap-2
0
7
0 6 2 1
0 37 1 0
0 90 1 2
0 91 0 1
0 185 0 1
0 298 2 0
0 299 2 1
1
end_operator
begin_operator
link-1-0 n-6-0 n-6-1 cell-5-0 cap-1 cap-0 cell-6-0 cap-4 cap-3
0
7
0 6 3 2
0 37 1 0
0 90 1 2
0 91 0 1
0 185 0 1
0 298 2 0
0 299 2 1
1
end_operator
begin_operator
link-1-0 n-6-0 n-6-1 cell-5-0 cap-2 cap-1 cell-6-0 cap-1 cap-0
0
7
0 6 0 4
0 37 2 1
0 90 1 2
0 91 0 1
0 185 0 1
0 298 2 0
0 299 2 1
1
end_operator
begin_operator
link-1-0 n-6-0 n-6-1 cell-5-0 cap-2 cap-1 cell-6-0 cap-2 cap-1
0
7
0 6 1 0
0 37 2 1
0 90 1 2
0 91 0 1
0 185 0 1
0 298 2 0
0 299 2 1
1
end_operator
begin_operator
link-1-0 n-6-0 n-6-1 cell-5-0 cap-2 cap-1 cell-6-0 cap-3 cap-2
0
7
0 6 2 1
0 37 2 1
0 90 1 2
0 91 0 1
0 185 0 1
0 298 2 0
0 299 2 1
1
end_operator
begin_operator
link-1-0 n-6-0 n-6-1 cell-5-0 cap-2 cap-1 cell-6-0 cap-4 cap-3
0
7
0 6 3 2
0 37 2 1
0 90 1 2
0 91 0 1
0 185 0 1
0 298 2 0
0 299 2 1
1
end_operator
begin_operator
link-1-0 n-6-0 n-7-0 cell-outside-6-left cap-1 cap-0 cell-6-0 cap-1 cap-0
0
7
0 6 0 4
0 90 1 2
0 95 0 1
0 186 0 1
0 245 0 1
0 298 2 0
0 303 2 1
1
end_operator
begin_operator
link-1-0 n-6-0 n-7-0 cell-outside-6-left cap-1 cap-0 cell-6-0 cap-2 cap-1
0
7
0 6 1 0
0 90 1 2
0 95 0 1
0 186 0 1
0 245 0 1
0 298 2 0
0 303 2 1
1
end_operator
begin_operator
link-1-0 n-6-0 n-7-0 cell-outside-6-left cap-1 cap-0 cell-6-0 cap-3 cap-2
0
7
0 6 2 1
0 90 1 2
0 95 0 1
0 186 0 1
0 245 0 1
0 298 2 0
0 303 2 1
1
end_operator
begin_operator
link-1-0 n-6-0 n-7-0 cell-outside-6-left cap-1 cap-0 cell-6-0 cap-4 cap-3
0
7
0 6 3 2
0 90 1 2
0 95 0 1
0 186 0 1
0 245 0 1
0 298 2 0
0 303 2 1
1
end_operator
begin_operator
link-1-0 n-6-1 n-6-2 cell-5-1 cap-1 cap-0 cell-6-1 cap-1 cap-0
0
7
0 3 0 4
0 7 0 4
0 91 1 2
0 92 0 1
0 187 0 1
0 299 2 0
0 300 2 1
1
end_operator
begin_operator
link-1-0 n-6-1 n-6-2 cell-5-1 cap-1 cap-0 cell-6-1 cap-2 cap-1
0
7
0 3 0 4
0 7 1 0
0 91 1 2
0 92 0 1
0 187 0 1
0 299 2 0
0 300 2 1
1
end_operator
begin_operator
link-1-0 n-6-1 n-6-2 cell-5-1 cap-1 cap-0 cell-6-1 cap-3 cap-2
0
7
0 3 0 4
0 7 2 1
0 91 1 2
0 92 0 1
0 187 0 1
0 299 2 0
0 300 2 1
1
end_operator
begin_operator
link-1-0 n-6-1 n-6-2 cell-5-1 cap-1 cap-0 cell-6-1 cap-4 cap-3
0
7
0 3 0 4
0 7 3 2
0 91 1 2
0 92 0 1
0 187 0 1
0 299 2 0
0 300 2 1
1
end_operator
begin_operator
link-1-0 n-6-1 n-6-2 cell-5-1 cap-2 cap-1 cell-6-1 cap-1 cap-0
0
7
0 3 1 0
0 7 0 4
0 91 1 2
0 92 0 1
0 187 0 1
0 299 2 0
0 300 2 1
1
end_operator
begin_operator
link-1-0 n-6-1 n-6-2 cell-5-1 cap-2 cap-1 cell-6-1 cap-2 cap-1
0
7
0 3 1 0
0 7 1 0
0 91 1 2
0 92 0 1
0 187 0 1
0 299 2 0
0 300 2 1
1
end_operator
begin_operator
link-1-0 n-6-1 n-6-2 cell-5-1 cap-2 cap-1 cell-6-1 cap-3 cap-2
0
7
0 3 1 0
0 7 2 1
0 91 1 2
0 92 0 1
0 187 0 1
0 299 2 0
0 300 2 1
1
end_operator
begin_operator
link-1-0 n-6-1 n-6-2 cell-5-1 cap-2 cap-1 cell-6-1 cap-4 cap-3
0
7
0 3 1 0
0 7 3 2
0 91 1 2
0 92 0 1
0 187 0 1
0 299 2 0
0 300 2 1
1
end_operator
begin_operator
link-1-0 n-6-1 n-6-2 cell-5-1 cap-3 cap-2 cell-6-1 cap-1 cap-0
0
7
0 3 2 1
0 7 0 4
0 91 1 2
0 92 0 1
0 187 0 1
0 299 2 0
0 300 2 1
1
end_operator
begin_operator
link-1-0 n-6-1 n-6-2 cell-5-1 cap-3 cap-2 cell-6-1 cap-2 cap-1
0
7
0 3 2 1
0 7 1 0
0 91 1 2
0 92 0 1
0 187 0 1
0 299 2 0
0 300 2 1
1
end_operator
begin_operator
link-1-0 n-6-1 n-6-2 cell-5-1 cap-3 cap-2 cell-6-1 cap-3 cap-2
0
7
0 3 2 1
0 7 2 1
0 91 1 2
0 92 0 1
0 187 0 1
0 299 2 0
0 300 2 1
1
end_operator
begin_operator
link-1-0 n-6-1 n-6-2 cell-5-1 cap-3 cap-2 cell-6-1 cap-4 cap-3
0
7
0 3 2 1
0 7 3 2
0 91 1 2
0 92 0 1
0 187 0 1
0 299 2 0
0 300 2 1
1
end_operator
begin_operator
link-1-0 n-6-1 n-6-2 cell-5-1 cap-4 cap-3 cell-6-1 cap-1 cap-0
0
7
0 3 3 2
0 7 0 4
0 91 1 2
0 92 0 1
0 187 0 1
0 299 2 0
0 300 2 1
1
end_operator
begin_operator
link-1-0 n-6-1 n-6-2 cell-5-1 cap-4 cap-3 cell-6-1 cap-2 cap-1
0
7
0 3 3 2
0 7 1 0
0 91 1 2
0 92 0 1
0 187 0 1
0 299 2 0
0 300 2 1
1
end_operator
begin_operator
link-1-0 n-6-1 n-6-2 cell-5-1 cap-4 cap-3 cell-6-1 cap-3 cap-2
0
7
0 3 3 2
0 7 2 1
0 91 1 2
0 92 0 1
0 187 0 1
0 299 2 0
0 300 2 1
1
end_operator
begin_operator
link-1-0 n-6-1 n-6-2 cell-5-1 cap-4 cap-3 cell-6-1 cap-4 cap-3
0
7
0 3 3 2
0 7 3 2
0 91 1 2
0 92 0 1
0 187 0 1
0 299 2 0
0 300 2 1
1
end_operator
begin_operator
link-1-0 n-6-1 n-7-1 cell-6-0 cap-1 cap-0 cell-6-1 cap-1 cap-0
0
7
0 6 0 4
0 7 0 4
0 91 1 2
0 96 0 1
0 188 0 1
0 299 2 0
0 304 2 1
1
end_operator
begin_operator
link-1-0 n-6-1 n-7-1 cell-6-0 cap-1 cap-0 cell-6-1 cap-2 cap-1
0
7
0 6 0 4
0 7 1 0
0 91 1 2
0 96 0 1
0 188 0 1
0 299 2 0
0 304 2 1
1
end_operator
begin_operator
link-1-0 n-6-1 n-7-1 cell-6-0 cap-1 cap-0 cell-6-1 cap-3 cap-2
0
7
0 6 0 4
0 7 2 1
0 91 1 2
0 96 0 1
0 188 0 1
0 299 2 0
0 304 2 1
1
end_operator
begin_operator
link-1-0 n-6-1 n-7-1 cell-6-0 cap-1 cap-0 cell-6-1 cap-4 cap-3
0
7
0 6 0 4
0 7 3 2
0 91 1 2
0 96 0 1
0 188 0 1
0 299 2 0
0 304 2 1
1
end_operator
begin_operator
link-1-0 n-6-1 n-7-1 cell-6-0 cap-2 cap-1 cell-6-1 cap-1 cap-0
0
7
0 6 1 0
0 7 0 4
0 91 1 2
0 96 0 1
0 188 0 1
0 299 2 0
0 304 2 1
1
end_operator
begin_operator
link-1-0 n-6-1 n-7-1 cell-6-0 cap-2 cap-1 cell-6-1 cap-2 cap-1
0
7
0 6 1 0
0 7 1 0
0 91 1 2
0 96 0 1
0 188 0 1
0 299 2 0
0 304 2 1
1
end_operator
begin_operator
link-1-0 n-6-1 n-7-1 cell-6-0 cap-2 cap-1 cell-6-1 cap-3 cap-2
0
7
0 6 1 0
0 7 2 1
0 91 1 2
0 96 0 1
0 188 0 1
0 299 2 0
0 304 2 1
1
end_operator
begin_operator
link-1-0 n-6-1 n-7-1 cell-6-0 cap-2 cap-1 cell-6-1 cap-4 cap-3
0
7
0 6 1 0
0 7 3 2
0 91 1 2
0 96 0 1
0 188 0 1
0 299 2 0
0 304 2 1
1
end_operator
begin_operator
link-1-0 n-6-1 n-7-1 cell-6-0 cap-3 cap-2 cell-6-1 cap-1 cap-0
0
7
0 6 2 1
0 7 0 4
0 91 1 2
0 96 0 1
0 188 0 1
0 299 2 0
0 304 2 1
1
end_operator
begin_operator
link-1-0 n-6-1 n-7-1 cell-6-0 cap-3 cap-2 cell-6-1 cap-2 cap-1
0
7
0 6 2 1
0 7 1 0
0 91 1 2
0 96 0 1
0 188 0 1
0 299 2 0
0 304 2 1
1
end_operator
begin_operator
link-1-0 n-6-1 n-7-1 cell-6-0 cap-3 cap-2 cell-6-1 cap-3 cap-2
0
7
0 6 2 1
0 7 2 1
0 91 1 2
0 96 0 1
0 188 0 1
0 299 2 0
0 304 2 1
1
end_operator
begin_operator
link-1-0 n-6-1 n-7-1 cell-6-0 cap-3 cap-2 cell-6-1 cap-4 cap-3
0
7
0 6 2 1
0 7 3 2
0 91 1 2
0 96 0 1
0 188 0 1
0 299 2 0
0 304 2 1
1
end_operator
begin_operator
link-1-0 n-6-1 n-7-1 cell-6-0 cap-4 cap-3 cell-6-1 cap-1 cap-0
0
7
0 6 3 2
0 7 0 4
0 91 1 2
0 96 0 1
0 188 0 1
0 299 2 0
0 304 2 1
1
end_operator
begin_operator
link-1-0 n-6-1 n-7-1 cell-6-0 cap-4 cap-3 cell-6-1 cap-2 cap-1
0
7
0 6 3 2
0 7 1 0
0 91 1 2
0 96 0 1
0 188 0 1
0 299 2 0
0 304 2 1
1
end_operator
begin_operator
link-1-0 n-6-1 n-7-1 cell-6-0 cap-4 cap-3 cell-6-1 cap-3 cap-2
0
7
0 6 3 2
0 7 2 1
0 91 1 2
0 96 0 1
0 188 0 1
0 299 2 0
0 304 2 1
1
end_operator
begin_operator
link-1-0 n-6-1 n-7-1 cell-6-0 cap-4 cap-3 cell-6-1 cap-4 cap-3
0
7
0 6 3 2
0 7 3 2
0 91 1 2
0 96 0 1
0 188 0 1
0 299 2 0
0 304 2 1
1
end_operator
begin_operator
link-1-0 n-6-2 n-6-3 cell-5-2 cap-1 cap-0 cell-6-2 cap-1 cap-0
0
7
0 4 1 0
0 38 1 0
0 92 1 2
0 93 0 1
0 189 0 1
0 300 2 0
0 301 2 1
1
end_operator
begin_operator
link-1-0 n-6-2 n-6-3 cell-5-2 cap-1 cap-0 cell-6-2 cap-2 cap-1
0
7
0 4 1 0
0 38 2 1
0 92 1 2
0 93 0 1
0 189 0 1
0 300 2 0
0 301 2 1
1
end_operator
begin_operator
link-1-0 n-6-2 n-6-3 cell-5-2 cap-2 cap-1 cell-6-2 cap-1 cap-0
0
7
0 4 2 1
0 38 1 0
0 92 1 2
0 93 0 1
0 189 0 1
0 300 2 0
0 301 2 1
1
end_operator
begin_operator
link-1-0 n-6-2 n-6-3 cell-5-2 cap-2 cap-1 cell-6-2 cap-2 cap-1
0
7
0 4 2 1
0 38 2 1
0 92 1 2
0 93 0 1
0 189 0 1
0 300 2 0
0 301 2 1
1
end_operator
begin_operator
link-1-0 n-6-2 n-6-3 cell-5-2 cap-3 cap-2 cell-6-2 cap-1 cap-0
0
7
0 4 3 2
0 38 1 0
0 92 1 2
0 93 0 1
0 189 0 1
0 300 2 0
0 301 2 1
1
end_operator
begin_operator
link-1-0 n-6-2 n-6-3 cell-5-2 cap-3 cap-2 cell-6-2 cap-2 cap-1
0
7
0 4 3 2
0 38 2 1
0 92 1 2
0 93 0 1
0 189 0 1
0 300 2 0
0 301 2 1
1
end_operator
begin_operator
link-1-0 n-6-2 n-7-2 cell-6-1 cap-1 cap-0 cell-6-2 cap-1 cap-0
0
7
0 7 0 4
0 38 1 0
0 92 1 2
0 97 0 1
0 190 0 1
0 300 2 0
0 305 2 1
1
end_operator
begin_operator
link-1-0 n-6-2 n-7-2 cell-6-1 cap-1 cap-0 cell-6-2 cap-2 cap-1
0
7
0 7 0 4
0 38 2 1
0 92 1 2
0 97 0 1
0 190 0 1
0 300 2 0
0 305 2 1
1
end_operator
begin_operator
link-1-0 n-6-2 n-7-2 cell-6-1 cap-2 cap-1 cell-6-2 cap-1 cap-0
0
7
0 7 1 0
0 38 1 0
0 92 1 2
0 97 0 1
0 190 0 1
0 300 2 0
0 305 2 1
1
end_operator
begin_operator
link-1-0 n-6-2 n-7-2 cell-6-1 cap-2 cap-1 cell-6-2 cap-2 cap-1
0
7
0 7 1 0
0 38 2 1
0 92 1 2
0 97 0 1
0 190 0 1
0 300 2 0
0 305 2 1
1
end_operator
begin_operator
link-1-0 n-6-2 n-7-2 cell-6-1 cap-3 cap-2 cell-6-2 cap-1 cap-0
0
7
0 7 2 1
0 38 1 0
0 92 1 2
0 97 0 1
0 190 0 1
0 300 2 0
0 305 2 1
1
end_operator
begin_operator
link-1-0 n-6-2 n-7-2 cell-6-1 cap-3 cap-2 cell-6-2 cap-2 cap-1
0
7
0 7 2 1
0 38 2 1
0 92 1 2
0 97 0 1
0 190 0 1
0 300 2 0
0 305 2 1
1
end_operator
begin_operator
link-1-0 n-6-2 n-7-2 cell-6-1 cap-4 cap-3 cell-6-2 cap-1 cap-0
0
7
0 7 3 2
0 38 1 0
0 92 1 2
0 97 0 1
0 190 0 1
0 300 2 0
0 305 2 1
1
end_operator
begin_operator
link-1-0 n-6-2 n-7-2 cell-6-1 cap-4 cap-3 cell-6-2 cap-2 cap-1
0
7
0 7 3 2
0 38 2 1
0 92 1 2
0 97 0 1
0 190 0 1
0 300 2 0
0 305 2 1
1
end_operator
begin_operator
link-1-0 n-6-3 n-6-4 cell-5-3 cap-1 cap-0 cell-6-3 cap-1 cap-0
0
7
0 5 1 0
0 8 0 4
0 93 1 2
0 94 0 1
0 191 0 1
0 301 2 0
0 302 2 1
1
end_operator
begin_operator
link-1-0 n-6-3 n-6-4 cell-5-3 cap-1 cap-0 cell-6-3 cap-2 cap-1
0
7
0 5 1 0
0 8 1 0
0 93 1 2
0 94 0 1
0 191 0 1
0 301 2 0
0 302 2 1
1
end_operator
begin_operator
link-1-0 n-6-3 n-6-4 cell-5-3 cap-1 cap-0 cell-6-3 cap-3 cap-2
0
7
0 5 1 0
0 8 2 1
0 93 1 2
0 94 0 1
0 191 0 1
0 301 2 0
0 302 2 1
1
end_operator
begin_operator
link-1-0 n-6-3 n-6-4 cell-5-3 cap-1 cap-0 cell-6-3 cap-4 cap-3
0
7
0 5 1 0
0 8 3 2
0 93 1 2
0 94 0 1
0 191 0 1
0 301 2 0
0 302 2 1
1
end_operator
begin_operator
link-1-0 n-6-3 n-6-4 cell-5-3 cap-2 cap-1 cell-6-3 cap-1 cap-0
0
7
0 5 2 1
0 8 0 4
0 93 1 2
0 94 0 1
0 191 0 1
0 301 2 0
0 302 2 1
1
end_operator
begin_operator
link-1-0 n-6-3 n-6-4 cell-5-3 cap-2 cap-1 cell-6-3 cap-2 cap-1
0
7
0 5 2 1
0 8 1 0
0 93 1 2
0 94 0 1
0 191 0 1
0 301 2 0
0 302 2 1
1
end_operator
begin_operator
link-1-0 n-6-3 n-6-4 cell-5-3 cap-2 cap-1 cell-6-3 cap-3 cap-2
0
7
0 5 2 1
0 8 2 1
0 93 1 2
0 94 0 1
0 191 0 1
0 301 2 0
0 302 2 1
1
end_operator
begin_operator
link-1-0 n-6-3 n-6-4 cell-5-3 cap-2 cap-1 cell-6-3 cap-4 cap-3
0
7
0 5 2 1
0 8 3 2
0 93 1 2
0 94 0 1
0 191 0 1
0 301 2 0
0 302 2 1
1
end_operator
begin_operator
link-1-0 n-6-3 n-6-4 cell-5-3 cap-3 cap-2 cell-6-3 cap-1 cap-0
0
7
0 5 3 2
0 8 0 4
0 93 1 2
0 94 0 1
0 191 0 1
0 301 2 0
0 302 2 1
1
end_operator
begin_operator
link-1-0 n-6-3 n-6-4 cell-5-3 cap-3 cap-2 cell-6-3 cap-2 cap-1
0
7
0 5 3 2
0 8 1 0
0 93 1 2
0 94 0 1
0 191 0 1
0 301 2 0
0 302 2 1
1
end_operator
begin_operator
link-1-0 n-6-3 n-6-4 cell-5-3 cap-3 cap-2 cell-6-3 cap-3 cap-2
0
7
0 5 3 2
0 8 2 1
0 93 1 2
0 94 0 1
0 191 0 1
0 301 2 0
0 302 2 1
1
end_operator
begin_operator
link-1-0 n-6-3 n-6-4 cell-5-3 cap-3 cap-2 cell-6-3 cap-4 cap-3
0
7
0 5 3 2
0 8 3 2
0 93 1 2
0 94 0 1
0 191 0 1
0 301 2 0
0 302 2 1
1
end_operator
begin_operator
link-1-0 n-6-3 n-7-3 cell-6-2 cap-1 cap-0 cell-6-3 cap-1 cap-0
0
7
0 8 0 4
0 38 1 0
0 93 1 2
0 98 0 1
0 192 0 1
0 301 2 0
0 306 2 1
1
end_operator
begin_operator
link-1-0 n-6-3 n-7-3 cell-6-2 cap-1 cap-0 cell-6-3 cap-2 cap-1
0
7
0 8 1 0
0 38 1 0
0 93 1 2
0 98 0 1
0 192 0 1
0 301 2 0
0 306 2 1
1
end_operator
begin_operator
link-1-0 n-6-3 n-7-3 cell-6-2 cap-1 cap-0 cell-6-3 cap-3 cap-2
0
7
0 8 2 1
0 38 1 0
0 93 1 2
0 98 0 1
0 192 0 1
0 301 2 0
0 306 2 1
1
end_operator
begin_operator
link-1-0 n-6-3 n-7-3 cell-6-2 cap-1 cap-0 cell-6-3 cap-4 cap-3
0
7
0 8 3 2
0 38 1 0
0 93 1 2
0 98 0 1
0 192 0 1
0 301 2 0
0 306 2 1
1
end_operator
begin_operator
link-1-0 n-6-3 n-7-3 cell-6-2 cap-2 cap-1 cell-6-3 cap-1 cap-0
0
7
0 8 0 4
0 38 2 1
0 93 1 2
0 98 0 1
0 192 0 1
0 301 2 0
0 306 2 1
1
end_operator
begin_operator
link-1-0 n-6-3 n-7-3 cell-6-2 cap-2 cap-1 cell-6-3 cap-2 cap-1
0
7
0 8 1 0
0 38 2 1
0 93 1 2
0 98 0 1
0 192 0 1
0 301 2 0
0 306 2 1
1
end_operator
begin_operator
link-1-0 n-6-3 n-7-3 cell-6-2 cap-2 cap-1 cell-6-3 cap-3 cap-2
0
7
0 8 2 1
0 38 2 1
0 93 1 2
0 98 0 1
0 192 0 1
0 301 2 0
0 306 2 1
1
end_operator
begin_operator
link-1-0 n-6-3 n-7-3 cell-6-2 cap-2 cap-1 cell-6-3 cap-4 cap-3
0
7
0 8 3 2
0 38 2 1
0 93 1 2
0 98 0 1
0 192 0 1
0 301 2 0
0 306 2 1
1
end_operator
begin_operator
link-1-0 n-6-4 n-7-4 cell-6-3 cap-1 cap-0 cell-outside-6-right cap-1 cap-0
0
7
0 8 0 4
0 94 1 2
0 99 0 1
0 193 0 1
0 246 0 1
0 302 2 0
0 307 2 1
1
end_operator
begin_operator
link-1-0 n-6-4 n-7-4 cell-6-3 cap-2 cap-1 cell-outside-6-right cap-1 cap-0
0
7
0 8 1 0
0 94 1 2
0 99 0 1
0 193 0 1
0 246 0 1
0 302 2 0
0 307 2 1
1
end_operator
begin_operator
link-1-0 n-6-4 n-7-4 cell-6-3 cap-3 cap-2 cell-outside-6-right cap-1 cap-0
0
7
0 8 2 1
0 94 1 2
0 99 0 1
0 193 0 1
0 246 0 1
0 302 2 0
0 307 2 1
1
end_operator
begin_operator
link-1-0 n-6-4 n-7-4 cell-6-3 cap-4 cap-3 cell-outside-6-right cap-1 cap-0
0
7
0 8 3 2
0 94 1 2
0 99 0 1
0 193 0 1
0 246 0 1
0 302 2 0
0 307 2 1
1
end_operator
begin_operator
link-1-0 n-7-0 n-7-1 cell-6-0 cap-1 cap-0 cell-7-0 cap-1 cap-0
0
7
0 6 0 4
0 9 1 0
0 95 1 2
0 96 0 1
0 194 0 1
0 303 2 0
0 304 2 1
1
end_operator
begin_operator
link-1-0 n-7-0 n-7-1 cell-6-0 cap-1 cap-0 cell-7-0 cap-2 cap-1
0
7
0 6 0 4
0 9 2 1
0 95 1 2
0 96 0 1
0 194 0 1
0 303 2 0
0 304 2 1
1
end_operator
begin_operator
link-1-0 n-7-0 n-7-1 cell-6-0 cap-1 cap-0 cell-7-0 cap-3 cap-2
0
7
0 6 0 4
0 9 3 2
0 95 1 2
0 96 0 1
0 194 0 1
0 303 2 0
0 304 2 1
1
end_operator
begin_operator
link-1-0 n-7-0 n-7-1 cell-6-0 cap-2 cap-1 cell-7-0 cap-1 cap-0
0
7
0 6 1 0
0 9 1 0
0 95 1 2
0 96 0 1
0 194 0 1
0 303 2 0
0 304 2 1
1
end_operator
begin_operator
link-1-0 n-7-0 n-7-1 cell-6-0 cap-2 cap-1 cell-7-0 cap-2 cap-1
0
7
0 6 1 0
0 9 2 1
0 95 1 2
0 96 0 1
0 194 0 1
0 303 2 0
0 304 2 1
1
end_operator
begin_operator
link-1-0 n-7-0 n-7-1 cell-6-0 cap-2 cap-1 cell-7-0 cap-3 cap-2
0
7
0 6 1 0
0 9 3 2
0 95 1 2
0 96 0 1
0 194 0 1
0 303 2 0
0 304 2 1
1
end_operator
begin_operator
link-1-0 n-7-0 n-7-1 cell-6-0 cap-3 cap-2 cell-7-0 cap-1 cap-0
0
7
0 6 2 1
0 9 1 0
0 95 1 2
0 96 0 1
0 194 0 1
0 303 2 0
0 304 2 1
1
end_operator
begin_operator
link-1-0 n-7-0 n-7-1 cell-6-0 cap-3 cap-2 cell-7-0 cap-2 cap-1
0
7
0 6 2 1
0 9 2 1
0 95 1 2
0 96 0 1
0 194 0 1
0 303 2 0
0 304 2 1
1
end_operator
begin_operator
link-1-0 n-7-0 n-7-1 cell-6-0 cap-3 cap-2 cell-7-0 cap-3 cap-2
0
7
0 6 2 1
0 9 3 2
0 95 1 2
0 96 0 1
0 194 0 1
0 303 2 0
0 304 2 1
1
end_operator
begin_operator
link-1-0 n-7-0 n-7-1 cell-6-0 cap-4 cap-3 cell-7-0 cap-1 cap-0
0
7
0 6 3 2
0 9 1 0
0 95 1 2
0 96 0 1
0 194 0 1
0 303 2 0
0 304 2 1
1
end_operator
begin_operator
link-1-0 n-7-0 n-7-1 cell-6-0 cap-4 cap-3 cell-7-0 cap-2 cap-1
0
7
0 6 3 2
0 9 2 1
0 95 1 2
0 96 0 1
0 194 0 1
0 303 2 0
0 304 2 1
1
end_operator
begin_operator
link-1-0 n-7-0 n-7-1 cell-6-0 cap-4 cap-3 cell-7-0 cap-3 cap-2
0
7
0 6 3 2
0 9 3 2
0 95 1 2
0 96 0 1
0 194 0 1
0 303 2 0
0 304 2 1
1
end_operator
begin_operator
link-1-0 n-7-0 n-8-0 cell-outside-7-left cap-1 cap-0 cell-7-0 cap-1 cap-0
0
7
0 9 1 0
0 95 1 2
0 100 0 1
0 195 0 1
0 247 0 1
0 303 2 0
0 308 2 1
1
end_operator
begin_operator
link-1-0 n-7-0 n-8-0 cell-outside-7-left cap-1 cap-0 cell-7-0 cap-2 cap-1
0
7
0 9 2 1
0 95 1 2
0 100 0 1
0 195 0 1
0 247 0 1
0 303 2 0
0 308 2 1
1
end_operator
begin_operator
link-1-0 n-7-0 n-8-0 cell-outside-7-left cap-1 cap-0 cell-7-0 cap-3 cap-2
0
7
0 9 3 2
0 95 1 2
0 100 0 1
0 195 0 1
0 247 0 1
0 303 2 0
0 308 2 1
1
end_operator
begin_operator
link-1-0 n-7-1 n-7-2 cell-6-1 cap-1 cap-0 cell-7-1 cap-1 cap-0
0
7
0 7 0 4
0 10 0 4
0 96 1 2
0 97 0 1
0 196 0 1
0 304 2 0
0 305 2 1
1
end_operator
begin_operator
link-1-0 n-7-1 n-7-2 cell-6-1 cap-1 cap-0 cell-7-1 cap-2 cap-1
0
7
0 7 0 4
0 10 1 0
0 96 1 2
0 97 0 1
0 196 0 1
0 304 2 0
0 305 2 1
1
end_operator
begin_operator
link-1-0 n-7-1 n-7-2 cell-6-1 cap-1 cap-0 cell-7-1 cap-3 cap-2
0
7
0 7 0 4
0 10 2 1
0 96 1 2
0 97 0 1
0 196 0 1
0 304 2 0
0 305 2 1
1
end_operator
begin_operator
link-1-0 n-7-1 n-7-2 cell-6-1 cap-1 cap-0 cell-7-1 cap-4 cap-3
0
7
0 7 0 4
0 10 3 2
0 96 1 2
0 97 0 1
0 196 0 1
0 304 2 0
0 305 2 1
1
end_operator
begin_operator
link-1-0 n-7-1 n-7-2 cell-6-1 cap-2 cap-1 cell-7-1 cap-1 cap-0
0
7
0 7 1 0
0 10 0 4
0 96 1 2
0 97 0 1
0 196 0 1
0 304 2 0
0 305 2 1
1
end_operator
begin_operator
link-1-0 n-7-1 n-7-2 cell-6-1 cap-2 cap-1 cell-7-1 cap-2 cap-1
0
7
0 7 1 0
0 10 1 0
0 96 1 2
0 97 0 1
0 196 0 1
0 304 2 0
0 305 2 1
1
end_operator
begin_operator
link-1-0 n-7-1 n-7-2 cell-6-1 cap-2 cap-1 cell-7-1 cap-3 cap-2
0
7
0 7 1 0
0 10 2 1
0 96 1 2
0 97 0 1
0 196 0 1
0 304 2 0
0 305 2 1
1
end_operator
begin_operator
link-1-0 n-7-1 n-7-2 cell-6-1 cap-2 cap-1 cell-7-1 cap-4 cap-3
0
7
0 7 1 0
0 10 3 2
0 96 1 2
0 97 0 1
0 196 0 1
0 304 2 0
0 305 2 1
1
end_operator
begin_operator
link-1-0 n-7-1 n-7-2 cell-6-1 cap-3 cap-2 cell-7-1 cap-1 cap-0
0
7
0 7 2 1
0 10 0 4
0 96 1 2
0 97 0 1
0 196 0 1
0 304 2 0
0 305 2 1
1
end_operator
begin_operator
link-1-0 n-7-1 n-7-2 cell-6-1 cap-3 cap-2 cell-7-1 cap-2 cap-1
0
7
0 7 2 1
0 10 1 0
0 96 1 2
0 97 0 1
0 196 0 1
0 304 2 0
0 305 2 1
1
end_operator
begin_operator
link-1-0 n-7-1 n-7-2 cell-6-1 cap-3 cap-2 cell-7-1 cap-3 cap-2
0
7
0 7 2 1
0 10 2 1
0 96 1 2
0 97 0 1
0 196 0 1
0 304 2 0
0 305 2 1
1
end_operator
begin_operator
link-1-0 n-7-1 n-7-2 cell-6-1 cap-3 cap-2 cell-7-1 cap-4 cap-3
0
7
0 7 2 1
0 10 3 2
0 96 1 2
0 97 0 1
0 196 0 1
0 304 2 0
0 305 2 1
1
end_operator
begin_operator
link-1-0 n-7-1 n-7-2 cell-6-1 cap-4 cap-3 cell-7-1 cap-1 cap-0
0
7
0 7 3 2
0 10 0 4
0 96 1 2
0 97 0 1
0 196 0 1
0 304 2 0
0 305 2 1
1
end_operator
begin_operator
link-1-0 n-7-1 n-7-2 cell-6-1 cap-4 cap-3 cell-7-1 cap-2 cap-1
0
7
0 7 3 2
0 10 1 0
0 96 1 2
0 97 0 1
0 196 0 1
0 304 2 0
0 305 2 1
1
end_operator
begin_operator
link-1-0 n-7-1 n-7-2 cell-6-1 cap-4 cap-3 cell-7-1 cap-3 cap-2
0
7
0 7 3 2
0 10 2 1
0 96 1 2
0 97 0 1
0 196 0 1
0 304 2 0
0 305 2 1
1
end_operator
begin_operator
link-1-0 n-7-1 n-7-2 cell-6-1 cap-4 cap-3 cell-7-1 cap-4 cap-3
0
7
0 7 3 2
0 10 3 2
0 96 1 2
0 97 0 1
0 196 0 1
0 304 2 0
0 305 2 1
1
end_operator
begin_operator
link-1-0 n-7-1 n-8-1 cell-7-0 cap-1 cap-0 cell-7-1 cap-1 cap-0
0
7
0 9 1 0
0 10 0 4
0 96 1 2
0 102 0 1
0 197 0 1
0 304 2 0
0 309 2 1
1
end_operator
begin_operator
link-1-0 n-7-1 n-8-1 cell-7-0 cap-1 cap-0 cell-7-1 cap-2 cap-1
0
7
0 9 1 0
0 10 1 0
0 96 1 2
0 102 0 1
0 197 0 1
0 304 2 0
0 309 2 1
1
end_operator
begin_operator
link-1-0 n-7-1 n-8-1 cell-7-0 cap-1 cap-0 cell-7-1 cap-3 cap-2
0
7
0 9 1 0
0 10 2 1
0 96 1 2
0 102 0 1
0 197 0 1
0 304 2 0
0 309 2 1
1
end_operator
begin_operator
link-1-0 n-7-1 n-8-1 cell-7-0 cap-1 cap-0 cell-7-1 cap-4 cap-3
0
7
0 9 1 0
0 10 3 2
0 96 1 2
0 102 0 1
0 197 0 1
0 304 2 0
0 309 2 1
1
end_operator
begin_operator
link-1-0 n-7-1 n-8-1 cell-7-0 cap-2 cap-1 cell-7-1 cap-1 cap-0
0
7
0 9 2 1
0 10 0 4
0 96 1 2
0 102 0 1
0 197 0 1
0 304 2 0
0 309 2 1
1
end_operator
begin_operator
link-1-0 n-7-1 n-8-1 cell-7-0 cap-2 cap-1 cell-7-1 cap-2 cap-1
0
7
0 9 2 1
0 10 1 0
0 96 1 2
0 102 0 1
0 197 0 1
0 304 2 0
0 309 2 1
1
end_operator
begin_operator
link-1-0 n-7-1 n-8-1 cell-7-0 cap-2 cap-1 cell-7-1 cap-3 cap-2
0
7
0 9 2 1
0 10 2 1
0 96 1 2
0 102 0 1
0 197 0 1
0 304 2 0
0 309 2 1
1
end_operator
begin_operator
link-1-0 n-7-1 n-8-1 cell-7-0 cap-2 cap-1 cell-7-1 cap-4 cap-3
0
7
0 9 2 1
0 10 3 2
0 96 1 2
0 102 0 1
0 197 0 1
0 304 2 0
0 309 2 1
1
end_operator
begin_operator
link-1-0 n-7-1 n-8-1 cell-7-0 cap-3 cap-2 cell-7-1 cap-1 cap-0
0
7
0 9 3 2
0 10 0 4
0 96 1 2
0 102 0 1
0 197 0 1
0 304 2 0
0 309 2 1
1
end_operator
begin_operator
link-1-0 n-7-1 n-8-1 cell-7-0 cap-3 cap-2 cell-7-1 cap-2 cap-1
0
7
0 9 3 2
0 10 1 0
0 96 1 2
0 102 0 1
0 197 0 1
0 304 2 0
0 309 2 1
1
end_operator
begin_operator
link-1-0 n-7-1 n-8-1 cell-7-0 cap-3 cap-2 cell-7-1 cap-3 cap-2
0
7
0 9 3 2
0 10 2 1
0 96 1 2
0 102 0 1
0 197 0 1
0 304 2 0
0 309 2 1
1
end_operator
begin_operator
link-1-0 n-7-1 n-8-1 cell-7-0 cap-3 cap-2 cell-7-1 cap-4 cap-3
0
7
0 9 3 2
0 10 3 2
0 96 1 2
0 102 0 1
0 197 0 1
0 304 2 0
0 309 2 1
1
end_operator
begin_operator
link-1-0 n-7-2 n-7-3 cell-6-2 cap-1 cap-0 cell-7-2 cap-1 cap-0
0
7
0 11 0 4
0 38 1 0
0 97 1 2
0 98 0 1
0 198 0 1
0 305 2 0
0 306 2 1
1
end_operator
begin_operator
link-1-0 n-7-2 n-7-3 cell-6-2 cap-1 cap-0 cell-7-2 cap-2 cap-1
0
7
0 11 1 0
0 38 1 0
0 97 1 2
0 98 0 1
0 198 0 1
0 305 2 0
0 306 2 1
1
end_operator
begin_operator
link-1-0 n-7-2 n-7-3 cell-6-2 cap-1 cap-0 cell-7-2 cap-3 cap-2
0
7
0 11 2 1
0 38 1 0
0 97 1 2
0 98 0 1
0 198 0 1
0 305 2 0
0 306 2 1
1
end_operator
begin_operator
link-1-0 n-7-2 n-7-3 cell-6-2 cap-1 cap-0 cell-7-2 cap-4 cap-3
0
7
0 11 3 2
0 38 1 0
0 97 1 2
0 98 0 1
0 198 0 1
0 305 2 0
0 306 2 1
1
end_operator
begin_operator
link-1-0 n-7-2 n-7-3 cell-6-2 cap-2 cap-1 cell-7-2 cap-1 cap-0
0
7
0 11 0 4
0 38 2 1
0 97 1 2
0 98 0 1
0 198 0 1
0 305 2 0
0 306 2 1
1
end_operator
begin_operator
link-1-0 n-7-2 n-7-3 cell-6-2 cap-2 cap-1 cell-7-2 cap-2 cap-1
0
7
0 11 1 0
0 38 2 1
0 97 1 2
0 98 0 1
0 198 0 1
0 305 2 0
0 306 2 1
1
end_operator
begin_operator
link-1-0 n-7-2 n-7-3 cell-6-2 cap-2 cap-1 cell-7-2 cap-3 cap-2
0
7
0 11 2 1
0 38 2 1
0 97 1 2
0 98 0 1
0 198 0 1
0 305 2 0
0 306 2 1
1
end_operator
begin_operator
link-1-0 n-7-2 n-7-3 cell-6-2 cap-2 cap-1 cell-7-2 cap-4 cap-3
0
7
0 11 3 2
0 38 2 1
0 97 1 2
0 98 0 1
0 198 0 1
0 305 2 0
0 306 2 1
1
end_operator
begin_operator
link-1-0 n-7-2 n-8-2 cell-7-1 cap-1 cap-0 cell-7-2 cap-1 cap-0
0
7
0 10 0 4
0 11 0 4
0 97 1 2
0 103 0 1
0 199 0 1
0 305 2 0
0 310 2 1
1
end_operator
begin_operator
link-1-0 n-7-2 n-8-2 cell-7-1 cap-1 cap-0 cell-7-2 cap-2 cap-1
0
7
0 10 0 4
0 11 1 0
0 97 1 2
0 103 0 1
0 199 0 1
0 305 2 0
0 310 2 1
1
end_operator
begin_operator
link-1-0 n-7-2 n-8-2 cell-7-1 cap-1 cap-0 cell-7-2 cap-3 cap-2
0
7
0 10 0 4
0 11 2 1
0 97 1 2
0 103 0 1
0 199 0 1
0 305 2 0
0 310 2 1
1
end_operator
begin_operator
link-1-0 n-7-2 n-8-2 cell-7-1 cap-1 cap-0 cell-7-2 cap-4 cap-3
0
7
0 10 0 4
0 11 3 2
0 97 1 2
0 103 0 1
0 199 0 1
0 305 2 0
0 310 2 1
1
end_operator
begin_operator
link-1-0 n-7-2 n-8-2 cell-7-1 cap-2 cap-1 cell-7-2 cap-1 cap-0
0
7
0 10 1 0
0 11 0 4
0 97 1 2
0 103 0 1
0 199 0 1
0 305 2 0
0 310 2 1
1
end_operator
begin_operator
link-1-0 n-7-2 n-8-2 cell-7-1 cap-2 cap-1 cell-7-2 cap-2 cap-1
0
7
0 10 1 0
0 11 1 0
0 97 1 2
0 103 0 1
0 199 0 1
0 305 2 0
0 310 2 1
1
end_operator
begin_operator
link-1-0 n-7-2 n-8-2 cell-7-1 cap-2 cap-1 cell-7-2 cap-3 cap-2
0
7
0 10 1 0
0 11 2 1
0 97 1 2
0 103 0 1
0 199 0 1
0 305 2 0
0 310 2 1
1
end_operator
begin_operator
link-1-0 n-7-2 n-8-2 cell-7-1 cap-2 cap-1 cell-7-2 cap-4 cap-3
0
7
0 10 1 0
0 11 3 2
0 97 1 2
0 103 0 1
0 199 0 1
0 305 2 0
0 310 2 1
1
end_operator
begin_operator
link-1-0 n-7-2 n-8-2 cell-7-1 cap-3 cap-2 cell-7-2 cap-1 cap-0
0
7
0 10 2 1
0 11 0 4
0 97 1 2
0 103 0 1
0 199 0 1
0 305 2 0
0 310 2 1
1
end_operator
begin_operator
link-1-0 n-7-2 n-8-2 cell-7-1 cap-3 cap-2 cell-7-2 cap-2 cap-1
0
7
0 10 2 1
0 11 1 0
0 97 1 2
0 103 0 1
0 199 0 1
0 305 2 0
0 310 2 1
1
end_operator
begin_operator
link-1-0 n-7-2 n-8-2 cell-7-1 cap-3 cap-2 cell-7-2 cap-3 cap-2
0
7
0 10 2 1
0 11 2 1
0 97 1 2
0 103 0 1
0 199 0 1
0 305 2 0
0 310 2 1
1
end_operator
begin_operator
link-1-0 n-7-2 n-8-2 cell-7-1 cap-3 cap-2 cell-7-2 cap-4 cap-3
0
7
0 10 2 1
0 11 3 2
0 97 1 2
0 103 0 1
0 199 0 1
0 305 2 0
0 310 2 1
1
end_operator
begin_operator
link-1-0 n-7-2 n-8-2 cell-7-1 cap-4 cap-3 cell-7-2 cap-1 cap-0
0
7
0 10 3 2
0 11 0 4
0 97 1 2
0 103 0 1
0 199 0 1
0 305 2 0
0 310 2 1
1
end_operator
begin_operator
link-1-0 n-7-2 n-8-2 cell-7-1 cap-4 cap-3 cell-7-2 cap-2 cap-1
0
7
0 10 3 2
0 11 1 0
0 97 1 2
0 103 0 1
0 199 0 1
0 305 2 0
0 310 2 1
1
end_operator
begin_operator
link-1-0 n-7-2 n-8-2 cell-7-1 cap-4 cap-3 cell-7-2 cap-3 cap-2
0
7
0 10 3 2
0 11 2 1
0 97 1 2
0 103 0 1
0 199 0 1
0 305 2 0
0 310 2 1
1
end_operator
begin_operator
link-1-0 n-7-2 n-8-2 cell-7-1 cap-4 cap-3 cell-7-2 cap-4 cap-3
0
7
0 10 3 2
0 11 3 2
0 97 1 2
0 103 0 1
0 199 0 1
0 305 2 0
0 310 2 1
1
end_operator
begin_operator
link-1-0 n-7-3 n-7-4 cell-6-3 cap-1 cap-0 cell-7-3 cap-1 cap-0
0
7
0 8 0 4
0 12 0 4
0 98 1 2
0 99 0 1
0 200 0 1
0 306 2 0
0 307 2 1
1
end_operator
begin_operator
link-1-0 n-7-3 n-7-4 cell-6-3 cap-1 cap-0 cell-7-3 cap-2 cap-1
0
7
0 8 0 4
0 12 1 0
0 98 1 2
0 99 0 1
0 200 0 1
0 306 2 0
0 307 2 1
1
end_operator
begin_operator
link-1-0 n-7-3 n-7-4 cell-6-3 cap-1 cap-0 cell-7-3 cap-3 cap-2
0
7
0 8 0 4
0 12 2 1
0 98 1 2
0 99 0 1
0 200 0 1
0 306 2 0
0 307 2 1
1
end_operator
begin_operator
link-1-0 n-7-3 n-7-4 cell-6-3 cap-1 cap-0 cell-7-3 cap-4 cap-3
0
7
0 8 0 4
0 12 3 2
0 98 1 2
0 99 0 1
0 200 0 1
0 306 2 0
0 307 2 1
1
end_operator
begin_operator
link-1-0 n-7-3 n-7-4 cell-6-3 cap-2 cap-1 cell-7-3 cap-1 cap-0
0
7
0 8 1 0
0 12 0 4
0 98 1 2
0 99 0 1
0 200 0 1
0 306 2 0
0 307 2 1
1
end_operator
begin_operator
link-1-0 n-7-3 n-7-4 cell-6-3 cap-2 cap-1 cell-7-3 cap-2 cap-1
0
7
0 8 1 0
0 12 1 0
0 98 1 2
0 99 0 1
0 200 0 1
0 306 2 0
0 307 2 1
1
end_operator
begin_operator
link-1-0 n-7-3 n-7-4 cell-6-3 cap-2 cap-1 cell-7-3 cap-3 cap-2
0
7
0 8 1 0
0 12 2 1
0 98 1 2
0 99 0 1
0 200 0 1
0 306 2 0
0 307 2 1
1
end_operator
begin_operator
link-1-0 n-7-3 n-7-4 cell-6-3 cap-2 cap-1 cell-7-3 cap-4 cap-3
0
7
0 8 1 0
0 12 3 2
0 98 1 2
0 99 0 1
0 200 0 1
0 306 2 0
0 307 2 1
1
end_operator
begin_operator
link-1-0 n-7-3 n-7-4 cell-6-3 cap-3 cap-2 cell-7-3 cap-1 cap-0
0
7
0 8 2 1
0 12 0 4
0 98 1 2
0 99 0 1
0 200 0 1
0 306 2 0
0 307 2 1
1
end_operator
begin_operator
link-1-0 n-7-3 n-7-4 cell-6-3 cap-3 cap-2 cell-7-3 cap-2 cap-1
0
7
0 8 2 1
0 12 1 0
0 98 1 2
0 99 0 1
0 200 0 1
0 306 2 0
0 307 2 1
1
end_operator
begin_operator
link-1-0 n-7-3 n-7-4 cell-6-3 cap-3 cap-2 cell-7-3 cap-3 cap-2
0
7
0 8 2 1
0 12 2 1
0 98 1 2
0 99 0 1
0 200 0 1
0 306 2 0
0 307 2 1
1
end_operator
begin_operator
link-1-0 n-7-3 n-7-4 cell-6-3 cap-3 cap-2 cell-7-3 cap-4 cap-3
0
7
0 8 2 1
0 12 3 2
0 98 1 2
0 99 0 1
0 200 0 1
0 306 2 0
0 307 2 1
1
end_operator
begin_operator
link-1-0 n-7-3 n-7-4 cell-6-3 cap-4 cap-3 cell-7-3 cap-1 cap-0
0
7
0 8 3 2
0 12 0 4
0 98 1 2
0 99 0 1
0 200 0 1
0 306 2 0
0 307 2 1
1
end_operator
begin_operator
link-1-0 n-7-3 n-7-4 cell-6-3 cap-4 cap-3 cell-7-3 cap-2 cap-1
0
7
0 8 3 2
0 12 1 0
0 98 1 2
0 99 0 1
0 200 0 1
0 306 2 0
0 307 2 1
1
end_operator
begin_operator
link-1-0 n-7-3 n-7-4 cell-6-3 cap-4 cap-3 cell-7-3 cap-3 cap-2
0
7
0 8 3 2
0 12 2 1
0 98 1 2
0 99 0 1
0 200 0 1
0 306 2 0
0 307 2 1
1
end_operator
begin_operator
link-1-0 n-7-3 n-7-4 cell-6-3 cap-4 cap-3 cell-7-3 cap-4 cap-3
0
7
0 8 3 2
0 12 3 2
0 98 1 2
0 99 0 1
0 200 0 1
0 306 2 0
0 307 2 1
1
end_operator
begin_operator
link-1-0 n-7-3 n-8-3 cell-7-2 cap-1 cap-0 cell-7-3 cap-1 cap-0
0
7
0 11 0 4
0 12 0 4
0 98 1 2
0 104 0 1
0 201 0 1
0 306 2 0
0 311 2 1
1
end_operator
begin_operator
link-1-0 n-7-3 n-8-3 cell-7-2 cap-1 cap-0 cell-7-3 cap-2 cap-1
0
7
0 11 0 4
0 12 1 0
0 98 1 2
0 104 0 1
0 201 0 1
0 306 2 0
0 311 2 1
1
end_operator
begin_operator
link-1-0 n-7-3 n-8-3 cell-7-2 cap-1 cap-0 cell-7-3 cap-3 cap-2
0
7
0 11 0 4
0 12 2 1
0 98 1 2
0 104 0 1
0 201 0 1
0 306 2 0
0 311 2 1
1
end_operator
begin_operator
link-1-0 n-7-3 n-8-3 cell-7-2 cap-1 cap-0 cell-7-3 cap-4 cap-3
0
7
0 11 0 4
0 12 3 2
0 98 1 2
0 104 0 1
0 201 0 1
0 306 2 0
0 311 2 1
1
end_operator
begin_operator
link-1-0 n-7-3 n-8-3 cell-7-2 cap-2 cap-1 cell-7-3 cap-1 cap-0
0
7
0 11 1 0
0 12 0 4
0 98 1 2
0 104 0 1
0 201 0 1
0 306 2 0
0 311 2 1
1
end_operator
begin_operator
link-1-0 n-7-3 n-8-3 cell-7-2 cap-2 cap-1 cell-7-3 cap-2 cap-1
0
7
0 11 1 0
0 12 1 0
0 98 1 2
0 104 0 1
0 201 0 1
0 306 2 0
0 311 2 1
1
end_operator
begin_operator
link-1-0 n-7-3 n-8-3 cell-7-2 cap-2 cap-1 cell-7-3 cap-3 cap-2
0
7
0 11 1 0
0 12 2 1
0 98 1 2
0 104 0 1
0 201 0 1
0 306 2 0
0 311 2 1
1
end_operator
begin_operator
link-1-0 n-7-3 n-8-3 cell-7-2 cap-2 cap-1 cell-7-3 cap-4 cap-3
0
7
0 11 1 0
0 12 3 2
0 98 1 2
0 104 0 1
0 201 0 1
0 306 2 0
0 311 2 1
1
end_operator
begin_operator
link-1-0 n-7-3 n-8-3 cell-7-2 cap-3 cap-2 cell-7-3 cap-1 cap-0
0
7
0 11 2 1
0 12 0 4
0 98 1 2
0 104 0 1
0 201 0 1
0 306 2 0
0 311 2 1
1
end_operator
begin_operator
link-1-0 n-7-3 n-8-3 cell-7-2 cap-3 cap-2 cell-7-3 cap-2 cap-1
0
7
0 11 2 1
0 12 1 0
0 98 1 2
0 104 0 1
0 201 0 1
0 306 2 0
0 311 2 1
1
end_operator
begin_operator
link-1-0 n-7-3 n-8-3 cell-7-2 cap-3 cap-2 cell-7-3 cap-3 cap-2
0
7
0 11 2 1
0 12 2 1
0 98 1 2
0 104 0 1
0 201 0 1
0 306 2 0
0 311 2 1
1
end_operator
begin_operator
link-1-0 n-7-3 n-8-3 cell-7-2 cap-3 cap-2 cell-7-3 cap-4 cap-3
0
7
0 11 2 1
0 12 3 2
0 98 1 2
0 104 0 1
0 201 0 1
0 306 2 0
0 311 2 1
1
end_operator
begin_operator
link-1-0 n-7-3 n-8-3 cell-7-2 cap-4 cap-3 cell-7-3 cap-1 cap-0
0
7
0 11 3 2
0 12 0 4
0 98 1 2
0 104 0 1
0 201 0 1
0 306 2 0
0 311 2 1
1
end_operator
begin_operator
link-1-0 n-7-3 n-8-3 cell-7-2 cap-4 cap-3 cell-7-3 cap-2 cap-1
0
7
0 11 3 2
0 12 1 0
0 98 1 2
0 104 0 1
0 201 0 1
0 306 2 0
0 311 2 1
1
end_operator
begin_operator
link-1-0 n-7-3 n-8-3 cell-7-2 cap-4 cap-3 cell-7-3 cap-3 cap-2
0
7
0 11 3 2
0 12 2 1
0 98 1 2
0 104 0 1
0 201 0 1
0 306 2 0
0 311 2 1
1
end_operator
begin_operator
link-1-0 n-7-3 n-8-3 cell-7-2 cap-4 cap-3 cell-7-3 cap-4 cap-3
0
7
0 11 3 2
0 12 3 2
0 98 1 2
0 104 0 1
0 201 0 1
0 306 2 0
0 311 2 1
1
end_operator
begin_operator
link-1-0 n-7-4 n-8-4 cell-7-3 cap-1 cap-0 cell-outside-7-right cap-1 cap-0
0
7
0 12 0 4
0 99 1 2
0 105 0 1
0 202 0 1
0 248 0 1
0 307 2 0
0 312 2 1
1
end_operator
begin_operator
link-1-0 n-7-4 n-8-4 cell-7-3 cap-2 cap-1 cell-outside-7-right cap-1 cap-0
0
7
0 12 1 0
0 99 1 2
0 105 0 1
0 202 0 1
0 248 0 1
0 307 2 0
0 312 2 1
1
end_operator
begin_operator
link-1-0 n-7-4 n-8-4 cell-7-3 cap-3 cap-2 cell-outside-7-right cap-1 cap-0
0
7
0 12 2 1
0 99 1 2
0 105 0 1
0 202 0 1
0 248 0 1
0 307 2 0
0 312 2 1
1
end_operator
begin_operator
link-1-0 n-7-4 n-8-4 cell-7-3 cap-4 cap-3 cell-outside-7-right cap-1 cap-0
0
7
0 12 3 2
0 99 1 2
0 105 0 1
0 202 0 1
0 248 0 1
0 307 2 0
0 312 2 1
1
end_operator
begin_operator
link-1-0 n-8-0 n-8-1 cell-7-0 cap-1 cap-0 cell-8-0 cap-1 cap-0
0
7
0 9 1 0
0 13 1 0
0 100 1 2
0 102 0 1
0 203 0 1
0 308 2 0
0 309 2 1
1
end_operator
begin_operator
link-1-0 n-8-0 n-8-1 cell-7-0 cap-1 cap-0 cell-8-0 cap-2 cap-1
0
7
0 9 1 0
0 13 2 1
0 100 1 2
0 102 0 1
0 203 0 1
0 308 2 0
0 309 2 1
1
end_operator
begin_operator
link-1-0 n-8-0 n-8-1 cell-7-0 cap-1 cap-0 cell-8-0 cap-3 cap-2
0
7
0 9 1 0
0 13 3 2
0 100 1 2
0 102 0 1
0 203 0 1
0 308 2 0
0 309 2 1
1
end_operator
begin_operator
link-1-0 n-8-0 n-8-1 cell-7-0 cap-2 cap-1 cell-8-0 cap-1 cap-0
0
7
0 9 2 1
0 13 1 0
0 100 1 2
0 102 0 1
0 203 0 1
0 308 2 0
0 309 2 1
1
end_operator
begin_operator
link-1-0 n-8-0 n-8-1 cell-7-0 cap-2 cap-1 cell-8-0 cap-2 cap-1
0
7
0 9 2 1
0 13 2 1
0 100 1 2
0 102 0 1
0 203 0 1
0 308 2 0
0 309 2 1
1
end_operator
begin_operator
link-1-0 n-8-0 n-8-1 cell-7-0 cap-2 cap-1 cell-8-0 cap-3 cap-2
0
7
0 9 2 1
0 13 3 2
0 100 1 2
0 102 0 1
0 203 0 1
0 308 2 0
0 309 2 1
1
end_operator
begin_operator
link-1-0 n-8-0 n-8-1 cell-7-0 cap-3 cap-2 cell-8-0 cap-1 cap-0
0
7
0 9 3 2
0 13 1 0
0 100 1 2
0 102 0 1
0 203 0 1
0 308 2 0
0 309 2 1
1
end_operator
begin_operator
link-1-0 n-8-0 n-8-1 cell-7-0 cap-3 cap-2 cell-8-0 cap-2 cap-1
0
7
0 9 3 2
0 13 2 1
0 100 1 2
0 102 0 1
0 203 0 1
0 308 2 0
0 309 2 1
1
end_operator
begin_operator
link-1-0 n-8-0 n-8-1 cell-7-0 cap-3 cap-2 cell-8-0 cap-3 cap-2
0
7
0 9 3 2
0 13 3 2
0 100 1 2
0 102 0 1
0 203 0 1
0 308 2 0
0 309 2 1
1
end_operator
begin_operator
link-1-0 n-8-0 n-9-0 cell-outside-8-left cap-1 cap-0 cell-8-0 cap-1 cap-0
0
7
0 13 1 0
0 100 1 2
0 106 0 1
0 204 0 1
0 249 0 1
0 308 2 0
0 313 2 1
1
end_operator
begin_operator
link-1-0 n-8-0 n-9-0 cell-outside-8-left cap-1 cap-0 cell-8-0 cap-2 cap-1
0
7
0 13 2 1
0 100 1 2
0 106 0 1
0 204 0 1
0 249 0 1
0 308 2 0
0 313 2 1
1
end_operator
begin_operator
link-1-0 n-8-0 n-9-0 cell-outside-8-left cap-1 cap-0 cell-8-0 cap-3 cap-2
0
7
0 13 3 2
0 100 1 2
0 106 0 1
0 204 0 1
0 249 0 1
0 308 2 0
0 313 2 1
1
end_operator
begin_operator
link-1-0 n-8-1 n-8-2 cell-7-1 cap-1 cap-0 cell-8-1 cap-1 cap-0
0
7
0 10 0 4
0 14 0 4
0 102 1 2
0 103 0 1
0 205 0 1
0 309 2 0
0 310 2 1
1
end_operator
begin_operator
link-1-0 n-8-1 n-8-2 cell-7-1 cap-1 cap-0 cell-8-1 cap-2 cap-1
0
7
0 10 0 4
0 14 1 0
0 102 1 2
0 103 0 1
0 205 0 1
0 309 2 0
0 310 2 1
1
end_operator
begin_operator
link-1-0 n-8-1 n-8-2 cell-7-1 cap-1 cap-0 cell-8-1 cap-3 cap-2
0
7
0 10 0 4
0 14 2 1
0 102 1 2
0 103 0 1
0 205 0 1
0 309 2 0
0 310 2 1
1
end_operator
begin_operator
link-1-0 n-8-1 n-8-2 cell-7-1 cap-1 cap-0 cell-8-1 cap-4 cap-3
0
7
0 10 0 4
0 14 3 2
0 102 1 2
0 103 0 1
0 205 0 1
0 309 2 0
0 310 2 1
1
end_operator
begin_operator
link-1-0 n-8-1 n-8-2 cell-7-1 cap-2 cap-1 cell-8-1 cap-1 cap-0
0
7
0 10 1 0
0 14 0 4
0 102 1 2
0 103 0 1
0 205 0 1
0 309 2 0
0 310 2 1
1
end_operator
begin_operator
link-1-0 n-8-1 n-8-2 cell-7-1 cap-2 cap-1 cell-8-1 cap-2 cap-1
0
7
0 10 1 0
0 14 1 0
0 102 1 2
0 103 0 1
0 205 0 1
0 309 2 0
0 310 2 1
1
end_operator
begin_operator
link-1-0 n-8-1 n-8-2 cell-7-1 cap-2 cap-1 cell-8-1 cap-3 cap-2
0
7
0 10 1 0
0 14 2 1
0 102 1 2
0 103 0 1
0 205 0 1
0 309 2 0
0 310 2 1
1
end_operator
begin_operator
link-1-0 n-8-1 n-8-2 cell-7-1 cap-2 cap-1 cell-8-1 cap-4 cap-3
0
7
0 10 1 0
0 14 3 2
0 102 1 2
0 103 0 1
0 205 0 1
0 309 2 0
0 310 2 1
1
end_operator
begin_operator
link-1-0 n-8-1 n-8-2 cell-7-1 cap-3 cap-2 cell-8-1 cap-1 cap-0
0
7
0 10 2 1
0 14 0 4
0 102 1 2
0 103 0 1
0 205 0 1
0 309 2 0
0 310 2 1
1
end_operator
begin_operator
link-1-0 n-8-1 n-8-2 cell-7-1 cap-3 cap-2 cell-8-1 cap-2 cap-1
0
7
0 10 2 1
0 14 1 0
0 102 1 2
0 103 0 1
0 205 0 1
0 309 2 0
0 310 2 1
1
end_operator
begin_operator
link-1-0 n-8-1 n-8-2 cell-7-1 cap-3 cap-2 cell-8-1 cap-3 cap-2
0
7
0 10 2 1
0 14 2 1
0 102 1 2
0 103 0 1
0 205 0 1
0 309 2 0
0 310 2 1
1
end_operator
begin_operator
link-1-0 n-8-1 n-8-2 cell-7-1 cap-3 cap-2 cell-8-1 cap-4 cap-3
0
7
0 10 2 1
0 14 3 2
0 102 1 2
0 103 0 1
0 205 0 1
0 309 2 0
0 310 2 1
1
end_operator
begin_operator
link-1-0 n-8-1 n-8-2 cell-7-1 cap-4 cap-3 cell-8-1 cap-1 cap-0
0
7
0 10 3 2
0 14 0 4
0 102 1 2
0 103 0 1
0 205 0 1
0 309 2 0
0 310 2 1
1
end_operator
begin_operator
link-1-0 n-8-1 n-8-2 cell-7-1 cap-4 cap-3 cell-8-1 cap-2 cap-1
0
7
0 10 3 2
0 14 1 0
0 102 1 2
0 103 0 1
0 205 0 1
0 309 2 0
0 310 2 1
1
end_operator
begin_operator
link-1-0 n-8-1 n-8-2 cell-7-1 cap-4 cap-3 cell-8-1 cap-3 cap-2
0
7
0 10 3 2
0 14 2 1
0 102 1 2
0 103 0 1
0 205 0 1
0 309 2 0
0 310 2 1
1
end_operator
begin_operator
link-1-0 n-8-1 n-8-2 cell-7-1 cap-4 cap-3 cell-8-1 cap-4 cap-3
0
7
0 10 3 2
0 14 3 2
0 102 1 2
0 103 0 1
0 205 0 1
0 309 2 0
0 310 2 1
1
end_operator
begin_operator
link-1-0 n-8-1 n-9-1 cell-8-0 cap-1 cap-0 cell-8-1 cap-1 cap-0
0
7
0 13 1 0
0 14 0 4
0 102 1 2
0 107 0 1
0 207 0 1
0 309 2 0
0 314 2 1
1
end_operator
begin_operator
link-1-0 n-8-1 n-9-1 cell-8-0 cap-1 cap-0 cell-8-1 cap-2 cap-1
0
7
0 13 1 0
0 14 1 0
0 102 1 2
0 107 0 1
0 207 0 1
0 309 2 0
0 314 2 1
1
end_operator
begin_operator
link-1-0 n-8-1 n-9-1 cell-8-0 cap-1 cap-0 cell-8-1 cap-3 cap-2
0
7
0 13 1 0
0 14 2 1
0 102 1 2
0 107 0 1
0 207 0 1
0 309 2 0
0 314 2 1
1
end_operator
begin_operator
link-1-0 n-8-1 n-9-1 cell-8-0 cap-1 cap-0 cell-8-1 cap-4 cap-3
0
7
0 13 1 0
0 14 3 2
0 102 1 2
0 107 0 1
0 207 0 1
0 309 2 0
0 314 2 1
1
end_operator
begin_operator
link-1-0 n-8-1 n-9-1 cell-8-0 cap-2 cap-1 cell-8-1 cap-1 cap-0
0
7
0 13 2 1
0 14 0 4
0 102 1 2
0 107 0 1
0 207 0 1
0 309 2 0
0 314 2 1
1
end_operator
begin_operator
link-1-0 n-8-1 n-9-1 cell-8-0 cap-2 cap-1 cell-8-1 cap-2 cap-1
0
7
0 13 2 1
0 14 1 0
0 102 1 2
0 107 0 1
0 207 0 1
0 309 2 0
0 314 2 1
1
end_operator
begin_operator
link-1-0 n-8-1 n-9-1 cell-8-0 cap-2 cap-1 cell-8-1 cap-3 cap-2
0
7
0 13 2 1
0 14 2 1
0 102 1 2
0 107 0 1
0 207 0 1
0 309 2 0
0 314 2 1
1
end_operator
begin_operator
link-1-0 n-8-1 n-9-1 cell-8-0 cap-2 cap-1 cell-8-1 cap-4 cap-3
0
7
0 13 2 1
0 14 3 2
0 102 1 2
0 107 0 1
0 207 0 1
0 309 2 0
0 314 2 1
1
end_operator
begin_operator
link-1-0 n-8-1 n-9-1 cell-8-0 cap-3 cap-2 cell-8-1 cap-1 cap-0
0
7
0 13 3 2
0 14 0 4
0 102 1 2
0 107 0 1
0 207 0 1
0 309 2 0
0 314 2 1
1
end_operator
begin_operator
link-1-0 n-8-1 n-9-1 cell-8-0 cap-3 cap-2 cell-8-1 cap-2 cap-1
0
7
0 13 3 2
0 14 1 0
0 102 1 2
0 107 0 1
0 207 0 1
0 309 2 0
0 314 2 1
1
end_operator
begin_operator
link-1-0 n-8-1 n-9-1 cell-8-0 cap-3 cap-2 cell-8-1 cap-3 cap-2
0
7
0 13 3 2
0 14 2 1
0 102 1 2
0 107 0 1
0 207 0 1
0 309 2 0
0 314 2 1
1
end_operator
begin_operator
link-1-0 n-8-1 n-9-1 cell-8-0 cap-3 cap-2 cell-8-1 cap-4 cap-3
0
7
0 13 3 2
0 14 3 2
0 102 1 2
0 107 0 1
0 207 0 1
0 309 2 0
0 314 2 1
1
end_operator
begin_operator
link-1-0 n-8-2 n-8-3 cell-7-2 cap-1 cap-0 cell-8-2 cap-1 cap-0
0
7
0 11 0 4
0 15 1 0
0 103 1 2
0 104 0 1
0 209 0 1
0 310 2 0
0 311 2 1
1
end_operator
begin_operator
link-1-0 n-8-2 n-8-3 cell-7-2 cap-1 cap-0 cell-8-2 cap-2 cap-1
0
7
0 11 0 4
0 15 2 1
0 103 1 2
0 104 0 1
0 209 0 1
0 310 2 0
0 311 2 1
1
end_operator
begin_operator
link-1-0 n-8-2 n-8-3 cell-7-2 cap-1 cap-0 cell-8-2 cap-3 cap-2
0
7
0 11 0 4
0 15 3 2
0 103 1 2
0 104 0 1
0 209 0 1
0 310 2 0
0 311 2 1
1
end_operator
begin_operator
link-1-0 n-8-2 n-8-3 cell-7-2 cap-2 cap-1 cell-8-2 cap-1 cap-0
0
7
0 11 1 0
0 15 1 0
0 103 1 2
0 104 0 1
0 209 0 1
0 310 2 0
0 311 2 1
1
end_operator
begin_operator
link-1-0 n-8-2 n-8-3 cell-7-2 cap-2 cap-1 cell-8-2 cap-2 cap-1
0
7
0 11 1 0
0 15 2 1
0 103 1 2
0 104 0 1
0 209 0 1
0 310 2 0
0 311 2 1
1
end_operator
begin_operator
link-1-0 n-8-2 n-8-3 cell-7-2 cap-2 cap-1 cell-8-2 cap-3 cap-2
0
7
0 11 1 0
0 15 3 2
0 103 1 2
0 104 0 1
0 209 0 1
0 310 2 0
0 311 2 1
1
end_operator
begin_operator
link-1-0 n-8-2 n-8-3 cell-7-2 cap-3 cap-2 cell-8-2 cap-1 cap-0
0
7
0 11 2 1
0 15 1 0
0 103 1 2
0 104 0 1
0 209 0 1
0 310 2 0
0 311 2 1
1
end_operator
begin_operator
link-1-0 n-8-2 n-8-3 cell-7-2 cap-3 cap-2 cell-8-2 cap-2 cap-1
0
7
0 11 2 1
0 15 2 1
0 103 1 2
0 104 0 1
0 209 0 1
0 310 2 0
0 311 2 1
1
end_operator
begin_operator
link-1-0 n-8-2 n-8-3 cell-7-2 cap-3 cap-2 cell-8-2 cap-3 cap-2
0
7
0 11 2 1
0 15 3 2
0 103 1 2
0 104 0 1
0 209 0 1
0 310 2 0
0 311 2 1
1
end_operator
begin_operator
link-1-0 n-8-2 n-8-3 cell-7-2 cap-4 cap-3 cell-8-2 cap-1 cap-0
0
7
0 11 3 2
0 15 1 0
0 103 1 2
0 104 0 1
0 209 0 1
0 310 2 0
0 311 2 1
1
end_operator
begin_operator
link-1-0 n-8-2 n-8-3 cell-7-2 cap-4 cap-3 cell-8-2 cap-2 cap-1
0
7
0 11 3 2
0 15 2 1
0 103 1 2
0 104 0 1
0 209 0 1
0 310 2 0
0 311 2 1
1
end_operator
begin_operator
link-1-0 n-8-2 n-8-3 cell-7-2 cap-4 cap-3 cell-8-2 cap-3 cap-2
0
7
0 11 3 2
0 15 3 2
0 103 1 2
0 104 0 1
0 209 0 1
0 310 2 0
0 311 2 1
1
end_operator
begin_operator
link-1-0 n-8-2 n-9-2 cell-8-1 cap-1 cap-0 cell-8-2 cap-1 cap-0
0
7
0 14 0 4
0 15 1 0
0 103 1 2
0 108 0 1
0 211 0 1
0 310 2 0
0 315 2 1
1
end_operator
begin_operator
link-1-0 n-8-2 n-9-2 cell-8-1 cap-1 cap-0 cell-8-2 cap-2 cap-1
0
7
0 14 0 4
0 15 2 1
0 103 1 2
0 108 0 1
0 211 0 1
0 310 2 0
0 315 2 1
1
end_operator
begin_operator
link-1-0 n-8-2 n-9-2 cell-8-1 cap-1 cap-0 cell-8-2 cap-3 cap-2
0
7
0 14 0 4
0 15 3 2
0 103 1 2
0 108 0 1
0 211 0 1
0 310 2 0
0 315 2 1
1
end_operator
begin_operator
link-1-0 n-8-2 n-9-2 cell-8-1 cap-2 cap-1 cell-8-2 cap-1 cap-0
0
7
0 14 1 0
0 15 1 0
0 103 1 2
0 108 0 1
0 211 0 1
0 310 2 0
0 315 2 1
1
end_operator
begin_operator
link-1-0 n-8-2 n-9-2 cell-8-1 cap-2 cap-1 cell-8-2 cap-2 cap-1
0
7
0 14 1 0
0 15 2 1
0 103 1 2
0 108 0 1
0 211 0 1
0 310 2 0
0 315 2 1
1
end_operator
begin_operator
link-1-0 n-8-2 n-9-2 cell-8-1 cap-2 cap-1 cell-8-2 cap-3 cap-2
0
7
0 14 1 0
0 15 3 2
0 103 1 2
0 108 0 1
0 211 0 1
0 310 2 0
0 315 2 1
1
end_operator
begin_operator
link-1-0 n-8-2 n-9-2 cell-8-1 cap-3 cap-2 cell-8-2 cap-1 cap-0
0
7
0 14 2 1
0 15 1 0
0 103 1 2
0 108 0 1
0 211 0 1
0 310 2 0
0 315 2 1
1
end_operator
begin_operator
link-1-0 n-8-2 n-9-2 cell-8-1 cap-3 cap-2 cell-8-2 cap-2 cap-1
0
7
0 14 2 1
0 15 2 1
0 103 1 2
0 108 0 1
0 211 0 1
0 310 2 0
0 315 2 1
1
end_operator
begin_operator
link-1-0 n-8-2 n-9-2 cell-8-1 cap-3 cap-2 cell-8-2 cap-3 cap-2
0
7
0 14 2 1
0 15 3 2
0 103 1 2
0 108 0 1
0 211 0 1
0 310 2 0
0 315 2 1
1
end_operator
begin_operator
link-1-0 n-8-2 n-9-2 cell-8-1 cap-4 cap-3 cell-8-2 cap-1 cap-0
0
7
0 14 3 2
0 15 1 0
0 103 1 2
0 108 0 1
0 211 0 1
0 310 2 0
0 315 2 1
1
end_operator
begin_operator
link-1-0 n-8-2 n-9-2 cell-8-1 cap-4 cap-3 cell-8-2 cap-2 cap-1
0
7
0 14 3 2
0 15 2 1
0 103 1 2
0 108 0 1
0 211 0 1
0 310 2 0
0 315 2 1
1
end_operator
begin_operator
link-1-0 n-8-2 n-9-2 cell-8-1 cap-4 cap-3 cell-8-2 cap-3 cap-2
0
7
0 14 3 2
0 15 3 2
0 103 1 2
0 108 0 1
0 211 0 1
0 310 2 0
0 315 2 1
1
end_operator
begin_operator
link-1-0 n-8-3 n-8-4 cell-7-3 cap-1 cap-0 cell-8-3 cap-1 cap-0
0
7
0 12 0 4
0 16 0 4
0 104 1 2
0 105 0 1
0 213 0 1
0 311 2 0
0 312 2 1
1
end_operator
begin_operator
link-1-0 n-8-3 n-8-4 cell-7-3 cap-1 cap-0 cell-8-3 cap-2 cap-1
0
7
0 12 0 4
0 16 1 0
0 104 1 2
0 105 0 1
0 213 0 1
0 311 2 0
0 312 2 1
1
end_operator
begin_operator
link-1-0 n-8-3 n-8-4 cell-7-3 cap-1 cap-0 cell-8-3 cap-3 cap-2
0
7
0 12 0 4
0 16 2 1
0 104 1 2
0 105 0 1
0 213 0 1
0 311 2 0
0 312 2 1
1
end_operator
begin_operator
link-1-0 n-8-3 n-8-4 cell-7-3 cap-1 cap-0 cell-8-3 cap-4 cap-3
0
7
0 12 0 4
0 16 3 2
0 104 1 2
0 105 0 1
0 213 0 1
0 311 2 0
0 312 2 1
1
end_operator
begin_operator
link-1-0 n-8-3 n-8-4 cell-7-3 cap-2 cap-1 cell-8-3 cap-1 cap-0
0
7
0 12 1 0
0 16 0 4
0 104 1 2
0 105 0 1
0 213 0 1
0 311 2 0
0 312 2 1
1
end_operator
begin_operator
link-1-0 n-8-3 n-8-4 cell-7-3 cap-2 cap-1 cell-8-3 cap-2 cap-1
0
7
0 12 1 0
0 16 1 0
0 104 1 2
0 105 0 1
0 213 0 1
0 311 2 0
0 312 2 1
1
end_operator
begin_operator
link-1-0 n-8-3 n-8-4 cell-7-3 cap-2 cap-1 cell-8-3 cap-3 cap-2
0
7
0 12 1 0
0 16 2 1
0 104 1 2
0 105 0 1
0 213 0 1
0 311 2 0
0 312 2 1
1
end_operator
begin_operator
link-1-0 n-8-3 n-8-4 cell-7-3 cap-2 cap-1 cell-8-3 cap-4 cap-3
0
7
0 12 1 0
0 16 3 2
0 104 1 2
0 105 0 1
0 213 0 1
0 311 2 0
0 312 2 1
1
end_operator
begin_operator
link-1-0 n-8-3 n-8-4 cell-7-3 cap-3 cap-2 cell-8-3 cap-1 cap-0
0
7
0 12 2 1
0 16 0 4
0 104 1 2
0 105 0 1
0 213 0 1
0 311 2 0
0 312 2 1
1
end_operator
begin_operator
link-1-0 n-8-3 n-8-4 cell-7-3 cap-3 cap-2 cell-8-3 cap-2 cap-1
0
7
0 12 2 1
0 16 1 0
0 104 1 2
0 105 0 1
0 213 0 1
0 311 2 0
0 312 2 1
1
end_operator
begin_operator
link-1-0 n-8-3 n-8-4 cell-7-3 cap-3 cap-2 cell-8-3 cap-3 cap-2
0
7
0 12 2 1
0 16 2 1
0 104 1 2
0 105 0 1
0 213 0 1
0 311 2 0
0 312 2 1
1
end_operator
begin_operator
link-1-0 n-8-3 n-8-4 cell-7-3 cap-3 cap-2 cell-8-3 cap-4 cap-3
0
7
0 12 2 1
0 16 3 2
0 104 1 2
0 105 0 1
0 213 0 1
0 311 2 0
0 312 2 1
1
end_operator
begin_operator
link-1-0 n-8-3 n-8-4 cell-7-3 cap-4 cap-3 cell-8-3 cap-1 cap-0
0
7
0 12 3 2
0 16 0 4
0 104 1 2
0 105 0 1
0 213 0 1
0 311 2 0
0 312 2 1
1
end_operator
begin_operator
link-1-0 n-8-3 n-8-4 cell-7-3 cap-4 cap-3 cell-8-3 cap-2 cap-1
0
7
0 12 3 2
0 16 1 0
0 104 1 2
0 105 0 1
0 213 0 1
0 311 2 0
0 312 2 1
1
end_operator
begin_operator
link-1-0 n-8-3 n-8-4 cell-7-3 cap-4 cap-3 cell-8-3 cap-3 cap-2
0
7
0 12 3 2
0 16 2 1
0 104 1 2
0 105 0 1
0 213 0 1
0 311 2 0
0 312 2 1
1
end_operator
begin_operator
link-1-0 n-8-3 n-8-4 cell-7-3 cap-4 cap-3 cell-8-3 cap-4 cap-3
0
7
0 12 3 2
0 16 3 2
0 104 1 2
0 105 0 1
0 213 0 1
0 311 2 0
0 312 2 1
1
end_operator
begin_operator
link-1-0 n-8-3 n-9-3 cell-8-2 cap-1 cap-0 cell-8-3 cap-1 cap-0
0
7
0 15 1 0
0 16 0 4
0 104 1 2
0 109 0 1
0 215 0 1
0 311 2 0
0 316 2 1
1
end_operator
begin_operator
link-1-0 n-8-3 n-9-3 cell-8-2 cap-1 cap-0 cell-8-3 cap-2 cap-1
0
7
0 15 1 0
0 16 1 0
0 104 1 2
0 109 0 1
0 215 0 1
0 311 2 0
0 316 2 1
1
end_operator
begin_operator
link-1-0 n-8-3 n-9-3 cell-8-2 cap-1 cap-0 cell-8-3 cap-3 cap-2
0
7
0 15 1 0
0 16 2 1
0 104 1 2
0 109 0 1
0 215 0 1
0 311 2 0
0 316 2 1
1
end_operator
begin_operator
link-1-0 n-8-3 n-9-3 cell-8-2 cap-1 cap-0 cell-8-3 cap-4 cap-3
0
7
0 15 1 0
0 16 3 2
0 104 1 2
0 109 0 1
0 215 0 1
0 311 2 0
0 316 2 1
1
end_operator
begin_operator
link-1-0 n-8-3 n-9-3 cell-8-2 cap-2 cap-1 cell-8-3 cap-1 cap-0
0
7
0 15 2 1
0 16 0 4
0 104 1 2
0 109 0 1
0 215 0 1
0 311 2 0
0 316 2 1
1
end_operator
begin_operator
link-1-0 n-8-3 n-9-3 cell-8-2 cap-2 cap-1 cell-8-3 cap-2 cap-1
0
7
0 15 2 1
0 16 1 0
0 104 1 2
0 109 0 1
0 215 0 1
0 311 2 0
0 316 2 1
1
end_operator
begin_operator
link-1-0 n-8-3 n-9-3 cell-8-2 cap-2 cap-1 cell-8-3 cap-3 cap-2
0
7
0 15 2 1
0 16 2 1
0 104 1 2
0 109 0 1
0 215 0 1
0 311 2 0
0 316 2 1
1
end_operator
begin_operator
link-1-0 n-8-3 n-9-3 cell-8-2 cap-2 cap-1 cell-8-3 cap-4 cap-3
0
7
0 15 2 1
0 16 3 2
0 104 1 2
0 109 0 1
0 215 0 1
0 311 2 0
0 316 2 1
1
end_operator
begin_operator
link-1-0 n-8-3 n-9-3 cell-8-2 cap-3 cap-2 cell-8-3 cap-1 cap-0
0
7
0 15 3 2
0 16 0 4
0 104 1 2
0 109 0 1
0 215 0 1
0 311 2 0
0 316 2 1
1
end_operator
begin_operator
link-1-0 n-8-3 n-9-3 cell-8-2 cap-3 cap-2 cell-8-3 cap-2 cap-1
0
7
0 15 3 2
0 16 1 0
0 104 1 2
0 109 0 1
0 215 0 1
0 311 2 0
0 316 2 1
1
end_operator
begin_operator
link-1-0 n-8-3 n-9-3 cell-8-2 cap-3 cap-2 cell-8-3 cap-3 cap-2
0
7
0 15 3 2
0 16 2 1
0 104 1 2
0 109 0 1
0 215 0 1
0 311 2 0
0 316 2 1
1
end_operator
begin_operator
link-1-0 n-8-3 n-9-3 cell-8-2 cap-3 cap-2 cell-8-3 cap-4 cap-3
0
7
0 15 3 2
0 16 3 2
0 104 1 2
0 109 0 1
0 215 0 1
0 311 2 0
0 316 2 1
1
end_operator
begin_operator
link-1-0 n-8-4 n-9-4 cell-8-3 cap-1 cap-0 cell-outside-8-right cap-1 cap-0
0
7
0 16 0 4
0 105 1 2
0 110 0 1
0 217 0 1
0 250 0 1
0 312 2 0
0 317 2 1
1
end_operator
begin_operator
link-1-0 n-8-4 n-9-4 cell-8-3 cap-2 cap-1 cell-outside-8-right cap-1 cap-0
0
7
0 16 1 0
0 105 1 2
0 110 0 1
0 217 0 1
0 250 0 1
0 312 2 0
0 317 2 1
1
end_operator
begin_operator
link-1-0 n-8-4 n-9-4 cell-8-3 cap-3 cap-2 cell-outside-8-right cap-1 cap-0
0
7
0 16 2 1
0 105 1 2
0 110 0 1
0 217 0 1
0 250 0 1
0 312 2 0
0 317 2 1
1
end_operator
begin_operator
link-1-0 n-8-4 n-9-4 cell-8-3 cap-4 cap-3 cell-outside-8-right cap-1 cap-0
0
7
0 16 3 2
0 105 1 2
0 110 0 1
0 217 0 1
0 250 0 1
0 312 2 0
0 317 2 1
1
end_operator
begin_operator
link-1-0 n-9-0 n-10-0 cell-outside-9-left cap-1 cap-0 cell-9-0 cap-1 cap-0
0
7
0 17 0 4
0 55 0 1
0 106 1 2
0 219 0 1
0 251 0 1
0 263 2 1
0 313 2 0
1
end_operator
begin_operator
link-1-0 n-9-0 n-10-0 cell-outside-9-left cap-1 cap-0 cell-9-0 cap-2 cap-1
0
7
0 17 1 0
0 55 0 1
0 106 1 2
0 219 0 1
0 251 0 1
0 263 2 1
0 313 2 0
1
end_operator
begin_operator
link-1-0 n-9-0 n-10-0 cell-outside-9-left cap-1 cap-0 cell-9-0 cap-3 cap-2
0
7
0 17 2 1
0 55 0 1
0 106 1 2
0 219 0 1
0 251 0 1
0 263 2 1
0 313 2 0
1
end_operator
begin_operator
link-1-0 n-9-0 n-10-0 cell-outside-9-left cap-1 cap-0 cell-9-0 cap-4 cap-3
0
7
0 17 3 2
0 55 0 1
0 106 1 2
0 219 0 1
0 251 0 1
0 263 2 1
0 313 2 0
1
end_operator
begin_operator
link-1-0 n-9-0 n-9-1 cell-8-0 cap-1 cap-0 cell-9-0 cap-1 cap-0
0
7
0 13 1 0
0 17 0 4
0 106 1 2
0 107 0 1
0 221 0 1
0 313 2 0
0 314 2 1
1
end_operator
begin_operator
link-1-0 n-9-0 n-9-1 cell-8-0 cap-1 cap-0 cell-9-0 cap-2 cap-1
0
7
0 13 1 0
0 17 1 0
0 106 1 2
0 107 0 1
0 221 0 1
0 313 2 0
0 314 2 1
1
end_operator
begin_operator
link-1-0 n-9-0 n-9-1 cell-8-0 cap-1 cap-0 cell-9-0 cap-3 cap-2
0
7
0 13 1 0
0 17 2 1
0 106 1 2
0 107 0 1
0 221 0 1
0 313 2 0
0 314 2 1
1
end_operator
begin_operator
link-1-0 n-9-0 n-9-1 cell-8-0 cap-1 cap-0 cell-9-0 cap-4 cap-3
0
7
0 13 1 0
0 17 3 2
0 106 1 2
0 107 0 1
0 221 0 1
0 313 2 0
0 314 2 1
1
end_operator
begin_operator
link-1-0 n-9-0 n-9-1 cell-8-0 cap-2 cap-1 cell-9-0 cap-1 cap-0
0
7
0 13 2 1
0 17 0 4
0 106 1 2
0 107 0 1
0 221 0 1
0 313 2 0
0 314 2 1
1
end_operator
begin_operator
link-1-0 n-9-0 n-9-1 cell-8-0 cap-2 cap-1 cell-9-0 cap-2 cap-1
0
7
0 13 2 1
0 17 1 0
0 106 1 2
0 107 0 1
0 221 0 1
0 313 2 0
0 314 2 1
1
end_operator
begin_operator
link-1-0 n-9-0 n-9-1 cell-8-0 cap-2 cap-1 cell-9-0 cap-3 cap-2
0
7
0 13 2 1
0 17 2 1
0 106 1 2
0 107 0 1
0 221 0 1
0 313 2 0
0 314 2 1
1
end_operator
begin_operator
link-1-0 n-9-0 n-9-1 cell-8-0 cap-2 cap-1 cell-9-0 cap-4 cap-3
0
7
0 13 2 1
0 17 3 2
0 106 1 2
0 107 0 1
0 221 0 1
0 313 2 0
0 314 2 1
1
end_operator
begin_operator
link-1-0 n-9-0 n-9-1 cell-8-0 cap-3 cap-2 cell-9-0 cap-1 cap-0
0
7
0 13 3 2
0 17 0 4
0 106 1 2
0 107 0 1
0 221 0 1
0 313 2 0
0 314 2 1
1
end_operator
begin_operator
link-1-0 n-9-0 n-9-1 cell-8-0 cap-3 cap-2 cell-9-0 cap-2 cap-1
0
7
0 13 3 2
0 17 1 0
0 106 1 2
0 107 0 1
0 221 0 1
0 313 2 0
0 314 2 1
1
end_operator
begin_operator
link-1-0 n-9-0 n-9-1 cell-8-0 cap-3 cap-2 cell-9-0 cap-3 cap-2
0
7
0 13 3 2
0 17 2 1
0 106 1 2
0 107 0 1
0 221 0 1
0 313 2 0
0 314 2 1
1
end_operator
begin_operator
link-1-0 n-9-0 n-9-1 cell-8-0 cap-3 cap-2 cell-9-0 cap-4 cap-3
0
7
0 13 3 2
0 17 3 2
0 106 1 2
0 107 0 1
0 221 0 1
0 313 2 0
0 314 2 1
1
end_operator
begin_operator
link-1-0 n-9-1 n-10-1 cell-9-0 cap-1 cap-0 cell-9-1 cap-1 cap-0
0
7
0 17 0 4
0 18 0 4
0 56 0 1
0 107 1 2
0 223 0 1
0 264 2 1
0 314 2 0
1
end_operator
begin_operator
link-1-0 n-9-1 n-10-1 cell-9-0 cap-1 cap-0 cell-9-1 cap-2 cap-1
0
7
0 17 0 4
0 18 1 0
0 56 0 1
0 107 1 2
0 223 0 1
0 264 2 1
0 314 2 0
1
end_operator
begin_operator
link-1-0 n-9-1 n-10-1 cell-9-0 cap-1 cap-0 cell-9-1 cap-3 cap-2
0
7
0 17 0 4
0 18 2 1
0 56 0 1
0 107 1 2
0 223 0 1
0 264 2 1
0 314 2 0
1
end_operator
begin_operator
link-1-0 n-9-1 n-10-1 cell-9-0 cap-1 cap-0 cell-9-1 cap-4 cap-3
0
7
0 17 0 4
0 18 3 2
0 56 0 1
0 107 1 2
0 223 0 1
0 264 2 1
0 314 2 0
1
end_operator
begin_operator
link-1-0 n-9-1 n-10-1 cell-9-0 cap-2 cap-1 cell-9-1 cap-1 cap-0
0
7
0 17 1 0
0 18 0 4
0 56 0 1
0 107 1 2
0 223 0 1
0 264 2 1
0 314 2 0
1
end_operator
begin_operator
link-1-0 n-9-1 n-10-1 cell-9-0 cap-2 cap-1 cell-9-1 cap-2 cap-1
0
7
0 17 1 0
0 18 1 0
0 56 0 1
0 107 1 2
0 223 0 1
0 264 2 1
0 314 2 0
1
end_operator
begin_operator
link-1-0 n-9-1 n-10-1 cell-9-0 cap-2 cap-1 cell-9-1 cap-3 cap-2
0
7
0 17 1 0
0 18 2 1
0 56 0 1
0 107 1 2
0 223 0 1
0 264 2 1
0 314 2 0
1
end_operator
begin_operator
link-1-0 n-9-1 n-10-1 cell-9-0 cap-2 cap-1 cell-9-1 cap-4 cap-3
0
7
0 17 1 0
0 18 3 2
0 56 0 1
0 107 1 2
0 223 0 1
0 264 2 1
0 314 2 0
1
end_operator
begin_operator
link-1-0 n-9-1 n-10-1 cell-9-0 cap-3 cap-2 cell-9-1 cap-1 cap-0
0
7
0 17 2 1
0 18 0 4
0 56 0 1
0 107 1 2
0 223 0 1
0 264 2 1
0 314 2 0
1
end_operator
begin_operator
link-1-0 n-9-1 n-10-1 cell-9-0 cap-3 cap-2 cell-9-1 cap-2 cap-1
0
7
0 17 2 1
0 18 1 0
0 56 0 1
0 107 1 2
0 223 0 1
0 264 2 1
0 314 2 0
1
end_operator
begin_operator
link-1-0 n-9-1 n-10-1 cell-9-0 cap-3 cap-2 cell-9-1 cap-3 cap-2
0
7
0 17 2 1
0 18 2 1
0 56 0 1
0 107 1 2
0 223 0 1
0 264 2 1
0 314 2 0
1
end_operator
begin_operator
link-1-0 n-9-1 n-10-1 cell-9-0 cap-3 cap-2 cell-9-1 cap-4 cap-3
0
7
0 17 2 1
0 18 3 2
0 56 0 1
0 107 1 2
0 223 0 1
0 264 2 1
0 314 2 0
1
end_operator
begin_operator
link-1-0 n-9-1 n-10-1 cell-9-0 cap-4 cap-3 cell-9-1 cap-1 cap-0
0
7
0 17 3 2
0 18 0 4
0 56 0 1
0 107 1 2
0 223 0 1
0 264 2 1
0 314 2 0
1
end_operator
begin_operator
link-1-0 n-9-1 n-10-1 cell-9-0 cap-4 cap-3 cell-9-1 cap-2 cap-1
0
7
0 17 3 2
0 18 1 0
0 56 0 1
0 107 1 2
0 223 0 1
0 264 2 1
0 314 2 0
1
end_operator
begin_operator
link-1-0 n-9-1 n-10-1 cell-9-0 cap-4 cap-3 cell-9-1 cap-3 cap-2
0
7
0 17 3 2
0 18 2 1
0 56 0 1
0 107 1 2
0 223 0 1
0 264 2 1
0 314 2 0
1
end_operator
begin_operator
link-1-0 n-9-1 n-10-1 cell-9-0 cap-4 cap-3 cell-9-1 cap-4 cap-3
0
7
0 17 3 2
0 18 3 2
0 56 0 1
0 107 1 2
0 223 0 1
0 264 2 1
0 314 2 0
1
end_operator
begin_operator
link-1-0 n-9-1 n-9-2 cell-8-1 cap-1 cap-0 cell-9-1 cap-1 cap-0
0
7
0 14 0 4
0 18 0 4
0 107 1 2
0 108 0 1
0 225 0 1
0 314 2 0
0 315 2 1
1
end_operator
begin_operator
link-1-0 n-9-1 n-9-2 cell-8-1 cap-1 cap-0 cell-9-1 cap-2 cap-1
0
7
0 14 0 4
0 18 1 0
0 107 1 2
0 108 0 1
0 225 0 1
0 314 2 0
0 315 2 1
1
end_operator
begin_operator
link-1-0 n-9-1 n-9-2 cell-8-1 cap-1 cap-0 cell-9-1 cap-3 cap-2
0
7
0 14 0 4
0 18 2 1
0 107 1 2
0 108 0 1
0 225 0 1
0 314 2 0
0 315 2 1
1
end_operator
begin_operator
link-1-0 n-9-1 n-9-2 cell-8-1 cap-1 cap-0 cell-9-1 cap-4 cap-3
0
7
0 14 0 4
0 18 3 2
0 107 1 2
0 108 0 1
0 225 0 1
0 314 2 0
0 315 2 1
1
end_operator
begin_operator
link-1-0 n-9-1 n-9-2 cell-8-1 cap-2 cap-1 cell-9-1 cap-1 cap-0
0
7
0 14 1 0
0 18 0 4
0 107 1 2
0 108 0 1
0 225 0 1
0 314 2 0
0 315 2 1
1
end_operator
begin_operator
link-1-0 n-9-1 n-9-2 cell-8-1 cap-2 cap-1 cell-9-1 cap-2 cap-1
0
7
0 14 1 0
0 18 1 0
0 107 1 2
0 108 0 1
0 225 0 1
0 314 2 0
0 315 2 1
1
end_operator
begin_operator
link-1-0 n-9-1 n-9-2 cell-8-1 cap-2 cap-1 cell-9-1 cap-3 cap-2
0
7
0 14 1 0
0 18 2 1
0 107 1 2
0 108 0 1
0 225 0 1
0 314 2 0
0 315 2 1
1
end_operator
begin_operator
link-1-0 n-9-1 n-9-2 cell-8-1 cap-2 cap-1 cell-9-1 cap-4 cap-3
0
7
0 14 1 0
0 18 3 2
0 107 1 2
0 108 0 1
0 225 0 1
0 314 2 0
0 315 2 1
1
end_operator
begin_operator
link-1-0 n-9-1 n-9-2 cell-8-1 cap-3 cap-2 cell-9-1 cap-1 cap-0
0
7
0 14 2 1
0 18 0 4
0 107 1 2
0 108 0 1
0 225 0 1
0 314 2 0
0 315 2 1
1
end_operator
begin_operator
link-1-0 n-9-1 n-9-2 cell-8-1 cap-3 cap-2 cell-9-1 cap-2 cap-1
0
7
0 14 2 1
0 18 1 0
0 107 1 2
0 108 0 1
0 225 0 1
0 314 2 0
0 315 2 1
1
end_operator
begin_operator
link-1-0 n-9-1 n-9-2 cell-8-1 cap-3 cap-2 cell-9-1 cap-3 cap-2
0
7
0 14 2 1
0 18 2 1
0 107 1 2
0 108 0 1
0 225 0 1
0 314 2 0
0 315 2 1
1
end_operator
begin_operator
link-1-0 n-9-1 n-9-2 cell-8-1 cap-3 cap-2 cell-9-1 cap-4 cap-3
0
7
0 14 2 1
0 18 3 2
0 107 1 2
0 108 0 1
0 225 0 1
0 314 2 0
0 315 2 1
1
end_operator
begin_operator
link-1-0 n-9-1 n-9-2 cell-8-1 cap-4 cap-3 cell-9-1 cap-1 cap-0
0
7
0 14 3 2
0 18 0 4
0 107 1 2
0 108 0 1
0 225 0 1
0 314 2 0
0 315 2 1
1
end_operator
begin_operator
link-1-0 n-9-1 n-9-2 cell-8-1 cap-4 cap-3 cell-9-1 cap-2 cap-1
0
7
0 14 3 2
0 18 1 0
0 107 1 2
0 108 0 1
0 225 0 1
0 314 2 0
0 315 2 1
1
end_operator
begin_operator
link-1-0 n-9-1 n-9-2 cell-8-1 cap-4 cap-3 cell-9-1 cap-3 cap-2
0
7
0 14 3 2
0 18 2 1
0 107 1 2
0 108 0 1
0 225 0 1
0 314 2 0
0 315 2 1
1
end_operator
begin_operator
link-1-0 n-9-1 n-9-2 cell-8-1 cap-4 cap-3 cell-9-1 cap-4 cap-3
0
7
0 14 3 2
0 18 3 2
0 107 1 2
0 108 0 1
0 225 0 1
0 314 2 0
0 315 2 1
1
end_operator
begin_operator
link-1-0 n-9-2 n-10-2 cell-9-1 cap-1 cap-0 cell-9-2 cap-1 cap-0
0
7
0 18 0 4
0 19 0 4
0 57 0 1
0 108 1 2
0 227 0 1
0 265 2 1
0 315 2 0
1
end_operator
begin_operator
link-1-0 n-9-2 n-10-2 cell-9-1 cap-1 cap-0 cell-9-2 cap-2 cap-1
0
7
0 18 0 4
0 19 1 0
0 57 0 1
0 108 1 2
0 227 0 1
0 265 2 1
0 315 2 0
1
end_operator
begin_operator
link-1-0 n-9-2 n-10-2 cell-9-1 cap-1 cap-0 cell-9-2 cap-3 cap-2
0
7
0 18 0 4
0 19 2 1
0 57 0 1
0 108 1 2
0 227 0 1
0 265 2 1
0 315 2 0
1
end_operator
begin_operator
link-1-0 n-9-2 n-10-2 cell-9-1 cap-1 cap-0 cell-9-2 cap-4 cap-3
0
7
0 18 0 4
0 19 3 2
0 57 0 1
0 108 1 2
0 227 0 1
0 265 2 1
0 315 2 0
1
end_operator
begin_operator
link-1-0 n-9-2 n-10-2 cell-9-1 cap-2 cap-1 cell-9-2 cap-1 cap-0
0
7
0 18 1 0
0 19 0 4
0 57 0 1
0 108 1 2
0 227 0 1
0 265 2 1
0 315 2 0
1
end_operator
begin_operator
link-1-0 n-9-2 n-10-2 cell-9-1 cap-2 cap-1 cell-9-2 cap-2 cap-1
0
7
0 18 1 0
0 19 1 0
0 57 0 1
0 108 1 2
0 227 0 1
0 265 2 1
0 315 2 0
1
end_operator
begin_operator
link-1-0 n-9-2 n-10-2 cell-9-1 cap-2 cap-1 cell-9-2 cap-3 cap-2
0
7
0 18 1 0
0 19 2 1
0 57 0 1
0 108 1 2
0 227 0 1
0 265 2 1
0 315 2 0
1
end_operator
begin_operator
link-1-0 n-9-2 n-10-2 cell-9-1 cap-2 cap-1 cell-9-2 cap-4 cap-3
0
7
0 18 1 0
0 19 3 2
0 57 0 1
0 108 1 2
0 227 0 1
0 265 2 1
0 315 2 0
1
end_operator
begin_operator
link-1-0 n-9-2 n-10-2 cell-9-1 cap-3 cap-2 cell-9-2 cap-1 cap-0
0
7
0 18 2 1
0 19 0 4
0 57 0 1
0 108 1 2
0 227 0 1
0 265 2 1
0 315 2 0
1
end_operator
begin_operator
link-1-0 n-9-2 n-10-2 cell-9-1 cap-3 cap-2 cell-9-2 cap-2 cap-1
0
7
0 18 2 1
0 19 1 0
0 57 0 1
0 108 1 2
0 227 0 1
0 265 2 1
0 315 2 0
1
end_operator
begin_operator
link-1-0 n-9-2 n-10-2 cell-9-1 cap-3 cap-2 cell-9-2 cap-3 cap-2
0
7
0 18 2 1
0 19 2 1
0 57 0 1
0 108 1 2
0 227 0 1
0 265 2 1
0 315 2 0
1
end_operator
begin_operator
link-1-0 n-9-2 n-10-2 cell-9-1 cap-3 cap-2 cell-9-2 cap-4 cap-3
0
7
0 18 2 1
0 19 3 2
0 57 0 1
0 108 1 2
0 227 0 1
0 265 2 1
0 315 2 0
1
end_operator
begin_operator
link-1-0 n-9-2 n-10-2 cell-9-1 cap-4 cap-3 cell-9-2 cap-1 cap-0
0
7
0 18 3 2
0 19 0 4
0 57 0 1
0 108 1 2
0 227 0 1
0 265 2 1
0 315 2 0
1
end_operator
begin_operator
link-1-0 n-9-2 n-10-2 cell-9-1 cap-4 cap-3 cell-9-2 cap-2 cap-1
0
7
0 18 3 2
0 19 1 0
0 57 0 1
0 108 1 2
0 227 0 1
0 265 2 1
0 315 2 0
1
end_operator
begin_operator
link-1-0 n-9-2 n-10-2 cell-9-1 cap-4 cap-3 cell-9-2 cap-3 cap-2
0
7
0 18 3 2
0 19 2 1
0 57 0 1
0 108 1 2
0 227 0 1
0 265 2 1
0 315 2 0
1
end_operator
begin_operator
link-1-0 n-9-2 n-10-2 cell-9-1 cap-4 cap-3 cell-9-2 cap-4 cap-3
0
7
0 18 3 2
0 19 3 2
0 57 0 1
0 108 1 2
0 227 0 1
0 265 2 1
0 315 2 0
1
end_operator
begin_operator
link-1-0 n-9-2 n-9-3 cell-8-2 cap-1 cap-0 cell-9-2 cap-1 cap-0
0
7
0 15 1 0
0 19 0 4
0 108 1 2
0 109 0 1
0 229 0 1
0 315 2 0
0 316 2 1
1
end_operator
begin_operator
link-1-0 n-9-2 n-9-3 cell-8-2 cap-1 cap-0 cell-9-2 cap-2 cap-1
0
7
0 15 1 0
0 19 1 0
0 108 1 2
0 109 0 1
0 229 0 1
0 315 2 0
0 316 2 1
1
end_operator
begin_operator
link-1-0 n-9-2 n-9-3 cell-8-2 cap-1 cap-0 cell-9-2 cap-3 cap-2
0
7
0 15 1 0
0 19 2 1
0 108 1 2
0 109 0 1
0 229 0 1
0 315 2 0
0 316 2 1
1
end_operator
begin_operator
link-1-0 n-9-2 n-9-3 cell-8-2 cap-1 cap-0 cell-9-2 cap-4 cap-3
0
7
0 15 1 0
0 19 3 2
0 108 1 2
0 109 0 1
0 229 0 1
0 315 2 0
0 316 2 1
1
end_operator
begin_operator
link-1-0 n-9-2 n-9-3 cell-8-2 cap-2 cap-1 cell-9-2 cap-1 cap-0
0
7
0 15 2 1
0 19 0 4
0 108 1 2
0 109 0 1
0 229 0 1
0 315 2 0
0 316 2 1
1
end_operator
begin_operator
link-1-0 n-9-2 n-9-3 cell-8-2 cap-2 cap-1 cell-9-2 cap-2 cap-1
0
7
0 15 2 1
0 19 1 0
0 108 1 2
0 109 0 1
0 229 0 1
0 315 2 0
0 316 2 1
1
end_operator
begin_operator
link-1-0 n-9-2 n-9-3 cell-8-2 cap-2 cap-1 cell-9-2 cap-3 cap-2
0
7
0 15 2 1
0 19 2 1
0 108 1 2
0 109 0 1
0 229 0 1
0 315 2 0
0 316 2 1
1
end_operator
begin_operator
link-1-0 n-9-2 n-9-3 cell-8-2 cap-2 cap-1 cell-9-2 cap-4 cap-3
0
7
0 15 2 1
0 19 3 2
0 108 1 2
0 109 0 1
0 229 0 1
0 315 2 0
0 316 2 1
1
end_operator
begin_operator
link-1-0 n-9-2 n-9-3 cell-8-2 cap-3 cap-2 cell-9-2 cap-1 cap-0
0
7
0 15 3 2
0 19 0 4
0 108 1 2
0 109 0 1
0 229 0 1
0 315 2 0
0 316 2 1
1
end_operator
begin_operator
link-1-0 n-9-2 n-9-3 cell-8-2 cap-3 cap-2 cell-9-2 cap-2 cap-1
0
7
0 15 3 2
0 19 1 0
0 108 1 2
0 109 0 1
0 229 0 1
0 315 2 0
0 316 2 1
1
end_operator
begin_operator
link-1-0 n-9-2 n-9-3 cell-8-2 cap-3 cap-2 cell-9-2 cap-3 cap-2
0
7
0 15 3 2
0 19 2 1
0 108 1 2
0 109 0 1
0 229 0 1
0 315 2 0
0 316 2 1
1
end_operator
begin_operator
link-1-0 n-9-2 n-9-3 cell-8-2 cap-3 cap-2 cell-9-2 cap-4 cap-3
0
7
0 15 3 2
0 19 3 2
0 108 1 2
0 109 0 1
0 229 0 1
0 315 2 0
0 316 2 1
1
end_operator
begin_operator
link-1-0 n-9-3 n-10-3 cell-9-2 cap-1 cap-0 cell-9-3 cap-1 cap-0
0
7
0 19 0 4
0 20 0 4
0 58 0 1
0 109 1 2
0 231 0 1
0 266 2 1
0 316 2 0
1
end_operator
begin_operator
link-1-0 n-9-3 n-10-3 cell-9-2 cap-1 cap-0 cell-9-3 cap-2 cap-1
0
7
0 19 0 4
0 20 1 0
0 58 0 1
0 109 1 2
0 231 0 1
0 266 2 1
0 316 2 0
1
end_operator
begin_operator
link-1-0 n-9-3 n-10-3 cell-9-2 cap-1 cap-0 cell-9-3 cap-3 cap-2
0
7
0 19 0 4
0 20 2 1
0 58 0 1
0 109 1 2
0 231 0 1
0 266 2 1
0 316 2 0
1
end_operator
begin_operator
link-1-0 n-9-3 n-10-3 cell-9-2 cap-1 cap-0 cell-9-3 cap-4 cap-3
0
7
0 19 0 4
0 20 3 2
0 58 0 1
0 109 1 2
0 231 0 1
0 266 2 1
0 316 2 0
1
end_operator
begin_operator
link-1-0 n-9-3 n-10-3 cell-9-2 cap-2 cap-1 cell-9-3 cap-1 cap-0
0
7
0 19 1 0
0 20 0 4
0 58 0 1
0 109 1 2
0 231 0 1
0 266 2 1
0 316 2 0
1
end_operator
begin_operator
link-1-0 n-9-3 n-10-3 cell-9-2 cap-2 cap-1 cell-9-3 cap-2 cap-1
0
7
0 19 1 0
0 20 1 0
0 58 0 1
0 109 1 2
0 231 0 1
0 266 2 1
0 316 2 0
1
end_operator
begin_operator
link-1-0 n-9-3 n-10-3 cell-9-2 cap-2 cap-1 cell-9-3 cap-3 cap-2
0
7
0 19 1 0
0 20 2 1
0 58 0 1
0 109 1 2
0 231 0 1
0 266 2 1
0 316 2 0
1
end_operator
begin_operator
link-1-0 n-9-3 n-10-3 cell-9-2 cap-2 cap-1 cell-9-3 cap-4 cap-3
0
7
0 19 1 0
0 20 3 2
0 58 0 1
0 109 1 2
0 231 0 1
0 266 2 1
0 316 2 0
1
end_operator
begin_operator
link-1-0 n-9-3 n-10-3 cell-9-2 cap-3 cap-2 cell-9-3 cap-1 cap-0
0
7
0 19 2 1
0 20 0 4
0 58 0 1
0 109 1 2
0 231 0 1
0 266 2 1
0 316 2 0
1
end_operator
begin_operator
link-1-0 n-9-3 n-10-3 cell-9-2 cap-3 cap-2 cell-9-3 cap-2 cap-1
0
7
0 19 2 1
0 20 1 0
0 58 0 1
0 109 1 2
0 231 0 1
0 266 2 1
0 316 2 0
1
end_operator
begin_operator
link-1-0 n-9-3 n-10-3 cell-9-2 cap-3 cap-2 cell-9-3 cap-3 cap-2
0
7
0 19 2 1
0 20 2 1
0 58 0 1
0 109 1 2
0 231 0 1
0 266 2 1
0 316 2 0
1
end_operator
begin_operator
link-1-0 n-9-3 n-10-3 cell-9-2 cap-3 cap-2 cell-9-3 cap-4 cap-3
0
7
0 19 2 1
0 20 3 2
0 58 0 1
0 109 1 2
0 231 0 1
0 266 2 1
0 316 2 0
1
end_operator
begin_operator
link-1-0 n-9-3 n-10-3 cell-9-2 cap-4 cap-3 cell-9-3 cap-1 cap-0
0
7
0 19 3 2
0 20 0 4
0 58 0 1
0 109 1 2
0 231 0 1
0 266 2 1
0 316 2 0
1
end_operator
begin_operator
link-1-0 n-9-3 n-10-3 cell-9-2 cap-4 cap-3 cell-9-3 cap-2 cap-1
0
7
0 19 3 2
0 20 1 0
0 58 0 1
0 109 1 2
0 231 0 1
0 266 2 1
0 316 2 0
1
end_operator
begin_operator
link-1-0 n-9-3 n-10-3 cell-9-2 cap-4 cap-3 cell-9-3 cap-3 cap-2
0
7
0 19 3 2
0 20 2 1
0 58 0 1
0 109 1 2
0 231 0 1
0 266 2 1
0 316 2 0
1
end_operator
begin_operator
link-1-0 n-9-3 n-10-3 cell-9-2 cap-4 cap-3 cell-9-3 cap-4 cap-3
0
7
0 19 3 2
0 20 3 2
0 58 0 1
0 109 1 2
0 231 0 1
0 266 2 1
0 316 2 0
1
end_operator
begin_operator
link-1-0 n-9-3 n-9-4 cell-8-3 cap-1 cap-0 cell-9-3 cap-1 cap-0
0
7
0 16 0 4
0 20 0 4
0 109 1 2
0 110 0 1
0 233 0 1
0 316 2 0
0 317 2 1
1
end_operator
begin_operator
link-1-0 n-9-3 n-9-4 cell-8-3 cap-1 cap-0 cell-9-3 cap-2 cap-1
0
7
0 16 0 4
0 20 1 0
0 109 1 2
0 110 0 1
0 233 0 1
0 316 2 0
0 317 2 1
1
end_operator
begin_operator
link-1-0 n-9-3 n-9-4 cell-8-3 cap-1 cap-0 cell-9-3 cap-3 cap-2
0
7
0 16 0 4
0 20 2 1
0 109 1 2
0 110 0 1
0 233 0 1
0 316 2 0
0 317 2 1
1
end_operator
begin_operator
link-1-0 n-9-3 n-9-4 cell-8-3 cap-1 cap-0 cell-9-3 cap-4 cap-3
0
7
0 16 0 4
0 20 3 2
0 109 1 2
0 110 0 1
0 233 0 1
0 316 2 0
0 317 2 1
1
end_operator
begin_operator
link-1-0 n-9-3 n-9-4 cell-8-3 cap-2 cap-1 cell-9-3 cap-1 cap-0
0
7
0 16 1 0
0 20 0 4
0 109 1 2
0 110 0 1
0 233 0 1
0 316 2 0
0 317 2 1
1
end_operator
begin_operator
link-1-0 n-9-3 n-9-4 cell-8-3 cap-2 cap-1 cell-9-3 cap-2 cap-1
0
7
0 16 1 0
0 20 1 0
0 109 1 2
0 110 0 1
0 233 0 1
0 316 2 0
0 317 2 1
1
end_operator
begin_operator
link-1-0 n-9-3 n-9-4 cell-8-3 cap-2 cap-1 cell-9-3 cap-3 cap-2
0
7
0 16 1 0
0 20 2 1
0 109 1 2
0 110 0 1
0 233 0 1
0 316 2 0
0 317 2 1
1
end_operator
begin_operator
link-1-0 n-9-3 n-9-4 cell-8-3 cap-2 cap-1 cell-9-3 cap-4 cap-3
0
7
0 16 1 0
0 20 3 2
0 109 1 2
0 110 0 1
0 233 0 1
0 316 2 0
0 317 2 1
1
end_operator
begin_operator
link-1-0 n-9-3 n-9-4 cell-8-3 cap-3 cap-2 cell-9-3 cap-1 cap-0
0
7
0 16 2 1
0 20 0 4
0 109 1 2
0 110 0 1
0 233 0 1
0 316 2 0
0 317 2 1
1
end_operator
begin_operator
link-1-0 n-9-3 n-9-4 cell-8-3 cap-3 cap-2 cell-9-3 cap-2 cap-1
0
7
0 16 2 1
0 20 1 0
0 109 1 2
0 110 0 1
0 233 0 1
0 316 2 0
0 317 2 1
1
end_operator
begin_operator
link-1-0 n-9-3 n-9-4 cell-8-3 cap-3 cap-2 cell-9-3 cap-3 cap-2
0
7
0 16 2 1
0 20 2 1
0 109 1 2
0 110 0 1
0 233 0 1
0 316 2 0
0 317 2 1
1
end_operator
begin_operator
link-1-0 n-9-3 n-9-4 cell-8-3 cap-3 cap-2 cell-9-3 cap-4 cap-3
0
7
0 16 2 1
0 20 3 2
0 109 1 2
0 110 0 1
0 233 0 1
0 316 2 0
0 317 2 1
1
end_operator
begin_operator
link-1-0 n-9-3 n-9-4 cell-8-3 cap-4 cap-3 cell-9-3 cap-1 cap-0
0
7
0 16 3 2
0 20 0 4
0 109 1 2
0 110 0 1
0 233 0 1
0 316 2 0
0 317 2 1
1
end_operator
begin_operator
link-1-0 n-9-3 n-9-4 cell-8-3 cap-4 cap-3 cell-9-3 cap-2 cap-1
0
7
0 16 3 2
0 20 1 0
0 109 1 2
0 110 0 1
0 233 0 1
0 316 2 0
0 317 2 1
1
end_operator
begin_operator
link-1-0 n-9-3 n-9-4 cell-8-3 cap-4 cap-3 cell-9-3 cap-3 cap-2
0
7
0 16 3 2
0 20 2 1
0 109 1 2
0 110 0 1
0 233 0 1
0 316 2 0
0 317 2 1
1
end_operator
begin_operator
link-1-0 n-9-3 n-9-4 cell-8-3 cap-4 cap-3 cell-9-3 cap-4 cap-3
0
7
0 16 3 2
0 20 3 2
0 109 1 2
0 110 0 1
0 233 0 1
0 316 2 0
0 317 2 1
1
end_operator
begin_operator
link-1-0 n-9-4 n-10-4 cell-9-3 cap-1 cap-0 cell-outside-9-right cap-1 cap-0
0
7
0 20 0 4
0 59 0 1
0 110 1 2
0 235 0 1
0 252 0 1
0 267 2 1
0 317 2 0
1
end_operator
begin_operator
link-1-0 n-9-4 n-10-4 cell-9-3 cap-2 cap-1 cell-outside-9-right cap-1 cap-0
0
7
0 20 1 0
0 59 0 1
0 110 1 2
0 235 0 1
0 252 0 1
0 267 2 1
0 317 2 0
1
end_operator
begin_operator
link-1-0 n-9-4 n-10-4 cell-9-3 cap-3 cap-2 cell-outside-9-right cap-1 cap-0
0
7
0 20 2 1
0 59 0 1
0 110 1 2
0 235 0 1
0 252 0 1
0 267 2 1
0 317 2 0
1
end_operator
begin_operator
link-1-0 n-9-4 n-10-4 cell-9-3 cap-4 cap-3 cell-outside-9-right cap-1 cap-0
0
7
0 20 3 2
0 59 0 1
0 110 1 2
0 235 0 1
0 252 0 1
0 267 2 1
0 317 2 0
1
end_operator
begin_operator
link-1-1 n-0-0 n-0-1 cell-outside-0-up cap-1 cap-0 cell-0-0 cap-1 cap-0
0
7
0 21 0 4
0 45 1 2
0 46 1 2
0 113 0 1
0 212 0 1
0 253 2 0
0 254 2 0
1
end_operator
begin_operator
link-1-1 n-0-0 n-0-1 cell-outside-0-up cap-1 cap-0 cell-0-0 cap-2 cap-1
0
7
0 21 1 0
0 45 1 2
0 46 1 2
0 113 0 1
0 212 0 1
0 253 2 0
0 254 2 0
1
end_operator
begin_operator
link-1-1 n-0-0 n-0-1 cell-outside-0-up cap-1 cap-0 cell-0-0 cap-3 cap-2
0
7
0 21 2 1
0 45 1 2
0 46 1 2
0 113 0 1
0 212 0 1
0 253 2 0
0 254 2 0
1
end_operator
begin_operator
link-1-1 n-0-0 n-1-0 cell-outside-0-left cap-1 cap-0 cell-0-0 cap-1 cap-0
0
7
0 21 0 4
0 45 1 2
0 50 1 2
0 114 0 1
0 208 0 1
0 253 2 0
0 258 2 0
1
end_operator
begin_operator
link-1-1 n-0-0 n-1-0 cell-outside-0-left cap-1 cap-0 cell-0-0 cap-2 cap-1
0
7
0 21 1 0
0 45 1 2
0 50 1 2
0 114 0 1
0 208 0 1
0 253 2 0
0 258 2 0
1
end_operator
begin_operator
link-1-1 n-0-0 n-1-0 cell-outside-0-left cap-1 cap-0 cell-0-0 cap-3 cap-2
0
7
0 21 2 1
0 45 1 2
0 50 1 2
0 114 0 1
0 208 0 1
0 253 2 0
0 258 2 0
1
end_operator
begin_operator
link-1-1 n-0-1 n-0-2 cell-outside-1-up cap-1 cap-0 cell-0-1 cap-1 cap-0
0
7
0 39 1 0
0 46 1 2
0 47 1 2
0 115 0 1
0 220 0 1
0 254 2 0
0 255 2 0
1
end_operator
begin_operator
link-1-1 n-0-1 n-0-2 cell-outside-1-up cap-1 cap-0 cell-0-1 cap-2 cap-1
0
7
0 39 2 1
0 46 1 2
0 47 1 2
0 115 0 1
0 220 0 1
0 254 2 0
0 255 2 0
1
end_operator
begin_operator
link-1-1 n-0-1 n-1-1 cell-0-0 cap-1 cap-0 cell-0-1 cap-1 cap-0
0
7
0 21 0 4
0 39 1 0
0 46 1 2
0 51 1 2
0 116 0 1
0 254 2 0
0 259 2 0
1
end_operator
begin_operator
link-1-1 n-0-1 n-1-1 cell-0-0 cap-1 cap-0 cell-0-1 cap-2 cap-1
0
7
0 21 0 4
0 39 2 1
0 46 1 2
0 51 1 2
0 116 0 1
0 254 2 0
0 259 2 0
1
end_operator
begin_operator
link-1-1 n-0-1 n-1-1 cell-0-0 cap-2 cap-1 cell-0-1 cap-1 cap-0
0
7
0 21 1 0
0 39 1 0
0 46 1 2
0 51 1 2
0 116 0 1
0 254 2 0
0 259 2 0
1
end_operator
begin_operator
link-1-1 n-0-1 n-1-1 cell-0-0 cap-2 cap-1 cell-0-1 cap-2 cap-1
0
7
0 21 1 0
0 39 2 1
0 46 1 2
0 51 1 2
0 116 0 1
0 254 2 0
0 259 2 0
1
end_operator
begin_operator
link-1-1 n-0-1 n-1-1 cell-0-0 cap-3 cap-2 cell-0-1 cap-1 cap-0
0
7
0 21 2 1
0 39 1 0
0 46 1 2
0 51 1 2
0 116 0 1
0 254 2 0
0 259 2 0
1
end_operator
begin_operator
link-1-1 n-0-1 n-1-1 cell-0-0 cap-3 cap-2 cell-0-1 cap-2 cap-1
0
7
0 21 2 1
0 39 2 1
0 46 1 2
0 51 1 2
0 116 0 1
0 254 2 0
0 259 2 0
1
end_operator
begin_operator
link-1-1 n-0-1 n-1-1 cell-0-0 cap-4 cap-3 cell-0-1 cap-1 cap-0
0
7
0 21 3 2
0 39 1 0
0 46 1 2
0 51 1 2
0 116 0 1
0 254 2 0
0 259 2 0
1
end_operator
begin_operator
link-1-1 n-0-1 n-1-1 cell-0-0 cap-4 cap-3 cell-0-1 cap-2 cap-1
0
7
0 21 3 2
0 39 2 1
0 46 1 2
0 51 1 2
0 116 0 1
0 254 2 0
0 259 2 0
1
end_operator
begin_operator
link-1-1 n-0-2 n-0-3 cell-outside-2-up cap-1 cap-0 cell-0-2 cap-1 cap-0
0
7
0 47 1 2
0 48 1 2
0 101 1 0
0 117 0 1
0 236 0 1
0 255 2 0
0 256 2 0
1
end_operator
begin_operator
link-1-1 n-0-2 n-1-2 cell-0-1 cap-1 cap-0 cell-0-2 cap-1 cap-0
0
7
0 39 1 0
0 47 1 2
0 52 1 2
0 101 1 0
0 118 0 1
0 255 2 0
0 260 2 0
1
end_operator
begin_operator
link-1-1 n-0-2 n-1-2 cell-0-1 cap-2 cap-1 cell-0-2 cap-1 cap-0
0
7
0 39 2 1
0 47 1 2
0 52 1 2
0 101 1 0
0 118 0 1
0 255 2 0
0 260 2 0
1
end_operator
begin_operator
link-1-1 n-0-3 n-0-4 cell-outside-3-up cap-1 cap-0 cell-0-3 cap-1 cap-0
0
7
0 22 0 4
0 48 1 2
0 49 1 2
0 119 0 1
0 240 0 1
0 256 2 0
0 257 2 0
1
end_operator
begin_operator
link-1-1 n-0-3 n-0-4 cell-outside-3-up cap-1 cap-0 cell-0-3 cap-2 cap-1
0
7
0 22 1 0
0 48 1 2
0 49 1 2
0 119 0 1
0 240 0 1
0 256 2 0
0 257 2 0
1
end_operator
begin_operator
link-1-1 n-0-3 n-0-4 cell-outside-3-up cap-1 cap-0 cell-0-3 cap-3 cap-2
0
7
0 22 2 1
0 48 1 2
0 49 1 2
0 119 0 1
0 240 0 1
0 256 2 0
0 257 2 0
1
end_operator
begin_operator
link-1-1 n-0-3 n-1-3 cell-0-2 cap-1 cap-0 cell-0-3 cap-1 cap-0
0
7
0 22 0 4
0 48 1 2
0 53 1 2
0 101 1 0
0 120 0 1
0 256 2 0
0 261 2 0
1
end_operator
begin_operator
link-1-1 n-0-3 n-1-3 cell-0-2 cap-1 cap-0 cell-0-3 cap-2 cap-1
0
7
0 22 1 0
0 48 1 2
0 53 1 2
0 101 1 0
0 120 0 1
0 256 2 0
0 261 2 0
1
end_operator
begin_operator
link-1-1 n-0-3 n-1-3 cell-0-2 cap-1 cap-0 cell-0-3 cap-3 cap-2
0
7
0 22 2 1
0 48 1 2
0 53 1 2
0 101 1 0
0 120 0 1
0 256 2 0
0 261 2 0
1
end_operator
begin_operator
link-1-1 n-0-3 n-1-3 cell-0-2 cap-1 cap-0 cell-0-3 cap-4 cap-3
0
7
0 22 3 2
0 48 1 2
0 53 1 2
0 101 1 0
0 120 0 1
0 256 2 0
0 261 2 0
1
end_operator
begin_operator
link-1-1 n-0-4 n-1-4 cell-0-3 cap-1 cap-0 cell-outside-0-right cap-1 cap-0
0
7
0 22 0 4
0 49 1 2
0 54 1 2
0 121 0 1
0 210 0 1
0 257 2 0
0 262 2 0
1
end_operator
begin_operator
link-1-1 n-0-4 n-1-4 cell-0-3 cap-2 cap-1 cell-outside-0-right cap-1 cap-0
0
7
0 22 1 0
0 49 1 2
0 54 1 2
0 121 0 1
0 210 0 1
0 257 2 0
0 262 2 0
1
end_operator
begin_operator
link-1-1 n-0-4 n-1-4 cell-0-3 cap-3 cap-2 cell-outside-0-right cap-1 cap-0
0
7
0 22 2 1
0 49 1 2
0 54 1 2
0 121 0 1
0 210 0 1
0 257 2 0
0 262 2 0
1
end_operator
begin_operator
link-1-1 n-1-0 n-1-1 cell-0-0 cap-1 cap-0 cell-1-0 cap-1 cap-0
0
7
0 21 0 4
0 40 1 0
0 50 1 2
0 51 1 2
0 122 0 1
0 258 2 0
0 259 2 0
1
end_operator
begin_operator
link-1-1 n-1-0 n-1-1 cell-0-0 cap-1 cap-0 cell-1-0 cap-2 cap-1
0
7
0 21 0 4
0 40 2 1
0 50 1 2
0 51 1 2
0 122 0 1
0 258 2 0
0 259 2 0
1
end_operator
begin_operator
link-1-1 n-1-0 n-1-1 cell-0-0 cap-2 cap-1 cell-1-0 cap-1 cap-0
0
7
0 21 1 0
0 40 1 0
0 50 1 2
0 51 1 2
0 122 0 1
0 258 2 0
0 259 2 0
1
end_operator
begin_operator
link-1-1 n-1-0 n-1-1 cell-0-0 cap-2 cap-1 cell-1-0 cap-2 cap-1
0
7
0 21 1 0
0 40 2 1
0 50 1 2
0 51 1 2
0 122 0 1
0 258 2 0
0 259 2 0
1
end_operator
begin_operator
link-1-1 n-1-0 n-1-1 cell-0-0 cap-3 cap-2 cell-1-0 cap-1 cap-0
0
7
0 21 2 1
0 40 1 0
0 50 1 2
0 51 1 2
0 122 0 1
0 258 2 0
0 259 2 0
1
end_operator
begin_operator
link-1-1 n-1-0 n-1-1 cell-0-0 cap-3 cap-2 cell-1-0 cap-2 cap-1
0
7
0 21 2 1
0 40 2 1
0 50 1 2
0 51 1 2
0 122 0 1
0 258 2 0
0 259 2 0
1
end_operator
begin_operator
link-1-1 n-1-0 n-1-1 cell-0-0 cap-4 cap-3 cell-1-0 cap-1 cap-0
0
7
0 21 3 2
0 40 1 0
0 50 1 2
0 51 1 2
0 122 0 1
0 258 2 0
0 259 2 0
1
end_operator
begin_operator
link-1-1 n-1-0 n-1-1 cell-0-0 cap-4 cap-3 cell-1-0 cap-2 cap-1
0
7
0 21 3 2
0 40 2 1
0 50 1 2
0 51 1 2
0 122 0 1
0 258 2 0
0 259 2 0
1
end_operator
begin_operator
link-1-1 n-1-0 n-2-0 cell-outside-1-left cap-1 cap-0 cell-1-0 cap-1 cap-0
0
7
0 40 1 0
0 50 1 2
0 70 1 2
0 123 0 1
0 216 0 1
0 258 2 0
0 278 2 0
1
end_operator
begin_operator
link-1-1 n-1-0 n-2-0 cell-outside-1-left cap-1 cap-0 cell-1-0 cap-2 cap-1
0
7
0 40 2 1
0 50 1 2
0 70 1 2
0 123 0 1
0 216 0 1
0 258 2 0
0 278 2 0
1
end_operator
begin_operator
link-1-1 n-1-1 n-1-2 cell-0-1 cap-1 cap-0 cell-1-1 cap-1 cap-0
0
7
0 23 0 4
0 39 1 0
0 51 1 2
0 52 1 2
0 124 0 1
0 259 2 0
0 260 2 0
1
end_operator
begin_operator
link-1-1 n-1-1 n-1-2 cell-0-1 cap-1 cap-0 cell-1-1 cap-2 cap-1
0
7
0 23 1 0
0 39 1 0
0 51 1 2
0 52 1 2
0 124 0 1
0 259 2 0
0 260 2 0
1
end_operator
begin_operator
link-1-1 n-1-1 n-1-2 cell-0-1 cap-1 cap-0 cell-1-1 cap-3 cap-2
0
7
0 23 2 1
0 39 1 0
0 51 1 2
0 52 1 2
0 124 0 1
0 259 2 0
0 260 2 0
1
end_operator
begin_operator
link-1-1 n-1-1 n-1-2 cell-0-1 cap-1 cap-0 cell-1-1 cap-4 cap-3
0
7
0 23 3 2
0 39 1 0
0 51 1 2
0 52 1 2
0 124 0 1
0 259 2 0
0 260 2 0
1
end_operator
begin_operator
link-1-1 n-1-1 n-1-2 cell-0-1 cap-2 cap-1 cell-1-1 cap-1 cap-0
0
7
0 23 0 4
0 39 2 1
0 51 1 2
0 52 1 2
0 124 0 1
0 259 2 0
0 260 2 0
1
end_operator
begin_operator
link-1-1 n-1-1 n-1-2 cell-0-1 cap-2 cap-1 cell-1-1 cap-2 cap-1
0
7
0 23 1 0
0 39 2 1
0 51 1 2
0 52 1 2
0 124 0 1
0 259 2 0
0 260 2 0
1
end_operator
begin_operator
link-1-1 n-1-1 n-1-2 cell-0-1 cap-2 cap-1 cell-1-1 cap-3 cap-2
0
7
0 23 2 1
0 39 2 1
0 51 1 2
0 52 1 2
0 124 0 1
0 259 2 0
0 260 2 0
1
end_operator
begin_operator
link-1-1 n-1-1 n-1-2 cell-0-1 cap-2 cap-1 cell-1-1 cap-4 cap-3
0
7
0 23 3 2
0 39 2 1
0 51 1 2
0 52 1 2
0 124 0 1
0 259 2 0
0 260 2 0
1
end_operator
begin_operator
link-1-1 n-1-1 n-2-1 cell-1-0 cap-1 cap-0 cell-1-1 cap-1 cap-0
0
7
0 23 0 4
0 40 1 0
0 51 1 2
0 71 1 2
0 125 0 1
0 259 2 0
0 279 2 0
1
end_operator
begin_operator
link-1-1 n-1-1 n-2-1 cell-1-0 cap-1 cap-0 cell-1-1 cap-2 cap-1
0
7
0 23 1 0
0 40 1 0
0 51 1 2
0 71 1 2
0 125 0 1
0 259 2 0
0 279 2 0
1
end_operator
begin_operator
link-1-1 n-1-1 n-2-1 cell-1-0 cap-1 cap-0 cell-1-1 cap-3 cap-2
0
7
0 23 2 1
0 40 1 0
0 51 1 2
0 71 1 2
0 125 0 1
0 259 2 0
0 279 2 0
1
end_operator
begin_operator
link-1-1 n-1-1 n-2-1 cell-1-0 cap-1 cap-0 cell-1-1 cap-4 cap-3
0
7
0 23 3 2
0 40 1 0
0 51 1 2
0 71 1 2
0 125 0 1
0 259 2 0
0 279 2 0
1
end_operator
begin_operator
link-1-1 n-1-1 n-2-1 cell-1-0 cap-2 cap-1 cell-1-1 cap-1 cap-0
0
7
0 23 0 4
0 40 2 1
0 51 1 2
0 71 1 2
0 125 0 1
0 259 2 0
0 279 2 0
1
end_operator
begin_operator
link-1-1 n-1-1 n-2-1 cell-1-0 cap-2 cap-1 cell-1-1 cap-2 cap-1
0
7
0 23 1 0
0 40 2 1
0 51 1 2
0 71 1 2
0 125 0 1
0 259 2 0
0 279 2 0
1
end_operator
begin_operator
link-1-1 n-1-1 n-2-1 cell-1-0 cap-2 cap-1 cell-1-1 cap-3 cap-2
0
7
0 23 2 1
0 40 2 1
0 51 1 2
0 71 1 2
0 125 0 1
0 259 2 0
0 279 2 0
1
end_operator
begin_operator
link-1-1 n-1-1 n-2-1 cell-1-0 cap-2 cap-1 cell-1-1 cap-4 cap-3
0
7
0 23 3 2
0 40 2 1
0 51 1 2
0 71 1 2
0 125 0 1
0 259 2 0
0 279 2 0
1
end_operator
begin_operator
link-1-1 n-1-2 n-1-3 cell-0-2 cap-1 cap-0 cell-1-2 cap-1 cap-0
0
7
0 24 0 4
0 52 1 2
0 53 1 2
0 101 1 0
0 126 0 1
0 260 2 0
0 261 2 0
1
end_operator
begin_operator
link-1-1 n-1-2 n-1-3 cell-0-2 cap-1 cap-0 cell-1-2 cap-2 cap-1
0
7
0 24 1 0
0 52 1 2
0 53 1 2
0 101 1 0
0 126 0 1
0 260 2 0
0 261 2 0
1
end_operator
begin_operator
link-1-1 n-1-2 n-1-3 cell-0-2 cap-1 cap-0 cell-1-2 cap-3 cap-2
0
7
0 24 2 1
0 52 1 2
0 53 1 2
0 101 1 0
0 126 0 1
0 260 2 0
0 261 2 0
1
end_operator
begin_operator
link-1-1 n-1-2 n-1-3 cell-0-2 cap-1 cap-0 cell-1-2 cap-4 cap-3
0
7
0 24 3 2
0 52 1 2
0 53 1 2
0 101 1 0
0 126 0 1
0 260 2 0
0 261 2 0
1
end_operator
begin_operator
link-1-1 n-1-2 n-2-2 cell-1-1 cap-1 cap-0 cell-1-2 cap-1 cap-0
0
7
0 23 0 4
0 24 0 4
0 52 1 2
0 72 1 2
0 127 0 1
0 260 2 0
0 280 2 0
1
end_operator
begin_operator
link-1-1 n-1-2 n-2-2 cell-1-1 cap-1 cap-0 cell-1-2 cap-2 cap-1
0
7
0 23 0 4
0 24 1 0
0 52 1 2
0 72 1 2
0 127 0 1
0 260 2 0
0 280 2 0
1
end_operator
begin_operator
link-1-1 n-1-2 n-2-2 cell-1-1 cap-1 cap-0 cell-1-2 cap-3 cap-2
0
7
0 23 0 4
0 24 2 1
0 52 1 2
0 72 1 2
0 127 0 1
0 260 2 0
0 280 2 0
1
end_operator
begin_operator
link-1-1 n-1-2 n-2-2 cell-1-1 cap-1 cap-0 cell-1-2 cap-4 cap-3
0
7
0 23 0 4
0 24 3 2
0 52 1 2
0 72 1 2
0 127 0 1
0 260 2 0
0 280 2 0
1
end_operator
begin_operator
link-1-1 n-1-2 n-2-2 cell-1-1 cap-2 cap-1 cell-1-2 cap-1 cap-0
0
7
0 23 1 0
0 24 0 4
0 52 1 2
0 72 1 2
0 127 0 1
0 260 2 0
0 280 2 0
1
end_operator
begin_operator
link-1-1 n-1-2 n-2-2 cell-1-1 cap-2 cap-1 cell-1-2 cap-2 cap-1
0
7
0 23 1 0
0 24 1 0
0 52 1 2
0 72 1 2
0 127 0 1
0 260 2 0
0 280 2 0
1
end_operator
begin_operator
link-1-1 n-1-2 n-2-2 cell-1-1 cap-2 cap-1 cell-1-2 cap-3 cap-2
0
7
0 23 1 0
0 24 2 1
0 52 1 2
0 72 1 2
0 127 0 1
0 260 2 0
0 280 2 0
1
end_operator
begin_operator
link-1-1 n-1-2 n-2-2 cell-1-1 cap-2 cap-1 cell-1-2 cap-4 cap-3
0
7
0 23 1 0
0 24 3 2
0 52 1 2
0 72 1 2
0 127 0 1
0 260 2 0
0 280 2 0
1
end_operator
begin_operator
link-1-1 n-1-2 n-2-2 cell-1-1 cap-3 cap-2 cell-1-2 cap-1 cap-0
0
7
0 23 2 1
0 24 0 4
0 52 1 2
0 72 1 2
0 127 0 1
0 260 2 0
0 280 2 0
1
end_operator
begin_operator
link-1-1 n-1-2 n-2-2 cell-1-1 cap-3 cap-2 cell-1-2 cap-2 cap-1
0
7
0 23 2 1
0 24 1 0
0 52 1 2
0 72 1 2
0 127 0 1
0 260 2 0
0 280 2 0
1
end_operator
begin_operator
link-1-1 n-1-2 n-2-2 cell-1-1 cap-3 cap-2 cell-1-2 cap-3 cap-2
0
7
0 23 2 1
0 24 2 1
0 52 1 2
0 72 1 2
0 127 0 1
0 260 2 0
0 280 2 0
1
end_operator
begin_operator
link-1-1 n-1-2 n-2-2 cell-1-1 cap-3 cap-2 cell-1-2 cap-4 cap-3
0
7
0 23 2 1
0 24 3 2
0 52 1 2
0 72 1 2
0 127 0 1
0 260 2 0
0 280 2 0
1
end_operator
begin_operator
link-1-1 n-1-2 n-2-2 cell-1-1 cap-4 cap-3 cell-1-2 cap-1 cap-0
0
7
0 23 3 2
0 24 0 4
0 52 1 2
0 72 1 2
0 127 0 1
0 260 2 0
0 280 2 0
1
end_operator
begin_operator
link-1-1 n-1-2 n-2-2 cell-1-1 cap-4 cap-3 cell-1-2 cap-2 cap-1
0
7
0 23 3 2
0 24 1 0
0 52 1 2
0 72 1 2
0 127 0 1
0 260 2 0
0 280 2 0
1
end_operator
begin_operator
link-1-1 n-1-2 n-2-2 cell-1-1 cap-4 cap-3 cell-1-2 cap-3 cap-2
0
7
0 23 3 2
0 24 2 1
0 52 1 2
0 72 1 2
0 127 0 1
0 260 2 0
0 280 2 0
1
end_operator
begin_operator
link-1-1 n-1-2 n-2-2 cell-1-1 cap-4 cap-3 cell-1-2 cap-4 cap-3
0
7
0 23 3 2
0 24 3 2
0 52 1 2
0 72 1 2
0 127 0 1
0 260 2 0
0 280 2 0
1
end_operator
begin_operator
link-1-1 n-1-3 n-1-4 cell-0-3 cap-1 cap-0 cell-1-3 cap-1 cap-0
0
7
0 22 0 4
0 41 1 0
0 53 1 2
0 54 1 2
0 128 0 1
0 261 2 0
0 262 2 0
1
end_operator
begin_operator
link-1-1 n-1-3 n-1-4 cell-0-3 cap-1 cap-0 cell-1-3 cap-2 cap-1
0
7
0 22 0 4
0 41 2 1
0 53 1 2
0 54 1 2
0 128 0 1
0 261 2 0
0 262 2 0
1
end_operator
begin_operator
link-1-1 n-1-3 n-1-4 cell-0-3 cap-2 cap-1 cell-1-3 cap-1 cap-0
0
7
0 22 1 0
0 41 1 0
0 53 1 2
0 54 1 2
0 128 0 1
0 261 2 0
0 262 2 0
1
end_operator
begin_operator
link-1-1 n-1-3 n-1-4 cell-0-3 cap-2 cap-1 cell-1-3 cap-2 cap-1
0
7
0 22 1 0
0 41 2 1
0 53 1 2
0 54 1 2
0 128 0 1
0 261 2 0
0 262 2 0
1
end_operator
begin_operator
link-1-1 n-1-3 n-1-4 cell-0-3 cap-3 cap-2 cell-1-3 cap-1 cap-0
0
7
0 22 2 1
0 41 1 0
0 53 1 2
0 54 1 2
0 128 0 1
0 261 2 0
0 262 2 0
1
end_operator
begin_operator
link-1-1 n-1-3 n-1-4 cell-0-3 cap-3 cap-2 cell-1-3 cap-2 cap-1
0
7
0 22 2 1
0 41 2 1
0 53 1 2
0 54 1 2
0 128 0 1
0 261 2 0
0 262 2 0
1
end_operator
begin_operator
link-1-1 n-1-3 n-1-4 cell-0-3 cap-4 cap-3 cell-1-3 cap-1 cap-0
0
7
0 22 3 2
0 41 1 0
0 53 1 2
0 54 1 2
0 128 0 1
0 261 2 0
0 262 2 0
1
end_operator
begin_operator
link-1-1 n-1-3 n-1-4 cell-0-3 cap-4 cap-3 cell-1-3 cap-2 cap-1
0
7
0 22 3 2
0 41 2 1
0 53 1 2
0 54 1 2
0 128 0 1
0 261 2 0
0 262 2 0
1
end_operator
begin_operator
link-1-1 n-1-3 n-2-3 cell-1-2 cap-1 cap-0 cell-1-3 cap-1 cap-0
0
7
0 24 0 4
0 41 1 0
0 53 1 2
0 73 1 2
0 129 0 1
0 261 2 0
0 281 2 0
1
end_operator
begin_operator
link-1-1 n-1-3 n-2-3 cell-1-2 cap-1 cap-0 cell-1-3 cap-2 cap-1
0
7
0 24 0 4
0 41 2 1
0 53 1 2
0 73 1 2
0 129 0 1
0 261 2 0
0 281 2 0
1
end_operator
begin_operator
link-1-1 n-1-3 n-2-3 cell-1-2 cap-2 cap-1 cell-1-3 cap-1 cap-0
0
7
0 24 1 0
0 41 1 0
0 53 1 2
0 73 1 2
0 129 0 1
0 261 2 0
0 281 2 0
1
end_operator
begin_operator
link-1-1 n-1-3 n-2-3 cell-1-2 cap-2 cap-1 cell-1-3 cap-2 cap-1
0
7
0 24 1 0
0 41 2 1
0 53 1 2
0 73 1 2
0 129 0 1
0 261 2 0
0 281 2 0
1
end_operator
begin_operator
link-1-1 n-1-3 n-2-3 cell-1-2 cap-3 cap-2 cell-1-3 cap-1 cap-0
0
7
0 24 2 1
0 41 1 0
0 53 1 2
0 73 1 2
0 129 0 1
0 261 2 0
0 281 2 0
1
end_operator
begin_operator
link-1-1 n-1-3 n-2-3 cell-1-2 cap-3 cap-2 cell-1-3 cap-2 cap-1
0
7
0 24 2 1
0 41 2 1
0 53 1 2
0 73 1 2
0 129 0 1
0 261 2 0
0 281 2 0
1
end_operator
begin_operator
link-1-1 n-1-3 n-2-3 cell-1-2 cap-4 cap-3 cell-1-3 cap-1 cap-0
0
7
0 24 3 2
0 41 1 0
0 53 1 2
0 73 1 2
0 129 0 1
0 261 2 0
0 281 2 0
1
end_operator
begin_operator
link-1-1 n-1-3 n-2-3 cell-1-2 cap-4 cap-3 cell-1-3 cap-2 cap-1
0
7
0 24 3 2
0 41 2 1
0 53 1 2
0 73 1 2
0 129 0 1
0 261 2 0
0 281 2 0
1
end_operator
begin_operator
link-1-1 n-1-4 n-2-4 cell-1-3 cap-1 cap-0 cell-outside-1-right cap-1 cap-0
0
7
0 41 1 0
0 54 1 2
0 74 1 2
0 130 0 1
0 218 0 1
0 262 2 0
0 282 2 0
1
end_operator
begin_operator
link-1-1 n-1-4 n-2-4 cell-1-3 cap-2 cap-1 cell-outside-1-right cap-1 cap-0
0
7
0 41 2 1
0 54 1 2
0 74 1 2
0 130 0 1
0 218 0 1
0 262 2 0
0 282 2 0
1
end_operator
begin_operator
link-1-1 n-10-0 n-10-1 cell-9-0 cap-1 cap-0 cell-10-0 cap-1 cap-0
0
7
0 17 0 4
0 55 1 2
0 56 1 2
0 111 1 0
0 131 0 1
0 263 2 0
0 264 2 0
1
end_operator
begin_operator
link-1-1 n-10-0 n-10-1 cell-9-0 cap-2 cap-1 cell-10-0 cap-1 cap-0
0
7
0 17 1 0
0 55 1 2
0 56 1 2
0 111 1 0
0 131 0 1
0 263 2 0
0 264 2 0
1
end_operator
begin_operator
link-1-1 n-10-0 n-10-1 cell-9-0 cap-3 cap-2 cell-10-0 cap-1 cap-0
0
7
0 17 2 1
0 55 1 2
0 56 1 2
0 111 1 0
0 131 0 1
0 263 2 0
0 264 2 0
1
end_operator
begin_operator
link-1-1 n-10-0 n-10-1 cell-9-0 cap-4 cap-3 cell-10-0 cap-1 cap-0
0
7
0 17 3 2
0 55 1 2
0 56 1 2
0 111 1 0
0 131 0 1
0 263 2 0
0 264 2 0
1
end_operator
begin_operator
link-1-1 n-10-0 n-11-0 cell-outside-10-left cap-1 cap-0 cell-10-0 cap-1 cap-0
0
7
0 55 1 2
0 60 1 2
0 111 1 0
0 132 0 1
0 222 0 1
0 263 2 0
0 268 2 0
1
end_operator
begin_operator
link-1-1 n-10-1 n-10-2 cell-9-1 cap-1 cap-0 cell-10-1 cap-1 cap-0
0
7
0 18 0 4
0 25 1 0
0 56 1 2
0 57 1 2
0 133 0 1
0 264 2 0
0 265 2 0
1
end_operator
begin_operator
link-1-1 n-10-1 n-10-2 cell-9-1 cap-1 cap-0 cell-10-1 cap-2 cap-1
0
7
0 18 0 4
0 25 2 1
0 56 1 2
0 57 1 2
0 133 0 1
0 264 2 0
0 265 2 0
1
end_operator
begin_operator
link-1-1 n-10-1 n-10-2 cell-9-1 cap-1 cap-0 cell-10-1 cap-3 cap-2
0
7
0 18 0 4
0 25 3 2
0 56 1 2
0 57 1 2
0 133 0 1
0 264 2 0
0 265 2 0
1
end_operator
begin_operator
link-1-1 n-10-1 n-10-2 cell-9-1 cap-2 cap-1 cell-10-1 cap-1 cap-0
0
7
0 18 1 0
0 25 1 0
0 56 1 2
0 57 1 2
0 133 0 1
0 264 2 0
0 265 2 0
1
end_operator
begin_operator
link-1-1 n-10-1 n-10-2 cell-9-1 cap-2 cap-1 cell-10-1 cap-2 cap-1
0
7
0 18 1 0
0 25 2 1
0 56 1 2
0 57 1 2
0 133 0 1
0 264 2 0
0 265 2 0
1
end_operator
begin_operator
link-1-1 n-10-1 n-10-2 cell-9-1 cap-2 cap-1 cell-10-1 cap-3 cap-2
0
7
0 18 1 0
0 25 3 2
0 56 1 2
0 57 1 2
0 133 0 1
0 264 2 0
0 265 2 0
1
end_operator
begin_operator
link-1-1 n-10-1 n-10-2 cell-9-1 cap-3 cap-2 cell-10-1 cap-1 cap-0
0
7
0 18 2 1
0 25 1 0
0 56 1 2
0 57 1 2
0 133 0 1
0 264 2 0
0 265 2 0
1
end_operator
begin_operator
link-1-1 n-10-1 n-10-2 cell-9-1 cap-3 cap-2 cell-10-1 cap-2 cap-1
0
7
0 18 2 1
0 25 2 1
0 56 1 2
0 57 1 2
0 133 0 1
0 264 2 0
0 265 2 0
1
end_operator
begin_operator
link-1-1 n-10-1 n-10-2 cell-9-1 cap-3 cap-2 cell-10-1 cap-3 cap-2
0
7
0 18 2 1
0 25 3 2
0 56 1 2
0 57 1 2
0 133 0 1
0 264 2 0
0 265 2 0
1
end_operator
begin_operator
link-1-1 n-10-1 n-10-2 cell-9-1 cap-4 cap-3 cell-10-1 cap-1 cap-0
0
7
0 18 3 2
0 25 1 0
0 56 1 2
0 57 1 2
0 133 0 1
0 264 2 0
0 265 2 0
1
end_operator
begin_operator
link-1-1 n-10-1 n-10-2 cell-9-1 cap-4 cap-3 cell-10-1 cap-2 cap-1
0
7
0 18 3 2
0 25 2 1
0 56 1 2
0 57 1 2
0 133 0 1
0 264 2 0
0 265 2 0
1
end_operator
begin_operator
link-1-1 n-10-1 n-10-2 cell-9-1 cap-4 cap-3 cell-10-1 cap-3 cap-2
0
7
0 18 3 2
0 25 3 2
0 56 1 2
0 57 1 2
0 133 0 1
0 264 2 0
0 265 2 0
1
end_operator
begin_operator
link-1-1 n-10-1 n-11-1 cell-10-0 cap-1 cap-0 cell-10-1 cap-1 cap-0
0
7
0 25 1 0
0 56 1 2
0 61 1 2
0 111 1 0
0 134 0 1
0 264 2 0
0 269 2 0
1
end_operator
begin_operator
link-1-1 n-10-1 n-11-1 cell-10-0 cap-1 cap-0 cell-10-1 cap-2 cap-1
0
7
0 25 2 1
0 56 1 2
0 61 1 2
0 111 1 0
0 134 0 1
0 264 2 0
0 269 2 0
1
end_operator
begin_operator
link-1-1 n-10-1 n-11-1 cell-10-0 cap-1 cap-0 cell-10-1 cap-3 cap-2
0
7
0 25 3 2
0 56 1 2
0 61 1 2
0 111 1 0
0 134 0 1
0 264 2 0
0 269 2 0
1
end_operator
begin_operator
link-1-1 n-10-2 n-10-3 cell-9-2 cap-1 cap-0 cell-10-2 cap-1 cap-0
0
7
0 19 0 4
0 26 0 4
0 57 1 2
0 58 1 2
0 135 0 1
0 265 2 0
0 266 2 0
1
end_operator
begin_operator
link-1-1 n-10-2 n-10-3 cell-9-2 cap-1 cap-0 cell-10-2 cap-2 cap-1
0
7
0 19 0 4
0 26 1 0
0 57 1 2
0 58 1 2
0 135 0 1
0 265 2 0
0 266 2 0
1
end_operator
begin_operator
link-1-1 n-10-2 n-10-3 cell-9-2 cap-1 cap-0 cell-10-2 cap-3 cap-2
0
7
0 19 0 4
0 26 2 1
0 57 1 2
0 58 1 2
0 135 0 1
0 265 2 0
0 266 2 0
1
end_operator
begin_operator
link-1-1 n-10-2 n-10-3 cell-9-2 cap-1 cap-0 cell-10-2 cap-4 cap-3
0
7
0 19 0 4
0 26 3 2
0 57 1 2
0 58 1 2
0 135 0 1
0 265 2 0
0 266 2 0
1
end_operator
begin_operator
link-1-1 n-10-2 n-10-3 cell-9-2 cap-2 cap-1 cell-10-2 cap-1 cap-0
0
7
0 19 1 0
0 26 0 4
0 57 1 2
0 58 1 2
0 135 0 1
0 265 2 0
0 266 2 0
1
end_operator
begin_operator
link-1-1 n-10-2 n-10-3 cell-9-2 cap-2 cap-1 cell-10-2 cap-2 cap-1
0
7
0 19 1 0
0 26 1 0
0 57 1 2
0 58 1 2
0 135 0 1
0 265 2 0
0 266 2 0
1
end_operator
begin_operator
link-1-1 n-10-2 n-10-3 cell-9-2 cap-2 cap-1 cell-10-2 cap-3 cap-2
0
7
0 19 1 0
0 26 2 1
0 57 1 2
0 58 1 2
0 135 0 1
0 265 2 0
0 266 2 0
1
end_operator
begin_operator
link-1-1 n-10-2 n-10-3 cell-9-2 cap-2 cap-1 cell-10-2 cap-4 cap-3
0
7
0 19 1 0
0 26 3 2
0 57 1 2
0 58 1 2
0 135 0 1
0 265 2 0
0 266 2 0
1
end_operator
begin_operator
link-1-1 n-10-2 n-10-3 cell-9-2 cap-3 cap-2 cell-10-2 cap-1 cap-0
0
7
0 19 2 1
0 26 0 4
0 57 1 2
0 58 1 2
0 135 0 1
0 265 2 0
0 266 2 0
1
end_operator
begin_operator
link-1-1 n-10-2 n-10-3 cell-9-2 cap-3 cap-2 cell-10-2 cap-2 cap-1
0
7
0 19 2 1
0 26 1 0
0 57 1 2
0 58 1 2
0 135 0 1
0 265 2 0
0 266 2 0
1
end_operator
begin_operator
link-1-1 n-10-2 n-10-3 cell-9-2 cap-3 cap-2 cell-10-2 cap-3 cap-2
0
7
0 19 2 1
0 26 2 1
0 57 1 2
0 58 1 2
0 135 0 1
0 265 2 0
0 266 2 0
1
end_operator
begin_operator
link-1-1 n-10-2 n-10-3 cell-9-2 cap-3 cap-2 cell-10-2 cap-4 cap-3
0
7
0 19 2 1
0 26 3 2
0 57 1 2
0 58 1 2
0 135 0 1
0 265 2 0
0 266 2 0
1
end_operator
begin_operator
link-1-1 n-10-2 n-10-3 cell-9-2 cap-4 cap-3 cell-10-2 cap-1 cap-0
0
7
0 19 3 2
0 26 0 4
0 57 1 2
0 58 1 2
0 135 0 1
0 265 2 0
0 266 2 0
1
end_operator
begin_operator
link-1-1 n-10-2 n-10-3 cell-9-2 cap-4 cap-3 cell-10-2 cap-2 cap-1
0
7
0 19 3 2
0 26 1 0
0 57 1 2
0 58 1 2
0 135 0 1
0 265 2 0
0 266 2 0
1
end_operator
begin_operator
link-1-1 n-10-2 n-10-3 cell-9-2 cap-4 cap-3 cell-10-2 cap-3 cap-2
0
7
0 19 3 2
0 26 2 1
0 57 1 2
0 58 1 2
0 135 0 1
0 265 2 0
0 266 2 0
1
end_operator
begin_operator
link-1-1 n-10-2 n-10-3 cell-9-2 cap-4 cap-3 cell-10-2 cap-4 cap-3
0
7
0 19 3 2
0 26 3 2
0 57 1 2
0 58 1 2
0 135 0 1
0 265 2 0
0 266 2 0
1
end_operator
begin_operator
link-1-1 n-10-2 n-11-2 cell-10-1 cap-1 cap-0 cell-10-2 cap-1 cap-0
0
7
0 25 1 0
0 26 0 4
0 57 1 2
0 62 1 2
0 136 0 1
0 265 2 0
0 270 2 0
1
end_operator
begin_operator
link-1-1 n-10-2 n-11-2 cell-10-1 cap-1 cap-0 cell-10-2 cap-2 cap-1
0
7
0 25 1 0
0 26 1 0
0 57 1 2
0 62 1 2
0 136 0 1
0 265 2 0
0 270 2 0
1
end_operator
begin_operator
link-1-1 n-10-2 n-11-2 cell-10-1 cap-1 cap-0 cell-10-2 cap-3 cap-2
0
7
0 25 1 0
0 26 2 1
0 57 1 2
0 62 1 2
0 136 0 1
0 265 2 0
0 270 2 0
1
end_operator
begin_operator
link-1-1 n-10-2 n-11-2 cell-10-1 cap-1 cap-0 cell-10-2 cap-4 cap-3
0
7
0 25 1 0
0 26 3 2
0 57 1 2
0 62 1 2
0 136 0 1
0 265 2 0
0 270 2 0
1
end_operator
begin_operator
link-1-1 n-10-2 n-11-2 cell-10-1 cap-2 cap-1 cell-10-2 cap-1 cap-0
0
7
0 25 2 1
0 26 0 4
0 57 1 2
0 62 1 2
0 136 0 1
0 265 2 0
0 270 2 0
1
end_operator
begin_operator
link-1-1 n-10-2 n-11-2 cell-10-1 cap-2 cap-1 cell-10-2 cap-2 cap-1
0
7
0 25 2 1
0 26 1 0
0 57 1 2
0 62 1 2
0 136 0 1
0 265 2 0
0 270 2 0
1
end_operator
begin_operator
link-1-1 n-10-2 n-11-2 cell-10-1 cap-2 cap-1 cell-10-2 cap-3 cap-2
0
7
0 25 2 1
0 26 2 1
0 57 1 2
0 62 1 2
0 136 0 1
0 265 2 0
0 270 2 0
1
end_operator
begin_operator
link-1-1 n-10-2 n-11-2 cell-10-1 cap-2 cap-1 cell-10-2 cap-4 cap-3
0
7
0 25 2 1
0 26 3 2
0 57 1 2
0 62 1 2
0 136 0 1
0 265 2 0
0 270 2 0
1
end_operator
begin_operator
link-1-1 n-10-2 n-11-2 cell-10-1 cap-3 cap-2 cell-10-2 cap-1 cap-0
0
7
0 25 3 2
0 26 0 4
0 57 1 2
0 62 1 2
0 136 0 1
0 265 2 0
0 270 2 0
1
end_operator
begin_operator
link-1-1 n-10-2 n-11-2 cell-10-1 cap-3 cap-2 cell-10-2 cap-2 cap-1
0
7
0 25 3 2
0 26 1 0
0 57 1 2
0 62 1 2
0 136 0 1
0 265 2 0
0 270 2 0
1
end_operator
begin_operator
link-1-1 n-10-2 n-11-2 cell-10-1 cap-3 cap-2 cell-10-2 cap-3 cap-2
0
7
0 25 3 2
0 26 2 1
0 57 1 2
0 62 1 2
0 136 0 1
0 265 2 0
0 270 2 0
1
end_operator
begin_operator
link-1-1 n-10-2 n-11-2 cell-10-1 cap-3 cap-2 cell-10-2 cap-4 cap-3
0
7
0 25 3 2
0 26 3 2
0 57 1 2
0 62 1 2
0 136 0 1
0 265 2 0
0 270 2 0
1
end_operator
begin_operator
link-1-1 n-10-3 n-10-4 cell-9-3 cap-1 cap-0 cell-10-3 cap-1 cap-0
0
7
0 20 0 4
0 27 0 4
0 58 1 2
0 59 1 2
0 137 0 1
0 266 2 0
0 267 2 0
1
end_operator
begin_operator
link-1-1 n-10-3 n-10-4 cell-9-3 cap-1 cap-0 cell-10-3 cap-2 cap-1
0
7
0 20 0 4
0 27 1 0
0 58 1 2
0 59 1 2
0 137 0 1
0 266 2 0
0 267 2 0
1
end_operator
begin_operator
link-1-1 n-10-3 n-10-4 cell-9-3 cap-1 cap-0 cell-10-3 cap-3 cap-2
0
7
0 20 0 4
0 27 2 1
0 58 1 2
0 59 1 2
0 137 0 1
0 266 2 0
0 267 2 0
1
end_operator
begin_operator
link-1-1 n-10-3 n-10-4 cell-9-3 cap-1 cap-0 cell-10-3 cap-4 cap-3
0
7
0 20 0 4
0 27 3 2
0 58 1 2
0 59 1 2
0 137 0 1
0 266 2 0
0 267 2 0
1
end_operator
begin_operator
link-1-1 n-10-3 n-10-4 cell-9-3 cap-2 cap-1 cell-10-3 cap-1 cap-0
0
7
0 20 1 0
0 27 0 4
0 58 1 2
0 59 1 2
0 137 0 1
0 266 2 0
0 267 2 0
1
end_operator
begin_operator
link-1-1 n-10-3 n-10-4 cell-9-3 cap-2 cap-1 cell-10-3 cap-2 cap-1
0
7
0 20 1 0
0 27 1 0
0 58 1 2
0 59 1 2
0 137 0 1
0 266 2 0
0 267 2 0
1
end_operator
begin_operator
link-1-1 n-10-3 n-10-4 cell-9-3 cap-2 cap-1 cell-10-3 cap-3 cap-2
0
7
0 20 1 0
0 27 2 1
0 58 1 2
0 59 1 2
0 137 0 1
0 266 2 0
0 267 2 0
1
end_operator
begin_operator
link-1-1 n-10-3 n-10-4 cell-9-3 cap-2 cap-1 cell-10-3 cap-4 cap-3
0
7
0 20 1 0
0 27 3 2
0 58 1 2
0 59 1 2
0 137 0 1
0 266 2 0
0 267 2 0
1
end_operator
begin_operator
link-1-1 n-10-3 n-10-4 cell-9-3 cap-3 cap-2 cell-10-3 cap-1 cap-0
0
7
0 20 2 1
0 27 0 4
0 58 1 2
0 59 1 2
0 137 0 1
0 266 2 0
0 267 2 0
1
end_operator
begin_operator
link-1-1 n-10-3 n-10-4 cell-9-3 cap-3 cap-2 cell-10-3 cap-2 cap-1
0
7
0 20 2 1
0 27 1 0
0 58 1 2
0 59 1 2
0 137 0 1
0 266 2 0
0 267 2 0
1
end_operator
begin_operator
link-1-1 n-10-3 n-10-4 cell-9-3 cap-3 cap-2 cell-10-3 cap-3 cap-2
0
7
0 20 2 1
0 27 2 1
0 58 1 2
0 59 1 2
0 137 0 1
0 266 2 0
0 267 2 0
1
end_operator
begin_operator
link-1-1 n-10-3 n-10-4 cell-9-3 cap-3 cap-2 cell-10-3 cap-4 cap-3
0
7
0 20 2 1
0 27 3 2
0 58 1 2
0 59 1 2
0 137 0 1
0 266 2 0
0 267 2 0
1
end_operator
begin_operator
link-1-1 n-10-3 n-10-4 cell-9-3 cap-4 cap-3 cell-10-3 cap-1 cap-0
0
7
0 20 3 2
0 27 0 4
0 58 1 2
0 59 1 2
0 137 0 1
0 266 2 0
0 267 2 0
1
end_operator
begin_operator
link-1-1 n-10-3 n-10-4 cell-9-3 cap-4 cap-3 cell-10-3 cap-2 cap-1
0
7
0 20 3 2
0 27 1 0
0 58 1 2
0 59 1 2
0 137 0 1
0 266 2 0
0 267 2 0
1
end_operator
begin_operator
link-1-1 n-10-3 n-10-4 cell-9-3 cap-4 cap-3 cell-10-3 cap-3 cap-2
0
7
0 20 3 2
0 27 2 1
0 58 1 2
0 59 1 2
0 137 0 1
0 266 2 0
0 267 2 0
1
end_operator
begin_operator
link-1-1 n-10-3 n-10-4 cell-9-3 cap-4 cap-3 cell-10-3 cap-4 cap-3
0
7
0 20 3 2
0 27 3 2
0 58 1 2
0 59 1 2
0 137 0 1
0 266 2 0
0 267 2 0
1
end_operator
begin_operator
link-1-1 n-10-3 n-11-3 cell-10-2 cap-1 cap-0 cell-10-3 cap-1 cap-0
0
7
0 26 0 4
0 27 0 4
0 58 1 2
0 63 1 2
0 138 0 1
0 266 2 0
0 271 2 0
1
end_operator
begin_operator
link-1-1 n-10-3 n-11-3 cell-10-2 cap-1 cap-0 cell-10-3 cap-2 cap-1
0
7
0 26 0 4
0 27 1 0
0 58 1 2
0 63 1 2
0 138 0 1
0 266 2 0
0 271 2 0
1
end_operator
begin_operator
link-1-1 n-10-3 n-11-3 cell-10-2 cap-1 cap-0 cell-10-3 cap-3 cap-2
0
7
0 26 0 4
0 27 2 1
0 58 1 2
0 63 1 2
0 138 0 1
0 266 2 0
0 271 2 0
1
end_operator
begin_operator
link-1-1 n-10-3 n-11-3 cell-10-2 cap-1 cap-0 cell-10-3 cap-4 cap-3
0
7
0 26 0 4
0 27 3 2
0 58 1 2
0 63 1 2
0 138 0 1
0 266 2 0
0 271 2 0
1
end_operator
begin_operator
link-1-1 n-10-3 n-11-3 cell-10-2 cap-2 cap-1 cell-10-3 cap-1 cap-0
0
7
0 26 1 0
0 27 0 4
0 58 1 2
0 63 1 2
0 138 0 1
0 266 2 0
0 271 2 0
1
end_operator
begin_operator
link-1-1 n-10-3 n-11-3 cell-10-2 cap-2 cap-1 cell-10-3 cap-2 cap-1
0
7
0 26 1 0
0 27 1 0
0 58 1 2
0 63 1 2
0 138 0 1
0 266 2 0
0 271 2 0
1
end_operator
begin_operator
link-1-1 n-10-3 n-11-3 cell-10-2 cap-2 cap-1 cell-10-3 cap-3 cap-2
0
7
0 26 1 0
0 27 2 1
0 58 1 2
0 63 1 2
0 138 0 1
0 266 2 0
0 271 2 0
1
end_operator
begin_operator
link-1-1 n-10-3 n-11-3 cell-10-2 cap-2 cap-1 cell-10-3 cap-4 cap-3
0
7
0 26 1 0
0 27 3 2
0 58 1 2
0 63 1 2
0 138 0 1
0 266 2 0
0 271 2 0
1
end_operator
begin_operator
link-1-1 n-10-3 n-11-3 cell-10-2 cap-3 cap-2 cell-10-3 cap-1 cap-0
0
7
0 26 2 1
0 27 0 4
0 58 1 2
0 63 1 2
0 138 0 1
0 266 2 0
0 271 2 0
1
end_operator
begin_operator
link-1-1 n-10-3 n-11-3 cell-10-2 cap-3 cap-2 cell-10-3 cap-2 cap-1
0
7
0 26 2 1
0 27 1 0
0 58 1 2
0 63 1 2
0 138 0 1
0 266 2 0
0 271 2 0
1
end_operator
begin_operator
link-1-1 n-10-3 n-11-3 cell-10-2 cap-3 cap-2 cell-10-3 cap-3 cap-2
0
7
0 26 2 1
0 27 2 1
0 58 1 2
0 63 1 2
0 138 0 1
0 266 2 0
0 271 2 0
1
end_operator
begin_operator
link-1-1 n-10-3 n-11-3 cell-10-2 cap-3 cap-2 cell-10-3 cap-4 cap-3
0
7
0 26 2 1
0 27 3 2
0 58 1 2
0 63 1 2
0 138 0 1
0 266 2 0
0 271 2 0
1
end_operator
begin_operator
link-1-1 n-10-3 n-11-3 cell-10-2 cap-4 cap-3 cell-10-3 cap-1 cap-0
0
7
0 26 3 2
0 27 0 4
0 58 1 2
0 63 1 2
0 138 0 1
0 266 2 0
0 271 2 0
1
end_operator
begin_operator
link-1-1 n-10-3 n-11-3 cell-10-2 cap-4 cap-3 cell-10-3 cap-2 cap-1
0
7
0 26 3 2
0 27 1 0
0 58 1 2
0 63 1 2
0 138 0 1
0 266 2 0
0 271 2 0
1
end_operator
begin_operator
link-1-1 n-10-3 n-11-3 cell-10-2 cap-4 cap-3 cell-10-3 cap-3 cap-2
0
7
0 26 3 2
0 27 2 1
0 58 1 2
0 63 1 2
0 138 0 1
0 266 2 0
0 271 2 0
1
end_operator
begin_operator
link-1-1 n-10-3 n-11-3 cell-10-2 cap-4 cap-3 cell-10-3 cap-4 cap-3
0
7
0 26 3 2
0 27 3 2
0 58 1 2
0 63 1 2
0 138 0 1
0 266 2 0
0 271 2 0
1
end_operator
begin_operator
link-1-1 n-10-4 n-11-4 cell-10-3 cap-1 cap-0 cell-outside-10-right cap-1 cap-0
0
7
0 27 0 4
0 59 1 2
0 64 1 2
0 139 0 1
0 224 0 1
0 267 2 0
0 272 2 0
1
end_operator
begin_operator
link-1-1 n-10-4 n-11-4 cell-10-3 cap-2 cap-1 cell-outside-10-right cap-1 cap-0
0
7
0 27 1 0
0 59 1 2
0 64 1 2
0 139 0 1
0 224 0 1
0 267 2 0
0 272 2 0
1
end_operator
begin_operator
link-1-1 n-10-4 n-11-4 cell-10-3 cap-3 cap-2 cell-outside-10-right cap-1 cap-0
0
7
0 27 2 1
0 59 1 2
0 64 1 2
0 139 0 1
0 224 0 1
0 267 2 0
0 272 2 0
1
end_operator
begin_operator
link-1-1 n-10-4 n-11-4 cell-10-3 cap-4 cap-3 cell-outside-10-right cap-1 cap-0
0
7
0 27 3 2
0 59 1 2
0 64 1 2
0 139 0 1
0 224 0 1
0 267 2 0
0 272 2 0
1
end_operator
begin_operator
link-1-1 n-11-0 n-11-1 cell-10-0 cap-1 cap-0 cell-11-0 cap-1 cap-0
0
7
0 28 0 4
0 60 1 2
0 61 1 2
0 111 1 0
0 140 0 1
0 268 2 0
0 269 2 0
1
end_operator
begin_operator
link-1-1 n-11-0 n-11-1 cell-10-0 cap-1 cap-0 cell-11-0 cap-2 cap-1
0
7
0 28 1 0
0 60 1 2
0 61 1 2
0 111 1 0
0 140 0 1
0 268 2 0
0 269 2 0
1
end_operator
begin_operator
link-1-1 n-11-0 n-11-1 cell-10-0 cap-1 cap-0 cell-11-0 cap-3 cap-2
0
7
0 28 2 1
0 60 1 2
0 61 1 2
0 111 1 0
0 140 0 1
0 268 2 0
0 269 2 0
1
end_operator
begin_operator
link-1-1 n-11-0 n-11-1 cell-10-0 cap-1 cap-0 cell-11-0 cap-4 cap-3
0
7
0 28 3 2
0 60 1 2
0 61 1 2
0 111 1 0
0 140 0 1
0 268 2 0
0 269 2 0
1
end_operator
begin_operator
link-1-1 n-11-0 n-12-0 cell-outside-11-left cap-1 cap-0 cell-11-0 cap-1 cap-0
0
7
0 28 0 4
0 60 1 2
0 65 1 2
0 141 0 1
0 226 0 1
0 268 2 0
0 273 2 0
1
end_operator
begin_operator
link-1-1 n-11-0 n-12-0 cell-outside-11-left cap-1 cap-0 cell-11-0 cap-2 cap-1
0
7
0 28 1 0
0 60 1 2
0 65 1 2
0 141 0 1
0 226 0 1
0 268 2 0
0 273 2 0
1
end_operator
begin_operator
link-1-1 n-11-0 n-12-0 cell-outside-11-left cap-1 cap-0 cell-11-0 cap-3 cap-2
0
7
0 28 2 1
0 60 1 2
0 65 1 2
0 141 0 1
0 226 0 1
0 268 2 0
0 273 2 0
1
end_operator
begin_operator
link-1-1 n-11-1 n-11-2 cell-10-1 cap-1 cap-0 cell-11-1 cap-1 cap-0
0
7
0 25 1 0
0 42 1 0
0 61 1 2
0 62 1 2
0 142 0 1
0 269 2 0
0 270 2 0
1
end_operator
begin_operator
link-1-1 n-11-1 n-11-2 cell-10-1 cap-1 cap-0 cell-11-1 cap-2 cap-1
0
7
0 25 1 0
0 42 2 1
0 61 1 2
0 62 1 2
0 142 0 1
0 269 2 0
0 270 2 0
1
end_operator
begin_operator
link-1-1 n-11-1 n-11-2 cell-10-1 cap-2 cap-1 cell-11-1 cap-1 cap-0
0
7
0 25 2 1
0 42 1 0
0 61 1 2
0 62 1 2
0 142 0 1
0 269 2 0
0 270 2 0
1
end_operator
begin_operator
link-1-1 n-11-1 n-11-2 cell-10-1 cap-2 cap-1 cell-11-1 cap-2 cap-1
0
7
0 25 2 1
0 42 2 1
0 61 1 2
0 62 1 2
0 142 0 1
0 269 2 0
0 270 2 0
1
end_operator
begin_operator
link-1-1 n-11-1 n-11-2 cell-10-1 cap-3 cap-2 cell-11-1 cap-1 cap-0
0
7
0 25 3 2
0 42 1 0
0 61 1 2
0 62 1 2
0 142 0 1
0 269 2 0
0 270 2 0
1
end_operator
begin_operator
link-1-1 n-11-1 n-11-2 cell-10-1 cap-3 cap-2 cell-11-1 cap-2 cap-1
0
7
0 25 3 2
0 42 2 1
0 61 1 2
0 62 1 2
0 142 0 1
0 269 2 0
0 270 2 0
1
end_operator
begin_operator
link-1-1 n-11-1 n-12-1 cell-11-0 cap-1 cap-0 cell-11-1 cap-1 cap-0
0
7
0 28 0 4
0 42 1 0
0 61 1 2
0 66 1 2
0 143 0 1
0 269 2 0
0 274 2 0
1
end_operator
begin_operator
link-1-1 n-11-1 n-12-1 cell-11-0 cap-1 cap-0 cell-11-1 cap-2 cap-1
0
7
0 28 0 4
0 42 2 1
0 61 1 2
0 66 1 2
0 143 0 1
0 269 2 0
0 274 2 0
1
end_operator
begin_operator
link-1-1 n-11-1 n-12-1 cell-11-0 cap-2 cap-1 cell-11-1 cap-1 cap-0
0
7
0 28 1 0
0 42 1 0
0 61 1 2
0 66 1 2
0 143 0 1
0 269 2 0
0 274 2 0
1
end_operator
begin_operator
link-1-1 n-11-1 n-12-1 cell-11-0 cap-2 cap-1 cell-11-1 cap-2 cap-1
0
7
0 28 1 0
0 42 2 1
0 61 1 2
0 66 1 2
0 143 0 1
0 269 2 0
0 274 2 0
1
end_operator
begin_operator
link-1-1 n-11-1 n-12-1 cell-11-0 cap-3 cap-2 cell-11-1 cap-1 cap-0
0
7
0 28 2 1
0 42 1 0
0 61 1 2
0 66 1 2
0 143 0 1
0 269 2 0
0 274 2 0
1
end_operator
begin_operator
link-1-1 n-11-1 n-12-1 cell-11-0 cap-3 cap-2 cell-11-1 cap-2 cap-1
0
7
0 28 2 1
0 42 2 1
0 61 1 2
0 66 1 2
0 143 0 1
0 269 2 0
0 274 2 0
1
end_operator
begin_operator
link-1-1 n-11-1 n-12-1 cell-11-0 cap-4 cap-3 cell-11-1 cap-1 cap-0
0
7
0 28 3 2
0 42 1 0
0 61 1 2
0 66 1 2
0 143 0 1
0 269 2 0
0 274 2 0
1
end_operator
begin_operator
link-1-1 n-11-1 n-12-1 cell-11-0 cap-4 cap-3 cell-11-1 cap-2 cap-1
0
7
0 28 3 2
0 42 2 1
0 61 1 2
0 66 1 2
0 143 0 1
0 269 2 0
0 274 2 0
1
end_operator
begin_operator
link-1-1 n-11-2 n-11-3 cell-10-2 cap-1 cap-0 cell-11-2 cap-1 cap-0
0
7
0 26 0 4
0 29 0 4
0 62 1 2
0 63 1 2
0 144 0 1
0 270 2 0
0 271 2 0
1
end_operator
begin_operator
link-1-1 n-11-2 n-11-3 cell-10-2 cap-1 cap-0 cell-11-2 cap-2 cap-1
0
7
0 26 0 4
0 29 1 0
0 62 1 2
0 63 1 2
0 144 0 1
0 270 2 0
0 271 2 0
1
end_operator
begin_operator
link-1-1 n-11-2 n-11-3 cell-10-2 cap-1 cap-0 cell-11-2 cap-3 cap-2
0
7
0 26 0 4
0 29 2 1
0 62 1 2
0 63 1 2
0 144 0 1
0 270 2 0
0 271 2 0
1
end_operator
begin_operator
link-1-1 n-11-2 n-11-3 cell-10-2 cap-1 cap-0 cell-11-2 cap-4 cap-3
0
7
0 26 0 4
0 29 3 2
0 62 1 2
0 63 1 2
0 144 0 1
0 270 2 0
0 271 2 0
1
end_operator
begin_operator
link-1-1 n-11-2 n-11-3 cell-10-2 cap-2 cap-1 cell-11-2 cap-1 cap-0
0
7
0 26 1 0
0 29 0 4
0 62 1 2
0 63 1 2
0 144 0 1
0 270 2 0
0 271 2 0
1
end_operator
begin_operator
link-1-1 n-11-2 n-11-3 cell-10-2 cap-2 cap-1 cell-11-2 cap-2 cap-1
0
7
0 26 1 0
0 29 1 0
0 62 1 2
0 63 1 2
0 144 0 1
0 270 2 0
0 271 2 0
1
end_operator
begin_operator
link-1-1 n-11-2 n-11-3 cell-10-2 cap-2 cap-1 cell-11-2 cap-3 cap-2
0
7
0 26 1 0
0 29 2 1
0 62 1 2
0 63 1 2
0 144 0 1
0 270 2 0
0 271 2 0
1
end_operator
begin_operator
link-1-1 n-11-2 n-11-3 cell-10-2 cap-2 cap-1 cell-11-2 cap-4 cap-3
0
7
0 26 1 0
0 29 3 2
0 62 1 2
0 63 1 2
0 144 0 1
0 270 2 0
0 271 2 0
1
end_operator
begin_operator
link-1-1 n-11-2 n-11-3 cell-10-2 cap-3 cap-2 cell-11-2 cap-1 cap-0
0
7
0 26 2 1
0 29 0 4
0 62 1 2
0 63 1 2
0 144 0 1
0 270 2 0
0 271 2 0
1
end_operator
begin_operator
link-1-1 n-11-2 n-11-3 cell-10-2 cap-3 cap-2 cell-11-2 cap-2 cap-1
0
7
0 26 2 1
0 29 1 0
0 62 1 2
0 63 1 2
0 144 0 1
0 270 2 0
0 271 2 0
1
end_operator
begin_operator
link-1-1 n-11-2 n-11-3 cell-10-2 cap-3 cap-2 cell-11-2 cap-3 cap-2
0
7
0 26 2 1
0 29 2 1
0 62 1 2
0 63 1 2
0 144 0 1
0 270 2 0
0 271 2 0
1
end_operator
begin_operator
link-1-1 n-11-2 n-11-3 cell-10-2 cap-3 cap-2 cell-11-2 cap-4 cap-3
0
7
0 26 2 1
0 29 3 2
0 62 1 2
0 63 1 2
0 144 0 1
0 270 2 0
0 271 2 0
1
end_operator
begin_operator
link-1-1 n-11-2 n-11-3 cell-10-2 cap-4 cap-3 cell-11-2 cap-1 cap-0
0
7
0 26 3 2
0 29 0 4
0 62 1 2
0 63 1 2
0 144 0 1
0 270 2 0
0 271 2 0
1
end_operator
begin_operator
link-1-1 n-11-2 n-11-3 cell-10-2 cap-4 cap-3 cell-11-2 cap-2 cap-1
0
7
0 26 3 2
0 29 1 0
0 62 1 2
0 63 1 2
0 144 0 1
0 270 2 0
0 271 2 0
1
end_operator
begin_operator
link-1-1 n-11-2 n-11-3 cell-10-2 cap-4 cap-3 cell-11-2 cap-3 cap-2
0
7
0 26 3 2
0 29 2 1
0 62 1 2
0 63 1 2
0 144 0 1
0 270 2 0
0 271 2 0
1
end_operator
begin_operator
link-1-1 n-11-2 n-11-3 cell-10-2 cap-4 cap-3 cell-11-2 cap-4 cap-3
0
7
0 26 3 2
0 29 3 2
0 62 1 2
0 63 1 2
0 144 0 1
0 270 2 0
0 271 2 0
1
end_operator
begin_operator
link-1-1 n-11-2 n-12-2 cell-11-1 cap-1 cap-0 cell-11-2 cap-1 cap-0
0
7
0 29 0 4
0 42 1 0
0 62 1 2
0 67 1 2
0 145 0 1
0 270 2 0
0 275 2 0
1
end_operator
begin_operator
link-1-1 n-11-2 n-12-2 cell-11-1 cap-1 cap-0 cell-11-2 cap-2 cap-1
0
7
0 29 1 0
0 42 1 0
0 62 1 2
0 67 1 2
0 145 0 1
0 270 2 0
0 275 2 0
1
end_operator
begin_operator
link-1-1 n-11-2 n-12-2 cell-11-1 cap-1 cap-0 cell-11-2 cap-3 cap-2
0
7
0 29 2 1
0 42 1 0
0 62 1 2
0 67 1 2
0 145 0 1
0 270 2 0
0 275 2 0
1
end_operator
begin_operator
link-1-1 n-11-2 n-12-2 cell-11-1 cap-1 cap-0 cell-11-2 cap-4 cap-3
0
7
0 29 3 2
0 42 1 0
0 62 1 2
0 67 1 2
0 145 0 1
0 270 2 0
0 275 2 0
1
end_operator
begin_operator
link-1-1 n-11-2 n-12-2 cell-11-1 cap-2 cap-1 cell-11-2 cap-1 cap-0
0
7
0 29 0 4
0 42 2 1
0 62 1 2
0 67 1 2
0 145 0 1
0 270 2 0
0 275 2 0
1
end_operator
begin_operator
link-1-1 n-11-2 n-12-2 cell-11-1 cap-2 cap-1 cell-11-2 cap-2 cap-1
0
7
0 29 1 0
0 42 2 1
0 62 1 2
0 67 1 2
0 145 0 1
0 270 2 0
0 275 2 0
1
end_operator
begin_operator
link-1-1 n-11-2 n-12-2 cell-11-1 cap-2 cap-1 cell-11-2 cap-3 cap-2
0
7
0 29 2 1
0 42 2 1
0 62 1 2
0 67 1 2
0 145 0 1
0 270 2 0
0 275 2 0
1
end_operator
begin_operator
link-1-1 n-11-2 n-12-2 cell-11-1 cap-2 cap-1 cell-11-2 cap-4 cap-3
0
7
0 29 3 2
0 42 2 1
0 62 1 2
0 67 1 2
0 145 0 1
0 270 2 0
0 275 2 0
1
end_operator
begin_operator
link-1-1 n-11-3 n-11-4 cell-10-3 cap-1 cap-0 cell-11-3 cap-1 cap-0
0
7
0 27 0 4
0 30 1 0
0 63 1 2
0 64 1 2
0 146 0 1
0 271 2 0
0 272 2 0
1
end_operator
begin_operator
link-1-1 n-11-3 n-11-4 cell-10-3 cap-1 cap-0 cell-11-3 cap-2 cap-1
0
7
0 27 0 4
0 30 2 1
0 63 1 2
0 64 1 2
0 146 0 1
0 271 2 0
0 272 2 0
1
end_operator
begin_operator
link-1-1 n-11-3 n-11-4 cell-10-3 cap-1 cap-0 cell-11-3 cap-3 cap-2
0
7
0 27 0 4
0 30 3 2
0 63 1 2
0 64 1 2
0 146 0 1
0 271 2 0
0 272 2 0
1
end_operator
begin_operator
link-1-1 n-11-3 n-11-4 cell-10-3 cap-2 cap-1 cell-11-3 cap-1 cap-0
0
7
0 27 1 0
0 30 1 0
0 63 1 2
0 64 1 2
0 146 0 1
0 271 2 0
0 272 2 0
1
end_operator
begin_operator
link-1-1 n-11-3 n-11-4 cell-10-3 cap-2 cap-1 cell-11-3 cap-2 cap-1
0
7
0 27 1 0
0 30 2 1
0 63 1 2
0 64 1 2
0 146 0 1
0 271 2 0
0 272 2 0
1
end_operator
begin_operator
link-1-1 n-11-3 n-11-4 cell-10-3 cap-2 cap-1 cell-11-3 cap-3 cap-2
0
7
0 27 1 0
0 30 3 2
0 63 1 2
0 64 1 2
0 146 0 1
0 271 2 0
0 272 2 0
1
end_operator
begin_operator
link-1-1 n-11-3 n-11-4 cell-10-3 cap-3 cap-2 cell-11-3 cap-1 cap-0
0
7
0 27 2 1
0 30 1 0
0 63 1 2
0 64 1 2
0 146 0 1
0 271 2 0
0 272 2 0
1
end_operator
begin_operator
link-1-1 n-11-3 n-11-4 cell-10-3 cap-3 cap-2 cell-11-3 cap-2 cap-1
0
7
0 27 2 1
0 30 2 1
0 63 1 2
0 64 1 2
0 146 0 1
0 271 2 0
0 272 2 0
1
end_operator
begin_operator
link-1-1 n-11-3 n-11-4 cell-10-3 cap-3 cap-2 cell-11-3 cap-3 cap-2
0
7
0 27 2 1
0 30 3 2
0 63 1 2
0 64 1 2
0 146 0 1
0 271 2 0
0 272 2 0
1
end_operator
begin_operator
link-1-1 n-11-3 n-11-4 cell-10-3 cap-4 cap-3 cell-11-3 cap-1 cap-0
0
7
0 27 3 2
0 30 1 0
0 63 1 2
0 64 1 2
0 146 0 1
0 271 2 0
0 272 2 0
1
end_operator
begin_operator
link-1-1 n-11-3 n-11-4 cell-10-3 cap-4 cap-3 cell-11-3 cap-2 cap-1
0
7
0 27 3 2
0 30 2 1
0 63 1 2
0 64 1 2
0 146 0 1
0 271 2 0
0 272 2 0
1
end_operator
begin_operator
link-1-1 n-11-3 n-11-4 cell-10-3 cap-4 cap-3 cell-11-3 cap-3 cap-2
0
7
0 27 3 2
0 30 3 2
0 63 1 2
0 64 1 2
0 146 0 1
0 271 2 0
0 272 2 0
1
end_operator
begin_operator
link-1-1 n-11-3 n-12-3 cell-11-2 cap-1 cap-0 cell-11-3 cap-1 cap-0
0
7
0 29 0 4
0 30 1 0
0 63 1 2
0 68 1 2
0 147 0 1
0 271 2 0
0 276 2 0
1
end_operator
begin_operator
link-1-1 n-11-3 n-12-3 cell-11-2 cap-1 cap-0 cell-11-3 cap-2 cap-1
0
7
0 29 0 4
0 30 2 1
0 63 1 2
0 68 1 2
0 147 0 1
0 271 2 0
0 276 2 0
1
end_operator
begin_operator
link-1-1 n-11-3 n-12-3 cell-11-2 cap-1 cap-0 cell-11-3 cap-3 cap-2
0
7
0 29 0 4
0 30 3 2
0 63 1 2
0 68 1 2
0 147 0 1
0 271 2 0
0 276 2 0
1
end_operator
begin_operator
link-1-1 n-11-3 n-12-3 cell-11-2 cap-2 cap-1 cell-11-3 cap-1 cap-0
0
7
0 29 1 0
0 30 1 0
0 63 1 2
0 68 1 2
0 147 0 1
0 271 2 0
0 276 2 0
1
end_operator
begin_operator
link-1-1 n-11-3 n-12-3 cell-11-2 cap-2 cap-1 cell-11-3 cap-2 cap-1
0
7
0 29 1 0
0 30 2 1
0 63 1 2
0 68 1 2
0 147 0 1
0 271 2 0
0 276 2 0
1
end_operator
begin_operator
link-1-1 n-11-3 n-12-3 cell-11-2 cap-2 cap-1 cell-11-3 cap-3 cap-2
0
7
0 29 1 0
0 30 3 2
0 63 1 2
0 68 1 2
0 147 0 1
0 271 2 0
0 276 2 0
1
end_operator
begin_operator
link-1-1 n-11-3 n-12-3 cell-11-2 cap-3 cap-2 cell-11-3 cap-1 cap-0
0
7
0 29 2 1
0 30 1 0
0 63 1 2
0 68 1 2
0 147 0 1
0 271 2 0
0 276 2 0
1
end_operator
begin_operator
link-1-1 n-11-3 n-12-3 cell-11-2 cap-3 cap-2 cell-11-3 cap-2 cap-1
0
7
0 29 2 1
0 30 2 1
0 63 1 2
0 68 1 2
0 147 0 1
0 271 2 0
0 276 2 0
1
end_operator
begin_operator
link-1-1 n-11-3 n-12-3 cell-11-2 cap-3 cap-2 cell-11-3 cap-3 cap-2
0
7
0 29 2 1
0 30 3 2
0 63 1 2
0 68 1 2
0 147 0 1
0 271 2 0
0 276 2 0
1
end_operator
begin_operator
link-1-1 n-11-3 n-12-3 cell-11-2 cap-4 cap-3 cell-11-3 cap-1 cap-0
0
7
0 29 3 2
0 30 1 0
0 63 1 2
0 68 1 2
0 147 0 1
0 271 2 0
0 276 2 0
1
end_operator
begin_operator
link-1-1 n-11-3 n-12-3 cell-11-2 cap-4 cap-3 cell-11-3 cap-2 cap-1
0
7
0 29 3 2
0 30 2 1
0 63 1 2
0 68 1 2
0 147 0 1
0 271 2 0
0 276 2 0
1
end_operator
begin_operator
link-1-1 n-11-3 n-12-3 cell-11-2 cap-4 cap-3 cell-11-3 cap-3 cap-2
0
7
0 29 3 2
0 30 3 2
0 63 1 2
0 68 1 2
0 147 0 1
0 271 2 0
0 276 2 0
1
end_operator
begin_operator
link-1-1 n-11-4 n-12-4 cell-11-3 cap-1 cap-0 cell-outside-11-right cap-1 cap-0
0
7
0 30 1 0
0 64 1 2
0 69 1 2
0 148 0 1
0 228 0 1
0 272 2 0
0 277 2 0
1
end_operator
begin_operator
link-1-1 n-11-4 n-12-4 cell-11-3 cap-2 cap-1 cell-outside-11-right cap-1 cap-0
0
7
0 30 2 1
0 64 1 2
0 69 1 2
0 148 0 1
0 228 0 1
0 272 2 0
0 277 2 0
1
end_operator
begin_operator
link-1-1 n-12-0 n-12-1 cell-11-0 cap-1 cap-0 cell-outside-0-down cap-1 cap-0
0
7
0 28 0 4
0 65 1 2
0 66 1 2
0 149 0 1
0 206 0 1
0 273 2 0
0 274 2 0
1
end_operator
begin_operator
link-1-1 n-12-0 n-12-1 cell-11-0 cap-2 cap-1 cell-outside-0-down cap-1 cap-0
0
7
0 28 1 0
0 65 1 2
0 66 1 2
0 149 0 1
0 206 0 1
0 273 2 0
0 274 2 0
1
end_operator
begin_operator
link-1-1 n-12-0 n-12-1 cell-11-0 cap-3 cap-2 cell-outside-0-down cap-1 cap-0
0
7
0 28 2 1
0 65 1 2
0 66 1 2
0 149 0 1
0 206 0 1
0 273 2 0
0 274 2 0
1
end_operator
begin_operator
link-1-1 n-12-1 n-12-2 cell-11-1 cap-1 cap-0 cell-outside-1-down cap-1 cap-0
0
7
0 42 1 0
0 66 1 2
0 67 1 2
0 150 0 1
0 214 0 1
0 274 2 0
0 275 2 0
1
end_operator
begin_operator
link-1-1 n-12-1 n-12-2 cell-11-1 cap-2 cap-1 cell-outside-1-down cap-1 cap-0
0
7
0 42 2 1
0 66 1 2
0 67 1 2
0 150 0 1
0 214 0 1
0 274 2 0
0 275 2 0
1
end_operator
begin_operator
link-1-1 n-12-2 n-12-3 cell-11-2 cap-1 cap-0 cell-outside-2-down cap-1 cap-0
0
7
0 29 0 4
0 67 1 2
0 68 1 2
0 151 0 1
0 230 0 1
0 275 2 0
0 276 2 0
1
end_operator
begin_operator
link-1-1 n-12-2 n-12-3 cell-11-2 cap-2 cap-1 cell-outside-2-down cap-1 cap-0
0
7
0 29 1 0
0 67 1 2
0 68 1 2
0 151 0 1
0 230 0 1
0 275 2 0
0 276 2 0
1
end_operator
begin_operator
link-1-1 n-12-2 n-12-3 cell-11-2 cap-3 cap-2 cell-outside-2-down cap-1 cap-0
0
7
0 29 2 1
0 67 1 2
0 68 1 2
0 151 0 1
0 230 0 1
0 275 2 0
0 276 2 0
1
end_operator
begin_operator
link-1-1 n-12-2 n-12-3 cell-11-2 cap-4 cap-3 cell-outside-2-down cap-1 cap-0
0
7
0 29 3 2
0 67 1 2
0 68 1 2
0 151 0 1
0 230 0 1
0 275 2 0
0 276 2 0
1
end_operator
begin_operator
link-1-1 n-12-3 n-12-4 cell-11-3 cap-1 cap-0 cell-outside-3-down cap-1 cap-0
0
7
0 30 1 0
0 68 1 2
0 69 1 2
0 152 0 1
0 237 0 1
0 276 2 0
0 277 2 0
1
end_operator
begin_operator
link-1-1 n-12-3 n-12-4 cell-11-3 cap-2 cap-1 cell-outside-3-down cap-1 cap-0
0
7
0 30 2 1
0 68 1 2
0 69 1 2
0 152 0 1
0 237 0 1
0 276 2 0
0 277 2 0
1
end_operator
begin_operator
link-1-1 n-2-0 n-2-1 cell-1-0 cap-1 cap-0 cell-2-0 cap-1 cap-0
0
7
0 31 0 4
0 40 1 0
0 70 1 2
0 71 1 2
0 153 0 1
0 278 2 0
0 279 2 0
1
end_operator
begin_operator
link-1-1 n-2-0 n-2-1 cell-1-0 cap-1 cap-0 cell-2-0 cap-2 cap-1
0
7
0 31 1 0
0 40 1 0
0 70 1 2
0 71 1 2
0 153 0 1
0 278 2 0
0 279 2 0
1
end_operator
begin_operator
link-1-1 n-2-0 n-2-1 cell-1-0 cap-1 cap-0 cell-2-0 cap-3 cap-2
0
7
0 31 2 1
0 40 1 0
0 70 1 2
0 71 1 2
0 153 0 1
0 278 2 0
0 279 2 0
1
end_operator
begin_operator
link-1-1 n-2-0 n-2-1 cell-1-0 cap-1 cap-0 cell-2-0 cap-4 cap-3
0
7
0 31 3 2
0 40 1 0
0 70 1 2
0 71 1 2
0 153 0 1
0 278 2 0
0 279 2 0
1
end_operator
begin_operator
link-1-1 n-2-0 n-2-1 cell-1-0 cap-2 cap-1 cell-2-0 cap-1 cap-0
0
7
0 31 0 4
0 40 2 1
0 70 1 2
0 71 1 2
0 153 0 1
0 278 2 0
0 279 2 0
1
end_operator
begin_operator
link-1-1 n-2-0 n-2-1 cell-1-0 cap-2 cap-1 cell-2-0 cap-2 cap-1
0
7
0 31 1 0
0 40 2 1
0 70 1 2
0 71 1 2
0 153 0 1
0 278 2 0
0 279 2 0
1
end_operator
begin_operator
link-1-1 n-2-0 n-2-1 cell-1-0 cap-2 cap-1 cell-2-0 cap-3 cap-2
0
7
0 31 2 1
0 40 2 1
0 70 1 2
0 71 1 2
0 153 0 1
0 278 2 0
0 279 2 0
1
end_operator
begin_operator
link-1-1 n-2-0 n-2-1 cell-1-0 cap-2 cap-1 cell-2-0 cap-4 cap-3
0
7
0 31 3 2
0 40 2 1
0 70 1 2
0 71 1 2
0 153 0 1
0 278 2 0
0 279 2 0
1
end_operator
begin_operator
link-1-1 n-2-0 n-3-0 cell-outside-2-left cap-1 cap-0 cell-2-0 cap-1 cap-0
0
7
0 31 0 4
0 70 1 2
0 75 1 2
0 154 0 1
0 232 0 1
0 278 2 0
0 283 2 0
1
end_operator
begin_operator
link-1-1 n-2-0 n-3-0 cell-outside-2-left cap-1 cap-0 cell-2-0 cap-2 cap-1
0
7
0 31 1 0
0 70 1 2
0 75 1 2
0 154 0 1
0 232 0 1
0 278 2 0
0 283 2 0
1
end_operator
begin_operator
link-1-1 n-2-0 n-3-0 cell-outside-2-left cap-1 cap-0 cell-2-0 cap-3 cap-2
0
7
0 31 2 1
0 70 1 2
0 75 1 2
0 154 0 1
0 232 0 1
0 278 2 0
0 283 2 0
1
end_operator
begin_operator
link-1-1 n-2-0 n-3-0 cell-outside-2-left cap-1 cap-0 cell-2-0 cap-4 cap-3
0
7
0 31 3 2
0 70 1 2
0 75 1 2
0 154 0 1
0 232 0 1
0 278 2 0
0 283 2 0
1
end_operator
begin_operator
link-1-1 n-2-1 n-2-2 cell-1-1 cap-1 cap-0 cell-2-1 cap-1 cap-0
0
7
0 23 0 4
0 43 1 0
0 71 1 2
0 72 1 2
0 155 0 1
0 279 2 0
0 280 2 0
1
end_operator
begin_operator
link-1-1 n-2-1 n-2-2 cell-1-1 cap-1 cap-0 cell-2-1 cap-2 cap-1
0
7
0 23 0 4
0 43 2 1
0 71 1 2
0 72 1 2
0 155 0 1
0 279 2 0
0 280 2 0
1
end_operator
begin_operator
link-1-1 n-2-1 n-2-2 cell-1-1 cap-2 cap-1 cell-2-1 cap-1 cap-0
0
7
0 23 1 0
0 43 1 0
0 71 1 2
0 72 1 2
0 155 0 1
0 279 2 0
0 280 2 0
1
end_operator
begin_operator
link-1-1 n-2-1 n-2-2 cell-1-1 cap-2 cap-1 cell-2-1 cap-2 cap-1
0
7
0 23 1 0
0 43 2 1
0 71 1 2
0 72 1 2
0 155 0 1
0 279 2 0
0 280 2 0
1
end_operator
begin_operator
link-1-1 n-2-1 n-2-2 cell-1-1 cap-3 cap-2 cell-2-1 cap-1 cap-0
0
7
0 23 2 1
0 43 1 0
0 71 1 2
0 72 1 2
0 155 0 1
0 279 2 0
0 280 2 0
1
end_operator
begin_operator
link-1-1 n-2-1 n-2-2 cell-1-1 cap-3 cap-2 cell-2-1 cap-2 cap-1
0
7
0 23 2 1
0 43 2 1
0 71 1 2
0 72 1 2
0 155 0 1
0 279 2 0
0 280 2 0
1
end_operator
begin_operator
link-1-1 n-2-1 n-2-2 cell-1-1 cap-4 cap-3 cell-2-1 cap-1 cap-0
0
7
0 23 3 2
0 43 1 0
0 71 1 2
0 72 1 2
0 155 0 1
0 279 2 0
0 280 2 0
1
end_operator
begin_operator
link-1-1 n-2-1 n-2-2 cell-1-1 cap-4 cap-3 cell-2-1 cap-2 cap-1
0
7
0 23 3 2
0 43 2 1
0 71 1 2
0 72 1 2
0 155 0 1
0 279 2 0
0 280 2 0
1
end_operator
begin_operator
link-1-1 n-2-1 n-3-1 cell-2-0 cap-1 cap-0 cell-2-1 cap-1 cap-0
0
7
0 31 0 4
0 43 1 0
0 71 1 2
0 76 1 2
0 156 0 1
0 279 2 0
0 284 2 0
1
end_operator
begin_operator
link-1-1 n-2-1 n-3-1 cell-2-0 cap-1 cap-0 cell-2-1 cap-2 cap-1
0
7
0 31 0 4
0 43 2 1
0 71 1 2
0 76 1 2
0 156 0 1
0 279 2 0
0 284 2 0
1
end_operator
begin_operator
link-1-1 n-2-1 n-3-1 cell-2-0 cap-2 cap-1 cell-2-1 cap-1 cap-0
0
7
0 31 1 0
0 43 1 0
0 71 1 2
0 76 1 2
0 156 0 1
0 279 2 0
0 284 2 0
1
end_operator
begin_operator
link-1-1 n-2-1 n-3-1 cell-2-0 cap-2 cap-1 cell-2-1 cap-2 cap-1
0
7
0 31 1 0
0 43 2 1
0 71 1 2
0 76 1 2
0 156 0 1
0 279 2 0
0 284 2 0
1
end_operator
begin_operator
link-1-1 n-2-1 n-3-1 cell-2-0 cap-3 cap-2 cell-2-1 cap-1 cap-0
0
7
0 31 2 1
0 43 1 0
0 71 1 2
0 76 1 2
0 156 0 1
0 279 2 0
0 284 2 0
1
end_operator
begin_operator
link-1-1 n-2-1 n-3-1 cell-2-0 cap-3 cap-2 cell-2-1 cap-2 cap-1
0
7
0 31 2 1
0 43 2 1
0 71 1 2
0 76 1 2
0 156 0 1
0 279 2 0
0 284 2 0
1
end_operator
begin_operator
link-1-1 n-2-2 n-2-3 cell-1-2 cap-1 cap-0 cell-2-2 cap-1 cap-0
0
7
0 24 0 4
0 32 0 4
0 72 1 2
0 73 1 2
0 157 0 1
0 280 2 0
0 281 2 0
1
end_operator
begin_operator
link-1-1 n-2-2 n-2-3 cell-1-2 cap-1 cap-0 cell-2-2 cap-2 cap-1
0
7
0 24 0 4
0 32 1 0
0 72 1 2
0 73 1 2
0 157 0 1
0 280 2 0
0 281 2 0
1
end_operator
begin_operator
link-1-1 n-2-2 n-2-3 cell-1-2 cap-1 cap-0 cell-2-2 cap-3 cap-2
0
7
0 24 0 4
0 32 2 1
0 72 1 2
0 73 1 2
0 157 0 1
0 280 2 0
0 281 2 0
1
end_operator
begin_operator
link-1-1 n-2-2 n-2-3 cell-1-2 cap-1 cap-0 cell-2-2 cap-4 cap-3
0
7
0 24 0 4
0 32 3 2
0 72 1 2
0 73 1 2
0 157 0 1
0 280 2 0
0 281 2 0
1
end_operator
begin_operator
link-1-1 n-2-2 n-2-3 cell-1-2 cap-2 cap-1 cell-2-2 cap-1 cap-0
0
7
0 24 1 0
0 32 0 4
0 72 1 2
0 73 1 2
0 157 0 1
0 280 2 0
0 281 2 0
1
end_operator
begin_operator
link-1-1 n-2-2 n-2-3 cell-1-2 cap-2 cap-1 cell-2-2 cap-2 cap-1
0
7
0 24 1 0
0 32 1 0
0 72 1 2
0 73 1 2
0 157 0 1
0 280 2 0
0 281 2 0
1
end_operator
begin_operator
link-1-1 n-2-2 n-2-3 cell-1-2 cap-2 cap-1 cell-2-2 cap-3 cap-2
0
7
0 24 1 0
0 32 2 1
0 72 1 2
0 73 1 2
0 157 0 1
0 280 2 0
0 281 2 0
1
end_operator
begin_operator
link-1-1 n-2-2 n-2-3 cell-1-2 cap-2 cap-1 cell-2-2 cap-4 cap-3
0
7
0 24 1 0
0 32 3 2
0 72 1 2
0 73 1 2
0 157 0 1
0 280 2 0
0 281 2 0
1
end_operator
begin_operator
link-1-1 n-2-2 n-2-3 cell-1-2 cap-3 cap-2 cell-2-2 cap-1 cap-0
0
7
0 24 2 1
0 32 0 4
0 72 1 2
0 73 1 2
0 157 0 1
0 280 2 0
0 281 2 0
1
end_operator
begin_operator
link-1-1 n-2-2 n-2-3 cell-1-2 cap-3 cap-2 cell-2-2 cap-2 cap-1
0
7
0 24 2 1
0 32 1 0
0 72 1 2
0 73 1 2
0 157 0 1
0 280 2 0
0 281 2 0
1
end_operator
begin_operator
link-1-1 n-2-2 n-2-3 cell-1-2 cap-3 cap-2 cell-2-2 cap-3 cap-2
0
7
0 24 2 1
0 32 2 1
0 72 1 2
0 73 1 2
0 157 0 1
0 280 2 0
0 281 2 0
1
end_operator
begin_operator
link-1-1 n-2-2 n-2-3 cell-1-2 cap-3 cap-2 cell-2-2 cap-4 cap-3
0
7
0 24 2 1
0 32 3 2
0 72 1 2
0 73 1 2
0 157 0 1
0 280 2 0
0 281 2 0
1
end_operator
begin_operator
link-1-1 n-2-2 n-2-3 cell-1-2 cap-4 cap-3 cell-2-2 cap-1 cap-0
0
7
0 24 3 2
0 32 0 4
0 72 1 2
0 73 1 2
0 157 0 1
0 280 2 0
0 281 2 0
1
end_operator
begin_operator
link-1-1 n-2-2 n-2-3 cell-1-2 cap-4 cap-3 cell-2-2 cap-2 cap-1
0
7
0 24 3 2
0 32 1 0
0 72 1 2
0 73 1 2
0 157 0 1
0 280 2 0
0 281 2 0
1
end_operator
begin_operator
link-1-1 n-2-2 n-2-3 cell-1-2 cap-4 cap-3 cell-2-2 cap-3 cap-2
0
7
0 24 3 2
0 32 2 1
0 72 1 2
0 73 1 2
0 157 0 1
0 280 2 0
0 281 2 0
1
end_operator
begin_operator
link-1-1 n-2-2 n-2-3 cell-1-2 cap-4 cap-3 cell-2-2 cap-4 cap-3
0
7
0 24 3 2
0 32 3 2
0 72 1 2
0 73 1 2
0 157 0 1
0 280 2 0
0 281 2 0
1
end_operator
begin_operator
link-1-1 n-2-2 n-3-2 cell-2-1 cap-1 cap-0 cell-2-2 cap-1 cap-0
0
7
0 32 0 4
0 43 1 0
0 72 1 2
0 77 1 2
0 158 0 1
0 280 2 0
0 285 2 0
1
end_operator
begin_operator
link-1-1 n-2-2 n-3-2 cell-2-1 cap-1 cap-0 cell-2-2 cap-2 cap-1
0
7
0 32 1 0
0 43 1 0
0 72 1 2
0 77 1 2
0 158 0 1
0 280 2 0
0 285 2 0
1
end_operator
begin_operator
link-1-1 n-2-2 n-3-2 cell-2-1 cap-1 cap-0 cell-2-2 cap-3 cap-2
0
7
0 32 2 1
0 43 1 0
0 72 1 2
0 77 1 2
0 158 0 1
0 280 2 0
0 285 2 0
1
end_operator
begin_operator
link-1-1 n-2-2 n-3-2 cell-2-1 cap-2 cap-1 cell-2-2 cap-1 cap-0
0
7
0 32 0 4
0 43 2 1
0 72 1 2
0 77 1 2
0 158 0 1
0 280 2 0
0 285 2 0
1
end_operator
begin_operator
link-1-1 n-2-2 n-3-2 cell-2-1 cap-2 cap-1 cell-2-2 cap-2 cap-1
0
7
0 32 1 0
0 43 2 1
0 72 1 2
0 77 1 2
0 158 0 1
0 280 2 0
0 285 2 0
1
end_operator
begin_operator
link-1-1 n-2-2 n-3-2 cell-2-1 cap-2 cap-1 cell-2-2 cap-3 cap-2
0
7
0 32 2 1
0 43 2 1
0 72 1 2
0 77 1 2
0 158 0 1
0 280 2 0
0 285 2 0
1
end_operator
begin_operator
link-1-1 n-2-3 n-2-4 cell-1-3 cap-1 cap-0 cell-2-3 cap-1 cap-0
0
7
0 33 0 4
0 41 1 0
0 73 1 2
0 74 1 2
0 159 0 1
0 281 2 0
0 282 2 0
1
end_operator
begin_operator
link-1-1 n-2-3 n-2-4 cell-1-3 cap-1 cap-0 cell-2-3 cap-2 cap-1
0
7
0 33 1 0
0 41 1 0
0 73 1 2
0 74 1 2
0 159 0 1
0 281 2 0
0 282 2 0
1
end_operator
begin_operator
link-1-1 n-2-3 n-2-4 cell-1-3 cap-1 cap-0 cell-2-3 cap-3 cap-2
0
7
0 33 2 1
0 41 1 0
0 73 1 2
0 74 1 2
0 159 0 1
0 281 2 0
0 282 2 0
1
end_operator
begin_operator
link-1-1 n-2-3 n-2-4 cell-1-3 cap-1 cap-0 cell-2-3 cap-4 cap-3
0
7
0 33 3 2
0 41 1 0
0 73 1 2
0 74 1 2
0 159 0 1
0 281 2 0
0 282 2 0
1
end_operator
begin_operator
link-1-1 n-2-3 n-2-4 cell-1-3 cap-2 cap-1 cell-2-3 cap-1 cap-0
0
7
0 33 0 4
0 41 2 1
0 73 1 2
0 74 1 2
0 159 0 1
0 281 2 0
0 282 2 0
1
end_operator
begin_operator
link-1-1 n-2-3 n-2-4 cell-1-3 cap-2 cap-1 cell-2-3 cap-2 cap-1
0
7
0 33 1 0
0 41 2 1
0 73 1 2
0 74 1 2
0 159 0 1
0 281 2 0
0 282 2 0
1
end_operator
begin_operator
link-1-1 n-2-3 n-2-4 cell-1-3 cap-2 cap-1 cell-2-3 cap-3 cap-2
0
7
0 33 2 1
0 41 2 1
0 73 1 2
0 74 1 2
0 159 0 1
0 281 2 0
0 282 2 0
1
end_operator
begin_operator
link-1-1 n-2-3 n-2-4 cell-1-3 cap-2 cap-1 cell-2-3 cap-4 cap-3
0
7
0 33 3 2
0 41 2 1
0 73 1 2
0 74 1 2
0 159 0 1
0 281 2 0
0 282 2 0
1
end_operator
begin_operator
link-1-1 n-2-3 n-3-3 cell-2-2 cap-1 cap-0 cell-2-3 cap-1 cap-0
0
7
0 32 0 4
0 33 0 4
0 73 1 2
0 78 1 2
0 160 0 1
0 281 2 0
0 286 2 0
1
end_operator
begin_operator
link-1-1 n-2-3 n-3-3 cell-2-2 cap-1 cap-0 cell-2-3 cap-2 cap-1
0
7
0 32 0 4
0 33 1 0
0 73 1 2
0 78 1 2
0 160 0 1
0 281 2 0
0 286 2 0
1
end_operator
begin_operator
link-1-1 n-2-3 n-3-3 cell-2-2 cap-1 cap-0 cell-2-3 cap-3 cap-2
0
7
0 32 0 4
0 33 2 1
0 73 1 2
0 78 1 2
0 160 0 1
0 281 2 0
0 286 2 0
1
end_operator
begin_operator
link-1-1 n-2-3 n-3-3 cell-2-2 cap-1 cap-0 cell-2-3 cap-4 cap-3
0
7
0 32 0 4
0 33 3 2
0 73 1 2
0 78 1 2
0 160 0 1
0 281 2 0
0 286 2 0
1
end_operator
begin_operator
link-1-1 n-2-3 n-3-3 cell-2-2 cap-2 cap-1 cell-2-3 cap-1 cap-0
0
7
0 32 1 0
0 33 0 4
0 73 1 2
0 78 1 2
0 160 0 1
0 281 2 0
0 286 2 0
1
end_operator
begin_operator
link-1-1 n-2-3 n-3-3 cell-2-2 cap-2 cap-1 cell-2-3 cap-2 cap-1
0
7
0 32 1 0
0 33 1 0
0 73 1 2
0 78 1 2
0 160 0 1
0 281 2 0
0 286 2 0
1
end_operator
begin_operator
link-1-1 n-2-3 n-3-3 cell-2-2 cap-2 cap-1 cell-2-3 cap-3 cap-2
0
7
0 32 1 0
0 33 2 1
0 73 1 2
0 78 1 2
0 160 0 1
0 281 2 0
0 286 2 0
1
end_operator
begin_operator
link-1-1 n-2-3 n-3-3 cell-2-2 cap-2 cap-1 cell-2-3 cap-4 cap-3
0
7
0 32 1 0
0 33 3 2
0 73 1 2
0 78 1 2
0 160 0 1
0 281 2 0
0 286 2 0
1
end_operator
begin_operator
link-1-1 n-2-3 n-3-3 cell-2-2 cap-3 cap-2 cell-2-3 cap-1 cap-0
0
7
0 32 2 1
0 33 0 4
0 73 1 2
0 78 1 2
0 160 0 1
0 281 2 0
0 286 2 0
1
end_operator
begin_operator
link-1-1 n-2-3 n-3-3 cell-2-2 cap-3 cap-2 cell-2-3 cap-2 cap-1
0
7
0 32 2 1
0 33 1 0
0 73 1 2
0 78 1 2
0 160 0 1
0 281 2 0
0 286 2 0
1
end_operator
begin_operator
link-1-1 n-2-3 n-3-3 cell-2-2 cap-3 cap-2 cell-2-3 cap-3 cap-2
0
7
0 32 2 1
0 33 2 1
0 73 1 2
0 78 1 2
0 160 0 1
0 281 2 0
0 286 2 0
1
end_operator
begin_operator
link-1-1 n-2-3 n-3-3 cell-2-2 cap-3 cap-2 cell-2-3 cap-4 cap-3
0
7
0 32 2 1
0 33 3 2
0 73 1 2
0 78 1 2
0 160 0 1
0 281 2 0
0 286 2 0
1
end_operator
begin_operator
link-1-1 n-2-3 n-3-3 cell-2-2 cap-4 cap-3 cell-2-3 cap-1 cap-0
0
7
0 32 3 2
0 33 0 4
0 73 1 2
0 78 1 2
0 160 0 1
0 281 2 0
0 286 2 0
1
end_operator
begin_operator
link-1-1 n-2-3 n-3-3 cell-2-2 cap-4 cap-3 cell-2-3 cap-2 cap-1
0
7
0 32 3 2
0 33 1 0
0 73 1 2
0 78 1 2
0 160 0 1
0 281 2 0
0 286 2 0
1
end_operator
begin_operator
link-1-1 n-2-3 n-3-3 cell-2-2 cap-4 cap-3 cell-2-3 cap-3 cap-2
0
7
0 32 3 2
0 33 2 1
0 73 1 2
0 78 1 2
0 160 0 1
0 281 2 0
0 286 2 0
1
end_operator
begin_operator
link-1-1 n-2-3 n-3-3 cell-2-2 cap-4 cap-3 cell-2-3 cap-4 cap-3
0
7
0 32 3 2
0 33 3 2
0 73 1 2
0 78 1 2
0 160 0 1
0 281 2 0
0 286 2 0
1
end_operator
begin_operator
link-1-1 n-2-4 n-3-4 cell-2-3 cap-1 cap-0 cell-outside-2-right cap-1 cap-0
0
7
0 33 0 4
0 74 1 2
0 79 1 2
0 161 0 1
0 234 0 1
0 282 2 0
0 287 2 0
1
end_operator
begin_operator
link-1-1 n-2-4 n-3-4 cell-2-3 cap-2 cap-1 cell-outside-2-right cap-1 cap-0
0
7
0 33 1 0
0 74 1 2
0 79 1 2
0 161 0 1
0 234 0 1
0 282 2 0
0 287 2 0
1
end_operator
begin_operator
link-1-1 n-2-4 n-3-4 cell-2-3 cap-3 cap-2 cell-outside-2-right cap-1 cap-0
0
7
0 33 2 1
0 74 1 2
0 79 1 2
0 161 0 1
0 234 0 1
0 282 2 0
0 287 2 0
1
end_operator
begin_operator
link-1-1 n-2-4 n-3-4 cell-2-3 cap-4 cap-3 cell-outside-2-right cap-1 cap-0
0
7
0 33 3 2
0 74 1 2
0 79 1 2
0 161 0 1
0 234 0 1
0 282 2 0
0 287 2 0
1
end_operator
begin_operator
link-1-1 n-3-0 n-3-1 cell-2-0 cap-1 cap-0 cell-3-0 cap-1 cap-0
0
7
0 31 0 4
0 34 0 4
0 75 1 2
0 76 1 2
0 162 0 1
0 283 2 0
0 284 2 0
1
end_operator
begin_operator
link-1-1 n-3-0 n-3-1 cell-2-0 cap-1 cap-0 cell-3-0 cap-2 cap-1
0
7
0 31 0 4
0 34 1 0
0 75 1 2
0 76 1 2
0 162 0 1
0 283 2 0
0 284 2 0
1
end_operator
begin_operator
link-1-1 n-3-0 n-3-1 cell-2-0 cap-1 cap-0 cell-3-0 cap-3 cap-2
0
7
0 31 0 4
0 34 2 1
0 75 1 2
0 76 1 2
0 162 0 1
0 283 2 0
0 284 2 0
1
end_operator
begin_operator
link-1-1 n-3-0 n-3-1 cell-2-0 cap-1 cap-0 cell-3-0 cap-4 cap-3
0
7
0 31 0 4
0 34 3 2
0 75 1 2
0 76 1 2
0 162 0 1
0 283 2 0
0 284 2 0
1
end_operator
begin_operator
link-1-1 n-3-0 n-3-1 cell-2-0 cap-2 cap-1 cell-3-0 cap-1 cap-0
0
7
0 31 1 0
0 34 0 4
0 75 1 2
0 76 1 2
0 162 0 1
0 283 2 0
0 284 2 0
1
end_operator
begin_operator
link-1-1 n-3-0 n-3-1 cell-2-0 cap-2 cap-1 cell-3-0 cap-2 cap-1
0
7
0 31 1 0
0 34 1 0
0 75 1 2
0 76 1 2
0 162 0 1
0 283 2 0
0 284 2 0
1
end_operator
begin_operator
link-1-1 n-3-0 n-3-1 cell-2-0 cap-2 cap-1 cell-3-0 cap-3 cap-2
0
7
0 31 1 0
0 34 2 1
0 75 1 2
0 76 1 2
0 162 0 1
0 283 2 0
0 284 2 0
1
end_operator
begin_operator
link-1-1 n-3-0 n-3-1 cell-2-0 cap-2 cap-1 cell-3-0 cap-4 cap-3
0
7
0 31 1 0
0 34 3 2
0 75 1 2
0 76 1 2
0 162 0 1
0 283 2 0
0 284 2 0
1
end_operator
begin_operator
link-1-1 n-3-0 n-3-1 cell-2-0 cap-3 cap-2 cell-3-0 cap-1 cap-0
0
7
0 31 2 1
0 34 0 4
0 75 1 2
0 76 1 2
0 162 0 1
0 283 2 0
0 284 2 0
1
end_operator
begin_operator
link-1-1 n-3-0 n-3-1 cell-2-0 cap-3 cap-2 cell-3-0 cap-2 cap-1
0
7
0 31 2 1
0 34 1 0
0 75 1 2
0 76 1 2
0 162 0 1
0 283 2 0
0 284 2 0
1
end_operator
begin_operator
link-1-1 n-3-0 n-3-1 cell-2-0 cap-3 cap-2 cell-3-0 cap-3 cap-2
0
7
0 31 2 1
0 34 2 1
0 75 1 2
0 76 1 2
0 162 0 1
0 283 2 0
0 284 2 0
1
end_operator
begin_operator
link-1-1 n-3-0 n-3-1 cell-2-0 cap-3 cap-2 cell-3-0 cap-4 cap-3
0
7
0 31 2 1
0 34 3 2
0 75 1 2
0 76 1 2
0 162 0 1
0 283 2 0
0 284 2 0
1
end_operator
begin_operator
link-1-1 n-3-0 n-4-0 cell-outside-3-left cap-1 cap-0 cell-3-0 cap-1 cap-0
0
7
0 34 0 4
0 75 1 2
0 80 1 2
0 163 0 1
0 238 0 1
0 283 2 0
0 288 2 0
1
end_operator
begin_operator
link-1-1 n-3-0 n-4-0 cell-outside-3-left cap-1 cap-0 cell-3-0 cap-2 cap-1
0
7
0 34 1 0
0 75 1 2
0 80 1 2
0 163 0 1
0 238 0 1
0 283 2 0
0 288 2 0
1
end_operator
begin_operator
link-1-1 n-3-0 n-4-0 cell-outside-3-left cap-1 cap-0 cell-3-0 cap-3 cap-2
0
7
0 34 2 1
0 75 1 2
0 80 1 2
0 163 0 1
0 238 0 1
0 283 2 0
0 288 2 0
1
end_operator
begin_operator
link-1-1 n-3-0 n-4-0 cell-outside-3-left cap-1 cap-0 cell-3-0 cap-4 cap-3
0
7
0 34 3 2
0 75 1 2
0 80 1 2
0 163 0 1
0 238 0 1
0 283 2 0
0 288 2 0
1
end_operator
begin_operator
link-1-1 n-3-2 n-3-3 cell-2-2 cap-1 cap-0 cell-3-2 cap-1 cap-0
0
7
0 32 0 4
0 35 0 4
0 77 1 2
0 78 1 2
0 164 0 1
0 285 2 0
0 286 2 0
1
end_operator
begin_operator
link-1-1 n-3-2 n-3-3 cell-2-2 cap-1 cap-0 cell-3-2 cap-2 cap-1
0
7
0 32 0 4
0 35 1 0
0 77 1 2
0 78 1 2
0 164 0 1
0 285 2 0
0 286 2 0
1
end_operator
begin_operator
link-1-1 n-3-2 n-3-3 cell-2-2 cap-1 cap-0 cell-3-2 cap-3 cap-2
0
7
0 32 0 4
0 35 2 1
0 77 1 2
0 78 1 2
0 164 0 1
0 285 2 0
0 286 2 0
1
end_operator
begin_operator
link-1-1 n-3-2 n-3-3 cell-2-2 cap-1 cap-0 cell-3-2 cap-4 cap-3
0
7
0 32 0 4
0 35 3 2
0 77 1 2
0 78 1 2
0 164 0 1
0 285 2 0
0 286 2 0
1
end_operator
begin_operator
link-1-1 n-3-2 n-3-3 cell-2-2 cap-2 cap-1 cell-3-2 cap-1 cap-0
0
7
0 32 1 0
0 35 0 4
0 77 1 2
0 78 1 2
0 164 0 1
0 285 2 0
0 286 2 0
1
end_operator
begin_operator
link-1-1 n-3-2 n-3-3 cell-2-2 cap-2 cap-1 cell-3-2 cap-2 cap-1
0
7
0 32 1 0
0 35 1 0
0 77 1 2
0 78 1 2
0 164 0 1
0 285 2 0
0 286 2 0
1
end_operator
begin_operator
link-1-1 n-3-2 n-3-3 cell-2-2 cap-2 cap-1 cell-3-2 cap-3 cap-2
0
7
0 32 1 0
0 35 2 1
0 77 1 2
0 78 1 2
0 164 0 1
0 285 2 0
0 286 2 0
1
end_operator
begin_operator
link-1-1 n-3-2 n-3-3 cell-2-2 cap-2 cap-1 cell-3-2 cap-4 cap-3
0
7
0 32 1 0
0 35 3 2
0 77 1 2
0 78 1 2
0 164 0 1
0 285 2 0
0 286 2 0
1
end_operator
begin_operator
link-1-1 n-3-2 n-3-3 cell-2-2 cap-3 cap-2 cell-3-2 cap-1 cap-0
0
7
0 32 2 1
0 35 0 4
0 77 1 2
0 78 1 2
0 164 0 1
0 285 2 0
0 286 2 0
1
end_operator
begin_operator
link-1-1 n-3-2 n-3-3 cell-2-2 cap-3 cap-2 cell-3-2 cap-2 cap-1
0
7
0 32 2 1
0 35 1 0
0 77 1 2
0 78 1 2
0 164 0 1
0 285 2 0
0 286 2 0
1
end_operator
begin_operator
link-1-1 n-3-2 n-3-3 cell-2-2 cap-3 cap-2 cell-3-2 cap-3 cap-2
0
7
0 32 2 1
0 35 2 1
0 77 1 2
0 78 1 2
0 164 0 1
0 285 2 0
0 286 2 0
1
end_operator
begin_operator
link-1-1 n-3-2 n-3-3 cell-2-2 cap-3 cap-2 cell-3-2 cap-4 cap-3
0
7
0 32 2 1
0 35 3 2
0 77 1 2
0 78 1 2
0 164 0 1
0 285 2 0
0 286 2 0
1
end_operator
begin_operator
link-1-1 n-3-3 n-3-4 cell-2-3 cap-1 cap-0 cell-3-3 cap-1 cap-0
0
7
0 33 0 4
0 44 1 0
0 78 1 2
0 79 1 2
0 165 0 1
0 286 2 0
0 287 2 0
1
end_operator
begin_operator
link-1-1 n-3-3 n-3-4 cell-2-3 cap-1 cap-0 cell-3-3 cap-2 cap-1
0
7
0 33 0 4
0 44 2 1
0 78 1 2
0 79 1 2
0 165 0 1
0 286 2 0
0 287 2 0
1
end_operator
begin_operator
link-1-1 n-3-3 n-3-4 cell-2-3 cap-2 cap-1 cell-3-3 cap-1 cap-0
0
7
0 33 1 0
0 44 1 0
0 78 1 2
0 79 1 2
0 165 0 1
0 286 2 0
0 287 2 0
1
end_operator
begin_operator
link-1-1 n-3-3 n-3-4 cell-2-3 cap-2 cap-1 cell-3-3 cap-2 cap-1
0
7
0 33 1 0
0 44 2 1
0 78 1 2
0 79 1 2
0 165 0 1
0 286 2 0
0 287 2 0
1
end_operator
begin_operator
link-1-1 n-3-3 n-3-4 cell-2-3 cap-3 cap-2 cell-3-3 cap-1 cap-0
0
7
0 33 2 1
0 44 1 0
0 78 1 2
0 79 1 2
0 165 0 1
0 286 2 0
0 287 2 0
1
end_operator
begin_operator
link-1-1 n-3-3 n-3-4 cell-2-3 cap-3 cap-2 cell-3-3 cap-2 cap-1
0
7
0 33 2 1
0 44 2 1
0 78 1 2
0 79 1 2
0 165 0 1
0 286 2 0
0 287 2 0
1
end_operator
begin_operator
link-1-1 n-3-3 n-3-4 cell-2-3 cap-4 cap-3 cell-3-3 cap-1 cap-0
0
7
0 33 3 2
0 44 1 0
0 78 1 2
0 79 1 2
0 165 0 1
0 286 2 0
0 287 2 0
1
end_operator
begin_operator
link-1-1 n-3-3 n-3-4 cell-2-3 cap-4 cap-3 cell-3-3 cap-2 cap-1
0
7
0 33 3 2
0 44 2 1
0 78 1 2
0 79 1 2
0 165 0 1
0 286 2 0
0 287 2 0
1
end_operator
begin_operator
link-1-1 n-3-3 n-4-3 cell-3-2 cap-1 cap-0 cell-3-3 cap-1 cap-0
0
7
0 35 0 4
0 44 1 0
0 78 1 2
0 83 1 2
0 166 0 1
0 286 2 0
0 291 2 0
1
end_operator
begin_operator
link-1-1 n-3-3 n-4-3 cell-3-2 cap-1 cap-0 cell-3-3 cap-2 cap-1
0
7
0 35 0 4
0 44 2 1
0 78 1 2
0 83 1 2
0 166 0 1
0 286 2 0
0 291 2 0
1
end_operator
begin_operator
link-1-1 n-3-3 n-4-3 cell-3-2 cap-2 cap-1 cell-3-3 cap-1 cap-0
0
7
0 35 1 0
0 44 1 0
0 78 1 2
0 83 1 2
0 166 0 1
0 286 2 0
0 291 2 0
1
end_operator
begin_operator
link-1-1 n-3-3 n-4-3 cell-3-2 cap-2 cap-1 cell-3-3 cap-2 cap-1
0
7
0 35 1 0
0 44 2 1
0 78 1 2
0 83 1 2
0 166 0 1
0 286 2 0
0 291 2 0
1
end_operator
begin_operator
link-1-1 n-3-3 n-4-3 cell-3-2 cap-3 cap-2 cell-3-3 cap-1 cap-0
0
7
0 35 2 1
0 44 1 0
0 78 1 2
0 83 1 2
0 166 0 1
0 286 2 0
0 291 2 0
1
end_operator
begin_operator
link-1-1 n-3-3 n-4-3 cell-3-2 cap-3 cap-2 cell-3-3 cap-2 cap-1
0
7
0 35 2 1
0 44 2 1
0 78 1 2
0 83 1 2
0 166 0 1
0 286 2 0
0 291 2 0
1
end_operator
begin_operator
link-1-1 n-3-3 n-4-3 cell-3-2 cap-4 cap-3 cell-3-3 cap-1 cap-0
0
7
0 35 3 2
0 44 1 0
0 78 1 2
0 83 1 2
0 166 0 1
0 286 2 0
0 291 2 0
1
end_operator
begin_operator
link-1-1 n-3-3 n-4-3 cell-3-2 cap-4 cap-3 cell-3-3 cap-2 cap-1
0
7
0 35 3 2
0 44 2 1
0 78 1 2
0 83 1 2
0 166 0 1
0 286 2 0
0 291 2 0
1
end_operator
begin_operator
link-1-1 n-3-4 n-4-4 cell-3-3 cap-1 cap-0 cell-outside-3-right cap-1 cap-0
0
7
0 44 1 0
0 79 1 2
0 84 1 2
0 167 0 1
0 239 0 1
0 287 2 0
0 292 2 0
1
end_operator
begin_operator
link-1-1 n-3-4 n-4-4 cell-3-3 cap-2 cap-1 cell-outside-3-right cap-1 cap-0
0
7
0 44 2 1
0 79 1 2
0 84 1 2
0 167 0 1
0 239 0 1
0 287 2 0
0 292 2 0
1
end_operator
begin_operator
link-1-1 n-4-0 n-4-1 cell-3-0 cap-1 cap-0 cell-4-0 cap-1 cap-0
0
7
0 34 0 4
0 36 1 0
0 80 1 2
0 81 1 2
0 168 0 1
0 288 2 0
0 289 2 0
1
end_operator
begin_operator
link-1-1 n-4-0 n-4-1 cell-3-0 cap-2 cap-1 cell-4-0 cap-1 cap-0
0
7
0 34 1 0
0 36 1 0
0 80 1 2
0 81 1 2
0 168 0 1
0 288 2 0
0 289 2 0
1
end_operator
begin_operator
link-1-1 n-4-0 n-4-1 cell-3-0 cap-3 cap-2 cell-4-0 cap-1 cap-0
0
7
0 34 2 1
0 36 1 0
0 80 1 2
0 81 1 2
0 168 0 1
0 288 2 0
0 289 2 0
1
end_operator
begin_operator
link-1-1 n-4-0 n-4-1 cell-3-0 cap-4 cap-3 cell-4-0 cap-1 cap-0
0
7
0 34 3 2
0 36 1 0
0 80 1 2
0 81 1 2
0 168 0 1
0 288 2 0
0 289 2 0
1
end_operator
begin_operator
link-1-1 n-4-0 n-5-0 cell-outside-4-left cap-1 cap-0 cell-4-0 cap-1 cap-0
0
7
0 36 1 0
0 80 1 2
0 85 1 2
0 169 0 1
0 241 0 1
0 288 2 0
0 293 2 0
1
end_operator
begin_operator
link-1-1 n-4-0 n-5-0 cell-outside-4-left cap-1 cap-0 cell-4-0 cap-2 cap-1
0
7
0 36 2 1
0 80 1 2
0 85 1 2
0 169 0 1
0 241 0 1
0 288 2 0
0 293 2 0
1
end_operator
begin_operator
link-1-1 n-4-1 n-5-1 cell-4-0 cap-1 cap-0 cell-4-1 cap-1 cap-0
0
7
0 0 0 4
0 36 1 0
0 81 1 2
0 86 1 2
0 170 0 1
0 289 2 0
0 294 2 0
1
end_operator
begin_operator
link-1-1 n-4-1 n-5-1 cell-4-0 cap-1 cap-0 cell-4-1 cap-2 cap-1
0
7
0 0 1 0
0 36 1 0
0 81 1 2
0 86 1 2
0 170 0 1
0 289 2 0
0 294 2 0
1
end_operator
begin_operator
link-1-1 n-4-1 n-5-1 cell-4-0 cap-1 cap-0 cell-4-1 cap-3 cap-2
0
7
0 0 2 1
0 36 1 0
0 81 1 2
0 86 1 2
0 170 0 1
0 289 2 0
0 294 2 0
1
end_operator
begin_operator
link-1-1 n-4-1 n-5-1 cell-4-0 cap-1 cap-0 cell-4-1 cap-4 cap-3
0
7
0 0 3 2
0 36 1 0
0 81 1 2
0 86 1 2
0 170 0 1
0 289 2 0
0 294 2 0
1
end_operator
begin_operator
link-1-1 n-4-2 n-4-3 cell-3-2 cap-1 cap-0 cell-4-2 cap-1 cap-0
0
7
0 1 0 4
0 35 0 4
0 82 1 2
0 83 1 2
0 171 0 1
0 290 2 0
0 291 2 0
1
end_operator
begin_operator
link-1-1 n-4-2 n-4-3 cell-3-2 cap-1 cap-0 cell-4-2 cap-2 cap-1
0
7
0 1 1 0
0 35 0 4
0 82 1 2
0 83 1 2
0 171 0 1
0 290 2 0
0 291 2 0
1
end_operator
begin_operator
link-1-1 n-4-2 n-4-3 cell-3-2 cap-1 cap-0 cell-4-2 cap-3 cap-2
0
7
0 1 2 1
0 35 0 4
0 82 1 2
0 83 1 2
0 171 0 1
0 290 2 0
0 291 2 0
1
end_operator
begin_operator
link-1-1 n-4-2 n-4-3 cell-3-2 cap-2 cap-1 cell-4-2 cap-1 cap-0
0
7
0 1 0 4
0 35 1 0
0 82 1 2
0 83 1 2
0 171 0 1
0 290 2 0
0 291 2 0
1
end_operator
begin_operator
link-1-1 n-4-2 n-4-3 cell-3-2 cap-2 cap-1 cell-4-2 cap-2 cap-1
0
7
0 1 1 0
0 35 1 0
0 82 1 2
0 83 1 2
0 171 0 1
0 290 2 0
0 291 2 0
1
end_operator
begin_operator
link-1-1 n-4-2 n-4-3 cell-3-2 cap-2 cap-1 cell-4-2 cap-3 cap-2
0
7
0 1 2 1
0 35 1 0
0 82 1 2
0 83 1 2
0 171 0 1
0 290 2 0
0 291 2 0
1
end_operator
begin_operator
link-1-1 n-4-2 n-4-3 cell-3-2 cap-3 cap-2 cell-4-2 cap-1 cap-0
0
7
0 1 0 4
0 35 2 1
0 82 1 2
0 83 1 2
0 171 0 1
0 290 2 0
0 291 2 0
1
end_operator
begin_operator
link-1-1 n-4-2 n-4-3 cell-3-2 cap-3 cap-2 cell-4-2 cap-2 cap-1
0
7
0 1 1 0
0 35 2 1
0 82 1 2
0 83 1 2
0 171 0 1
0 290 2 0
0 291 2 0
1
end_operator
begin_operator
link-1-1 n-4-2 n-4-3 cell-3-2 cap-3 cap-2 cell-4-2 cap-3 cap-2
0
7
0 1 2 1
0 35 2 1
0 82 1 2
0 83 1 2
0 171 0 1
0 290 2 0
0 291 2 0
1
end_operator
begin_operator
link-1-1 n-4-2 n-4-3 cell-3-2 cap-4 cap-3 cell-4-2 cap-1 cap-0
0
7
0 1 0 4
0 35 3 2
0 82 1 2
0 83 1 2
0 171 0 1
0 290 2 0
0 291 2 0
1
end_operator
begin_operator
link-1-1 n-4-2 n-4-3 cell-3-2 cap-4 cap-3 cell-4-2 cap-2 cap-1
0
7
0 1 1 0
0 35 3 2
0 82 1 2
0 83 1 2
0 171 0 1
0 290 2 0
0 291 2 0
1
end_operator
begin_operator
link-1-1 n-4-2 n-4-3 cell-3-2 cap-4 cap-3 cell-4-2 cap-3 cap-2
0
7
0 1 2 1
0 35 3 2
0 82 1 2
0 83 1 2
0 171 0 1
0 290 2 0
0 291 2 0
1
end_operator
begin_operator
link-1-1 n-4-2 n-5-2 cell-4-1 cap-1 cap-0 cell-4-2 cap-1 cap-0
0
7
0 0 0 4
0 1 0 4
0 82 1 2
0 87 1 2
0 172 0 1
0 290 2 0
0 295 2 0
1
end_operator
begin_operator
link-1-1 n-4-2 n-5-2 cell-4-1 cap-1 cap-0 cell-4-2 cap-2 cap-1
0
7
0 0 0 4
0 1 1 0
0 82 1 2
0 87 1 2
0 172 0 1
0 290 2 0
0 295 2 0
1
end_operator
begin_operator
link-1-1 n-4-2 n-5-2 cell-4-1 cap-1 cap-0 cell-4-2 cap-3 cap-2
0
7
0 0 0 4
0 1 2 1
0 82 1 2
0 87 1 2
0 172 0 1
0 290 2 0
0 295 2 0
1
end_operator
begin_operator
link-1-1 n-4-2 n-5-2 cell-4-1 cap-2 cap-1 cell-4-2 cap-1 cap-0
0
7
0 0 1 0
0 1 0 4
0 82 1 2
0 87 1 2
0 172 0 1
0 290 2 0
0 295 2 0
1
end_operator
begin_operator
link-1-1 n-4-2 n-5-2 cell-4-1 cap-2 cap-1 cell-4-2 cap-2 cap-1
0
7
0 0 1 0
0 1 1 0
0 82 1 2
0 87 1 2
0 172 0 1
0 290 2 0
0 295 2 0
1
end_operator
begin_operator
link-1-1 n-4-2 n-5-2 cell-4-1 cap-2 cap-1 cell-4-2 cap-3 cap-2
0
7
0 0 1 0
0 1 2 1
0 82 1 2
0 87 1 2
0 172 0 1
0 290 2 0
0 295 2 0
1
end_operator
begin_operator
link-1-1 n-4-2 n-5-2 cell-4-1 cap-3 cap-2 cell-4-2 cap-1 cap-0
0
7
0 0 2 1
0 1 0 4
0 82 1 2
0 87 1 2
0 172 0 1
0 290 2 0
0 295 2 0
1
end_operator
begin_operator
link-1-1 n-4-2 n-5-2 cell-4-1 cap-3 cap-2 cell-4-2 cap-2 cap-1
0
7
0 0 2 1
0 1 1 0
0 82 1 2
0 87 1 2
0 172 0 1
0 290 2 0
0 295 2 0
1
end_operator
begin_operator
link-1-1 n-4-2 n-5-2 cell-4-1 cap-3 cap-2 cell-4-2 cap-3 cap-2
0
7
0 0 2 1
0 1 2 1
0 82 1 2
0 87 1 2
0 172 0 1
0 290 2 0
0 295 2 0
1
end_operator
begin_operator
link-1-1 n-4-2 n-5-2 cell-4-1 cap-4 cap-3 cell-4-2 cap-1 cap-0
0
7
0 0 3 2
0 1 0 4
0 82 1 2
0 87 1 2
0 172 0 1
0 290 2 0
0 295 2 0
1
end_operator
begin_operator
link-1-1 n-4-2 n-5-2 cell-4-1 cap-4 cap-3 cell-4-2 cap-2 cap-1
0
7
0 0 3 2
0 1 1 0
0 82 1 2
0 87 1 2
0 172 0 1
0 290 2 0
0 295 2 0
1
end_operator
begin_operator
link-1-1 n-4-2 n-5-2 cell-4-1 cap-4 cap-3 cell-4-2 cap-3 cap-2
0
7
0 0 3 2
0 1 2 1
0 82 1 2
0 87 1 2
0 172 0 1
0 290 2 0
0 295 2 0
1
end_operator
begin_operator
link-1-1 n-4-3 n-4-4 cell-3-3 cap-1 cap-0 cell-4-3 cap-1 cap-0
0
7
0 2 0 4
0 44 1 0
0 83 1 2
0 84 1 2
0 173 0 1
0 291 2 0
0 292 2 0
1
end_operator
begin_operator
link-1-1 n-4-3 n-4-4 cell-3-3 cap-1 cap-0 cell-4-3 cap-2 cap-1
0
7
0 2 1 0
0 44 1 0
0 83 1 2
0 84 1 2
0 173 0 1
0 291 2 0
0 292 2 0
1
end_operator
begin_operator
link-1-1 n-4-3 n-4-4 cell-3-3 cap-1 cap-0 cell-4-3 cap-3 cap-2
0
7
0 2 2 1
0 44 1 0
0 83 1 2
0 84 1 2
0 173 0 1
0 291 2 0
0 292 2 0
1
end_operator
begin_operator
link-1-1 n-4-3 n-4-4 cell-3-3 cap-1 cap-0 cell-4-3 cap-4 cap-3
0
7
0 2 3 2
0 44 1 0
0 83 1 2
0 84 1 2
0 173 0 1
0 291 2 0
0 292 2 0
1
end_operator
begin_operator
link-1-1 n-4-3 n-4-4 cell-3-3 cap-2 cap-1 cell-4-3 cap-1 cap-0
0
7
0 2 0 4
0 44 2 1
0 83 1 2
0 84 1 2
0 173 0 1
0 291 2 0
0 292 2 0
1
end_operator
begin_operator
link-1-1 n-4-3 n-4-4 cell-3-3 cap-2 cap-1 cell-4-3 cap-2 cap-1
0
7
0 2 1 0
0 44 2 1
0 83 1 2
0 84 1 2
0 173 0 1
0 291 2 0
0 292 2 0
1
end_operator
begin_operator
link-1-1 n-4-3 n-4-4 cell-3-3 cap-2 cap-1 cell-4-3 cap-3 cap-2
0
7
0 2 2 1
0 44 2 1
0 83 1 2
0 84 1 2
0 173 0 1
0 291 2 0
0 292 2 0
1
end_operator
begin_operator
link-1-1 n-4-3 n-4-4 cell-3-3 cap-2 cap-1 cell-4-3 cap-4 cap-3
0
7
0 2 3 2
0 44 2 1
0 83 1 2
0 84 1 2
0 173 0 1
0 291 2 0
0 292 2 0
1
end_operator
begin_operator
link-1-1 n-4-3 n-5-3 cell-4-2 cap-1 cap-0 cell-4-3 cap-1 cap-0
0
7
0 1 0 4
0 2 0 4
0 83 1 2
0 88 1 2
0 174 0 1
0 291 2 0
0 296 2 0
1
end_operator
begin_operator
link-1-1 n-4-3 n-5-3 cell-4-2 cap-1 cap-0 cell-4-3 cap-2 cap-1
0
7
0 1 0 4
0 2 1 0
0 83 1 2
0 88 1 2
0 174 0 1
0 291 2 0
0 296 2 0
1
end_operator
begin_operator
link-1-1 n-4-3 n-5-3 cell-4-2 cap-1 cap-0 cell-4-3 cap-3 cap-2
0
7
0 1 0 4
0 2 2 1
0 83 1 2
0 88 1 2
0 174 0 1
0 291 2 0
0 296 2 0
1
end_operator
begin_operator
link-1-1 n-4-3 n-5-3 cell-4-2 cap-1 cap-0 cell-4-3 cap-4 cap-3
0
7
0 1 0 4
0 2 3 2
0 83 1 2
0 88 1 2
0 174 0 1
0 291 2 0
0 296 2 0
1
end_operator
begin_operator
link-1-1 n-4-3 n-5-3 cell-4-2 cap-2 cap-1 cell-4-3 cap-1 cap-0
0
7
0 1 1 0
0 2 0 4
0 83 1 2
0 88 1 2
0 174 0 1
0 291 2 0
0 296 2 0
1
end_operator
begin_operator
link-1-1 n-4-3 n-5-3 cell-4-2 cap-2 cap-1 cell-4-3 cap-2 cap-1
0
7
0 1 1 0
0 2 1 0
0 83 1 2
0 88 1 2
0 174 0 1
0 291 2 0
0 296 2 0
1
end_operator
begin_operator
link-1-1 n-4-3 n-5-3 cell-4-2 cap-2 cap-1 cell-4-3 cap-3 cap-2
0
7
0 1 1 0
0 2 2 1
0 83 1 2
0 88 1 2
0 174 0 1
0 291 2 0
0 296 2 0
1
end_operator
begin_operator
link-1-1 n-4-3 n-5-3 cell-4-2 cap-2 cap-1 cell-4-3 cap-4 cap-3
0
7
0 1 1 0
0 2 3 2
0 83 1 2
0 88 1 2
0 174 0 1
0 291 2 0
0 296 2 0
1
end_operator
begin_operator
link-1-1 n-4-3 n-5-3 cell-4-2 cap-3 cap-2 cell-4-3 cap-1 cap-0
0
7
0 1 2 1
0 2 0 4
0 83 1 2
0 88 1 2
0 174 0 1
0 291 2 0
0 296 2 0
1
end_operator
begin_operator
link-1-1 n-4-3 n-5-3 cell-4-2 cap-3 cap-2 cell-4-3 cap-2 cap-1
0
7
0 1 2 1
0 2 1 0
0 83 1 2
0 88 1 2
0 174 0 1
0 291 2 0
0 296 2 0
1
end_operator
begin_operator
link-1-1 n-4-3 n-5-3 cell-4-2 cap-3 cap-2 cell-4-3 cap-3 cap-2
0
7
0 1 2 1
0 2 2 1
0 83 1 2
0 88 1 2
0 174 0 1
0 291 2 0
0 296 2 0
1
end_operator
begin_operator
link-1-1 n-4-3 n-5-3 cell-4-2 cap-3 cap-2 cell-4-3 cap-4 cap-3
0
7
0 1 2 1
0 2 3 2
0 83 1 2
0 88 1 2
0 174 0 1
0 291 2 0
0 296 2 0
1
end_operator
begin_operator
link-1-1 n-4-3 n-5-3 cell-4-2 cap-4 cap-3 cell-4-3 cap-1 cap-0
0
7
0 1 3 2
0 2 0 4
0 83 1 2
0 88 1 2
0 174 0 1
0 291 2 0
0 296 2 0
1
end_operator
begin_operator
link-1-1 n-4-3 n-5-3 cell-4-2 cap-4 cap-3 cell-4-3 cap-2 cap-1
0
7
0 1 3 2
0 2 1 0
0 83 1 2
0 88 1 2
0 174 0 1
0 291 2 0
0 296 2 0
1
end_operator
begin_operator
link-1-1 n-4-3 n-5-3 cell-4-2 cap-4 cap-3 cell-4-3 cap-3 cap-2
0
7
0 1 3 2
0 2 2 1
0 83 1 2
0 88 1 2
0 174 0 1
0 291 2 0
0 296 2 0
1
end_operator
begin_operator
link-1-1 n-4-3 n-5-3 cell-4-2 cap-4 cap-3 cell-4-3 cap-4 cap-3
0
7
0 1 3 2
0 2 3 2
0 83 1 2
0 88 1 2
0 174 0 1
0 291 2 0
0 296 2 0
1
end_operator
begin_operator
link-1-1 n-4-4 n-5-4 cell-4-3 cap-1 cap-0 cell-outside-4-right cap-1 cap-0
0
7
0 2 0 4
0 84 1 2
0 89 1 2
0 175 0 1
0 242 0 1
0 292 2 0
0 297 2 0
1
end_operator
begin_operator
link-1-1 n-4-4 n-5-4 cell-4-3 cap-2 cap-1 cell-outside-4-right cap-1 cap-0
0
7
0 2 1 0
0 84 1 2
0 89 1 2
0 175 0 1
0 242 0 1
0 292 2 0
0 297 2 0
1
end_operator
begin_operator
link-1-1 n-4-4 n-5-4 cell-4-3 cap-3 cap-2 cell-outside-4-right cap-1 cap-0
0
7
0 2 2 1
0 84 1 2
0 89 1 2
0 175 0 1
0 242 0 1
0 292 2 0
0 297 2 0
1
end_operator
begin_operator
link-1-1 n-4-4 n-5-4 cell-4-3 cap-4 cap-3 cell-outside-4-right cap-1 cap-0
0
7
0 2 3 2
0 84 1 2
0 89 1 2
0 175 0 1
0 242 0 1
0 292 2 0
0 297 2 0
1
end_operator
begin_operator
link-1-1 n-5-0 n-5-1 cell-4-0 cap-1 cap-0 cell-5-0 cap-1 cap-0
0
7
0 36 1 0
0 37 1 0
0 85 1 2
0 86 1 2
0 176 0 1
0 293 2 0
0 294 2 0
1
end_operator
begin_operator
link-1-1 n-5-0 n-5-1 cell-4-0 cap-1 cap-0 cell-5-0 cap-2 cap-1
0
7
0 36 1 0
0 37 2 1
0 85 1 2
0 86 1 2
0 176 0 1
0 293 2 0
0 294 2 0
1
end_operator
begin_operator
link-1-1 n-5-0 n-5-1 cell-4-0 cap-2 cap-1 cell-5-0 cap-1 cap-0
0
7
0 36 2 1
0 37 1 0
0 85 1 2
0 86 1 2
0 176 0 1
0 293 2 0
0 294 2 0
1
end_operator
begin_operator
link-1-1 n-5-0 n-5-1 cell-4-0 cap-2 cap-1 cell-5-0 cap-2 cap-1
0
7
0 36 2 1
0 37 2 1
0 85 1 2
0 86 1 2
0 176 0 1
0 293 2 0
0 294 2 0
1
end_operator
begin_operator
link-1-1 n-5-0 n-6-0 cell-outside-5-left cap-1 cap-0 cell-5-0 cap-1 cap-0
0
7
0 37 1 0
0 85 1 2
0 90 1 2
0 177 0 1
0 243 0 1
0 293 2 0
0 298 2 0
1
end_operator
begin_operator
link-1-1 n-5-0 n-6-0 cell-outside-5-left cap-1 cap-0 cell-5-0 cap-2 cap-1
0
7
0 37 2 1
0 85 1 2
0 90 1 2
0 177 0 1
0 243 0 1
0 293 2 0
0 298 2 0
1
end_operator
begin_operator
link-1-1 n-5-1 n-5-2 cell-4-1 cap-1 cap-0 cell-5-1 cap-1 cap-0
0
7
0 0 0 4
0 3 0 4
0 86 1 2
0 87 1 2
0 178 0 1
0 294 2 0
0 295 2 0
1
end_operator
begin_operator
link-1-1 n-5-1 n-5-2 cell-4-1 cap-1 cap-0 cell-5-1 cap-2 cap-1
0
7
0 0 0 4
0 3 1 0
0 86 1 2
0 87 1 2
0 178 0 1
0 294 2 0
0 295 2 0
1
end_operator
begin_operator
link-1-1 n-5-1 n-5-2 cell-4-1 cap-1 cap-0 cell-5-1 cap-3 cap-2
0
7
0 0 0 4
0 3 2 1
0 86 1 2
0 87 1 2
0 178 0 1
0 294 2 0
0 295 2 0
1
end_operator
begin_operator
link-1-1 n-5-1 n-5-2 cell-4-1 cap-1 cap-0 cell-5-1 cap-4 cap-3
0
7
0 0 0 4
0 3 3 2
0 86 1 2
0 87 1 2
0 178 0 1
0 294 2 0
0 295 2 0
1
end_operator
begin_operator
link-1-1 n-5-1 n-5-2 cell-4-1 cap-2 cap-1 cell-5-1 cap-1 cap-0
0
7
0 0 1 0
0 3 0 4
0 86 1 2
0 87 1 2
0 178 0 1
0 294 2 0
0 295 2 0
1
end_operator
begin_operator
link-1-1 n-5-1 n-5-2 cell-4-1 cap-2 cap-1 cell-5-1 cap-2 cap-1
0
7
0 0 1 0
0 3 1 0
0 86 1 2
0 87 1 2
0 178 0 1
0 294 2 0
0 295 2 0
1
end_operator
begin_operator
link-1-1 n-5-1 n-5-2 cell-4-1 cap-2 cap-1 cell-5-1 cap-3 cap-2
0
7
0 0 1 0
0 3 2 1
0 86 1 2
0 87 1 2
0 178 0 1
0 294 2 0
0 295 2 0
1
end_operator
begin_operator
link-1-1 n-5-1 n-5-2 cell-4-1 cap-2 cap-1 cell-5-1 cap-4 cap-3
0
7
0 0 1 0
0 3 3 2
0 86 1 2
0 87 1 2
0 178 0 1
0 294 2 0
0 295 2 0
1
end_operator
begin_operator
link-1-1 n-5-1 n-5-2 cell-4-1 cap-3 cap-2 cell-5-1 cap-1 cap-0
0
7
0 0 2 1
0 3 0 4
0 86 1 2
0 87 1 2
0 178 0 1
0 294 2 0
0 295 2 0
1
end_operator
begin_operator
link-1-1 n-5-1 n-5-2 cell-4-1 cap-3 cap-2 cell-5-1 cap-2 cap-1
0
7
0 0 2 1
0 3 1 0
0 86 1 2
0 87 1 2
0 178 0 1
0 294 2 0
0 295 2 0
1
end_operator
begin_operator
link-1-1 n-5-1 n-5-2 cell-4-1 cap-3 cap-2 cell-5-1 cap-3 cap-2
0
7
0 0 2 1
0 3 2 1
0 86 1 2
0 87 1 2
0 178 0 1
0 294 2 0
0 295 2 0
1
end_operator
begin_operator
link-1-1 n-5-1 n-5-2 cell-4-1 cap-3 cap-2 cell-5-1 cap-4 cap-3
0
7
0 0 2 1
0 3 3 2
0 86 1 2
0 87 1 2
0 178 0 1
0 294 2 0
0 295 2 0
1
end_operator
begin_operator
link-1-1 n-5-1 n-5-2 cell-4-1 cap-4 cap-3 cell-5-1 cap-1 cap-0
0
7
0 0 3 2
0 3 0 4
0 86 1 2
0 87 1 2
0 178 0 1
0 294 2 0
0 295 2 0
1
end_operator
begin_operator
link-1-1 n-5-1 n-5-2 cell-4-1 cap-4 cap-3 cell-5-1 cap-2 cap-1
0
7
0 0 3 2
0 3 1 0
0 86 1 2
0 87 1 2
0 178 0 1
0 294 2 0
0 295 2 0
1
end_operator
begin_operator
link-1-1 n-5-1 n-5-2 cell-4-1 cap-4 cap-3 cell-5-1 cap-3 cap-2
0
7
0 0 3 2
0 3 2 1
0 86 1 2
0 87 1 2
0 178 0 1
0 294 2 0
0 295 2 0
1
end_operator
begin_operator
link-1-1 n-5-1 n-5-2 cell-4-1 cap-4 cap-3 cell-5-1 cap-4 cap-3
0
7
0 0 3 2
0 3 3 2
0 86 1 2
0 87 1 2
0 178 0 1
0 294 2 0
0 295 2 0
1
end_operator
begin_operator
link-1-1 n-5-1 n-6-1 cell-5-0 cap-1 cap-0 cell-5-1 cap-1 cap-0
0
7
0 3 0 4
0 37 1 0
0 86 1 2
0 91 1 2
0 179 0 1
0 294 2 0
0 299 2 0
1
end_operator
begin_operator
link-1-1 n-5-1 n-6-1 cell-5-0 cap-1 cap-0 cell-5-1 cap-2 cap-1
0
7
0 3 1 0
0 37 1 0
0 86 1 2
0 91 1 2
0 179 0 1
0 294 2 0
0 299 2 0
1
end_operator
begin_operator
link-1-1 n-5-1 n-6-1 cell-5-0 cap-1 cap-0 cell-5-1 cap-3 cap-2
0
7
0 3 2 1
0 37 1 0
0 86 1 2
0 91 1 2
0 179 0 1
0 294 2 0
0 299 2 0
1
end_operator
begin_operator
link-1-1 n-5-1 n-6-1 cell-5-0 cap-1 cap-0 cell-5-1 cap-4 cap-3
0
7
0 3 3 2
0 37 1 0
0 86 1 2
0 91 1 2
0 179 0 1
0 294 2 0
0 299 2 0
1
end_operator
begin_operator
link-1-1 n-5-1 n-6-1 cell-5-0 cap-2 cap-1 cell-5-1 cap-1 cap-0
0
7
0 3 0 4
0 37 2 1
0 86 1 2
0 91 1 2
0 179 0 1
0 294 2 0
0 299 2 0
1
end_operator
begin_operator
link-1-1 n-5-1 n-6-1 cell-5-0 cap-2 cap-1 cell-5-1 cap-2 cap-1
0
7
0 3 1 0
0 37 2 1
0 86 1 2
0 91 1 2
0 179 0 1
0 294 2 0
0 299 2 0
1
end_operator
begin_operator
link-1-1 n-5-1 n-6-1 cell-5-0 cap-2 cap-1 cell-5-1 cap-3 cap-2
0
7
0 3 2 1
0 37 2 1
0 86 1 2
0 91 1 2
0 179 0 1
0 294 2 0
0 299 2 0
1
end_operator
begin_operator
link-1-1 n-5-1 n-6-1 cell-5-0 cap-2 cap-1 cell-5-1 cap-4 cap-3
0
7
0 3 3 2
0 37 2 1
0 86 1 2
0 91 1 2
0 179 0 1
0 294 2 0
0 299 2 0
1
end_operator
begin_operator
link-1-1 n-5-2 n-5-3 cell-4-2 cap-1 cap-0 cell-5-2 cap-1 cap-0
0
7
0 1 0 4
0 4 1 0
0 87 1 2
0 88 1 2
0 180 0 1
0 295 2 0
0 296 2 0
1
end_operator
begin_operator
link-1-1 n-5-2 n-5-3 cell-4-2 cap-1 cap-0 cell-5-2 cap-2 cap-1
0
7
0 1 0 4
0 4 2 1
0 87 1 2
0 88 1 2
0 180 0 1
0 295 2 0
0 296 2 0
1
end_operator
begin_operator
link-1-1 n-5-2 n-5-3 cell-4-2 cap-1 cap-0 cell-5-2 cap-3 cap-2
0
7
0 1 0 4
0 4 3 2
0 87 1 2
0 88 1 2
0 180 0 1
0 295 2 0
0 296 2 0
1
end_operator
begin_operator
link-1-1 n-5-2 n-5-3 cell-4-2 cap-2 cap-1 cell-5-2 cap-1 cap-0
0
7
0 1 1 0
0 4 1 0
0 87 1 2
0 88 1 2
0 180 0 1
0 295 2 0
0 296 2 0
1
end_operator
begin_operator
link-1-1 n-5-2 n-5-3 cell-4-2 cap-2 cap-1 cell-5-2 cap-2 cap-1
0
7
0 1 1 0
0 4 2 1
0 87 1 2
0 88 1 2
0 180 0 1
0 295 2 0
0 296 2 0
1
end_operator
begin_operator
link-1-1 n-5-2 n-5-3 cell-4-2 cap-2 cap-1 cell-5-2 cap-3 cap-2
0
7
0 1 1 0
0 4 3 2
0 87 1 2
0 88 1 2
0 180 0 1
0 295 2 0
0 296 2 0
1
end_operator
begin_operator
link-1-1 n-5-2 n-5-3 cell-4-2 cap-3 cap-2 cell-5-2 cap-1 cap-0
0
7
0 1 2 1
0 4 1 0
0 87 1 2
0 88 1 2
0 180 0 1
0 295 2 0
0 296 2 0
1
end_operator
begin_operator
link-1-1 n-5-2 n-5-3 cell-4-2 cap-3 cap-2 cell-5-2 cap-2 cap-1
0
7
0 1 2 1
0 4 2 1
0 87 1 2
0 88 1 2
0 180 0 1
0 295 2 0
0 296 2 0
1
end_operator
begin_operator
link-1-1 n-5-2 n-5-3 cell-4-2 cap-3 cap-2 cell-5-2 cap-3 cap-2
0
7
0 1 2 1
0 4 3 2
0 87 1 2
0 88 1 2
0 180 0 1
0 295 2 0
0 296 2 0
1
end_operator
begin_operator
link-1-1 n-5-2 n-5-3 cell-4-2 cap-4 cap-3 cell-5-2 cap-1 cap-0
0
7
0 1 3 2
0 4 1 0
0 87 1 2
0 88 1 2
0 180 0 1
0 295 2 0
0 296 2 0
1
end_operator
begin_operator
link-1-1 n-5-2 n-5-3 cell-4-2 cap-4 cap-3 cell-5-2 cap-2 cap-1
0
7
0 1 3 2
0 4 2 1
0 87 1 2
0 88 1 2
0 180 0 1
0 295 2 0
0 296 2 0
1
end_operator
begin_operator
link-1-1 n-5-2 n-5-3 cell-4-2 cap-4 cap-3 cell-5-2 cap-3 cap-2
0
7
0 1 3 2
0 4 3 2
0 87 1 2
0 88 1 2
0 180 0 1
0 295 2 0
0 296 2 0
1
end_operator
begin_operator
link-1-1 n-5-2 n-6-2 cell-5-1 cap-1 cap-0 cell-5-2 cap-1 cap-0
0
7
0 3 0 4
0 4 1 0
0 87 1 2
0 92 1 2
0 181 0 1
0 295 2 0
0 300 2 0
1
end_operator
begin_operator
link-1-1 n-5-2 n-6-2 cell-5-1 cap-1 cap-0 cell-5-2 cap-2 cap-1
0
7
0 3 0 4
0 4 2 1
0 87 1 2
0 92 1 2
0 181 0 1
0 295 2 0
0 300 2 0
1
end_operator
begin_operator
link-1-1 n-5-2 n-6-2 cell-5-1 cap-1 cap-0 cell-5-2 cap-3 cap-2
0
7
0 3 0 4
0 4 3 2
0 87 1 2
0 92 1 2
0 181 0 1
0 295 2 0
0 300 2 0
1
end_operator
begin_operator
link-1-1 n-5-2 n-6-2 cell-5-1 cap-2 cap-1 cell-5-2 cap-1 cap-0
0
7
0 3 1 0
0 4 1 0
0 87 1 2
0 92 1 2
0 181 0 1
0 295 2 0
0 300 2 0
1
end_operator
begin_operator
link-1-1 n-5-2 n-6-2 cell-5-1 cap-2 cap-1 cell-5-2 cap-2 cap-1
0
7
0 3 1 0
0 4 2 1
0 87 1 2
0 92 1 2
0 181 0 1
0 295 2 0
0 300 2 0
1
end_operator
begin_operator
link-1-1 n-5-2 n-6-2 cell-5-1 cap-2 cap-1 cell-5-2 cap-3 cap-2
0
7
0 3 1 0
0 4 3 2
0 87 1 2
0 92 1 2
0 181 0 1
0 295 2 0
0 300 2 0
1
end_operator
begin_operator
link-1-1 n-5-2 n-6-2 cell-5-1 cap-3 cap-2 cell-5-2 cap-1 cap-0
0
7
0 3 2 1
0 4 1 0
0 87 1 2
0 92 1 2
0 181 0 1
0 295 2 0
0 300 2 0
1
end_operator
begin_operator
link-1-1 n-5-2 n-6-2 cell-5-1 cap-3 cap-2 cell-5-2 cap-2 cap-1
0
7
0 3 2 1
0 4 2 1
0 87 1 2
0 92 1 2
0 181 0 1
0 295 2 0
0 300 2 0
1
end_operator
begin_operator
link-1-1 n-5-2 n-6-2 cell-5-1 cap-3 cap-2 cell-5-2 cap-3 cap-2
0
7
0 3 2 1
0 4 3 2
0 87 1 2
0 92 1 2
0 181 0 1
0 295 2 0
0 300 2 0
1
end_operator
begin_operator
link-1-1 n-5-2 n-6-2 cell-5-1 cap-4 cap-3 cell-5-2 cap-1 cap-0
0
7
0 3 3 2
0 4 1 0
0 87 1 2
0 92 1 2
0 181 0 1
0 295 2 0
0 300 2 0
1
end_operator
begin_operator
link-1-1 n-5-2 n-6-2 cell-5-1 cap-4 cap-3 cell-5-2 cap-2 cap-1
0
7
0 3 3 2
0 4 2 1
0 87 1 2
0 92 1 2
0 181 0 1
0 295 2 0
0 300 2 0
1
end_operator
begin_operator
link-1-1 n-5-2 n-6-2 cell-5-1 cap-4 cap-3 cell-5-2 cap-3 cap-2
0
7
0 3 3 2
0 4 3 2
0 87 1 2
0 92 1 2
0 181 0 1
0 295 2 0
0 300 2 0
1
end_operator
begin_operator
link-1-1 n-5-3 n-5-4 cell-4-3 cap-1 cap-0 cell-5-3 cap-1 cap-0
0
7
0 2 0 4
0 5 1 0
0 88 1 2
0 89 1 2
0 182 0 1
0 296 2 0
0 297 2 0
1
end_operator
begin_operator
link-1-1 n-5-3 n-5-4 cell-4-3 cap-1 cap-0 cell-5-3 cap-2 cap-1
0
7
0 2 0 4
0 5 2 1
0 88 1 2
0 89 1 2
0 182 0 1
0 296 2 0
0 297 2 0
1
end_operator
begin_operator
link-1-1 n-5-3 n-5-4 cell-4-3 cap-1 cap-0 cell-5-3 cap-3 cap-2
0
7
0 2 0 4
0 5 3 2
0 88 1 2
0 89 1 2
0 182 0 1
0 296 2 0
0 297 2 0
1
end_operator
begin_operator
link-1-1 n-5-3 n-5-4 cell-4-3 cap-2 cap-1 cell-5-3 cap-1 cap-0
0
7
0 2 1 0
0 5 1 0
0 88 1 2
0 89 1 2
0 182 0 1
0 296 2 0
0 297 2 0
1
end_operator
begin_operator
link-1-1 n-5-3 n-5-4 cell-4-3 cap-2 cap-1 cell-5-3 cap-2 cap-1
0
7
0 2 1 0
0 5 2 1
0 88 1 2
0 89 1 2
0 182 0 1
0 296 2 0
0 297 2 0
1
end_operator
begin_operator
link-1-1 n-5-3 n-5-4 cell-4-3 cap-2 cap-1 cell-5-3 cap-3 cap-2
0
7
0 2 1 0
0 5 3 2
0 88 1 2
0 89 1 2
0 182 0 1
0 296 2 0
0 297 2 0
1
end_operator
begin_operator
link-1-1 n-5-3 n-5-4 cell-4-3 cap-3 cap-2 cell-5-3 cap-1 cap-0
0
7
0 2 2 1
0 5 1 0
0 88 1 2
0 89 1 2
0 182 0 1
0 296 2 0
0 297 2 0
1
end_operator
begin_operator
link-1-1 n-5-3 n-5-4 cell-4-3 cap-3 cap-2 cell-5-3 cap-2 cap-1
0
7
0 2 2 1
0 5 2 1
0 88 1 2
0 89 1 2
0 182 0 1
0 296 2 0
0 297 2 0
1
end_operator
begin_operator
link-1-1 n-5-3 n-5-4 cell-4-3 cap-3 cap-2 cell-5-3 cap-3 cap-2
0
7
0 2 2 1
0 5 3 2
0 88 1 2
0 89 1 2
0 182 0 1
0 296 2 0
0 297 2 0
1
end_operator
begin_operator
link-1-1 n-5-3 n-5-4 cell-4-3 cap-4 cap-3 cell-5-3 cap-1 cap-0
0
7
0 2 3 2
0 5 1 0
0 88 1 2
0 89 1 2
0 182 0 1
0 296 2 0
0 297 2 0
1
end_operator
begin_operator
link-1-1 n-5-3 n-5-4 cell-4-3 cap-4 cap-3 cell-5-3 cap-2 cap-1
0
7
0 2 3 2
0 5 2 1
0 88 1 2
0 89 1 2
0 182 0 1
0 296 2 0
0 297 2 0
1
end_operator
begin_operator
link-1-1 n-5-3 n-5-4 cell-4-3 cap-4 cap-3 cell-5-3 cap-3 cap-2
0
7
0 2 3 2
0 5 3 2
0 88 1 2
0 89 1 2
0 182 0 1
0 296 2 0
0 297 2 0
1
end_operator
begin_operator
link-1-1 n-5-3 n-6-3 cell-5-2 cap-1 cap-0 cell-5-3 cap-1 cap-0
0
7
0 4 1 0
0 5 1 0
0 88 1 2
0 93 1 2
0 183 0 1
0 296 2 0
0 301 2 0
1
end_operator
begin_operator
link-1-1 n-5-3 n-6-3 cell-5-2 cap-1 cap-0 cell-5-3 cap-2 cap-1
0
7
0 4 1 0
0 5 2 1
0 88 1 2
0 93 1 2
0 183 0 1
0 296 2 0
0 301 2 0
1
end_operator
begin_operator
link-1-1 n-5-3 n-6-3 cell-5-2 cap-1 cap-0 cell-5-3 cap-3 cap-2
0
7
0 4 1 0
0 5 3 2
0 88 1 2
0 93 1 2
0 183 0 1
0 296 2 0
0 301 2 0
1
end_operator
begin_operator
link-1-1 n-5-3 n-6-3 cell-5-2 cap-2 cap-1 cell-5-3 cap-1 cap-0
0
7
0 4 2 1
0 5 1 0
0 88 1 2
0 93 1 2
0 183 0 1
0 296 2 0
0 301 2 0
1
end_operator
begin_operator
link-1-1 n-5-3 n-6-3 cell-5-2 cap-2 cap-1 cell-5-3 cap-2 cap-1
0
7
0 4 2 1
0 5 2 1
0 88 1 2
0 93 1 2
0 183 0 1
0 296 2 0
0 301 2 0
1
end_operator
begin_operator
link-1-1 n-5-3 n-6-3 cell-5-2 cap-2 cap-1 cell-5-3 cap-3 cap-2
0
7
0 4 2 1
0 5 3 2
0 88 1 2
0 93 1 2
0 183 0 1
0 296 2 0
0 301 2 0
1
end_operator
begin_operator
link-1-1 n-5-3 n-6-3 cell-5-2 cap-3 cap-2 cell-5-3 cap-1 cap-0
0
7
0 4 3 2
0 5 1 0
0 88 1 2
0 93 1 2
0 183 0 1
0 296 2 0
0 301 2 0
1
end_operator
begin_operator
link-1-1 n-5-3 n-6-3 cell-5-2 cap-3 cap-2 cell-5-3 cap-2 cap-1
0
7
0 4 3 2
0 5 2 1
0 88 1 2
0 93 1 2
0 183 0 1
0 296 2 0
0 301 2 0
1
end_operator
begin_operator
link-1-1 n-5-3 n-6-3 cell-5-2 cap-3 cap-2 cell-5-3 cap-3 cap-2
0
7
0 4 3 2
0 5 3 2
0 88 1 2
0 93 1 2
0 183 0 1
0 296 2 0
0 301 2 0
1
end_operator
begin_operator
link-1-1 n-5-4 n-6-4 cell-5-3 cap-1 cap-0 cell-outside-5-right cap-1 cap-0
0
7
0 5 1 0
0 89 1 2
0 94 1 2
0 184 0 1
0 244 0 1
0 297 2 0
0 302 2 0
1
end_operator
begin_operator
link-1-1 n-5-4 n-6-4 cell-5-3 cap-2 cap-1 cell-outside-5-right cap-1 cap-0
0
7
0 5 2 1
0 89 1 2
0 94 1 2
0 184 0 1
0 244 0 1
0 297 2 0
0 302 2 0
1
end_operator
begin_operator
link-1-1 n-5-4 n-6-4 cell-5-3 cap-3 cap-2 cell-outside-5-right cap-1 cap-0
0
7
0 5 3 2
0 89 1 2
0 94 1 2
0 184 0 1
0 244 0 1
0 297 2 0
0 302 2 0
1
end_operator
begin_operator
link-1-1 n-6-0 n-6-1 cell-5-0 cap-1 cap-0 cell-6-0 cap-1 cap-0
0
7
0 6 0 4
0 37 1 0
0 90 1 2
0 91 1 2
0 185 0 1
0 298 2 0
0 299 2 0
1
end_operator
begin_operator
link-1-1 n-6-0 n-6-1 cell-5-0 cap-1 cap-0 cell-6-0 cap-2 cap-1
0
7
0 6 1 0
0 37 1 0
0 90 1 2
0 91 1 2
0 185 0 1
0 298 2 0
0 299 2 0
1
end_operator
begin_operator
link-1-1 n-6-0 n-6-1 cell-5-0 cap-1 cap-0 cell-6-0 cap-3 cap-2
0
7
0 6 2 1
0 37 1 0
0 90 1 2
0 91 1 2
0 185 0 1
0 298 2 0
0 299 2 0
1
end_operator
begin_operator
link-1-1 n-6-0 n-6-1 cell-5-0 cap-1 cap-0 cell-6-0 cap-4 cap-3
0
7
0 6 3 2
0 37 1 0
0 90 1 2
0 91 1 2
0 185 0 1
0 298 2 0
0 299 2 0
1
end_operator
begin_operator
link-1-1 n-6-0 n-6-1 cell-5-0 cap-2 cap-1 cell-6-0 cap-1 cap-0
0
7
0 6 0 4
0 37 2 1
0 90 1 2
0 91 1 2
0 185 0 1
0 298 2 0
0 299 2 0
1
end_operator
begin_operator
link-1-1 n-6-0 n-6-1 cell-5-0 cap-2 cap-1 cell-6-0 cap-2 cap-1
0
7
0 6 1 0
0 37 2 1
0 90 1 2
0 91 1 2
0 185 0 1
0 298 2 0
0 299 2 0
1
end_operator
begin_operator
link-1-1 n-6-0 n-6-1 cell-5-0 cap-2 cap-1 cell-6-0 cap-3 cap-2
0
7
0 6 2 1
0 37 2 1
0 90 1 2
0 91 1 2
0 185 0 1
0 298 2 0
0 299 2 0
1
end_operator
begin_operator
link-1-1 n-6-0 n-6-1 cell-5-0 cap-2 cap-1 cell-6-0 cap-4 cap-3
0
7
0 6 3 2
0 37 2 1
0 90 1 2
0 91 1 2
0 185 0 1
0 298 2 0
0 299 2 0
1
end_operator
begin_operator
link-1-1 n-6-0 n-7-0 cell-outside-6-left cap-1 cap-0 cell-6-0 cap-1 cap-0
0
7
0 6 0 4
0 90 1 2
0 95 1 2
0 186 0 1
0 245 0 1
0 298 2 0
0 303 2 0
1
end_operator
begin_operator
link-1-1 n-6-0 n-7-0 cell-outside-6-left cap-1 cap-0 cell-6-0 cap-2 cap-1
0
7
0 6 1 0
0 90 1 2
0 95 1 2
0 186 0 1
0 245 0 1
0 298 2 0
0 303 2 0
1
end_operator
begin_operator
link-1-1 n-6-0 n-7-0 cell-outside-6-left cap-1 cap-0 cell-6-0 cap-3 cap-2
0
7
0 6 2 1
0 90 1 2
0 95 1 2
0 186 0 1
0 245 0 1
0 298 2 0
0 303 2 0
1
end_operator
begin_operator
link-1-1 n-6-0 n-7-0 cell-outside-6-left cap-1 cap-0 cell-6-0 cap-4 cap-3
0
7
0 6 3 2
0 90 1 2
0 95 1 2
0 186 0 1
0 245 0 1
0 298 2 0
0 303 2 0
1
end_operator
begin_operator
link-1-1 n-6-1 n-6-2 cell-5-1 cap-1 cap-0 cell-6-1 cap-1 cap-0
0
7
0 3 0 4
0 7 0 4
0 91 1 2
0 92 1 2
0 187 0 1
0 299 2 0
0 300 2 0
1
end_operator
begin_operator
link-1-1 n-6-1 n-6-2 cell-5-1 cap-1 cap-0 cell-6-1 cap-2 cap-1
0
7
0 3 0 4
0 7 1 0
0 91 1 2
0 92 1 2
0 187 0 1
0 299 2 0
0 300 2 0
1
end_operator
begin_operator
link-1-1 n-6-1 n-6-2 cell-5-1 cap-1 cap-0 cell-6-1 cap-3 cap-2
0
7
0 3 0 4
0 7 2 1
0 91 1 2
0 92 1 2
0 187 0 1
0 299 2 0
0 300 2 0
1
end_operator
begin_operator
link-1-1 n-6-1 n-6-2 cell-5-1 cap-1 cap-0 cell-6-1 cap-4 cap-3
0
7
0 3 0 4
0 7 3 2
0 91 1 2
0 92 1 2
0 187 0 1
0 299 2 0
0 300 2 0
1
end_operator
begin_operator
link-1-1 n-6-1 n-6-2 cell-5-1 cap-2 cap-1 cell-6-1 cap-1 cap-0
0
7
0 3 1 0
0 7 0 4
0 91 1 2
0 92 1 2
0 187 0 1
0 299 2 0
0 300 2 0
1
end_operator
begin_operator
link-1-1 n-6-1 n-6-2 cell-5-1 cap-2 cap-1 cell-6-1 cap-2 cap-1
0
7
0 3 1 0
0 7 1 0
0 91 1 2
0 92 1 2
0 187 0 1
0 299 2 0
0 300 2 0
1
end_operator
begin_operator
link-1-1 n-6-1 n-6-2 cell-5-1 cap-2 cap-1 cell-6-1 cap-3 cap-2
0
7
0 3 1 0
0 7 2 1
0 91 1 2
0 92 1 2
0 187 0 1
0 299 2 0
0 300 2 0
1
end_operator
begin_operator
link-1-1 n-6-1 n-6-2 cell-5-1 cap-2 cap-1 cell-6-1 cap-4 cap-3
0
7
0 3 1 0
0 7 3 2
0 91 1 2
0 92 1 2
0 187 0 1
0 299 2 0
0 300 2 0
1
end_operator
begin_operator
link-1-1 n-6-1 n-6-2 cell-5-1 cap-3 cap-2 cell-6-1 cap-1 cap-0
0
7
0 3 2 1
0 7 0 4
0 91 1 2
0 92 1 2
0 187 0 1
0 299 2 0
0 300 2 0
1
end_operator
begin_operator
link-1-1 n-6-1 n-6-2 cell-5-1 cap-3 cap-2 cell-6-1 cap-2 cap-1
0
7
0 3 2 1
0 7 1 0
0 91 1 2
0 92 1 2
0 187 0 1
0 299 2 0
0 300 2 0
1
end_operator
begin_operator
link-1-1 n-6-1 n-6-2 cell-5-1 cap-3 cap-2 cell-6-1 cap-3 cap-2
0
7
0 3 2 1
0 7 2 1
0 91 1 2
0 92 1 2
0 187 0 1
0 299 2 0
0 300 2 0
1
end_operator
begin_operator
link-1-1 n-6-1 n-6-2 cell-5-1 cap-3 cap-2 cell-6-1 cap-4 cap-3
0
7
0 3 2 1
0 7 3 2
0 91 1 2
0 92 1 2
0 187 0 1
0 299 2 0
0 300 2 0
1
end_operator
begin_operator
link-1-1 n-6-1 n-6-2 cell-5-1 cap-4 cap-3 cell-6-1 cap-1 cap-0
0
7
0 3 3 2
0 7 0 4
0 91 1 2
0 92 1 2
0 187 0 1
0 299 2 0
0 300 2 0
1
end_operator
begin_operator
link-1-1 n-6-1 n-6-2 cell-5-1 cap-4 cap-3 cell-6-1 cap-2 cap-1
0
7
0 3 3 2
0 7 1 0
0 91 1 2
0 92 1 2
0 187 0 1
0 299 2 0
0 300 2 0
1
end_operator
begin_operator
link-1-1 n-6-1 n-6-2 cell-5-1 cap-4 cap-3 cell-6-1 cap-3 cap-2
0
7
0 3 3 2
0 7 2 1
0 91 1 2
0 92 1 2
0 187 0 1
0 299 2 0
0 300 2 0
1
end_operator
begin_operator
link-1-1 n-6-1 n-6-2 cell-5-1 cap-4 cap-3 cell-6-1 cap-4 cap-3
0
7
0 3 3 2
0 7 3 2
0 91 1 2
0 92 1 2
0 187 0 1
0 299 2 0
0 300 2 0
1
end_operator
begin_operator
link-1-1 n-6-1 n-7-1 cell-6-0 cap-1 cap-0 cell-6-1 cap-1 cap-0
0
7
0 6 0 4
0 7 0 4
0 91 1 2
0 96 1 2
0 188 0 1
0 299 2 0
0 304 2 0
1
end_operator
begin_operator
link-1-1 n-6-1 n-7-1 cell-6-0 cap-1 cap-0 cell-6-1 cap-2 cap-1
0
7
0 6 0 4
0 7 1 0
0 91 1 2
0 96 1 2
0 188 0 1
0 299 2 0
0 304 2 0
1
end_operator
begin_operator
link-1-1 n-6-1 n-7-1 cell-6-0 cap-1 cap-0 cell-6-1 cap-3 cap-2
0
7
0 6 0 4
0 7 2 1
0 91 1 2
0 96 1 2
0 188 0 1
0 299 2 0
0 304 2 0
1
end_operator
begin_operator
link-1-1 n-6-1 n-7-1 cell-6-0 cap-1 cap-0 cell-6-1 cap-4 cap-3
0
7
0 6 0 4
0 7 3 2
0 91 1 2
0 96 1 2
0 188 0 1
0 299 2 0
0 304 2 0
1
end_operator
begin_operator
link-1-1 n-6-1 n-7-1 cell-6-0 cap-2 cap-1 cell-6-1 cap-1 cap-0
0
7
0 6 1 0
0 7 0 4
0 91 1 2
0 96 1 2
0 188 0 1
0 299 2 0
0 304 2 0
1
end_operator
begin_operator
link-1-1 n-6-1 n-7-1 cell-6-0 cap-2 cap-1 cell-6-1 cap-2 cap-1
0
7
0 6 1 0
0 7 1 0
0 91 1 2
0 96 1 2
0 188 0 1
0 299 2 0
0 304 2 0
1
end_operator
begin_operator
link-1-1 n-6-1 n-7-1 cell-6-0 cap-2 cap-1 cell-6-1 cap-3 cap-2
0
7
0 6 1 0
0 7 2 1
0 91 1 2
0 96 1 2
0 188 0 1
0 299 2 0
0 304 2 0
1
end_operator
begin_operator
link-1-1 n-6-1 n-7-1 cell-6-0 cap-2 cap-1 cell-6-1 cap-4 cap-3
0
7
0 6 1 0
0 7 3 2
0 91 1 2
0 96 1 2
0 188 0 1
0 299 2 0
0 304 2 0
1
end_operator
begin_operator
link-1-1 n-6-1 n-7-1 cell-6-0 cap-3 cap-2 cell-6-1 cap-1 cap-0
0
7
0 6 2 1
0 7 0 4
0 91 1 2
0 96 1 2
0 188 0 1
0 299 2 0
0 304 2 0
1
end_operator
begin_operator
link-1-1 n-6-1 n-7-1 cell-6-0 cap-3 cap-2 cell-6-1 cap-2 cap-1
0
7
0 6 2 1
0 7 1 0
0 91 1 2
0 96 1 2
0 188 0 1
0 299 2 0
0 304 2 0
1
end_operator
begin_operator
link-1-1 n-6-1 n-7-1 cell-6-0 cap-3 cap-2 cell-6-1 cap-3 cap-2
0
7
0 6 2 1
0 7 2 1
0 91 1 2
0 96 1 2
0 188 0 1
0 299 2 0
0 304 2 0
1
end_operator
begin_operator
link-1-1 n-6-1 n-7-1 cell-6-0 cap-3 cap-2 cell-6-1 cap-4 cap-3
0
7
0 6 2 1
0 7 3 2
0 91 1 2
0 96 1 2
0 188 0 1
0 299 2 0
0 304 2 0
1
end_operator
begin_operator
link-1-1 n-6-1 n-7-1 cell-6-0 cap-4 cap-3 cell-6-1 cap-1 cap-0
0
7
0 6 3 2
0 7 0 4
0 91 1 2
0 96 1 2
0 188 0 1
0 299 2 0
0 304 2 0
1
end_operator
begin_operator
link-1-1 n-6-1 n-7-1 cell-6-0 cap-4 cap-3 cell-6-1 cap-2 cap-1
0
7
0 6 3 2
0 7 1 0
0 91 1 2
0 96 1 2
0 188 0 1
0 299 2 0
0 304 2 0
1
end_operator
begin_operator
link-1-1 n-6-1 n-7-1 cell-6-0 cap-4 cap-3 cell-6-1 cap-3 cap-2
0
7
0 6 3 2
0 7 2 1
0 91 1 2
0 96 1 2
0 188 0 1
0 299 2 0
0 304 2 0
1
end_operator
begin_operator
link-1-1 n-6-1 n-7-1 cell-6-0 cap-4 cap-3 cell-6-1 cap-4 cap-3
0
7
0 6 3 2
0 7 3 2
0 91 1 2
0 96 1 2
0 188 0 1
0 299 2 0
0 304 2 0
1
end_operator
begin_operator
link-1-1 n-6-2 n-6-3 cell-5-2 cap-1 cap-0 cell-6-2 cap-1 cap-0
0
7
0 4 1 0
0 38 1 0
0 92 1 2
0 93 1 2
0 189 0 1
0 300 2 0
0 301 2 0
1
end_operator
begin_operator
link-1-1 n-6-2 n-6-3 cell-5-2 cap-1 cap-0 cell-6-2 cap-2 cap-1
0
7
0 4 1 0
0 38 2 1
0 92 1 2
0 93 1 2
0 189 0 1
0 300 2 0
0 301 2 0
1
end_operator
begin_operator
link-1-1 n-6-2 n-6-3 cell-5-2 cap-2 cap-1 cell-6-2 cap-1 cap-0
0
7
0 4 2 1
0 38 1 0
0 92 1 2
0 93 1 2
0 189 0 1
0 300 2 0
0 301 2 0
1
end_operator
begin_operator
link-1-1 n-6-2 n-6-3 cell-5-2 cap-2 cap-1 cell-6-2 cap-2 cap-1
0
7
0 4 2 1
0 38 2 1
0 92 1 2
0 93 1 2
0 189 0 1
0 300 2 0
0 301 2 0
1
end_operator
begin_operator
link-1-1 n-6-2 n-6-3 cell-5-2 cap-3 cap-2 cell-6-2 cap-1 cap-0
0
7
0 4 3 2
0 38 1 0
0 92 1 2
0 93 1 2
0 189 0 1
0 300 2 0
0 301 2 0
1
end_operator
begin_operator
link-1-1 n-6-2 n-6-3 cell-5-2 cap-3 cap-2 cell-6-2 cap-2 cap-1
0
7
0 4 3 2
0 38 2 1
0 92 1 2
0 93 1 2
0 189 0 1
0 300 2 0
0 301 2 0
1
end_operator
begin_operator
link-1-1 n-6-2 n-7-2 cell-6-1 cap-1 cap-0 cell-6-2 cap-1 cap-0
0
7
0 7 0 4
0 38 1 0
0 92 1 2
0 97 1 2
0 190 0 1
0 300 2 0
0 305 2 0
1
end_operator
begin_operator
link-1-1 n-6-2 n-7-2 cell-6-1 cap-1 cap-0 cell-6-2 cap-2 cap-1
0
7
0 7 0 4
0 38 2 1
0 92 1 2
0 97 1 2
0 190 0 1
0 300 2 0
0 305 2 0
1
end_operator
begin_operator
link-1-1 n-6-2 n-7-2 cell-6-1 cap-2 cap-1 cell-6-2 cap-1 cap-0
0
7
0 7 1 0
0 38 1 0
0 92 1 2
0 97 1 2
0 190 0 1
0 300 2 0
0 305 2 0
1
end_operator
begin_operator
link-1-1 n-6-2 n-7-2 cell-6-1 cap-2 cap-1 cell-6-2 cap-2 cap-1
0
7
0 7 1 0
0 38 2 1
0 92 1 2
0 97 1 2
0 190 0 1
0 300 2 0
0 305 2 0
1
end_operator
begin_operator
link-1-1 n-6-2 n-7-2 cell-6-1 cap-3 cap-2 cell-6-2 cap-1 cap-0
0
7
0 7 2 1
0 38 1 0
0 92 1 2
0 97 1 2
0 190 0 1
0 300 2 0
0 305 2 0
1
end_operator
begin_operator
link-1-1 n-6-2 n-7-2 cell-6-1 cap-3 cap-2 cell-6-2 cap-2 cap-1
0
7
0 7 2 1
0 38 2 1
0 92 1 2
0 97 1 2
0 190 0 1
0 300 2 0
0 305 2 0
1
end_operator
begin_operator
link-1-1 n-6-2 n-7-2 cell-6-1 cap-4 cap-3 cell-6-2 cap-1 cap-0
0
7
0 7 3 2
0 38 1 0
0 92 1 2
0 97 1 2
0 190 0 1
0 300 2 0
0 305 2 0
1
end_operator
begin_operator
link-1-1 n-6-2 n-7-2 cell-6-1 cap-4 cap-3 cell-6-2 cap-2 cap-1
0
7
0 7 3 2
0 38 2 1
0 92 1 2
0 97 1 2
0 190 0 1
0 300 2 0
0 305 2 0
1
end_operator
begin_operator
link-1-1 n-6-3 n-6-4 cell-5-3 cap-1 cap-0 cell-6-3 cap-1 cap-0
0
7
0 5 1 0
0 8 0 4
0 93 1 2
0 94 1 2
0 191 0 1
0 301 2 0
0 302 2 0
1
end_operator
begin_operator
link-1-1 n-6-3 n-6-4 cell-5-3 cap-1 cap-0 cell-6-3 cap-2 cap-1
0
7
0 5 1 0
0 8 1 0
0 93 1 2
0 94 1 2
0 191 0 1
0 301 2 0
0 302 2 0
1
end_operator
begin_operator
link-1-1 n-6-3 n-6-4 cell-5-3 cap-1 cap-0 cell-6-3 cap-3 cap-2
0
7
0 5 1 0
0 8 2 1
0 93 1 2
0 94 1 2
0 191 0 1
0 301 2 0
0 302 2 0
1
end_operator
begin_operator
link-1-1 n-6-3 n-6-4 cell-5-3 cap-1 cap-0 cell-6-3 cap-4 cap-3
0
7
0 5 1 0
0 8 3 2
0 93 1 2
0 94 1 2
0 191 0 1
0 301 2 0
0 302 2 0
1
end_operator
begin_operator
link-1-1 n-6-3 n-6-4 cell-5-3 cap-2 cap-1 cell-6-3 cap-1 cap-0
0
7
0 5 2 1
0 8 0 4
0 93 1 2
0 94 1 2
0 191 0 1
0 301 2 0
0 302 2 0
1
end_operator
begin_operator
link-1-1 n-6-3 n-6-4 cell-5-3 cap-2 cap-1 cell-6-3 cap-2 cap-1
0
7
0 5 2 1
0 8 1 0
0 93 1 2
0 94 1 2
0 191 0 1
0 301 2 0
0 302 2 0
1
end_operator
begin_operator
link-1-1 n-6-3 n-6-4 cell-5-3 cap-2 cap-1 cell-6-3 cap-3 cap-2
0
7
0 5 2 1
0 8 2 1
0 93 1 2
0 94 1 2
0 191 0 1
0 301 2 0
0 302 2 0
1
end_operator
begin_operator
link-1-1 n-6-3 n-6-4 cell-5-3 cap-2 cap-1 cell-6-3 cap-4 cap-3
0
7
0 5 2 1
0 8 3 2
0 93 1 2
0 94 1 2
0 191 0 1
0 301 2 0
0 302 2 0
1
end_operator
begin_operator
link-1-1 n-6-3 n-6-4 cell-5-3 cap-3 cap-2 cell-6-3 cap-1 cap-0
0
7
0 5 3 2
0 8 0 4
0 93 1 2
0 94 1 2
0 191 0 1
0 301 2 0
0 302 2 0
1
end_operator
begin_operator
link-1-1 n-6-3 n-6-4 cell-5-3 cap-3 cap-2 cell-6-3 cap-2 cap-1
0
7
0 5 3 2
0 8 1 0
0 93 1 2
0 94 1 2
0 191 0 1
0 301 2 0
0 302 2 0
1
end_operator
begin_operator
link-1-1 n-6-3 n-6-4 cell-5-3 cap-3 cap-2 cell-6-3 cap-3 cap-2
0
7
0 5 3 2
0 8 2 1
0 93 1 2
0 94 1 2
0 191 0 1
0 301 2 0
0 302 2 0
1
end_operator
begin_operator
link-1-1 n-6-3 n-6-4 cell-5-3 cap-3 cap-2 cell-6-3 cap-4 cap-3
0
7
0 5 3 2
0 8 3 2
0 93 1 2
0 94 1 2
0 191 0 1
0 301 2 0
0 302 2 0
1
end_operator
begin_operator
link-1-1 n-6-3 n-7-3 cell-6-2 cap-1 cap-0 cell-6-3 cap-1 cap-0
0
7
0 8 0 4
0 38 1 0
0 93 1 2
0 98 1 2
0 192 0 1
0 301 2 0
0 306 2 0
1
end_operator
begin_operator
link-1-1 n-6-3 n-7-3 cell-6-2 cap-1 cap-0 cell-6-3 cap-2 cap-1
0
7
0 8 1 0
0 38 1 0
0 93 1 2
0 98 1 2
0 192 0 1
0 301 2 0
0 306 2 0
1
end_operator
begin_operator
link-1-1 n-6-3 n-7-3 cell-6-2 cap-1 cap-0 cell-6-3 cap-3 cap-2
0
7
0 8 2 1
0 38 1 0
0 93 1 2
0 98 1 2
0 192 0 1
0 301 2 0
0 306 2 0
1
end_operator
begin_operator
link-1-1 n-6-3 n-7-3 cell-6-2 cap-1 cap-0 cell-6-3 cap-4 cap-3
0
7
0 8 3 2
0 38 1 0
0 93 1 2
0 98 1 2
0 192 0 1
0 301 2 0
0 306 2 0
1
end_operator
begin_operator
link-1-1 n-6-3 n-7-3 cell-6-2 cap-2 cap-1 cell-6-3 cap-1 cap-0
0
7
0 8 0 4
0 38 2 1
0 93 1 2
0 98 1 2
0 192 0 1
0 301 2 0
0 306 2 0
1
end_operator
begin_operator
link-1-1 n-6-3 n-7-3 cell-6-2 cap-2 cap-1 cell-6-3 cap-2 cap-1
0
7
0 8 1 0
0 38 2 1
0 93 1 2
0 98 1 2
0 192 0 1
0 301 2 0
0 306 2 0
1
end_operator
begin_operator
link-1-1 n-6-3 n-7-3 cell-6-2 cap-2 cap-1 cell-6-3 cap-3 cap-2
0
7
0 8 2 1
0 38 2 1
0 93 1 2
0 98 1 2
0 192 0 1
0 301 2 0
0 306 2 0
1
end_operator
begin_operator
link-1-1 n-6-3 n-7-3 cell-6-2 cap-2 cap-1 cell-6-3 cap-4 cap-3
0
7
0 8 3 2
0 38 2 1
0 93 1 2
0 98 1 2
0 192 0 1
0 301 2 0
0 306 2 0
1
end_operator
begin_operator
link-1-1 n-6-4 n-7-4 cell-6-3 cap-1 cap-0 cell-outside-6-right cap-1 cap-0
0
7
0 8 0 4
0 94 1 2
0 99 1 2
0 193 0 1
0 246 0 1
0 302 2 0
0 307 2 0
1
end_operator
begin_operator
link-1-1 n-6-4 n-7-4 cell-6-3 cap-2 cap-1 cell-outside-6-right cap-1 cap-0
0
7
0 8 1 0
0 94 1 2
0 99 1 2
0 193 0 1
0 246 0 1
0 302 2 0
0 307 2 0
1
end_operator
begin_operator
link-1-1 n-6-4 n-7-4 cell-6-3 cap-3 cap-2 cell-outside-6-right cap-1 cap-0
0
7
0 8 2 1
0 94 1 2
0 99 1 2
0 193 0 1
0 246 0 1
0 302 2 0
0 307 2 0
1
end_operator
begin_operator
link-1-1 n-6-4 n-7-4 cell-6-3 cap-4 cap-3 cell-outside-6-right cap-1 cap-0
0
7
0 8 3 2
0 94 1 2
0 99 1 2
0 193 0 1
0 246 0 1
0 302 2 0
0 307 2 0
1
end_operator
begin_operator
link-1-1 n-7-0 n-7-1 cell-6-0 cap-1 cap-0 cell-7-0 cap-1 cap-0
0
7
0 6 0 4
0 9 1 0
0 95 1 2
0 96 1 2
0 194 0 1
0 303 2 0
0 304 2 0
1
end_operator
begin_operator
link-1-1 n-7-0 n-7-1 cell-6-0 cap-1 cap-0 cell-7-0 cap-2 cap-1
0
7
0 6 0 4
0 9 2 1
0 95 1 2
0 96 1 2
0 194 0 1
0 303 2 0
0 304 2 0
1
end_operator
begin_operator
link-1-1 n-7-0 n-7-1 cell-6-0 cap-1 cap-0 cell-7-0 cap-3 cap-2
0
7
0 6 0 4
0 9 3 2
0 95 1 2
0 96 1 2
0 194 0 1
0 303 2 0
0 304 2 0
1
end_operator
begin_operator
link-1-1 n-7-0 n-7-1 cell-6-0 cap-2 cap-1 cell-7-0 cap-1 cap-0
0
7
0 6 1 0
0 9 1 0
0 95 1 2
0 96 1 2
0 194 0 1
0 303 2 0
0 304 2 0
1
end_operator
begin_operator
link-1-1 n-7-0 n-7-1 cell-6-0 cap-2 cap-1 cell-7-0 cap-2 cap-1
0
7
0 6 1 0
0 9 2 1
0 95 1 2
0 96 1 2
0 194 0 1
0 303 2 0
0 304 2 0
1
end_operator
begin_operator
link-1-1 n-7-0 n-7-1 cell-6-0 cap-2 cap-1 cell-7-0 cap-3 cap-2
0
7
0 6 1 0
0 9 3 2
0 95 1 2
0 96 1 2
0 194 0 1
0 303 2 0
0 304 2 0
1
end_operator
begin_operator
link-1-1 n-7-0 n-7-1 cell-6-0 cap-3 cap-2 cell-7-0 cap-1 cap-0
0
7
0 6 2 1
0 9 1 0
0 95 1 2
0 96 1 2
0 194 0 1
0 303 2 0
0 304 2 0
1
end_operator
begin_operator
link-1-1 n-7-0 n-7-1 cell-6-0 cap-3 cap-2 cell-7-0 cap-2 cap-1
0
7
0 6 2 1
0 9 2 1
0 95 1 2
0 96 1 2
0 194 0 1
0 303 2 0
0 304 2 0
1
end_operator
begin_operator
link-1-1 n-7-0 n-7-1 cell-6-0 cap-3 cap-2 cell-7-0 cap-3 cap-2
0
7
0 6 2 1
0 9 3 2
0 95 1 2
0 96 1 2
0 194 0 1
0 303 2 0
0 304 2 0
1
end_operator
begin_operator
link-1-1 n-7-0 n-7-1 cell-6-0 cap-4 cap-3 cell-7-0 cap-1 cap-0
0
7
0 6 3 2
0 9 1 0
0 95 1 2
0 96 1 2
0 194 0 1
0 303 2 0
0 304 2 0
1
end_operator
begin_operator
link-1-1 n-7-0 n-7-1 cell-6-0 cap-4 cap-3 cell-7-0 cap-2 cap-1
0
7
0 6 3 2
0 9 2 1
0 95 1 2
0 96 1 2
0 194 0 1
0 303 2 0
0 304 2 0
1
end_operator
begin_operator
link-1-1 n-7-0 n-7-1 cell-6-0 cap-4 cap-3 cell-7-0 cap-3 cap-2
0
7
0 6 3 2
0 9 3 2
0 95 1 2
0 96 1 2
0 194 0 1
0 303 2 0
0 304 2 0
1
end_operator
begin_operator
link-1-1 n-7-0 n-8-0 cell-outside-7-left cap-1 cap-0 cell-7-0 cap-1 cap-0
0
7
0 9 1 0
0 95 1 2
0 100 1 2
0 195 0 1
0 247 0 1
0 303 2 0
0 308 2 0
1
end_operator
begin_operator
link-1-1 n-7-0 n-8-0 cell-outside-7-left cap-1 cap-0 cell-7-0 cap-2 cap-1
0
7
0 9 2 1
0 95 1 2
0 100 1 2
0 195 0 1
0 247 0 1
0 303 2 0
0 308 2 0
1
end_operator
begin_operator
link-1-1 n-7-0 n-8-0 cell-outside-7-left cap-1 cap-0 cell-7-0 cap-3 cap-2
0
7
0 9 3 2
0 95 1 2
0 100 1 2
0 195 0 1
0 247 0 1
0 303 2 0
0 308 2 0
1
end_operator
begin_operator
link-1-1 n-7-1 n-7-2 cell-6-1 cap-1 cap-0 cell-7-1 cap-1 cap-0
0
7
0 7 0 4
0 10 0 4
0 96 1 2
0 97 1 2
0 196 0 1
0 304 2 0
0 305 2 0
1
end_operator
begin_operator
link-1-1 n-7-1 n-7-2 cell-6-1 cap-1 cap-0 cell-7-1 cap-2 cap-1
0
7
0 7 0 4
0 10 1 0
0 96 1 2
0 97 1 2
0 196 0 1
0 304 2 0
0 305 2 0
1
end_operator
begin_operator
link-1-1 n-7-1 n-7-2 cell-6-1 cap-1 cap-0 cell-7-1 cap-3 cap-2
0
7
0 7 0 4
0 10 2 1
0 96 1 2
0 97 1 2
0 196 0 1
0 304 2 0
0 305 2 0
1
end_operator
begin_operator
link-1-1 n-7-1 n-7-2 cell-6-1 cap-1 cap-0 cell-7-1 cap-4 cap-3
0
7
0 7 0 4
0 10 3 2
0 96 1 2
0 97 1 2
0 196 0 1
0 304 2 0
0 305 2 0
1
end_operator
begin_operator
link-1-1 n-7-1 n-7-2 cell-6-1 cap-2 cap-1 cell-7-1 cap-1 cap-0
0
7
0 7 1 0
0 10 0 4
0 96 1 2
0 97 1 2
0 196 0 1
0 304 2 0
0 305 2 0
1
end_operator
begin_operator
link-1-1 n-7-1 n-7-2 cell-6-1 cap-2 cap-1 cell-7-1 cap-2 cap-1
0
7
0 7 1 0
0 10 1 0
0 96 1 2
0 97 1 2
0 196 0 1
0 304 2 0
0 305 2 0
1
end_operator
begin_operator
link-1-1 n-7-1 n-7-2 cell-6-1 cap-2 cap-1 cell-7-1 cap-3 cap-2
0
7
0 7 1 0
0 10 2 1
0 96 1 2
0 97 1 2
0 196 0 1
0 304 2 0
0 305 2 0
1
end_operator
begin_operator
link-1-1 n-7-1 n-7-2 cell-6-1 cap-2 cap-1 cell-7-1 cap-4 cap-3
0
7
0 7 1 0
0 10 3 2
0 96 1 2
0 97 1 2
0 196 0 1
0 304 2 0
0 305 2 0
1
end_operator
begin_operator
link-1-1 n-7-1 n-7-2 cell-6-1 cap-3 cap-2 cell-7-1 cap-1 cap-0
0
7
0 7 2 1
0 10 0 4
0 96 1 2
0 97 1 2
0 196 0 1
0 304 2 0
0 305 2 0
1
end_operator
begin_operator
link-1-1 n-7-1 n-7-2 cell-6-1 cap-3 cap-2 cell-7-1 cap-2 cap-1
0
7
0 7 2 1
0 10 1 0
0 96 1 2
0 97 1 2
0 196 0 1
0 304 2 0
0 305 2 0
1
end_operator
begin_operator
link-1-1 n-7-1 n-7-2 cell-6-1 cap-3 cap-2 cell-7-1 cap-3 cap-2
0
7
0 7 2 1
0 10 2 1
0 96 1 2
0 97 1 2
0 196 0 1
0 304 2 0
0 305 2 0
1
end_operator
begin_operator
link-1-1 n-7-1 n-7-2 cell-6-1 cap-3 cap-2 cell-7-1 cap-4 cap-3
0
7
0 7 2 1
0 10 3 2
0 96 1 2
0 97 1 2
0 196 0 1
0 304 2 0
0 305 2 0
1
end_operator
begin_operator
link-1-1 n-7-1 n-7-2 cell-6-1 cap-4 cap-3 cell-7-1 cap-1 cap-0
0
7
0 7 3 2
0 10 0 4
0 96 1 2
0 97 1 2
0 196 0 1
0 304 2 0
0 305 2 0
1
end_operator
begin_operator
link-1-1 n-7-1 n-7-2 cell-6-1 cap-4 cap-3 cell-7-1 cap-2 cap-1
0
7
0 7 3 2
0 10 1 0
0 96 1 2
0 97 1 2
0 196 0 1
0 304 2 0
0 305 2 0
1
end_operator
begin_operator
link-1-1 n-7-1 n-7-2 cell-6-1 cap-4 cap-3 cell-7-1 cap-3 cap-2
0
7
0 7 3 2
0 10 2 1
0 96 1 2
0 97 1 2
0 196 0 1
0 304 2 0
0 305 2 0
1
end_operator
begin_operator
link-1-1 n-7-1 n-7-2 cell-6-1 cap-4 cap-3 cell-7-1 cap-4 cap-3
0
7
0 7 3 2
0 10 3 2
0 96 1 2
0 97 1 2
0 196 0 1
0 304 2 0
0 305 2 0
1
end_operator
begin_operator
link-1-1 n-7-1 n-8-1 cell-7-0 cap-1 cap-0 cell-7-1 cap-1 cap-0
0
7
0 9 1 0
0 10 0 4
0 96 1 2
0 102 1 2
0 197 0 1
0 304 2 0
0 309 2 0
1
end_operator
begin_operator
link-1-1 n-7-1 n-8-1 cell-7-0 cap-1 cap-0 cell-7-1 cap-2 cap-1
0
7
0 9 1 0
0 10 1 0
0 96 1 2
0 102 1 2
0 197 0 1
0 304 2 0
0 309 2 0
1
end_operator
begin_operator
link-1-1 n-7-1 n-8-1 cell-7-0 cap-1 cap-0 cell-7-1 cap-3 cap-2
0
7
0 9 1 0
0 10 2 1
0 96 1 2
0 102 1 2
0 197 0 1
0 304 2 0
0 309 2 0
1
end_operator
begin_operator
link-1-1 n-7-1 n-8-1 cell-7-0 cap-1 cap-0 cell-7-1 cap-4 cap-3
0
7
0 9 1 0
0 10 3 2
0 96 1 2
0 102 1 2
0 197 0 1
0 304 2 0
0 309 2 0
1
end_operator
begin_operator
link-1-1 n-7-1 n-8-1 cell-7-0 cap-2 cap-1 cell-7-1 cap-1 cap-0
0
7
0 9 2 1
0 10 0 4
0 96 1 2
0 102 1 2
0 197 0 1
0 304 2 0
0 309 2 0
1
end_operator
begin_operator
link-1-1 n-7-1 n-8-1 cell-7-0 cap-2 cap-1 cell-7-1 cap-2 cap-1
0
7
0 9 2 1
0 10 1 0
0 96 1 2
0 102 1 2
0 197 0 1
0 304 2 0
0 309 2 0
1
end_operator
begin_operator
link-1-1 n-7-1 n-8-1 cell-7-0 cap-2 cap-1 cell-7-1 cap-3 cap-2
0
7
0 9 2 1
0 10 2 1
0 96 1 2
0 102 1 2
0 197 0 1
0 304 2 0
0 309 2 0
1
end_operator
begin_operator
link-1-1 n-7-1 n-8-1 cell-7-0 cap-2 cap-1 cell-7-1 cap-4 cap-3
0
7
0 9 2 1
0 10 3 2
0 96 1 2
0 102 1 2
0 197 0 1
0 304 2 0
0 309 2 0
1
end_operator
begin_operator
link-1-1 n-7-1 n-8-1 cell-7-0 cap-3 cap-2 cell-7-1 cap-1 cap-0
0
7
0 9 3 2
0 10 0 4
0 96 1 2
0 102 1 2
0 197 0 1
0 304 2 0
0 309 2 0
1
end_operator
begin_operator
link-1-1 n-7-1 n-8-1 cell-7-0 cap-3 cap-2 cell-7-1 cap-2 cap-1
0
7
0 9 3 2
0 10 1 0
0 96 1 2
0 102 1 2
0 197 0 1
0 304 2 0
0 309 2 0
1
end_operator
begin_operator
link-1-1 n-7-1 n-8-1 cell-7-0 cap-3 cap-2 cell-7-1 cap-3 cap-2
0
7
0 9 3 2
0 10 2 1
0 96 1 2
0 102 1 2
0 197 0 1
0 304 2 0
0 309 2 0
1
end_operator
begin_operator
link-1-1 n-7-1 n-8-1 cell-7-0 cap-3 cap-2 cell-7-1 cap-4 cap-3
0
7
0 9 3 2
0 10 3 2
0 96 1 2
0 102 1 2
0 197 0 1
0 304 2 0
0 309 2 0
1
end_operator
begin_operator
link-1-1 n-7-2 n-7-3 cell-6-2 cap-1 cap-0 cell-7-2 cap-1 cap-0
0
7
0 11 0 4
0 38 1 0
0 97 1 2
0 98 1 2
0 198 0 1
0 305 2 0
0 306 2 0
1
end_operator
begin_operator
link-1-1 n-7-2 n-7-3 cell-6-2 cap-1 cap-0 cell-7-2 cap-2 cap-1
0
7
0 11 1 0
0 38 1 0
0 97 1 2
0 98 1 2
0 198 0 1
0 305 2 0
0 306 2 0
1
end_operator
begin_operator
link-1-1 n-7-2 n-7-3 cell-6-2 cap-1 cap-0 cell-7-2 cap-3 cap-2
0
7
0 11 2 1
0 38 1 0
0 97 1 2
0 98 1 2
0 198 0 1
0 305 2 0
0 306 2 0
1
end_operator
begin_operator
link-1-1 n-7-2 n-7-3 cell-6-2 cap-1 cap-0 cell-7-2 cap-4 cap-3
0
7
0 11 3 2
0 38 1 0
0 97 1 2
0 98 1 2
0 198 0 1
0 305 2 0
0 306 2 0
1
end_operator
begin_operator
link-1-1 n-7-2 n-7-3 cell-6-2 cap-2 cap-1 cell-7-2 cap-1 cap-0
0
7
0 11 0 4
0 38 2 1
0 97 1 2
0 98 1 2
0 198 0 1
0 305 2 0
0 306 2 0
1
end_operator
begin_operator
link-1-1 n-7-2 n-7-3 cell-6-2 cap-2 cap-1 cell-7-2 cap-2 cap-1
0
7
0 11 1 0
0 38 2 1
0 97 1 2
0 98 1 2
0 198 0 1
0 305 2 0
0 306 2 0
1
end_operator
begin_operator
link-1-1 n-7-2 n-7-3 cell-6-2 cap-2 cap-1 cell-7-2 cap-3 cap-2
0
7
0 11 2 1
0 38 2 1
0 97 1 2
0 98 1 2
0 198 0 1
0 305 2 0
0 306 2 0
1
end_operator
begin_operator
link-1-1 n-7-2 n-7-3 cell-6-2 cap-2 cap-1 cell-7-2 cap-4 cap-3
0
7
0 11 3 2
0 38 2 1
0 97 1 2
0 98 1 2
0 198 0 1
0 305 2 0
0 306 2 0
1
end_operator
begin_operator
link-1-1 n-7-2 n-8-2 cell-7-1 cap-1 cap-0 cell-7-2 cap-1 cap-0
0
7
0 10 0 4
0 11 0 4
0 97 1 2
0 103 1 2
0 199 0 1
0 305 2 0
0 310 2 0
1
end_operator
begin_operator
link-1-1 n-7-2 n-8-2 cell-7-1 cap-1 cap-0 cell-7-2 cap-2 cap-1
0
7
0 10 0 4
0 11 1 0
0 97 1 2
0 103 1 2
0 199 0 1
0 305 2 0
0 310 2 0
1
end_operator
begin_operator
link-1-1 n-7-2 n-8-2 cell-7-1 cap-1 cap-0 cell-7-2 cap-3 cap-2
0
7
0 10 0 4
0 11 2 1
0 97 1 2
0 103 1 2
0 199 0 1
0 305 2 0
0 310 2 0
1
end_operator
begin_operator
link-1-1 n-7-2 n-8-2 cell-7-1 cap-1 cap-0 cell-7-2 cap-4 cap-3
0
7
0 10 0 4
0 11 3 2
0 97 1 2
0 103 1 2
0 199 0 1
0 305 2 0
0 310 2 0
1
end_operator
begin_operator
link-1-1 n-7-2 n-8-2 cell-7-1 cap-2 cap-1 cell-7-2 cap-1 cap-0
0
7
0 10 1 0
0 11 0 4
0 97 1 2
0 103 1 2
0 199 0 1
0 305 2 0
0 310 2 0
1
end_operator
begin_operator
link-1-1 n-7-2 n-8-2 cell-7-1 cap-2 cap-1 cell-7-2 cap-2 cap-1
0
7
0 10 1 0
0 11 1 0
0 97 1 2
0 103 1 2
0 199 0 1
0 305 2 0
0 310 2 0
1
end_operator
begin_operator
link-1-1 n-7-2 n-8-2 cell-7-1 cap-2 cap-1 cell-7-2 cap-3 cap-2
0
7
0 10 1 0
0 11 2 1
0 97 1 2
0 103 1 2
0 199 0 1
0 305 2 0
0 310 2 0
1
end_operator
begin_operator
link-1-1 n-7-2 n-8-2 cell-7-1 cap-2 cap-1 cell-7-2 cap-4 cap-3
0
7
0 10 1 0
0 11 3 2
0 97 1 2
0 103 1 2
0 199 0 1
0 305 2 0
0 310 2 0
1
end_operator
begin_operator
link-1-1 n-7-2 n-8-2 cell-7-1 cap-3 cap-2 cell-7-2 cap-1 cap-0
0
7
0 10 2 1
0 11 0 4
0 97 1 2
0 103 1 2
0 199 0 1
0 305 2 0
0 310 2 0
1
end_operator
begin_operator
link-1-1 n-7-2 n-8-2 cell-7-1 cap-3 cap-2 cell-7-2 cap-2 cap-1
0
7
0 10 2 1
0 11 1 0
0 97 1 2
0 103 1 2
0 199 0 1
0 305 2 0
0 310 2 0
1
end_operator
begin_operator
link-1-1 n-7-2 n-8-2 cell-7-1 cap-3 cap-2 cell-7-2 cap-3 cap-2
0
7
0 10 2 1
0 11 2 1
0 97 1 2
0 103 1 2
0 199 0 1
0 305 2 0
0 310 2 0
1
end_operator
begin_operator
link-1-1 n-7-2 n-8-2 cell-7-1 cap-3 cap-2 cell-7-2 cap-4 cap-3
0
7
0 10 2 1
0 11 3 2
0 97 1 2
0 103 1 2
0 199 0 1
0 305 2 0
0 310 2 0
1
end_operator
begin_operator
link-1-1 n-7-2 n-8-2 cell-7-1 cap-4 cap-3 cell-7-2 cap-1 cap-0
0
7
0 10 3 2
0 11 0 4
0 97 1 2
0 103 1 2
0 199 0 1
0 305 2 0
0 310 2 0
1
end_operator
begin_operator
link-1-1 n-7-2 n-8-2 cell-7-1 cap-4 cap-3 cell-7-2 cap-2 cap-1
0
7
0 10 3 2
0 11 1 0
0 97 1 2
0 103 1 2
0 199 0 1
0 305 2 0
0 310 2 0
1
end_operator
begin_operator
link-1-1 n-7-2 n-8-2 cell-7-1 cap-4 cap-3 cell-7-2 cap-3 cap-2
0
7
0 10 3 2
0 11 2 1
0 97 1 2
0 103 1 2
0 199 0 1
0 305 2 0
0 310 2 0
1
end_operator
begin_operator
link-1-1 n-7-2 n-8-2 cell-7-1 cap-4 cap-3 cell-7-2 cap-4 cap-3
0
7
0 10 3 2
0 11 3 2
0 97 1 2
0 103 1 2
0 199 0 1
0 305 2 0
0 310 2 0
1
end_operator
begin_operator
link-1-1 n-7-3 n-7-4 cell-6-3 cap-1 cap-0 cell-7-3 cap-1 cap-0
0
7
0 8 0 4
0 12 0 4
0 98 1 2
0 99 1 2
0 200 0 1
0 306 2 0
0 307 2 0
1
end_operator
begin_operator
link-1-1 n-7-3 n-7-4 cell-6-3 cap-1 cap-0 cell-7-3 cap-2 cap-1
0
7
0 8 0 4
0 12 1 0
0 98 1 2
0 99 1 2
0 200 0 1
0 306 2 0
0 307 2 0
1
end_operator
begin_operator
link-1-1 n-7-3 n-7-4 cell-6-3 cap-1 cap-0 cell-7-3 cap-3 cap-2
0
7
0 8 0 4
0 12 2 1
0 98 1 2
0 99 1 2
0 200 0 1
0 306 2 0
0 307 2 0
1
end_operator
begin_operator
link-1-1 n-7-3 n-7-4 cell-6-3 cap-1 cap-0 cell-7-3 cap-4 cap-3
0
7
0 8 0 4
0 12 3 2
0 98 1 2
0 99 1 2
0 200 0 1
0 306 2 0
0 307 2 0
1
end_operator
begin_operator
link-1-1 n-7-3 n-7-4 cell-6-3 cap-2 cap-1 cell-7-3 cap-1 cap-0
0
7
0 8 1 0
0 12 0 4
0 98 1 2
0 99 1 2
0 200 0 1
0 306 2 0
0 307 2 0
1
end_operator
begin_operator
link-1-1 n-7-3 n-7-4 cell-6-3 cap-2 cap-1 cell-7-3 cap-2 cap-1
0
7
0 8 1 0
0 12 1 0
0 98 1 2
0 99 1 2
0 200 0 1
0 306 2 0
0 307 2 0
1
end_operator
begin_operator
link-1-1 n-7-3 n-7-4 cell-6-3 cap-2 cap-1 cell-7-3 cap-3 cap-2
0
7
0 8 1 0
0 12 2 1
0 98 1 2
0 99 1 2
0 200 0 1
0 306 2 0
0 307 2 0
1
end_operator
begin_operator
link-1-1 n-7-3 n-7-4 cell-6-3 cap-2 cap-1 cell-7-3 cap-4 cap-3
0
7
0 8 1 0
0 12 3 2
0 98 1 2
0 99 1 2
0 200 0 1
0 306 2 0
0 307 2 0
1
end_operator
begin_operator
link-1-1 n-7-3 n-7-4 cell-6-3 cap-3 cap-2 cell-7-3 cap-1 cap-0
0
7
0 8 2 1
0 12 0 4
0 98 1 2
0 99 1 2
0 200 0 1
0 306 2 0
0 307 2 0
1
end_operator
begin_operator
link-1-1 n-7-3 n-7-4 cell-6-3 cap-3 cap-2 cell-7-3 cap-2 cap-1
0
7
0 8 2 1
0 12 1 0
0 98 1 2
0 99 1 2
0 200 0 1
0 306 2 0
0 307 2 0
1
end_operator
begin_operator
link-1-1 n-7-3 n-7-4 cell-6-3 cap-3 cap-2 cell-7-3 cap-3 cap-2
0
7
0 8 2 1
0 12 2 1
0 98 1 2
0 99 1 2
0 200 0 1
0 306 2 0
0 307 2 0
1
end_operator
begin_operator
link-1-1 n-7-3 n-7-4 cell-6-3 cap-3 cap-2 cell-7-3 cap-4 cap-3
0
7
0 8 2 1
0 12 3 2
0 98 1 2
0 99 1 2
0 200 0 1
0 306 2 0
0 307 2 0
1
end_operator
begin_operator
link-1-1 n-7-3 n-7-4 cell-6-3 cap-4 cap-3 cell-7-3 cap-1 cap-0
0
7
0 8 3 2
0 12 0 4
0 98 1 2
0 99 1 2
0 200 0 1
0 306 2 0
0 307 2 0
1
end_operator
begin_operator
link-1-1 n-7-3 n-7-4 cell-6-3 cap-4 cap-3 cell-7-3 cap-2 cap-1
0
7
0 8 3 2
0 12 1 0
0 98 1 2
0 99 1 2
0 200 0 1
0 306 2 0
0 307 2 0
1
end_operator
begin_operator
link-1-1 n-7-3 n-7-4 cell-6-3 cap-4 cap-3 cell-7-3 cap-3 cap-2
0
7
0 8 3 2
0 12 2 1
0 98 1 2
0 99 1 2
0 200 0 1
0 306 2 0
0 307 2 0
1
end_operator
begin_operator
link-1-1 n-7-3 n-7-4 cell-6-3 cap-4 cap-3 cell-7-3 cap-4 cap-3
0
7
0 8 3 2
0 12 3 2
0 98 1 2
0 99 1 2
0 200 0 1
0 306 2 0
0 307 2 0
1
end_operator
begin_operator
link-1-1 n-7-3 n-8-3 cell-7-2 cap-1 cap-0 cell-7-3 cap-1 cap-0
0
7
0 11 0 4
0 12 0 4
0 98 1 2
0 104 1 2
0 201 0 1
0 306 2 0
0 311 2 0
1
end_operator
begin_operator
link-1-1 n-7-3 n-8-3 cell-7-2 cap-1 cap-0 cell-7-3 cap-2 cap-1
0
7
0 11 0 4
0 12 1 0
0 98 1 2
0 104 1 2
0 201 0 1
0 306 2 0
0 311 2 0
1
end_operator
begin_operator
link-1-1 n-7-3 n-8-3 cell-7-2 cap-1 cap-0 cell-7-3 cap-3 cap-2
0
7
0 11 0 4
0 12 2 1
0 98 1 2
0 104 1 2
0 201 0 1
0 306 2 0
0 311 2 0
1
end_operator
begin_operator
link-1-1 n-7-3 n-8-3 cell-7-2 cap-1 cap-0 cell-7-3 cap-4 cap-3
0
7
0 11 0 4
0 12 3 2
0 98 1 2
0 104 1 2
0 201 0 1
0 306 2 0
0 311 2 0
1
end_operator
begin_operator
link-1-1 n-7-3 n-8-3 cell-7-2 cap-2 cap-1 cell-7-3 cap-1 cap-0
0
7
0 11 1 0
0 12 0 4
0 98 1 2
0 104 1 2
0 201 0 1
0 306 2 0
0 311 2 0
1
end_operator
begin_operator
link-1-1 n-7-3 n-8-3 cell-7-2 cap-2 cap-1 cell-7-3 cap-2 cap-1
0
7
0 11 1 0
0 12 1 0
0 98 1 2
0 104 1 2
0 201 0 1
0 306 2 0
0 311 2 0
1
end_operator
begin_operator
link-1-1 n-7-3 n-8-3 cell-7-2 cap-2 cap-1 cell-7-3 cap-3 cap-2
0
7
0 11 1 0
0 12 2 1
0 98 1 2
0 104 1 2
0 201 0 1
0 306 2 0
0 311 2 0
1
end_operator
begin_operator
link-1-1 n-7-3 n-8-3 cell-7-2 cap-2 cap-1 cell-7-3 cap-4 cap-3
0
7
0 11 1 0
0 12 3 2
0 98 1 2
0 104 1 2
0 201 0 1
0 306 2 0
0 311 2 0
1
end_operator
begin_operator
link-1-1 n-7-3 n-8-3 cell-7-2 cap-3 cap-2 cell-7-3 cap-1 cap-0
0
7
0 11 2 1
0 12 0 4
0 98 1 2
0 104 1 2
0 201 0 1
0 306 2 0
0 311 2 0
1
end_operator
begin_operator
link-1-1 n-7-3 n-8-3 cell-7-2 cap-3 cap-2 cell-7-3 cap-2 cap-1
0
7
0 11 2 1
0 12 1 0
0 98 1 2
0 104 1 2
0 201 0 1
0 306 2 0
0 311 2 0
1
end_operator
begin_operator
link-1-1 n-7-3 n-8-3 cell-7-2 cap-3 cap-2 cell-7-3 cap-3 cap-2
0
7
0 11 2 1
0 12 2 1
0 98 1 2
0 104 1 2
0 201 0 1
0 306 2 0
0 311 2 0
1
end_operator
begin_operator
link-1-1 n-7-3 n-8-3 cell-7-2 cap-3 cap-2 cell-7-3 cap-4 cap-3
0
7
0 11 2 1
0 12 3 2
0 98 1 2
0 104 1 2
0 201 0 1
0 306 2 0
0 311 2 0
1
end_operator
begin_operator
link-1-1 n-7-3 n-8-3 cell-7-2 cap-4 cap-3 cell-7-3 cap-1 cap-0
0
7
0 11 3 2
0 12 0 4
0 98 1 2
0 104 1 2
0 201 0 1
0 306 2 0
0 311 2 0
1
end_operator
begin_operator
link-1-1 n-7-3 n-8-3 cell-7-2 cap-4 cap-3 cell-7-3 cap-2 cap-1
0
7
0 11 3 2
0 12 1 0
0 98 1 2
0 104 1 2
0 201 0 1
0 306 2 0
0 311 2 0
1
end_operator
begin_operator
link-1-1 n-7-3 n-8-3 cell-7-2 cap-4 cap-3 cell-7-3 cap-3 cap-2
0
7
0 11 3 2
0 12 2 1
0 98 1 2
0 104 1 2
0 201 0 1
0 306 2 0
0 311 2 0
1
end_operator
begin_operator
link-1-1 n-7-3 n-8-3 cell-7-2 cap-4 cap-3 cell-7-3 cap-4 cap-3
0
7
0 11 3 2
0 12 3 2
0 98 1 2
0 104 1 2
0 201 0 1
0 306 2 0
0 311 2 0
1
end_operator
begin_operator
link-1-1 n-7-4 n-8-4 cell-7-3 cap-1 cap-0 cell-outside-7-right cap-1 cap-0
0
7
0 12 0 4
0 99 1 2
0 105 1 2
0 202 0 1
0 248 0 1
0 307 2 0
0 312 2 0
1
end_operator
begin_operator
link-1-1 n-7-4 n-8-4 cell-7-3 cap-2 cap-1 cell-outside-7-right cap-1 cap-0
0
7
0 12 1 0
0 99 1 2
0 105 1 2
0 202 0 1
0 248 0 1
0 307 2 0
0 312 2 0
1
end_operator
begin_operator
link-1-1 n-7-4 n-8-4 cell-7-3 cap-3 cap-2 cell-outside-7-right cap-1 cap-0
0
7
0 12 2 1
0 99 1 2
0 105 1 2
0 202 0 1
0 248 0 1
0 307 2 0
0 312 2 0
1
end_operator
begin_operator
link-1-1 n-7-4 n-8-4 cell-7-3 cap-4 cap-3 cell-outside-7-right cap-1 cap-0
0
7
0 12 3 2
0 99 1 2
0 105 1 2
0 202 0 1
0 248 0 1
0 307 2 0
0 312 2 0
1
end_operator
begin_operator
link-1-1 n-8-0 n-8-1 cell-7-0 cap-1 cap-0 cell-8-0 cap-1 cap-0
0
7
0 9 1 0
0 13 1 0
0 100 1 2
0 102 1 2
0 203 0 1
0 308 2 0
0 309 2 0
1
end_operator
begin_operator
link-1-1 n-8-0 n-8-1 cell-7-0 cap-1 cap-0 cell-8-0 cap-2 cap-1
0
7
0 9 1 0
0 13 2 1
0 100 1 2
0 102 1 2
0 203 0 1
0 308 2 0
0 309 2 0
1
end_operator
begin_operator
link-1-1 n-8-0 n-8-1 cell-7-0 cap-1 cap-0 cell-8-0 cap-3 cap-2
0
7
0 9 1 0
0 13 3 2
0 100 1 2
0 102 1 2
0 203 0 1
0 308 2 0
0 309 2 0
1
end_operator
begin_operator
link-1-1 n-8-0 n-8-1 cell-7-0 cap-2 cap-1 cell-8-0 cap-1 cap-0
0
7
0 9 2 1
0 13 1 0
0 100 1 2
0 102 1 2
0 203 0 1
0 308 2 0
0 309 2 0
1
end_operator
begin_operator
link-1-1 n-8-0 n-8-1 cell-7-0 cap-2 cap-1 cell-8-0 cap-2 cap-1
0
7
0 9 2 1
0 13 2 1
0 100 1 2
0 102 1 2
0 203 0 1
0 308 2 0
0 309 2 0
1
end_operator
begin_operator
link-1-1 n-8-0 n-8-1 cell-7-0 cap-2 cap-1 cell-8-0 cap-3 cap-2
0
7
0 9 2 1
0 13 3 2
0 100 1 2
0 102 1 2
0 203 0 1
0 308 2 0
0 309 2 0
1
end_operator
begin_operator
link-1-1 n-8-0 n-8-1 cell-7-0 cap-3 cap-2 cell-8-0 cap-1 cap-0
0
7
0 9 3 2
0 13 1 0
0 100 1 2
0 102 1 2
0 203 0 1
0 308 2 0
0 309 2 0
1
end_operator
begin_operator
link-1-1 n-8-0 n-8-1 cell-7-0 cap-3 cap-2 cell-8-0 cap-2 cap-1
0
7
0 9 3 2
0 13 2 1
0 100 1 2
0 102 1 2
0 203 0 1
0 308 2 0
0 309 2 0
1
end_operator
begin_operator
link-1-1 n-8-0 n-8-1 cell-7-0 cap-3 cap-2 cell-8-0 cap-3 cap-2
0
7
0 9 3 2
0 13 3 2
0 100 1 2
0 102 1 2
0 203 0 1
0 308 2 0
0 309 2 0
1
end_operator
begin_operator
link-1-1 n-8-0 n-9-0 cell-outside-8-left cap-1 cap-0 cell-8-0 cap-1 cap-0
0
7
0 13 1 0
0 100 1 2
0 106 1 2
0 204 0 1
0 249 0 1
0 308 2 0
0 313 2 0
1
end_operator
begin_operator
link-1-1 n-8-0 n-9-0 cell-outside-8-left cap-1 cap-0 cell-8-0 cap-2 cap-1
0
7
0 13 2 1
0 100 1 2
0 106 1 2
0 204 0 1
0 249 0 1
0 308 2 0
0 313 2 0
1
end_operator
begin_operator
link-1-1 n-8-0 n-9-0 cell-outside-8-left cap-1 cap-0 cell-8-0 cap-3 cap-2
0
7
0 13 3 2
0 100 1 2
0 106 1 2
0 204 0 1
0 249 0 1
0 308 2 0
0 313 2 0
1
end_operator
begin_operator
link-1-1 n-8-1 n-8-2 cell-7-1 cap-1 cap-0 cell-8-1 cap-1 cap-0
0
7
0 10 0 4
0 14 0 4
0 102 1 2
0 103 1 2
0 205 0 1
0 309 2 0
0 310 2 0
1
end_operator
begin_operator
link-1-1 n-8-1 n-8-2 cell-7-1 cap-1 cap-0 cell-8-1 cap-2 cap-1
0
7
0 10 0 4
0 14 1 0
0 102 1 2
0 103 1 2
0 205 0 1
0 309 2 0
0 310 2 0
1
end_operator
begin_operator
link-1-1 n-8-1 n-8-2 cell-7-1 cap-1 cap-0 cell-8-1 cap-3 cap-2
0
7
0 10 0 4
0 14 2 1
0 102 1 2
0 103 1 2
0 205 0 1
0 309 2 0
0 310 2 0
1
end_operator
begin_operator
link-1-1 n-8-1 n-8-2 cell-7-1 cap-1 cap-0 cell-8-1 cap-4 cap-3
0
7
0 10 0 4
0 14 3 2
0 102 1 2
0 103 1 2
0 205 0 1
0 309 2 0
0 310 2 0
1
end_operator
begin_operator
link-1-1 n-8-1 n-8-2 cell-7-1 cap-2 cap-1 cell-8-1 cap-1 cap-0
0
7
0 10 1 0
0 14 0 4
0 102 1 2
0 103 1 2
0 205 0 1
0 309 2 0
0 310 2 0
1
end_operator
begin_operator
link-1-1 n-8-1 n-8-2 cell-7-1 cap-2 cap-1 cell-8-1 cap-2 cap-1
0
7
0 10 1 0
0 14 1 0
0 102 1 2
0 103 1 2
0 205 0 1
0 309 2 0
0 310 2 0
1
end_operator
begin_operator
link-1-1 n-8-1 n-8-2 cell-7-1 cap-2 cap-1 cell-8-1 cap-3 cap-2
0
7
0 10 1 0
0 14 2 1
0 102 1 2
0 103 1 2
0 205 0 1
0 309 2 0
0 310 2 0
1
end_operator
begin_operator
link-1-1 n-8-1 n-8-2 cell-7-1 cap-2 cap-1 cell-8-1 cap-4 cap-3
0
7
0 10 1 0
0 14 3 2
0 102 1 2
0 103 1 2
0 205 0 1
0 309 2 0
0 310 2 0
1
end_operator
begin_operator
link-1-1 n-8-1 n-8-2 cell-7-1 cap-3 cap-2 cell-8-1 cap-1 cap-0
0
7
0 10 2 1
0 14 0 4
0 102 1 2
0 103 1 2
0 205 0 1
0 309 2 0
0 310 2 0
1
end_operator
begin_operator
link-1-1 n-8-1 n-8-2 cell-7-1 cap-3 cap-2 cell-8-1 cap-2 cap-1
0
7
0 10 2 1
0 14 1 0
0 102 1 2
0 103 1 2
0 205 0 1
0 309 2 0
0 310 2 0
1
end_operator
begin_operator
link-1-1 n-8-1 n-8-2 cell-7-1 cap-3 cap-2 cell-8-1 cap-3 cap-2
0
7
0 10 2 1
0 14 2 1
0 102 1 2
0 103 1 2
0 205 0 1
0 309 2 0
0 310 2 0
1
end_operator
begin_operator
link-1-1 n-8-1 n-8-2 cell-7-1 cap-3 cap-2 cell-8-1 cap-4 cap-3
0
7
0 10 2 1
0 14 3 2
0 102 1 2
0 103 1 2
0 205 0 1
0 309 2 0
0 310 2 0
1
end_operator
begin_operator
link-1-1 n-8-1 n-8-2 cell-7-1 cap-4 cap-3 cell-8-1 cap-1 cap-0
0
7
0 10 3 2
0 14 0 4
0 102 1 2
0 103 1 2
0 205 0 1
0 309 2 0
0 310 2 0
1
end_operator
begin_operator
link-1-1 n-8-1 n-8-2 cell-7-1 cap-4 cap-3 cell-8-1 cap-2 cap-1
0
7
0 10 3 2
0 14 1 0
0 102 1 2
0 103 1 2
0 205 0 1
0 309 2 0
0 310 2 0
1
end_operator
begin_operator
link-1-1 n-8-1 n-8-2 cell-7-1 cap-4 cap-3 cell-8-1 cap-3 cap-2
0
7
0 10 3 2
0 14 2 1
0 102 1 2
0 103 1 2
0 205 0 1
0 309 2 0
0 310 2 0
1
end_operator
begin_operator
link-1-1 n-8-1 n-8-2 cell-7-1 cap-4 cap-3 cell-8-1 cap-4 cap-3
0
7
0 10 3 2
0 14 3 2
0 102 1 2
0 103 1 2
0 205 0 1
0 309 2 0
0 310 2 0
1
end_operator
begin_operator
link-1-1 n-8-1 n-9-1 cell-8-0 cap-1 cap-0 cell-8-1 cap-1 cap-0
0
7
0 13 1 0
0 14 0 4
0 102 1 2
0 107 1 2
0 207 0 1
0 309 2 0
0 314 2 0
1
end_operator
begin_operator
link-1-1 n-8-1 n-9-1 cell-8-0 cap-1 cap-0 cell-8-1 cap-2 cap-1
0
7
0 13 1 0
0 14 1 0
0 102 1 2
0 107 1 2
0 207 0 1
0 309 2 0
0 314 2 0
1
end_operator
begin_operator
link-1-1 n-8-1 n-9-1 cell-8-0 cap-1 cap-0 cell-8-1 cap-3 cap-2
0
7
0 13 1 0
0 14 2 1
0 102 1 2
0 107 1 2
0 207 0 1
0 309 2 0
0 314 2 0
1
end_operator
begin_operator
link-1-1 n-8-1 n-9-1 cell-8-0 cap-1 cap-0 cell-8-1 cap-4 cap-3
0
7
0 13 1 0
0 14 3 2
0 102 1 2
0 107 1 2
0 207 0 1
0 309 2 0
0 314 2 0
1
end_operator
begin_operator
link-1-1 n-8-1 n-9-1 cell-8-0 cap-2 cap-1 cell-8-1 cap-1 cap-0
0
7
0 13 2 1
0 14 0 4
0 102 1 2
0 107 1 2
0 207 0 1
0 309 2 0
0 314 2 0
1
end_operator
begin_operator
link-1-1 n-8-1 n-9-1 cell-8-0 cap-2 cap-1 cell-8-1 cap-2 cap-1
0
7
0 13 2 1
0 14 1 0
0 102 1 2
0 107 1 2
0 207 0 1
0 309 2 0
0 314 2 0
1
end_operator
begin_operator
link-1-1 n-8-1 n-9-1 cell-8-0 cap-2 cap-1 cell-8-1 cap-3 cap-2
0
7
0 13 2 1
0 14 2 1
0 102 1 2
0 107 1 2
0 207 0 1
0 309 2 0
0 314 2 0
1
end_operator
begin_operator
link-1-1 n-8-1 n-9-1 cell-8-0 cap-2 cap-1 cell-8-1 cap-4 cap-3
0
7
0 13 2 1
0 14 3 2
0 102 1 2
0 107 1 2
0 207 0 1
0 309 2 0
0 314 2 0
1
end_operator
begin_operator
link-1-1 n-8-1 n-9-1 cell-8-0 cap-3 cap-2 cell-8-1 cap-1 cap-0
0
7
0 13 3 2
0 14 0 4
0 102 1 2
0 107 1 2
0 207 0 1
0 309 2 0
0 314 2 0
1
end_operator
begin_operator
link-1-1 n-8-1 n-9-1 cell-8-0 cap-3 cap-2 cell-8-1 cap-2 cap-1
0
7
0 13 3 2
0 14 1 0
0 102 1 2
0 107 1 2
0 207 0 1
0 309 2 0
0 314 2 0
1
end_operator
begin_operator
link-1-1 n-8-1 n-9-1 cell-8-0 cap-3 cap-2 cell-8-1 cap-3 cap-2
0
7
0 13 3 2
0 14 2 1
0 102 1 2
0 107 1 2
0 207 0 1
0 309 2 0
0 314 2 0
1
end_operator
begin_operator
link-1-1 n-8-1 n-9-1 cell-8-0 cap-3 cap-2 cell-8-1 cap-4 cap-3
0
7
0 13 3 2
0 14 3 2
0 102 1 2
0 107 1 2
0 207 0 1
0 309 2 0
0 314 2 0
1
end_operator
begin_operator
link-1-1 n-8-2 n-8-3 cell-7-2 cap-1 cap-0 cell-8-2 cap-1 cap-0
0
7
0 11 0 4
0 15 1 0
0 103 1 2
0 104 1 2
0 209 0 1
0 310 2 0
0 311 2 0
1
end_operator
begin_operator
link-1-1 n-8-2 n-8-3 cell-7-2 cap-1 cap-0 cell-8-2 cap-2 cap-1
0
7
0 11 0 4
0 15 2 1
0 103 1 2
0 104 1 2
0 209 0 1
0 310 2 0
0 311 2 0
1
end_operator
begin_operator
link-1-1 n-8-2 n-8-3 cell-7-2 cap-1 cap-0 cell-8-2 cap-3 cap-2
0
7
0 11 0 4
0 15 3 2
0 103 1 2
0 104 1 2
0 209 0 1
0 310 2 0
0 311 2 0
1
end_operator
begin_operator
link-1-1 n-8-2 n-8-3 cell-7-2 cap-2 cap-1 cell-8-2 cap-1 cap-0
0
7
0 11 1 0
0 15 1 0
0 103 1 2
0 104 1 2
0 209 0 1
0 310 2 0
0 311 2 0
1
end_operator
begin_operator
link-1-1 n-8-2 n-8-3 cell-7-2 cap-2 cap-1 cell-8-2 cap-2 cap-1
0
7
0 11 1 0
0 15 2 1
0 103 1 2
0 104 1 2
0 209 0 1
0 310 2 0
0 311 2 0
1
end_operator
begin_operator
link-1-1 n-8-2 n-8-3 cell-7-2 cap-2 cap-1 cell-8-2 cap-3 cap-2
0
7
0 11 1 0
0 15 3 2
0 103 1 2
0 104 1 2
0 209 0 1
0 310 2 0
0 311 2 0
1
end_operator
begin_operator
link-1-1 n-8-2 n-8-3 cell-7-2 cap-3 cap-2 cell-8-2 cap-1 cap-0
0
7
0 11 2 1
0 15 1 0
0 103 1 2
0 104 1 2
0 209 0 1
0 310 2 0
0 311 2 0
1
end_operator
begin_operator
link-1-1 n-8-2 n-8-3 cell-7-2 cap-3 cap-2 cell-8-2 cap-2 cap-1
0
7
0 11 2 1
0 15 2 1
0 103 1 2
0 104 1 2
0 209 0 1
0 310 2 0
0 311 2 0
1
end_operator
begin_operator
link-1-1 n-8-2 n-8-3 cell-7-2 cap-3 cap-2 cell-8-2 cap-3 cap-2
0
7
0 11 2 1
0 15 3 2
0 103 1 2
0 104 1 2
0 209 0 1
0 310 2 0
0 311 2 0
1
end_operator
begin_operator
link-1-1 n-8-2 n-8-3 cell-7-2 cap-4 cap-3 cell-8-2 cap-1 cap-0
0
7
0 11 3 2
0 15 1 0
0 103 1 2
0 104 1 2
0 209 0 1
0 310 2 0
0 311 2 0
1
end_operator
begin_operator
link-1-1 n-8-2 n-8-3 cell-7-2 cap-4 cap-3 cell-8-2 cap-2 cap-1
0
7
0 11 3 2
0 15 2 1
0 103 1 2
0 104 1 2
0 209 0 1
0 310 2 0
0 311 2 0
1
end_operator
begin_operator
link-1-1 n-8-2 n-8-3 cell-7-2 cap-4 cap-3 cell-8-2 cap-3 cap-2
0
7
0 11 3 2
0 15 3 2
0 103 1 2
0 104 1 2
0 209 0 1
0 310 2 0
0 311 2 0
1
end_operator
begin_operator
link-1-1 n-8-2 n-9-2 cell-8-1 cap-1 cap-0 cell-8-2 cap-1 cap-0
0
7
0 14 0 4
0 15 1 0
0 103 1 2
0 108 1 2
0 211 0 1
0 310 2 0
0 315 2 0
1
end_operator
begin_operator
link-1-1 n-8-2 n-9-2 cell-8-1 cap-1 cap-0 cell-8-2 cap-2 cap-1
0
7
0 14 0 4
0 15 2 1
0 103 1 2
0 108 1 2
0 211 0 1
0 310 2 0
0 315 2 0
1
end_operator
begin_operator
link-1-1 n-8-2 n-9-2 cell-8-1 cap-1 cap-0 cell-8-2 cap-3 cap-2
0
7
0 14 0 4
0 15 3 2
0 103 1 2
0 108 1 2
0 211 0 1
0 310 2 0
0 315 2 0
1
end_operator
begin_operator
link-1-1 n-8-2 n-9-2 cell-8-1 cap-2 cap-1 cell-8-2 cap-1 cap-0
0
7
0 14 1 0
0 15 1 0
0 103 1 2
0 108 1 2
0 211 0 1
0 310 2 0
0 315 2 0
1
end_operator
begin_operator
link-1-1 n-8-2 n-9-2 cell-8-1 cap-2 cap-1 cell-8-2 cap-2 cap-1
0
7
0 14 1 0
0 15 2 1
0 103 1 2
0 108 1 2
0 211 0 1
0 310 2 0
0 315 2 0
1
end_operator
begin_operator
link-1-1 n-8-2 n-9-2 cell-8-1 cap-2 cap-1 cell-8-2 cap-3 cap-2
0
7
0 14 1 0
0 15 3 2
0 103 1 2
0 108 1 2
0 211 0 1
0 310 2 0
0 315 2 0
1
end_operator
begin_operator
link-1-1 n-8-2 n-9-2 cell-8-1 cap-3 cap-2 cell-8-2 cap-1 cap-0
0
7
0 14 2 1
0 15 1 0
0 103 1 2
0 108 1 2
0 211 0 1
0 310 2 0
0 315 2 0
1
end_operator
begin_operator
link-1-1 n-8-2 n-9-2 cell-8-1 cap-3 cap-2 cell-8-2 cap-2 cap-1
0
7
0 14 2 1
0 15 2 1
0 103 1 2
0 108 1 2
0 211 0 1
0 310 2 0
0 315 2 0
1
end_operator
begin_operator
link-1-1 n-8-2 n-9-2 cell-8-1 cap-3 cap-2 cell-8-2 cap-3 cap-2
0
7
0 14 2 1
0 15 3 2
0 103 1 2
0 108 1 2
0 211 0 1
0 310 2 0
0 315 2 0
1
end_operator
begin_operator
link-1-1 n-8-2 n-9-2 cell-8-1 cap-4 cap-3 cell-8-2 cap-1 cap-0
0
7
0 14 3 2
0 15 1 0
0 103 1 2
0 108 1 2
0 211 0 1
0 310 2 0
0 315 2 0
1
end_operator
begin_operator
link-1-1 n-8-2 n-9-2 cell-8-1 cap-4 cap-3 cell-8-2 cap-2 cap-1
0
7
0 14 3 2
0 15 2 1
0 103 1 2
0 108 1 2
0 211 0 1
0 310 2 0
0 315 2 0
1
end_operator
begin_operator
link-1-1 n-8-2 n-9-2 cell-8-1 cap-4 cap-3 cell-8-2 cap-3 cap-2
0
7
0 14 3 2
0 15 3 2
0 103 1 2
0 108 1 2
0 211 0 1
0 310 2 0
0 315 2 0
1
end_operator
begin_operator
link-1-1 n-8-3 n-8-4 cell-7-3 cap-1 cap-0 cell-8-3 cap-1 cap-0
0
7
0 12 0 4
0 16 0 4
0 104 1 2
0 105 1 2
0 213 0 1
0 311 2 0
0 312 2 0
1
end_operator
begin_operator
link-1-1 n-8-3 n-8-4 cell-7-3 cap-1 cap-0 cell-8-3 cap-2 cap-1
0
7
0 12 0 4
0 16 1 0
0 104 1 2
0 105 1 2
0 213 0 1
0 311 2 0
0 312 2 0
1
end_operator
begin_operator
link-1-1 n-8-3 n-8-4 cell-7-3 cap-1 cap-0 cell-8-3 cap-3 cap-2
0
7
0 12 0 4
0 16 2 1
0 104 1 2
0 105 1 2
0 213 0 1
0 311 2 0
0 312 2 0
1
end_operator
begin_operator
link-1-1 n-8-3 n-8-4 cell-7-3 cap-1 cap-0 cell-8-3 cap-4 cap-3
0
7
0 12 0 4
0 16 3 2
0 104 1 2
0 105 1 2
0 213 0 1
0 311 2 0
0 312 2 0
1
end_operator
begin_operator
link-1-1 n-8-3 n-8-4 cell-7-3 cap-2 cap-1 cell-8-3 cap-1 cap-0
0
7
0 12 1 0
0 16 0 4
0 104 1 2
0 105 1 2
0 213 0 1
0 311 2 0
0 312 2 0
1
end_operator
begin_operator
link-1-1 n-8-3 n-8-4 cell-7-3 cap-2 cap-1 cell-8-3 cap-2 cap-1
0
7
0 12 1 0
0 16 1 0
0 104 1 2
0 105 1 2
0 213 0 1
0 311 2 0
0 312 2 0
1
end_operator
begin_operator
link-1-1 n-8-3 n-8-4 cell-7-3 cap-2 cap-1 cell-8-3 cap-3 cap-2
0
7
0 12 1 0
0 16 2 1
0 104 1 2
0 105 1 2
0 213 0 1
0 311 2 0
0 312 2 0
1
end_operator
begin_operator
link-1-1 n-8-3 n-8-4 cell-7-3 cap-2 cap-1 cell-8-3 cap-4 cap-3
0
7
0 12 1 0
0 16 3 2
0 104 1 2
0 105 1 2
0 213 0 1
0 311 2 0
0 312 2 0
1
end_operator
begin_operator
link-1-1 n-8-3 n-8-4 cell-7-3 cap-3 cap-2 cell-8-3 cap-1 cap-0
0
7
0 12 2 1
0 16 0 4
0 104 1 2
0 105 1 2
0 213 0 1
0 311 2 0
0 312 2 0
1
end_operator
begin_operator
link-1-1 n-8-3 n-8-4 cell-7-3 cap-3 cap-2 cell-8-3 cap-2 cap-1
0
7
0 12 2 1
0 16 1 0
0 104 1 2
0 105 1 2
0 213 0 1
0 311 2 0
0 312 2 0
1
end_operator
begin_operator
link-1-1 n-8-3 n-8-4 cell-7-3 cap-3 cap-2 cell-8-3 cap-3 cap-2
0
7
0 12 2 1
0 16 2 1
0 104 1 2
0 105 1 2
0 213 0 1
0 311 2 0
0 312 2 0
1
end_operator
begin_operator
link-1-1 n-8-3 n-8-4 cell-7-3 cap-3 cap-2 cell-8-3 cap-4 cap-3
0
7
0 12 2 1
0 16 3 2
0 104 1 2
0 105 1 2
0 213 0 1
0 311 2 0
0 312 2 0
1
end_operator
begin_operator
link-1-1 n-8-3 n-8-4 cell-7-3 cap-4 cap-3 cell-8-3 cap-1 cap-0
0
7
0 12 3 2
0 16 0 4
0 104 1 2
0 105 1 2
0 213 0 1
0 311 2 0
0 312 2 0
1
end_operator
begin_operator
link-1-1 n-8-3 n-8-4 cell-7-3 cap-4 cap-3 cell-8-3 cap-2 cap-1
0
7
0 12 3 2
0 16 1 0
0 104 1 2
0 105 1 2
0 213 0 1
0 311 2 0
0 312 2 0
1
end_operator
begin_operator
link-1-1 n-8-3 n-8-4 cell-7-3 cap-4 cap-3 cell-8-3 cap-3 cap-2
0
7
0 12 3 2
0 16 2 1
0 104 1 2
0 105 1 2
0 213 0 1
0 311 2 0
0 312 2 0
1
end_operator
begin_operator
link-1-1 n-8-3 n-8-4 cell-7-3 cap-4 cap-3 cell-8-3 cap-4 cap-3
0
7
0 12 3 2
0 16 3 2
0 104 1 2
0 105 1 2
0 213 0 1
0 311 2 0
0 312 2 0
1
end_operator
begin_operator
link-1-1 n-8-3 n-9-3 cell-8-2 cap-1 cap-0 cell-8-3 cap-1 cap-0
0
7
0 15 1 0
0 16 0 4
0 104 1 2
0 109 1 2
0 215 0 1
0 311 2 0
0 316 2 0
1
end_operator
begin_operator
link-1-1 n-8-3 n-9-3 cell-8-2 cap-1 cap-0 cell-8-3 cap-2 cap-1
0
7
0 15 1 0
0 16 1 0
0 104 1 2
0 109 1 2
0 215 0 1
0 311 2 0
0 316 2 0
1
end_operator
begin_operator
link-1-1 n-8-3 n-9-3 cell-8-2 cap-1 cap-0 cell-8-3 cap-3 cap-2
0
7
0 15 1 0
0 16 2 1
0 104 1 2
0 109 1 2
0 215 0 1
0 311 2 0
0 316 2 0
1
end_operator
begin_operator
link-1-1 n-8-3 n-9-3 cell-8-2 cap-1 cap-0 cell-8-3 cap-4 cap-3
0
7
0 15 1 0
0 16 3 2
0 104 1 2
0 109 1 2
0 215 0 1
0 311 2 0
0 316 2 0
1
end_operator
begin_operator
link-1-1 n-8-3 n-9-3 cell-8-2 cap-2 cap-1 cell-8-3 cap-1 cap-0
0
7
0 15 2 1
0 16 0 4
0 104 1 2
0 109 1 2
0 215 0 1
0 311 2 0
0 316 2 0
1
end_operator
begin_operator
link-1-1 n-8-3 n-9-3 cell-8-2 cap-2 cap-1 cell-8-3 cap-2 cap-1
0
7
0 15 2 1
0 16 1 0
0 104 1 2
0 109 1 2
0 215 0 1
0 311 2 0
0 316 2 0
1
end_operator
begin_operator
link-1-1 n-8-3 n-9-3 cell-8-2 cap-2 cap-1 cell-8-3 cap-3 cap-2
0
7
0 15 2 1
0 16 2 1
0 104 1 2
0 109 1 2
0 215 0 1
0 311 2 0
0 316 2 0
1
end_operator
begin_operator
link-1-1 n-8-3 n-9-3 cell-8-2 cap-2 cap-1 cell-8-3 cap-4 cap-3
0
7
0 15 2 1
0 16 3 2
0 104 1 2
0 109 1 2
0 215 0 1
0 311 2 0
0 316 2 0
1
end_operator
begin_operator
link-1-1 n-8-3 n-9-3 cell-8-2 cap-3 cap-2 cell-8-3 cap-1 cap-0
0
7
0 15 3 2
0 16 0 4
0 104 1 2
0 109 1 2
0 215 0 1
0 311 2 0
0 316 2 0
1
end_operator
begin_operator
link-1-1 n-8-3 n-9-3 cell-8-2 cap-3 cap-2 cell-8-3 cap-2 cap-1
0
7
0 15 3 2
0 16 1 0
0 104 1 2
0 109 1 2
0 215 0 1
0 311 2 0
0 316 2 0
1
end_operator
begin_operator
link-1-1 n-8-3 n-9-3 cell-8-2 cap-3 cap-2 cell-8-3 cap-3 cap-2
0
7
0 15 3 2
0 16 2 1
0 104 1 2
0 109 1 2
0 215 0 1
0 311 2 0
0 316 2 0
1
end_operator
begin_operator
link-1-1 n-8-3 n-9-3 cell-8-2 cap-3 cap-2 cell-8-3 cap-4 cap-3
0
7
0 15 3 2
0 16 3 2
0 104 1 2
0 109 1 2
0 215 0 1
0 311 2 0
0 316 2 0
1
end_operator
begin_operator
link-1-1 n-8-4 n-9-4 cell-8-3 cap-1 cap-0 cell-outside-8-right cap-1 cap-0
0
7
0 16 0 4
0 105 1 2
0 110 1 2
0 217 0 1
0 250 0 1
0 312 2 0
0 317 2 0
1
end_operator
begin_operator
link-1-1 n-8-4 n-9-4 cell-8-3 cap-2 cap-1 cell-outside-8-right cap-1 cap-0
0
7
0 16 1 0
0 105 1 2
0 110 1 2
0 217 0 1
0 250 0 1
0 312 2 0
0 317 2 0
1
end_operator
begin_operator
link-1-1 n-8-4 n-9-4 cell-8-3 cap-3 cap-2 cell-outside-8-right cap-1 cap-0
0
7
0 16 2 1
0 105 1 2
0 110 1 2
0 217 0 1
0 250 0 1
0 312 2 0
0 317 2 0
1
end_operator
begin_operator
link-1-1 n-8-4 n-9-4 cell-8-3 cap-4 cap-3 cell-outside-8-right cap-1 cap-0
0
7
0 16 3 2
0 105 1 2
0 110 1 2
0 217 0 1
0 250 0 1
0 312 2 0
0 317 2 0
1
end_operator
begin_operator
link-1-1 n-9-0 n-10-0 cell-outside-9-left cap-1 cap-0 cell-9-0 cap-1 cap-0
0
7
0 17 0 4
0 55 1 2
0 106 1 2
0 219 0 1
0 251 0 1
0 263 2 0
0 313 2 0
1
end_operator
begin_operator
link-1-1 n-9-0 n-10-0 cell-outside-9-left cap-1 cap-0 cell-9-0 cap-2 cap-1
0
7
0 17 1 0
0 55 1 2
0 106 1 2
0 219 0 1
0 251 0 1
0 263 2 0
0 313 2 0
1
end_operator
begin_operator
link-1-1 n-9-0 n-10-0 cell-outside-9-left cap-1 cap-0 cell-9-0 cap-3 cap-2
0
7
0 17 2 1
0 55 1 2
0 106 1 2
0 219 0 1
0 251 0 1
0 263 2 0
0 313 2 0
1
end_operator
begin_operator
link-1-1 n-9-0 n-10-0 cell-outside-9-left cap-1 cap-0 cell-9-0 cap-4 cap-3
0
7
0 17 3 2
0 55 1 2
0 106 1 2
0 219 0 1
0 251 0 1
0 263 2 0
0 313 2 0
1
end_operator
begin_operator
link-1-1 n-9-0 n-9-1 cell-8-0 cap-1 cap-0 cell-9-0 cap-1 cap-0
0
7
0 13 1 0
0 17 0 4
0 106 1 2
0 107 1 2
0 221 0 1
0 313 2 0
0 314 2 0
1
end_operator
begin_operator
link-1-1 n-9-0 n-9-1 cell-8-0 cap-1 cap-0 cell-9-0 cap-2 cap-1
0
7
0 13 1 0
0 17 1 0
0 106 1 2
0 107 1 2
0 221 0 1
0 313 2 0
0 314 2 0
1
end_operator
begin_operator
link-1-1 n-9-0 n-9-1 cell-8-0 cap-1 cap-0 cell-9-0 cap-3 cap-2
0
7
0 13 1 0
0 17 2 1
0 106 1 2
0 107 1 2
0 221 0 1
0 313 2 0
0 314 2 0
1
end_operator
begin_operator
link-1-1 n-9-0 n-9-1 cell-8-0 cap-1 cap-0 cell-9-0 cap-4 cap-3
0
7
0 13 1 0
0 17 3 2
0 106 1 2
0 107 1 2
0 221 0 1
0 313 2 0
0 314 2 0
1
end_operator
begin_operator
link-1-1 n-9-0 n-9-1 cell-8-0 cap-2 cap-1 cell-9-0 cap-1 cap-0
0
7
0 13 2 1
0 17 0 4
0 106 1 2
0 107 1 2
0 221 0 1
0 313 2 0
0 314 2 0
1
end_operator
begin_operator
link-1-1 n-9-0 n-9-1 cell-8-0 cap-2 cap-1 cell-9-0 cap-2 cap-1
0
7
0 13 2 1
0 17 1 0
0 106 1 2
0 107 1 2
0 221 0 1
0 313 2 0
0 314 2 0
1
end_operator
begin_operator
link-1-1 n-9-0 n-9-1 cell-8-0 cap-2 cap-1 cell-9-0 cap-3 cap-2
0
7
0 13 2 1
0 17 2 1
0 106 1 2
0 107 1 2
0 221 0 1
0 313 2 0
0 314 2 0
1
end_operator
begin_operator
link-1-1 n-9-0 n-9-1 cell-8-0 cap-2 cap-1 cell-9-0 cap-4 cap-3
0
7
0 13 2 1
0 17 3 2
0 106 1 2
0 107 1 2
0 221 0 1
0 313 2 0
0 314 2 0
1
end_operator
begin_operator
link-1-1 n-9-0 n-9-1 cell-8-0 cap-3 cap-2 cell-9-0 cap-1 cap-0
0
7
0 13 3 2
0 17 0 4
0 106 1 2
0 107 1 2
0 221 0 1
0 313 2 0
0 314 2 0
1
end_operator
begin_operator
link-1-1 n-9-0 n-9-1 cell-8-0 cap-3 cap-2 cell-9-0 cap-2 cap-1
0
7
0 13 3 2
0 17 1 0
0 106 1 2
0 107 1 2
0 221 0 1
0 313 2 0
0 314 2 0
1
end_operator
begin_operator
link-1-1 n-9-0 n-9-1 cell-8-0 cap-3 cap-2 cell-9-0 cap-3 cap-2
0
7
0 13 3 2
0 17 2 1
0 106 1 2
0 107 1 2
0 221 0 1
0 313 2 0
0 314 2 0
1
end_operator
begin_operator
link-1-1 n-9-0 n-9-1 cell-8-0 cap-3 cap-2 cell-9-0 cap-4 cap-3
0
7
0 13 3 2
0 17 3 2
0 106 1 2
0 107 1 2
0 221 0 1
0 313 2 0
0 314 2 0
1
end_operator
begin_operator
link-1-1 n-9-1 n-10-1 cell-9-0 cap-1 cap-0 cell-9-1 cap-1 cap-0
0
7
0 17 0 4
0 18 0 4
0 56 1 2
0 107 1 2
0 223 0 1
0 264 2 0
0 314 2 0
1
end_operator
begin_operator
link-1-1 n-9-1 n-10-1 cell-9-0 cap-1 cap-0 cell-9-1 cap-2 cap-1
0
7
0 17 0 4
0 18 1 0
0 56 1 2
0 107 1 2
0 223 0 1
0 264 2 0
0 314 2 0
1
end_operator
begin_operator
link-1-1 n-9-1 n-10-1 cell-9-0 cap-1 cap-0 cell-9-1 cap-3 cap-2
0
7
0 17 0 4
0 18 2 1
0 56 1 2
0 107 1 2
0 223 0 1
0 264 2 0
0 314 2 0
1
end_operator
begin_operator
link-1-1 n-9-1 n-10-1 cell-9-0 cap-1 cap-0 cell-9-1 cap-4 cap-3
0
7
0 17 0 4
0 18 3 2
0 56 1 2
0 107 1 2
0 223 0 1
0 264 2 0
0 314 2 0
1
end_operator
begin_operator
link-1-1 n-9-1 n-10-1 cell-9-0 cap-2 cap-1 cell-9-1 cap-1 cap-0
0
7
0 17 1 0
0 18 0 4
0 56 1 2
0 107 1 2
0 223 0 1
0 264 2 0
0 314 2 0
1
end_operator
begin_operator
link-1-1 n-9-1 n-10-1 cell-9-0 cap-2 cap-1 cell-9-1 cap-2 cap-1
0
7
0 17 1 0
0 18 1 0
0 56 1 2
0 107 1 2
0 223 0 1
0 264 2 0
0 314 2 0
1
end_operator
begin_operator
link-1-1 n-9-1 n-10-1 cell-9-0 cap-2 cap-1 cell-9-1 cap-3 cap-2
0
7
0 17 1 0
0 18 2 1
0 56 1 2
0 107 1 2
0 223 0 1
0 264 2 0
0 314 2 0
1
end_operator
begin_operator
link-1-1 n-9-1 n-10-1 cell-9-0 cap-2 cap-1 cell-9-1 cap-4 cap-3
0
7
0 17 1 0
0 18 3 2
0 56 1 2
0 107 1 2
0 223 0 1
0 264 2 0
0 314 2 0
1
end_operator
begin_operator
link-1-1 n-9-1 n-10-1 cell-9-0 cap-3 cap-2 cell-9-1 cap-1 cap-0
0
7
0 17 2 1
0 18 0 4
0 56 1 2
0 107 1 2
0 223 0 1
0 264 2 0
0 314 2 0
1
end_operator
begin_operator
link-1-1 n-9-1 n-10-1 cell-9-0 cap-3 cap-2 cell-9-1 cap-2 cap-1
0
7
0 17 2 1
0 18 1 0
0 56 1 2
0 107 1 2
0 223 0 1
0 264 2 0
0 314 2 0
1
end_operator
begin_operator
link-1-1 n-9-1 n-10-1 cell-9-0 cap-3 cap-2 cell-9-1 cap-3 cap-2
0
7
0 17 2 1
0 18 2 1
0 56 1 2
0 107 1 2
0 223 0 1
0 264 2 0
0 314 2 0
1
end_operator
begin_operator
link-1-1 n-9-1 n-10-1 cell-9-0 cap-3 cap-2 cell-9-1 cap-4 cap-3
0
7
0 17 2 1
0 18 3 2
0 56 1 2
0 107 1 2
0 223 0 1
0 264 2 0
0 314 2 0
1
end_operator
begin_operator
link-1-1 n-9-1 n-10-1 cell-9-0 cap-4 cap-3 cell-9-1 cap-1 cap-0
0
7
0 17 3 2
0 18 0 4
0 56 1 2
0 107 1 2
0 223 0 1
0 264 2 0
0 314 2 0
1
end_operator
begin_operator
link-1-1 n-9-1 n-10-1 cell-9-0 cap-4 cap-3 cell-9-1 cap-2 cap-1
0
7
0 17 3 2
0 18 1 0
0 56 1 2
0 107 1 2
0 223 0 1
0 264 2 0
0 314 2 0
1
end_operator
begin_operator
link-1-1 n-9-1 n-10-1 cell-9-0 cap-4 cap-3 cell-9-1 cap-3 cap-2
0
7
0 17 3 2
0 18 2 1
0 56 1 2
0 107 1 2
0 223 0 1
0 264 2 0
0 314 2 0
1
end_operator
begin_operator
link-1-1 n-9-1 n-10-1 cell-9-0 cap-4 cap-3 cell-9-1 cap-4 cap-3
0
7
0 17 3 2
0 18 3 2
0 56 1 2
0 107 1 2
0 223 0 1
0 264 2 0
0 314 2 0
1
end_operator
begin_operator
link-1-1 n-9-1 n-9-2 cell-8-1 cap-1 cap-0 cell-9-1 cap-1 cap-0
0
7
0 14 0 4
0 18 0 4
0 107 1 2
0 108 1 2
0 225 0 1
0 314 2 0
0 315 2 0
1
end_operator
begin_operator
link-1-1 n-9-1 n-9-2 cell-8-1 cap-1 cap-0 cell-9-1 cap-2 cap-1
0
7
0 14 0 4
0 18 1 0
0 107 1 2
0 108 1 2
0 225 0 1
0 314 2 0
0 315 2 0
1
end_operator
begin_operator
link-1-1 n-9-1 n-9-2 cell-8-1 cap-1 cap-0 cell-9-1 cap-3 cap-2
0
7
0 14 0 4
0 18 2 1
0 107 1 2
0 108 1 2
0 225 0 1
0 314 2 0
0 315 2 0
1
end_operator
begin_operator
link-1-1 n-9-1 n-9-2 cell-8-1 cap-1 cap-0 cell-9-1 cap-4 cap-3
0
7
0 14 0 4
0 18 3 2
0 107 1 2
0 108 1 2
0 225 0 1
0 314 2 0
0 315 2 0
1
end_operator
begin_operator
link-1-1 n-9-1 n-9-2 cell-8-1 cap-2 cap-1 cell-9-1 cap-1 cap-0
0
7
0 14 1 0
0 18 0 4
0 107 1 2
0 108 1 2
0 225 0 1
0 314 2 0
0 315 2 0
1
end_operator
begin_operator
link-1-1 n-9-1 n-9-2 cell-8-1 cap-2 cap-1 cell-9-1 cap-2 cap-1
0
7
0 14 1 0
0 18 1 0
0 107 1 2
0 108 1 2
0 225 0 1
0 314 2 0
0 315 2 0
1
end_operator
begin_operator
link-1-1 n-9-1 n-9-2 cell-8-1 cap-2 cap-1 cell-9-1 cap-3 cap-2
0
7
0 14 1 0
0 18 2 1
0 107 1 2
0 108 1 2
0 225 0 1
0 314 2 0
0 315 2 0
1
end_operator
begin_operator
link-1-1 n-9-1 n-9-2 cell-8-1 cap-2 cap-1 cell-9-1 cap-4 cap-3
0
7
0 14 1 0
0 18 3 2
0 107 1 2
0 108 1 2
0 225 0 1
0 314 2 0
0 315 2 0
1
end_operator
begin_operator
link-1-1 n-9-1 n-9-2 cell-8-1 cap-3 cap-2 cell-9-1 cap-1 cap-0
0
7
0 14 2 1
0 18 0 4
0 107 1 2
0 108 1 2
0 225 0 1
0 314 2 0
0 315 2 0
1
end_operator
begin_operator
link-1-1 n-9-1 n-9-2 cell-8-1 cap-3 cap-2 cell-9-1 cap-2 cap-1
0
7
0 14 2 1
0 18 1 0
0 107 1 2
0 108 1 2
0 225 0 1
0 314 2 0
0 315 2 0
1
end_operator
begin_operator
link-1-1 n-9-1 n-9-2 cell-8-1 cap-3 cap-2 cell-9-1 cap-3 cap-2
0
7
0 14 2 1
0 18 2 1
0 107 1 2
0 108 1 2
0 225 0 1
0 314 2 0
0 315 2 0
1
end_operator
begin_operator
link-1-1 n-9-1 n-9-2 cell-8-1 cap-3 cap-2 cell-9-1 cap-4 cap-3
0
7
0 14 2 1
0 18 3 2
0 107 1 2
0 108 1 2
0 225 0 1
0 314 2 0
0 315 2 0
1
end_operator
begin_operator
link-1-1 n-9-1 n-9-2 cell-8-1 cap-4 cap-3 cell-9-1 cap-1 cap-0
0
7
0 14 3 2
0 18 0 4
0 107 1 2
0 108 1 2
0 225 0 1
0 314 2 0
0 315 2 0
1
end_operator
begin_operator
link-1-1 n-9-1 n-9-2 cell-8-1 cap-4 cap-3 cell-9-1 cap-2 cap-1
0
7
0 14 3 2
0 18 1 0
0 107 1 2
0 108 1 2
0 225 0 1
0 314 2 0
0 315 2 0
1
end_operator
begin_operator
link-1-1 n-9-1 n-9-2 cell-8-1 cap-4 cap-3 cell-9-1 cap-3 cap-2
0
7
0 14 3 2
0 18 2 1
0 107 1 2
0 108 1 2
0 225 0 1
0 314 2 0
0 315 2 0
1
end_operator
begin_operator
link-1-1 n-9-1 n-9-2 cell-8-1 cap-4 cap-3 cell-9-1 cap-4 cap-3
0
7
0 14 3 2
0 18 3 2
0 107 1 2
0 108 1 2
0 225 0 1
0 314 2 0
0 315 2 0
1
end_operator
begin_operator
link-1-1 n-9-2 n-10-2 cell-9-1 cap-1 cap-0 cell-9-2 cap-1 cap-0
0
7
0 18 0 4
0 19 0 4
0 57 1 2
0 108 1 2
0 227 0 1
0 265 2 0
0 315 2 0
1
end_operator
begin_operator
link-1-1 n-9-2 n-10-2 cell-9-1 cap-1 cap-0 cell-9-2 cap-2 cap-1
0
7
0 18 0 4
0 19 1 0
0 57 1 2
0 108 1 2
0 227 0 1
0 265 2 0
0 315 2 0
1
end_operator
begin_operator
link-1-1 n-9-2 n-10-2 cell-9-1 cap-1 cap-0 cell-9-2 cap-3 cap-2
0
7
0 18 0 4
0 19 2 1
0 57 1 2
0 108 1 2
0 227 0 1
0 265 2 0
0 315 2 0
1
end_operator
begin_operator
link-1-1 n-9-2 n-10-2 cell-9-1 cap-1 cap-0 cell-9-2 cap-4 cap-3
0
7
0 18 0 4
0 19 3 2
0 57 1 2
0 108 1 2
0 227 0 1
0 265 2 0
0 315 2 0
1
end_operator
begin_operator
link-1-1 n-9-2 n-10-2 cell-9-1 cap-2 cap-1 cell-9-2 cap-1 cap-0
0
7
0 18 1 0
0 19 0 4
0 57 1 2
0 108 1 2
0 227 0 1
0 265 2 0
0 315 2 0
1
end_operator
begin_operator
link-1-1 n-9-2 n-10-2 cell-9-1 cap-2 cap-1 cell-9-2 cap-2 cap-1
0
7
0 18 1 0
0 19 1 0
0 57 1 2
0 108 1 2
0 227 0 1
0 265 2 0
0 315 2 0
1
end_operator
begin_operator
link-1-1 n-9-2 n-10-2 cell-9-1 cap-2 cap-1 cell-9-2 cap-3 cap-2
0
7
0 18 1 0
0 19 2 1
0 57 1 2
0 108 1 2
0 227 0 1
0 265 2 0
0 315 2 0
1
end_operator
begin_operator
link-1-1 n-9-2 n-10-2 cell-9-1 cap-2 cap-1 cell-9-2 cap-4 cap-3
0
7
0 18 1 0
0 19 3 2
0 57 1 2
0 108 1 2
0 227 0 1
0 265 2 0
0 315 2 0
1
end_operator
begin_operator
link-1-1 n-9-2 n-10-2 cell-9-1 cap-3 cap-2 cell-9-2 cap-1 cap-0
0
7
0 18 2 1
0 19 0 4
0 57 1 2
0 108 1 2
0 227 0 1
0 265 2 0
0 315 2 0
1
end_operator
begin_operator
link-1-1 n-9-2 n-10-2 cell-9-1 cap-3 cap-2 cell-9-2 cap-2 cap-1
0
7
0 18 2 1
0 19 1 0
0 57 1 2
0 108 1 2
0 227 0 1
0 265 2 0
0 315 2 0
1
end_operator
begin_operator
link-1-1 n-9-2 n-10-2 cell-9-1 cap-3 cap-2 cell-9-2 cap-3 cap-2
0
7
0 18 2 1
0 19 2 1
0 57 1 2
0 108 1 2
0 227 0 1
0 265 2 0
0 315 2 0
1
end_operator
begin_operator
link-1-1 n-9-2 n-10-2 cell-9-1 cap-3 cap-2 cell-9-2 cap-4 cap-3
0
7
0 18 2 1
0 19 3 2
0 57 1 2
0 108 1 2
0 227 0 1
0 265 2 0
0 315 2 0
1
end_operator
begin_operator
link-1-1 n-9-2 n-10-2 cell-9-1 cap-4 cap-3 cell-9-2 cap-1 cap-0
0
7
0 18 3 2
0 19 0 4
0 57 1 2
0 108 1 2
0 227 0 1
0 265 2 0
0 315 2 0
1
end_operator
begin_operator
link-1-1 n-9-2 n-10-2 cell-9-1 cap-4 cap-3 cell-9-2 cap-2 cap-1
0
7
0 18 3 2
0 19 1 0
0 57 1 2
0 108 1 2
0 227 0 1
0 265 2 0
0 315 2 0
1
end_operator
begin_operator
link-1-1 n-9-2 n-10-2 cell-9-1 cap-4 cap-3 cell-9-2 cap-3 cap-2
0
7
0 18 3 2
0 19 2 1
0 57 1 2
0 108 1 2
0 227 0 1
0 265 2 0
0 315 2 0
1
end_operator
begin_operator
link-1-1 n-9-2 n-10-2 cell-9-1 cap-4 cap-3 cell-9-2 cap-4 cap-3
0
7
0 18 3 2
0 19 3 2
0 57 1 2
0 108 1 2
0 227 0 1
0 265 2 0
0 315 2 0
1
end_operator
begin_operator
link-1-1 n-9-2 n-9-3 cell-8-2 cap-1 cap-0 cell-9-2 cap-1 cap-0
0
7
0 15 1 0
0 19 0 4
0 108 1 2
0 109 1 2
0 229 0 1
0 315 2 0
0 316 2 0
1
end_operator
begin_operator
link-1-1 n-9-2 n-9-3 cell-8-2 cap-1 cap-0 cell-9-2 cap-2 cap-1
0
7
0 15 1 0
0 19 1 0
0 108 1 2
0 109 1 2
0 229 0 1
0 315 2 0
0 316 2 0
1
end_operator
begin_operator
link-1-1 n-9-2 n-9-3 cell-8-2 cap-1 cap-0 cell-9-2 cap-3 cap-2
0
7
0 15 1 0
0 19 2 1
0 108 1 2
0 109 1 2
0 229 0 1
0 315 2 0
0 316 2 0
1
end_operator
begin_operator
link-1-1 n-9-2 n-9-3 cell-8-2 cap-1 cap-0 cell-9-2 cap-4 cap-3
0
7
0 15 1 0
0 19 3 2
0 108 1 2
0 109 1 2
0 229 0 1
0 315 2 0
0 316 2 0
1
end_operator
begin_operator
link-1-1 n-9-2 n-9-3 cell-8-2 cap-2 cap-1 cell-9-2 cap-1 cap-0
0
7
0 15 2 1
0 19 0 4
0 108 1 2
0 109 1 2
0 229 0 1
0 315 2 0
0 316 2 0
1
end_operator
begin_operator
link-1-1 n-9-2 n-9-3 cell-8-2 cap-2 cap-1 cell-9-2 cap-2 cap-1
0
7
0 15 2 1
0 19 1 0
0 108 1 2
0 109 1 2
0 229 0 1
0 315 2 0
0 316 2 0
1
end_operator
begin_operator
link-1-1 n-9-2 n-9-3 cell-8-2 cap-2 cap-1 cell-9-2 cap-3 cap-2
0
7
0 15 2 1
0 19 2 1
0 108 1 2
0 109 1 2
0 229 0 1
0 315 2 0
0 316 2 0
1
end_operator
begin_operator
link-1-1 n-9-2 n-9-3 cell-8-2 cap-2 cap-1 cell-9-2 cap-4 cap-3
0
7
0 15 2 1
0 19 3 2
0 108 1 2
0 109 1 2
0 229 0 1
0 315 2 0
0 316 2 0
1
end_operator
begin_operator
link-1-1 n-9-2 n-9-3 cell-8-2 cap-3 cap-2 cell-9-2 cap-1 cap-0
0
7
0 15 3 2
0 19 0 4
0 108 1 2
0 109 1 2
0 229 0 1
0 315 2 0
0 316 2 0
1
end_operator
begin_operator
link-1-1 n-9-2 n-9-3 cell-8-2 cap-3 cap-2 cell-9-2 cap-2 cap-1
0
7
0 15 3 2
0 19 1 0
0 108 1 2
0 109 1 2
0 229 0 1
0 315 2 0
0 316 2 0
1
end_operator
begin_operator
link-1-1 n-9-2 n-9-3 cell-8-2 cap-3 cap-2 cell-9-2 cap-3 cap-2
0
7
0 15 3 2
0 19 2 1
0 108 1 2
0 109 1 2
0 229 0 1
0 315 2 0
0 316 2 0
1
end_operator
begin_operator
link-1-1 n-9-2 n-9-3 cell-8-2 cap-3 cap-2 cell-9-2 cap-4 cap-3
0
7
0 15 3 2
0 19 3 2
0 108 1 2
0 109 1 2
0 229 0 1
0 315 2 0
0 316 2 0
1
end_operator
begin_operator
link-1-1 n-9-3 n-10-3 cell-9-2 cap-1 cap-0 cell-9-3 cap-1 cap-0
0
7
0 19 0 4
0 20 0 4
0 58 1 2
0 109 1 2
0 231 0 1
0 266 2 0
0 316 2 0
1
end_operator
begin_operator
link-1-1 n-9-3 n-10-3 cell-9-2 cap-1 cap-0 cell-9-3 cap-2 cap-1
0
7
0 19 0 4
0 20 1 0
0 58 1 2
0 109 1 2
0 231 0 1
0 266 2 0
0 316 2 0
1
end_operator
begin_operator
link-1-1 n-9-3 n-10-3 cell-9-2 cap-1 cap-0 cell-9-3 cap-3 cap-2
0
7
0 19 0 4
0 20 2 1
0 58 1 2
0 109 1 2
0 231 0 1
0 266 2 0
0 316 2 0
1
end_operator
begin_operator
link-1-1 n-9-3 n-10-3 cell-9-2 cap-1 cap-0 cell-9-3 cap-4 cap-3
0
7
0 19 0 4
0 20 3 2
0 58 1 2
0 109 1 2
0 231 0 1
0 266 2 0
0 316 2 0
1
end_operator
begin_operator
link-1-1 n-9-3 n-10-3 cell-9-2 cap-2 cap-1 cell-9-3 cap-1 cap-0
0
7
0 19 1 0
0 20 0 4
0 58 1 2
0 109 1 2
0 231 0 1
0 266 2 0
0 316 2 0
1
end_operator
begin_operator
link-1-1 n-9-3 n-10-3 cell-9-2 cap-2 cap-1 cell-9-3 cap-2 cap-1
0
7
0 19 1 0
0 20 1 0
0 58 1 2
0 109 1 2
0 231 0 1
0 266 2 0
0 316 2 0
1
end_operator
begin_operator
link-1-1 n-9-3 n-10-3 cell-9-2 cap-2 cap-1 cell-9-3 cap-3 cap-2
0
7
0 19 1 0
0 20 2 1
0 58 1 2
0 109 1 2
0 231 0 1
0 266 2 0
0 316 2 0
1
end_operator
begin_operator
link-1-1 n-9-3 n-10-3 cell-9-2 cap-2 cap-1 cell-9-3 cap-4 cap-3
0
7
0 19 1 0
0 20 3 2
0 58 1 2
0 109 1 2
0 231 0 1
0 266 2 0
0 316 2 0
1
end_operator
begin_operator
link-1-1 n-9-3 n-10-3 cell-9-2 cap-3 cap-2 cell-9-3 cap-1 cap-0
0
7
0 19 2 1
0 20 0 4
0 58 1 2
0 109 1 2
0 231 0 1
0 266 2 0
0 316 2 0
1
end_operator
begin_operator
link-1-1 n-9-3 n-10-3 cell-9-2 cap-3 cap-2 cell-9-3 cap-2 cap-1
0
7
0 19 2 1
0 20 1 0
0 58 1 2
0 109 1 2
0 231 0 1
0 266 2 0
0 316 2 0
1
end_operator
begin_operator
link-1-1 n-9-3 n-10-3 cell-9-2 cap-3 cap-2 cell-9-3 cap-3 cap-2
0
7
0 19 2 1
0 20 2 1
0 58 1 2
0 109 1 2
0 231 0 1
0 266 2 0
0 316 2 0
1
end_operator
begin_operator
link-1-1 n-9-3 n-10-3 cell-9-2 cap-3 cap-2 cell-9-3 cap-4 cap-3
0
7
0 19 2 1
0 20 3 2
0 58 1 2
0 109 1 2
0 231 0 1
0 266 2 0
0 316 2 0
1
end_operator
begin_operator
link-1-1 n-9-3 n-10-3 cell-9-2 cap-4 cap-3 cell-9-3 cap-1 cap-0
0
7
0 19 3 2
0 20 0 4
0 58 1 2
0 109 1 2
0 231 0 1
0 266 2 0
0 316 2 0
1
end_operator
begin_operator
link-1-1 n-9-3 n-10-3 cell-9-2 cap-4 cap-3 cell-9-3 cap-2 cap-1
0
7
0 19 3 2
0 20 1 0
0 58 1 2
0 109 1 2
0 231 0 1
0 266 2 0
0 316 2 0
1
end_operator
begin_operator
link-1-1 n-9-3 n-10-3 cell-9-2 cap-4 cap-3 cell-9-3 cap-3 cap-2
0
7
0 19 3 2
0 20 2 1
0 58 1 2
0 109 1 2
0 231 0 1
0 266 2 0
0 316 2 0
1
end_operator
begin_operator
link-1-1 n-9-3 n-10-3 cell-9-2 cap-4 cap-3 cell-9-3 cap-4 cap-3
0
7
0 19 3 2
0 20 3 2
0 58 1 2
0 109 1 2
0 231 0 1
0 266 2 0
0 316 2 0
1
end_operator
begin_operator
link-1-1 n-9-3 n-9-4 cell-8-3 cap-1 cap-0 cell-9-3 cap-1 cap-0
0
7
0 16 0 4
0 20 0 4
0 109 1 2
0 110 1 2
0 233 0 1
0 316 2 0
0 317 2 0
1
end_operator
begin_operator
link-1-1 n-9-3 n-9-4 cell-8-3 cap-1 cap-0 cell-9-3 cap-2 cap-1
0
7
0 16 0 4
0 20 1 0
0 109 1 2
0 110 1 2
0 233 0 1
0 316 2 0
0 317 2 0
1
end_operator
begin_operator
link-1-1 n-9-3 n-9-4 cell-8-3 cap-1 cap-0 cell-9-3 cap-3 cap-2
0
7
0 16 0 4
0 20 2 1
0 109 1 2
0 110 1 2
0 233 0 1
0 316 2 0
0 317 2 0
1
end_operator
begin_operator
link-1-1 n-9-3 n-9-4 cell-8-3 cap-1 cap-0 cell-9-3 cap-4 cap-3
0
7
0 16 0 4
0 20 3 2
0 109 1 2
0 110 1 2
0 233 0 1
0 316 2 0
0 317 2 0
1
end_operator
begin_operator
link-1-1 n-9-3 n-9-4 cell-8-3 cap-2 cap-1 cell-9-3 cap-1 cap-0
0
7
0 16 1 0
0 20 0 4
0 109 1 2
0 110 1 2
0 233 0 1
0 316 2 0
0 317 2 0
1
end_operator
begin_operator
link-1-1 n-9-3 n-9-4 cell-8-3 cap-2 cap-1 cell-9-3 cap-2 cap-1
0
7
0 16 1 0
0 20 1 0
0 109 1 2
0 110 1 2
0 233 0 1
0 316 2 0
0 317 2 0
1
end_operator
begin_operator
link-1-1 n-9-3 n-9-4 cell-8-3 cap-2 cap-1 cell-9-3 cap-3 cap-2
0
7
0 16 1 0
0 20 2 1
0 109 1 2
0 110 1 2
0 233 0 1
0 316 2 0
0 317 2 0
1
end_operator
begin_operator
link-1-1 n-9-3 n-9-4 cell-8-3 cap-2 cap-1 cell-9-3 cap-4 cap-3
0
7
0 16 1 0
0 20 3 2
0 109 1 2
0 110 1 2
0 233 0 1
0 316 2 0
0 317 2 0
1
end_operator
begin_operator
link-1-1 n-9-3 n-9-4 cell-8-3 cap-3 cap-2 cell-9-3 cap-1 cap-0
0
7
0 16 2 1
0 20 0 4
0 109 1 2
0 110 1 2
0 233 0 1
0 316 2 0
0 317 2 0
1
end_operator
begin_operator
link-1-1 n-9-3 n-9-4 cell-8-3 cap-3 cap-2 cell-9-3 cap-2 cap-1
0
7
0 16 2 1
0 20 1 0
0 109 1 2
0 110 1 2
0 233 0 1
0 316 2 0
0 317 2 0
1
end_operator
begin_operator
link-1-1 n-9-3 n-9-4 cell-8-3 cap-3 cap-2 cell-9-3 cap-3 cap-2
0
7
0 16 2 1
0 20 2 1
0 109 1 2
0 110 1 2
0 233 0 1
0 316 2 0
0 317 2 0
1
end_operator
begin_operator
link-1-1 n-9-3 n-9-4 cell-8-3 cap-3 cap-2 cell-9-3 cap-4 cap-3
0
7
0 16 2 1
0 20 3 2
0 109 1 2
0 110 1 2
0 233 0 1
0 316 2 0
0 317 2 0
1
end_operator
begin_operator
link-1-1 n-9-3 n-9-4 cell-8-3 cap-4 cap-3 cell-9-3 cap-1 cap-0
0
7
0 16 3 2
0 20 0 4
0 109 1 2
0 110 1 2
0 233 0 1
0 316 2 0
0 317 2 0
1
end_operator
begin_operator
link-1-1 n-9-3 n-9-4 cell-8-3 cap-4 cap-3 cell-9-3 cap-2 cap-1
0
7
0 16 3 2
0 20 1 0
0 109 1 2
0 110 1 2
0 233 0 1
0 316 2 0
0 317 2 0
1
end_operator
begin_operator
link-1-1 n-9-3 n-9-4 cell-8-3 cap-4 cap-3 cell-9-3 cap-3 cap-2
0
7
0 16 3 2
0 20 2 1
0 109 1 2
0 110 1 2
0 233 0 1
0 316 2 0
0 317 2 0
1
end_operator
begin_operator
link-1-1 n-9-3 n-9-4 cell-8-3 cap-4 cap-3 cell-9-3 cap-4 cap-3
0
7
0 16 3 2
0 20 3 2
0 109 1 2
0 110 1 2
0 233 0 1
0 316 2 0
0 317 2 0
1
end_operator
begin_operator
link-1-1 n-9-4 n-10-4 cell-9-3 cap-1 cap-0 cell-outside-9-right cap-1 cap-0
0
7
0 20 0 4
0 59 1 2
0 110 1 2
0 235 0 1
0 252 0 1
0 267 2 0
0 317 2 0
1
end_operator
begin_operator
link-1-1 n-9-4 n-10-4 cell-9-3 cap-2 cap-1 cell-outside-9-right cap-1 cap-0
0
7
0 20 1 0
0 59 1 2
0 110 1 2
0 235 0 1
0 252 0 1
0 267 2 0
0 317 2 0
1
end_operator
begin_operator
link-1-1 n-9-4 n-10-4 cell-9-3 cap-3 cap-2 cell-outside-9-right cap-1 cap-0
0
7
0 20 2 1
0 59 1 2
0 110 1 2
0 235 0 1
0 252 0 1
0 267 2 0
0 317 2 0
1
end_operator
begin_operator
link-1-1 n-9-4 n-10-4 cell-9-3 cap-4 cap-3 cell-outside-9-right cap-1 cap-0
0
7
0 20 3 2
0 59 1 2
0 110 1 2
0 235 0 1
0 252 0 1
0 267 2 0
0 317 2 0
1
end_operator
begin_operator
tnf-forget-0-0
0
1
0 0 0 5
0
end_operator
begin_operator
tnf-forget-0-1
0
1
0 0 1 5
0
end_operator
begin_operator
tnf-forget-0-2
0
1
0 0 2 5
0
end_operator
begin_operator
tnf-forget-0-3
0
1
0 0 3 5
0
end_operator
begin_operator
tnf-forget-0-4
0
1
0 0 4 5
0
end_operator
begin_operator
tnf-forget-1-0
0
1
0 1 0 5
0
end_operator
begin_operator
tnf-forget-1-1
0
1
0 1 1 5
0
end_operator
begin_operator
tnf-forget-1-2
0
1
0 1 2 5
0
end_operator
begin_operator
tnf-forget-1-3
0
1
0 1 3 5
0
end_operator
begin_operator
tnf-forget-1-4
0
1
0 1 4 5
0
end_operator
begin_operator
tnf-forget-2-0
0
1
0 2 0 5
0
end_operator
begin_operator
tnf-forget-2-1
0
1
0 2 1 5
0
end_operator
begin_operator
tnf-forget-2-2
0
1
0 2 2 5
0
end_operator
begin_operator
tnf-forget-2-3
0
1
0 2 3 5
0
end_operator
begin_operator
tnf-forget-2-4
0
1
0 2 4 5
0
end_operator
begin_operator
tnf-forget-3-0
0
1
0 3 0 5
0
end_operator
begin_operator
tnf-forget-3-1
0
1
0 3 1 5
0
end_operator
begin_operator
tnf-forget-3-2
0
1
0 3 2 5
0
end_operator
begin_operator
tnf-forget-3-3
0
1
0 3 3 5
0
end_operator
begin_operator
tnf-forget-3-4
0
1
0 3 4 5
0
end_operator
begin_operator
tnf-forget-6-0
0
1
0 6 0 5
0
end_operator
begin_operator
tnf-forget-6-1
0
1
0 6 1 5
0
end_operator
begin_operator
tnf-forget-6-2
0
1
0 6 2 5
0
end_operator
begin_operator
tnf-forget-6-3
0
1
0 6 3 5
0
end_operator
begin_operator
tnf-forget-6-4
0
1
0 6 4 5
0
end_operator
begin_operator
tnf-forget-7-0
0
1
0 7 0 5
0
end_operator
begin_operator
tnf-forget-7-1
0
1
0 7 1 5
0
end_operator
begin_operator
tnf-forget-7-2
0
1
0 7 2 5
0
end_operator
begin_operator
tnf-forget-7-3
0
1
0 7 3 5
0
end_operator
begin_operator
tnf-forget-7-4
0
1
0 7 4 5
0
end_operator
begin_operator
tnf-forget-8-0
0
1
0 8 0 5
0
end_operator
begin_operator
tnf-forget-8-1
0
1
0 8 1 5
0
end_operator
begin_operator
tnf-forget-8-2
0
1
0 8 2 5
0
end_operator
begin_operator
tnf-forget-8-3
0
1
0 8 3 5
0
end_operator
begin_operator
tnf-forget-8-4
0
1
0 8 4 5
0
end_operator
begin_operator
tnf-forget-10-0
0
1
0 10 0 5
0
end_operator
begin_operator
tnf-forget-10-1
0
1
0 10 1 5
0
end_operator
begin_operator
tnf-forget-10-2
0
1
0 10 2 5
0
end_operator
begin_operator
tnf-forget-10-3
0
1
0 10 3 5
0
end_operator
begin_operator
tnf-forget-10-4
0
1
0 10 4 5
0
end_operator
begin_operator
tnf-forget-11-0
0
1
0 11 0 5
0
end_operator
begin_operator
tnf-forget-11-1
0
1
0 11 1 5
0
end_operator
begin_operator
tnf-forget-11-2
0
1
0 11 2 5
0
end_operator
begin_operator
tnf-forget-11-3
0
1
0 11 3 5
0
end_operator
begin_operator
tnf-forget-11-4
0
1
0 11 4 5
0
end_operator
begin_operator
tnf-forget-12-0
0
1
0 12 0 5
0
end_operator
begin_operator
tnf-forget-12-1
0
1
0 12 1 5
0
end_operator
begin_operator
tnf-forget-12-2
0
1
0 12 2 5
0
end_operator
begin_operator
tnf-forget-12-3
0
1
0 12 3 5
0
end_operator
begin_operator
tnf-forget-12-4
0
1
0 12 4 5
0
end_operator
begin_operator
tnf-forget-14-0
0
1
0 14 0 5
0
end_operator
begin_operator
tnf-forget-14-1
0
1
0 14 1 5
0
end_operator
begin_operator
tnf-forget-14-2
0
1
0 14 2 5
0
end_operator
begin_operator
tnf-forget-14-3
0
1
0 14 3 5
0
end_operator
begin_operator
tnf-forget-14-4
0
1
0 14 4 5
0
end_operator
begin_operator
tnf-forget-16-0
0
1
0 16 0 5
0
end_operator
begin_operator
tnf-forget-16-1
0
1
0 16 1 5
0
end_operator
begin_operator
tnf-forget-16-2
0
1
0 16 2 5
0
end_operator
begin_operator
tnf-forget-16-3
0
1
0 16 3 5
0
end_operator
begin_operator
tnf-forget-16-4
0
1
0 16 4 5
0
end_operator
begin_operator
tnf-forget-17-0
0
1
0 17 0 5
0
end_operator
begin_operator
tnf-forget-17-1
0
1
0 17 1 5
0
end_operator
begin_operator
tnf-forget-17-2
0
1
0 17 2 5
0
end_operator
begin_operator
tnf-forget-17-3
0
1
0 17 3 5
0
end_operator
begin_operator
tnf-forget-17-4
0
1
0 17 4 5
0
end_operator
begin_operator
tnf-forget-18-0
0
1
0 18 0 5
0
end_operator
begin_operator
tnf-forget-18-1
0
1
0 18 1 5
0
end_operator
begin_operator
tnf-forget-18-2
0
1
0 18 2 5
0
end_operator
begin_operator
tnf-forget-18-3
0
1
0 18 3 5
0
end_operator
begin_operator
tnf-forget-18-4
0
1
0 18 4 5
0
end_operator
begin_operator
tnf-forget-19-0
0
1
0 19 0 5
0
end_operator
begin_operator
tnf-forget-19-1
0
1
0 19 1 5
0
end_operator
begin_operator
tnf-forget-19-2
0
1
0 19 2 5
0
end_operator
begin_operator
tnf-forget-19-3
0
1
0 19 3 5
0
end_operator
begin_operator
tnf-forget-19-4
0
1
0 19 4 5
0
end_operator
begin_operator
tnf-forget-20-0
0
1
0 20 0 5
0
end_operator
begin_operator
tnf-forget-20-1
0
1
0 20 1 5
0
end_operator
begin_operator
tnf-forget-20-2
0
1
0 20 2 5
0
end_operator
begin_operator
tnf-forget-20-3
0
1
0 20 3 5
0
end_operator
begin_operator
tnf-forget-20-4
0
1
0 20 4 5
0
end_operator
begin_operator
tnf-forget-21-0
0
1
0 21 0 5
0
end_operator
begin_operator
tnf-forget-21-1
0
1
0 21 1 5
0
end_operator
begin_operator
tnf-forget-21-2
0
1
0 21 2 5
0
end_operator
begin_operator
tnf-forget-21-3
0
1
0 21 3 5
0
end_operator
begin_operator
tnf-forget-21-4
0
1
0 21 4 5
0
end_operator
begin_operator
tnf-forget-22-0
0
1
0 22 0 5
0
end_operator
begin_operator
tnf-forget-22-1
0
1
0 22 1 5
0
end_operator
begin_operator
tnf-forget-22-2
0
1
0 22 2 5
0
end_operator
begin_operator
tnf-forget-22-3
0
1
0 22 3 5
0
end_operator
begin_operator
tnf-forget-22-4
0
1
0 22 4 5
0
end_operator
begin_operator
tnf-forget-23-0
0
1
0 23 0 5
0
end_operator
begin_operator
tnf-forget-23-1
0
1
0 23 1 5
0
end_operator
begin_operator
tnf-forget-23-2
0
1
0 23 2 5
0
end_operator
begin_operator
tnf-forget-23-3
0
1
0 23 3 5
0
end_operator
begin_operator
tnf-forget-23-4
0
1
0 23 4 5
0
end_operator
begin_operator
tnf-forget-24-0
0
1
0 24 0 5
0
end_operator
begin_operator
tnf-forget-24-1
0
1
0 24 1 5
0
end_operator
begin_operator
tnf-forget-24-2
0
1
0 24 2 5
0
end_operator
begin_operator
tnf-forget-24-3
0
1
0 24 3 5
0
end_operator
begin_operator
tnf-forget-24-4
0
1
0 24 4 5
0
end_operator
begin_operator
tnf-forget-26-0
0
1
0 26 0 5
0
end_operator
begin_operator
tnf-forget-26-1
0
1
0 26 1 5
0
end_operator
begin_operator
tnf-forget-26-2
0
1
0 26 2 5
0
end_operator
begin_operator
tnf-forget-26-3
0
1
0 26 3 5
0
end_operator
begin_operator
tnf-forget-26-4
0
1
0 26 4 5
0
end_operator
begin_operator
tnf-forget-27-0
0
1
0 27 0 5
0
end_operator
begin_operator
tnf-forget-27-1
0
1
0 27 1 5
0
end_operator
begin_operator
tnf-forget-27-2
0
1
0 27 2 5
0
end_operator
begin_operator
tnf-forget-27-3
0
1
0 27 3 5
0
end_operator
begin_operator
tnf-forget-27-4
0
1
0 27 4 5
0
end_operator
begin_operator
tnf-forget-28-0
0
1
0 28 0 5
0
end_operator
begin_operator
tnf-forget-28-1
0
1
0 28 1 5
0
end_operator
begin_operator
tnf-forget-28-2
0
1
0 28 2 5
0
end_operator
begin_operator
tnf-forget-28-3
0
1
0 28 3 5
0
end_operator
begin_operator
tnf-forget-28-4
0
1
0 28 4 5
0
end_operator
begin_operator
tnf-forget-29-0
0
1
0 29 0 5
0
end_operator
begin_operator
tnf-forget-29-1
0
1
0 29 1 5
0
end_operator
begin_operator
tnf-forget-29-2
0
1
0 29 2 5
0
end_operator
begin_operator
tnf-forget-29-3
0
1
0 29 3 5
0
end_operator
begin_operator
tnf-forget-29-4
0
1
0 29 4 5
0
end_operator
begin_operator
tnf-forget-31-0
0
1
0 31 0 5
0
end_operator
begin_operator
tnf-forget-31-1
0
1
0 31 1 5
0
end_operator
begin_operator
tnf-forget-31-2
0
1
0 31 2 5
0
end_operator
begin_operator
tnf-forget-31-3
0
1
0 31 3 5
0
end_operator
begin_operator
tnf-forget-31-4
0
1
0 31 4 5
0
end_operator
begin_operator
tnf-forget-32-0
0
1
0 32 0 5
0
end_operator
begin_operator
tnf-forget-32-1
0
1
0 32 1 5
0
end_operator
begin_operator
tnf-forget-32-2
0
1
0 32 2 5
0
end_operator
begin_operator
tnf-forget-32-3
0
1
0 32 3 5
0
end_operator
begin_operator
tnf-forget-32-4
0
1
0 32 4 5
0
end_operator
begin_operator
tnf-forget-33-0
0
1
0 33 0 5
0
end_operator
begin_operator
tnf-forget-33-1
0
1
0 33 1 5
0
end_operator
begin_operator
tnf-forget-33-2
0
1
0 33 2 5
0
end_operator
begin_operator
tnf-forget-33-3
0
1
0 33 3 5
0
end_operator
begin_operator
tnf-forget-33-4
0
1
0 33 4 5
0
end_operator
begin_operator
tnf-forget-34-0
0
1
0 34 0 5
0
end_operator
begin_operator
tnf-forget-34-1
0
1
0 34 1 5
0
end_operator
begin_operator
tnf-forget-34-2
0
1
0 34 2 5
0
end_operator
begin_operator
tnf-forget-34-3
0
1
0 34 3 5
0
end_operator
begin_operator
tnf-forget-34-4
0
1
0 34 4 5
0
end_operator
begin_operator
tnf-forget-35-0
0
1
0 35 0 5
0
end_operator
begin_operator
tnf-forget-35-1
0
1
0 35 1 5
0
end_operator
begin_operator
tnf-forget-35-2
0
1
0 35 2 5
0
end_operator
begin_operator
tnf-forget-35-3
0
1
0 35 3 5
0
end_operator
begin_operator
tnf-forget-35-4
0
1
0 35 4 5
0
end_operator
begin_operator
tnf-forget-45-0
0
1
0 45 0 3
0
end_operator
begin_operator
tnf-forget-45-1
0
1
0 45 1 3
0
end_operator
begin_operator
tnf-forget-45-2
0
1
0 45 2 3
0
end_operator
begin_operator
tnf-forget-46-0
0
1
0 46 0 3
0
end_operator
begin_operator
tnf-forget-46-1
0
1
0 46 1 3
0
end_operator
begin_operator
tnf-forget-46-2
0
1
0 46 2 3
0
end_operator
begin_operator
tnf-forget-47-0
0
1
0 47 0 3
0
end_operator
begin_operator
tnf-forget-47-1
0
1
0 47 1 3
0
end_operator
begin_operator
tnf-forget-47-2
0
1
0 47 2 3
0
end_operator
begin_operator
tnf-forget-48-0
0
1
0 48 0 3
0
end_operator
begin_operator
tnf-forget-48-1
0
1
0 48 1 3
0
end_operator
begin_operator
tnf-forget-48-2
0
1
0 48 2 3
0
end_operator
begin_operator
tnf-forget-49-0
0
1
0 49 0 3
0
end_operator
begin_operator
tnf-forget-49-1
0
1
0 49 1 3
0
end_operator
begin_operator
tnf-forget-49-2
0
1
0 49 2 3
0
end_operator
begin_operator
tnf-forget-50-0
0
1
0 50 0 3
0
end_operator
begin_operator
tnf-forget-50-1
0
1
0 50 1 3
0
end_operator
begin_operator
tnf-forget-50-2
0
1
0 50 2 3
0
end_operator
begin_operator
tnf-forget-51-0
0
1
0 51 0 3
0
end_operator
begin_operator
tnf-forget-51-1
0
1
0 51 1 3
0
end_operator
begin_operator
tnf-forget-51-2
0
1
0 51 2 3
0
end_operator
begin_operator
tnf-forget-52-0
0
1
0 52 0 3
0
end_operator
begin_operator
tnf-forget-52-1
0
1
0 52 1 3
0
end_operator
begin_operator
tnf-forget-52-2
0
1
0 52 2 3
0
end_operator
begin_operator
tnf-forget-53-0
0
1
0 53 0 3
0
end_operator
begin_operator
tnf-forget-53-1
0
1
0 53 1 3
0
end_operator
begin_operator
tnf-forget-53-2
0
1
0 53 2 3
0
end_operator
begin_operator
tnf-forget-54-0
0
1
0 54 0 3
0
end_operator
begin_operator
tnf-forget-54-1
0
1
0 54 1 3
0
end_operator
begin_operator
tnf-forget-54-2
0
1
0 54 2 3
0
end_operator
begin_operator
tnf-forget-55-0
0
1
0 55 0 3
0
end_operator
begin_operator
tnf-forget-55-1
0
1
0 55 1 3
0
end_operator
begin_operator
tnf-forget-55-2
0
1
0 55 2 3
0
end_operator
begin_operator
tnf-forget-56-0
0
1
0 56 0 3
0
end_operator
begin_operator
tnf-forget-56-1
0
1
0 56 1 3
0
end_operator
begin_operator
tnf-forget-56-2
0
1
0 56 2 3
0
end_operator
begin_operator
tnf-forget-57-0
0
1
0 57 0 3
0
end_operator
begin_operator
tnf-forget-57-1
0
1
0 57 1 3
0
end_operator
begin_operator
tnf-forget-57-2
0
1
0 57 2 3
0
end_operator
begin_operator
tnf-forget-58-0
0
1
0 58 0 3
0
end_operator
begin_operator
tnf-forget-58-1
0
1
0 58 1 3
0
end_operator
begin_operator
tnf-forget-58-2
0
1
0 58 2 3
0
end_operator
begin_operator
tnf-forget-59-0
0
1
0 59 0 3
0
end_operator
begin_operator
tnf-forget-59-1
0
1
0 59 1 3
0
end_operator
begin_operator
tnf-forget-59-2
0
1
0 59 2 3
0
end_operator
begin_operator
tnf-forget-60-0
0
1
0 60 0 3
0
end_operator
begin_operator
tnf-forget-60-1
0
1
0 60 1 3
0
end_operator
begin_operator
tnf-forget-60-2
0
1
0 60 2 3
0
end_operator
begin_operator
tnf-forget-61-0
0
1
0 61 0 3
0
end_operator
begin_operator
tnf-forget-61-1
0
1
0 61 1 3
0
end_operator
begin_operator
tnf-forget-61-2
0
1
0 61 2 3
0
end_operator
begin_operator
tnf-forget-62-0
0
1
0 62 0 3
0
end_operator
begin_operator
tnf-forget-62-1
0
1
0 62 1 3
0
end_operator
begin_operator
tnf-forget-62-2
0
1
0 62 2 3
0
end_operator
begin_operator
tnf-forget-63-0
0
1
0 63 0 3
0
end_operator
begin_operator
tnf-forget-63-1
0
1
0 63 1 3
0
end_operator
begin_operator
tnf-forget-63-2
0
1
0 63 2 3
0
end_operator
begin_operator
tnf-forget-64-0
0
1
0 64 0 3
0
end_operator
begin_operator
tnf-forget-64-1
0
1
0 64 1 3
0
end_operator
begin_operator
tnf-forget-64-2
0
1
0 64 2 3
0
end_operator
begin_operator
tnf-forget-65-0
0
1
0 65 0 3
0
end_operator
begin_operator
tnf-forget-65-1
0
1
0 65 1 3
0
end_operator
begin_operator
tnf-forget-65-2
0
1
0 65 2 3
0
end_operator
begin_operator
tnf-forget-66-0
0
1
0 66 0 3
0
end_operator
begin_operator
tnf-forget-66-1
0
1
0 66 1 3
0
end_operator
begin_operator
tnf-forget-66-2
0
1
0 66 2 3
0
end_operator
begin_operator
tnf-forget-67-0
0
1
0 67 0 3
0
end_operator
begin_operator
tnf-forget-67-1
0
1
0 67 1 3
0
end_operator
begin_operator
tnf-forget-67-2
0
1
0 67 2 3
0
end_operator
begin_operator
tnf-forget-68-0
0
1
0 68 0 3
0
end_operator
begin_operator
tnf-forget-68-1
0
1
0 68 1 3
0
end_operator
begin_operator
tnf-forget-68-2
0
1
0 68 2 3
0
end_operator
begin_operator
tnf-forget-69-0
0
1
0 69 0 3
0
end_operator
begin_operator
tnf-forget-69-1
0
1
0 69 1 3
0
end_operator
begin_operator
tnf-forget-69-2
0
1
0 69 2 3
0
end_operator
begin_operator
tnf-forget-70-0
0
1
0 70 0 3
0
end_operator
begin_operator
tnf-forget-70-1
0
1
0 70 1 3
0
end_operator
begin_operator
tnf-forget-70-2
0
1
0 70 2 3
0
end_operator
begin_operator
tnf-forget-71-0
0
1
0 71 0 3
0
end_operator
begin_operator
tnf-forget-71-1
0
1
0 71 1 3
0
end_operator
begin_operator
tnf-forget-71-2
0
1
0 71 2 3
0
end_operator
begin_operator
tnf-forget-72-0
0
1
0 72 0 3
0
end_operator
begin_operator
tnf-forget-72-1
0
1
0 72 1 3
0
end_operator
begin_operator
tnf-forget-72-2
0
1
0 72 2 3
0
end_operator
begin_operator
tnf-forget-73-0
0
1
0 73 0 3
0
end_operator
begin_operator
tnf-forget-73-1
0
1
0 73 1 3
0
end_operator
begin_operator
tnf-forget-73-2
0
1
0 73 2 3
0
end_operator
begin_operator
tnf-forget-74-0
0
1
0 74 0 3
0
end_operator
begin_operator
tnf-forget-74-1
0
1
0 74 1 3
0
end_operator
begin_operator
tnf-forget-74-2
0
1
0 74 2 3
0
end_operator
begin_operator
tnf-forget-75-0
0
1
0 75 0 3
0
end_operator
begin_operator
tnf-forget-75-1
0
1
0 75 1 3
0
end_operator
begin_operator
tnf-forget-75-2
0
1
0 75 2 3
0
end_operator
begin_operator
tnf-forget-76-0
0
1
0 76 0 3
0
end_operator
begin_operator
tnf-forget-76-1
0
1
0 76 1 3
0
end_operator
begin_operator
tnf-forget-76-2
0
1
0 76 2 3
0
end_operator
begin_operator
tnf-forget-77-0
0
1
0 77 0 3
0
end_operator
begin_operator
tnf-forget-77-1
0
1
0 77 1 3
0
end_operator
begin_operator
tnf-forget-77-2
0
1
0 77 2 3
0
end_operator
begin_operator
tnf-forget-78-0
0
1
0 78 0 3
0
end_operator
begin_operator
tnf-forget-78-1
0
1
0 78 1 3
0
end_operator
begin_operator
tnf-forget-78-2
0
1
0 78 2 3
0
end_operator
begin_operator
tnf-forget-79-0
0
1
0 79 0 3
0
end_operator
begin_operator
tnf-forget-79-1
0
1
0 79 1 3
0
end_operator
begin_operator
tnf-forget-79-2
0
1
0 79 2 3
0
end_operator
begin_operator
tnf-forget-80-0
0
1
0 80 0 3
0
end_operator
begin_operator
tnf-forget-80-1
0
1
0 80 1 3
0
end_operator
begin_operator
tnf-forget-80-2
0
1
0 80 2 3
0
end_operator
begin_operator
tnf-forget-81-0
0
1
0 81 0 3
0
end_operator
begin_operator
tnf-forget-81-1
0
1
0 81 1 3
0
end_operator
begin_operator
tnf-forget-81-2
0
1
0 81 2 3
0
end_operator
begin_operator
tnf-forget-82-0
0
1
0 82 0 3
0
end_operator
begin_operator
tnf-forget-82-1
0
1
0 82 1 3
0
end_operator
begin_operator
tnf-forget-82-2
0
1
0 82 2 3
0
end_operator
begin_operator
tnf-forget-83-0
0
1
0 83 0 3
0
end_operator
begin_operator
tnf-forget-83-1
0
1
0 83 1 3
0
end_operator
begin_operator
tnf-forget-83-2
0
1
0 83 2 3
0
end_operator
begin_operator
tnf-forget-84-0
0
1
0 84 0 3
0
end_operator
begin_operator
tnf-forget-84-1
0
1
0 84 1 3
0
end_operator
begin_operator
tnf-forget-84-2
0
1
0 84 2 3
0
end_operator
begin_operator
tnf-forget-85-0
0
1
0 85 0 3
0
end_operator
begin_operator
tnf-forget-85-1
0
1
0 85 1 3
0
end_operator
begin_operator
tnf-forget-85-2
0
1
0 85 2 3
0
end_operator
begin_operator
tnf-forget-86-0
0
1
0 86 0 3
0
end_operator
begin_operator
tnf-forget-86-1
0
1
0 86 1 3
0
end_operator
begin_operator
tnf-forget-86-2
0
1
0 86 2 3
0
end_operator
begin_operator
tnf-forget-87-0
0
1
0 87 0 3
0
end_operator
begin_operator
tnf-forget-87-1
0
1
0 87 1 3
0
end_operator
begin_operator
tnf-forget-87-2
0
1
0 87 2 3
0
end_operator
begin_operator
tnf-forget-88-0
0
1
0 88 0 3
0
end_operator
begin_operator
tnf-forget-88-1
0
1
0 88 1 3
0
end_operator
begin_operator
tnf-forget-88-2
0
1
0 88 2 3
0
end_operator
begin_operator
tnf-forget-89-0
0
1
0 89 0 3
0
end_operator
begin_operator
tnf-forget-89-1
0
1
0 89 1 3
0
end_operator
begin_operator
tnf-forget-89-2
0
1
0 89 2 3
0
end_operator
begin_operator
tnf-forget-90-0
0
1
0 90 0 3
0
end_operator
begin_operator
tnf-forget-90-1
0
1
0 90 1 3
0
end_operator
begin_operator
tnf-forget-90-2
0
1
0 90 2 3
0
end_operator
begin_operator
tnf-forget-91-0
0
1
0 91 0 3
0
end_operator
begin_operator
tnf-forget-91-1
0
1
0 91 1 3
0
end_operator
begin_operator
tnf-forget-91-2
0
1
0 91 2 3
0
end_operator
begin_operator
tnf-forget-92-0
0
1
0 92 0 3
0
end_operator
begin_operator
tnf-forget-92-1
0
1
0 92 1 3
0
end_operator
begin_operator
tnf-forget-92-2
0
1
0 92 2 3
0
end_operator
begin_operator
tnf-forget-93-0
0
1
0 93 0 3
0
end_operator
begin_operator
tnf-forget-93-1
0
1
0 93 1 3
0
end_operator
begin_operator
tnf-forget-93-2
0
1
0 93 2 3
0
end_operator
begin_operator
tnf-forget-94-0
0
1
0 94 0 3
0
end_operator
begin_operator
tnf-forget-94-1
0
1
0 94 1 3
0
end_operator
begin_operator
tnf-forget-94-2
0
1
0 94 2 3
0
end_operator
begin_operator
tnf-forget-95-0
0
1
0 95 0 3
0
end_operator
begin_operator
tnf-forget-95-1
0
1
0 95 1 3
0
end_operator
begin_operator
tnf-forget-95-2
0
1
0 95 2 3
0
end_operator
begin_operator
tnf-forget-96-0
0
1
0 96 0 3
0
end_operator
begin_operator
tnf-forget-96-1
0
1
0 96 1 3
0
end_operator
begin_operator
tnf-forget-96-2
0
1
0 96 2 3
0
end_operator
begin_operator
tnf-forget-97-0
0
1
0 97 0 3
0
end_operator
begin_operator
tnf-forget-97-1
0
1
0 97 1 3
0
end_operator
begin_operator
tnf-forget-97-2
0
1
0 97 2 3
0
end_operator
begin_operator
tnf-forget-98-0
0
1
0 98 0 3
0
end_operator
begin_operator
tnf-forget-98-1
0
1
0 98 1 3
0
end_operator
begin_operator
tnf-forget-98-2
0
1
0 98 2 3
0
end_operator
begin_operator
tnf-forget-99-0
0
1
0 99 0 3
0
end_operator
begin_operator
tnf-forget-99-1
0
1
0 99 1 3
0
end_operator
begin_operator
tnf-forget-99-2
0
1
0 99 2 3
0
end_operator
begin_operator
tnf-forget-100-0
0
1
0 100 0 3
0
end_operator
begin_operator
tnf-forget-100-1
0
1
0 100 1 3
0
end_operator
begin_operator
tnf-forget-100-2
0
1
0 100 2 3
0
end_operator
begin_operator
tnf-forget-102-0
0
1
0 102 0 3
0
end_operator
begin_operator
tnf-forget-102-1
0
1
0 102 1 3
0
end_operator
begin_operator
tnf-forget-102-2
0
1
0 102 2 3
0
end_operator
begin_operator
tnf-forget-103-0
0
1
0 103 0 3
0
end_operator
begin_operator
tnf-forget-103-1
0
1
0 103 1 3
0
end_operator
begin_operator
tnf-forget-103-2
0
1
0 103 2 3
0
end_operator
begin_operator
tnf-forget-104-0
0
1
0 104 0 3
0
end_operator
begin_operator
tnf-forget-104-1
0
1
0 104 1 3
0
end_operator
begin_operator
tnf-forget-104-2
0
1
0 104 2 3
0
end_operator
begin_operator
tnf-forget-105-0
0
1
0 105 0 3
0
end_operator
begin_operator
tnf-forget-105-1
0
1
0 105 1 3
0
end_operator
begin_operator
tnf-forget-105-2
0
1
0 105 2 3
0
end_operator
begin_operator
tnf-forget-106-0
0
1
0 106 0 3
0
end_operator
begin_operator
tnf-forget-106-1
0
1
0 106 1 3
0
end_operator
begin_operator
tnf-forget-106-2
0
1
0 106 2 3
0
end_operator
begin_operator
tnf-forget-107-0
0
1
0 107 0 3
0
end_operator
begin_operator
tnf-forget-107-1
0
1
0 107 1 3
0
end_operator
begin_operator
tnf-forget-107-2
0
1
0 107 2 3
0
end_operator
begin_operator
tnf-forget-108-0
0
1
0 108 0 3
0
end_operator
begin_operator
tnf-forget-108-1
0
1
0 108 1 3
0
end_operator
begin_operator
tnf-forget-108-2
0
1
0 108 2 3
0
end_operator
begin_operator
tnf-forget-109-0
0
1
0 109 0 3
0
end_operator
begin_operator
tnf-forget-109-1
0
1
0 109 1 3
0
end_operator
begin_operator
tnf-forget-109-2
0
1
0 109 2 3
0
end_operator
begin_operator
tnf-forget-110-0
0
1
0 110 0 3
0
end_operator
begin_operator
tnf-forget-110-1
0
1
0 110 1 3
0
end_operator
begin_operator
tnf-forget-110-2
0
1
0 110 2 3
0
end_operator
begin_operator
tnf-forget-112-0
0
1
0 112 0 2
0
end_operator
begin_operator
tnf-forget-112-1
0
1
0 112 1 2
0
end_operator
begin_operator
tnf-forget-113-0
0
1
0 113 0 2
0
end_operator
begin_operator
tnf-forget-113-1
0
1
0 113 1 2
0
end_operator
begin_operator
tnf-forget-114-0
0
1
0 114 0 2
0
end_operator
begin_operator
tnf-forget-114-1
0
1
0 114 1 2
0
end_operator
begin_operator
tnf-forget-115-0
0
1
0 115 0 2
0
end_operator
begin_operator
tnf-forget-115-1
0
1
0 115 1 2
0
end_operator
begin_operator
tnf-forget-116-0
0
1
0 116 0 2
0
end_operator
begin_operator
tnf-forget-116-1
0
1
0 116 1 2
0
end_operator
begin_operator
tnf-forget-117-0
0
1
0 117 0 2
0
end_operator
begin_operator
tnf-forget-117-1
0
1
0 117 1 2
0
end_operator
begin_operator
tnf-forget-118-0
0
1
0 118 0 2
0
end_operator
begin_operator
tnf-forget-118-1
0
1
0 118 1 2
0
end_operator
begin_operator
tnf-forget-119-0
0
1
0 119 0 2
0
end_operator
begin_operator
tnf-forget-119-1
0
1
0 119 1 2
0
end_operator
begin_operator
tnf-forget-120-0
0
1
0 120 0 2
0
end_operator
begin_operator
tnf-forget-120-1
0
1
0 120 1 2
0
end_operator
begin_operator
tnf-forget-121-0
0
1
0 121 0 2
0
end_operator
begin_operator
tnf-forget-121-1
0
1
0 121 1 2
0
end_operator
begin_operator
tnf-forget-122-0
0
1
0 122 0 2
0
end_operator
begin_operator
tnf-forget-122-1
0
1
0 122 1 2
0
end_operator
begin_operator
tnf-forget-123-0
0
1
0 123 0 2
0
end_operator
begin_operator
tnf-forget-123-1
0
1
0 123 1 2
0
end_operator
begin_operator
tnf-forget-124-0
0
1
0 124 0 2
0
end_operator
begin_operator
tnf-forget-124-1
0
1
0 124 1 2
0
end_operator
begin_operator
tnf-forget-125-0
0
1
0 125 0 2
0
end_operator
begin_operator
tnf-forget-125-1
0
1
0 125 1 2
0
end_operator
begin_operator
tnf-forget-126-0
0
1
0 126 0 2
0
end_operator
begin_operator
tnf-forget-126-1
0
1
0 126 1 2
0
end_operator
begin_operator
tnf-forget-127-0
0
1
0 127 0 2
0
end_operator
begin_operator
tnf-forget-127-1
0
1
0 127 1 2
0
end_operator
begin_operator
tnf-forget-128-0
0
1
0 128 0 2
0
end_operator
begin_operator
tnf-forget-128-1
0
1
0 128 1 2
0
end_operator
begin_operator
tnf-forget-129-0
0
1
0 129 0 2
0
end_operator
begin_operator
tnf-forget-129-1
0
1
0 129 1 2
0
end_operator
begin_operator
tnf-forget-130-0
0
1
0 130 0 2
0
end_operator
begin_operator
tnf-forget-130-1
0
1
0 130 1 2
0
end_operator
begin_operator
tnf-forget-131-0
0
1
0 131 0 2
0
end_operator
begin_operator
tnf-forget-131-1
0
1
0 131 1 2
0
end_operator
begin_operator
tnf-forget-132-0
0
1
0 132 0 2
0
end_operator
begin_operator
tnf-forget-132-1
0
1
0 132 1 2
0
end_operator
begin_operator
tnf-forget-133-0
0
1
0 133 0 2
0
end_operator
begin_operator
tnf-forget-133-1
0
1
0 133 1 2
0
end_operator
begin_operator
tnf-forget-134-0
0
1
0 134 0 2
0
end_operator
begin_operator
tnf-forget-134-1
0
1
0 134 1 2
0
end_operator
begin_operator
tnf-forget-135-0
0
1
0 135 0 2
0
end_operator
begin_operator
tnf-forget-135-1
0
1
0 135 1 2
0
end_operator
begin_operator
tnf-forget-136-0
0
1
0 136 0 2
0
end_operator
begin_operator
tnf-forget-136-1
0
1
0 136 1 2
0
end_operator
begin_operator
tnf-forget-137-0
0
1
0 137 0 2
0
end_operator
begin_operator
tnf-forget-137-1
0
1
0 137 1 2
0
end_operator
begin_operator
tnf-forget-138-0
0
1
0 138 0 2
0
end_operator
begin_operator
tnf-forget-138-1
0
1
0 138 1 2
0
end_operator
begin_operator
tnf-forget-139-0
0
1
0 139 0 2
0
end_operator
begin_operator
tnf-forget-139-1
0
1
0 139 1 2
0
end_operator
begin_operator
tnf-forget-140-0
0
1
0 140 0 2
0
end_operator
begin_operator
tnf-forget-140-1
0
1
0 140 1 2
0
end_operator
begin_operator
tnf-forget-141-0
0
1
0 141 0 2
0
end_operator
begin_operator
tnf-forget-141-1
0
1
0 141 1 2
0
end_operator
begin_operator
tnf-forget-142-0
0
1
0 142 0 2
0
end_operator
begin_operator
tnf-forget-142-1
0
1
0 142 1 2
0
end_operator
begin_operator
tnf-forget-143-0
0
1
0 143 0 2
0
end_operator
begin_operator
tnf-forget-143-1
0
1
0 143 1 2
0
end_operator
begin_operator
tnf-forget-144-0
0
1
0 144 0 2
0
end_operator
begin_operator
tnf-forget-144-1
0
1
0 144 1 2
0
end_operator
begin_operator
tnf-forget-145-0
0
1
0 145 0 2
0
end_operator
begin_operator
tnf-forget-145-1
0
1
0 145 1 2
0
end_operator
begin_operator
tnf-forget-146-0
0
1
0 146 0 2
0
end_operator
begin_operator
tnf-forget-146-1
0
1
0 146 1 2
0
end_operator
begin_operator
tnf-forget-147-0
0
1
0 147 0 2
0
end_operator
begin_operator
tnf-forget-147-1
0
1
0 147 1 2
0
end_operator
begin_operator
tnf-forget-148-0
0
1
0 148 0 2
0
end_operator
begin_operator
tnf-forget-148-1
0
1
0 148 1 2
0
end_operator
begin_operator
tnf-forget-149-0
0
1
0 149 0 2
0
end_operator
begin_operator
tnf-forget-149-1
0
1
0 149 1 2
0
end_operator
begin_operator
tnf-forget-150-0
0
1
0 150 0 2
0
end_operator
begin_operator
tnf-forget-150-1
0
1
0 150 1 2
0
end_operator
begin_operator
tnf-forget-151-0
0
1
0 151 0 2
0
end_operator
begin_operator
tnf-forget-151-1
0
1
0 151 1 2
0
end_operator
begin_operator
tnf-forget-152-0
0
1
0 152 0 2
0
end_operator
begin_operator
tnf-forget-152-1
0
1
0 152 1 2
0
end_operator
begin_operator
tnf-forget-153-0
0
1
0 153 0 2
0
end_operator
begin_operator
tnf-forget-153-1
0
1
0 153 1 2
0
end_operator
begin_operator
tnf-forget-154-0
0
1
0 154 0 2
0
end_operator
begin_operator
tnf-forget-154-1
0
1
0 154 1 2
0
end_operator
begin_operator
tnf-forget-155-0
0
1
0 155 0 2
0
end_operator
begin_operator
tnf-forget-155-1
0
1
0 155 1 2
0
end_operator
begin_operator
tnf-forget-156-0
0
1
0 156 0 2
0
end_operator
begin_operator
tnf-forget-156-1
0
1
0 156 1 2
0
end_operator
begin_operator
tnf-forget-157-0
0
1
0 157 0 2
0
end_operator
begin_operator
tnf-forget-157-1
0
1
0 157 1 2
0
end_operator
begin_operator
tnf-forget-158-0
0
1
0 158 0 2
0
end_operator
begin_operator
tnf-forget-158-1
0
1
0 158 1 2
0
end_operator
begin_operator
tnf-forget-159-0
0
1
0 159 0 2
0
end_operator
begin_operator
tnf-forget-159-1
0
1
0 159 1 2
0
end_operator
begin_operator
tnf-forget-160-0
0
1
0 160 0 2
0
end_operator
begin_operator
tnf-forget-160-1
0
1
0 160 1 2
0
end_operator
begin_operator
tnf-forget-161-0
0
1
0 161 0 2
0
end_operator
begin_operator
tnf-forget-161-1
0
1
0 161 1 2
0
end_operator
begin_operator
tnf-forget-162-0
0
1
0 162 0 2
0
end_operator
begin_operator
tnf-forget-162-1
0
1
0 162 1 2
0
end_operator
begin_operator
tnf-forget-163-0
0
1
0 163 0 2
0
end_operator
begin_operator
tnf-forget-163-1
0
1
0 163 1 2
0
end_operator
begin_operator
tnf-forget-164-0
0
1
0 164 0 2
0
end_operator
begin_operator
tnf-forget-164-1
0
1
0 164 1 2
0
end_operator
begin_operator
tnf-forget-165-0
0
1
0 165 0 2
0
end_operator
begin_operator
tnf-forget-165-1
0
1
0 165 1 2
0
end_operator
begin_operator
tnf-forget-166-0
0
1
0 166 0 2
0
end_operator
begin_operator
tnf-forget-166-1
0
1
0 166 1 2
0
end_operator
begin_operator
tnf-forget-167-0
0
1
0 167 0 2
0
end_operator
begin_operator
tnf-forget-167-1
0
1
0 167 1 2
0
end_operator
begin_operator
tnf-forget-168-0
0
1
0 168 0 2
0
end_operator
begin_operator
tnf-forget-168-1
0
1
0 168 1 2
0
end_operator
begin_operator
tnf-forget-169-0
0
1
0 169 0 2
0
end_operator
begin_operator
tnf-forget-169-1
0
1
0 169 1 2
0
end_operator
begin_operator
tnf-forget-170-0
0
1
0 170 0 2
0
end_operator
begin_operator
tnf-forget-170-1
0
1
0 170 1 2
0
end_operator
begin_operator
tnf-forget-171-0
0
1
0 171 0 2
0
end_operator
begin_operator
tnf-forget-171-1
0
1
0 171 1 2
0
end_operator
begin_operator
tnf-forget-172-0
0
1
0 172 0 2
0
end_operator
begin_operator
tnf-forget-172-1
0
1
0 172 1 2
0
end_operator
begin_operator
tnf-forget-173-0
0
1
0 173 0 2
0
end_operator
begin_operator
tnf-forget-173-1
0
1
0 173 1 2
0
end_operator
begin_operator
tnf-forget-174-0
0
1
0 174 0 2
0
end_operator
begin_operator
tnf-forget-174-1
0
1
0 174 1 2
0
end_operator
begin_operator
tnf-forget-175-0
0
1
0 175 0 2
0
end_operator
begin_operator
tnf-forget-175-1
0
1
0 175 1 2
0
end_operator
begin_operator
tnf-forget-176-0
0
1
0 176 0 2
0
end_operator
begin_operator
tnf-forget-176-1
0
1
0 176 1 2
0
end_operator
begin_operator
tnf-forget-177-0
0
1
0 177 0 2
0
end_operator
begin_operator
tnf-forget-177-1
0
1
0 177 1 2
0
end_operator
begin_operator
tnf-forget-178-0
0
1
0 178 0 2
0
end_operator
begin_operator
tnf-forget-178-1
0
1
0 178 1 2
0
end_operator
begin_operator
tnf-forget-179-0
0
1
0 179 0 2
0
end_operator
begin_operator
tnf-forget-179-1
0
1
0 179 1 2
0
end_operator
begin_operator
tnf-forget-180-0
0
1
0 180 0 2
0
end_operator
begin_operator
tnf-forget-180-1
0
1
0 180 1 2
0
end_operator
begin_operator
tnf-forget-181-0
0
1
0 181 0 2
0
end_operator
begin_operator
tnf-forget-181-1
0
1
0 181 1 2
0
end_operator
begin_operator
tnf-forget-182-0
0
1
0 182 0 2
0
end_operator
begin_operator
tnf-forget-182-1
0
1
0 182 1 2
0
end_operator
begin_operator
tnf-forget-183-0
0
1
0 183 0 2
0
end_operator
begin_operator
tnf-forget-183-1
0
1
0 183 1 2
0
end_operator
begin_operator
tnf-forget-184-0
0
1
0 184 0 2
0
end_operator
begin_operator
tnf-forget-184-1
0
1
0 184 1 2
0
end_operator
begin_operator
tnf-forget-185-0
0
1
0 185 0 2
0
end_operator
begin_operator
tnf-forget-185-1
0
1
0 185 1 2
0
end_operator
begin_operator
tnf-forget-186-0
0
1
0 186 0 2
0
end_operator
begin_operator
tnf-forget-186-1
0
1
0 186 1 2
0
end_operator
begin_operator
tnf-forget-187-0
0
1
0 187 0 2
0
end_operator
begin_operator
tnf-forget-187-1
0
1
0 187 1 2
0
end_operator
begin_operator
tnf-forget-188-0
0
1
0 188 0 2
0
end_operator
begin_operator
tnf-forget-188-1
0
1
0 188 1 2
0
end_operator
begin_operator
tnf-forget-189-0
0
1
0 189 0 2
0
end_operator
begin_operator
tnf-forget-189-1
0
1
0 189 1 2
0
end_operator
begin_operator
tnf-forget-190-0
0
1
0 190 0 2
0
end_operator
begin_operator
tnf-forget-190-1
0
1
0 190 1 2
0
end_operator
begin_operator
tnf-forget-191-0
0
1
0 191 0 2
0
end_operator
begin_operator
tnf-forget-191-1
0
1
0 191 1 2
0
end_operator
begin_operator
tnf-forget-192-0
0
1
0 192 0 2
0
end_operator
begin_operator
tnf-forget-192-1
0
1
0 192 1 2
0
end_operator
begin_operator
tnf-forget-193-0
0
1
0 193 0 2
0
end_operator
begin_operator
tnf-forget-193-1
0
1
0 193 1 2
0
end_operator
begin_operator
tnf-forget-194-0
0
1
0 194 0 2
0
end_operator
begin_operator
tnf-forget-194-1
0
1
0 194 1 2
0
end_operator
begin_operator
tnf-forget-195-0
0
1
0 195 0 2
0
end_operator
begin_operator
tnf-forget-195-1
0
1
0 195 1 2
0
end_operator
begin_operator
tnf-forget-196-0
0
1
0 196 0 2
0
end_operator
begin_operator
tnf-forget-196-1
0
1
0 196 1 2
0
end_operator
begin_operator
tnf-forget-197-0
0
1
0 197 0 2
0
end_operator
begin_operator
tnf-forget-197-1
0
1
0 197 1 2
0
end_operator
begin_operator
tnf-forget-198-0
0
1
0 198 0 2
0
end_operator
begin_operator
tnf-forget-198-1
0
1
0 198 1 2
0
end_operator
begin_operator
tnf-forget-199-0
0
1
0 199 0 2
0
end_operator
begin_operator
tnf-forget-199-1
0
1
0 199 1 2
0
end_operator
begin_operator
tnf-forget-200-0
0
1
0 200 0 2
0
end_operator
begin_operator
tnf-forget-200-1
0
1
0 200 1 2
0
end_operator
begin_operator
tnf-forget-201-0
0
1
0 201 0 2
0
end_operator
begin_operator
tnf-forget-201-1
0
1
0 201 1 2
0
end_operator
begin_operator
tnf-forget-202-0
0
1
0 202 0 2
0
end_operator
begin_operator
tnf-forget-202-1
0
1
0 202 1 2
0
end_operator
begin_operator
tnf-forget-203-0
0
1
0 203 0 2
0
end_operator
begin_operator
tnf-forget-203-1
0
1
0 203 1 2
0
end_operator
begin_operator
tnf-forget-204-0
0
1
0 204 0 2
0
end_operator
begin_operator
tnf-forget-204-1
0
1
0 204 1 2
0
end_operator
begin_operator
tnf-forget-205-0
0
1
0 205 0 2
0
end_operator
begin_operator
tnf-forget-205-1
0
1
0 205 1 2
0
end_operator
begin_operator
tnf-forget-206-0
0
1
0 206 0 2
0
end_operator
begin_operator
tnf-forget-206-1
0
1
0 206 1 2
0
end_operator
begin_operator
tnf-forget-207-0
0
1
0 207 0 2
0
end_operator
begin_operator
tnf-forget-207-1
0
1
0 207 1 2
0
end_operator
begin_operator
tnf-forget-208-0
0
1
0 208 0 2
0
end_operator
begin_operator
tnf-forget-208-1
0
1
0 208 1 2
0
end_operator
begin_operator
tnf-forget-209-0
0
1
0 209 0 2
0
end_operator
begin_operator
tnf-forget-209-1
0
1
0 209 1 2
0
end_operator
begin_operator
tnf-forget-210-0
0
1
0 210 0 2
0
end_operator
begin_operator
tnf-forget-210-1
0
1
0 210 1 2
0
end_operator
begin_operator
tnf-forget-211-0
0
1
0 211 0 2
0
end_operator
begin_operator
tnf-forget-211-1
0
1
0 211 1 2
0
end_operator
begin_operator
tnf-forget-212-0
0
1
0 212 0 2
0
end_operator
begin_operator
tnf-forget-212-1
0
1
0 212 1 2
0
end_operator
begin_operator
tnf-forget-213-0
0
1
0 213 0 2
0
end_operator
begin_operator
tnf-forget-213-1
0
1
0 213 1 2
0
end_operator
begin_operator
tnf-forget-214-0
0
1
0 214 0 2
0
end_operator
begin_operator
tnf-forget-214-1
0
1
0 214 1 2
0
end_operator
begin_operator
tnf-forget-215-0
0
1
0 215 0 2
0
end_operator
begin_operator
tnf-forget-215-1
0
1
0 215 1 2
0
end_operator
begin_operator
tnf-forget-216-0
0
1
0 216 0 2
0
end_operator
begin_operator
tnf-forget-216-1
0
1
0 216 1 2
0
end_operator
begin_operator
tnf-forget-217-0
0
1
0 217 0 2
0
end_operator
begin_operator
tnf-forget-217-1
0
1
0 217 1 2
0
end_operator
begin_operator
tnf-forget-218-0
0
1
0 218 0 2
0
end_operator
begin_operator
tnf-forget-218-1
0
1
0 218 1 2
0
end_operator
begin_operator
tnf-forget-219-0
0
1
0 219 0 2
0
end_operator
begin_operator
tnf-forget-219-1
0
1
0 219 1 2
0
end_operator
begin_operator
tnf-forget-220-0
0
1
0 220 0 2
0
end_operator
begin_operator
tnf-forget-220-1
0
1
0 220 1 2
0
end_operator
begin_operator
tnf-forget-221-0
0
1
0 221 0 2
0
end_operator
begin_operator
tnf-forget-221-1
0
1
0 221 1 2
0
end_operator
begin_operator
tnf-forget-222-0
0
1
0 222 0 2
0
end_operator
begin_operator
tnf-forget-222-1
0
1
0 222 1 2
0
end_operator
begin_operator
tnf-forget-223-0
0
1
0 223 0 2
0
end_operator
begin_operator
tnf-forget-223-1
0
1
0 223 1 2
0
end_operator
begin_operator
tnf-forget-224-0
0
1
0 224 0 2
0
end_operator
begin_operator
tnf-forget-224-1
0
1
0 224 1 2
0
end_operator
begin_operator
tnf-forget-225-0
0
1
0 225 0 2
0
end_operator
begin_operator
tnf-forget-225-1
0
1
0 225 1 2
0
end_operator
begin_operator
tnf-forget-226-0
0
1
0 226 0 2
0
end_operator
begin_operator
tnf-forget-226-1
0
1
0 226 1 2
0
end_operator
begin_operator
tnf-forget-227-0
0
1
0 227 0 2
0
end_operator
begin_operator
tnf-forget-227-1
0
1
0 227 1 2
0
end_operator
begin_operator
tnf-forget-228-0
0
1
0 228 0 2
0
end_operator
begin_operator
tnf-forget-228-1
0
1
0 228 1 2
0
end_operator
begin_operator
tnf-forget-229-0
0
1
0 229 0 2
0
end_operator
begin_operator
tnf-forget-229-1
0
1
0 229 1 2
0
end_operator
begin_operator
tnf-forget-230-0
0
1
0 230 0 2
0
end_operator
begin_operator
tnf-forget-230-1
0
1
0 230 1 2
0
end_operator
begin_operator
tnf-forget-231-0
0
1
0 231 0 2
0
end_operator
begin_operator
tnf-forget-231-1
0
1
0 231 1 2
0
end_operator
begin_operator
tnf-forget-232-0
0
1
0 232 0 2
0
end_operator
begin_operator
tnf-forget-232-1
0
1
0 232 1 2
0
end_operator
begin_operator
tnf-forget-233-0
0
1
0 233 0 2
0
end_operator
begin_operator
tnf-forget-233-1
0
1
0 233 1 2
0
end_operator
begin_operator
tnf-forget-234-0
0
1
0 234 0 2
0
end_operator
begin_operator
tnf-forget-234-1
0
1
0 234 1 2
0
end_operator
begin_operator
tnf-forget-235-0
0
1
0 235 0 2
0
end_operator
begin_operator
tnf-forget-235-1
0
1
0 235 1 2
0
end_operator
begin_operator
tnf-forget-236-0
0
1
0 236 0 2
0
end_operator
begin_operator
tnf-forget-236-1
0
1
0 236 1 2
0
end_operator
begin_operator
tnf-forget-237-0
0
1
0 237 0 2
0
end_operator
begin_operator
tnf-forget-237-1
0
1
0 237 1 2
0
end_operator
begin_operator
tnf-forget-238-0
0
1
0 238 0 2
0
end_operator
begin_operator
tnf-forget-238-1
0
1
0 238 1 2
0
end_operator
begin_operator
tnf-forget-239-0
0
1
0 239 0 2
0
end_operator
begin_operator
tnf-forget-239-1
0
1
0 239 1 2
0
end_operator
begin_operator
tnf-forget-240-0
0
1
0 240 0 2
0
end_operator
begin_operator
tnf-forget-240-1
0
1
0 240 1 2
0
end_operator
begin_operator
tnf-forget-241-0
0
1
0 241 0 2
0
end_operator
begin_operator
tnf-forget-241-1
0
1
0 241 1 2
0
end_operator
begin_operator
tnf-forget-242-0
0
1
0 242 0 2
0
end_operator
begin_operator
tnf-forget-242-1
0
1
0 242 1 2
0
end_operator
begin_operator
tnf-forget-243-0
0
1
0 243 0 2
0
end_operator
begin_operator
tnf-forget-243-1
0
1
0 243 1 2
0
end_operator
begin_operator
tnf-forget-244-0
0
1
0 244 0 2
0
end_operator
begin_operator
tnf-forget-244-1
0
1
0 244 1 2
0
end_operator
begin_operator
tnf-forget-245-0
0
1
0 245 0 2
0
end_operator
begin_operator
tnf-forget-245-1
0
1
0 245 1 2
0
end_operator
begin_operator
tnf-forget-246-0
0
1
0 246 0 2
0
end_operator
begin_operator
tnf-forget-246-1
0
1
0 246 1 2
0
end_operator
begin_operator
tnf-forget-247-0
0
1
0 247 0 2
0
end_operator
begin_operator
tnf-forget-247-1
0
1
0 247 1 2
0
end_operator
begin_operator
tnf-forget-248-0
0
1
0 248 0 2
0
end_operator
begin_operator
tnf-forget-248-1
0
1
0 248 1 2
0
end_operator
begin_operator
tnf-forget-249-0
0
1
0 249 0 2
0
end_operator
begin_operator
tnf-forget-249-1
0
1
0 249 1 2
0
end_operator
begin_operator
tnf-forget-250-0
0
1
0 250 0 2
0
end_operator
begin_operator
tnf-forget-250-1
0
1
0 250 1 2
0
end_operator
begin_operator
tnf-forget-251-0
0
1
0 251 0 2
0
end_operator
begin_operator
tnf-forget-251-1
0
1
0 251 1 2
0
end_operator
begin_operator
tnf-forget-252-0
0
1
0 252 0 2
0
end_operator
begin_operator
tnf-forget-252-1
0
1
0 252 1 2
0
end_operator
begin_operator
tnf-forget-253-0
0
1
0 253 0 2
0
end_operator
begin_operator
tnf-forget-253-1
0
1
0 253 1 2
0
end_operator
begin_operator
tnf-forget-254-0
0
1
0 254 0 2
0
end_operator
begin_operator
tnf-forget-254-1
0
1
0 254 1 2
0
end_operator
begin_operator
tnf-forget-255-0
0
1
0 255 0 2
0
end_operator
begin_operator
tnf-forget-255-1
0
1
0 255 1 2
0
end_operator
begin_operator
tnf-forget-256-0
0
1
0 256 0 2
0
end_operator
begin_operator
tnf-forget-256-1
0
1
0 256 1 2
0
end_operator
begin_operator
tnf-forget-257-0
0
1
0 257 0 2
0
end_operator
begin_operator
tnf-forget-257-1
0
1
0 257 1 2
0
end_operator
begin_operator
tnf-forget-258-0
0
1
0 258 0 2
0
end_operator
begin_operator
tnf-forget-258-1
0
1
0 258 1 2
0
end_operator
begin_operator
tnf-forget-259-0
0
1
0 259 0 2
0
end_operator
begin_operator
tnf-forget-259-1
0
1
0 259 1 2
0
end_operator
begin_operator
tnf-forget-260-0
0
1
0 260 0 2
0
end_operator
begin_operator
tnf-forget-260-1
0
1
0 260 1 2
0
end_operator
begin_operator
tnf-forget-261-0
0
1
0 261 0 2
0
end_operator
begin_operator
tnf-forget-261-1
0
1
0 261 1 2
0
end_operator
begin_operator
tnf-forget-262-0
0
1
0 262 0 2
0
end_operator
begin_operator
tnf-forget-262-1
0
1
0 262 1 2
0
end_operator
begin_operator
tnf-forget-263-0
0
1
0 263 0 2
0
end_operator
begin_operator
tnf-forget-263-1
0
1
0 263 1 2
0
end_operator
begin_operator
tnf-forget-264-0
0
1
0 264 0 2
0
end_operator
begin_operator
tnf-forget-264-1
0
1
0 264 1 2
0
end_operator
begin_operator
tnf-forget-265-0
0
1
0 265 0 2
0
end_operator
begin_operator
tnf-forget-265-1
0
1
0 265 1 2
0
end_operator
begin_operator
tnf-forget-266-0
0
1
0 266 0 2
0
end_operator
begin_operator
tnf-forget-266-1
0
1
0 266 1 2
0
end_operator
begin_operator
tnf-forget-267-0
0
1
0 267 0 2
0
end_operator
begin_operator
tnf-forget-267-1
0
1
0 267 1 2
0
end_operator
begin_operator
tnf-forget-268-0
0
1
0 268 0 2
0
end_operator
begin_operator
tnf-forget-268-1
0
1
0 268 1 2
0
end_operator
begin_operator
tnf-forget-269-0
0
1
0 269 0 2
0
end_operator
begin_operator
tnf-forget-269-1
0
1
0 269 1 2
0
end_operator
begin_operator
tnf-forget-270-0
0
1
0 270 0 2
0
end_operator
begin_operator
tnf-forget-270-1
0
1
0 270 1 2
0
end_operator
begin_operator
tnf-forget-271-0
0
1
0 271 0 2
0
end_operator
begin_operator
tnf-forget-271-1
0
1
0 271 1 2
0
end_operator
begin_operator
tnf-forget-272-0
0
1
0 272 0 2
0
end_operator
begin_operator
tnf-forget-272-1
0
1
0 272 1 2
0
end_operator
begin_operator
tnf-forget-273-0
0
1
0 273 0 2
0
end_operator
begin_operator
tnf-forget-273-1
0
1
0 273 1 2
0
end_operator
begin_operator
tnf-forget-274-0
0
1
0 274 0 2
0
end_operator
begin_operator
tnf-forget-274-1
0
1
0 274 1 2
0
end_operator
begin_operator
tnf-forget-275-0
0
1
0 275 0 2
0
end_operator
begin_operator
tnf-forget-275-1
0
1
0 275 1 2
0
end_operator
begin_operator
tnf-forget-276-0
0
1
0 276 0 2
0
end_operator
begin_operator
tnf-forget-276-1
0
1
0 276 1 2
0
end_operator
begin_operator
tnf-forget-277-0
0
1
0 277 0 2
0
end_operator
begin_operator
tnf-forget-277-1
0
1
0 277 1 2
0
end_operator
begin_operator
tnf-forget-278-0
0
1
0 278 0 2
0
end_operator
begin_operator
tnf-forget-278-1
0
1
0 278 1 2
0
end_operator
begin_operator
tnf-forget-279-0
0
1
0 279 0 2
0
end_operator
begin_operator
tnf-forget-279-1
0
1
0 279 1 2
0
end_operator
begin_operator
tnf-forget-280-0
0
1
0 280 0 2
0
end_operator
begin_operator
tnf-forget-280-1
0
1
0 280 1 2
0
end_operator
begin_operator
tnf-forget-281-0
0
1
0 281 0 2
0
end_operator
begin_operator
tnf-forget-281-1
0
1
0 281 1 2
0
end_operator
begin_operator
tnf-forget-282-0
0
1
0 282 0 2
0
end_operator
begin_operator
tnf-forget-282-1
0
1
0 282 1 2
0
end_operator
begin_operator
tnf-forget-283-0
0
1
0 283 0 2
0
end_operator
begin_operator
tnf-forget-283-1
0
1
0 283 1 2
0
end_operator
begin_operator
tnf-forget-284-0
0
1
0 284 0 2
0
end_operator
begin_operator
tnf-forget-284-1
0
1
0 284 1 2
0
end_operator
begin_operator
tnf-forget-285-0
0
1
0 285 0 2
0
end_operator
begin_operator
tnf-forget-285-1
0
1
0 285 1 2
0
end_operator
begin_operator
tnf-forget-286-0
0
1
0 286 0 2
0
end_operator
begin_operator
tnf-forget-286-1
0
1
0 286 1 2
0
end_operator
begin_operator
tnf-forget-287-0
0
1
0 287 0 2
0
end_operator
begin_operator
tnf-forget-287-1
0
1
0 287 1 2
0
end_operator
begin_operator
tnf-forget-288-0
0
1
0 288 0 2
0
end_operator
begin_operator
tnf-forget-288-1
0
1
0 288 1 2
0
end_operator
begin_operator
tnf-forget-289-0
0
1
0 289 0 2
0
end_operator
begin_operator
tnf-forget-289-1
0
1
0 289 1 2
0
end_operator
begin_operator
tnf-forget-290-0
0
1
0 290 0 2
0
end_operator
begin_operator
tnf-forget-290-1
0
1
0 290 1 2
0
end_operator
begin_operator
tnf-forget-291-0
0
1
0 291 0 2
0
end_operator
begin_operator
tnf-forget-291-1
0
1
0 291 1 2
0
end_operator
begin_operator
tnf-forget-292-0
0
1
0 292 0 2
0
end_operator
begin_operator
tnf-forget-292-1
0
1
0 292 1 2
0
end_operator
begin_operator
tnf-forget-293-0
0
1
0 293 0 2
0
end_operator
begin_operator
tnf-forget-293-1
0
1
0 293 1 2
0
end_operator
begin_operator
tnf-forget-294-0
0
1
0 294 0 2
0
end_operator
begin_operator
tnf-forget-294-1
0
1
0 294 1 2
0
end_operator
begin_operator
tnf-forget-295-0
0
1
0 295 0 2
0
end_operator
begin_operator
tnf-forget-295-1
0
1
0 295 1 2
0
end_operator
begin_operator
tnf-forget-296-0
0
1
0 296 0 2
0
end_operator
begin_operator
tnf-forget-296-1
0
1
0 296 1 2
0
end_operator
begin_operator
tnf-forget-297-0
0
1
0 297 0 2
0
end_operator
begin_operator
tnf-forget-297-1
0
1
0 297 1 2
0
end_operator
begin_operator
tnf-forget-298-0
0
1
0 298 0 2
0
end_operator
begin_operator
tnf-forget-298-1
0
1
0 298 1 2
0
end_operator
begin_operator
tnf-forget-299-0
0
1
0 299 0 2
0
end_operator
begin_operator
tnf-forget-299-1
0
1
0 299 1 2
0
end_operator
begin_operator
tnf-forget-300-0
0
1
0 300 0 2
0
end_operator
begin_operator
tnf-forget-300-1
0
1
0 300 1 2
0
end_operator
begin_operator
tnf-forget-301-0
0
1
0 301 0 2
0
end_operator
begin_operator
tnf-forget-301-1
0
1
0 301 1 2
0
end_operator
begin_operator
tnf-forget-302-0
0
1
0 302 0 2
0
end_operator
begin_operator
tnf-forget-302-1
0
1
0 302 1 2
0
end_operator
begin_operator
tnf-forget-303-0
0
1
0 303 0 2
0
end_operator
begin_operator
tnf-forget-303-1
0
1
0 303 1 2
0
end_operator
begin_operator
tnf-forget-304-0
0
1
0 304 0 2
0
end_operator
begin_operator
tnf-forget-304-1
0
1
0 304 1 2
0
end_operator
begin_operator
tnf-forget-305-0
0
1
0 305 0 2
0
end_operator
begin_operator
tnf-forget-305-1
0
1
0 305 1 2
0
end_operator
begin_operator
tnf-forget-306-0
0
1
0 306 0 2
0
end_operator
begin_operator
tnf-forget-306-1
0
1
0 306 1 2
0
end_operator
begin_operator
tnf-forget-307-0
0
1
0 307 0 2
0
end_operator
begin_operator
tnf-forget-307-1
0
1
0 307 1 2
0
end_operator
begin_operator
tnf-forget-308-0
0
1
0 308 0 2
0
end_operator
begin_operator
tnf-forget-308-1
0
1
0 308 1 2
0
end_operator
begin_operator
tnf-forget-309-0
0
1
0 309 0 2
0
end_operator
begin_operator
tnf-forget-309-1
0
1
0 309 1 2
0
end_operator
begin_operator
tnf-forget-310-0
0
1
0 310 0 2
0
end_operator
begin_operator
tnf-forget-310-1
0
1
0 310 1 2
0
end_operator
begin_operator
tnf-forget-311-0
0
1
0 311 0 2
0
end_operator
begin_operator
tnf-forget-311-1
0
1
0 311 1 2
0
end_operator
begin_operator
tnf-forget-312-0
0
1
0 312 0 2
0
end_operator
begin_operator
tnf-forget-312-1
0
1
0 312 1 2
0
end_operator
begin_operator
tnf-forget-313-0
0
1
0 313 0 2
0
end_operator
begin_operator
tnf-forget-313-1
0
1
0 313 1 2
0
end_operator
begin_operator
tnf-forget-314-0
0
1
0 314 0 2
0
end_operator
begin_operator
tnf-forget-314-1
0
1
0 314 1 2
0
end_operator
begin_operator
tnf-forget-315-0
0
1
0 315 0 2
0
end_operator
begin_operator
tnf-forget-315-1
0
1
0 315 1 2
0
end_operator
begin_operator
tnf-forget-316-0
0
1
0 316 0 2
0
end_operator
begin_operator
tnf-forget-316-1
0
1
0 316 1 2
0
end_operator
begin_operator
tnf-forget-317-0
0
1
0 317 0 2
0
end_operator
begin_operator
tnf-forget-317-1
0
1
0 317 1 2
0
end_operator
0
