Fact[188]:
  (NOT-initialized p0 0-0-0)
  (none-of-those 0-1-1)
  (NOT-initialized p1 1-0-2)
  (none-of-those 1-1-3)
  (NOT-initialized p10 2-0-4)
  (none-of-those 2-1-5)
  (NOT-initialized p11 3-0-6)
  (none-of-those 3-1-7)
  (NOT-initialized p12 4-0-8)
  (none-of-those 4-1-9)
  (NOT-initialized p13 5-0-10)
  (none-of-those 5-1-11)
  (NOT-initialized p2 6-0-12)
  (none-of-those 6-1-13)
  (NOT-initialized p3 7-0-14)
  (none-of-those 7-1-15)
  (NOT-initialized p4 8-0-16)
  (none-of-those 8-1-17)
  (NOT-initialized p5 9-0-18)
  (none-of-those 9-1-19)
  (NOT-initialized p6 10-0-20)
  (none-of-those 10-1-21)
  (NOT-initialized p7 11-0-22)
  (none-of-those 11-1-23)
  (NOT-initialized p8 12-0-24)
  (none-of-those 12-1-25)
  (NOT-initialized p9 13-0-26)
  (none-of-those 13-1-27)
  (NOT-rcnot l0_l1_i12 14-0-28)
  (rcnot l0_l1_i12 14-1-29)
  (NOT-rcnot l0_l1_i15 15-0-30)
  (rcnot l0_l1_i15 15-1-31)
  (NOT-rcnot l0_l1_i4 16-0-32)
  (rcnot l0_l1_i4 16-1-33)
  (NOT-rcnot l1_l2_i10 17-0-34)
  (rcnot l1_l2_i10 17-1-35)
  (NOT-rcnot l2_l3_i16 18-0-36)
  (rcnot l2_l3_i16 18-1-37)
  (NOT-rcnot l2_l3_i19 19-0-38)
  (rcnot l2_l3_i19 19-1-39)
  (NOT-rcnot l2_l3_i6 20-0-40)
  (rcnot l2_l3_i6 20-1-41)
  (NOT-rcnot l2_l3_i9 21-0-42)
  (rcnot l2_l3_i9 21-1-43)
  (NOT-rcnot l3_l0_i11 22-0-44)
  (rcnot l3_l0_i11 22-1-45)
  (NOT-rcnot l3_l0_i21 23-0-46)
  (rcnot l3_l0_i21 23-1-47)
  (NOT-occupied_pqubit p0 24-0-48)
  (none-of-those 24-1-49)
  (NOT-occupied_pqubit p1 25-0-50)
  (none-of-those 25-1-51)
  (NOT-occupied_pqubit p10 26-0-52)
  (none-of-those 26-1-53)
  (NOT-occupied_pqubit p11 27-0-54)
  (none-of-those 27-1-55)
  (NOT-occupied_pqubit p12 28-0-56)
  (none-of-those 28-1-57)
  (NOT-occupied_pqubit p13 29-0-58)
  (none-of-those 29-1-59)
  (NOT-occupied_pqubit p2 30-0-60)
  (none-of-those 30-1-61)
  (NOT-occupied_pqubit p3 31-0-62)
  (none-of-those 31-1-63)
  (NOT-occupied_pqubit p4 32-0-64)
  (none-of-those 32-1-65)
  (NOT-occupied_pqubit p5 33-0-66)
  (none-of-those 33-1-67)
  (NOT-occupied_pqubit p6 34-0-68)
  (none-of-those 34-1-69)
  (NOT-occupied_pqubit p7 35-0-70)
  (none-of-those 35-1-71)
  (NOT-occupied_pqubit p8 36-0-72)
  (none-of-those 36-1-73)
  (NOT-occupied_pqubit p9 37-0-74)
  (none-of-those 37-1-75)
  (mapped l0 p0 38-0-76)
  (none-of-those 38-1-77)
  (mapped l0 p1 39-0-78)
  (none-of-those 39-1-79)
  (mapped l0 p10 40-0-80)
  (none-of-those 40-1-81)
  (mapped l0 p11 41-0-82)
  (none-of-those 41-1-83)
  (mapped l0 p12 42-0-84)
  (none-of-those 42-1-85)
  (mapped l0 p13 43-0-86)
  (none-of-those 43-1-87)
  (mapped l0 p2 44-0-88)
  (none-of-those 44-1-89)
  (mapped l0 p3 45-0-90)
  (none-of-those 45-1-91)
  (mapped l0 p4 46-0-92)
  (none-of-those 46-1-93)
  (mapped l0 p5 47-0-94)
  (none-of-those 47-1-95)
  (mapped l0 p6 48-0-96)
  (none-of-those 48-1-97)
  (mapped l0 p7 49-0-98)
  (none-of-those 49-1-99)
  (mapped l0 p8 50-0-100)
  (none-of-those 50-1-101)
  (mapped l0 p9 51-0-102)
  (none-of-those 51-1-103)
  (mapped l1 p0 52-0-104)
  (none-of-those 52-1-105)
  (mapped l1 p1 53-0-106)
  (none-of-those 53-1-107)
  (mapped l1 p10 54-0-108)
  (none-of-those 54-1-109)
  (mapped l1 p11 55-0-110)
  (none-of-those 55-1-111)
  (mapped l1 p12 56-0-112)
  (none-of-those 56-1-113)
  (mapped l1 p13 57-0-114)
  (none-of-those 57-1-115)
  (mapped l1 p2 58-0-116)
  (none-of-those 58-1-117)
  (mapped l1 p3 59-0-118)
  (none-of-those 59-1-119)
  (mapped l1 p4 60-0-120)
  (none-of-those 60-1-121)
  (mapped l1 p5 61-0-122)
  (none-of-those 61-1-123)
  (mapped l1 p6 62-0-124)
  (none-of-those 62-1-125)
  (mapped l1 p7 63-0-126)
  (none-of-those 63-1-127)
  (mapped l1 p8 64-0-128)
  (none-of-those 64-1-129)
  (mapped l1 p9 65-0-130)
  (none-of-those 65-1-131)
  (mapped l2 p0 66-0-132)
  (none-of-those 66-1-133)
  (mapped l2 p1 67-0-134)
  (none-of-those 67-1-135)
  (mapped l2 p10 68-0-136)
  (none-of-those 68-1-137)
  (mapped l2 p11 69-0-138)
  (none-of-those 69-1-139)
  (mapped l2 p12 70-0-140)
  (none-of-those 70-1-141)
  (mapped l2 p13 71-0-142)
  (none-of-those 71-1-143)
  (mapped l2 p2 72-0-144)
  (none-of-those 72-1-145)
  (mapped l2 p3 73-0-146)
  (none-of-those 73-1-147)
  (mapped l2 p4 74-0-148)
  (none-of-those 74-1-149)
  (mapped l2 p5 75-0-150)
  (none-of-those 75-1-151)
  (mapped l2 p6 76-0-152)
  (none-of-those 76-1-153)
  (mapped l2 p7 77-0-154)
  (none-of-those 77-1-155)
  (mapped l2 p8 78-0-156)
  (none-of-those 78-1-157)
  (mapped l2 p9 79-0-158)
  (none-of-those 79-1-159)
  (mapped l3 p0 80-0-160)
  (none-of-those 80-1-161)
  (mapped l3 p1 81-0-162)
  (none-of-those 81-1-163)
  (mapped l3 p10 82-0-164)
  (none-of-those 82-1-165)
  (mapped l3 p11 83-0-166)
  (none-of-those 83-1-167)
  (mapped l3 p12 84-0-168)
  (none-of-those 84-1-169)
  (mapped l3 p13 85-0-170)
  (none-of-those 85-1-171)
  (mapped l3 p2 86-0-172)
  (none-of-those 86-1-173)
  (mapped l3 p3 87-0-174)
  (none-of-those 87-1-175)
  (mapped l3 p4 88-0-176)
  (none-of-those 88-1-177)
  (mapped l3 p5 89-0-178)
  (none-of-those 89-1-179)
  (mapped l3 p6 90-0-180)
  (none-of-those 90-1-181)
  (mapped l3 p7 91-0-182)
  (none-of-those 91-1-183)
  (mapped l3 p8 92-0-184)
  (none-of-those 92-1-185)
  (mapped l3 p9 93-0-186)
  (none-of-those 93-1-187)
Op[720]:
  (apply_cnot_l0_l1_i12 p0 p1), cost: 1
    pre: (rcnot l0_l1_i12 14-1-29) (NOT-rcnot l1_l2_i10 17-0-34) (NOT-rcnot l3_l0_i11 22-0-44) (mapped l0 p0 38-0-76) (mapped l1 p1 53-0-106)
    add: (NOT-rcnot l0_l1_i12 14-0-28)
    del: (rcnot l0_l1_i12 14-1-29)
  (apply_cnot_l0_l1_i12 p1 p0), cost: 1
    pre: (rcnot l0_l1_i12 14-1-29) (NOT-rcnot l1_l2_i10 17-0-34) (NOT-rcnot l3_l0_i11 22-0-44) (mapped l0 p1 39-0-78) (mapped l1 p0 52-0-104)
    add: (NOT-rcnot l0_l1_i12 14-0-28)
    del: (rcnot l0_l1_i12 14-1-29)
  (apply_cnot_l0_l1_i12 p1 p13), cost: 1
    pre: (rcnot l0_l1_i12 14-1-29) (NOT-rcnot l1_l2_i10 17-0-34) (NOT-rcnot l3_l0_i11 22-0-44) (mapped l0 p1 39-0-78) (mapped l1 p13 57-0-114)
    add: (NOT-rcnot l0_l1_i12 14-0-28)
    del: (rcnot l0_l1_i12 14-1-29)
  (apply_cnot_l0_l1_i12 p1 p2), cost: 1
    pre: (rcnot l0_l1_i12 14-1-29) (NOT-rcnot l1_l2_i10 17-0-34) (NOT-rcnot l3_l0_i11 22-0-44) (mapped l0 p1 39-0-78) (mapped l1 p2 58-0-116)
    add: (NOT-rcnot l0_l1_i12 14-0-28)
    del: (rcnot l0_l1_i12 14-1-29)
  (apply_cnot_l0_l1_i12 p10 p11), cost: 1
    pre: (rcnot l0_l1_i12 14-1-29) (NOT-rcnot l1_l2_i10 17-0-34) (NOT-rcnot l3_l0_i11 22-0-44) (mapped l0 p10 40-0-80) (mapped l1 p11 55-0-110)
    add: (NOT-rcnot l0_l1_i12 14-0-28)
    del: (rcnot l0_l1_i12 14-1-29)
  (apply_cnot_l0_l1_i12 p10 p4), cost: 1
    pre: (rcnot l0_l1_i12 14-1-29) (NOT-rcnot l1_l2_i10 17-0-34) (NOT-rcnot l3_l0_i11 22-0-44) (mapped l0 p10 40-0-80) (mapped l1 p4 60-0-120)
    add: (NOT-rcnot l0_l1_i12 14-0-28)
    del: (rcnot l0_l1_i12 14-1-29)
  (apply_cnot_l0_l1_i12 p10 p9), cost: 1
    pre: (rcnot l0_l1_i12 14-1-29) (NOT-rcnot l1_l2_i10 17-0-34) (NOT-rcnot l3_l0_i11 22-0-44) (mapped l0 p10 40-0-80) (mapped l1 p9 65-0-130)
    add: (NOT-rcnot l0_l1_i12 14-0-28)
    del: (rcnot l0_l1_i12 14-1-29)
  (apply_cnot_l0_l1_i12 p11 p10), cost: 1
    pre: (rcnot l0_l1_i12 14-1-29) (NOT-rcnot l1_l2_i10 17-0-34) (NOT-rcnot l3_l0_i11 22-0-44) (mapped l0 p11 41-0-82) (mapped l1 p10 54-0-108)
    add: (NOT-rcnot l0_l1_i12 14-0-28)
    del: (rcnot l0_l1_i12 14-1-29)
  (apply_cnot_l0_l1_i12 p11 p12), cost: 1
    pre: (rcnot l0_l1_i12 14-1-29) (NOT-rcnot l1_l2_i10 17-0-34) (NOT-rcnot l3_l0_i11 22-0-44) (mapped l0 p11 41-0-82) (mapped l1 p12 56-0-112)
    add: (NOT-rcnot l0_l1_i12 14-0-28)
    del: (rcnot l0_l1_i12 14-1-29)
  (apply_cnot_l0_l1_i12 p11 p3), cost: 1
    pre: (rcnot l0_l1_i12 14-1-29) (NOT-rcnot l1_l2_i10 17-0-34) (NOT-rcnot l3_l0_i11 22-0-44) (mapped l0 p11 41-0-82) (mapped l1 p3 59-0-118)
    add: (NOT-rcnot l0_l1_i12 14-0-28)
    del: (rcnot l0_l1_i12 14-1-29)
  (apply_cnot_l0_l1_i12 p12 p11), cost: 1
    pre: (rcnot l0_l1_i12 14-1-29) (NOT-rcnot l1_l2_i10 17-0-34) (NOT-rcnot l3_l0_i11 22-0-44) (mapped l0 p12 42-0-84) (mapped l1 p11 55-0-110)
    add: (NOT-rcnot l0_l1_i12 14-0-28)
    del: (rcnot l0_l1_i12 14-1-29)
  (apply_cnot_l0_l1_i12 p12 p13), cost: 1
    pre: (rcnot l0_l1_i12 14-1-29) (NOT-rcnot l1_l2_i10 17-0-34) (NOT-rcnot l3_l0_i11 22-0-44) (mapped l0 p12 42-0-84) (mapped l1 p13 57-0-114)
    add: (NOT-rcnot l0_l1_i12 14-0-28)
    del: (rcnot l0_l1_i12 14-1-29)
  (apply_cnot_l0_l1_i12 p12 p2), cost: 1
    pre: (rcnot l0_l1_i12 14-1-29) (NOT-rcnot l1_l2_i10 17-0-34) (NOT-rcnot l3_l0_i11 22-0-44) (mapped l0 p12 42-0-84) (mapped l1 p2 58-0-116)
    add: (NOT-rcnot l0_l1_i12 14-0-28)
    del: (rcnot l0_l1_i12 14-1-29)
  (apply_cnot_l0_l1_i12 p13 p1), cost: 1
    pre: (rcnot l0_l1_i12 14-1-29) (NOT-rcnot l1_l2_i10 17-0-34) (NOT-rcnot l3_l0_i11 22-0-44) (mapped l0 p13 43-0-86) (mapped l1 p1 53-0-106)
    add: (NOT-rcnot l0_l1_i12 14-0-28)
    del: (rcnot l0_l1_i12 14-1-29)
  (apply_cnot_l0_l1_i12 p13 p12), cost: 1
    pre: (rcnot l0_l1_i12 14-1-29) (NOT-rcnot l1_l2_i10 17-0-34) (NOT-rcnot l3_l0_i11 22-0-44) (mapped l0 p13 43-0-86) (mapped l1 p12 56-0-112)
    add: (NOT-rcnot l0_l1_i12 14-0-28)
    del: (rcnot l0_l1_i12 14-1-29)
  (apply_cnot_l0_l1_i12 p2 p1), cost: 1
    pre: (rcnot l0_l1_i12 14-1-29) (NOT-rcnot l1_l2_i10 17-0-34) (NOT-rcnot l3_l0_i11 22-0-44) (mapped l0 p2 44-0-88) (mapped l1 p1 53-0-106)
    add: (NOT-rcnot l0_l1_i12 14-0-28)
    del: (rcnot l0_l1_i12 14-1-29)
  (apply_cnot_l0_l1_i12 p2 p12), cost: 1
    pre: (rcnot l0_l1_i12 14-1-29) (NOT-rcnot l1_l2_i10 17-0-34) (NOT-rcnot l3_l0_i11 22-0-44) (mapped l0 p2 44-0-88) (mapped l1 p12 56-0-112)
    add: (NOT-rcnot l0_l1_i12 14-0-28)
    del: (rcnot l0_l1_i12 14-1-29)
  (apply_cnot_l0_l1_i12 p2 p3), cost: 1
    pre: (rcnot l0_l1_i12 14-1-29) (NOT-rcnot l1_l2_i10 17-0-34) (NOT-rcnot l3_l0_i11 22-0-44) (mapped l0 p2 44-0-88) (mapped l1 p3 59-0-118)
    add: (NOT-rcnot l0_l1_i12 14-0-28)
    del: (rcnot l0_l1_i12 14-1-29)
  (apply_cnot_l0_l1_i12 p3 p11), cost: 1
    pre: (rcnot l0_l1_i12 14-1-29) (NOT-rcnot l1_l2_i10 17-0-34) (NOT-rcnot l3_l0_i11 22-0-44) (mapped l0 p3 45-0-90) (mapped l1 p11 55-0-110)
    add: (NOT-rcnot l0_l1_i12 14-0-28)
    del: (rcnot l0_l1_i12 14-1-29)
  (apply_cnot_l0_l1_i12 p3 p2), cost: 1
    pre: (rcnot l0_l1_i12 14-1-29) (NOT-rcnot l1_l2_i10 17-0-34) (NOT-rcnot l3_l0_i11 22-0-44) (mapped l0 p3 45-0-90) (mapped l1 p2 58-0-116)
    add: (NOT-rcnot l0_l1_i12 14-0-28)
    del: (rcnot l0_l1_i12 14-1-29)
  (apply_cnot_l0_l1_i12 p3 p4), cost: 1
    pre: (rcnot l0_l1_i12 14-1-29) (NOT-rcnot l1_l2_i10 17-0-34) (NOT-rcnot l3_l0_i11 22-0-44) (mapped l0 p3 45-0-90) (mapped l1 p4 60-0-120)
    add: (NOT-rcnot l0_l1_i12 14-0-28)
    del: (rcnot l0_l1_i12 14-1-29)
  (apply_cnot_l0_l1_i12 p4 p10), cost: 1
    pre: (rcnot l0_l1_i12 14-1-29) (NOT-rcnot l1_l2_i10 17-0-34) (NOT-rcnot l3_l0_i11 22-0-44) (mapped l0 p4 46-0-92) (mapped l1 p10 54-0-108)
    add: (NOT-rcnot l0_l1_i12 14-0-28)
    del: (rcnot l0_l1_i12 14-1-29)
  (apply_cnot_l0_l1_i12 p4 p3), cost: 1
    pre: (rcnot l0_l1_i12 14-1-29) (NOT-rcnot l1_l2_i10 17-0-34) (NOT-rcnot l3_l0_i11 22-0-44) (mapped l0 p4 46-0-92) (mapped l1 p3 59-0-118)
    add: (NOT-rcnot l0_l1_i12 14-0-28)
    del: (rcnot l0_l1_i12 14-1-29)
  (apply_cnot_l0_l1_i12 p4 p5), cost: 1
    pre: (rcnot l0_l1_i12 14-1-29) (NOT-rcnot l1_l2_i10 17-0-34) (NOT-rcnot l3_l0_i11 22-0-44) (mapped l0 p4 46-0-92) (mapped l1 p5 61-0-122)
    add: (NOT-rcnot l0_l1_i12 14-0-28)
    del: (rcnot l0_l1_i12 14-1-29)
  (apply_cnot_l0_l1_i12 p5 p4), cost: 1
    pre: (rcnot l0_l1_i12 14-1-29) (NOT-rcnot l1_l2_i10 17-0-34) (NOT-rcnot l3_l0_i11 22-0-44) (mapped l0 p5 47-0-94) (mapped l1 p4 60-0-120)
    add: (NOT-rcnot l0_l1_i12 14-0-28)
    del: (rcnot l0_l1_i12 14-1-29)
  (apply_cnot_l0_l1_i12 p5 p6), cost: 1
    pre: (rcnot l0_l1_i12 14-1-29) (NOT-rcnot l1_l2_i10 17-0-34) (NOT-rcnot l3_l0_i11 22-0-44) (mapped l0 p5 47-0-94) (mapped l1 p6 62-0-124)
    add: (NOT-rcnot l0_l1_i12 14-0-28)
    del: (rcnot l0_l1_i12 14-1-29)
  (apply_cnot_l0_l1_i12 p5 p9), cost: 1
    pre: (rcnot l0_l1_i12 14-1-29) (NOT-rcnot l1_l2_i10 17-0-34) (NOT-rcnot l3_l0_i11 22-0-44) (mapped l0 p5 47-0-94) (mapped l1 p9 65-0-130)
    add: (NOT-rcnot l0_l1_i12 14-0-28)
    del: (rcnot l0_l1_i12 14-1-29)
  (apply_cnot_l0_l1_i12 p6 p5), cost: 1
    pre: (rcnot l0_l1_i12 14-1-29) (NOT-rcnot l1_l2_i10 17-0-34) (NOT-rcnot l3_l0_i11 22-0-44) (mapped l0 p6 48-0-96) (mapped l1 p5 61-0-122)
    add: (NOT-rcnot l0_l1_i12 14-0-28)
    del: (rcnot l0_l1_i12 14-1-29)
  (apply_cnot_l0_l1_i12 p6 p8), cost: 1
    pre: (rcnot l0_l1_i12 14-1-29) (NOT-rcnot l1_l2_i10 17-0-34) (NOT-rcnot l3_l0_i11 22-0-44) (mapped l0 p6 48-0-96) (mapped l1 p8 64-0-128)
    add: (NOT-rcnot l0_l1_i12 14-0-28)
    del: (rcnot l0_l1_i12 14-1-29)
  (apply_cnot_l0_l1_i12 p7 p8), cost: 1
    pre: (rcnot l0_l1_i12 14-1-29) (NOT-rcnot l1_l2_i10 17-0-34) (NOT-rcnot l3_l0_i11 22-0-44) (mapped l0 p7 49-0-98) (mapped l1 p8 64-0-128)
    add: (NOT-rcnot l0_l1_i12 14-0-28)
    del: (rcnot l0_l1_i12 14-1-29)
  (apply_cnot_l0_l1_i12 p8 p6), cost: 1
    pre: (rcnot l0_l1_i12 14-1-29) (NOT-rcnot l1_l2_i10 17-0-34) (NOT-rcnot l3_l0_i11 22-0-44) (mapped l0 p8 50-0-100) (mapped l1 p6 62-0-124)
    add: (NOT-rcnot l0_l1_i12 14-0-28)
    del: (rcnot l0_l1_i12 14-1-29)
  (apply_cnot_l0_l1_i12 p8 p7), cost: 1
    pre: (rcnot l0_l1_i12 14-1-29) (NOT-rcnot l1_l2_i10 17-0-34) (NOT-rcnot l3_l0_i11 22-0-44) (mapped l0 p8 50-0-100) (mapped l1 p7 63-0-126)
    add: (NOT-rcnot l0_l1_i12 14-0-28)
    del: (rcnot l0_l1_i12 14-1-29)
  (apply_cnot_l0_l1_i12 p8 p9), cost: 1
    pre: (rcnot l0_l1_i12 14-1-29) (NOT-rcnot l1_l2_i10 17-0-34) (NOT-rcnot l3_l0_i11 22-0-44) (mapped l0 p8 50-0-100) (mapped l1 p9 65-0-130)
    add: (NOT-rcnot l0_l1_i12 14-0-28)
    del: (rcnot l0_l1_i12 14-1-29)
  (apply_cnot_l0_l1_i12 p9 p10), cost: 1
    pre: (rcnot l0_l1_i12 14-1-29) (NOT-rcnot l1_l2_i10 17-0-34) (NOT-rcnot l3_l0_i11 22-0-44) (mapped l0 p9 51-0-102) (mapped l1 p10 54-0-108)
    add: (NOT-rcnot l0_l1_i12 14-0-28)
    del: (rcnot l0_l1_i12 14-1-29)
  (apply_cnot_l0_l1_i12 p9 p5), cost: 1
    pre: (rcnot l0_l1_i12 14-1-29) (NOT-rcnot l1_l2_i10 17-0-34) (NOT-rcnot l3_l0_i11 22-0-44) (mapped l0 p9 51-0-102) (mapped l1 p5 61-0-122)
    add: (NOT-rcnot l0_l1_i12 14-0-28)
    del: (rcnot l0_l1_i12 14-1-29)
  (apply_cnot_l0_l1_i12 p9 p8), cost: 1
    pre: (rcnot l0_l1_i12 14-1-29) (NOT-rcnot l1_l2_i10 17-0-34) (NOT-rcnot l3_l0_i11 22-0-44) (mapped l0 p9 51-0-102) (mapped l1 p8 64-0-128)
    add: (NOT-rcnot l0_l1_i12 14-0-28)
    del: (rcnot l0_l1_i12 14-1-29)
  (apply_cnot_l0_l1_i15 p0 p1), cost: 1
    pre: (NOT-rcnot l0_l1_i12 14-0-28) (rcnot l0_l1_i15 15-1-31) (mapped l0 p0 38-0-76) (mapped l1 p1 53-0-106)
    add: (NOT-rcnot l0_l1_i15 15-0-30)
    del: (rcnot l0_l1_i15 15-1-31)
  (apply_cnot_l0_l1_i15 p1 p0), cost: 1
    pre: (NOT-rcnot l0_l1_i12 14-0-28) (rcnot l0_l1_i15 15-1-31) (mapped l0 p1 39-0-78) (mapped l1 p0 52-0-104)
    add: (NOT-rcnot l0_l1_i15 15-0-30)
    del: (rcnot l0_l1_i15 15-1-31)
  (apply_cnot_l0_l1_i15 p1 p13), cost: 1
    pre: (NOT-rcnot l0_l1_i12 14-0-28) (rcnot l0_l1_i15 15-1-31) (mapped l0 p1 39-0-78) (mapped l1 p13 57-0-114)
    add: (NOT-rcnot l0_l1_i15 15-0-30)
    del: (rcnot l0_l1_i15 15-1-31)
  (apply_cnot_l0_l1_i15 p1 p2), cost: 1
    pre: (NOT-rcnot l0_l1_i12 14-0-28) (rcnot l0_l1_i15 15-1-31) (mapped l0 p1 39-0-78) (mapped l1 p2 58-0-116)
    add: (NOT-rcnot l0_l1_i15 15-0-30)
    del: (rcnot l0_l1_i15 15-1-31)
  (apply_cnot_l0_l1_i15 p10 p11), cost: 1
    pre: (NOT-rcnot l0_l1_i12 14-0-28) (rcnot l0_l1_i15 15-1-31) (mapped l0 p10 40-0-80) (mapped l1 p11 55-0-110)
    add: (NOT-rcnot l0_l1_i15 15-0-30)
    del: (rcnot l0_l1_i15 15-1-31)
  (apply_cnot_l0_l1_i15 p10 p4), cost: 1
    pre: (NOT-rcnot l0_l1_i12 14-0-28) (rcnot l0_l1_i15 15-1-31) (mapped l0 p10 40-0-80) (mapped l1 p4 60-0-120)
    add: (NOT-rcnot l0_l1_i15 15-0-30)
    del: (rcnot l0_l1_i15 15-1-31)
  (apply_cnot_l0_l1_i15 p10 p9), cost: 1
    pre: (NOT-rcnot l0_l1_i12 14-0-28) (rcnot l0_l1_i15 15-1-31) (mapped l0 p10 40-0-80) (mapped l1 p9 65-0-130)
    add: (NOT-rcnot l0_l1_i15 15-0-30)
    del: (rcnot l0_l1_i15 15-1-31)
  (apply_cnot_l0_l1_i15 p11 p10), cost: 1
    pre: (NOT-rcnot l0_l1_i12 14-0-28) (rcnot l0_l1_i15 15-1-31) (mapped l0 p11 41-0-82) (mapped l1 p10 54-0-108)
    add: (NOT-rcnot l0_l1_i15 15-0-30)
    del: (rcnot l0_l1_i15 15-1-31)
  (apply_cnot_l0_l1_i15 p11 p12), cost: 1
    pre: (NOT-rcnot l0_l1_i12 14-0-28) (rcnot l0_l1_i15 15-1-31) (mapped l0 p11 41-0-82) (mapped l1 p12 56-0-112)
    add: (NOT-rcnot l0_l1_i15 15-0-30)
    del: (rcnot l0_l1_i15 15-1-31)
  (apply_cnot_l0_l1_i15 p11 p3), cost: 1
    pre: (NOT-rcnot l0_l1_i12 14-0-28) (rcnot l0_l1_i15 15-1-31) (mapped l0 p11 41-0-82) (mapped l1 p3 59-0-118)
    add: (NOT-rcnot l0_l1_i15 15-0-30)
    del: (rcnot l0_l1_i15 15-1-31)
  (apply_cnot_l0_l1_i15 p12 p11), cost: 1
    pre: (NOT-rcnot l0_l1_i12 14-0-28) (rcnot l0_l1_i15 15-1-31) (mapped l0 p12 42-0-84) (mapped l1 p11 55-0-110)
    add: (NOT-rcnot l0_l1_i15 15-0-30)
    del: (rcnot l0_l1_i15 15-1-31)
  (apply_cnot_l0_l1_i15 p12 p13), cost: 1
    pre: (NOT-rcnot l0_l1_i12 14-0-28) (rcnot l0_l1_i15 15-1-31) (mapped l0 p12 42-0-84) (mapped l1 p13 57-0-114)
    add: (NOT-rcnot l0_l1_i15 15-0-30)
    del: (rcnot l0_l1_i15 15-1-31)
  (apply_cnot_l0_l1_i15 p12 p2), cost: 1
    pre: (NOT-rcnot l0_l1_i12 14-0-28) (rcnot l0_l1_i15 15-1-31) (mapped l0 p12 42-0-84) (mapped l1 p2 58-0-116)
    add: (NOT-rcnot l0_l1_i15 15-0-30)
    del: (rcnot l0_l1_i15 15-1-31)
  (apply_cnot_l0_l1_i15 p13 p1), cost: 1
    pre: (NOT-rcnot l0_l1_i12 14-0-28) (rcnot l0_l1_i15 15-1-31) (mapped l0 p13 43-0-86) (mapped l1 p1 53-0-106)
    add: (NOT-rcnot l0_l1_i15 15-0-30)
    del: (rcnot l0_l1_i15 15-1-31)
  (apply_cnot_l0_l1_i15 p13 p12), cost: 1
    pre: (NOT-rcnot l0_l1_i12 14-0-28) (rcnot l0_l1_i15 15-1-31) (mapped l0 p13 43-0-86) (mapped l1 p12 56-0-112)
    add: (NOT-rcnot l0_l1_i15 15-0-30)
    del: (rcnot l0_l1_i15 15-1-31)
  (apply_cnot_l0_l1_i15 p2 p1), cost: 1
    pre: (NOT-rcnot l0_l1_i12 14-0-28) (rcnot l0_l1_i15 15-1-31) (mapped l0 p2 44-0-88) (mapped l1 p1 53-0-106)
    add: (NOT-rcnot l0_l1_i15 15-0-30)
    del: (rcnot l0_l1_i15 15-1-31)
  (apply_cnot_l0_l1_i15 p2 p12), cost: 1
    pre: (NOT-rcnot l0_l1_i12 14-0-28) (rcnot l0_l1_i15 15-1-31) (mapped l0 p2 44-0-88) (mapped l1 p12 56-0-112)
    add: (NOT-rcnot l0_l1_i15 15-0-30)
    del: (rcnot l0_l1_i15 15-1-31)
  (apply_cnot_l0_l1_i15 p2 p3), cost: 1
    pre: (NOT-rcnot l0_l1_i12 14-0-28) (rcnot l0_l1_i15 15-1-31) (mapped l0 p2 44-0-88) (mapped l1 p3 59-0-118)
    add: (NOT-rcnot l0_l1_i15 15-0-30)
    del: (rcnot l0_l1_i15 15-1-31)
  (apply_cnot_l0_l1_i15 p3 p11), cost: 1
    pre: (NOT-rcnot l0_l1_i12 14-0-28) (rcnot l0_l1_i15 15-1-31) (mapped l0 p3 45-0-90) (mapped l1 p11 55-0-110)
    add: (NOT-rcnot l0_l1_i15 15-0-30)
    del: (rcnot l0_l1_i15 15-1-31)
  (apply_cnot_l0_l1_i15 p3 p2), cost: 1
    pre: (NOT-rcnot l0_l1_i12 14-0-28) (rcnot l0_l1_i15 15-1-31) (mapped l0 p3 45-0-90) (mapped l1 p2 58-0-116)
    add: (NOT-rcnot l0_l1_i15 15-0-30)
    del: (rcnot l0_l1_i15 15-1-31)
  (apply_cnot_l0_l1_i15 p3 p4), cost: 1
    pre: (NOT-rcnot l0_l1_i12 14-0-28) (rcnot l0_l1_i15 15-1-31) (mapped l0 p3 45-0-90) (mapped l1 p4 60-0-120)
    add: (NOT-rcnot l0_l1_i15 15-0-30)
    del: (rcnot l0_l1_i15 15-1-31)
  (apply_cnot_l0_l1_i15 p4 p10), cost: 1
    pre: (NOT-rcnot l0_l1_i12 14-0-28) (rcnot l0_l1_i15 15-1-31) (mapped l0 p4 46-0-92) (mapped l1 p10 54-0-108)
    add: (NOT-rcnot l0_l1_i15 15-0-30)
    del: (rcnot l0_l1_i15 15-1-31)
  (apply_cnot_l0_l1_i15 p4 p3), cost: 1
    pre: (NOT-rcnot l0_l1_i12 14-0-28) (rcnot l0_l1_i15 15-1-31) (mapped l0 p4 46-0-92) (mapped l1 p3 59-0-118)
    add: (NOT-rcnot l0_l1_i15 15-0-30)
    del: (rcnot l0_l1_i15 15-1-31)
  (apply_cnot_l0_l1_i15 p4 p5), cost: 1
    pre: (NOT-rcnot l0_l1_i12 14-0-28) (rcnot l0_l1_i15 15-1-31) (mapped l0 p4 46-0-92) (mapped l1 p5 61-0-122)
    add: (NOT-rcnot l0_l1_i15 15-0-30)
    del: (rcnot l0_l1_i15 15-1-31)
  (apply_cnot_l0_l1_i15 p5 p4), cost: 1
    pre: (NOT-rcnot l0_l1_i12 14-0-28) (rcnot l0_l1_i15 15-1-31) (mapped l0 p5 47-0-94) (mapped l1 p4 60-0-120)
    add: (NOT-rcnot l0_l1_i15 15-0-30)
    del: (rcnot l0_l1_i15 15-1-31)
  (apply_cnot_l0_l1_i15 p5 p6), cost: 1
    pre: (NOT-rcnot l0_l1_i12 14-0-28) (rcnot l0_l1_i15 15-1-31) (mapped l0 p5 47-0-94) (mapped l1 p6 62-0-124)
    add: (NOT-rcnot l0_l1_i15 15-0-30)
    del: (rcnot l0_l1_i15 15-1-31)
  (apply_cnot_l0_l1_i15 p5 p9), cost: 1
    pre: (NOT-rcnot l0_l1_i12 14-0-28) (rcnot l0_l1_i15 15-1-31) (mapped l0 p5 47-0-94) (mapped l1 p9 65-0-130)
    add: (NOT-rcnot l0_l1_i15 15-0-30)
    del: (rcnot l0_l1_i15 15-1-31)
  (apply_cnot_l0_l1_i15 p6 p5), cost: 1
    pre: (NOT-rcnot l0_l1_i12 14-0-28) (rcnot l0_l1_i15 15-1-31) (mapped l0 p6 48-0-96) (mapped l1 p5 61-0-122)
    add: (NOT-rcnot l0_l1_i15 15-0-30)
    del: (rcnot l0_l1_i15 15-1-31)
  (apply_cnot_l0_l1_i15 p6 p8), cost: 1
    pre: (NOT-rcnot l0_l1_i12 14-0-28) (rcnot l0_l1_i15 15-1-31) (mapped l0 p6 48-0-96) (mapped l1 p8 64-0-128)
    add: (NOT-rcnot l0_l1_i15 15-0-30)
    del: (rcnot l0_l1_i15 15-1-31)
  (apply_cnot_l0_l1_i15 p7 p8), cost: 1
    pre: (NOT-rcnot l0_l1_i12 14-0-28) (rcnot l0_l1_i15 15-1-31) (mapped l0 p7 49-0-98) (mapped l1 p8 64-0-128)
    add: (NOT-rcnot l0_l1_i15 15-0-30)
    del: (rcnot l0_l1_i15 15-1-31)
  (apply_cnot_l0_l1_i15 p8 p6), cost: 1
    pre: (NOT-rcnot l0_l1_i12 14-0-28) (rcnot l0_l1_i15 15-1-31) (mapped l0 p8 50-0-100) (mapped l1 p6 62-0-124)
    add: (NOT-rcnot l0_l1_i15 15-0-30)
    del: (rcnot l0_l1_i15 15-1-31)
  (apply_cnot_l0_l1_i15 p8 p7), cost: 1
    pre: (NOT-rcnot l0_l1_i12 14-0-28) (rcnot l0_l1_i15 15-1-31) (mapped l0 p8 50-0-100) (mapped l1 p7 63-0-126)
    add: (NOT-rcnot l0_l1_i15 15-0-30)
    del: (rcnot l0_l1_i15 15-1-31)
  (apply_cnot_l0_l1_i15 p8 p9), cost: 1
    pre: (NOT-rcnot l0_l1_i12 14-0-28) (rcnot l0_l1_i15 15-1-31) (mapped l0 p8 50-0-100) (mapped l1 p9 65-0-130)
    add: (NOT-rcnot l0_l1_i15 15-0-30)
    del: (rcnot l0_l1_i15 15-1-31)
  (apply_cnot_l0_l1_i15 p9 p10), cost: 1
    pre: (NOT-rcnot l0_l1_i12 14-0-28) (rcnot l0_l1_i15 15-1-31) (mapped l0 p9 51-0-102) (mapped l1 p10 54-0-108)
    add: (NOT-rcnot l0_l1_i15 15-0-30)
    del: (rcnot l0_l1_i15 15-1-31)
  (apply_cnot_l0_l1_i15 p9 p5), cost: 1
    pre: (NOT-rcnot l0_l1_i12 14-0-28) (rcnot l0_l1_i15 15-1-31) (mapped l0 p9 51-0-102) (mapped l1 p5 61-0-122)
    add: (NOT-rcnot l0_l1_i15 15-0-30)
    del: (rcnot l0_l1_i15 15-1-31)
  (apply_cnot_l0_l1_i15 p9 p8), cost: 1
    pre: (NOT-rcnot l0_l1_i12 14-0-28) (rcnot l0_l1_i15 15-1-31) (mapped l0 p9 51-0-102) (mapped l1 p8 64-0-128)
    add: (NOT-rcnot l0_l1_i15 15-0-30)
    del: (rcnot l0_l1_i15 15-1-31)
  (apply_cnot_l0_l1_i4 p0 p1), cost: 1
    pre: (NOT-initialized p0 0-0-0) (NOT-initialized p1 1-0-2) (rcnot l0_l1_i4 16-1-33)
    add: (none-of-those 0-1-1) (none-of-those 1-1-3) (NOT-rcnot l0_l1_i4 16-0-32) (none-of-those 24-1-49) (none-of-those 25-1-51) (mapped l0 p0 38-0-76) (mapped l1 p1 53-0-106)
    del: (NOT-initialized p0 0-0-0) (NOT-initialized p1 1-0-2) (rcnot l0_l1_i4 16-1-33) (NOT-occupied_pqubit p0 24-0-48) (NOT-occupied_pqubit p1 25-0-50) (none-of-those 38-1-77) (none-of-those 53-1-107)
  (apply_cnot_l0_l1_i4 p1 p0), cost: 1
    pre: (NOT-initialized p0 0-0-0) (NOT-initialized p1 1-0-2) (rcnot l0_l1_i4 16-1-33)
    add: (none-of-those 0-1-1) (none-of-those 1-1-3) (NOT-rcnot l0_l1_i4 16-0-32) (none-of-those 24-1-49) (none-of-those 25-1-51) (mapped l0 p1 39-0-78) (mapped l1 p0 52-0-104)
    del: (NOT-initialized p0 0-0-0) (NOT-initialized p1 1-0-2) (rcnot l0_l1_i4 16-1-33) (NOT-occupied_pqubit p0 24-0-48) (NOT-occupied_pqubit p1 25-0-50) (none-of-those 39-1-79) (none-of-those 52-1-105)
  (apply_cnot_l0_l1_i4 p1 p13), cost: 1
    pre: (NOT-initialized p1 1-0-2) (NOT-initialized p13 5-0-10) (rcnot l0_l1_i4 16-1-33)
    add: (none-of-those 1-1-3) (none-of-those 5-1-11) (NOT-rcnot l0_l1_i4 16-0-32) (none-of-those 25-1-51) (none-of-those 29-1-59) (mapped l0 p1 39-0-78) (mapped l1 p13 57-0-114)
    del: (NOT-initialized p1 1-0-2) (NOT-initialized p13 5-0-10) (rcnot l0_l1_i4 16-1-33) (NOT-occupied_pqubit p1 25-0-50) (NOT-occupied_pqubit p13 29-0-58) (none-of-those 39-1-79) (none-of-those 57-1-115)
  (apply_cnot_l0_l1_i4 p1 p2), cost: 1
    pre: (NOT-initialized p1 1-0-2) (NOT-initialized p2 6-0-12) (rcnot l0_l1_i4 16-1-33)
    add: (none-of-those 1-1-3) (none-of-those 6-1-13) (NOT-rcnot l0_l1_i4 16-0-32) (none-of-those 25-1-51) (none-of-those 30-1-61) (mapped l0 p1 39-0-78) (mapped l1 p2 58-0-116)
    del: (NOT-initialized p1 1-0-2) (NOT-initialized p2 6-0-12) (rcnot l0_l1_i4 16-1-33) (NOT-occupied_pqubit p1 25-0-50) (NOT-occupied_pqubit p2 30-0-60) (none-of-those 39-1-79) (none-of-those 58-1-117)
  (apply_cnot_l0_l1_i4 p10 p11), cost: 1
    pre: (NOT-initialized p10 2-0-4) (NOT-initialized p11 3-0-6) (rcnot l0_l1_i4 16-1-33)
    add: (none-of-those 2-1-5) (none-of-those 3-1-7) (NOT-rcnot l0_l1_i4 16-0-32) (none-of-those 26-1-53) (none-of-those 27-1-55) (mapped l0 p10 40-0-80) (mapped l1 p11 55-0-110)
    del: (NOT-initialized p10 2-0-4) (NOT-initialized p11 3-0-6) (rcnot l0_l1_i4 16-1-33) (NOT-occupied_pqubit p10 26-0-52) (NOT-occupied_pqubit p11 27-0-54) (none-of-those 40-1-81) (none-of-those 55-1-111)
  (apply_cnot_l0_l1_i4 p10 p4), cost: 1
    pre: (NOT-initialized p10 2-0-4) (NOT-initialized p4 8-0-16) (rcnot l0_l1_i4 16-1-33)
    add: (none-of-those 2-1-5) (none-of-those 8-1-17) (NOT-rcnot l0_l1_i4 16-0-32) (none-of-those 26-1-53) (none-of-those 32-1-65) (mapped l0 p10 40-0-80) (mapped l1 p4 60-0-120)
    del: (NOT-initialized p10 2-0-4) (NOT-initialized p4 8-0-16) (rcnot l0_l1_i4 16-1-33) (NOT-occupied_pqubit p10 26-0-52) (NOT-occupied_pqubit p4 32-0-64) (none-of-those 40-1-81) (none-of-those 60-1-121)
  (apply_cnot_l0_l1_i4 p10 p9), cost: 1
    pre: (NOT-initialized p10 2-0-4) (NOT-initialized p9 13-0-26) (rcnot l0_l1_i4 16-1-33)
    add: (none-of-those 2-1-5) (none-of-those 13-1-27) (NOT-rcnot l0_l1_i4 16-0-32) (none-of-those 26-1-53) (none-of-those 37-1-75) (mapped l0 p10 40-0-80) (mapped l1 p9 65-0-130)
    del: (NOT-initialized p10 2-0-4) (NOT-initialized p9 13-0-26) (rcnot l0_l1_i4 16-1-33) (NOT-occupied_pqubit p10 26-0-52) (NOT-occupied_pqubit p9 37-0-74) (none-of-those 40-1-81) (none-of-those 65-1-131)
  (apply_cnot_l0_l1_i4 p11 p10), cost: 1
    pre: (NOT-initialized p10 2-0-4) (NOT-initialized p11 3-0-6) (rcnot l0_l1_i4 16-1-33)
    add: (none-of-those 2-1-5) (none-of-those 3-1-7) (NOT-rcnot l0_l1_i4 16-0-32) (none-of-those 26-1-53) (none-of-those 27-1-55) (mapped l0 p11 41-0-82) (mapped l1 p10 54-0-108)
    del: (NOT-initialized p10 2-0-4) (NOT-initialized p11 3-0-6) (rcnot l0_l1_i4 16-1-33) (NOT-occupied_pqubit p10 26-0-52) (NOT-occupied_pqubit p11 27-0-54) (none-of-those 41-1-83) (none-of-those 54-1-109)
  (apply_cnot_l0_l1_i4 p11 p12), cost: 1
    pre: (NOT-initialized p11 3-0-6) (NOT-initialized p12 4-0-8) (rcnot l0_l1_i4 16-1-33)
    add: (none-of-those 3-1-7) (none-of-those 4-1-9) (NOT-rcnot l0_l1_i4 16-0-32) (none-of-those 27-1-55) (none-of-those 28-1-57) (mapped l0 p11 41-0-82) (mapped l1 p12 56-0-112)
    del: (NOT-initialized p11 3-0-6) (NOT-initialized p12 4-0-8) (rcnot l0_l1_i4 16-1-33) (NOT-occupied_pqubit p11 27-0-54) (NOT-occupied_pqubit p12 28-0-56) (none-of-those 41-1-83) (none-of-those 56-1-113)
  (apply_cnot_l0_l1_i4 p11 p3), cost: 1
    pre: (NOT-initialized p11 3-0-6) (NOT-initialized p3 7-0-14) (rcnot l0_l1_i4 16-1-33)
    add: (none-of-those 3-1-7) (none-of-those 7-1-15) (NOT-rcnot l0_l1_i4 16-0-32) (none-of-those 27-1-55) (none-of-those 31-1-63) (mapped l0 p11 41-0-82) (mapped l1 p3 59-0-118)
    del: (NOT-initialized p11 3-0-6) (NOT-initialized p3 7-0-14) (rcnot l0_l1_i4 16-1-33) (NOT-occupied_pqubit p11 27-0-54) (NOT-occupied_pqubit p3 31-0-62) (none-of-those 41-1-83) (none-of-those 59-1-119)
  (apply_cnot_l0_l1_i4 p12 p11), cost: 1
    pre: (NOT-initialized p11 3-0-6) (NOT-initialized p12 4-0-8) (rcnot l0_l1_i4 16-1-33)
    add: (none-of-those 3-1-7) (none-of-those 4-1-9) (NOT-rcnot l0_l1_i4 16-0-32) (none-of-those 27-1-55) (none-of-those 28-1-57) (mapped l0 p12 42-0-84) (mapped l1 p11 55-0-110)
    del: (NOT-initialized p11 3-0-6) (NOT-initialized p12 4-0-8) (rcnot l0_l1_i4 16-1-33) (NOT-occupied_pqubit p11 27-0-54) (NOT-occupied_pqubit p12 28-0-56) (none-of-those 42-1-85) (none-of-those 55-1-111)
  (apply_cnot_l0_l1_i4 p12 p13), cost: 1
    pre: (NOT-initialized p12 4-0-8) (NOT-initialized p13 5-0-10) (rcnot l0_l1_i4 16-1-33)
    add: (none-of-those 4-1-9) (none-of-those 5-1-11) (NOT-rcnot l0_l1_i4 16-0-32) (none-of-those 28-1-57) (none-of-those 29-1-59) (mapped l0 p12 42-0-84) (mapped l1 p13 57-0-114)
    del: (NOT-initialized p12 4-0-8) (NOT-initialized p13 5-0-10) (rcnot l0_l1_i4 16-1-33) (NOT-occupied_pqubit p12 28-0-56) (NOT-occupied_pqubit p13 29-0-58) (none-of-those 42-1-85) (none-of-those 57-1-115)
  (apply_cnot_l0_l1_i4 p12 p2), cost: 1
    pre: (NOT-initialized p12 4-0-8) (NOT-initialized p2 6-0-12) (rcnot l0_l1_i4 16-1-33)
    add: (none-of-those 4-1-9) (none-of-those 6-1-13) (NOT-rcnot l0_l1_i4 16-0-32) (none-of-those 28-1-57) (none-of-those 30-1-61) (mapped l0 p12 42-0-84) (mapped l1 p2 58-0-116)
    del: (NOT-initialized p12 4-0-8) (NOT-initialized p2 6-0-12) (rcnot l0_l1_i4 16-1-33) (NOT-occupied_pqubit p12 28-0-56) (NOT-occupied_pqubit p2 30-0-60) (none-of-those 42-1-85) (none-of-those 58-1-117)
  (apply_cnot_l0_l1_i4 p13 p1), cost: 1
    pre: (NOT-initialized p1 1-0-2) (NOT-initialized p13 5-0-10) (rcnot l0_l1_i4 16-1-33)
    add: (none-of-those 1-1-3) (none-of-those 5-1-11) (NOT-rcnot l0_l1_i4 16-0-32) (none-of-those 25-1-51) (none-of-those 29-1-59) (mapped l0 p13 43-0-86) (mapped l1 p1 53-0-106)
    del: (NOT-initialized p1 1-0-2) (NOT-initialized p13 5-0-10) (rcnot l0_l1_i4 16-1-33) (NOT-occupied_pqubit p1 25-0-50) (NOT-occupied_pqubit p13 29-0-58) (none-of-those 43-1-87) (none-of-those 53-1-107)
  (apply_cnot_l0_l1_i4 p13 p12), cost: 1
    pre: (NOT-initialized p12 4-0-8) (NOT-initialized p13 5-0-10) (rcnot l0_l1_i4 16-1-33)
    add: (none-of-those 4-1-9) (none-of-those 5-1-11) (NOT-rcnot l0_l1_i4 16-0-32) (none-of-those 28-1-57) (none-of-those 29-1-59) (mapped l0 p13 43-0-86) (mapped l1 p12 56-0-112)
    del: (NOT-initialized p12 4-0-8) (NOT-initialized p13 5-0-10) (rcnot l0_l1_i4 16-1-33) (NOT-occupied_pqubit p12 28-0-56) (NOT-occupied_pqubit p13 29-0-58) (none-of-those 43-1-87) (none-of-those 56-1-113)
  (apply_cnot_l0_l1_i4 p2 p1), cost: 1
    pre: (NOT-initialized p1 1-0-2) (NOT-initialized p2 6-0-12) (rcnot l0_l1_i4 16-1-33)
    add: (none-of-those 1-1-3) (none-of-those 6-1-13) (NOT-rcnot l0_l1_i4 16-0-32) (none-of-those 25-1-51) (none-of-those 30-1-61) (mapped l0 p2 44-0-88) (mapped l1 p1 53-0-106)
    del: (NOT-initialized p1 1-0-2) (NOT-initialized p2 6-0-12) (rcnot l0_l1_i4 16-1-33) (NOT-occupied_pqubit p1 25-0-50) (NOT-occupied_pqubit p2 30-0-60) (none-of-those 44-1-89) (none-of-those 53-1-107)
  (apply_cnot_l0_l1_i4 p2 p12), cost: 1
    pre: (NOT-initialized p12 4-0-8) (NOT-initialized p2 6-0-12) (rcnot l0_l1_i4 16-1-33)
    add: (none-of-those 4-1-9) (none-of-those 6-1-13) (NOT-rcnot l0_l1_i4 16-0-32) (none-of-those 28-1-57) (none-of-those 30-1-61) (mapped l0 p2 44-0-88) (mapped l1 p12 56-0-112)
    del: (NOT-initialized p12 4-0-8) (NOT-initialized p2 6-0-12) (rcnot l0_l1_i4 16-1-33) (NOT-occupied_pqubit p12 28-0-56) (NOT-occupied_pqubit p2 30-0-60) (none-of-those 44-1-89) (none-of-those 56-1-113)
  (apply_cnot_l0_l1_i4 p2 p3), cost: 1
    pre: (NOT-initialized p2 6-0-12) (NOT-initialized p3 7-0-14) (rcnot l0_l1_i4 16-1-33)
    add: (none-of-those 6-1-13) (none-of-those 7-1-15) (NOT-rcnot l0_l1_i4 16-0-32) (none-of-those 30-1-61) (none-of-those 31-1-63) (mapped l0 p2 44-0-88) (mapped l1 p3 59-0-118)
    del: (NOT-initialized p2 6-0-12) (NOT-initialized p3 7-0-14) (rcnot l0_l1_i4 16-1-33) (NOT-occupied_pqubit p2 30-0-60) (NOT-occupied_pqubit p3 31-0-62) (none-of-those 44-1-89) (none-of-those 59-1-119)
  (apply_cnot_l0_l1_i4 p3 p11), cost: 1
    pre: (NOT-initialized p11 3-0-6) (NOT-initialized p3 7-0-14) (rcnot l0_l1_i4 16-1-33)
    add: (none-of-those 3-1-7) (none-of-those 7-1-15) (NOT-rcnot l0_l1_i4 16-0-32) (none-of-those 27-1-55) (none-of-those 31-1-63) (mapped l0 p3 45-0-90) (mapped l1 p11 55-0-110)
    del: (NOT-initialized p11 3-0-6) (NOT-initialized p3 7-0-14) (rcnot l0_l1_i4 16-1-33) (NOT-occupied_pqubit p11 27-0-54) (NOT-occupied_pqubit p3 31-0-62) (none-of-those 45-1-91) (none-of-those 55-1-111)
  (apply_cnot_l0_l1_i4 p3 p2), cost: 1
    pre: (NOT-initialized p2 6-0-12) (NOT-initialized p3 7-0-14) (rcnot l0_l1_i4 16-1-33)
    add: (none-of-those 6-1-13) (none-of-those 7-1-15) (NOT-rcnot l0_l1_i4 16-0-32) (none-of-those 30-1-61) (none-of-those 31-1-63) (mapped l0 p3 45-0-90) (mapped l1 p2 58-0-116)
    del: (NOT-initialized p2 6-0-12) (NOT-initialized p3 7-0-14) (rcnot l0_l1_i4 16-1-33) (NOT-occupied_pqubit p2 30-0-60) (NOT-occupied_pqubit p3 31-0-62) (none-of-those 45-1-91) (none-of-those 58-1-117)
  (apply_cnot_l0_l1_i4 p3 p4), cost: 1
    pre: (NOT-initialized p3 7-0-14) (NOT-initialized p4 8-0-16) (rcnot l0_l1_i4 16-1-33)
    add: (none-of-those 7-1-15) (none-of-those 8-1-17) (NOT-rcnot l0_l1_i4 16-0-32) (none-of-those 31-1-63) (none-of-those 32-1-65) (mapped l0 p3 45-0-90) (mapped l1 p4 60-0-120)
    del: (NOT-initialized p3 7-0-14) (NOT-initialized p4 8-0-16) (rcnot l0_l1_i4 16-1-33) (NOT-occupied_pqubit p3 31-0-62) (NOT-occupied_pqubit p4 32-0-64) (none-of-those 45-1-91) (none-of-those 60-1-121)
  (apply_cnot_l0_l1_i4 p4 p10), cost: 1
    pre: (NOT-initialized p10 2-0-4) (NOT-initialized p4 8-0-16) (rcnot l0_l1_i4 16-1-33)
    add: (none-of-those 2-1-5) (none-of-those 8-1-17) (NOT-rcnot l0_l1_i4 16-0-32) (none-of-those 26-1-53) (none-of-those 32-1-65) (mapped l0 p4 46-0-92) (mapped l1 p10 54-0-108)
    del: (NOT-initialized p10 2-0-4) (NOT-initialized p4 8-0-16) (rcnot l0_l1_i4 16-1-33) (NOT-occupied_pqubit p10 26-0-52) (NOT-occupied_pqubit p4 32-0-64) (none-of-those 46-1-93) (none-of-those 54-1-109)
  (apply_cnot_l0_l1_i4 p4 p3), cost: 1
    pre: (NOT-initialized p3 7-0-14) (NOT-initialized p4 8-0-16) (rcnot l0_l1_i4 16-1-33)
    add: (none-of-those 7-1-15) (none-of-those 8-1-17) (NOT-rcnot l0_l1_i4 16-0-32) (none-of-those 31-1-63) (none-of-those 32-1-65) (mapped l0 p4 46-0-92) (mapped l1 p3 59-0-118)
    del: (NOT-initialized p3 7-0-14) (NOT-initialized p4 8-0-16) (rcnot l0_l1_i4 16-1-33) (NOT-occupied_pqubit p3 31-0-62) (NOT-occupied_pqubit p4 32-0-64) (none-of-those 46-1-93) (none-of-those 59-1-119)
  (apply_cnot_l0_l1_i4 p4 p5), cost: 1
    pre: (NOT-initialized p4 8-0-16) (NOT-initialized p5 9-0-18) (rcnot l0_l1_i4 16-1-33)
    add: (none-of-those 8-1-17) (none-of-those 9-1-19) (NOT-rcnot l0_l1_i4 16-0-32) (none-of-those 32-1-65) (none-of-those 33-1-67) (mapped l0 p4 46-0-92) (mapped l1 p5 61-0-122)
    del: (NOT-initialized p4 8-0-16) (NOT-initialized p5 9-0-18) (rcnot l0_l1_i4 16-1-33) (NOT-occupied_pqubit p4 32-0-64) (NOT-occupied_pqubit p5 33-0-66) (none-of-those 46-1-93) (none-of-those 61-1-123)
  (apply_cnot_l0_l1_i4 p5 p4), cost: 1
    pre: (NOT-initialized p4 8-0-16) (NOT-initialized p5 9-0-18) (rcnot l0_l1_i4 16-1-33)
    add: (none-of-those 8-1-17) (none-of-those 9-1-19) (NOT-rcnot l0_l1_i4 16-0-32) (none-of-those 32-1-65) (none-of-those 33-1-67) (mapped l0 p5 47-0-94) (mapped l1 p4 60-0-120)
    del: (NOT-initialized p4 8-0-16) (NOT-initialized p5 9-0-18) (rcnot l0_l1_i4 16-1-33) (NOT-occupied_pqubit p4 32-0-64) (NOT-occupied_pqubit p5 33-0-66) (none-of-those 47-1-95) (none-of-those 60-1-121)
  (apply_cnot_l0_l1_i4 p5 p6), cost: 1
    pre: (NOT-initialized p5 9-0-18) (NOT-initialized p6 10-0-20) (rcnot l0_l1_i4 16-1-33)
    add: (none-of-those 9-1-19) (none-of-those 10-1-21) (NOT-rcnot l0_l1_i4 16-0-32) (none-of-those 33-1-67) (none-of-those 34-1-69) (mapped l0 p5 47-0-94) (mapped l1 p6 62-0-124)
    del: (NOT-initialized p5 9-0-18) (NOT-initialized p6 10-0-20) (rcnot l0_l1_i4 16-1-33) (NOT-occupied_pqubit p5 33-0-66) (NOT-occupied_pqubit p6 34-0-68) (none-of-those 47-1-95) (none-of-those 62-1-125)
  (apply_cnot_l0_l1_i4 p5 p9), cost: 1
    pre: (NOT-initialized p5 9-0-18) (NOT-initialized p9 13-0-26) (rcnot l0_l1_i4 16-1-33)
    add: (none-of-those 9-1-19) (none-of-those 13-1-27) (NOT-rcnot l0_l1_i4 16-0-32) (none-of-those 33-1-67) (none-of-those 37-1-75) (mapped l0 p5 47-0-94) (mapped l1 p9 65-0-130)
    del: (NOT-initialized p5 9-0-18) (NOT-initialized p9 13-0-26) (rcnot l0_l1_i4 16-1-33) (NOT-occupied_pqubit p5 33-0-66) (NOT-occupied_pqubit p9 37-0-74) (none-of-those 47-1-95) (none-of-those 65-1-131)
  (apply_cnot_l0_l1_i4 p6 p5), cost: 1
    pre: (NOT-initialized p5 9-0-18) (NOT-initialized p6 10-0-20) (rcnot l0_l1_i4 16-1-33)
    add: (none-of-those 9-1-19) (none-of-those 10-1-21) (NOT-rcnot l0_l1_i4 16-0-32) (none-of-those 33-1-67) (none-of-those 34-1-69) (mapped l0 p6 48-0-96) (mapped l1 p5 61-0-122)
    del: (NOT-initialized p5 9-0-18) (NOT-initialized p6 10-0-20) (rcnot l0_l1_i4 16-1-33) (NOT-occupied_pqubit p5 33-0-66) (NOT-occupied_pqubit p6 34-0-68) (none-of-those 48-1-97) (none-of-those 61-1-123)
  (apply_cnot_l0_l1_i4 p6 p8), cost: 1
    pre: (NOT-initialized p6 10-0-20) (NOT-initialized p8 12-0-24) (rcnot l0_l1_i4 16-1-33)
    add: (none-of-those 10-1-21) (none-of-those 12-1-25) (NOT-rcnot l0_l1_i4 16-0-32) (none-of-those 34-1-69) (none-of-those 36-1-73) (mapped l0 p6 48-0-96) (mapped l1 p8 64-0-128)
    del: (NOT-initialized p6 10-0-20) (NOT-initialized p8 12-0-24) (rcnot l0_l1_i4 16-1-33) (NOT-occupied_pqubit p6 34-0-68) (NOT-occupied_pqubit p8 36-0-72) (none-of-those 48-1-97) (none-of-those 64-1-129)
  (apply_cnot_l0_l1_i4 p7 p8), cost: 1
    pre: (NOT-initialized p7 11-0-22) (NOT-initialized p8 12-0-24) (rcnot l0_l1_i4 16-1-33)
    add: (none-of-those 11-1-23) (none-of-those 12-1-25) (NOT-rcnot l0_l1_i4 16-0-32) (none-of-those 35-1-71) (none-of-those 36-1-73) (mapped l0 p7 49-0-98) (mapped l1 p8 64-0-128)
    del: (NOT-initialized p7 11-0-22) (NOT-initialized p8 12-0-24) (rcnot l0_l1_i4 16-1-33) (NOT-occupied_pqubit p7 35-0-70) (NOT-occupied_pqubit p8 36-0-72) (none-of-those 49-1-99) (none-of-those 64-1-129)
  (apply_cnot_l0_l1_i4 p8 p6), cost: 1
    pre: (NOT-initialized p6 10-0-20) (NOT-initialized p8 12-0-24) (rcnot l0_l1_i4 16-1-33)
    add: (none-of-those 10-1-21) (none-of-those 12-1-25) (NOT-rcnot l0_l1_i4 16-0-32) (none-of-those 34-1-69) (none-of-those 36-1-73) (mapped l0 p8 50-0-100) (mapped l1 p6 62-0-124)
    del: (NOT-initialized p6 10-0-20) (NOT-initialized p8 12-0-24) (rcnot l0_l1_i4 16-1-33) (NOT-occupied_pqubit p6 34-0-68) (NOT-occupied_pqubit p8 36-0-72) (none-of-those 50-1-101) (none-of-those 62-1-125)
  (apply_cnot_l0_l1_i4 p8 p7), cost: 1
    pre: (NOT-initialized p7 11-0-22) (NOT-initialized p8 12-0-24) (rcnot l0_l1_i4 16-1-33)
    add: (none-of-those 11-1-23) (none-of-those 12-1-25) (NOT-rcnot l0_l1_i4 16-0-32) (none-of-those 35-1-71) (none-of-those 36-1-73) (mapped l0 p8 50-0-100) (mapped l1 p7 63-0-126)
    del: (NOT-initialized p7 11-0-22) (NOT-initialized p8 12-0-24) (rcnot l0_l1_i4 16-1-33) (NOT-occupied_pqubit p7 35-0-70) (NOT-occupied_pqubit p8 36-0-72) (none-of-those 50-1-101) (none-of-those 63-1-127)
  (apply_cnot_l0_l1_i4 p8 p9), cost: 1
    pre: (NOT-initialized p8 12-0-24) (NOT-initialized p9 13-0-26) (rcnot l0_l1_i4 16-1-33)
    add: (none-of-those 12-1-25) (none-of-those 13-1-27) (NOT-rcnot l0_l1_i4 16-0-32) (none-of-those 36-1-73) (none-of-those 37-1-75) (mapped l0 p8 50-0-100) (mapped l1 p9 65-0-130)
    del: (NOT-initialized p8 12-0-24) (NOT-initialized p9 13-0-26) (rcnot l0_l1_i4 16-1-33) (NOT-occupied_pqubit p8 36-0-72) (NOT-occupied_pqubit p9 37-0-74) (none-of-those 50-1-101) (none-of-those 65-1-131)
  (apply_cnot_l0_l1_i4 p9 p10), cost: 1
    pre: (NOT-initialized p10 2-0-4) (NOT-initialized p9 13-0-26) (rcnot l0_l1_i4 16-1-33)
    add: (none-of-those 2-1-5) (none-of-those 13-1-27) (NOT-rcnot l0_l1_i4 16-0-32) (none-of-those 26-1-53) (none-of-those 37-1-75) (mapped l0 p9 51-0-102) (mapped l1 p10 54-0-108)
    del: (NOT-initialized p10 2-0-4) (NOT-initialized p9 13-0-26) (rcnot l0_l1_i4 16-1-33) (NOT-occupied_pqubit p10 26-0-52) (NOT-occupied_pqubit p9 37-0-74) (none-of-those 51-1-103) (none-of-those 54-1-109)
  (apply_cnot_l0_l1_i4 p9 p5), cost: 1
    pre: (NOT-initialized p5 9-0-18) (NOT-initialized p9 13-0-26) (rcnot l0_l1_i4 16-1-33)
    add: (none-of-those 9-1-19) (none-of-those 13-1-27) (NOT-rcnot l0_l1_i4 16-0-32) (none-of-those 33-1-67) (none-of-those 37-1-75) (mapped l0 p9 51-0-102) (mapped l1 p5 61-0-122)
    del: (NOT-initialized p5 9-0-18) (NOT-initialized p9 13-0-26) (rcnot l0_l1_i4 16-1-33) (NOT-occupied_pqubit p5 33-0-66) (NOT-occupied_pqubit p9 37-0-74) (none-of-those 51-1-103) (none-of-those 61-1-123)
  (apply_cnot_l0_l1_i4 p9 p8), cost: 1
    pre: (NOT-initialized p8 12-0-24) (NOT-initialized p9 13-0-26) (rcnot l0_l1_i4 16-1-33)
    add: (none-of-those 12-1-25) (none-of-those 13-1-27) (NOT-rcnot l0_l1_i4 16-0-32) (none-of-those 36-1-73) (none-of-those 37-1-75) (mapped l0 p9 51-0-102) (mapped l1 p8 64-0-128)
    del: (NOT-initialized p8 12-0-24) (NOT-initialized p9 13-0-26) (rcnot l0_l1_i4 16-1-33) (NOT-occupied_pqubit p8 36-0-72) (NOT-occupied_pqubit p9 37-0-74) (none-of-those 51-1-103) (none-of-those 64-1-129)
  (apply_cnot_l1_l2_i10 p0 p1), cost: 1
    pre: (NOT-rcnot l0_l1_i4 16-0-32) (rcnot l1_l2_i10 17-1-35) (NOT-rcnot l2_l3_i9 21-0-42) (mapped l1 p0 52-0-104) (mapped l2 p1 67-0-134)
    add: (NOT-rcnot l1_l2_i10 17-0-34)
    del: (rcnot l1_l2_i10 17-1-35)
  (apply_cnot_l1_l2_i10 p1 p0), cost: 1
    pre: (NOT-rcnot l0_l1_i4 16-0-32) (rcnot l1_l2_i10 17-1-35) (NOT-rcnot l2_l3_i9 21-0-42) (mapped l1 p1 53-0-106) (mapped l2 p0 66-0-132)
    add: (NOT-rcnot l1_l2_i10 17-0-34)
    del: (rcnot l1_l2_i10 17-1-35)
  (apply_cnot_l1_l2_i10 p1 p13), cost: 1
    pre: (NOT-rcnot l0_l1_i4 16-0-32) (rcnot l1_l2_i10 17-1-35) (NOT-rcnot l2_l3_i9 21-0-42) (mapped l1 p1 53-0-106) (mapped l2 p13 71-0-142)
    add: (NOT-rcnot l1_l2_i10 17-0-34)
    del: (rcnot l1_l2_i10 17-1-35)
  (apply_cnot_l1_l2_i10 p1 p2), cost: 1
    pre: (NOT-rcnot l0_l1_i4 16-0-32) (rcnot l1_l2_i10 17-1-35) (NOT-rcnot l2_l3_i9 21-0-42) (mapped l1 p1 53-0-106) (mapped l2 p2 72-0-144)
    add: (NOT-rcnot l1_l2_i10 17-0-34)
    del: (rcnot l1_l2_i10 17-1-35)
  (apply_cnot_l1_l2_i10 p10 p11), cost: 1
    pre: (NOT-rcnot l0_l1_i4 16-0-32) (rcnot l1_l2_i10 17-1-35) (NOT-rcnot l2_l3_i9 21-0-42) (mapped l1 p10 54-0-108) (mapped l2 p11 69-0-138)
    add: (NOT-rcnot l1_l2_i10 17-0-34)
    del: (rcnot l1_l2_i10 17-1-35)
  (apply_cnot_l1_l2_i10 p10 p4), cost: 1
    pre: (NOT-rcnot l0_l1_i4 16-0-32) (rcnot l1_l2_i10 17-1-35) (NOT-rcnot l2_l3_i9 21-0-42) (mapped l1 p10 54-0-108) (mapped l2 p4 74-0-148)
    add: (NOT-rcnot l1_l2_i10 17-0-34)
    del: (rcnot l1_l2_i10 17-1-35)
  (apply_cnot_l1_l2_i10 p10 p9), cost: 1
    pre: (NOT-rcnot l0_l1_i4 16-0-32) (rcnot l1_l2_i10 17-1-35) (NOT-rcnot l2_l3_i9 21-0-42) (mapped l1 p10 54-0-108) (mapped l2 p9 79-0-158)
    add: (NOT-rcnot l1_l2_i10 17-0-34)
    del: (rcnot l1_l2_i10 17-1-35)
  (apply_cnot_l1_l2_i10 p11 p10), cost: 1
    pre: (NOT-rcnot l0_l1_i4 16-0-32) (rcnot l1_l2_i10 17-1-35) (NOT-rcnot l2_l3_i9 21-0-42) (mapped l1 p11 55-0-110) (mapped l2 p10 68-0-136)
    add: (NOT-rcnot l1_l2_i10 17-0-34)
    del: (rcnot l1_l2_i10 17-1-35)
  (apply_cnot_l1_l2_i10 p11 p12), cost: 1
    pre: (NOT-rcnot l0_l1_i4 16-0-32) (rcnot l1_l2_i10 17-1-35) (NOT-rcnot l2_l3_i9 21-0-42) (mapped l1 p11 55-0-110) (mapped l2 p12 70-0-140)
    add: (NOT-rcnot l1_l2_i10 17-0-34)
    del: (rcnot l1_l2_i10 17-1-35)
  (apply_cnot_l1_l2_i10 p11 p3), cost: 1
    pre: (NOT-rcnot l0_l1_i4 16-0-32) (rcnot l1_l2_i10 17-1-35) (NOT-rcnot l2_l3_i9 21-0-42) (mapped l1 p11 55-0-110) (mapped l2 p3 73-0-146)
    add: (NOT-rcnot l1_l2_i10 17-0-34)
    del: (rcnot l1_l2_i10 17-1-35)
  (apply_cnot_l1_l2_i10 p12 p11), cost: 1
    pre: (NOT-rcnot l0_l1_i4 16-0-32) (rcnot l1_l2_i10 17-1-35) (NOT-rcnot l2_l3_i9 21-0-42) (mapped l1 p12 56-0-112) (mapped l2 p11 69-0-138)
    add: (NOT-rcnot l1_l2_i10 17-0-34)
    del: (rcnot l1_l2_i10 17-1-35)
  (apply_cnot_l1_l2_i10 p12 p13), cost: 1
    pre: (NOT-rcnot l0_l1_i4 16-0-32) (rcnot l1_l2_i10 17-1-35) (NOT-rcnot l2_l3_i9 21-0-42) (mapped l1 p12 56-0-112) (mapped l2 p13 71-0-142)
    add: (NOT-rcnot l1_l2_i10 17-0-34)
    del: (rcnot l1_l2_i10 17-1-35)
  (apply_cnot_l1_l2_i10 p12 p2), cost: 1
    pre: (NOT-rcnot l0_l1_i4 16-0-32) (rcnot l1_l2_i10 17-1-35) (NOT-rcnot l2_l3_i9 21-0-42) (mapped l1 p12 56-0-112) (mapped l2 p2 72-0-144)
    add: (NOT-rcnot l1_l2_i10 17-0-34)
    del: (rcnot l1_l2_i10 17-1-35)
  (apply_cnot_l1_l2_i10 p13 p1), cost: 1
    pre: (NOT-rcnot l0_l1_i4 16-0-32) (rcnot l1_l2_i10 17-1-35) (NOT-rcnot l2_l3_i9 21-0-42) (mapped l1 p13 57-0-114) (mapped l2 p1 67-0-134)
    add: (NOT-rcnot l1_l2_i10 17-0-34)
    del: (rcnot l1_l2_i10 17-1-35)
  (apply_cnot_l1_l2_i10 p13 p12), cost: 1
    pre: (NOT-rcnot l0_l1_i4 16-0-32) (rcnot l1_l2_i10 17-1-35) (NOT-rcnot l2_l3_i9 21-0-42) (mapped l1 p13 57-0-114) (mapped l2 p12 70-0-140)
    add: (NOT-rcnot l1_l2_i10 17-0-34)
    del: (rcnot l1_l2_i10 17-1-35)
  (apply_cnot_l1_l2_i10 p2 p1), cost: 1
    pre: (NOT-rcnot l0_l1_i4 16-0-32) (rcnot l1_l2_i10 17-1-35) (NOT-rcnot l2_l3_i9 21-0-42) (mapped l1 p2 58-0-116) (mapped l2 p1 67-0-134)
    add: (NOT-rcnot l1_l2_i10 17-0-34)
    del: (rcnot l1_l2_i10 17-1-35)
  (apply_cnot_l1_l2_i10 p2 p12), cost: 1
    pre: (NOT-rcnot l0_l1_i4 16-0-32) (rcnot l1_l2_i10 17-1-35) (NOT-rcnot l2_l3_i9 21-0-42) (mapped l1 p2 58-0-116) (mapped l2 p12 70-0-140)
    add: (NOT-rcnot l1_l2_i10 17-0-34)
    del: (rcnot l1_l2_i10 17-1-35)
  (apply_cnot_l1_l2_i10 p2 p3), cost: 1
    pre: (NOT-rcnot l0_l1_i4 16-0-32) (rcnot l1_l2_i10 17-1-35) (NOT-rcnot l2_l3_i9 21-0-42) (mapped l1 p2 58-0-116) (mapped l2 p3 73-0-146)
    add: (NOT-rcnot l1_l2_i10 17-0-34)
    del: (rcnot l1_l2_i10 17-1-35)
  (apply_cnot_l1_l2_i10 p3 p11), cost: 1
    pre: (NOT-rcnot l0_l1_i4 16-0-32) (rcnot l1_l2_i10 17-1-35) (NOT-rcnot l2_l3_i9 21-0-42) (mapped l1 p3 59-0-118) (mapped l2 p11 69-0-138)
    add: (NOT-rcnot l1_l2_i10 17-0-34)
    del: (rcnot l1_l2_i10 17-1-35)
  (apply_cnot_l1_l2_i10 p3 p2), cost: 1
    pre: (NOT-rcnot l0_l1_i4 16-0-32) (rcnot l1_l2_i10 17-1-35) (NOT-rcnot l2_l3_i9 21-0-42) (mapped l1 p3 59-0-118) (mapped l2 p2 72-0-144)
    add: (NOT-rcnot l1_l2_i10 17-0-34)
    del: (rcnot l1_l2_i10 17-1-35)
  (apply_cnot_l1_l2_i10 p3 p4), cost: 1
    pre: (NOT-rcnot l0_l1_i4 16-0-32) (rcnot l1_l2_i10 17-1-35) (NOT-rcnot l2_l3_i9 21-0-42) (mapped l1 p3 59-0-118) (mapped l2 p4 74-0-148)
    add: (NOT-rcnot l1_l2_i10 17-0-34)
    del: (rcnot l1_l2_i10 17-1-35)
  (apply_cnot_l1_l2_i10 p4 p10), cost: 1
    pre: (NOT-rcnot l0_l1_i4 16-0-32) (rcnot l1_l2_i10 17-1-35) (NOT-rcnot l2_l3_i9 21-0-42) (mapped l1 p4 60-0-120) (mapped l2 p10 68-0-136)
    add: (NOT-rcnot l1_l2_i10 17-0-34)
    del: (rcnot l1_l2_i10 17-1-35)
  (apply_cnot_l1_l2_i10 p4 p3), cost: 1
    pre: (NOT-rcnot l0_l1_i4 16-0-32) (rcnot l1_l2_i10 17-1-35) (NOT-rcnot l2_l3_i9 21-0-42) (mapped l1 p4 60-0-120) (mapped l2 p3 73-0-146)
    add: (NOT-rcnot l1_l2_i10 17-0-34)
    del: (rcnot l1_l2_i10 17-1-35)
  (apply_cnot_l1_l2_i10 p4 p5), cost: 1
    pre: (NOT-rcnot l0_l1_i4 16-0-32) (rcnot l1_l2_i10 17-1-35) (NOT-rcnot l2_l3_i9 21-0-42) (mapped l1 p4 60-0-120) (mapped l2 p5 75-0-150)
    add: (NOT-rcnot l1_l2_i10 17-0-34)
    del: (rcnot l1_l2_i10 17-1-35)
  (apply_cnot_l1_l2_i10 p5 p4), cost: 1
    pre: (NOT-rcnot l0_l1_i4 16-0-32) (rcnot l1_l2_i10 17-1-35) (NOT-rcnot l2_l3_i9 21-0-42) (mapped l1 p5 61-0-122) (mapped l2 p4 74-0-148)
    add: (NOT-rcnot l1_l2_i10 17-0-34)
    del: (rcnot l1_l2_i10 17-1-35)
  (apply_cnot_l1_l2_i10 p5 p6), cost: 1
    pre: (NOT-rcnot l0_l1_i4 16-0-32) (rcnot l1_l2_i10 17-1-35) (NOT-rcnot l2_l3_i9 21-0-42) (mapped l1 p5 61-0-122) (mapped l2 p6 76-0-152)
    add: (NOT-rcnot l1_l2_i10 17-0-34)
    del: (rcnot l1_l2_i10 17-1-35)
  (apply_cnot_l1_l2_i10 p5 p9), cost: 1
    pre: (NOT-rcnot l0_l1_i4 16-0-32) (rcnot l1_l2_i10 17-1-35) (NOT-rcnot l2_l3_i9 21-0-42) (mapped l1 p5 61-0-122) (mapped l2 p9 79-0-158)
    add: (NOT-rcnot l1_l2_i10 17-0-34)
    del: (rcnot l1_l2_i10 17-1-35)
  (apply_cnot_l1_l2_i10 p6 p5), cost: 1
    pre: (NOT-rcnot l0_l1_i4 16-0-32) (rcnot l1_l2_i10 17-1-35) (NOT-rcnot l2_l3_i9 21-0-42) (mapped l1 p6 62-0-124) (mapped l2 p5 75-0-150)
    add: (NOT-rcnot l1_l2_i10 17-0-34)
    del: (rcnot l1_l2_i10 17-1-35)
  (apply_cnot_l1_l2_i10 p6 p8), cost: 1
    pre: (NOT-rcnot l0_l1_i4 16-0-32) (rcnot l1_l2_i10 17-1-35) (NOT-rcnot l2_l3_i9 21-0-42) (mapped l1 p6 62-0-124) (mapped l2 p8 78-0-156)
    add: (NOT-rcnot l1_l2_i10 17-0-34)
    del: (rcnot l1_l2_i10 17-1-35)
  (apply_cnot_l1_l2_i10 p7 p8), cost: 1
    pre: (NOT-rcnot l0_l1_i4 16-0-32) (rcnot l1_l2_i10 17-1-35) (NOT-rcnot l2_l3_i9 21-0-42) (mapped l1 p7 63-0-126) (mapped l2 p8 78-0-156)
    add: (NOT-rcnot l1_l2_i10 17-0-34)
    del: (rcnot l1_l2_i10 17-1-35)
  (apply_cnot_l1_l2_i10 p8 p6), cost: 1
    pre: (NOT-rcnot l0_l1_i4 16-0-32) (rcnot l1_l2_i10 17-1-35) (NOT-rcnot l2_l3_i9 21-0-42) (mapped l1 p8 64-0-128) (mapped l2 p6 76-0-152)
    add: (NOT-rcnot l1_l2_i10 17-0-34)
    del: (rcnot l1_l2_i10 17-1-35)
  (apply_cnot_l1_l2_i10 p8 p7), cost: 1
    pre: (NOT-rcnot l0_l1_i4 16-0-32) (rcnot l1_l2_i10 17-1-35) (NOT-rcnot l2_l3_i9 21-0-42) (mapped l1 p8 64-0-128) (mapped l2 p7 77-0-154)
    add: (NOT-rcnot l1_l2_i10 17-0-34)
    del: (rcnot l1_l2_i10 17-1-35)
  (apply_cnot_l1_l2_i10 p8 p9), cost: 1
    pre: (NOT-rcnot l0_l1_i4 16-0-32) (rcnot l1_l2_i10 17-1-35) (NOT-rcnot l2_l3_i9 21-0-42) (mapped l1 p8 64-0-128) (mapped l2 p9 79-0-158)
    add: (NOT-rcnot l1_l2_i10 17-0-34)
    del: (rcnot l1_l2_i10 17-1-35)
  (apply_cnot_l1_l2_i10 p9 p10), cost: 1
    pre: (NOT-rcnot l0_l1_i4 16-0-32) (rcnot l1_l2_i10 17-1-35) (NOT-rcnot l2_l3_i9 21-0-42) (mapped l1 p9 65-0-130) (mapped l2 p10 68-0-136)
    add: (NOT-rcnot l1_l2_i10 17-0-34)
    del: (rcnot l1_l2_i10 17-1-35)
  (apply_cnot_l1_l2_i10 p9 p5), cost: 1
    pre: (NOT-rcnot l0_l1_i4 16-0-32) (rcnot l1_l2_i10 17-1-35) (NOT-rcnot l2_l3_i9 21-0-42) (mapped l1 p9 65-0-130) (mapped l2 p5 75-0-150)
    add: (NOT-rcnot l1_l2_i10 17-0-34)
    del: (rcnot l1_l2_i10 17-1-35)
  (apply_cnot_l1_l2_i10 p9 p8), cost: 1
    pre: (NOT-rcnot l0_l1_i4 16-0-32) (rcnot l1_l2_i10 17-1-35) (NOT-rcnot l2_l3_i9 21-0-42) (mapped l1 p9 65-0-130) (mapped l2 p8 78-0-156)
    add: (NOT-rcnot l1_l2_i10 17-0-34)
    del: (rcnot l1_l2_i10 17-1-35)
  (apply_cnot_l2_l3_i16 p0 p1), cost: 1
    pre: (NOT-rcnot l1_l2_i10 17-0-34) (rcnot l2_l3_i16 18-1-37) (NOT-rcnot l3_l0_i11 22-0-44) (mapped l2 p0 66-0-132) (mapped l3 p1 81-0-162)
    add: (NOT-rcnot l2_l3_i16 18-0-36)
    del: (rcnot l2_l3_i16 18-1-37)
  (apply_cnot_l2_l3_i16 p1 p0), cost: 1
    pre: (NOT-rcnot l1_l2_i10 17-0-34) (rcnot l2_l3_i16 18-1-37) (NOT-rcnot l3_l0_i11 22-0-44) (mapped l2 p1 67-0-134) (mapped l3 p0 80-0-160)
    add: (NOT-rcnot l2_l3_i16 18-0-36)
    del: (rcnot l2_l3_i16 18-1-37)
  (apply_cnot_l2_l3_i16 p1 p13), cost: 1
    pre: (NOT-rcnot l1_l2_i10 17-0-34) (rcnot l2_l3_i16 18-1-37) (NOT-rcnot l3_l0_i11 22-0-44) (mapped l2 p1 67-0-134) (mapped l3 p13 85-0-170)
    add: (NOT-rcnot l2_l3_i16 18-0-36)
    del: (rcnot l2_l3_i16 18-1-37)
  (apply_cnot_l2_l3_i16 p1 p2), cost: 1
    pre: (NOT-rcnot l1_l2_i10 17-0-34) (rcnot l2_l3_i16 18-1-37) (NOT-rcnot l3_l0_i11 22-0-44) (mapped l2 p1 67-0-134) (mapped l3 p2 86-0-172)
    add: (NOT-rcnot l2_l3_i16 18-0-36)
    del: (rcnot l2_l3_i16 18-1-37)
  (apply_cnot_l2_l3_i16 p10 p11), cost: 1
    pre: (NOT-rcnot l1_l2_i10 17-0-34) (rcnot l2_l3_i16 18-1-37) (NOT-rcnot l3_l0_i11 22-0-44) (mapped l2 p10 68-0-136) (mapped l3 p11 83-0-166)
    add: (NOT-rcnot l2_l3_i16 18-0-36)
    del: (rcnot l2_l3_i16 18-1-37)
  (apply_cnot_l2_l3_i16 p10 p4), cost: 1
    pre: (NOT-rcnot l1_l2_i10 17-0-34) (rcnot l2_l3_i16 18-1-37) (NOT-rcnot l3_l0_i11 22-0-44) (mapped l2 p10 68-0-136) (mapped l3 p4 88-0-176)
    add: (NOT-rcnot l2_l3_i16 18-0-36)
    del: (rcnot l2_l3_i16 18-1-37)
  (apply_cnot_l2_l3_i16 p10 p9), cost: 1
    pre: (NOT-rcnot l1_l2_i10 17-0-34) (rcnot l2_l3_i16 18-1-37) (NOT-rcnot l3_l0_i11 22-0-44) (mapped l2 p10 68-0-136) (mapped l3 p9 93-0-186)
    add: (NOT-rcnot l2_l3_i16 18-0-36)
    del: (rcnot l2_l3_i16 18-1-37)
  (apply_cnot_l2_l3_i16 p11 p10), cost: 1
    pre: (NOT-rcnot l1_l2_i10 17-0-34) (rcnot l2_l3_i16 18-1-37) (NOT-rcnot l3_l0_i11 22-0-44) (mapped l2 p11 69-0-138) (mapped l3 p10 82-0-164)
    add: (NOT-rcnot l2_l3_i16 18-0-36)
    del: (rcnot l2_l3_i16 18-1-37)
  (apply_cnot_l2_l3_i16 p11 p12), cost: 1
    pre: (NOT-rcnot l1_l2_i10 17-0-34) (rcnot l2_l3_i16 18-1-37) (NOT-rcnot l3_l0_i11 22-0-44) (mapped l2 p11 69-0-138) (mapped l3 p12 84-0-168)
    add: (NOT-rcnot l2_l3_i16 18-0-36)
    del: (rcnot l2_l3_i16 18-1-37)
  (apply_cnot_l2_l3_i16 p11 p3), cost: 1
    pre: (NOT-rcnot l1_l2_i10 17-0-34) (rcnot l2_l3_i16 18-1-37) (NOT-rcnot l3_l0_i11 22-0-44) (mapped l2 p11 69-0-138) (mapped l3 p3 87-0-174)
    add: (NOT-rcnot l2_l3_i16 18-0-36)
    del: (rcnot l2_l3_i16 18-1-37)
  (apply_cnot_l2_l3_i16 p12 p11), cost: 1
    pre: (NOT-rcnot l1_l2_i10 17-0-34) (rcnot l2_l3_i16 18-1-37) (NOT-rcnot l3_l0_i11 22-0-44) (mapped l2 p12 70-0-140) (mapped l3 p11 83-0-166)
    add: (NOT-rcnot l2_l3_i16 18-0-36)
    del: (rcnot l2_l3_i16 18-1-37)
  (apply_cnot_l2_l3_i16 p12 p13), cost: 1
    pre: (NOT-rcnot l1_l2_i10 17-0-34) (rcnot l2_l3_i16 18-1-37) (NOT-rcnot l3_l0_i11 22-0-44) (mapped l2 p12 70-0-140) (mapped l3 p13 85-0-170)
    add: (NOT-rcnot l2_l3_i16 18-0-36)
    del: (rcnot l2_l3_i16 18-1-37)
  (apply_cnot_l2_l3_i16 p12 p2), cost: 1
    pre: (NOT-rcnot l1_l2_i10 17-0-34) (rcnot l2_l3_i16 18-1-37) (NOT-rcnot l3_l0_i11 22-0-44) (mapped l2 p12 70-0-140) (mapped l3 p2 86-0-172)
    add: (NOT-rcnot l2_l3_i16 18-0-36)
    del: (rcnot l2_l3_i16 18-1-37)
  (apply_cnot_l2_l3_i16 p13 p1), cost: 1
    pre: (NOT-rcnot l1_l2_i10 17-0-34) (rcnot l2_l3_i16 18-1-37) (NOT-rcnot l3_l0_i11 22-0-44) (mapped l2 p13 71-0-142) (mapped l3 p1 81-0-162)
    add: (NOT-rcnot l2_l3_i16 18-0-36)
    del: (rcnot l2_l3_i16 18-1-37)
  (apply_cnot_l2_l3_i16 p13 p12), cost: 1
    pre: (NOT-rcnot l1_l2_i10 17-0-34) (rcnot l2_l3_i16 18-1-37) (NOT-rcnot l3_l0_i11 22-0-44) (mapped l2 p13 71-0-142) (mapped l3 p12 84-0-168)
    add: (NOT-rcnot l2_l3_i16 18-0-36)
    del: (rcnot l2_l3_i16 18-1-37)
  (apply_cnot_l2_l3_i16 p2 p1), cost: 1
    pre: (NOT-rcnot l1_l2_i10 17-0-34) (rcnot l2_l3_i16 18-1-37) (NOT-rcnot l3_l0_i11 22-0-44) (mapped l2 p2 72-0-144) (mapped l3 p1 81-0-162)
    add: (NOT-rcnot l2_l3_i16 18-0-36)
    del: (rcnot l2_l3_i16 18-1-37)
  (apply_cnot_l2_l3_i16 p2 p12), cost: 1
    pre: (NOT-rcnot l1_l2_i10 17-0-34) (rcnot l2_l3_i16 18-1-37) (NOT-rcnot l3_l0_i11 22-0-44) (mapped l2 p2 72-0-144) (mapped l3 p12 84-0-168)
    add: (NOT-rcnot l2_l3_i16 18-0-36)
    del: (rcnot l2_l3_i16 18-1-37)
  (apply_cnot_l2_l3_i16 p2 p3), cost: 1
    pre: (NOT-rcnot l1_l2_i10 17-0-34) (rcnot l2_l3_i16 18-1-37) (NOT-rcnot l3_l0_i11 22-0-44) (mapped l2 p2 72-0-144) (mapped l3 p3 87-0-174)
    add: (NOT-rcnot l2_l3_i16 18-0-36)
    del: (rcnot l2_l3_i16 18-1-37)
  (apply_cnot_l2_l3_i16 p3 p11), cost: 1
    pre: (NOT-rcnot l1_l2_i10 17-0-34) (rcnot l2_l3_i16 18-1-37) (NOT-rcnot l3_l0_i11 22-0-44) (mapped l2 p3 73-0-146) (mapped l3 p11 83-0-166)
    add: (NOT-rcnot l2_l3_i16 18-0-36)
    del: (rcnot l2_l3_i16 18-1-37)
  (apply_cnot_l2_l3_i16 p3 p2), cost: 1
    pre: (NOT-rcnot l1_l2_i10 17-0-34) (rcnot l2_l3_i16 18-1-37) (NOT-rcnot l3_l0_i11 22-0-44) (mapped l2 p3 73-0-146) (mapped l3 p2 86-0-172)
    add: (NOT-rcnot l2_l3_i16 18-0-36)
    del: (rcnot l2_l3_i16 18-1-37)
  (apply_cnot_l2_l3_i16 p3 p4), cost: 1
    pre: (NOT-rcnot l1_l2_i10 17-0-34) (rcnot l2_l3_i16 18-1-37) (NOT-rcnot l3_l0_i11 22-0-44) (mapped l2 p3 73-0-146) (mapped l3 p4 88-0-176)
    add: (NOT-rcnot l2_l3_i16 18-0-36)
    del: (rcnot l2_l3_i16 18-1-37)
  (apply_cnot_l2_l3_i16 p4 p10), cost: 1
    pre: (NOT-rcnot l1_l2_i10 17-0-34) (rcnot l2_l3_i16 18-1-37) (NOT-rcnot l3_l0_i11 22-0-44) (mapped l2 p4 74-0-148) (mapped l3 p10 82-0-164)
    add: (NOT-rcnot l2_l3_i16 18-0-36)
    del: (rcnot l2_l3_i16 18-1-37)
  (apply_cnot_l2_l3_i16 p4 p3), cost: 1
    pre: (NOT-rcnot l1_l2_i10 17-0-34) (rcnot l2_l3_i16 18-1-37) (NOT-rcnot l3_l0_i11 22-0-44) (mapped l2 p4 74-0-148) (mapped l3 p3 87-0-174)
    add: (NOT-rcnot l2_l3_i16 18-0-36)
    del: (rcnot l2_l3_i16 18-1-37)
  (apply_cnot_l2_l3_i16 p4 p5), cost: 1
    pre: (NOT-rcnot l1_l2_i10 17-0-34) (rcnot l2_l3_i16 18-1-37) (NOT-rcnot l3_l0_i11 22-0-44) (mapped l2 p4 74-0-148) (mapped l3 p5 89-0-178)
    add: (NOT-rcnot l2_l3_i16 18-0-36)
    del: (rcnot l2_l3_i16 18-1-37)
  (apply_cnot_l2_l3_i16 p5 p4), cost: 1
    pre: (NOT-rcnot l1_l2_i10 17-0-34) (rcnot l2_l3_i16 18-1-37) (NOT-rcnot l3_l0_i11 22-0-44) (mapped l2 p5 75-0-150) (mapped l3 p4 88-0-176)
    add: (NOT-rcnot l2_l3_i16 18-0-36)
    del: (rcnot l2_l3_i16 18-1-37)
  (apply_cnot_l2_l3_i16 p5 p6), cost: 1
    pre: (NOT-rcnot l1_l2_i10 17-0-34) (rcnot l2_l3_i16 18-1-37) (NOT-rcnot l3_l0_i11 22-0-44) (mapped l2 p5 75-0-150) (mapped l3 p6 90-0-180)
    add: (NOT-rcnot l2_l3_i16 18-0-36)
    del: (rcnot l2_l3_i16 18-1-37)
  (apply_cnot_l2_l3_i16 p5 p9), cost: 1
    pre: (NOT-rcnot l1_l2_i10 17-0-34) (rcnot l2_l3_i16 18-1-37) (NOT-rcnot l3_l0_i11 22-0-44) (mapped l2 p5 75-0-150) (mapped l3 p9 93-0-186)
    add: (NOT-rcnot l2_l3_i16 18-0-36)
    del: (rcnot l2_l3_i16 18-1-37)
  (apply_cnot_l2_l3_i16 p6 p5), cost: 1
    pre: (NOT-rcnot l1_l2_i10 17-0-34) (rcnot l2_l3_i16 18-1-37) (NOT-rcnot l3_l0_i11 22-0-44) (mapped l2 p6 76-0-152) (mapped l3 p5 89-0-178)
    add: (NOT-rcnot l2_l3_i16 18-0-36)
    del: (rcnot l2_l3_i16 18-1-37)
  (apply_cnot_l2_l3_i16 p6 p8), cost: 1
    pre: (NOT-rcnot l1_l2_i10 17-0-34) (rcnot l2_l3_i16 18-1-37) (NOT-rcnot l3_l0_i11 22-0-44) (mapped l2 p6 76-0-152) (mapped l3 p8 92-0-184)
    add: (NOT-rcnot l2_l3_i16 18-0-36)
    del: (rcnot l2_l3_i16 18-1-37)
  (apply_cnot_l2_l3_i16 p7 p8), cost: 1
    pre: (NOT-rcnot l1_l2_i10 17-0-34) (rcnot l2_l3_i16 18-1-37) (NOT-rcnot l3_l0_i11 22-0-44) (mapped l2 p7 77-0-154) (mapped l3 p8 92-0-184)
    add: (NOT-rcnot l2_l3_i16 18-0-36)
    del: (rcnot l2_l3_i16 18-1-37)
  (apply_cnot_l2_l3_i16 p8 p6), cost: 1
    pre: (NOT-rcnot l1_l2_i10 17-0-34) (rcnot l2_l3_i16 18-1-37) (NOT-rcnot l3_l0_i11 22-0-44) (mapped l2 p8 78-0-156) (mapped l3 p6 90-0-180)
    add: (NOT-rcnot l2_l3_i16 18-0-36)
    del: (rcnot l2_l3_i16 18-1-37)
  (apply_cnot_l2_l3_i16 p8 p7), cost: 1
    pre: (NOT-rcnot l1_l2_i10 17-0-34) (rcnot l2_l3_i16 18-1-37) (NOT-rcnot l3_l0_i11 22-0-44) (mapped l2 p8 78-0-156) (mapped l3 p7 91-0-182)
    add: (NOT-rcnot l2_l3_i16 18-0-36)
    del: (rcnot l2_l3_i16 18-1-37)
  (apply_cnot_l2_l3_i16 p8 p9), cost: 1
    pre: (NOT-rcnot l1_l2_i10 17-0-34) (rcnot l2_l3_i16 18-1-37) (NOT-rcnot l3_l0_i11 22-0-44) (mapped l2 p8 78-0-156) (mapped l3 p9 93-0-186)
    add: (NOT-rcnot l2_l3_i16 18-0-36)
    del: (rcnot l2_l3_i16 18-1-37)
  (apply_cnot_l2_l3_i16 p9 p10), cost: 1
    pre: (NOT-rcnot l1_l2_i10 17-0-34) (rcnot l2_l3_i16 18-1-37) (NOT-rcnot l3_l0_i11 22-0-44) (mapped l2 p9 79-0-158) (mapped l3 p10 82-0-164)
    add: (NOT-rcnot l2_l3_i16 18-0-36)
    del: (rcnot l2_l3_i16 18-1-37)
  (apply_cnot_l2_l3_i16 p9 p5), cost: 1
    pre: (NOT-rcnot l1_l2_i10 17-0-34) (rcnot l2_l3_i16 18-1-37) (NOT-rcnot l3_l0_i11 22-0-44) (mapped l2 p9 79-0-158) (mapped l3 p5 89-0-178)
    add: (NOT-rcnot l2_l3_i16 18-0-36)
    del: (rcnot l2_l3_i16 18-1-37)
  (apply_cnot_l2_l3_i16 p9 p8), cost: 1
    pre: (NOT-rcnot l1_l2_i10 17-0-34) (rcnot l2_l3_i16 18-1-37) (NOT-rcnot l3_l0_i11 22-0-44) (mapped l2 p9 79-0-158) (mapped l3 p8 92-0-184)
    add: (NOT-rcnot l2_l3_i16 18-0-36)
    del: (rcnot l2_l3_i16 18-1-37)
  (apply_cnot_l2_l3_i19 p0 p1), cost: 1
    pre: (NOT-rcnot l2_l3_i16 18-0-36) (rcnot l2_l3_i19 19-1-39) (mapped l2 p0 66-0-132) (mapped l3 p1 81-0-162)
    add: (NOT-rcnot l2_l3_i19 19-0-38)
    del: (rcnot l2_l3_i19 19-1-39)
  (apply_cnot_l2_l3_i19 p1 p0), cost: 1
    pre: (NOT-rcnot l2_l3_i16 18-0-36) (rcnot l2_l3_i19 19-1-39) (mapped l2 p1 67-0-134) (mapped l3 p0 80-0-160)
    add: (NOT-rcnot l2_l3_i19 19-0-38)
    del: (rcnot l2_l3_i19 19-1-39)
  (apply_cnot_l2_l3_i19 p1 p13), cost: 1
    pre: (NOT-rcnot l2_l3_i16 18-0-36) (rcnot l2_l3_i19 19-1-39) (mapped l2 p1 67-0-134) (mapped l3 p13 85-0-170)
    add: (NOT-rcnot l2_l3_i19 19-0-38)
    del: (rcnot l2_l3_i19 19-1-39)
  (apply_cnot_l2_l3_i19 p1 p2), cost: 1
    pre: (NOT-rcnot l2_l3_i16 18-0-36) (rcnot l2_l3_i19 19-1-39) (mapped l2 p1 67-0-134) (mapped l3 p2 86-0-172)
    add: (NOT-rcnot l2_l3_i19 19-0-38)
    del: (rcnot l2_l3_i19 19-1-39)
  (apply_cnot_l2_l3_i19 p10 p11), cost: 1
    pre: (NOT-rcnot l2_l3_i16 18-0-36) (rcnot l2_l3_i19 19-1-39) (mapped l2 p10 68-0-136) (mapped l3 p11 83-0-166)
    add: (NOT-rcnot l2_l3_i19 19-0-38)
    del: (rcnot l2_l3_i19 19-1-39)
  (apply_cnot_l2_l3_i19 p10 p4), cost: 1
    pre: (NOT-rcnot l2_l3_i16 18-0-36) (rcnot l2_l3_i19 19-1-39) (mapped l2 p10 68-0-136) (mapped l3 p4 88-0-176)
    add: (NOT-rcnot l2_l3_i19 19-0-38)
    del: (rcnot l2_l3_i19 19-1-39)
  (apply_cnot_l2_l3_i19 p10 p9), cost: 1
    pre: (NOT-rcnot l2_l3_i16 18-0-36) (rcnot l2_l3_i19 19-1-39) (mapped l2 p10 68-0-136) (mapped l3 p9 93-0-186)
    add: (NOT-rcnot l2_l3_i19 19-0-38)
    del: (rcnot l2_l3_i19 19-1-39)
  (apply_cnot_l2_l3_i19 p11 p10), cost: 1
    pre: (NOT-rcnot l2_l3_i16 18-0-36) (rcnot l2_l3_i19 19-1-39) (mapped l2 p11 69-0-138) (mapped l3 p10 82-0-164)
    add: (NOT-rcnot l2_l3_i19 19-0-38)
    del: (rcnot l2_l3_i19 19-1-39)
  (apply_cnot_l2_l3_i19 p11 p12), cost: 1
    pre: (NOT-rcnot l2_l3_i16 18-0-36) (rcnot l2_l3_i19 19-1-39) (mapped l2 p11 69-0-138) (mapped l3 p12 84-0-168)
    add: (NOT-rcnot l2_l3_i19 19-0-38)
    del: (rcnot l2_l3_i19 19-1-39)
  (apply_cnot_l2_l3_i19 p11 p3), cost: 1
    pre: (NOT-rcnot l2_l3_i16 18-0-36) (rcnot l2_l3_i19 19-1-39) (mapped l2 p11 69-0-138) (mapped l3 p3 87-0-174)
    add: (NOT-rcnot l2_l3_i19 19-0-38)
    del: (rcnot l2_l3_i19 19-1-39)
  (apply_cnot_l2_l3_i19 p12 p11), cost: 1
    pre: (NOT-rcnot l2_l3_i16 18-0-36) (rcnot l2_l3_i19 19-1-39) (mapped l2 p12 70-0-140) (mapped l3 p11 83-0-166)
    add: (NOT-rcnot l2_l3_i19 19-0-38)
    del: (rcnot l2_l3_i19 19-1-39)
  (apply_cnot_l2_l3_i19 p12 p13), cost: 1
    pre: (NOT-rcnot l2_l3_i16 18-0-36) (rcnot l2_l3_i19 19-1-39) (mapped l2 p12 70-0-140) (mapped l3 p13 85-0-170)
    add: (NOT-rcnot l2_l3_i19 19-0-38)
    del: (rcnot l2_l3_i19 19-1-39)
  (apply_cnot_l2_l3_i19 p12 p2), cost: 1
    pre: (NOT-rcnot l2_l3_i16 18-0-36) (rcnot l2_l3_i19 19-1-39) (mapped l2 p12 70-0-140) (mapped l3 p2 86-0-172)
    add: (NOT-rcnot l2_l3_i19 19-0-38)
    del: (rcnot l2_l3_i19 19-1-39)
  (apply_cnot_l2_l3_i19 p13 p1), cost: 1
    pre: (NOT-rcnot l2_l3_i16 18-0-36) (rcnot l2_l3_i19 19-1-39) (mapped l2 p13 71-0-142) (mapped l3 p1 81-0-162)
    add: (NOT-rcnot l2_l3_i19 19-0-38)
    del: (rcnot l2_l3_i19 19-1-39)
  (apply_cnot_l2_l3_i19 p13 p12), cost: 1
    pre: (NOT-rcnot l2_l3_i16 18-0-36) (rcnot l2_l3_i19 19-1-39) (mapped l2 p13 71-0-142) (mapped l3 p12 84-0-168)
    add: (NOT-rcnot l2_l3_i19 19-0-38)
    del: (rcnot l2_l3_i19 19-1-39)
  (apply_cnot_l2_l3_i19 p2 p1), cost: 1
    pre: (NOT-rcnot l2_l3_i16 18-0-36) (rcnot l2_l3_i19 19-1-39) (mapped l2 p2 72-0-144) (mapped l3 p1 81-0-162)
    add: (NOT-rcnot l2_l3_i19 19-0-38)
    del: (rcnot l2_l3_i19 19-1-39)
  (apply_cnot_l2_l3_i19 p2 p12), cost: 1
    pre: (NOT-rcnot l2_l3_i16 18-0-36) (rcnot l2_l3_i19 19-1-39) (mapped l2 p2 72-0-144) (mapped l3 p12 84-0-168)
    add: (NOT-rcnot l2_l3_i19 19-0-38)
    del: (rcnot l2_l3_i19 19-1-39)
  (apply_cnot_l2_l3_i19 p2 p3), cost: 1
    pre: (NOT-rcnot l2_l3_i16 18-0-36) (rcnot l2_l3_i19 19-1-39) (mapped l2 p2 72-0-144) (mapped l3 p3 87-0-174)
    add: (NOT-rcnot l2_l3_i19 19-0-38)
    del: (rcnot l2_l3_i19 19-1-39)
  (apply_cnot_l2_l3_i19 p3 p11), cost: 1
    pre: (NOT-rcnot l2_l3_i16 18-0-36) (rcnot l2_l3_i19 19-1-39) (mapped l2 p3 73-0-146) (mapped l3 p11 83-0-166)
    add: (NOT-rcnot l2_l3_i19 19-0-38)
    del: (rcnot l2_l3_i19 19-1-39)
  (apply_cnot_l2_l3_i19 p3 p2), cost: 1
    pre: (NOT-rcnot l2_l3_i16 18-0-36) (rcnot l2_l3_i19 19-1-39) (mapped l2 p3 73-0-146) (mapped l3 p2 86-0-172)
    add: (NOT-rcnot l2_l3_i19 19-0-38)
    del: (rcnot l2_l3_i19 19-1-39)
  (apply_cnot_l2_l3_i19 p3 p4), cost: 1
    pre: (NOT-rcnot l2_l3_i16 18-0-36) (rcnot l2_l3_i19 19-1-39) (mapped l2 p3 73-0-146) (mapped l3 p4 88-0-176)
    add: (NOT-rcnot l2_l3_i19 19-0-38)
    del: (rcnot l2_l3_i19 19-1-39)
  (apply_cnot_l2_l3_i19 p4 p10), cost: 1
    pre: (NOT-rcnot l2_l3_i16 18-0-36) (rcnot l2_l3_i19 19-1-39) (mapped l2 p4 74-0-148) (mapped l3 p10 82-0-164)
    add: (NOT-rcnot l2_l3_i19 19-0-38)
    del: (rcnot l2_l3_i19 19-1-39)
  (apply_cnot_l2_l3_i19 p4 p3), cost: 1
    pre: (NOT-rcnot l2_l3_i16 18-0-36) (rcnot l2_l3_i19 19-1-39) (mapped l2 p4 74-0-148) (mapped l3 p3 87-0-174)
    add: (NOT-rcnot l2_l3_i19 19-0-38)
    del: (rcnot l2_l3_i19 19-1-39)
  (apply_cnot_l2_l3_i19 p4 p5), cost: 1
    pre: (NOT-rcnot l2_l3_i16 18-0-36) (rcnot l2_l3_i19 19-1-39) (mapped l2 p4 74-0-148) (mapped l3 p5 89-0-178)
    add: (NOT-rcnot l2_l3_i19 19-0-38)
    del: (rcnot l2_l3_i19 19-1-39)
  (apply_cnot_l2_l3_i19 p5 p4), cost: 1
    pre: (NOT-rcnot l2_l3_i16 18-0-36) (rcnot l2_l3_i19 19-1-39) (mapped l2 p5 75-0-150) (mapped l3 p4 88-0-176)
    add: (NOT-rcnot l2_l3_i19 19-0-38)
    del: (rcnot l2_l3_i19 19-1-39)
  (apply_cnot_l2_l3_i19 p5 p6), cost: 1
    pre: (NOT-rcnot l2_l3_i16 18-0-36) (rcnot l2_l3_i19 19-1-39) (mapped l2 p5 75-0-150) (mapped l3 p6 90-0-180)
    add: (NOT-rcnot l2_l3_i19 19-0-38)
    del: (rcnot l2_l3_i19 19-1-39)
  (apply_cnot_l2_l3_i19 p5 p9), cost: 1
    pre: (NOT-rcnot l2_l3_i16 18-0-36) (rcnot l2_l3_i19 19-1-39) (mapped l2 p5 75-0-150) (mapped l3 p9 93-0-186)
    add: (NOT-rcnot l2_l3_i19 19-0-38)
    del: (rcnot l2_l3_i19 19-1-39)
  (apply_cnot_l2_l3_i19 p6 p5), cost: 1
    pre: (NOT-rcnot l2_l3_i16 18-0-36) (rcnot l2_l3_i19 19-1-39) (mapped l2 p6 76-0-152) (mapped l3 p5 89-0-178)
    add: (NOT-rcnot l2_l3_i19 19-0-38)
    del: (rcnot l2_l3_i19 19-1-39)
  (apply_cnot_l2_l3_i19 p6 p8), cost: 1
    pre: (NOT-rcnot l2_l3_i16 18-0-36) (rcnot l2_l3_i19 19-1-39) (mapped l2 p6 76-0-152) (mapped l3 p8 92-0-184)
    add: (NOT-rcnot l2_l3_i19 19-0-38)
    del: (rcnot l2_l3_i19 19-1-39)
  (apply_cnot_l2_l3_i19 p7 p8), cost: 1
    pre: (NOT-rcnot l2_l3_i16 18-0-36) (rcnot l2_l3_i19 19-1-39) (mapped l2 p7 77-0-154) (mapped l3 p8 92-0-184)
    add: (NOT-rcnot l2_l3_i19 19-0-38)
    del: (rcnot l2_l3_i19 19-1-39)
  (apply_cnot_l2_l3_i19 p8 p6), cost: 1
    pre: (NOT-rcnot l2_l3_i16 18-0-36) (rcnot l2_l3_i19 19-1-39) (mapped l2 p8 78-0-156) (mapped l3 p6 90-0-180)
    add: (NOT-rcnot l2_l3_i19 19-0-38)
    del: (rcnot l2_l3_i19 19-1-39)
  (apply_cnot_l2_l3_i19 p8 p7), cost: 1
    pre: (NOT-rcnot l2_l3_i16 18-0-36) (rcnot l2_l3_i19 19-1-39) (mapped l2 p8 78-0-156) (mapped l3 p7 91-0-182)
    add: (NOT-rcnot l2_l3_i19 19-0-38)
    del: (rcnot l2_l3_i19 19-1-39)
  (apply_cnot_l2_l3_i19 p8 p9), cost: 1
    pre: (NOT-rcnot l2_l3_i16 18-0-36) (rcnot l2_l3_i19 19-1-39) (mapped l2 p8 78-0-156) (mapped l3 p9 93-0-186)
    add: (NOT-rcnot l2_l3_i19 19-0-38)
    del: (rcnot l2_l3_i19 19-1-39)
  (apply_cnot_l2_l3_i19 p9 p10), cost: 1
    pre: (NOT-rcnot l2_l3_i16 18-0-36) (rcnot l2_l3_i19 19-1-39) (mapped l2 p9 79-0-158) (mapped l3 p10 82-0-164)
    add: (NOT-rcnot l2_l3_i19 19-0-38)
    del: (rcnot l2_l3_i19 19-1-39)
  (apply_cnot_l2_l3_i19 p9 p5), cost: 1
    pre: (NOT-rcnot l2_l3_i16 18-0-36) (rcnot l2_l3_i19 19-1-39) (mapped l2 p9 79-0-158) (mapped l3 p5 89-0-178)
    add: (NOT-rcnot l2_l3_i19 19-0-38)
    del: (rcnot l2_l3_i19 19-1-39)
  (apply_cnot_l2_l3_i19 p9 p8), cost: 1
    pre: (NOT-rcnot l2_l3_i16 18-0-36) (rcnot l2_l3_i19 19-1-39) (mapped l2 p9 79-0-158) (mapped l3 p8 92-0-184)
    add: (NOT-rcnot l2_l3_i19 19-0-38)
    del: (rcnot l2_l3_i19 19-1-39)
  (apply_cnot_l2_l3_i6 p0 p1), cost: 1
    pre: (NOT-initialized p0 0-0-0) (NOT-initialized p1 1-0-2) (rcnot l2_l3_i6 20-1-41)
    add: (none-of-those 0-1-1) (none-of-those 1-1-3) (NOT-rcnot l2_l3_i6 20-0-40) (none-of-those 24-1-49) (none-of-those 25-1-51) (mapped l2 p0 66-0-132) (mapped l3 p1 81-0-162)
    del: (NOT-initialized p0 0-0-0) (NOT-initialized p1 1-0-2) (rcnot l2_l3_i6 20-1-41) (NOT-occupied_pqubit p0 24-0-48) (NOT-occupied_pqubit p1 25-0-50) (none-of-those 66-1-133) (none-of-those 81-1-163)
  (apply_cnot_l2_l3_i6 p1 p0), cost: 1
    pre: (NOT-initialized p0 0-0-0) (NOT-initialized p1 1-0-2) (rcnot l2_l3_i6 20-1-41)
    add: (none-of-those 0-1-1) (none-of-those 1-1-3) (NOT-rcnot l2_l3_i6 20-0-40) (none-of-those 24-1-49) (none-of-those 25-1-51) (mapped l2 p1 67-0-134) (mapped l3 p0 80-0-160)
    del: (NOT-initialized p0 0-0-0) (NOT-initialized p1 1-0-2) (rcnot l2_l3_i6 20-1-41) (NOT-occupied_pqubit p0 24-0-48) (NOT-occupied_pqubit p1 25-0-50) (none-of-those 67-1-135) (none-of-those 80-1-161)
  (apply_cnot_l2_l3_i6 p1 p13), cost: 1
    pre: (NOT-initialized p1 1-0-2) (NOT-initialized p13 5-0-10) (rcnot l2_l3_i6 20-1-41)
    add: (none-of-those 1-1-3) (none-of-those 5-1-11) (NOT-rcnot l2_l3_i6 20-0-40) (none-of-those 25-1-51) (none-of-those 29-1-59) (mapped l2 p1 67-0-134) (mapped l3 p13 85-0-170)
    del: (NOT-initialized p1 1-0-2) (NOT-initialized p13 5-0-10) (rcnot l2_l3_i6 20-1-41) (NOT-occupied_pqubit p1 25-0-50) (NOT-occupied_pqubit p13 29-0-58) (none-of-those 67-1-135) (none-of-those 85-1-171)
  (apply_cnot_l2_l3_i6 p1 p2), cost: 1
    pre: (NOT-initialized p1 1-0-2) (NOT-initialized p2 6-0-12) (rcnot l2_l3_i6 20-1-41)
    add: (none-of-those 1-1-3) (none-of-those 6-1-13) (NOT-rcnot l2_l3_i6 20-0-40) (none-of-those 25-1-51) (none-of-those 30-1-61) (mapped l2 p1 67-0-134) (mapped l3 p2 86-0-172)
    del: (NOT-initialized p1 1-0-2) (NOT-initialized p2 6-0-12) (rcnot l2_l3_i6 20-1-41) (NOT-occupied_pqubit p1 25-0-50) (NOT-occupied_pqubit p2 30-0-60) (none-of-those 67-1-135) (none-of-those 86-1-173)
  (apply_cnot_l2_l3_i6 p10 p11), cost: 1
    pre: (NOT-initialized p10 2-0-4) (NOT-initialized p11 3-0-6) (rcnot l2_l3_i6 20-1-41)
    add: (none-of-those 2-1-5) (none-of-those 3-1-7) (NOT-rcnot l2_l3_i6 20-0-40) (none-of-those 26-1-53) (none-of-those 27-1-55) (mapped l2 p10 68-0-136) (mapped l3 p11 83-0-166)
    del: (NOT-initialized p10 2-0-4) (NOT-initialized p11 3-0-6) (rcnot l2_l3_i6 20-1-41) (NOT-occupied_pqubit p10 26-0-52) (NOT-occupied_pqubit p11 27-0-54) (none-of-those 68-1-137) (none-of-those 83-1-167)
  (apply_cnot_l2_l3_i6 p10 p4), cost: 1
    pre: (NOT-initialized p10 2-0-4) (NOT-initialized p4 8-0-16) (rcnot l2_l3_i6 20-1-41)
    add: (none-of-those 2-1-5) (none-of-those 8-1-17) (NOT-rcnot l2_l3_i6 20-0-40) (none-of-those 26-1-53) (none-of-those 32-1-65) (mapped l2 p10 68-0-136) (mapped l3 p4 88-0-176)
    del: (NOT-initialized p10 2-0-4) (NOT-initialized p4 8-0-16) (rcnot l2_l3_i6 20-1-41) (NOT-occupied_pqubit p10 26-0-52) (NOT-occupied_pqubit p4 32-0-64) (none-of-those 68-1-137) (none-of-those 88-1-177)
  (apply_cnot_l2_l3_i6 p10 p9), cost: 1
    pre: (NOT-initialized p10 2-0-4) (NOT-initialized p9 13-0-26) (rcnot l2_l3_i6 20-1-41)
    add: (none-of-those 2-1-5) (none-of-those 13-1-27) (NOT-rcnot l2_l3_i6 20-0-40) (none-of-those 26-1-53) (none-of-those 37-1-75) (mapped l2 p10 68-0-136) (mapped l3 p9 93-0-186)
    del: (NOT-initialized p10 2-0-4) (NOT-initialized p9 13-0-26) (rcnot l2_l3_i6 20-1-41) (NOT-occupied_pqubit p10 26-0-52) (NOT-occupied_pqubit p9 37-0-74) (none-of-those 68-1-137) (none-of-those 93-1-187)
  (apply_cnot_l2_l3_i6 p11 p10), cost: 1
    pre: (NOT-initialized p10 2-0-4) (NOT-initialized p11 3-0-6) (rcnot l2_l3_i6 20-1-41)
    add: (none-of-those 2-1-5) (none-of-those 3-1-7) (NOT-rcnot l2_l3_i6 20-0-40) (none-of-those 26-1-53) (none-of-those 27-1-55) (mapped l2 p11 69-0-138) (mapped l3 p10 82-0-164)
    del: (NOT-initialized p10 2-0-4) (NOT-initialized p11 3-0-6) (rcnot l2_l3_i6 20-1-41) (NOT-occupied_pqubit p10 26-0-52) (NOT-occupied_pqubit p11 27-0-54) (none-of-those 69-1-139) (none-of-those 82-1-165)
  (apply_cnot_l2_l3_i6 p11 p12), cost: 1
    pre: (NOT-initialized p11 3-0-6) (NOT-initialized p12 4-0-8) (rcnot l2_l3_i6 20-1-41)
    add: (none-of-those 3-1-7) (none-of-those 4-1-9) (NOT-rcnot l2_l3_i6 20-0-40) (none-of-those 27-1-55) (none-of-those 28-1-57) (mapped l2 p11 69-0-138) (mapped l3 p12 84-0-168)
    del: (NOT-initialized p11 3-0-6) (NOT-initialized p12 4-0-8) (rcnot l2_l3_i6 20-1-41) (NOT-occupied_pqubit p11 27-0-54) (NOT-occupied_pqubit p12 28-0-56) (none-of-those 69-1-139) (none-of-those 84-1-169)
  (apply_cnot_l2_l3_i6 p11 p3), cost: 1
    pre: (NOT-initialized p11 3-0-6) (NOT-initialized p3 7-0-14) (rcnot l2_l3_i6 20-1-41)
    add: (none-of-those 3-1-7) (none-of-those 7-1-15) (NOT-rcnot l2_l3_i6 20-0-40) (none-of-those 27-1-55) (none-of-those 31-1-63) (mapped l2 p11 69-0-138) (mapped l3 p3 87-0-174)
    del: (NOT-initialized p11 3-0-6) (NOT-initialized p3 7-0-14) (rcnot l2_l3_i6 20-1-41) (NOT-occupied_pqubit p11 27-0-54) (NOT-occupied_pqubit p3 31-0-62) (none-of-those 69-1-139) (none-of-those 87-1-175)
  (apply_cnot_l2_l3_i6 p12 p11), cost: 1
    pre: (NOT-initialized p11 3-0-6) (NOT-initialized p12 4-0-8) (rcnot l2_l3_i6 20-1-41)
    add: (none-of-those 3-1-7) (none-of-those 4-1-9) (NOT-rcnot l2_l3_i6 20-0-40) (none-of-those 27-1-55) (none-of-those 28-1-57) (mapped l2 p12 70-0-140) (mapped l3 p11 83-0-166)
    del: (NOT-initialized p11 3-0-6) (NOT-initialized p12 4-0-8) (rcnot l2_l3_i6 20-1-41) (NOT-occupied_pqubit p11 27-0-54) (NOT-occupied_pqubit p12 28-0-56) (none-of-those 70-1-141) (none-of-those 83-1-167)
  (apply_cnot_l2_l3_i6 p12 p13), cost: 1
    pre: (NOT-initialized p12 4-0-8) (NOT-initialized p13 5-0-10) (rcnot l2_l3_i6 20-1-41)
    add: (none-of-those 4-1-9) (none-of-those 5-1-11) (NOT-rcnot l2_l3_i6 20-0-40) (none-of-those 28-1-57) (none-of-those 29-1-59) (mapped l2 p12 70-0-140) (mapped l3 p13 85-0-170)
    del: (NOT-initialized p12 4-0-8) (NOT-initialized p13 5-0-10) (rcnot l2_l3_i6 20-1-41) (NOT-occupied_pqubit p12 28-0-56) (NOT-occupied_pqubit p13 29-0-58) (none-of-those 70-1-141) (none-of-those 85-1-171)
  (apply_cnot_l2_l3_i6 p12 p2), cost: 1
    pre: (NOT-initialized p12 4-0-8) (NOT-initialized p2 6-0-12) (rcnot l2_l3_i6 20-1-41)
    add: (none-of-those 4-1-9) (none-of-those 6-1-13) (NOT-rcnot l2_l3_i6 20-0-40) (none-of-those 28-1-57) (none-of-those 30-1-61) (mapped l2 p12 70-0-140) (mapped l3 p2 86-0-172)
    del: (NOT-initialized p12 4-0-8) (NOT-initialized p2 6-0-12) (rcnot l2_l3_i6 20-1-41) (NOT-occupied_pqubit p12 28-0-56) (NOT-occupied_pqubit p2 30-0-60) (none-of-those 70-1-141) (none-of-those 86-1-173)
  (apply_cnot_l2_l3_i6 p13 p1), cost: 1
    pre: (NOT-initialized p1 1-0-2) (NOT-initialized p13 5-0-10) (rcnot l2_l3_i6 20-1-41)
    add: (none-of-those 1-1-3) (none-of-those 5-1-11) (NOT-rcnot l2_l3_i6 20-0-40) (none-of-those 25-1-51) (none-of-those 29-1-59) (mapped l2 p13 71-0-142) (mapped l3 p1 81-0-162)
    del: (NOT-initialized p1 1-0-2) (NOT-initialized p13 5-0-10) (rcnot l2_l3_i6 20-1-41) (NOT-occupied_pqubit p1 25-0-50) (NOT-occupied_pqubit p13 29-0-58) (none-of-those 71-1-143) (none-of-those 81-1-163)
  (apply_cnot_l2_l3_i6 p13 p12), cost: 1
    pre: (NOT-initialized p12 4-0-8) (NOT-initialized p13 5-0-10) (rcnot l2_l3_i6 20-1-41)
    add: (none-of-those 4-1-9) (none-of-those 5-1-11) (NOT-rcnot l2_l3_i6 20-0-40) (none-of-those 28-1-57) (none-of-those 29-1-59) (mapped l2 p13 71-0-142) (mapped l3 p12 84-0-168)
    del: (NOT-initialized p12 4-0-8) (NOT-initialized p13 5-0-10) (rcnot l2_l3_i6 20-1-41) (NOT-occupied_pqubit p12 28-0-56) (NOT-occupied_pqubit p13 29-0-58) (none-of-those 71-1-143) (none-of-those 84-1-169)
  (apply_cnot_l2_l3_i6 p2 p1), cost: 1
    pre: (NOT-initialized p1 1-0-2) (NOT-initialized p2 6-0-12) (rcnot l2_l3_i6 20-1-41)
    add: (none-of-those 1-1-3) (none-of-those 6-1-13) (NOT-rcnot l2_l3_i6 20-0-40) (none-of-those 25-1-51) (none-of-those 30-1-61) (mapped l2 p2 72-0-144) (mapped l3 p1 81-0-162)
    del: (NOT-initialized p1 1-0-2) (NOT-initialized p2 6-0-12) (rcnot l2_l3_i6 20-1-41) (NOT-occupied_pqubit p1 25-0-50) (NOT-occupied_pqubit p2 30-0-60) (none-of-those 72-1-145) (none-of-those 81-1-163)
  (apply_cnot_l2_l3_i6 p2 p12), cost: 1
    pre: (NOT-initialized p12 4-0-8) (NOT-initialized p2 6-0-12) (rcnot l2_l3_i6 20-1-41)
    add: (none-of-those 4-1-9) (none-of-those 6-1-13) (NOT-rcnot l2_l3_i6 20-0-40) (none-of-those 28-1-57) (none-of-those 30-1-61) (mapped l2 p2 72-0-144) (mapped l3 p12 84-0-168)
    del: (NOT-initialized p12 4-0-8) (NOT-initialized p2 6-0-12) (rcnot l2_l3_i6 20-1-41) (NOT-occupied_pqubit p12 28-0-56) (NOT-occupied_pqubit p2 30-0-60) (none-of-those 72-1-145) (none-of-those 84-1-169)
  (apply_cnot_l2_l3_i6 p2 p3), cost: 1
    pre: (NOT-initialized p2 6-0-12) (NOT-initialized p3 7-0-14) (rcnot l2_l3_i6 20-1-41)
    add: (none-of-those 6-1-13) (none-of-those 7-1-15) (NOT-rcnot l2_l3_i6 20-0-40) (none-of-those 30-1-61) (none-of-those 31-1-63) (mapped l2 p2 72-0-144) (mapped l3 p3 87-0-174)
    del: (NOT-initialized p2 6-0-12) (NOT-initialized p3 7-0-14) (rcnot l2_l3_i6 20-1-41) (NOT-occupied_pqubit p2 30-0-60) (NOT-occupied_pqubit p3 31-0-62) (none-of-those 72-1-145) (none-of-those 87-1-175)
  (apply_cnot_l2_l3_i6 p3 p11), cost: 1
    pre: (NOT-initialized p11 3-0-6) (NOT-initialized p3 7-0-14) (rcnot l2_l3_i6 20-1-41)
    add: (none-of-those 3-1-7) (none-of-those 7-1-15) (NOT-rcnot l2_l3_i6 20-0-40) (none-of-those 27-1-55) (none-of-those 31-1-63) (mapped l2 p3 73-0-146) (mapped l3 p11 83-0-166)
    del: (NOT-initialized p11 3-0-6) (NOT-initialized p3 7-0-14) (rcnot l2_l3_i6 20-1-41) (NOT-occupied_pqubit p11 27-0-54) (NOT-occupied_pqubit p3 31-0-62) (none-of-those 73-1-147) (none-of-those 83-1-167)
  (apply_cnot_l2_l3_i6 p3 p2), cost: 1
    pre: (NOT-initialized p2 6-0-12) (NOT-initialized p3 7-0-14) (rcnot l2_l3_i6 20-1-41)
    add: (none-of-those 6-1-13) (none-of-those 7-1-15) (NOT-rcnot l2_l3_i6 20-0-40) (none-of-those 30-1-61) (none-of-those 31-1-63) (mapped l2 p3 73-0-146) (mapped l3 p2 86-0-172)
    del: (NOT-initialized p2 6-0-12) (NOT-initialized p3 7-0-14) (rcnot l2_l3_i6 20-1-41) (NOT-occupied_pqubit p2 30-0-60) (NOT-occupied_pqubit p3 31-0-62) (none-of-those 73-1-147) (none-of-those 86-1-173)
  (apply_cnot_l2_l3_i6 p3 p4), cost: 1
    pre: (NOT-initialized p3 7-0-14) (NOT-initialized p4 8-0-16) (rcnot l2_l3_i6 20-1-41)
    add: (none-of-those 7-1-15) (none-of-those 8-1-17) (NOT-rcnot l2_l3_i6 20-0-40) (none-of-those 31-1-63) (none-of-those 32-1-65) (mapped l2 p3 73-0-146) (mapped l3 p4 88-0-176)
    del: (NOT-initialized p3 7-0-14) (NOT-initialized p4 8-0-16) (rcnot l2_l3_i6 20-1-41) (NOT-occupied_pqubit p3 31-0-62) (NOT-occupied_pqubit p4 32-0-64) (none-of-those 73-1-147) (none-of-those 88-1-177)
  (apply_cnot_l2_l3_i6 p4 p10), cost: 1
    pre: (NOT-initialized p10 2-0-4) (NOT-initialized p4 8-0-16) (rcnot l2_l3_i6 20-1-41)
    add: (none-of-those 2-1-5) (none-of-those 8-1-17) (NOT-rcnot l2_l3_i6 20-0-40) (none-of-those 26-1-53) (none-of-those 32-1-65) (mapped l2 p4 74-0-148) (mapped l3 p10 82-0-164)
    del: (NOT-initialized p10 2-0-4) (NOT-initialized p4 8-0-16) (rcnot l2_l3_i6 20-1-41) (NOT-occupied_pqubit p10 26-0-52) (NOT-occupied_pqubit p4 32-0-64) (none-of-those 74-1-149) (none-of-those 82-1-165)
  (apply_cnot_l2_l3_i6 p4 p3), cost: 1
    pre: (NOT-initialized p3 7-0-14) (NOT-initialized p4 8-0-16) (rcnot l2_l3_i6 20-1-41)
    add: (none-of-those 7-1-15) (none-of-those 8-1-17) (NOT-rcnot l2_l3_i6 20-0-40) (none-of-those 31-1-63) (none-of-those 32-1-65) (mapped l2 p4 74-0-148) (mapped l3 p3 87-0-174)
    del: (NOT-initialized p3 7-0-14) (NOT-initialized p4 8-0-16) (rcnot l2_l3_i6 20-1-41) (NOT-occupied_pqubit p3 31-0-62) (NOT-occupied_pqubit p4 32-0-64) (none-of-those 74-1-149) (none-of-those 87-1-175)
  (apply_cnot_l2_l3_i6 p4 p5), cost: 1
    pre: (NOT-initialized p4 8-0-16) (NOT-initialized p5 9-0-18) (rcnot l2_l3_i6 20-1-41)
    add: (none-of-those 8-1-17) (none-of-those 9-1-19) (NOT-rcnot l2_l3_i6 20-0-40) (none-of-those 32-1-65) (none-of-those 33-1-67) (mapped l2 p4 74-0-148) (mapped l3 p5 89-0-178)
    del: (NOT-initialized p4 8-0-16) (NOT-initialized p5 9-0-18) (rcnot l2_l3_i6 20-1-41) (NOT-occupied_pqubit p4 32-0-64) (NOT-occupied_pqubit p5 33-0-66) (none-of-those 74-1-149) (none-of-those 89-1-179)
  (apply_cnot_l2_l3_i6 p5 p4), cost: 1
    pre: (NOT-initialized p4 8-0-16) (NOT-initialized p5 9-0-18) (rcnot l2_l3_i6 20-1-41)
    add: (none-of-those 8-1-17) (none-of-those 9-1-19) (NOT-rcnot l2_l3_i6 20-0-40) (none-of-those 32-1-65) (none-of-those 33-1-67) (mapped l2 p5 75-0-150) (mapped l3 p4 88-0-176)
    del: (NOT-initialized p4 8-0-16) (NOT-initialized p5 9-0-18) (rcnot l2_l3_i6 20-1-41) (NOT-occupied_pqubit p4 32-0-64) (NOT-occupied_pqubit p5 33-0-66) (none-of-those 75-1-151) (none-of-those 88-1-177)
  (apply_cnot_l2_l3_i6 p5 p6), cost: 1
    pre: (NOT-initialized p5 9-0-18) (NOT-initialized p6 10-0-20) (rcnot l2_l3_i6 20-1-41)
    add: (none-of-those 9-1-19) (none-of-those 10-1-21) (NOT-rcnot l2_l3_i6 20-0-40) (none-of-those 33-1-67) (none-of-those 34-1-69) (mapped l2 p5 75-0-150) (mapped l3 p6 90-0-180)
    del: (NOT-initialized p5 9-0-18) (NOT-initialized p6 10-0-20) (rcnot l2_l3_i6 20-1-41) (NOT-occupied_pqubit p5 33-0-66) (NOT-occupied_pqubit p6 34-0-68) (none-of-those 75-1-151) (none-of-those 90-1-181)
  (apply_cnot_l2_l3_i6 p5 p9), cost: 1
    pre: (NOT-initialized p5 9-0-18) (NOT-initialized p9 13-0-26) (rcnot l2_l3_i6 20-1-41)
    add: (none-of-those 9-1-19) (none-of-those 13-1-27) (NOT-rcnot l2_l3_i6 20-0-40) (none-of-those 33-1-67) (none-of-those 37-1-75) (mapped l2 p5 75-0-150) (mapped l3 p9 93-0-186)
    del: (NOT-initialized p5 9-0-18) (NOT-initialized p9 13-0-26) (rcnot l2_l3_i6 20-1-41) (NOT-occupied_pqubit p5 33-0-66) (NOT-occupied_pqubit p9 37-0-74) (none-of-those 75-1-151) (none-of-those 93-1-187)
  (apply_cnot_l2_l3_i6 p6 p5), cost: 1
    pre: (NOT-initialized p5 9-0-18) (NOT-initialized p6 10-0-20) (rcnot l2_l3_i6 20-1-41)
    add: (none-of-those 9-1-19) (none-of-those 10-1-21) (NOT-rcnot l2_l3_i6 20-0-40) (none-of-those 33-1-67) (none-of-those 34-1-69) (mapped l2 p6 76-0-152) (mapped l3 p5 89-0-178)
    del: (NOT-initialized p5 9-0-18) (NOT-initialized p6 10-0-20) (rcnot l2_l3_i6 20-1-41) (NOT-occupied_pqubit p5 33-0-66) (NOT-occupied_pqubit p6 34-0-68) (none-of-those 76-1-153) (none-of-those 89-1-179)
  (apply_cnot_l2_l3_i6 p6 p8), cost: 1
    pre: (NOT-initialized p6 10-0-20) (NOT-initialized p8 12-0-24) (rcnot l2_l3_i6 20-1-41)
    add: (none-of-those 10-1-21) (none-of-those 12-1-25) (NOT-rcnot l2_l3_i6 20-0-40) (none-of-those 34-1-69) (none-of-those 36-1-73) (mapped l2 p6 76-0-152) (mapped l3 p8 92-0-184)
    del: (NOT-initialized p6 10-0-20) (NOT-initialized p8 12-0-24) (rcnot l2_l3_i6 20-1-41) (NOT-occupied_pqubit p6 34-0-68) (NOT-occupied_pqubit p8 36-0-72) (none-of-those 76-1-153) (none-of-those 92-1-185)
  (apply_cnot_l2_l3_i6 p7 p8), cost: 1
    pre: (NOT-initialized p7 11-0-22) (NOT-initialized p8 12-0-24) (rcnot l2_l3_i6 20-1-41)
    add: (none-of-those 11-1-23) (none-of-those 12-1-25) (NOT-rcnot l2_l3_i6 20-0-40) (none-of-those 35-1-71) (none-of-those 36-1-73) (mapped l2 p7 77-0-154) (mapped l3 p8 92-0-184)
    del: (NOT-initialized p7 11-0-22) (NOT-initialized p8 12-0-24) (rcnot l2_l3_i6 20-1-41) (NOT-occupied_pqubit p7 35-0-70) (NOT-occupied_pqubit p8 36-0-72) (none-of-those 77-1-155) (none-of-those 92-1-185)
  (apply_cnot_l2_l3_i6 p8 p6), cost: 1
    pre: (NOT-initialized p6 10-0-20) (NOT-initialized p8 12-0-24) (rcnot l2_l3_i6 20-1-41)
    add: (none-of-those 10-1-21) (none-of-those 12-1-25) (NOT-rcnot l2_l3_i6 20-0-40) (none-of-those 34-1-69) (none-of-those 36-1-73) (mapped l2 p8 78-0-156) (mapped l3 p6 90-0-180)
    del: (NOT-initialized p6 10-0-20) (NOT-initialized p8 12-0-24) (rcnot l2_l3_i6 20-1-41) (NOT-occupied_pqubit p6 34-0-68) (NOT-occupied_pqubit p8 36-0-72) (none-of-those 78-1-157) (none-of-those 90-1-181)
  (apply_cnot_l2_l3_i6 p8 p7), cost: 1
    pre: (NOT-initialized p7 11-0-22) (NOT-initialized p8 12-0-24) (rcnot l2_l3_i6 20-1-41)
    add: (none-of-those 11-1-23) (none-of-those 12-1-25) (NOT-rcnot l2_l3_i6 20-0-40) (none-of-those 35-1-71) (none-of-those 36-1-73) (mapped l2 p8 78-0-156) (mapped l3 p7 91-0-182)
    del: (NOT-initialized p7 11-0-22) (NOT-initialized p8 12-0-24) (rcnot l2_l3_i6 20-1-41) (NOT-occupied_pqubit p7 35-0-70) (NOT-occupied_pqubit p8 36-0-72) (none-of-those 78-1-157) (none-of-those 91-1-183)
  (apply_cnot_l2_l3_i6 p8 p9), cost: 1
    pre: (NOT-initialized p8 12-0-24) (NOT-initialized p9 13-0-26) (rcnot l2_l3_i6 20-1-41)
    add: (none-of-those 12-1-25) (none-of-those 13-1-27) (NOT-rcnot l2_l3_i6 20-0-40) (none-of-those 36-1-73) (none-of-those 37-1-75) (mapped l2 p8 78-0-156) (mapped l3 p9 93-0-186)
    del: (NOT-initialized p8 12-0-24) (NOT-initialized p9 13-0-26) (rcnot l2_l3_i6 20-1-41) (NOT-occupied_pqubit p8 36-0-72) (NOT-occupied_pqubit p9 37-0-74) (none-of-those 78-1-157) (none-of-those 93-1-187)
  (apply_cnot_l2_l3_i6 p9 p10), cost: 1
    pre: (NOT-initialized p10 2-0-4) (NOT-initialized p9 13-0-26) (rcnot l2_l3_i6 20-1-41)
    add: (none-of-those 2-1-5) (none-of-those 13-1-27) (NOT-rcnot l2_l3_i6 20-0-40) (none-of-those 26-1-53) (none-of-those 37-1-75) (mapped l2 p9 79-0-158) (mapped l3 p10 82-0-164)
    del: (NOT-initialized p10 2-0-4) (NOT-initialized p9 13-0-26) (rcnot l2_l3_i6 20-1-41) (NOT-occupied_pqubit p10 26-0-52) (NOT-occupied_pqubit p9 37-0-74) (none-of-those 79-1-159) (none-of-those 82-1-165)
  (apply_cnot_l2_l3_i6 p9 p5), cost: 1
    pre: (NOT-initialized p5 9-0-18) (NOT-initialized p9 13-0-26) (rcnot l2_l3_i6 20-1-41)
    add: (none-of-those 9-1-19) (none-of-those 13-1-27) (NOT-rcnot l2_l3_i6 20-0-40) (none-of-those 33-1-67) (none-of-those 37-1-75) (mapped l2 p9 79-0-158) (mapped l3 p5 89-0-178)
    del: (NOT-initialized p5 9-0-18) (NOT-initialized p9 13-0-26) (rcnot l2_l3_i6 20-1-41) (NOT-occupied_pqubit p5 33-0-66) (NOT-occupied_pqubit p9 37-0-74) (none-of-those 79-1-159) (none-of-those 89-1-179)
  (apply_cnot_l2_l3_i6 p9 p8), cost: 1
    pre: (NOT-initialized p8 12-0-24) (NOT-initialized p9 13-0-26) (rcnot l2_l3_i6 20-1-41)
    add: (none-of-those 12-1-25) (none-of-those 13-1-27) (NOT-rcnot l2_l3_i6 20-0-40) (none-of-those 36-1-73) (none-of-those 37-1-75) (mapped l2 p9 79-0-158) (mapped l3 p8 92-0-184)
    del: (NOT-initialized p8 12-0-24) (NOT-initialized p9 13-0-26) (rcnot l2_l3_i6 20-1-41) (NOT-occupied_pqubit p8 36-0-72) (NOT-occupied_pqubit p9 37-0-74) (none-of-those 79-1-159) (none-of-those 92-1-185)
  (apply_cnot_l2_l3_i9 p0 p1), cost: 1
    pre: (NOT-rcnot l2_l3_i6 20-0-40) (rcnot l2_l3_i9 21-1-43) (mapped l2 p0 66-0-132) (mapped l3 p1 81-0-162)
    add: (NOT-rcnot l2_l3_i9 21-0-42)
    del: (rcnot l2_l3_i9 21-1-43)
  (apply_cnot_l2_l3_i9 p1 p0), cost: 1
    pre: (NOT-rcnot l2_l3_i6 20-0-40) (rcnot l2_l3_i9 21-1-43) (mapped l2 p1 67-0-134) (mapped l3 p0 80-0-160)
    add: (NOT-rcnot l2_l3_i9 21-0-42)
    del: (rcnot l2_l3_i9 21-1-43)
  (apply_cnot_l2_l3_i9 p1 p13), cost: 1
    pre: (NOT-rcnot l2_l3_i6 20-0-40) (rcnot l2_l3_i9 21-1-43) (mapped l2 p1 67-0-134) (mapped l3 p13 85-0-170)
    add: (NOT-rcnot l2_l3_i9 21-0-42)
    del: (rcnot l2_l3_i9 21-1-43)
  (apply_cnot_l2_l3_i9 p1 p2), cost: 1
    pre: (NOT-rcnot l2_l3_i6 20-0-40) (rcnot l2_l3_i9 21-1-43) (mapped l2 p1 67-0-134) (mapped l3 p2 86-0-172)
    add: (NOT-rcnot l2_l3_i9 21-0-42)
    del: (rcnot l2_l3_i9 21-1-43)
  (apply_cnot_l2_l3_i9 p10 p11), cost: 1
    pre: (NOT-rcnot l2_l3_i6 20-0-40) (rcnot l2_l3_i9 21-1-43) (mapped l2 p10 68-0-136) (mapped l3 p11 83-0-166)
    add: (NOT-rcnot l2_l3_i9 21-0-42)
    del: (rcnot l2_l3_i9 21-1-43)
  (apply_cnot_l2_l3_i9 p10 p4), cost: 1
    pre: (NOT-rcnot l2_l3_i6 20-0-40) (rcnot l2_l3_i9 21-1-43) (mapped l2 p10 68-0-136) (mapped l3 p4 88-0-176)
    add: (NOT-rcnot l2_l3_i9 21-0-42)
    del: (rcnot l2_l3_i9 21-1-43)
  (apply_cnot_l2_l3_i9 p10 p9), cost: 1
    pre: (NOT-rcnot l2_l3_i6 20-0-40) (rcnot l2_l3_i9 21-1-43) (mapped l2 p10 68-0-136) (mapped l3 p9 93-0-186)
    add: (NOT-rcnot l2_l3_i9 21-0-42)
    del: (rcnot l2_l3_i9 21-1-43)
  (apply_cnot_l2_l3_i9 p11 p10), cost: 1
    pre: (NOT-rcnot l2_l3_i6 20-0-40) (rcnot l2_l3_i9 21-1-43) (mapped l2 p11 69-0-138) (mapped l3 p10 82-0-164)
    add: (NOT-rcnot l2_l3_i9 21-0-42)
    del: (rcnot l2_l3_i9 21-1-43)
  (apply_cnot_l2_l3_i9 p11 p12), cost: 1
    pre: (NOT-rcnot l2_l3_i6 20-0-40) (rcnot l2_l3_i9 21-1-43) (mapped l2 p11 69-0-138) (mapped l3 p12 84-0-168)
    add: (NOT-rcnot l2_l3_i9 21-0-42)
    del: (rcnot l2_l3_i9 21-1-43)
  (apply_cnot_l2_l3_i9 p11 p3), cost: 1
    pre: (NOT-rcnot l2_l3_i6 20-0-40) (rcnot l2_l3_i9 21-1-43) (mapped l2 p11 69-0-138) (mapped l3 p3 87-0-174)
    add: (NOT-rcnot l2_l3_i9 21-0-42)
    del: (rcnot l2_l3_i9 21-1-43)
  (apply_cnot_l2_l3_i9 p12 p11), cost: 1
    pre: (NOT-rcnot l2_l3_i6 20-0-40) (rcnot l2_l3_i9 21-1-43) (mapped l2 p12 70-0-140) (mapped l3 p11 83-0-166)
    add: (NOT-rcnot l2_l3_i9 21-0-42)
    del: (rcnot l2_l3_i9 21-1-43)
  (apply_cnot_l2_l3_i9 p12 p13), cost: 1
    pre: (NOT-rcnot l2_l3_i6 20-0-40) (rcnot l2_l3_i9 21-1-43) (mapped l2 p12 70-0-140) (mapped l3 p13 85-0-170)
    add: (NOT-rcnot l2_l3_i9 21-0-42)
    del: (rcnot l2_l3_i9 21-1-43)
  (apply_cnot_l2_l3_i9 p12 p2), cost: 1
    pre: (NOT-rcnot l2_l3_i6 20-0-40) (rcnot l2_l3_i9 21-1-43) (mapped l2 p12 70-0-140) (mapped l3 p2 86-0-172)
    add: (NOT-rcnot l2_l3_i9 21-0-42)
    del: (rcnot l2_l3_i9 21-1-43)
  (apply_cnot_l2_l3_i9 p13 p1), cost: 1
    pre: (NOT-rcnot l2_l3_i6 20-0-40) (rcnot l2_l3_i9 21-1-43) (mapped l2 p13 71-0-142) (mapped l3 p1 81-0-162)
    add: (NOT-rcnot l2_l3_i9 21-0-42)
    del: (rcnot l2_l3_i9 21-1-43)
  (apply_cnot_l2_l3_i9 p13 p12), cost: 1
    pre: (NOT-rcnot l2_l3_i6 20-0-40) (rcnot l2_l3_i9 21-1-43) (mapped l2 p13 71-0-142) (mapped l3 p12 84-0-168)
    add: (NOT-rcnot l2_l3_i9 21-0-42)
    del: (rcnot l2_l3_i9 21-1-43)
  (apply_cnot_l2_l3_i9 p2 p1), cost: 1
    pre: (NOT-rcnot l2_l3_i6 20-0-40) (rcnot l2_l3_i9 21-1-43) (mapped l2 p2 72-0-144) (mapped l3 p1 81-0-162)
    add: (NOT-rcnot l2_l3_i9 21-0-42)
    del: (rcnot l2_l3_i9 21-1-43)
  (apply_cnot_l2_l3_i9 p2 p12), cost: 1
    pre: (NOT-rcnot l2_l3_i6 20-0-40) (rcnot l2_l3_i9 21-1-43) (mapped l2 p2 72-0-144) (mapped l3 p12 84-0-168)
    add: (NOT-rcnot l2_l3_i9 21-0-42)
    del: (rcnot l2_l3_i9 21-1-43)
  (apply_cnot_l2_l3_i9 p2 p3), cost: 1
    pre: (NOT-rcnot l2_l3_i6 20-0-40) (rcnot l2_l3_i9 21-1-43) (mapped l2 p2 72-0-144) (mapped l3 p3 87-0-174)
    add: (NOT-rcnot l2_l3_i9 21-0-42)
    del: (rcnot l2_l3_i9 21-1-43)
  (apply_cnot_l2_l3_i9 p3 p11), cost: 1
    pre: (NOT-rcnot l2_l3_i6 20-0-40) (rcnot l2_l3_i9 21-1-43) (mapped l2 p3 73-0-146) (mapped l3 p11 83-0-166)
    add: (NOT-rcnot l2_l3_i9 21-0-42)
    del: (rcnot l2_l3_i9 21-1-43)
  (apply_cnot_l2_l3_i9 p3 p2), cost: 1
    pre: (NOT-rcnot l2_l3_i6 20-0-40) (rcnot l2_l3_i9 21-1-43) (mapped l2 p3 73-0-146) (mapped l3 p2 86-0-172)
    add: (NOT-rcnot l2_l3_i9 21-0-42)
    del: (rcnot l2_l3_i9 21-1-43)
  (apply_cnot_l2_l3_i9 p3 p4), cost: 1
    pre: (NOT-rcnot l2_l3_i6 20-0-40) (rcnot l2_l3_i9 21-1-43) (mapped l2 p3 73-0-146) (mapped l3 p4 88-0-176)
    add: (NOT-rcnot l2_l3_i9 21-0-42)
    del: (rcnot l2_l3_i9 21-1-43)
  (apply_cnot_l2_l3_i9 p4 p10), cost: 1
    pre: (NOT-rcnot l2_l3_i6 20-0-40) (rcnot l2_l3_i9 21-1-43) (mapped l2 p4 74-0-148) (mapped l3 p10 82-0-164)
    add: (NOT-rcnot l2_l3_i9 21-0-42)
    del: (rcnot l2_l3_i9 21-1-43)
  (apply_cnot_l2_l3_i9 p4 p3), cost: 1
    pre: (NOT-rcnot l2_l3_i6 20-0-40) (rcnot l2_l3_i9 21-1-43) (mapped l2 p4 74-0-148) (mapped l3 p3 87-0-174)
    add: (NOT-rcnot l2_l3_i9 21-0-42)
    del: (rcnot l2_l3_i9 21-1-43)
  (apply_cnot_l2_l3_i9 p4 p5), cost: 1
    pre: (NOT-rcnot l2_l3_i6 20-0-40) (rcnot l2_l3_i9 21-1-43) (mapped l2 p4 74-0-148) (mapped l3 p5 89-0-178)
    add: (NOT-rcnot l2_l3_i9 21-0-42)
    del: (rcnot l2_l3_i9 21-1-43)
  (apply_cnot_l2_l3_i9 p5 p4), cost: 1
    pre: (NOT-rcnot l2_l3_i6 20-0-40) (rcnot l2_l3_i9 21-1-43) (mapped l2 p5 75-0-150) (mapped l3 p4 88-0-176)
    add: (NOT-rcnot l2_l3_i9 21-0-42)
    del: (rcnot l2_l3_i9 21-1-43)
  (apply_cnot_l2_l3_i9 p5 p6), cost: 1
    pre: (NOT-rcnot l2_l3_i6 20-0-40) (rcnot l2_l3_i9 21-1-43) (mapped l2 p5 75-0-150) (mapped l3 p6 90-0-180)
    add: (NOT-rcnot l2_l3_i9 21-0-42)
    del: (rcnot l2_l3_i9 21-1-43)
  (apply_cnot_l2_l3_i9 p5 p9), cost: 1
    pre: (NOT-rcnot l2_l3_i6 20-0-40) (rcnot l2_l3_i9 21-1-43) (mapped l2 p5 75-0-150) (mapped l3 p9 93-0-186)
    add: (NOT-rcnot l2_l3_i9 21-0-42)
    del: (rcnot l2_l3_i9 21-1-43)
  (apply_cnot_l2_l3_i9 p6 p5), cost: 1
    pre: (NOT-rcnot l2_l3_i6 20-0-40) (rcnot l2_l3_i9 21-1-43) (mapped l2 p6 76-0-152) (mapped l3 p5 89-0-178)
    add: (NOT-rcnot l2_l3_i9 21-0-42)
    del: (rcnot l2_l3_i9 21-1-43)
  (apply_cnot_l2_l3_i9 p6 p8), cost: 1
    pre: (NOT-rcnot l2_l3_i6 20-0-40) (rcnot l2_l3_i9 21-1-43) (mapped l2 p6 76-0-152) (mapped l3 p8 92-0-184)
    add: (NOT-rcnot l2_l3_i9 21-0-42)
    del: (rcnot l2_l3_i9 21-1-43)
  (apply_cnot_l2_l3_i9 p7 p8), cost: 1
    pre: (NOT-rcnot l2_l3_i6 20-0-40) (rcnot l2_l3_i9 21-1-43) (mapped l2 p7 77-0-154) (mapped l3 p8 92-0-184)
    add: (NOT-rcnot l2_l3_i9 21-0-42)
    del: (rcnot l2_l3_i9 21-1-43)
  (apply_cnot_l2_l3_i9 p8 p6), cost: 1
    pre: (NOT-rcnot l2_l3_i6 20-0-40) (rcnot l2_l3_i9 21-1-43) (mapped l2 p8 78-0-156) (mapped l3 p6 90-0-180)
    add: (NOT-rcnot l2_l3_i9 21-0-42)
    del: (rcnot l2_l3_i9 21-1-43)
  (apply_cnot_l2_l3_i9 p8 p7), cost: 1
    pre: (NOT-rcnot l2_l3_i6 20-0-40) (rcnot l2_l3_i9 21-1-43) (mapped l2 p8 78-0-156) (mapped l3 p7 91-0-182)
    add: (NOT-rcnot l2_l3_i9 21-0-42)
    del: (rcnot l2_l3_i9 21-1-43)
  (apply_cnot_l2_l3_i9 p8 p9), cost: 1
    pre: (NOT-rcnot l2_l3_i6 20-0-40) (rcnot l2_l3_i9 21-1-43) (mapped l2 p8 78-0-156) (mapped l3 p9 93-0-186)
    add: (NOT-rcnot l2_l3_i9 21-0-42)
    del: (rcnot l2_l3_i9 21-1-43)
  (apply_cnot_l2_l3_i9 p9 p10), cost: 1
    pre: (NOT-rcnot l2_l3_i6 20-0-40) (rcnot l2_l3_i9 21-1-43) (mapped l2 p9 79-0-158) (mapped l3 p10 82-0-164)
    add: (NOT-rcnot l2_l3_i9 21-0-42)
    del: (rcnot l2_l3_i9 21-1-43)
  (apply_cnot_l2_l3_i9 p9 p5), cost: 1
    pre: (NOT-rcnot l2_l3_i6 20-0-40) (rcnot l2_l3_i9 21-1-43) (mapped l2 p9 79-0-158) (mapped l3 p5 89-0-178)
    add: (NOT-rcnot l2_l3_i9 21-0-42)
    del: (rcnot l2_l3_i9 21-1-43)
  (apply_cnot_l2_l3_i9 p9 p8), cost: 1
    pre: (NOT-rcnot l2_l3_i6 20-0-40) (rcnot l2_l3_i9 21-1-43) (mapped l2 p9 79-0-158) (mapped l3 p8 92-0-184)
    add: (NOT-rcnot l2_l3_i9 21-0-42)
    del: (rcnot l2_l3_i9 21-1-43)
  (apply_cnot_l3_l0_i11 p0 p1), cost: 1
    pre: (NOT-rcnot l0_l1_i4 16-0-32) (NOT-rcnot l2_l3_i9 21-0-42) (rcnot l3_l0_i11 22-1-45) (mapped l0 p1 39-0-78) (mapped l3 p0 80-0-160)
    add: (NOT-rcnot l3_l0_i11 22-0-44)
    del: (rcnot l3_l0_i11 22-1-45)
  (apply_cnot_l3_l0_i11 p1 p0), cost: 1
    pre: (NOT-rcnot l0_l1_i4 16-0-32) (NOT-rcnot l2_l3_i9 21-0-42) (rcnot l3_l0_i11 22-1-45) (mapped l0 p0 38-0-76) (mapped l3 p1 81-0-162)
    add: (NOT-rcnot l3_l0_i11 22-0-44)
    del: (rcnot l3_l0_i11 22-1-45)
  (apply_cnot_l3_l0_i11 p1 p13), cost: 1
    pre: (NOT-rcnot l0_l1_i4 16-0-32) (NOT-rcnot l2_l3_i9 21-0-42) (rcnot l3_l0_i11 22-1-45) (mapped l0 p13 43-0-86) (mapped l3 p1 81-0-162)
    add: (NOT-rcnot l3_l0_i11 22-0-44)
    del: (rcnot l3_l0_i11 22-1-45)
  (apply_cnot_l3_l0_i11 p1 p2), cost: 1
    pre: (NOT-rcnot l0_l1_i4 16-0-32) (NOT-rcnot l2_l3_i9 21-0-42) (rcnot l3_l0_i11 22-1-45) (mapped l0 p2 44-0-88) (mapped l3 p1 81-0-162)
    add: (NOT-rcnot l3_l0_i11 22-0-44)
    del: (rcnot l3_l0_i11 22-1-45)
  (apply_cnot_l3_l0_i11 p10 p11), cost: 1
    pre: (NOT-rcnot l0_l1_i4 16-0-32) (NOT-rcnot l2_l3_i9 21-0-42) (rcnot l3_l0_i11 22-1-45) (mapped l0 p11 41-0-82) (mapped l3 p10 82-0-164)
    add: (NOT-rcnot l3_l0_i11 22-0-44)
    del: (rcnot l3_l0_i11 22-1-45)
  (apply_cnot_l3_l0_i11 p10 p4), cost: 1
    pre: (NOT-rcnot l0_l1_i4 16-0-32) (NOT-rcnot l2_l3_i9 21-0-42) (rcnot l3_l0_i11 22-1-45) (mapped l0 p4 46-0-92) (mapped l3 p10 82-0-164)
    add: (NOT-rcnot l3_l0_i11 22-0-44)
    del: (rcnot l3_l0_i11 22-1-45)
  (apply_cnot_l3_l0_i11 p10 p9), cost: 1
    pre: (NOT-rcnot l0_l1_i4 16-0-32) (NOT-rcnot l2_l3_i9 21-0-42) (rcnot l3_l0_i11 22-1-45) (mapped l0 p9 51-0-102) (mapped l3 p10 82-0-164)
    add: (NOT-rcnot l3_l0_i11 22-0-44)
    del: (rcnot l3_l0_i11 22-1-45)
  (apply_cnot_l3_l0_i11 p11 p10), cost: 1
    pre: (NOT-rcnot l0_l1_i4 16-0-32) (NOT-rcnot l2_l3_i9 21-0-42) (rcnot l3_l0_i11 22-1-45) (mapped l0 p10 40-0-80) (mapped l3 p11 83-0-166)
    add: (NOT-rcnot l3_l0_i11 22-0-44)
    del: (rcnot l3_l0_i11 22-1-45)
  (apply_cnot_l3_l0_i11 p11 p12), cost: 1
    pre: (NOT-rcnot l0_l1_i4 16-0-32) (NOT-rcnot l2_l3_i9 21-0-42) (rcnot l3_l0_i11 22-1-45) (mapped l0 p12 42-0-84) (mapped l3 p11 83-0-166)
    add: (NOT-rcnot l3_l0_i11 22-0-44)
    del: (rcnot l3_l0_i11 22-1-45)
  (apply_cnot_l3_l0_i11 p11 p3), cost: 1
    pre: (NOT-rcnot l0_l1_i4 16-0-32) (NOT-rcnot l2_l3_i9 21-0-42) (rcnot l3_l0_i11 22-1-45) (mapped l0 p3 45-0-90) (mapped l3 p11 83-0-166)
    add: (NOT-rcnot l3_l0_i11 22-0-44)
    del: (rcnot l3_l0_i11 22-1-45)
  (apply_cnot_l3_l0_i11 p12 p11), cost: 1
    pre: (NOT-rcnot l0_l1_i4 16-0-32) (NOT-rcnot l2_l3_i9 21-0-42) (rcnot l3_l0_i11 22-1-45) (mapped l0 p11 41-0-82) (mapped l3 p12 84-0-168)
    add: (NOT-rcnot l3_l0_i11 22-0-44)
    del: (rcnot l3_l0_i11 22-1-45)
  (apply_cnot_l3_l0_i11 p12 p13), cost: 1
    pre: (NOT-rcnot l0_l1_i4 16-0-32) (NOT-rcnot l2_l3_i9 21-0-42) (rcnot l3_l0_i11 22-1-45) (mapped l0 p13 43-0-86) (mapped l3 p12 84-0-168)
    add: (NOT-rcnot l3_l0_i11 22-0-44)
    del: (rcnot l3_l0_i11 22-1-45)
  (apply_cnot_l3_l0_i11 p12 p2), cost: 1
    pre: (NOT-rcnot l0_l1_i4 16-0-32) (NOT-rcnot l2_l3_i9 21-0-42) (rcnot l3_l0_i11 22-1-45) (mapped l0 p2 44-0-88) (mapped l3 p12 84-0-168)
    add: (NOT-rcnot l3_l0_i11 22-0-44)
    del: (rcnot l3_l0_i11 22-1-45)
  (apply_cnot_l3_l0_i11 p13 p1), cost: 1
    pre: (NOT-rcnot l0_l1_i4 16-0-32) (NOT-rcnot l2_l3_i9 21-0-42) (rcnot l3_l0_i11 22-1-45) (mapped l0 p1 39-0-78) (mapped l3 p13 85-0-170)
    add: (NOT-rcnot l3_l0_i11 22-0-44)
    del: (rcnot l3_l0_i11 22-1-45)
  (apply_cnot_l3_l0_i11 p13 p12), cost: 1
    pre: (NOT-rcnot l0_l1_i4 16-0-32) (NOT-rcnot l2_l3_i9 21-0-42) (rcnot l3_l0_i11 22-1-45) (mapped l0 p12 42-0-84) (mapped l3 p13 85-0-170)
    add: (NOT-rcnot l3_l0_i11 22-0-44)
    del: (rcnot l3_l0_i11 22-1-45)
  (apply_cnot_l3_l0_i11 p2 p1), cost: 1
    pre: (NOT-rcnot l0_l1_i4 16-0-32) (NOT-rcnot l2_l3_i9 21-0-42) (rcnot l3_l0_i11 22-1-45) (mapped l0 p1 39-0-78) (mapped l3 p2 86-0-172)
    add: (NOT-rcnot l3_l0_i11 22-0-44)
    del: (rcnot l3_l0_i11 22-1-45)
  (apply_cnot_l3_l0_i11 p2 p12), cost: 1
    pre: (NOT-rcnot l0_l1_i4 16-0-32) (NOT-rcnot l2_l3_i9 21-0-42) (rcnot l3_l0_i11 22-1-45) (mapped l0 p12 42-0-84) (mapped l3 p2 86-0-172)
    add: (NOT-rcnot l3_l0_i11 22-0-44)
    del: (rcnot l3_l0_i11 22-1-45)
  (apply_cnot_l3_l0_i11 p2 p3), cost: 1
    pre: (NOT-rcnot l0_l1_i4 16-0-32) (NOT-rcnot l2_l3_i9 21-0-42) (rcnot l3_l0_i11 22-1-45) (mapped l0 p3 45-0-90) (mapped l3 p2 86-0-172)
    add: (NOT-rcnot l3_l0_i11 22-0-44)
    del: (rcnot l3_l0_i11 22-1-45)
  (apply_cnot_l3_l0_i11 p3 p11), cost: 1
    pre: (NOT-rcnot l0_l1_i4 16-0-32) (NOT-rcnot l2_l3_i9 21-0-42) (rcnot l3_l0_i11 22-1-45) (mapped l0 p11 41-0-82) (mapped l3 p3 87-0-174)
    add: (NOT-rcnot l3_l0_i11 22-0-44)
    del: (rcnot l3_l0_i11 22-1-45)
  (apply_cnot_l3_l0_i11 p3 p2), cost: 1
    pre: (NOT-rcnot l0_l1_i4 16-0-32) (NOT-rcnot l2_l3_i9 21-0-42) (rcnot l3_l0_i11 22-1-45) (mapped l0 p2 44-0-88) (mapped l3 p3 87-0-174)
    add: (NOT-rcnot l3_l0_i11 22-0-44)
    del: (rcnot l3_l0_i11 22-1-45)
  (apply_cnot_l3_l0_i11 p3 p4), cost: 1
    pre: (NOT-rcnot l0_l1_i4 16-0-32) (NOT-rcnot l2_l3_i9 21-0-42) (rcnot l3_l0_i11 22-1-45) (mapped l0 p4 46-0-92) (mapped l3 p3 87-0-174)
    add: (NOT-rcnot l3_l0_i11 22-0-44)
    del: (rcnot l3_l0_i11 22-1-45)
  (apply_cnot_l3_l0_i11 p4 p10), cost: 1
    pre: (NOT-rcnot l0_l1_i4 16-0-32) (NOT-rcnot l2_l3_i9 21-0-42) (rcnot l3_l0_i11 22-1-45) (mapped l0 p10 40-0-80) (mapped l3 p4 88-0-176)
    add: (NOT-rcnot l3_l0_i11 22-0-44)
    del: (rcnot l3_l0_i11 22-1-45)
  (apply_cnot_l3_l0_i11 p4 p3), cost: 1
    pre: (NOT-rcnot l0_l1_i4 16-0-32) (NOT-rcnot l2_l3_i9 21-0-42) (rcnot l3_l0_i11 22-1-45) (mapped l0 p3 45-0-90) (mapped l3 p4 88-0-176)
    add: (NOT-rcnot l3_l0_i11 22-0-44)
    del: (rcnot l3_l0_i11 22-1-45)
  (apply_cnot_l3_l0_i11 p4 p5), cost: 1
    pre: (NOT-rcnot l0_l1_i4 16-0-32) (NOT-rcnot l2_l3_i9 21-0-42) (rcnot l3_l0_i11 22-1-45) (mapped l0 p5 47-0-94) (mapped l3 p4 88-0-176)
    add: (NOT-rcnot l3_l0_i11 22-0-44)
    del: (rcnot l3_l0_i11 22-1-45)
  (apply_cnot_l3_l0_i11 p5 p4), cost: 1
    pre: (NOT-rcnot l0_l1_i4 16-0-32) (NOT-rcnot l2_l3_i9 21-0-42) (rcnot l3_l0_i11 22-1-45) (mapped l0 p4 46-0-92) (mapped l3 p5 89-0-178)
    add: (NOT-rcnot l3_l0_i11 22-0-44)
    del: (rcnot l3_l0_i11 22-1-45)
  (apply_cnot_l3_l0_i11 p5 p6), cost: 1
    pre: (NOT-rcnot l0_l1_i4 16-0-32) (NOT-rcnot l2_l3_i9 21-0-42) (rcnot l3_l0_i11 22-1-45) (mapped l0 p6 48-0-96) (mapped l3 p5 89-0-178)
    add: (NOT-rcnot l3_l0_i11 22-0-44)
    del: (rcnot l3_l0_i11 22-1-45)
  (apply_cnot_l3_l0_i11 p5 p9), cost: 1
    pre: (NOT-rcnot l0_l1_i4 16-0-32) (NOT-rcnot l2_l3_i9 21-0-42) (rcnot l3_l0_i11 22-1-45) (mapped l0 p9 51-0-102) (mapped l3 p5 89-0-178)
    add: (NOT-rcnot l3_l0_i11 22-0-44)
    del: (rcnot l3_l0_i11 22-1-45)
  (apply_cnot_l3_l0_i11 p6 p5), cost: 1
    pre: (NOT-rcnot l0_l1_i4 16-0-32) (NOT-rcnot l2_l3_i9 21-0-42) (rcnot l3_l0_i11 22-1-45) (mapped l0 p5 47-0-94) (mapped l3 p6 90-0-180)
    add: (NOT-rcnot l3_l0_i11 22-0-44)
    del: (rcnot l3_l0_i11 22-1-45)
  (apply_cnot_l3_l0_i11 p6 p8), cost: 1
    pre: (NOT-rcnot l0_l1_i4 16-0-32) (NOT-rcnot l2_l3_i9 21-0-42) (rcnot l3_l0_i11 22-1-45) (mapped l0 p8 50-0-100) (mapped l3 p6 90-0-180)
    add: (NOT-rcnot l3_l0_i11 22-0-44)
    del: (rcnot l3_l0_i11 22-1-45)
  (apply_cnot_l3_l0_i11 p7 p8), cost: 1
    pre: (NOT-rcnot l0_l1_i4 16-0-32) (NOT-rcnot l2_l3_i9 21-0-42) (rcnot l3_l0_i11 22-1-45) (mapped l0 p8 50-0-100) (mapped l3 p7 91-0-182)
    add: (NOT-rcnot l3_l0_i11 22-0-44)
    del: (rcnot l3_l0_i11 22-1-45)
  (apply_cnot_l3_l0_i11 p8 p6), cost: 1
    pre: (NOT-rcnot l0_l1_i4 16-0-32) (NOT-rcnot l2_l3_i9 21-0-42) (rcnot l3_l0_i11 22-1-45) (mapped l0 p6 48-0-96) (mapped l3 p8 92-0-184)
    add: (NOT-rcnot l3_l0_i11 22-0-44)
    del: (rcnot l3_l0_i11 22-1-45)
  (apply_cnot_l3_l0_i11 p8 p7), cost: 1
    pre: (NOT-rcnot l0_l1_i4 16-0-32) (NOT-rcnot l2_l3_i9 21-0-42) (rcnot l3_l0_i11 22-1-45) (mapped l0 p7 49-0-98) (mapped l3 p8 92-0-184)
    add: (NOT-rcnot l3_l0_i11 22-0-44)
    del: (rcnot l3_l0_i11 22-1-45)
  (apply_cnot_l3_l0_i11 p8 p9), cost: 1
    pre: (NOT-rcnot l0_l1_i4 16-0-32) (NOT-rcnot l2_l3_i9 21-0-42) (rcnot l3_l0_i11 22-1-45) (mapped l0 p9 51-0-102) (mapped l3 p8 92-0-184)
    add: (NOT-rcnot l3_l0_i11 22-0-44)
    del: (rcnot l3_l0_i11 22-1-45)
  (apply_cnot_l3_l0_i11 p9 p10), cost: 1
    pre: (NOT-rcnot l0_l1_i4 16-0-32) (NOT-rcnot l2_l3_i9 21-0-42) (rcnot l3_l0_i11 22-1-45) (mapped l0 p10 40-0-80) (mapped l3 p9 93-0-186)
    add: (NOT-rcnot l3_l0_i11 22-0-44)
    del: (rcnot l3_l0_i11 22-1-45)
  (apply_cnot_l3_l0_i11 p9 p5), cost: 1
    pre: (NOT-rcnot l0_l1_i4 16-0-32) (NOT-rcnot l2_l3_i9 21-0-42) (rcnot l3_l0_i11 22-1-45) (mapped l0 p5 47-0-94) (mapped l3 p9 93-0-186)
    add: (NOT-rcnot l3_l0_i11 22-0-44)
    del: (rcnot l3_l0_i11 22-1-45)
  (apply_cnot_l3_l0_i11 p9 p8), cost: 1
    pre: (NOT-rcnot l0_l1_i4 16-0-32) (NOT-rcnot l2_l3_i9 21-0-42) (rcnot l3_l0_i11 22-1-45) (mapped l0 p8 50-0-100) (mapped l3 p9 93-0-186)
    add: (NOT-rcnot l3_l0_i11 22-0-44)
    del: (rcnot l3_l0_i11 22-1-45)
  (apply_cnot_l3_l0_i21 p0 p1), cost: 1
    pre: (NOT-rcnot l0_l1_i15 15-0-30) (NOT-rcnot l2_l3_i19 19-0-38) (rcnot l3_l0_i21 23-1-47) (mapped l0 p1 39-0-78) (mapped l3 p0 80-0-160)
    add: (NOT-rcnot l3_l0_i21 23-0-46)
    del: (rcnot l3_l0_i21 23-1-47)
  (apply_cnot_l3_l0_i21 p1 p0), cost: 1
    pre: (NOT-rcnot l0_l1_i15 15-0-30) (NOT-rcnot l2_l3_i19 19-0-38) (rcnot l3_l0_i21 23-1-47) (mapped l0 p0 38-0-76) (mapped l3 p1 81-0-162)
    add: (NOT-rcnot l3_l0_i21 23-0-46)
    del: (rcnot l3_l0_i21 23-1-47)
  (apply_cnot_l3_l0_i21 p1 p13), cost: 1
    pre: (NOT-rcnot l0_l1_i15 15-0-30) (NOT-rcnot l2_l3_i19 19-0-38) (rcnot l3_l0_i21 23-1-47) (mapped l0 p13 43-0-86) (mapped l3 p1 81-0-162)
    add: (NOT-rcnot l3_l0_i21 23-0-46)
    del: (rcnot l3_l0_i21 23-1-47)
  (apply_cnot_l3_l0_i21 p1 p2), cost: 1
    pre: (NOT-rcnot l0_l1_i15 15-0-30) (NOT-rcnot l2_l3_i19 19-0-38) (rcnot l3_l0_i21 23-1-47) (mapped l0 p2 44-0-88) (mapped l3 p1 81-0-162)
    add: (NOT-rcnot l3_l0_i21 23-0-46)
    del: (rcnot l3_l0_i21 23-1-47)
  (apply_cnot_l3_l0_i21 p10 p11), cost: 1
    pre: (NOT-rcnot l0_l1_i15 15-0-30) (NOT-rcnot l2_l3_i19 19-0-38) (rcnot l3_l0_i21 23-1-47) (mapped l0 p11 41-0-82) (mapped l3 p10 82-0-164)
    add: (NOT-rcnot l3_l0_i21 23-0-46)
    del: (rcnot l3_l0_i21 23-1-47)
  (apply_cnot_l3_l0_i21 p10 p4), cost: 1
    pre: (NOT-rcnot l0_l1_i15 15-0-30) (NOT-rcnot l2_l3_i19 19-0-38) (rcnot l3_l0_i21 23-1-47) (mapped l0 p4 46-0-92) (mapped l3 p10 82-0-164)
    add: (NOT-rcnot l3_l0_i21 23-0-46)
    del: (rcnot l3_l0_i21 23-1-47)
  (apply_cnot_l3_l0_i21 p10 p9), cost: 1
    pre: (NOT-rcnot l0_l1_i15 15-0-30) (NOT-rcnot l2_l3_i19 19-0-38) (rcnot l3_l0_i21 23-1-47) (mapped l0 p9 51-0-102) (mapped l3 p10 82-0-164)
    add: (NOT-rcnot l3_l0_i21 23-0-46)
    del: (rcnot l3_l0_i21 23-1-47)
  (apply_cnot_l3_l0_i21 p11 p10), cost: 1
    pre: (NOT-rcnot l0_l1_i15 15-0-30) (NOT-rcnot l2_l3_i19 19-0-38) (rcnot l3_l0_i21 23-1-47) (mapped l0 p10 40-0-80) (mapped l3 p11 83-0-166)
    add: (NOT-rcnot l3_l0_i21 23-0-46)
    del: (rcnot l3_l0_i21 23-1-47)
  (apply_cnot_l3_l0_i21 p11 p12), cost: 1
    pre: (NOT-rcnot l0_l1_i15 15-0-30) (NOT-rcnot l2_l3_i19 19-0-38) (rcnot l3_l0_i21 23-1-47) (mapped l0 p12 42-0-84) (mapped l3 p11 83-0-166)
    add: (NOT-rcnot l3_l0_i21 23-0-46)
    del: (rcnot l3_l0_i21 23-1-47)
  (apply_cnot_l3_l0_i21 p11 p3), cost: 1
    pre: (NOT-rcnot l0_l1_i15 15-0-30) (NOT-rcnot l2_l3_i19 19-0-38) (rcnot l3_l0_i21 23-1-47) (mapped l0 p3 45-0-90) (mapped l3 p11 83-0-166)
    add: (NOT-rcnot l3_l0_i21 23-0-46)
    del: (rcnot l3_l0_i21 23-1-47)
  (apply_cnot_l3_l0_i21 p12 p11), cost: 1
    pre: (NOT-rcnot l0_l1_i15 15-0-30) (NOT-rcnot l2_l3_i19 19-0-38) (rcnot l3_l0_i21 23-1-47) (mapped l0 p11 41-0-82) (mapped l3 p12 84-0-168)
    add: (NOT-rcnot l3_l0_i21 23-0-46)
    del: (rcnot l3_l0_i21 23-1-47)
  (apply_cnot_l3_l0_i21 p12 p13), cost: 1
    pre: (NOT-rcnot l0_l1_i15 15-0-30) (NOT-rcnot l2_l3_i19 19-0-38) (rcnot l3_l0_i21 23-1-47) (mapped l0 p13 43-0-86) (mapped l3 p12 84-0-168)
    add: (NOT-rcnot l3_l0_i21 23-0-46)
    del: (rcnot l3_l0_i21 23-1-47)
  (apply_cnot_l3_l0_i21 p12 p2), cost: 1
    pre: (NOT-rcnot l0_l1_i15 15-0-30) (NOT-rcnot l2_l3_i19 19-0-38) (rcnot l3_l0_i21 23-1-47) (mapped l0 p2 44-0-88) (mapped l3 p12 84-0-168)
    add: (NOT-rcnot l3_l0_i21 23-0-46)
    del: (rcnot l3_l0_i21 23-1-47)
  (apply_cnot_l3_l0_i21 p13 p1), cost: 1
    pre: (NOT-rcnot l0_l1_i15 15-0-30) (NOT-rcnot l2_l3_i19 19-0-38) (rcnot l3_l0_i21 23-1-47) (mapped l0 p1 39-0-78) (mapped l3 p13 85-0-170)
    add: (NOT-rcnot l3_l0_i21 23-0-46)
    del: (rcnot l3_l0_i21 23-1-47)
  (apply_cnot_l3_l0_i21 p13 p12), cost: 1
    pre: (NOT-rcnot l0_l1_i15 15-0-30) (NOT-rcnot l2_l3_i19 19-0-38) (rcnot l3_l0_i21 23-1-47) (mapped l0 p12 42-0-84) (mapped l3 p13 85-0-170)
    add: (NOT-rcnot l3_l0_i21 23-0-46)
    del: (rcnot l3_l0_i21 23-1-47)
  (apply_cnot_l3_l0_i21 p2 p1), cost: 1
    pre: (NOT-rcnot l0_l1_i15 15-0-30) (NOT-rcnot l2_l3_i19 19-0-38) (rcnot l3_l0_i21 23-1-47) (mapped l0 p1 39-0-78) (mapped l3 p2 86-0-172)
    add: (NOT-rcnot l3_l0_i21 23-0-46)
    del: (rcnot l3_l0_i21 23-1-47)
  (apply_cnot_l3_l0_i21 p2 p12), cost: 1
    pre: (NOT-rcnot l0_l1_i15 15-0-30) (NOT-rcnot l2_l3_i19 19-0-38) (rcnot l3_l0_i21 23-1-47) (mapped l0 p12 42-0-84) (mapped l3 p2 86-0-172)
    add: (NOT-rcnot l3_l0_i21 23-0-46)
    del: (rcnot l3_l0_i21 23-1-47)
  (apply_cnot_l3_l0_i21 p2 p3), cost: 1
    pre: (NOT-rcnot l0_l1_i15 15-0-30) (NOT-rcnot l2_l3_i19 19-0-38) (rcnot l3_l0_i21 23-1-47) (mapped l0 p3 45-0-90) (mapped l3 p2 86-0-172)
    add: (NOT-rcnot l3_l0_i21 23-0-46)
    del: (rcnot l3_l0_i21 23-1-47)
  (apply_cnot_l3_l0_i21 p3 p11), cost: 1
    pre: (NOT-rcnot l0_l1_i15 15-0-30) (NOT-rcnot l2_l3_i19 19-0-38) (rcnot l3_l0_i21 23-1-47) (mapped l0 p11 41-0-82) (mapped l3 p3 87-0-174)
    add: (NOT-rcnot l3_l0_i21 23-0-46)
    del: (rcnot l3_l0_i21 23-1-47)
  (apply_cnot_l3_l0_i21 p3 p2), cost: 1
    pre: (NOT-rcnot l0_l1_i15 15-0-30) (NOT-rcnot l2_l3_i19 19-0-38) (rcnot l3_l0_i21 23-1-47) (mapped l0 p2 44-0-88) (mapped l3 p3 87-0-174)
    add: (NOT-rcnot l3_l0_i21 23-0-46)
    del: (rcnot l3_l0_i21 23-1-47)
  (apply_cnot_l3_l0_i21 p3 p4), cost: 1
    pre: (NOT-rcnot l0_l1_i15 15-0-30) (NOT-rcnot l2_l3_i19 19-0-38) (rcnot l3_l0_i21 23-1-47) (mapped l0 p4 46-0-92) (mapped l3 p3 87-0-174)
    add: (NOT-rcnot l3_l0_i21 23-0-46)
    del: (rcnot l3_l0_i21 23-1-47)
  (apply_cnot_l3_l0_i21 p4 p10), cost: 1
    pre: (NOT-rcnot l0_l1_i15 15-0-30) (NOT-rcnot l2_l3_i19 19-0-38) (rcnot l3_l0_i21 23-1-47) (mapped l0 p10 40-0-80) (mapped l3 p4 88-0-176)
    add: (NOT-rcnot l3_l0_i21 23-0-46)
    del: (rcnot l3_l0_i21 23-1-47)
  (apply_cnot_l3_l0_i21 p4 p3), cost: 1
    pre: (NOT-rcnot l0_l1_i15 15-0-30) (NOT-rcnot l2_l3_i19 19-0-38) (rcnot l3_l0_i21 23-1-47) (mapped l0 p3 45-0-90) (mapped l3 p4 88-0-176)
    add: (NOT-rcnot l3_l0_i21 23-0-46)
    del: (rcnot l3_l0_i21 23-1-47)
  (apply_cnot_l3_l0_i21 p4 p5), cost: 1
    pre: (NOT-rcnot l0_l1_i15 15-0-30) (NOT-rcnot l2_l3_i19 19-0-38) (rcnot l3_l0_i21 23-1-47) (mapped l0 p5 47-0-94) (mapped l3 p4 88-0-176)
    add: (NOT-rcnot l3_l0_i21 23-0-46)
    del: (rcnot l3_l0_i21 23-1-47)
  (apply_cnot_l3_l0_i21 p5 p4), cost: 1
    pre: (NOT-rcnot l0_l1_i15 15-0-30) (NOT-rcnot l2_l3_i19 19-0-38) (rcnot l3_l0_i21 23-1-47) (mapped l0 p4 46-0-92) (mapped l3 p5 89-0-178)
    add: (NOT-rcnot l3_l0_i21 23-0-46)
    del: (rcnot l3_l0_i21 23-1-47)
  (apply_cnot_l3_l0_i21 p5 p6), cost: 1
    pre: (NOT-rcnot l0_l1_i15 15-0-30) (NOT-rcnot l2_l3_i19 19-0-38) (rcnot l3_l0_i21 23-1-47) (mapped l0 p6 48-0-96) (mapped l3 p5 89-0-178)
    add: (NOT-rcnot l3_l0_i21 23-0-46)
    del: (rcnot l3_l0_i21 23-1-47)
  (apply_cnot_l3_l0_i21 p5 p9), cost: 1
    pre: (NOT-rcnot l0_l1_i15 15-0-30) (NOT-rcnot l2_l3_i19 19-0-38) (rcnot l3_l0_i21 23-1-47) (mapped l0 p9 51-0-102) (mapped l3 p5 89-0-178)
    add: (NOT-rcnot l3_l0_i21 23-0-46)
    del: (rcnot l3_l0_i21 23-1-47)
  (apply_cnot_l3_l0_i21 p6 p5), cost: 1
    pre: (NOT-rcnot l0_l1_i15 15-0-30) (NOT-rcnot l2_l3_i19 19-0-38) (rcnot l3_l0_i21 23-1-47) (mapped l0 p5 47-0-94) (mapped l3 p6 90-0-180)
    add: (NOT-rcnot l3_l0_i21 23-0-46)
    del: (rcnot l3_l0_i21 23-1-47)
  (apply_cnot_l3_l0_i21 p6 p8), cost: 1
    pre: (NOT-rcnot l0_l1_i15 15-0-30) (NOT-rcnot l2_l3_i19 19-0-38) (rcnot l3_l0_i21 23-1-47) (mapped l0 p8 50-0-100) (mapped l3 p6 90-0-180)
    add: (NOT-rcnot l3_l0_i21 23-0-46)
    del: (rcnot l3_l0_i21 23-1-47)
  (apply_cnot_l3_l0_i21 p7 p8), cost: 1
    pre: (NOT-rcnot l0_l1_i15 15-0-30) (NOT-rcnot l2_l3_i19 19-0-38) (rcnot l3_l0_i21 23-1-47) (mapped l0 p8 50-0-100) (mapped l3 p7 91-0-182)
    add: (NOT-rcnot l3_l0_i21 23-0-46)
    del: (rcnot l3_l0_i21 23-1-47)
  (apply_cnot_l3_l0_i21 p8 p6), cost: 1
    pre: (NOT-rcnot l0_l1_i15 15-0-30) (NOT-rcnot l2_l3_i19 19-0-38) (rcnot l3_l0_i21 23-1-47) (mapped l0 p6 48-0-96) (mapped l3 p8 92-0-184)
    add: (NOT-rcnot l3_l0_i21 23-0-46)
    del: (rcnot l3_l0_i21 23-1-47)
  (apply_cnot_l3_l0_i21 p8 p7), cost: 1
    pre: (NOT-rcnot l0_l1_i15 15-0-30) (NOT-rcnot l2_l3_i19 19-0-38) (rcnot l3_l0_i21 23-1-47) (mapped l0 p7 49-0-98) (mapped l3 p8 92-0-184)
    add: (NOT-rcnot l3_l0_i21 23-0-46)
    del: (rcnot l3_l0_i21 23-1-47)
  (apply_cnot_l3_l0_i21 p8 p9), cost: 1
    pre: (NOT-rcnot l0_l1_i15 15-0-30) (NOT-rcnot l2_l3_i19 19-0-38) (rcnot l3_l0_i21 23-1-47) (mapped l0 p9 51-0-102) (mapped l3 p8 92-0-184)
    add: (NOT-rcnot l3_l0_i21 23-0-46)
    del: (rcnot l3_l0_i21 23-1-47)
  (apply_cnot_l3_l0_i21 p9 p10), cost: 1
    pre: (NOT-rcnot l0_l1_i15 15-0-30) (NOT-rcnot l2_l3_i19 19-0-38) (rcnot l3_l0_i21 23-1-47) (mapped l0 p10 40-0-80) (mapped l3 p9 93-0-186)
    add: (NOT-rcnot l3_l0_i21 23-0-46)
    del: (rcnot l3_l0_i21 23-1-47)
  (apply_cnot_l3_l0_i21 p9 p5), cost: 1
    pre: (NOT-rcnot l0_l1_i15 15-0-30) (NOT-rcnot l2_l3_i19 19-0-38) (rcnot l3_l0_i21 23-1-47) (mapped l0 p5 47-0-94) (mapped l3 p9 93-0-186)
    add: (NOT-rcnot l3_l0_i21 23-0-46)
    del: (rcnot l3_l0_i21 23-1-47)
  (apply_cnot_l3_l0_i21 p9 p8), cost: 1
    pre: (NOT-rcnot l0_l1_i15 15-0-30) (NOT-rcnot l2_l3_i19 19-0-38) (rcnot l3_l0_i21 23-1-47) (mapped l0 p8 50-0-100) (mapped l3 p9 93-0-186)
    add: (NOT-rcnot l3_l0_i21 23-0-46)
    del: (rcnot l3_l0_i21 23-1-47)
  (swap l0 l1 p0 p1), cost: 1
    pre: (mapped l0 p0 38-0-76) (mapped l1 p1 53-0-106)
    add: (none-of-those 38-1-77) (mapped l0 p1 39-0-78) (mapped l1 p0 52-0-104) (none-of-those 53-1-107)
    del: (mapped l0 p0 38-0-76) (none-of-those 39-1-79) (none-of-those 52-1-105) (mapped l1 p1 53-0-106)
  (swap l0 l1 p1 p0), cost: 1
    pre: (mapped l0 p1 39-0-78) (mapped l1 p0 52-0-104)
    add: (mapped l0 p0 38-0-76) (none-of-those 39-1-79) (none-of-those 52-1-105) (mapped l1 p1 53-0-106)
    del: (none-of-those 38-1-77) (mapped l0 p1 39-0-78) (mapped l1 p0 52-0-104) (none-of-those 53-1-107)
  (swap l0 l1 p1 p13), cost: 1
    pre: (mapped l0 p1 39-0-78) (mapped l1 p13 57-0-114)
    add: (none-of-those 39-1-79) (mapped l0 p13 43-0-86) (mapped l1 p1 53-0-106) (none-of-those 57-1-115)
    del: (mapped l0 p1 39-0-78) (none-of-those 43-1-87) (none-of-those 53-1-107) (mapped l1 p13 57-0-114)
  (swap l0 l1 p1 p2), cost: 1
    pre: (mapped l0 p1 39-0-78) (mapped l1 p2 58-0-116)
    add: (none-of-those 39-1-79) (mapped l0 p2 44-0-88) (mapped l1 p1 53-0-106) (none-of-those 58-1-117)
    del: (mapped l0 p1 39-0-78) (none-of-those 44-1-89) (none-of-those 53-1-107) (mapped l1 p2 58-0-116)
  (swap l0 l1 p10 p11), cost: 1
    pre: (mapped l0 p10 40-0-80) (mapped l1 p11 55-0-110)
    add: (none-of-those 40-1-81) (mapped l0 p11 41-0-82) (mapped l1 p10 54-0-108) (none-of-those 55-1-111)
    del: (mapped l0 p10 40-0-80) (none-of-those 41-1-83) (none-of-those 54-1-109) (mapped l1 p11 55-0-110)
  (swap l0 l1 p10 p4), cost: 1
    pre: (mapped l0 p10 40-0-80) (mapped l1 p4 60-0-120)
    add: (none-of-those 40-1-81) (mapped l0 p4 46-0-92) (mapped l1 p10 54-0-108) (none-of-those 60-1-121)
    del: (mapped l0 p10 40-0-80) (none-of-those 46-1-93) (none-of-those 54-1-109) (mapped l1 p4 60-0-120)
  (swap l0 l1 p10 p9), cost: 1
    pre: (mapped l0 p10 40-0-80) (mapped l1 p9 65-0-130)
    add: (none-of-those 40-1-81) (mapped l0 p9 51-0-102) (mapped l1 p10 54-0-108) (none-of-those 65-1-131)
    del: (mapped l0 p10 40-0-80) (none-of-those 51-1-103) (none-of-those 54-1-109) (mapped l1 p9 65-0-130)
  (swap l0 l1 p11 p10), cost: 1
    pre: (mapped l0 p11 41-0-82) (mapped l1 p10 54-0-108)
    add: (mapped l0 p10 40-0-80) (none-of-those 41-1-83) (none-of-those 54-1-109) (mapped l1 p11 55-0-110)
    del: (none-of-those 40-1-81) (mapped l0 p11 41-0-82) (mapped l1 p10 54-0-108) (none-of-those 55-1-111)
  (swap l0 l1 p11 p12), cost: 1
    pre: (mapped l0 p11 41-0-82) (mapped l1 p12 56-0-112)
    add: (none-of-those 41-1-83) (mapped l0 p12 42-0-84) (mapped l1 p11 55-0-110) (none-of-those 56-1-113)
    del: (mapped l0 p11 41-0-82) (none-of-those 42-1-85) (none-of-those 55-1-111) (mapped l1 p12 56-0-112)
  (swap l0 l1 p11 p3), cost: 1
    pre: (mapped l0 p11 41-0-82) (mapped l1 p3 59-0-118)
    add: (none-of-those 41-1-83) (mapped l0 p3 45-0-90) (mapped l1 p11 55-0-110) (none-of-those 59-1-119)
    del: (mapped l0 p11 41-0-82) (none-of-those 45-1-91) (none-of-those 55-1-111) (mapped l1 p3 59-0-118)
  (swap l0 l1 p12 p11), cost: 1
    pre: (mapped l0 p12 42-0-84) (mapped l1 p11 55-0-110)
    add: (mapped l0 p11 41-0-82) (none-of-those 42-1-85) (none-of-those 55-1-111) (mapped l1 p12 56-0-112)
    del: (none-of-those 41-1-83) (mapped l0 p12 42-0-84) (mapped l1 p11 55-0-110) (none-of-those 56-1-113)
  (swap l0 l1 p12 p13), cost: 1
    pre: (mapped l0 p12 42-0-84) (mapped l1 p13 57-0-114)
    add: (none-of-those 42-1-85) (mapped l0 p13 43-0-86) (mapped l1 p12 56-0-112) (none-of-those 57-1-115)
    del: (mapped l0 p12 42-0-84) (none-of-those 43-1-87) (none-of-those 56-1-113) (mapped l1 p13 57-0-114)
  (swap l0 l1 p12 p2), cost: 1
    pre: (mapped l0 p12 42-0-84) (mapped l1 p2 58-0-116)
    add: (none-of-those 42-1-85) (mapped l0 p2 44-0-88) (mapped l1 p12 56-0-112) (none-of-those 58-1-117)
    del: (mapped l0 p12 42-0-84) (none-of-those 44-1-89) (none-of-those 56-1-113) (mapped l1 p2 58-0-116)
  (swap l0 l1 p13 p1), cost: 1
    pre: (mapped l0 p13 43-0-86) (mapped l1 p1 53-0-106)
    add: (mapped l0 p1 39-0-78) (none-of-those 43-1-87) (none-of-those 53-1-107) (mapped l1 p13 57-0-114)
    del: (none-of-those 39-1-79) (mapped l0 p13 43-0-86) (mapped l1 p1 53-0-106) (none-of-those 57-1-115)
  (swap l0 l1 p13 p12), cost: 1
    pre: (mapped l0 p13 43-0-86) (mapped l1 p12 56-0-112)
    add: (mapped l0 p12 42-0-84) (none-of-those 43-1-87) (none-of-those 56-1-113) (mapped l1 p13 57-0-114)
    del: (none-of-those 42-1-85) (mapped l0 p13 43-0-86) (mapped l1 p12 56-0-112) (none-of-those 57-1-115)
  (swap l0 l1 p2 p1), cost: 1
    pre: (mapped l0 p2 44-0-88) (mapped l1 p1 53-0-106)
    add: (mapped l0 p1 39-0-78) (none-of-those 44-1-89) (none-of-those 53-1-107) (mapped l1 p2 58-0-116)
    del: (none-of-those 39-1-79) (mapped l0 p2 44-0-88) (mapped l1 p1 53-0-106) (none-of-those 58-1-117)
  (swap l0 l1 p2 p12), cost: 1
    pre: (mapped l0 p2 44-0-88) (mapped l1 p12 56-0-112)
    add: (mapped l0 p12 42-0-84) (none-of-those 44-1-89) (none-of-those 56-1-113) (mapped l1 p2 58-0-116)
    del: (none-of-those 42-1-85) (mapped l0 p2 44-0-88) (mapped l1 p12 56-0-112) (none-of-those 58-1-117)
  (swap l0 l1 p2 p3), cost: 1
    pre: (mapped l0 p2 44-0-88) (mapped l1 p3 59-0-118)
    add: (none-of-those 44-1-89) (mapped l0 p3 45-0-90) (mapped l1 p2 58-0-116) (none-of-those 59-1-119)
    del: (mapped l0 p2 44-0-88) (none-of-those 45-1-91) (none-of-those 58-1-117) (mapped l1 p3 59-0-118)
  (swap l0 l1 p3 p11), cost: 1
    pre: (mapped l0 p3 45-0-90) (mapped l1 p11 55-0-110)
    add: (mapped l0 p11 41-0-82) (none-of-those 45-1-91) (none-of-those 55-1-111) (mapped l1 p3 59-0-118)
    del: (none-of-those 41-1-83) (mapped l0 p3 45-0-90) (mapped l1 p11 55-0-110) (none-of-those 59-1-119)
  (swap l0 l1 p3 p2), cost: 1
    pre: (mapped l0 p3 45-0-90) (mapped l1 p2 58-0-116)
    add: (mapped l0 p2 44-0-88) (none-of-those 45-1-91) (none-of-those 58-1-117) (mapped l1 p3 59-0-118)
    del: (none-of-those 44-1-89) (mapped l0 p3 45-0-90) (mapped l1 p2 58-0-116) (none-of-those 59-1-119)
  (swap l0 l1 p3 p4), cost: 1
    pre: (mapped l0 p3 45-0-90) (mapped l1 p4 60-0-120)
    add: (none-of-those 45-1-91) (mapped l0 p4 46-0-92) (mapped l1 p3 59-0-118) (none-of-those 60-1-121)
    del: (mapped l0 p3 45-0-90) (none-of-those 46-1-93) (none-of-those 59-1-119) (mapped l1 p4 60-0-120)
  (swap l0 l1 p4 p10), cost: 1
    pre: (mapped l0 p4 46-0-92) (mapped l1 p10 54-0-108)
    add: (mapped l0 p10 40-0-80) (none-of-those 46-1-93) (none-of-those 54-1-109) (mapped l1 p4 60-0-120)
    del: (none-of-those 40-1-81) (mapped l0 p4 46-0-92) (mapped l1 p10 54-0-108) (none-of-those 60-1-121)
  (swap l0 l1 p4 p3), cost: 1
    pre: (mapped l0 p4 46-0-92) (mapped l1 p3 59-0-118)
    add: (mapped l0 p3 45-0-90) (none-of-those 46-1-93) (none-of-those 59-1-119) (mapped l1 p4 60-0-120)
    del: (none-of-those 45-1-91) (mapped l0 p4 46-0-92) (mapped l1 p3 59-0-118) (none-of-those 60-1-121)
  (swap l0 l1 p4 p5), cost: 1
    pre: (mapped l0 p4 46-0-92) (mapped l1 p5 61-0-122)
    add: (none-of-those 46-1-93) (mapped l0 p5 47-0-94) (mapped l1 p4 60-0-120) (none-of-those 61-1-123)
    del: (mapped l0 p4 46-0-92) (none-of-those 47-1-95) (none-of-those 60-1-121) (mapped l1 p5 61-0-122)
  (swap l0 l1 p5 p4), cost: 1
    pre: (mapped l0 p5 47-0-94) (mapped l1 p4 60-0-120)
    add: (mapped l0 p4 46-0-92) (none-of-those 47-1-95) (none-of-those 60-1-121) (mapped l1 p5 61-0-122)
    del: (none-of-those 46-1-93) (mapped l0 p5 47-0-94) (mapped l1 p4 60-0-120) (none-of-those 61-1-123)
  (swap l0 l1 p5 p6), cost: 1
    pre: (mapped l0 p5 47-0-94) (mapped l1 p6 62-0-124)
    add: (none-of-those 47-1-95) (mapped l0 p6 48-0-96) (mapped l1 p5 61-0-122) (none-of-those 62-1-125)
    del: (mapped l0 p5 47-0-94) (none-of-those 48-1-97) (none-of-those 61-1-123) (mapped l1 p6 62-0-124)
  (swap l0 l1 p5 p9), cost: 1
    pre: (mapped l0 p5 47-0-94) (mapped l1 p9 65-0-130)
    add: (none-of-those 47-1-95) (mapped l0 p9 51-0-102) (mapped l1 p5 61-0-122) (none-of-those 65-1-131)
    del: (mapped l0 p5 47-0-94) (none-of-those 51-1-103) (none-of-those 61-1-123) (mapped l1 p9 65-0-130)
  (swap l0 l1 p6 p5), cost: 1
    pre: (mapped l0 p6 48-0-96) (mapped l1 p5 61-0-122)
    add: (mapped l0 p5 47-0-94) (none-of-those 48-1-97) (none-of-those 61-1-123) (mapped l1 p6 62-0-124)
    del: (none-of-those 47-1-95) (mapped l0 p6 48-0-96) (mapped l1 p5 61-0-122) (none-of-those 62-1-125)
  (swap l0 l1 p6 p8), cost: 1
    pre: (mapped l0 p6 48-0-96) (mapped l1 p8 64-0-128)
    add: (none-of-those 48-1-97) (mapped l0 p8 50-0-100) (mapped l1 p6 62-0-124) (none-of-those 64-1-129)
    del: (mapped l0 p6 48-0-96) (none-of-those 50-1-101) (none-of-those 62-1-125) (mapped l1 p8 64-0-128)
  (swap l0 l1 p7 p8), cost: 1
    pre: (mapped l0 p7 49-0-98) (mapped l1 p8 64-0-128)
    add: (none-of-those 49-1-99) (mapped l0 p8 50-0-100) (mapped l1 p7 63-0-126) (none-of-those 64-1-129)
    del: (mapped l0 p7 49-0-98) (none-of-those 50-1-101) (none-of-those 63-1-127) (mapped l1 p8 64-0-128)
  (swap l0 l1 p8 p6), cost: 1
    pre: (mapped l0 p8 50-0-100) (mapped l1 p6 62-0-124)
    add: (mapped l0 p6 48-0-96) (none-of-those 50-1-101) (none-of-those 62-1-125) (mapped l1 p8 64-0-128)
    del: (none-of-those 48-1-97) (mapped l0 p8 50-0-100) (mapped l1 p6 62-0-124) (none-of-those 64-1-129)
  (swap l0 l1 p8 p7), cost: 1
    pre: (mapped l0 p8 50-0-100) (mapped l1 p7 63-0-126)
    add: (mapped l0 p7 49-0-98) (none-of-those 50-1-101) (none-of-those 63-1-127) (mapped l1 p8 64-0-128)
    del: (none-of-those 49-1-99) (mapped l0 p8 50-0-100) (mapped l1 p7 63-0-126) (none-of-those 64-1-129)
  (swap l0 l1 p8 p9), cost: 1
    pre: (mapped l0 p8 50-0-100) (mapped l1 p9 65-0-130)
    add: (none-of-those 50-1-101) (mapped l0 p9 51-0-102) (mapped l1 p8 64-0-128) (none-of-those 65-1-131)
    del: (mapped l0 p8 50-0-100) (none-of-those 51-1-103) (none-of-those 64-1-129) (mapped l1 p9 65-0-130)
  (swap l0 l1 p9 p10), cost: 1
    pre: (mapped l0 p9 51-0-102) (mapped l1 p10 54-0-108)
    add: (mapped l0 p10 40-0-80) (none-of-those 51-1-103) (none-of-those 54-1-109) (mapped l1 p9 65-0-130)
    del: (none-of-those 40-1-81) (mapped l0 p9 51-0-102) (mapped l1 p10 54-0-108) (none-of-those 65-1-131)
  (swap l0 l1 p9 p5), cost: 1
    pre: (mapped l0 p9 51-0-102) (mapped l1 p5 61-0-122)
    add: (mapped l0 p5 47-0-94) (none-of-those 51-1-103) (none-of-those 61-1-123) (mapped l1 p9 65-0-130)
    del: (none-of-those 47-1-95) (mapped l0 p9 51-0-102) (mapped l1 p5 61-0-122) (none-of-those 65-1-131)
  (swap l0 l1 p9 p8), cost: 1
    pre: (mapped l0 p9 51-0-102) (mapped l1 p8 64-0-128)
    add: (mapped l0 p8 50-0-100) (none-of-those 51-1-103) (none-of-those 64-1-129) (mapped l1 p9 65-0-130)
    del: (none-of-those 50-1-101) (mapped l0 p9 51-0-102) (mapped l1 p8 64-0-128) (none-of-those 65-1-131)
  (swap l0 l2 p0 p1), cost: 1
    pre: (mapped l0 p0 38-0-76) (mapped l2 p1 67-0-134)
    add: (none-of-those 38-1-77) (mapped l0 p1 39-0-78) (mapped l2 p0 66-0-132) (none-of-those 67-1-135)
    del: (mapped l0 p0 38-0-76) (none-of-those 39-1-79) (none-of-those 66-1-133) (mapped l2 p1 67-0-134)
  (swap l0 l2 p1 p0), cost: 1
    pre: (mapped l0 p1 39-0-78) (mapped l2 p0 66-0-132)
    add: (mapped l0 p0 38-0-76) (none-of-those 39-1-79) (none-of-those 66-1-133) (mapped l2 p1 67-0-134)
    del: (none-of-those 38-1-77) (mapped l0 p1 39-0-78) (mapped l2 p0 66-0-132) (none-of-those 67-1-135)
  (swap l0 l2 p1 p13), cost: 1
    pre: (mapped l0 p1 39-0-78) (mapped l2 p13 71-0-142)
    add: (none-of-those 39-1-79) (mapped l0 p13 43-0-86) (mapped l2 p1 67-0-134) (none-of-those 71-1-143)
    del: (mapped l0 p1 39-0-78) (none-of-those 43-1-87) (none-of-those 67-1-135) (mapped l2 p13 71-0-142)
  (swap l0 l2 p1 p2), cost: 1
    pre: (mapped l0 p1 39-0-78) (mapped l2 p2 72-0-144)
    add: (none-of-those 39-1-79) (mapped l0 p2 44-0-88) (mapped l2 p1 67-0-134) (none-of-those 72-1-145)
    del: (mapped l0 p1 39-0-78) (none-of-those 44-1-89) (none-of-those 67-1-135) (mapped l2 p2 72-0-144)
  (swap l0 l2 p10 p11), cost: 1
    pre: (mapped l0 p10 40-0-80) (mapped l2 p11 69-0-138)
    add: (none-of-those 40-1-81) (mapped l0 p11 41-0-82) (mapped l2 p10 68-0-136) (none-of-those 69-1-139)
    del: (mapped l0 p10 40-0-80) (none-of-those 41-1-83) (none-of-those 68-1-137) (mapped l2 p11 69-0-138)
  (swap l0 l2 p10 p4), cost: 1
    pre: (mapped l0 p10 40-0-80) (mapped l2 p4 74-0-148)
    add: (none-of-those 40-1-81) (mapped l0 p4 46-0-92) (mapped l2 p10 68-0-136) (none-of-those 74-1-149)
    del: (mapped l0 p10 40-0-80) (none-of-those 46-1-93) (none-of-those 68-1-137) (mapped l2 p4 74-0-148)
  (swap l0 l2 p10 p9), cost: 1
    pre: (mapped l0 p10 40-0-80) (mapped l2 p9 79-0-158)
    add: (none-of-those 40-1-81) (mapped l0 p9 51-0-102) (mapped l2 p10 68-0-136) (none-of-those 79-1-159)
    del: (mapped l0 p10 40-0-80) (none-of-those 51-1-103) (none-of-those 68-1-137) (mapped l2 p9 79-0-158)
  (swap l0 l2 p11 p10), cost: 1
    pre: (mapped l0 p11 41-0-82) (mapped l2 p10 68-0-136)
    add: (mapped l0 p10 40-0-80) (none-of-those 41-1-83) (none-of-those 68-1-137) (mapped l2 p11 69-0-138)
    del: (none-of-those 40-1-81) (mapped l0 p11 41-0-82) (mapped l2 p10 68-0-136) (none-of-those 69-1-139)
  (swap l0 l2 p11 p12), cost: 1
    pre: (mapped l0 p11 41-0-82) (mapped l2 p12 70-0-140)
    add: (none-of-those 41-1-83) (mapped l0 p12 42-0-84) (mapped l2 p11 69-0-138) (none-of-those 70-1-141)
    del: (mapped l0 p11 41-0-82) (none-of-those 42-1-85) (none-of-those 69-1-139) (mapped l2 p12 70-0-140)
  (swap l0 l2 p11 p3), cost: 1
    pre: (mapped l0 p11 41-0-82) (mapped l2 p3 73-0-146)
    add: (none-of-those 41-1-83) (mapped l0 p3 45-0-90) (mapped l2 p11 69-0-138) (none-of-those 73-1-147)
    del: (mapped l0 p11 41-0-82) (none-of-those 45-1-91) (none-of-those 69-1-139) (mapped l2 p3 73-0-146)
  (swap l0 l2 p12 p11), cost: 1
    pre: (mapped l0 p12 42-0-84) (mapped l2 p11 69-0-138)
    add: (mapped l0 p11 41-0-82) (none-of-those 42-1-85) (none-of-those 69-1-139) (mapped l2 p12 70-0-140)
    del: (none-of-those 41-1-83) (mapped l0 p12 42-0-84) (mapped l2 p11 69-0-138) (none-of-those 70-1-141)
  (swap l0 l2 p12 p13), cost: 1
    pre: (mapped l0 p12 42-0-84) (mapped l2 p13 71-0-142)
    add: (none-of-those 42-1-85) (mapped l0 p13 43-0-86) (mapped l2 p12 70-0-140) (none-of-those 71-1-143)
    del: (mapped l0 p12 42-0-84) (none-of-those 43-1-87) (none-of-those 70-1-141) (mapped l2 p13 71-0-142)
  (swap l0 l2 p12 p2), cost: 1
    pre: (mapped l0 p12 42-0-84) (mapped l2 p2 72-0-144)
    add: (none-of-those 42-1-85) (mapped l0 p2 44-0-88) (mapped l2 p12 70-0-140) (none-of-those 72-1-145)
    del: (mapped l0 p12 42-0-84) (none-of-those 44-1-89) (none-of-those 70-1-141) (mapped l2 p2 72-0-144)
  (swap l0 l2 p13 p1), cost: 1
    pre: (mapped l0 p13 43-0-86) (mapped l2 p1 67-0-134)
    add: (mapped l0 p1 39-0-78) (none-of-those 43-1-87) (none-of-those 67-1-135) (mapped l2 p13 71-0-142)
    del: (none-of-those 39-1-79) (mapped l0 p13 43-0-86) (mapped l2 p1 67-0-134) (none-of-those 71-1-143)
  (swap l0 l2 p13 p12), cost: 1
    pre: (mapped l0 p13 43-0-86) (mapped l2 p12 70-0-140)
    add: (mapped l0 p12 42-0-84) (none-of-those 43-1-87) (none-of-those 70-1-141) (mapped l2 p13 71-0-142)
    del: (none-of-those 42-1-85) (mapped l0 p13 43-0-86) (mapped l2 p12 70-0-140) (none-of-those 71-1-143)
  (swap l0 l2 p2 p1), cost: 1
    pre: (mapped l0 p2 44-0-88) (mapped l2 p1 67-0-134)
    add: (mapped l0 p1 39-0-78) (none-of-those 44-1-89) (none-of-those 67-1-135) (mapped l2 p2 72-0-144)
    del: (none-of-those 39-1-79) (mapped l0 p2 44-0-88) (mapped l2 p1 67-0-134) (none-of-those 72-1-145)
  (swap l0 l2 p2 p12), cost: 1
    pre: (mapped l0 p2 44-0-88) (mapped l2 p12 70-0-140)
    add: (mapped l0 p12 42-0-84) (none-of-those 44-1-89) (none-of-those 70-1-141) (mapped l2 p2 72-0-144)
    del: (none-of-those 42-1-85) (mapped l0 p2 44-0-88) (mapped l2 p12 70-0-140) (none-of-those 72-1-145)
  (swap l0 l2 p2 p3), cost: 1
    pre: (mapped l0 p2 44-0-88) (mapped l2 p3 73-0-146)
    add: (none-of-those 44-1-89) (mapped l0 p3 45-0-90) (mapped l2 p2 72-0-144) (none-of-those 73-1-147)
    del: (mapped l0 p2 44-0-88) (none-of-those 45-1-91) (none-of-those 72-1-145) (mapped l2 p3 73-0-146)
  (swap l0 l2 p3 p11), cost: 1
    pre: (mapped l0 p3 45-0-90) (mapped l2 p11 69-0-138)
    add: (mapped l0 p11 41-0-82) (none-of-those 45-1-91) (none-of-those 69-1-139) (mapped l2 p3 73-0-146)
    del: (none-of-those 41-1-83) (mapped l0 p3 45-0-90) (mapped l2 p11 69-0-138) (none-of-those 73-1-147)
  (swap l0 l2 p3 p2), cost: 1
    pre: (mapped l0 p3 45-0-90) (mapped l2 p2 72-0-144)
    add: (mapped l0 p2 44-0-88) (none-of-those 45-1-91) (none-of-those 72-1-145) (mapped l2 p3 73-0-146)
    del: (none-of-those 44-1-89) (mapped l0 p3 45-0-90) (mapped l2 p2 72-0-144) (none-of-those 73-1-147)
  (swap l0 l2 p3 p4), cost: 1
    pre: (mapped l0 p3 45-0-90) (mapped l2 p4 74-0-148)
    add: (none-of-those 45-1-91) (mapped l0 p4 46-0-92) (mapped l2 p3 73-0-146) (none-of-those 74-1-149)
    del: (mapped l0 p3 45-0-90) (none-of-those 46-1-93) (none-of-those 73-1-147) (mapped l2 p4 74-0-148)
  (swap l0 l2 p4 p10), cost: 1
    pre: (mapped l0 p4 46-0-92) (mapped l2 p10 68-0-136)
    add: (mapped l0 p10 40-0-80) (none-of-those 46-1-93) (none-of-those 68-1-137) (mapped l2 p4 74-0-148)
    del: (none-of-those 40-1-81) (mapped l0 p4 46-0-92) (mapped l2 p10 68-0-136) (none-of-those 74-1-149)
  (swap l0 l2 p4 p3), cost: 1
    pre: (mapped l0 p4 46-0-92) (mapped l2 p3 73-0-146)
    add: (mapped l0 p3 45-0-90) (none-of-those 46-1-93) (none-of-those 73-1-147) (mapped l2 p4 74-0-148)
    del: (none-of-those 45-1-91) (mapped l0 p4 46-0-92) (mapped l2 p3 73-0-146) (none-of-those 74-1-149)
  (swap l0 l2 p4 p5), cost: 1
    pre: (mapped l0 p4 46-0-92) (mapped l2 p5 75-0-150)
    add: (none-of-those 46-1-93) (mapped l0 p5 47-0-94) (mapped l2 p4 74-0-148) (none-of-those 75-1-151)
    del: (mapped l0 p4 46-0-92) (none-of-those 47-1-95) (none-of-those 74-1-149) (mapped l2 p5 75-0-150)
  (swap l0 l2 p5 p4), cost: 1
    pre: (mapped l0 p5 47-0-94) (mapped l2 p4 74-0-148)
    add: (mapped l0 p4 46-0-92) (none-of-those 47-1-95) (none-of-those 74-1-149) (mapped l2 p5 75-0-150)
    del: (none-of-those 46-1-93) (mapped l0 p5 47-0-94) (mapped l2 p4 74-0-148) (none-of-those 75-1-151)
  (swap l0 l2 p5 p6), cost: 1
    pre: (mapped l0 p5 47-0-94) (mapped l2 p6 76-0-152)
    add: (none-of-those 47-1-95) (mapped l0 p6 48-0-96) (mapped l2 p5 75-0-150) (none-of-those 76-1-153)
    del: (mapped l0 p5 47-0-94) (none-of-those 48-1-97) (none-of-those 75-1-151) (mapped l2 p6 76-0-152)
  (swap l0 l2 p5 p9), cost: 1
    pre: (mapped l0 p5 47-0-94) (mapped l2 p9 79-0-158)
    add: (none-of-those 47-1-95) (mapped l0 p9 51-0-102) (mapped l2 p5 75-0-150) (none-of-those 79-1-159)
    del: (mapped l0 p5 47-0-94) (none-of-those 51-1-103) (none-of-those 75-1-151) (mapped l2 p9 79-0-158)
  (swap l0 l2 p6 p5), cost: 1
    pre: (mapped l0 p6 48-0-96) (mapped l2 p5 75-0-150)
    add: (mapped l0 p5 47-0-94) (none-of-those 48-1-97) (none-of-those 75-1-151) (mapped l2 p6 76-0-152)
    del: (none-of-those 47-1-95) (mapped l0 p6 48-0-96) (mapped l2 p5 75-0-150) (none-of-those 76-1-153)
  (swap l0 l2 p6 p8), cost: 1
    pre: (mapped l0 p6 48-0-96) (mapped l2 p8 78-0-156)
    add: (none-of-those 48-1-97) (mapped l0 p8 50-0-100) (mapped l2 p6 76-0-152) (none-of-those 78-1-157)
    del: (mapped l0 p6 48-0-96) (none-of-those 50-1-101) (none-of-those 76-1-153) (mapped l2 p8 78-0-156)
  (swap l0 l2 p7 p8), cost: 1
    pre: (mapped l0 p7 49-0-98) (mapped l2 p8 78-0-156)
    add: (none-of-those 49-1-99) (mapped l0 p8 50-0-100) (mapped l2 p7 77-0-154) (none-of-those 78-1-157)
    del: (mapped l0 p7 49-0-98) (none-of-those 50-1-101) (none-of-those 77-1-155) (mapped l2 p8 78-0-156)
  (swap l0 l2 p8 p6), cost: 1
    pre: (mapped l0 p8 50-0-100) (mapped l2 p6 76-0-152)
    add: (mapped l0 p6 48-0-96) (none-of-those 50-1-101) (none-of-those 76-1-153) (mapped l2 p8 78-0-156)
    del: (none-of-those 48-1-97) (mapped l0 p8 50-0-100) (mapped l2 p6 76-0-152) (none-of-those 78-1-157)
  (swap l0 l2 p8 p7), cost: 1
    pre: (mapped l0 p8 50-0-100) (mapped l2 p7 77-0-154)
    add: (mapped l0 p7 49-0-98) (none-of-those 50-1-101) (none-of-those 77-1-155) (mapped l2 p8 78-0-156)
    del: (none-of-those 49-1-99) (mapped l0 p8 50-0-100) (mapped l2 p7 77-0-154) (none-of-those 78-1-157)
  (swap l0 l2 p8 p9), cost: 1
    pre: (mapped l0 p8 50-0-100) (mapped l2 p9 79-0-158)
    add: (none-of-those 50-1-101) (mapped l0 p9 51-0-102) (mapped l2 p8 78-0-156) (none-of-those 79-1-159)
    del: (mapped l0 p8 50-0-100) (none-of-those 51-1-103) (none-of-those 78-1-157) (mapped l2 p9 79-0-158)
  (swap l0 l2 p9 p10), cost: 1
    pre: (mapped l0 p9 51-0-102) (mapped l2 p10 68-0-136)
    add: (mapped l0 p10 40-0-80) (none-of-those 51-1-103) (none-of-those 68-1-137) (mapped l2 p9 79-0-158)
    del: (none-of-those 40-1-81) (mapped l0 p9 51-0-102) (mapped l2 p10 68-0-136) (none-of-those 79-1-159)
  (swap l0 l2 p9 p5), cost: 1
    pre: (mapped l0 p9 51-0-102) (mapped l2 p5 75-0-150)
    add: (mapped l0 p5 47-0-94) (none-of-those 51-1-103) (none-of-those 75-1-151) (mapped l2 p9 79-0-158)
    del: (none-of-those 47-1-95) (mapped l0 p9 51-0-102) (mapped l2 p5 75-0-150) (none-of-those 79-1-159)
  (swap l0 l2 p9 p8), cost: 1
    pre: (mapped l0 p9 51-0-102) (mapped l2 p8 78-0-156)
    add: (mapped l0 p8 50-0-100) (none-of-those 51-1-103) (none-of-those 78-1-157) (mapped l2 p9 79-0-158)
    del: (none-of-those 50-1-101) (mapped l0 p9 51-0-102) (mapped l2 p8 78-0-156) (none-of-those 79-1-159)
  (swap l0 l3 p0 p1), cost: 1
    pre: (mapped l0 p0 38-0-76) (mapped l3 p1 81-0-162)
    add: (none-of-those 38-1-77) (mapped l0 p1 39-0-78) (mapped l3 p0 80-0-160) (none-of-those 81-1-163)
    del: (mapped l0 p0 38-0-76) (none-of-those 39-1-79) (none-of-those 80-1-161) (mapped l3 p1 81-0-162)
  (swap l0 l3 p1 p0), cost: 1
    pre: (mapped l0 p1 39-0-78) (mapped l3 p0 80-0-160)
    add: (mapped l0 p0 38-0-76) (none-of-those 39-1-79) (none-of-those 80-1-161) (mapped l3 p1 81-0-162)
    del: (none-of-those 38-1-77) (mapped l0 p1 39-0-78) (mapped l3 p0 80-0-160) (none-of-those 81-1-163)
  (swap l0 l3 p1 p13), cost: 1
    pre: (mapped l0 p1 39-0-78) (mapped l3 p13 85-0-170)
    add: (none-of-those 39-1-79) (mapped l0 p13 43-0-86) (mapped l3 p1 81-0-162) (none-of-those 85-1-171)
    del: (mapped l0 p1 39-0-78) (none-of-those 43-1-87) (none-of-those 81-1-163) (mapped l3 p13 85-0-170)
  (swap l0 l3 p1 p2), cost: 1
    pre: (mapped l0 p1 39-0-78) (mapped l3 p2 86-0-172)
    add: (none-of-those 39-1-79) (mapped l0 p2 44-0-88) (mapped l3 p1 81-0-162) (none-of-those 86-1-173)
    del: (mapped l0 p1 39-0-78) (none-of-those 44-1-89) (none-of-those 81-1-163) (mapped l3 p2 86-0-172)
  (swap l0 l3 p10 p11), cost: 1
    pre: (mapped l0 p10 40-0-80) (mapped l3 p11 83-0-166)
    add: (none-of-those 40-1-81) (mapped l0 p11 41-0-82) (mapped l3 p10 82-0-164) (none-of-those 83-1-167)
    del: (mapped l0 p10 40-0-80) (none-of-those 41-1-83) (none-of-those 82-1-165) (mapped l3 p11 83-0-166)
  (swap l0 l3 p10 p4), cost: 1
    pre: (mapped l0 p10 40-0-80) (mapped l3 p4 88-0-176)
    add: (none-of-those 40-1-81) (mapped l0 p4 46-0-92) (mapped l3 p10 82-0-164) (none-of-those 88-1-177)
    del: (mapped l0 p10 40-0-80) (none-of-those 46-1-93) (none-of-those 82-1-165) (mapped l3 p4 88-0-176)
  (swap l0 l3 p10 p9), cost: 1
    pre: (mapped l0 p10 40-0-80) (mapped l3 p9 93-0-186)
    add: (none-of-those 40-1-81) (mapped l0 p9 51-0-102) (mapped l3 p10 82-0-164) (none-of-those 93-1-187)
    del: (mapped l0 p10 40-0-80) (none-of-those 51-1-103) (none-of-those 82-1-165) (mapped l3 p9 93-0-186)
  (swap l0 l3 p11 p10), cost: 1
    pre: (mapped l0 p11 41-0-82) (mapped l3 p10 82-0-164)
    add: (mapped l0 p10 40-0-80) (none-of-those 41-1-83) (none-of-those 82-1-165) (mapped l3 p11 83-0-166)
    del: (none-of-those 40-1-81) (mapped l0 p11 41-0-82) (mapped l3 p10 82-0-164) (none-of-those 83-1-167)
  (swap l0 l3 p11 p12), cost: 1
    pre: (mapped l0 p11 41-0-82) (mapped l3 p12 84-0-168)
    add: (none-of-those 41-1-83) (mapped l0 p12 42-0-84) (mapped l3 p11 83-0-166) (none-of-those 84-1-169)
    del: (mapped l0 p11 41-0-82) (none-of-those 42-1-85) (none-of-those 83-1-167) (mapped l3 p12 84-0-168)
  (swap l0 l3 p11 p3), cost: 1
    pre: (mapped l0 p11 41-0-82) (mapped l3 p3 87-0-174)
    add: (none-of-those 41-1-83) (mapped l0 p3 45-0-90) (mapped l3 p11 83-0-166) (none-of-those 87-1-175)
    del: (mapped l0 p11 41-0-82) (none-of-those 45-1-91) (none-of-those 83-1-167) (mapped l3 p3 87-0-174)
  (swap l0 l3 p12 p11), cost: 1
    pre: (mapped l0 p12 42-0-84) (mapped l3 p11 83-0-166)
    add: (mapped l0 p11 41-0-82) (none-of-those 42-1-85) (none-of-those 83-1-167) (mapped l3 p12 84-0-168)
    del: (none-of-those 41-1-83) (mapped l0 p12 42-0-84) (mapped l3 p11 83-0-166) (none-of-those 84-1-169)
  (swap l0 l3 p12 p13), cost: 1
    pre: (mapped l0 p12 42-0-84) (mapped l3 p13 85-0-170)
    add: (none-of-those 42-1-85) (mapped l0 p13 43-0-86) (mapped l3 p12 84-0-168) (none-of-those 85-1-171)
    del: (mapped l0 p12 42-0-84) (none-of-those 43-1-87) (none-of-those 84-1-169) (mapped l3 p13 85-0-170)
  (swap l0 l3 p12 p2), cost: 1
    pre: (mapped l0 p12 42-0-84) (mapped l3 p2 86-0-172)
    add: (none-of-those 42-1-85) (mapped l0 p2 44-0-88) (mapped l3 p12 84-0-168) (none-of-those 86-1-173)
    del: (mapped l0 p12 42-0-84) (none-of-those 44-1-89) (none-of-those 84-1-169) (mapped l3 p2 86-0-172)
  (swap l0 l3 p13 p1), cost: 1
    pre: (mapped l0 p13 43-0-86) (mapped l3 p1 81-0-162)
    add: (mapped l0 p1 39-0-78) (none-of-those 43-1-87) (none-of-those 81-1-163) (mapped l3 p13 85-0-170)
    del: (none-of-those 39-1-79) (mapped l0 p13 43-0-86) (mapped l3 p1 81-0-162) (none-of-those 85-1-171)
  (swap l0 l3 p13 p12), cost: 1
    pre: (mapped l0 p13 43-0-86) (mapped l3 p12 84-0-168)
    add: (mapped l0 p12 42-0-84) (none-of-those 43-1-87) (none-of-those 84-1-169) (mapped l3 p13 85-0-170)
    del: (none-of-those 42-1-85) (mapped l0 p13 43-0-86) (mapped l3 p12 84-0-168) (none-of-those 85-1-171)
  (swap l0 l3 p2 p1), cost: 1
    pre: (mapped l0 p2 44-0-88) (mapped l3 p1 81-0-162)
    add: (mapped l0 p1 39-0-78) (none-of-those 44-1-89) (none-of-those 81-1-163) (mapped l3 p2 86-0-172)
    del: (none-of-those 39-1-79) (mapped l0 p2 44-0-88) (mapped l3 p1 81-0-162) (none-of-those 86-1-173)
  (swap l0 l3 p2 p12), cost: 1
    pre: (mapped l0 p2 44-0-88) (mapped l3 p12 84-0-168)
    add: (mapped l0 p12 42-0-84) (none-of-those 44-1-89) (none-of-those 84-1-169) (mapped l3 p2 86-0-172)
    del: (none-of-those 42-1-85) (mapped l0 p2 44-0-88) (mapped l3 p12 84-0-168) (none-of-those 86-1-173)
  (swap l0 l3 p2 p3), cost: 1
    pre: (mapped l0 p2 44-0-88) (mapped l3 p3 87-0-174)
    add: (none-of-those 44-1-89) (mapped l0 p3 45-0-90) (mapped l3 p2 86-0-172) (none-of-those 87-1-175)
    del: (mapped l0 p2 44-0-88) (none-of-those 45-1-91) (none-of-those 86-1-173) (mapped l3 p3 87-0-174)
  (swap l0 l3 p3 p11), cost: 1
    pre: (mapped l0 p3 45-0-90) (mapped l3 p11 83-0-166)
    add: (mapped l0 p11 41-0-82) (none-of-those 45-1-91) (none-of-those 83-1-167) (mapped l3 p3 87-0-174)
    del: (none-of-those 41-1-83) (mapped l0 p3 45-0-90) (mapped l3 p11 83-0-166) (none-of-those 87-1-175)
  (swap l0 l3 p3 p2), cost: 1
    pre: (mapped l0 p3 45-0-90) (mapped l3 p2 86-0-172)
    add: (mapped l0 p2 44-0-88) (none-of-those 45-1-91) (none-of-those 86-1-173) (mapped l3 p3 87-0-174)
    del: (none-of-those 44-1-89) (mapped l0 p3 45-0-90) (mapped l3 p2 86-0-172) (none-of-those 87-1-175)
  (swap l0 l3 p3 p4), cost: 1
    pre: (mapped l0 p3 45-0-90) (mapped l3 p4 88-0-176)
    add: (none-of-those 45-1-91) (mapped l0 p4 46-0-92) (mapped l3 p3 87-0-174) (none-of-those 88-1-177)
    del: (mapped l0 p3 45-0-90) (none-of-those 46-1-93) (none-of-those 87-1-175) (mapped l3 p4 88-0-176)
  (swap l0 l3 p4 p10), cost: 1
    pre: (mapped l0 p4 46-0-92) (mapped l3 p10 82-0-164)
    add: (mapped l0 p10 40-0-80) (none-of-those 46-1-93) (none-of-those 82-1-165) (mapped l3 p4 88-0-176)
    del: (none-of-those 40-1-81) (mapped l0 p4 46-0-92) (mapped l3 p10 82-0-164) (none-of-those 88-1-177)
  (swap l0 l3 p4 p3), cost: 1
    pre: (mapped l0 p4 46-0-92) (mapped l3 p3 87-0-174)
    add: (mapped l0 p3 45-0-90) (none-of-those 46-1-93) (none-of-those 87-1-175) (mapped l3 p4 88-0-176)
    del: (none-of-those 45-1-91) (mapped l0 p4 46-0-92) (mapped l3 p3 87-0-174) (none-of-those 88-1-177)
  (swap l0 l3 p4 p5), cost: 1
    pre: (mapped l0 p4 46-0-92) (mapped l3 p5 89-0-178)
    add: (none-of-those 46-1-93) (mapped l0 p5 47-0-94) (mapped l3 p4 88-0-176) (none-of-those 89-1-179)
    del: (mapped l0 p4 46-0-92) (none-of-those 47-1-95) (none-of-those 88-1-177) (mapped l3 p5 89-0-178)
  (swap l0 l3 p5 p4), cost: 1
    pre: (mapped l0 p5 47-0-94) (mapped l3 p4 88-0-176)
    add: (mapped l0 p4 46-0-92) (none-of-those 47-1-95) (none-of-those 88-1-177) (mapped l3 p5 89-0-178)
    del: (none-of-those 46-1-93) (mapped l0 p5 47-0-94) (mapped l3 p4 88-0-176) (none-of-those 89-1-179)
  (swap l0 l3 p5 p6), cost: 1
    pre: (mapped l0 p5 47-0-94) (mapped l3 p6 90-0-180)
    add: (none-of-those 47-1-95) (mapped l0 p6 48-0-96) (mapped l3 p5 89-0-178) (none-of-those 90-1-181)
    del: (mapped l0 p5 47-0-94) (none-of-those 48-1-97) (none-of-those 89-1-179) (mapped l3 p6 90-0-180)
  (swap l0 l3 p5 p9), cost: 1
    pre: (mapped l0 p5 47-0-94) (mapped l3 p9 93-0-186)
    add: (none-of-those 47-1-95) (mapped l0 p9 51-0-102) (mapped l3 p5 89-0-178) (none-of-those 93-1-187)
    del: (mapped l0 p5 47-0-94) (none-of-those 51-1-103) (none-of-those 89-1-179) (mapped l3 p9 93-0-186)
  (swap l0 l3 p6 p5), cost: 1
    pre: (mapped l0 p6 48-0-96) (mapped l3 p5 89-0-178)
    add: (mapped l0 p5 47-0-94) (none-of-those 48-1-97) (none-of-those 89-1-179) (mapped l3 p6 90-0-180)
    del: (none-of-those 47-1-95) (mapped l0 p6 48-0-96) (mapped l3 p5 89-0-178) (none-of-those 90-1-181)
  (swap l0 l3 p6 p8), cost: 1
    pre: (mapped l0 p6 48-0-96) (mapped l3 p8 92-0-184)
    add: (none-of-those 48-1-97) (mapped l0 p8 50-0-100) (mapped l3 p6 90-0-180) (none-of-those 92-1-185)
    del: (mapped l0 p6 48-0-96) (none-of-those 50-1-101) (none-of-those 90-1-181) (mapped l3 p8 92-0-184)
  (swap l0 l3 p7 p8), cost: 1
    pre: (mapped l0 p7 49-0-98) (mapped l3 p8 92-0-184)
    add: (none-of-those 49-1-99) (mapped l0 p8 50-0-100) (mapped l3 p7 91-0-182) (none-of-those 92-1-185)
    del: (mapped l0 p7 49-0-98) (none-of-those 50-1-101) (none-of-those 91-1-183) (mapped l3 p8 92-0-184)
  (swap l0 l3 p8 p6), cost: 1
    pre: (mapped l0 p8 50-0-100) (mapped l3 p6 90-0-180)
    add: (mapped l0 p6 48-0-96) (none-of-those 50-1-101) (none-of-those 90-1-181) (mapped l3 p8 92-0-184)
    del: (none-of-those 48-1-97) (mapped l0 p8 50-0-100) (mapped l3 p6 90-0-180) (none-of-those 92-1-185)
  (swap l0 l3 p8 p7), cost: 1
    pre: (mapped l0 p8 50-0-100) (mapped l3 p7 91-0-182)
    add: (mapped l0 p7 49-0-98) (none-of-those 50-1-101) (none-of-those 91-1-183) (mapped l3 p8 92-0-184)
    del: (none-of-those 49-1-99) (mapped l0 p8 50-0-100) (mapped l3 p7 91-0-182) (none-of-those 92-1-185)
  (swap l0 l3 p8 p9), cost: 1
    pre: (mapped l0 p8 50-0-100) (mapped l3 p9 93-0-186)
    add: (none-of-those 50-1-101) (mapped l0 p9 51-0-102) (mapped l3 p8 92-0-184) (none-of-those 93-1-187)
    del: (mapped l0 p8 50-0-100) (none-of-those 51-1-103) (none-of-those 92-1-185) (mapped l3 p9 93-0-186)
  (swap l0 l3 p9 p10), cost: 1
    pre: (mapped l0 p9 51-0-102) (mapped l3 p10 82-0-164)
    add: (mapped l0 p10 40-0-80) (none-of-those 51-1-103) (none-of-those 82-1-165) (mapped l3 p9 93-0-186)
    del: (none-of-those 40-1-81) (mapped l0 p9 51-0-102) (mapped l3 p10 82-0-164) (none-of-those 93-1-187)
  (swap l0 l3 p9 p5), cost: 1
    pre: (mapped l0 p9 51-0-102) (mapped l3 p5 89-0-178)
    add: (mapped l0 p5 47-0-94) (none-of-those 51-1-103) (none-of-those 89-1-179) (mapped l3 p9 93-0-186)
    del: (none-of-those 47-1-95) (mapped l0 p9 51-0-102) (mapped l3 p5 89-0-178) (none-of-those 93-1-187)
  (swap l0 l3 p9 p8), cost: 1
    pre: (mapped l0 p9 51-0-102) (mapped l3 p8 92-0-184)
    add: (mapped l0 p8 50-0-100) (none-of-those 51-1-103) (none-of-those 92-1-185) (mapped l3 p9 93-0-186)
    del: (none-of-those 50-1-101) (mapped l0 p9 51-0-102) (mapped l3 p8 92-0-184) (none-of-those 93-1-187)
  (swap l1 l2 p0 p1), cost: 1
    pre: (mapped l1 p0 52-0-104) (mapped l2 p1 67-0-134)
    add: (none-of-those 52-1-105) (mapped l1 p1 53-0-106) (mapped l2 p0 66-0-132) (none-of-those 67-1-135)
    del: (mapped l1 p0 52-0-104) (none-of-those 53-1-107) (none-of-those 66-1-133) (mapped l2 p1 67-0-134)
  (swap l1 l2 p1 p0), cost: 1
    pre: (mapped l1 p1 53-0-106) (mapped l2 p0 66-0-132)
    add: (mapped l1 p0 52-0-104) (none-of-those 53-1-107) (none-of-those 66-1-133) (mapped l2 p1 67-0-134)
    del: (none-of-those 52-1-105) (mapped l1 p1 53-0-106) (mapped l2 p0 66-0-132) (none-of-those 67-1-135)
  (swap l1 l2 p1 p13), cost: 1
    pre: (mapped l1 p1 53-0-106) (mapped l2 p13 71-0-142)
    add: (none-of-those 53-1-107) (mapped l1 p13 57-0-114) (mapped l2 p1 67-0-134) (none-of-those 71-1-143)
    del: (mapped l1 p1 53-0-106) (none-of-those 57-1-115) (none-of-those 67-1-135) (mapped l2 p13 71-0-142)
  (swap l1 l2 p1 p2), cost: 1
    pre: (mapped l1 p1 53-0-106) (mapped l2 p2 72-0-144)
    add: (none-of-those 53-1-107) (mapped l1 p2 58-0-116) (mapped l2 p1 67-0-134) (none-of-those 72-1-145)
    del: (mapped l1 p1 53-0-106) (none-of-those 58-1-117) (none-of-those 67-1-135) (mapped l2 p2 72-0-144)
  (swap l1 l2 p10 p11), cost: 1
    pre: (mapped l1 p10 54-0-108) (mapped l2 p11 69-0-138)
    add: (none-of-those 54-1-109) (mapped l1 p11 55-0-110) (mapped l2 p10 68-0-136) (none-of-those 69-1-139)
    del: (mapped l1 p10 54-0-108) (none-of-those 55-1-111) (none-of-those 68-1-137) (mapped l2 p11 69-0-138)
  (swap l1 l2 p10 p4), cost: 1
    pre: (mapped l1 p10 54-0-108) (mapped l2 p4 74-0-148)
    add: (none-of-those 54-1-109) (mapped l1 p4 60-0-120) (mapped l2 p10 68-0-136) (none-of-those 74-1-149)
    del: (mapped l1 p10 54-0-108) (none-of-those 60-1-121) (none-of-those 68-1-137) (mapped l2 p4 74-0-148)
  (swap l1 l2 p10 p9), cost: 1
    pre: (mapped l1 p10 54-0-108) (mapped l2 p9 79-0-158)
    add: (none-of-those 54-1-109) (mapped l1 p9 65-0-130) (mapped l2 p10 68-0-136) (none-of-those 79-1-159)
    del: (mapped l1 p10 54-0-108) (none-of-those 65-1-131) (none-of-those 68-1-137) (mapped l2 p9 79-0-158)
  (swap l1 l2 p11 p10), cost: 1
    pre: (mapped l1 p11 55-0-110) (mapped l2 p10 68-0-136)
    add: (mapped l1 p10 54-0-108) (none-of-those 55-1-111) (none-of-those 68-1-137) (mapped l2 p11 69-0-138)
    del: (none-of-those 54-1-109) (mapped l1 p11 55-0-110) (mapped l2 p10 68-0-136) (none-of-those 69-1-139)
  (swap l1 l2 p11 p12), cost: 1
    pre: (mapped l1 p11 55-0-110) (mapped l2 p12 70-0-140)
    add: (none-of-those 55-1-111) (mapped l1 p12 56-0-112) (mapped l2 p11 69-0-138) (none-of-those 70-1-141)
    del: (mapped l1 p11 55-0-110) (none-of-those 56-1-113) (none-of-those 69-1-139) (mapped l2 p12 70-0-140)
  (swap l1 l2 p11 p3), cost: 1
    pre: (mapped l1 p11 55-0-110) (mapped l2 p3 73-0-146)
    add: (none-of-those 55-1-111) (mapped l1 p3 59-0-118) (mapped l2 p11 69-0-138) (none-of-those 73-1-147)
    del: (mapped l1 p11 55-0-110) (none-of-those 59-1-119) (none-of-those 69-1-139) (mapped l2 p3 73-0-146)
  (swap l1 l2 p12 p11), cost: 1
    pre: (mapped l1 p12 56-0-112) (mapped l2 p11 69-0-138)
    add: (mapped l1 p11 55-0-110) (none-of-those 56-1-113) (none-of-those 69-1-139) (mapped l2 p12 70-0-140)
    del: (none-of-those 55-1-111) (mapped l1 p12 56-0-112) (mapped l2 p11 69-0-138) (none-of-those 70-1-141)
  (swap l1 l2 p12 p13), cost: 1
    pre: (mapped l1 p12 56-0-112) (mapped l2 p13 71-0-142)
    add: (none-of-those 56-1-113) (mapped l1 p13 57-0-114) (mapped l2 p12 70-0-140) (none-of-those 71-1-143)
    del: (mapped l1 p12 56-0-112) (none-of-those 57-1-115) (none-of-those 70-1-141) (mapped l2 p13 71-0-142)
  (swap l1 l2 p12 p2), cost: 1
    pre: (mapped l1 p12 56-0-112) (mapped l2 p2 72-0-144)
    add: (none-of-those 56-1-113) (mapped l1 p2 58-0-116) (mapped l2 p12 70-0-140) (none-of-those 72-1-145)
    del: (mapped l1 p12 56-0-112) (none-of-those 58-1-117) (none-of-those 70-1-141) (mapped l2 p2 72-0-144)
  (swap l1 l2 p13 p1), cost: 1
    pre: (mapped l1 p13 57-0-114) (mapped l2 p1 67-0-134)
    add: (mapped l1 p1 53-0-106) (none-of-those 57-1-115) (none-of-those 67-1-135) (mapped l2 p13 71-0-142)
    del: (none-of-those 53-1-107) (mapped l1 p13 57-0-114) (mapped l2 p1 67-0-134) (none-of-those 71-1-143)
  (swap l1 l2 p13 p12), cost: 1
    pre: (mapped l1 p13 57-0-114) (mapped l2 p12 70-0-140)
    add: (mapped l1 p12 56-0-112) (none-of-those 57-1-115) (none-of-those 70-1-141) (mapped l2 p13 71-0-142)
    del: (none-of-those 56-1-113) (mapped l1 p13 57-0-114) (mapped l2 p12 70-0-140) (none-of-those 71-1-143)
  (swap l1 l2 p2 p1), cost: 1
    pre: (mapped l1 p2 58-0-116) (mapped l2 p1 67-0-134)
    add: (mapped l1 p1 53-0-106) (none-of-those 58-1-117) (none-of-those 67-1-135) (mapped l2 p2 72-0-144)
    del: (none-of-those 53-1-107) (mapped l1 p2 58-0-116) (mapped l2 p1 67-0-134) (none-of-those 72-1-145)
  (swap l1 l2 p2 p12), cost: 1
    pre: (mapped l1 p2 58-0-116) (mapped l2 p12 70-0-140)
    add: (mapped l1 p12 56-0-112) (none-of-those 58-1-117) (none-of-those 70-1-141) (mapped l2 p2 72-0-144)
    del: (none-of-those 56-1-113) (mapped l1 p2 58-0-116) (mapped l2 p12 70-0-140) (none-of-those 72-1-145)
  (swap l1 l2 p2 p3), cost: 1
    pre: (mapped l1 p2 58-0-116) (mapped l2 p3 73-0-146)
    add: (none-of-those 58-1-117) (mapped l1 p3 59-0-118) (mapped l2 p2 72-0-144) (none-of-those 73-1-147)
    del: (mapped l1 p2 58-0-116) (none-of-those 59-1-119) (none-of-those 72-1-145) (mapped l2 p3 73-0-146)
  (swap l1 l2 p3 p11), cost: 1
    pre: (mapped l1 p3 59-0-118) (mapped l2 p11 69-0-138)
    add: (mapped l1 p11 55-0-110) (none-of-those 59-1-119) (none-of-those 69-1-139) (mapped l2 p3 73-0-146)
    del: (none-of-those 55-1-111) (mapped l1 p3 59-0-118) (mapped l2 p11 69-0-138) (none-of-those 73-1-147)
  (swap l1 l2 p3 p2), cost: 1
    pre: (mapped l1 p3 59-0-118) (mapped l2 p2 72-0-144)
    add: (mapped l1 p2 58-0-116) (none-of-those 59-1-119) (none-of-those 72-1-145) (mapped l2 p3 73-0-146)
    del: (none-of-those 58-1-117) (mapped l1 p3 59-0-118) (mapped l2 p2 72-0-144) (none-of-those 73-1-147)
  (swap l1 l2 p3 p4), cost: 1
    pre: (mapped l1 p3 59-0-118) (mapped l2 p4 74-0-148)
    add: (none-of-those 59-1-119) (mapped l1 p4 60-0-120) (mapped l2 p3 73-0-146) (none-of-those 74-1-149)
    del: (mapped l1 p3 59-0-118) (none-of-those 60-1-121) (none-of-those 73-1-147) (mapped l2 p4 74-0-148)
  (swap l1 l2 p4 p10), cost: 1
    pre: (mapped l1 p4 60-0-120) (mapped l2 p10 68-0-136)
    add: (mapped l1 p10 54-0-108) (none-of-those 60-1-121) (none-of-those 68-1-137) (mapped l2 p4 74-0-148)
    del: (none-of-those 54-1-109) (mapped l1 p4 60-0-120) (mapped l2 p10 68-0-136) (none-of-those 74-1-149)
  (swap l1 l2 p4 p3), cost: 1
    pre: (mapped l1 p4 60-0-120) (mapped l2 p3 73-0-146)
    add: (mapped l1 p3 59-0-118) (none-of-those 60-1-121) (none-of-those 73-1-147) (mapped l2 p4 74-0-148)
    del: (none-of-those 59-1-119) (mapped l1 p4 60-0-120) (mapped l2 p3 73-0-146) (none-of-those 74-1-149)
  (swap l1 l2 p4 p5), cost: 1
    pre: (mapped l1 p4 60-0-120) (mapped l2 p5 75-0-150)
    add: (none-of-those 60-1-121) (mapped l1 p5 61-0-122) (mapped l2 p4 74-0-148) (none-of-those 75-1-151)
    del: (mapped l1 p4 60-0-120) (none-of-those 61-1-123) (none-of-those 74-1-149) (mapped l2 p5 75-0-150)
  (swap l1 l2 p5 p4), cost: 1
    pre: (mapped l1 p5 61-0-122) (mapped l2 p4 74-0-148)
    add: (mapped l1 p4 60-0-120) (none-of-those 61-1-123) (none-of-those 74-1-149) (mapped l2 p5 75-0-150)
    del: (none-of-those 60-1-121) (mapped l1 p5 61-0-122) (mapped l2 p4 74-0-148) (none-of-those 75-1-151)
  (swap l1 l2 p5 p6), cost: 1
    pre: (mapped l1 p5 61-0-122) (mapped l2 p6 76-0-152)
    add: (none-of-those 61-1-123) (mapped l1 p6 62-0-124) (mapped l2 p5 75-0-150) (none-of-those 76-1-153)
    del: (mapped l1 p5 61-0-122) (none-of-those 62-1-125) (none-of-those 75-1-151) (mapped l2 p6 76-0-152)
  (swap l1 l2 p5 p9), cost: 1
    pre: (mapped l1 p5 61-0-122) (mapped l2 p9 79-0-158)
    add: (none-of-those 61-1-123) (mapped l1 p9 65-0-130) (mapped l2 p5 75-0-150) (none-of-those 79-1-159)
    del: (mapped l1 p5 61-0-122) (none-of-those 65-1-131) (none-of-those 75-1-151) (mapped l2 p9 79-0-158)
  (swap l1 l2 p6 p5), cost: 1
    pre: (mapped l1 p6 62-0-124) (mapped l2 p5 75-0-150)
    add: (mapped l1 p5 61-0-122) (none-of-those 62-1-125) (none-of-those 75-1-151) (mapped l2 p6 76-0-152)
    del: (none-of-those 61-1-123) (mapped l1 p6 62-0-124) (mapped l2 p5 75-0-150) (none-of-those 76-1-153)
  (swap l1 l2 p6 p8), cost: 1
    pre: (mapped l1 p6 62-0-124) (mapped l2 p8 78-0-156)
    add: (none-of-those 62-1-125) (mapped l1 p8 64-0-128) (mapped l2 p6 76-0-152) (none-of-those 78-1-157)
    del: (mapped l1 p6 62-0-124) (none-of-those 64-1-129) (none-of-those 76-1-153) (mapped l2 p8 78-0-156)
  (swap l1 l2 p7 p8), cost: 1
    pre: (mapped l1 p7 63-0-126) (mapped l2 p8 78-0-156)
    add: (none-of-those 63-1-127) (mapped l1 p8 64-0-128) (mapped l2 p7 77-0-154) (none-of-those 78-1-157)
    del: (mapped l1 p7 63-0-126) (none-of-those 64-1-129) (none-of-those 77-1-155) (mapped l2 p8 78-0-156)
  (swap l1 l2 p8 p6), cost: 1
    pre: (mapped l1 p8 64-0-128) (mapped l2 p6 76-0-152)
    add: (mapped l1 p6 62-0-124) (none-of-those 64-1-129) (none-of-those 76-1-153) (mapped l2 p8 78-0-156)
    del: (none-of-those 62-1-125) (mapped l1 p8 64-0-128) (mapped l2 p6 76-0-152) (none-of-those 78-1-157)
  (swap l1 l2 p8 p7), cost: 1
    pre: (mapped l1 p8 64-0-128) (mapped l2 p7 77-0-154)
    add: (mapped l1 p7 63-0-126) (none-of-those 64-1-129) (none-of-those 77-1-155) (mapped l2 p8 78-0-156)
    del: (none-of-those 63-1-127) (mapped l1 p8 64-0-128) (mapped l2 p7 77-0-154) (none-of-those 78-1-157)
  (swap l1 l2 p8 p9), cost: 1
    pre: (mapped l1 p8 64-0-128) (mapped l2 p9 79-0-158)
    add: (none-of-those 64-1-129) (mapped l1 p9 65-0-130) (mapped l2 p8 78-0-156) (none-of-those 79-1-159)
    del: (mapped l1 p8 64-0-128) (none-of-those 65-1-131) (none-of-those 78-1-157) (mapped l2 p9 79-0-158)
  (swap l1 l2 p9 p10), cost: 1
    pre: (mapped l1 p9 65-0-130) (mapped l2 p10 68-0-136)
    add: (mapped l1 p10 54-0-108) (none-of-those 65-1-131) (none-of-those 68-1-137) (mapped l2 p9 79-0-158)
    del: (none-of-those 54-1-109) (mapped l1 p9 65-0-130) (mapped l2 p10 68-0-136) (none-of-those 79-1-159)
  (swap l1 l2 p9 p5), cost: 1
    pre: (mapped l1 p9 65-0-130) (mapped l2 p5 75-0-150)
    add: (mapped l1 p5 61-0-122) (none-of-those 65-1-131) (none-of-those 75-1-151) (mapped l2 p9 79-0-158)
    del: (none-of-those 61-1-123) (mapped l1 p9 65-0-130) (mapped l2 p5 75-0-150) (none-of-those 79-1-159)
  (swap l1 l2 p9 p8), cost: 1
    pre: (mapped l1 p9 65-0-130) (mapped l2 p8 78-0-156)
    add: (mapped l1 p8 64-0-128) (none-of-those 65-1-131) (none-of-those 78-1-157) (mapped l2 p9 79-0-158)
    del: (none-of-those 64-1-129) (mapped l1 p9 65-0-130) (mapped l2 p8 78-0-156) (none-of-those 79-1-159)
  (swap l1 l3 p0 p1), cost: 1
    pre: (mapped l1 p0 52-0-104) (mapped l3 p1 81-0-162)
    add: (none-of-those 52-1-105) (mapped l1 p1 53-0-106) (mapped l3 p0 80-0-160) (none-of-those 81-1-163)
    del: (mapped l1 p0 52-0-104) (none-of-those 53-1-107) (none-of-those 80-1-161) (mapped l3 p1 81-0-162)
  (swap l1 l3 p1 p0), cost: 1
    pre: (mapped l1 p1 53-0-106) (mapped l3 p0 80-0-160)
    add: (mapped l1 p0 52-0-104) (none-of-those 53-1-107) (none-of-those 80-1-161) (mapped l3 p1 81-0-162)
    del: (none-of-those 52-1-105) (mapped l1 p1 53-0-106) (mapped l3 p0 80-0-160) (none-of-those 81-1-163)
  (swap l1 l3 p1 p13), cost: 1
    pre: (mapped l1 p1 53-0-106) (mapped l3 p13 85-0-170)
    add: (none-of-those 53-1-107) (mapped l1 p13 57-0-114) (mapped l3 p1 81-0-162) (none-of-those 85-1-171)
    del: (mapped l1 p1 53-0-106) (none-of-those 57-1-115) (none-of-those 81-1-163) (mapped l3 p13 85-0-170)
  (swap l1 l3 p1 p2), cost: 1
    pre: (mapped l1 p1 53-0-106) (mapped l3 p2 86-0-172)
    add: (none-of-those 53-1-107) (mapped l1 p2 58-0-116) (mapped l3 p1 81-0-162) (none-of-those 86-1-173)
    del: (mapped l1 p1 53-0-106) (none-of-those 58-1-117) (none-of-those 81-1-163) (mapped l3 p2 86-0-172)
  (swap l1 l3 p10 p11), cost: 1
    pre: (mapped l1 p10 54-0-108) (mapped l3 p11 83-0-166)
    add: (none-of-those 54-1-109) (mapped l1 p11 55-0-110) (mapped l3 p10 82-0-164) (none-of-those 83-1-167)
    del: (mapped l1 p10 54-0-108) (none-of-those 55-1-111) (none-of-those 82-1-165) (mapped l3 p11 83-0-166)
  (swap l1 l3 p10 p4), cost: 1
    pre: (mapped l1 p10 54-0-108) (mapped l3 p4 88-0-176)
    add: (none-of-those 54-1-109) (mapped l1 p4 60-0-120) (mapped l3 p10 82-0-164) (none-of-those 88-1-177)
    del: (mapped l1 p10 54-0-108) (none-of-those 60-1-121) (none-of-those 82-1-165) (mapped l3 p4 88-0-176)
  (swap l1 l3 p10 p9), cost: 1
    pre: (mapped l1 p10 54-0-108) (mapped l3 p9 93-0-186)
    add: (none-of-those 54-1-109) (mapped l1 p9 65-0-130) (mapped l3 p10 82-0-164) (none-of-those 93-1-187)
    del: (mapped l1 p10 54-0-108) (none-of-those 65-1-131) (none-of-those 82-1-165) (mapped l3 p9 93-0-186)
  (swap l1 l3 p11 p10), cost: 1
    pre: (mapped l1 p11 55-0-110) (mapped l3 p10 82-0-164)
    add: (mapped l1 p10 54-0-108) (none-of-those 55-1-111) (none-of-those 82-1-165) (mapped l3 p11 83-0-166)
    del: (none-of-those 54-1-109) (mapped l1 p11 55-0-110) (mapped l3 p10 82-0-164) (none-of-those 83-1-167)
  (swap l1 l3 p11 p12), cost: 1
    pre: (mapped l1 p11 55-0-110) (mapped l3 p12 84-0-168)
    add: (none-of-those 55-1-111) (mapped l1 p12 56-0-112) (mapped l3 p11 83-0-166) (none-of-those 84-1-169)
    del: (mapped l1 p11 55-0-110) (none-of-those 56-1-113) (none-of-those 83-1-167) (mapped l3 p12 84-0-168)
  (swap l1 l3 p11 p3), cost: 1
    pre: (mapped l1 p11 55-0-110) (mapped l3 p3 87-0-174)
    add: (none-of-those 55-1-111) (mapped l1 p3 59-0-118) (mapped l3 p11 83-0-166) (none-of-those 87-1-175)
    del: (mapped l1 p11 55-0-110) (none-of-those 59-1-119) (none-of-those 83-1-167) (mapped l3 p3 87-0-174)
  (swap l1 l3 p12 p11), cost: 1
    pre: (mapped l1 p12 56-0-112) (mapped l3 p11 83-0-166)
    add: (mapped l1 p11 55-0-110) (none-of-those 56-1-113) (none-of-those 83-1-167) (mapped l3 p12 84-0-168)
    del: (none-of-those 55-1-111) (mapped l1 p12 56-0-112) (mapped l3 p11 83-0-166) (none-of-those 84-1-169)
  (swap l1 l3 p12 p13), cost: 1
    pre: (mapped l1 p12 56-0-112) (mapped l3 p13 85-0-170)
    add: (none-of-those 56-1-113) (mapped l1 p13 57-0-114) (mapped l3 p12 84-0-168) (none-of-those 85-1-171)
    del: (mapped l1 p12 56-0-112) (none-of-those 57-1-115) (none-of-those 84-1-169) (mapped l3 p13 85-0-170)
  (swap l1 l3 p12 p2), cost: 1
    pre: (mapped l1 p12 56-0-112) (mapped l3 p2 86-0-172)
    add: (none-of-those 56-1-113) (mapped l1 p2 58-0-116) (mapped l3 p12 84-0-168) (none-of-those 86-1-173)
    del: (mapped l1 p12 56-0-112) (none-of-those 58-1-117) (none-of-those 84-1-169) (mapped l3 p2 86-0-172)
  (swap l1 l3 p13 p1), cost: 1
    pre: (mapped l1 p13 57-0-114) (mapped l3 p1 81-0-162)
    add: (mapped l1 p1 53-0-106) (none-of-those 57-1-115) (none-of-those 81-1-163) (mapped l3 p13 85-0-170)
    del: (none-of-those 53-1-107) (mapped l1 p13 57-0-114) (mapped l3 p1 81-0-162) (none-of-those 85-1-171)
  (swap l1 l3 p13 p12), cost: 1
    pre: (mapped l1 p13 57-0-114) (mapped l3 p12 84-0-168)
    add: (mapped l1 p12 56-0-112) (none-of-those 57-1-115) (none-of-those 84-1-169) (mapped l3 p13 85-0-170)
    del: (none-of-those 56-1-113) (mapped l1 p13 57-0-114) (mapped l3 p12 84-0-168) (none-of-those 85-1-171)
  (swap l1 l3 p2 p1), cost: 1
    pre: (mapped l1 p2 58-0-116) (mapped l3 p1 81-0-162)
    add: (mapped l1 p1 53-0-106) (none-of-those 58-1-117) (none-of-those 81-1-163) (mapped l3 p2 86-0-172)
    del: (none-of-those 53-1-107) (mapped l1 p2 58-0-116) (mapped l3 p1 81-0-162) (none-of-those 86-1-173)
  (swap l1 l3 p2 p12), cost: 1
    pre: (mapped l1 p2 58-0-116) (mapped l3 p12 84-0-168)
    add: (mapped l1 p12 56-0-112) (none-of-those 58-1-117) (none-of-those 84-1-169) (mapped l3 p2 86-0-172)
    del: (none-of-those 56-1-113) (mapped l1 p2 58-0-116) (mapped l3 p12 84-0-168) (none-of-those 86-1-173)
  (swap l1 l3 p2 p3), cost: 1
    pre: (mapped l1 p2 58-0-116) (mapped l3 p3 87-0-174)
    add: (none-of-those 58-1-117) (mapped l1 p3 59-0-118) (mapped l3 p2 86-0-172) (none-of-those 87-1-175)
    del: (mapped l1 p2 58-0-116) (none-of-those 59-1-119) (none-of-those 86-1-173) (mapped l3 p3 87-0-174)
  (swap l1 l3 p3 p11), cost: 1
    pre: (mapped l1 p3 59-0-118) (mapped l3 p11 83-0-166)
    add: (mapped l1 p11 55-0-110) (none-of-those 59-1-119) (none-of-those 83-1-167) (mapped l3 p3 87-0-174)
    del: (none-of-those 55-1-111) (mapped l1 p3 59-0-118) (mapped l3 p11 83-0-166) (none-of-those 87-1-175)
  (swap l1 l3 p3 p2), cost: 1
    pre: (mapped l1 p3 59-0-118) (mapped l3 p2 86-0-172)
    add: (mapped l1 p2 58-0-116) (none-of-those 59-1-119) (none-of-those 86-1-173) (mapped l3 p3 87-0-174)
    del: (none-of-those 58-1-117) (mapped l1 p3 59-0-118) (mapped l3 p2 86-0-172) (none-of-those 87-1-175)
  (swap l1 l3 p3 p4), cost: 1
    pre: (mapped l1 p3 59-0-118) (mapped l3 p4 88-0-176)
    add: (none-of-those 59-1-119) (mapped l1 p4 60-0-120) (mapped l3 p3 87-0-174) (none-of-those 88-1-177)
    del: (mapped l1 p3 59-0-118) (none-of-those 60-1-121) (none-of-those 87-1-175) (mapped l3 p4 88-0-176)
  (swap l1 l3 p4 p10), cost: 1
    pre: (mapped l1 p4 60-0-120) (mapped l3 p10 82-0-164)
    add: (mapped l1 p10 54-0-108) (none-of-those 60-1-121) (none-of-those 82-1-165) (mapped l3 p4 88-0-176)
    del: (none-of-those 54-1-109) (mapped l1 p4 60-0-120) (mapped l3 p10 82-0-164) (none-of-those 88-1-177)
  (swap l1 l3 p4 p3), cost: 1
    pre: (mapped l1 p4 60-0-120) (mapped l3 p3 87-0-174)
    add: (mapped l1 p3 59-0-118) (none-of-those 60-1-121) (none-of-those 87-1-175) (mapped l3 p4 88-0-176)
    del: (none-of-those 59-1-119) (mapped l1 p4 60-0-120) (mapped l3 p3 87-0-174) (none-of-those 88-1-177)
  (swap l1 l3 p4 p5), cost: 1
    pre: (mapped l1 p4 60-0-120) (mapped l3 p5 89-0-178)
    add: (none-of-those 60-1-121) (mapped l1 p5 61-0-122) (mapped l3 p4 88-0-176) (none-of-those 89-1-179)
    del: (mapped l1 p4 60-0-120) (none-of-those 61-1-123) (none-of-those 88-1-177) (mapped l3 p5 89-0-178)
  (swap l1 l3 p5 p4), cost: 1
    pre: (mapped l1 p5 61-0-122) (mapped l3 p4 88-0-176)
    add: (mapped l1 p4 60-0-120) (none-of-those 61-1-123) (none-of-those 88-1-177) (mapped l3 p5 89-0-178)
    del: (none-of-those 60-1-121) (mapped l1 p5 61-0-122) (mapped l3 p4 88-0-176) (none-of-those 89-1-179)
  (swap l1 l3 p5 p6), cost: 1
    pre: (mapped l1 p5 61-0-122) (mapped l3 p6 90-0-180)
    add: (none-of-those 61-1-123) (mapped l1 p6 62-0-124) (mapped l3 p5 89-0-178) (none-of-those 90-1-181)
    del: (mapped l1 p5 61-0-122) (none-of-those 62-1-125) (none-of-those 89-1-179) (mapped l3 p6 90-0-180)
  (swap l1 l3 p5 p9), cost: 1
    pre: (mapped l1 p5 61-0-122) (mapped l3 p9 93-0-186)
    add: (none-of-those 61-1-123) (mapped l1 p9 65-0-130) (mapped l3 p5 89-0-178) (none-of-those 93-1-187)
    del: (mapped l1 p5 61-0-122) (none-of-those 65-1-131) (none-of-those 89-1-179) (mapped l3 p9 93-0-186)
  (swap l1 l3 p6 p5), cost: 1
    pre: (mapped l1 p6 62-0-124) (mapped l3 p5 89-0-178)
    add: (mapped l1 p5 61-0-122) (none-of-those 62-1-125) (none-of-those 89-1-179) (mapped l3 p6 90-0-180)
    del: (none-of-those 61-1-123) (mapped l1 p6 62-0-124) (mapped l3 p5 89-0-178) (none-of-those 90-1-181)
  (swap l1 l3 p6 p8), cost: 1
    pre: (mapped l1 p6 62-0-124) (mapped l3 p8 92-0-184)
    add: (none-of-those 62-1-125) (mapped l1 p8 64-0-128) (mapped l3 p6 90-0-180) (none-of-those 92-1-185)
    del: (mapped l1 p6 62-0-124) (none-of-those 64-1-129) (none-of-those 90-1-181) (mapped l3 p8 92-0-184)
  (swap l1 l3 p7 p8), cost: 1
    pre: (mapped l1 p7 63-0-126) (mapped l3 p8 92-0-184)
    add: (none-of-those 63-1-127) (mapped l1 p8 64-0-128) (mapped l3 p7 91-0-182) (none-of-those 92-1-185)
    del: (mapped l1 p7 63-0-126) (none-of-those 64-1-129) (none-of-those 91-1-183) (mapped l3 p8 92-0-184)
  (swap l1 l3 p8 p6), cost: 1
    pre: (mapped l1 p8 64-0-128) (mapped l3 p6 90-0-180)
    add: (mapped l1 p6 62-0-124) (none-of-those 64-1-129) (none-of-those 90-1-181) (mapped l3 p8 92-0-184)
    del: (none-of-those 62-1-125) (mapped l1 p8 64-0-128) (mapped l3 p6 90-0-180) (none-of-those 92-1-185)
  (swap l1 l3 p8 p7), cost: 1
    pre: (mapped l1 p8 64-0-128) (mapped l3 p7 91-0-182)
    add: (mapped l1 p7 63-0-126) (none-of-those 64-1-129) (none-of-those 91-1-183) (mapped l3 p8 92-0-184)
    del: (none-of-those 63-1-127) (mapped l1 p8 64-0-128) (mapped l3 p7 91-0-182) (none-of-those 92-1-185)
  (swap l1 l3 p8 p9), cost: 1
    pre: (mapped l1 p8 64-0-128) (mapped l3 p9 93-0-186)
    add: (none-of-those 64-1-129) (mapped l1 p9 65-0-130) (mapped l3 p8 92-0-184) (none-of-those 93-1-187)
    del: (mapped l1 p8 64-0-128) (none-of-those 65-1-131) (none-of-those 92-1-185) (mapped l3 p9 93-0-186)
  (swap l1 l3 p9 p10), cost: 1
    pre: (mapped l1 p9 65-0-130) (mapped l3 p10 82-0-164)
    add: (mapped l1 p10 54-0-108) (none-of-those 65-1-131) (none-of-those 82-1-165) (mapped l3 p9 93-0-186)
    del: (none-of-those 54-1-109) (mapped l1 p9 65-0-130) (mapped l3 p10 82-0-164) (none-of-those 93-1-187)
  (swap l1 l3 p9 p5), cost: 1
    pre: (mapped l1 p9 65-0-130) (mapped l3 p5 89-0-178)
    add: (mapped l1 p5 61-0-122) (none-of-those 65-1-131) (none-of-those 89-1-179) (mapped l3 p9 93-0-186)
    del: (none-of-those 61-1-123) (mapped l1 p9 65-0-130) (mapped l3 p5 89-0-178) (none-of-those 93-1-187)
  (swap l1 l3 p9 p8), cost: 1
    pre: (mapped l1 p9 65-0-130) (mapped l3 p8 92-0-184)
    add: (mapped l1 p8 64-0-128) (none-of-those 65-1-131) (none-of-those 92-1-185) (mapped l3 p9 93-0-186)
    del: (none-of-those 64-1-129) (mapped l1 p9 65-0-130) (mapped l3 p8 92-0-184) (none-of-those 93-1-187)
  (swap l2 l3 p0 p1), cost: 1
    pre: (mapped l2 p0 66-0-132) (mapped l3 p1 81-0-162)
    add: (none-of-those 66-1-133) (mapped l2 p1 67-0-134) (mapped l3 p0 80-0-160) (none-of-those 81-1-163)
    del: (mapped l2 p0 66-0-132) (none-of-those 67-1-135) (none-of-those 80-1-161) (mapped l3 p1 81-0-162)
  (swap l2 l3 p1 p0), cost: 1
    pre: (mapped l2 p1 67-0-134) (mapped l3 p0 80-0-160)
    add: (mapped l2 p0 66-0-132) (none-of-those 67-1-135) (none-of-those 80-1-161) (mapped l3 p1 81-0-162)
    del: (none-of-those 66-1-133) (mapped l2 p1 67-0-134) (mapped l3 p0 80-0-160) (none-of-those 81-1-163)
  (swap l2 l3 p1 p13), cost: 1
    pre: (mapped l2 p1 67-0-134) (mapped l3 p13 85-0-170)
    add: (none-of-those 67-1-135) (mapped l2 p13 71-0-142) (mapped l3 p1 81-0-162) (none-of-those 85-1-171)
    del: (mapped l2 p1 67-0-134) (none-of-those 71-1-143) (none-of-those 81-1-163) (mapped l3 p13 85-0-170)
  (swap l2 l3 p1 p2), cost: 1
    pre: (mapped l2 p1 67-0-134) (mapped l3 p2 86-0-172)
    add: (none-of-those 67-1-135) (mapped l2 p2 72-0-144) (mapped l3 p1 81-0-162) (none-of-those 86-1-173)
    del: (mapped l2 p1 67-0-134) (none-of-those 72-1-145) (none-of-those 81-1-163) (mapped l3 p2 86-0-172)
  (swap l2 l3 p10 p11), cost: 1
    pre: (mapped l2 p10 68-0-136) (mapped l3 p11 83-0-166)
    add: (none-of-those 68-1-137) (mapped l2 p11 69-0-138) (mapped l3 p10 82-0-164) (none-of-those 83-1-167)
    del: (mapped l2 p10 68-0-136) (none-of-those 69-1-139) (none-of-those 82-1-165) (mapped l3 p11 83-0-166)
  (swap l2 l3 p10 p4), cost: 1
    pre: (mapped l2 p10 68-0-136) (mapped l3 p4 88-0-176)
    add: (none-of-those 68-1-137) (mapped l2 p4 74-0-148) (mapped l3 p10 82-0-164) (none-of-those 88-1-177)
    del: (mapped l2 p10 68-0-136) (none-of-those 74-1-149) (none-of-those 82-1-165) (mapped l3 p4 88-0-176)
  (swap l2 l3 p10 p9), cost: 1
    pre: (mapped l2 p10 68-0-136) (mapped l3 p9 93-0-186)
    add: (none-of-those 68-1-137) (mapped l2 p9 79-0-158) (mapped l3 p10 82-0-164) (none-of-those 93-1-187)
    del: (mapped l2 p10 68-0-136) (none-of-those 79-1-159) (none-of-those 82-1-165) (mapped l3 p9 93-0-186)
  (swap l2 l3 p11 p10), cost: 1
    pre: (mapped l2 p11 69-0-138) (mapped l3 p10 82-0-164)
    add: (mapped l2 p10 68-0-136) (none-of-those 69-1-139) (none-of-those 82-1-165) (mapped l3 p11 83-0-166)
    del: (none-of-those 68-1-137) (mapped l2 p11 69-0-138) (mapped l3 p10 82-0-164) (none-of-those 83-1-167)
  (swap l2 l3 p11 p12), cost: 1
    pre: (mapped l2 p11 69-0-138) (mapped l3 p12 84-0-168)
    add: (none-of-those 69-1-139) (mapped l2 p12 70-0-140) (mapped l3 p11 83-0-166) (none-of-those 84-1-169)
    del: (mapped l2 p11 69-0-138) (none-of-those 70-1-141) (none-of-those 83-1-167) (mapped l3 p12 84-0-168)
  (swap l2 l3 p11 p3), cost: 1
    pre: (mapped l2 p11 69-0-138) (mapped l3 p3 87-0-174)
    add: (none-of-those 69-1-139) (mapped l2 p3 73-0-146) (mapped l3 p11 83-0-166) (none-of-those 87-1-175)
    del: (mapped l2 p11 69-0-138) (none-of-those 73-1-147) (none-of-those 83-1-167) (mapped l3 p3 87-0-174)
  (swap l2 l3 p12 p11), cost: 1
    pre: (mapped l2 p12 70-0-140) (mapped l3 p11 83-0-166)
    add: (mapped l2 p11 69-0-138) (none-of-those 70-1-141) (none-of-those 83-1-167) (mapped l3 p12 84-0-168)
    del: (none-of-those 69-1-139) (mapped l2 p12 70-0-140) (mapped l3 p11 83-0-166) (none-of-those 84-1-169)
  (swap l2 l3 p12 p13), cost: 1
    pre: (mapped l2 p12 70-0-140) (mapped l3 p13 85-0-170)
    add: (none-of-those 70-1-141) (mapped l2 p13 71-0-142) (mapped l3 p12 84-0-168) (none-of-those 85-1-171)
    del: (mapped l2 p12 70-0-140) (none-of-those 71-1-143) (none-of-those 84-1-169) (mapped l3 p13 85-0-170)
  (swap l2 l3 p12 p2), cost: 1
    pre: (mapped l2 p12 70-0-140) (mapped l3 p2 86-0-172)
    add: (none-of-those 70-1-141) (mapped l2 p2 72-0-144) (mapped l3 p12 84-0-168) (none-of-those 86-1-173)
    del: (mapped l2 p12 70-0-140) (none-of-those 72-1-145) (none-of-those 84-1-169) (mapped l3 p2 86-0-172)
  (swap l2 l3 p13 p1), cost: 1
    pre: (mapped l2 p13 71-0-142) (mapped l3 p1 81-0-162)
    add: (mapped l2 p1 67-0-134) (none-of-those 71-1-143) (none-of-those 81-1-163) (mapped l3 p13 85-0-170)
    del: (none-of-those 67-1-135) (mapped l2 p13 71-0-142) (mapped l3 p1 81-0-162) (none-of-those 85-1-171)
  (swap l2 l3 p13 p12), cost: 1
    pre: (mapped l2 p13 71-0-142) (mapped l3 p12 84-0-168)
    add: (mapped l2 p12 70-0-140) (none-of-those 71-1-143) (none-of-those 84-1-169) (mapped l3 p13 85-0-170)
    del: (none-of-those 70-1-141) (mapped l2 p13 71-0-142) (mapped l3 p12 84-0-168) (none-of-those 85-1-171)
  (swap l2 l3 p2 p1), cost: 1
    pre: (mapped l2 p2 72-0-144) (mapped l3 p1 81-0-162)
    add: (mapped l2 p1 67-0-134) (none-of-those 72-1-145) (none-of-those 81-1-163) (mapped l3 p2 86-0-172)
    del: (none-of-those 67-1-135) (mapped l2 p2 72-0-144) (mapped l3 p1 81-0-162) (none-of-those 86-1-173)
  (swap l2 l3 p2 p12), cost: 1
    pre: (mapped l2 p2 72-0-144) (mapped l3 p12 84-0-168)
    add: (mapped l2 p12 70-0-140) (none-of-those 72-1-145) (none-of-those 84-1-169) (mapped l3 p2 86-0-172)
    del: (none-of-those 70-1-141) (mapped l2 p2 72-0-144) (mapped l3 p12 84-0-168) (none-of-those 86-1-173)
  (swap l2 l3 p2 p3), cost: 1
    pre: (mapped l2 p2 72-0-144) (mapped l3 p3 87-0-174)
    add: (none-of-those 72-1-145) (mapped l2 p3 73-0-146) (mapped l3 p2 86-0-172) (none-of-those 87-1-175)
    del: (mapped l2 p2 72-0-144) (none-of-those 73-1-147) (none-of-those 86-1-173) (mapped l3 p3 87-0-174)
  (swap l2 l3 p3 p11), cost: 1
    pre: (mapped l2 p3 73-0-146) (mapped l3 p11 83-0-166)
    add: (mapped l2 p11 69-0-138) (none-of-those 73-1-147) (none-of-those 83-1-167) (mapped l3 p3 87-0-174)
    del: (none-of-those 69-1-139) (mapped l2 p3 73-0-146) (mapped l3 p11 83-0-166) (none-of-those 87-1-175)
  (swap l2 l3 p3 p2), cost: 1
    pre: (mapped l2 p3 73-0-146) (mapped l3 p2 86-0-172)
    add: (mapped l2 p2 72-0-144) (none-of-those 73-1-147) (none-of-those 86-1-173) (mapped l3 p3 87-0-174)
    del: (none-of-those 72-1-145) (mapped l2 p3 73-0-146) (mapped l3 p2 86-0-172) (none-of-those 87-1-175)
  (swap l2 l3 p3 p4), cost: 1
    pre: (mapped l2 p3 73-0-146) (mapped l3 p4 88-0-176)
    add: (none-of-those 73-1-147) (mapped l2 p4 74-0-148) (mapped l3 p3 87-0-174) (none-of-those 88-1-177)
    del: (mapped l2 p3 73-0-146) (none-of-those 74-1-149) (none-of-those 87-1-175) (mapped l3 p4 88-0-176)
  (swap l2 l3 p4 p10), cost: 1
    pre: (mapped l2 p4 74-0-148) (mapped l3 p10 82-0-164)
    add: (mapped l2 p10 68-0-136) (none-of-those 74-1-149) (none-of-those 82-1-165) (mapped l3 p4 88-0-176)
    del: (none-of-those 68-1-137) (mapped l2 p4 74-0-148) (mapped l3 p10 82-0-164) (none-of-those 88-1-177)
  (swap l2 l3 p4 p3), cost: 1
    pre: (mapped l2 p4 74-0-148) (mapped l3 p3 87-0-174)
    add: (mapped l2 p3 73-0-146) (none-of-those 74-1-149) (none-of-those 87-1-175) (mapped l3 p4 88-0-176)
    del: (none-of-those 73-1-147) (mapped l2 p4 74-0-148) (mapped l3 p3 87-0-174) (none-of-those 88-1-177)
  (swap l2 l3 p4 p5), cost: 1
    pre: (mapped l2 p4 74-0-148) (mapped l3 p5 89-0-178)
    add: (none-of-those 74-1-149) (mapped l2 p5 75-0-150) (mapped l3 p4 88-0-176) (none-of-those 89-1-179)
    del: (mapped l2 p4 74-0-148) (none-of-those 75-1-151) (none-of-those 88-1-177) (mapped l3 p5 89-0-178)
  (swap l2 l3 p5 p4), cost: 1
    pre: (mapped l2 p5 75-0-150) (mapped l3 p4 88-0-176)
    add: (mapped l2 p4 74-0-148) (none-of-those 75-1-151) (none-of-those 88-1-177) (mapped l3 p5 89-0-178)
    del: (none-of-those 74-1-149) (mapped l2 p5 75-0-150) (mapped l3 p4 88-0-176) (none-of-those 89-1-179)
  (swap l2 l3 p5 p6), cost: 1
    pre: (mapped l2 p5 75-0-150) (mapped l3 p6 90-0-180)
    add: (none-of-those 75-1-151) (mapped l2 p6 76-0-152) (mapped l3 p5 89-0-178) (none-of-those 90-1-181)
    del: (mapped l2 p5 75-0-150) (none-of-those 76-1-153) (none-of-those 89-1-179) (mapped l3 p6 90-0-180)
  (swap l2 l3 p5 p9), cost: 1
    pre: (mapped l2 p5 75-0-150) (mapped l3 p9 93-0-186)
    add: (none-of-those 75-1-151) (mapped l2 p9 79-0-158) (mapped l3 p5 89-0-178) (none-of-those 93-1-187)
    del: (mapped l2 p5 75-0-150) (none-of-those 79-1-159) (none-of-those 89-1-179) (mapped l3 p9 93-0-186)
  (swap l2 l3 p6 p5), cost: 1
    pre: (mapped l2 p6 76-0-152) (mapped l3 p5 89-0-178)
    add: (mapped l2 p5 75-0-150) (none-of-those 76-1-153) (none-of-those 89-1-179) (mapped l3 p6 90-0-180)
    del: (none-of-those 75-1-151) (mapped l2 p6 76-0-152) (mapped l3 p5 89-0-178) (none-of-those 90-1-181)
  (swap l2 l3 p6 p8), cost: 1
    pre: (mapped l2 p6 76-0-152) (mapped l3 p8 92-0-184)
    add: (none-of-those 76-1-153) (mapped l2 p8 78-0-156) (mapped l3 p6 90-0-180) (none-of-those 92-1-185)
    del: (mapped l2 p6 76-0-152) (none-of-those 78-1-157) (none-of-those 90-1-181) (mapped l3 p8 92-0-184)
  (swap l2 l3 p7 p8), cost: 1
    pre: (mapped l2 p7 77-0-154) (mapped l3 p8 92-0-184)
    add: (none-of-those 77-1-155) (mapped l2 p8 78-0-156) (mapped l3 p7 91-0-182) (none-of-those 92-1-185)
    del: (mapped l2 p7 77-0-154) (none-of-those 78-1-157) (none-of-those 91-1-183) (mapped l3 p8 92-0-184)
  (swap l2 l3 p8 p6), cost: 1
    pre: (mapped l2 p8 78-0-156) (mapped l3 p6 90-0-180)
    add: (mapped l2 p6 76-0-152) (none-of-those 78-1-157) (none-of-those 90-1-181) (mapped l3 p8 92-0-184)
    del: (none-of-those 76-1-153) (mapped l2 p8 78-0-156) (mapped l3 p6 90-0-180) (none-of-those 92-1-185)
  (swap l2 l3 p8 p7), cost: 1
    pre: (mapped l2 p8 78-0-156) (mapped l3 p7 91-0-182)
    add: (mapped l2 p7 77-0-154) (none-of-those 78-1-157) (none-of-those 91-1-183) (mapped l3 p8 92-0-184)
    del: (none-of-those 77-1-155) (mapped l2 p8 78-0-156) (mapped l3 p7 91-0-182) (none-of-those 92-1-185)
  (swap l2 l3 p8 p9), cost: 1
    pre: (mapped l2 p8 78-0-156) (mapped l3 p9 93-0-186)
    add: (none-of-those 78-1-157) (mapped l2 p9 79-0-158) (mapped l3 p8 92-0-184) (none-of-those 93-1-187)
    del: (mapped l2 p8 78-0-156) (none-of-those 79-1-159) (none-of-those 92-1-185) (mapped l3 p9 93-0-186)
  (swap l2 l3 p9 p10), cost: 1
    pre: (mapped l2 p9 79-0-158) (mapped l3 p10 82-0-164)
    add: (mapped l2 p10 68-0-136) (none-of-those 79-1-159) (none-of-those 82-1-165) (mapped l3 p9 93-0-186)
    del: (none-of-those 68-1-137) (mapped l2 p9 79-0-158) (mapped l3 p10 82-0-164) (none-of-those 93-1-187)
  (swap l2 l3 p9 p5), cost: 1
    pre: (mapped l2 p9 79-0-158) (mapped l3 p5 89-0-178)
    add: (mapped l2 p5 75-0-150) (none-of-those 79-1-159) (none-of-those 89-1-179) (mapped l3 p9 93-0-186)
    del: (none-of-those 75-1-151) (mapped l2 p9 79-0-158) (mapped l3 p5 89-0-178) (none-of-those 93-1-187)
  (swap l2 l3 p9 p8), cost: 1
    pre: (mapped l2 p9 79-0-158) (mapped l3 p8 92-0-184)
    add: (mapped l2 p8 78-0-156) (none-of-those 79-1-159) (none-of-those 92-1-185) (mapped l3 p9 93-0-186)
    del: (none-of-those 78-1-157) (mapped l2 p9 79-0-158) (mapped l3 p8 92-0-184) (none-of-those 93-1-187)
  (swap-ancilary l0 p0 p1), cost: 1
    pre: (NOT-occupied_pqubit p1 25-0-50) (mapped l0 p0 38-0-76)
    add: (NOT-occupied_pqubit p0 24-0-48) (none-of-those 25-1-51) (none-of-those 38-1-77) (mapped l0 p1 39-0-78)
    del: (none-of-those 24-1-49) (NOT-occupied_pqubit p1 25-0-50) (mapped l0 p0 38-0-76) (none-of-those 39-1-79)
  (swap-ancilary l0 p1 p0), cost: 1
    pre: (NOT-occupied_pqubit p0 24-0-48) (mapped l0 p1 39-0-78)
    add: (none-of-those 0-1-1) (none-of-those 24-1-49) (NOT-occupied_pqubit p1 25-0-50) (mapped l0 p0 38-0-76) (none-of-those 39-1-79)
    del: (NOT-initialized p0 0-0-0) (NOT-occupied_pqubit p0 24-0-48) (none-of-those 25-1-51) (none-of-those 38-1-77) (mapped l0 p1 39-0-78)
  (swap-ancilary l0 p1 p13), cost: 1
    pre: (NOT-occupied_pqubit p13 29-0-58) (mapped l0 p1 39-0-78)
    add: (none-of-those 5-1-11) (NOT-occupied_pqubit p1 25-0-50) (none-of-those 29-1-59) (none-of-those 39-1-79) (mapped l0 p13 43-0-86)
    del: (NOT-initialized p13 5-0-10) (none-of-those 25-1-51) (NOT-occupied_pqubit p13 29-0-58) (mapped l0 p1 39-0-78) (none-of-those 43-1-87)
  (swap-ancilary l0 p1 p2), cost: 1
    pre: (NOT-occupied_pqubit p2 30-0-60) (mapped l0 p1 39-0-78)
    add: (none-of-those 6-1-13) (NOT-occupied_pqubit p1 25-0-50) (none-of-those 30-1-61) (none-of-those 39-1-79) (mapped l0 p2 44-0-88)
    del: (NOT-initialized p2 6-0-12) (none-of-those 25-1-51) (NOT-occupied_pqubit p2 30-0-60) (mapped l0 p1 39-0-78) (none-of-those 44-1-89)
  (swap-ancilary l0 p10 p11), cost: 1
    pre: (NOT-occupied_pqubit p11 27-0-54) (mapped l0 p10 40-0-80)
    add: (none-of-those 3-1-7) (NOT-occupied_pqubit p10 26-0-52) (none-of-those 27-1-55) (none-of-those 40-1-81) (mapped l0 p11 41-0-82)
    del: (NOT-initialized p11 3-0-6) (none-of-those 26-1-53) (NOT-occupied_pqubit p11 27-0-54) (mapped l0 p10 40-0-80) (none-of-those 41-1-83)
  (swap-ancilary l0 p10 p4), cost: 1
    pre: (NOT-occupied_pqubit p4 32-0-64) (mapped l0 p10 40-0-80)
    add: (none-of-those 8-1-17) (NOT-occupied_pqubit p10 26-0-52) (none-of-those 32-1-65) (none-of-those 40-1-81) (mapped l0 p4 46-0-92)
    del: (NOT-initialized p4 8-0-16) (none-of-those 26-1-53) (NOT-occupied_pqubit p4 32-0-64) (mapped l0 p10 40-0-80) (none-of-those 46-1-93)
  (swap-ancilary l0 p10 p9), cost: 1
    pre: (NOT-occupied_pqubit p9 37-0-74) (mapped l0 p10 40-0-80)
    add: (none-of-those 13-1-27) (NOT-occupied_pqubit p10 26-0-52) (none-of-those 37-1-75) (none-of-those 40-1-81) (mapped l0 p9 51-0-102)
    del: (NOT-initialized p9 13-0-26) (none-of-those 26-1-53) (NOT-occupied_pqubit p9 37-0-74) (mapped l0 p10 40-0-80) (none-of-those 51-1-103)
  (swap-ancilary l0 p11 p10), cost: 1
    pre: (NOT-occupied_pqubit p10 26-0-52) (mapped l0 p11 41-0-82)
    add: (none-of-those 2-1-5) (none-of-those 26-1-53) (NOT-occupied_pqubit p11 27-0-54) (mapped l0 p10 40-0-80) (none-of-those 41-1-83)
    del: (NOT-initialized p10 2-0-4) (NOT-occupied_pqubit p10 26-0-52) (none-of-those 27-1-55) (none-of-those 40-1-81) (mapped l0 p11 41-0-82)
  (swap-ancilary l0 p11 p12), cost: 1
    pre: (NOT-occupied_pqubit p12 28-0-56) (mapped l0 p11 41-0-82)
    add: (none-of-those 4-1-9) (NOT-occupied_pqubit p11 27-0-54) (none-of-those 28-1-57) (none-of-those 41-1-83) (mapped l0 p12 42-0-84)
    del: (NOT-initialized p12 4-0-8) (none-of-those 27-1-55) (NOT-occupied_pqubit p12 28-0-56) (mapped l0 p11 41-0-82) (none-of-those 42-1-85)
  (swap-ancilary l0 p11 p3), cost: 1
    pre: (NOT-occupied_pqubit p3 31-0-62) (mapped l0 p11 41-0-82)
    add: (none-of-those 7-1-15) (NOT-occupied_pqubit p11 27-0-54) (none-of-those 31-1-63) (none-of-those 41-1-83) (mapped l0 p3 45-0-90)
    del: (NOT-initialized p3 7-0-14) (none-of-those 27-1-55) (NOT-occupied_pqubit p3 31-0-62) (mapped l0 p11 41-0-82) (none-of-those 45-1-91)
  (swap-ancilary l0 p12 p11), cost: 1
    pre: (NOT-occupied_pqubit p11 27-0-54) (mapped l0 p12 42-0-84)
    add: (none-of-those 3-1-7) (none-of-those 27-1-55) (NOT-occupied_pqubit p12 28-0-56) (mapped l0 p11 41-0-82) (none-of-those 42-1-85)
    del: (NOT-initialized p11 3-0-6) (NOT-occupied_pqubit p11 27-0-54) (none-of-those 28-1-57) (none-of-those 41-1-83) (mapped l0 p12 42-0-84)
  (swap-ancilary l0 p12 p13), cost: 1
    pre: (NOT-occupied_pqubit p13 29-0-58) (mapped l0 p12 42-0-84)
    add: (none-of-those 5-1-11) (NOT-occupied_pqubit p12 28-0-56) (none-of-those 29-1-59) (none-of-those 42-1-85) (mapped l0 p13 43-0-86)
    del: (NOT-initialized p13 5-0-10) (none-of-those 28-1-57) (NOT-occupied_pqubit p13 29-0-58) (mapped l0 p12 42-0-84) (none-of-those 43-1-87)
  (swap-ancilary l0 p12 p2), cost: 1
    pre: (NOT-occupied_pqubit p2 30-0-60) (mapped l0 p12 42-0-84)
    add: (none-of-those 6-1-13) (NOT-occupied_pqubit p12 28-0-56) (none-of-those 30-1-61) (none-of-those 42-1-85) (mapped l0 p2 44-0-88)
    del: (NOT-initialized p2 6-0-12) (none-of-those 28-1-57) (NOT-occupied_pqubit p2 30-0-60) (mapped l0 p12 42-0-84) (none-of-those 44-1-89)
  (swap-ancilary l0 p13 p1), cost: 1
    pre: (NOT-occupied_pqubit p1 25-0-50) (mapped l0 p13 43-0-86)
    add: (none-of-those 1-1-3) (none-of-those 25-1-51) (NOT-occupied_pqubit p13 29-0-58) (mapped l0 p1 39-0-78) (none-of-those 43-1-87)
    del: (NOT-initialized p1 1-0-2) (NOT-occupied_pqubit p1 25-0-50) (none-of-those 29-1-59) (none-of-those 39-1-79) (mapped l0 p13 43-0-86)
  (swap-ancilary l0 p13 p12), cost: 1
    pre: (NOT-occupied_pqubit p12 28-0-56) (mapped l0 p13 43-0-86)
    add: (none-of-those 4-1-9) (none-of-those 28-1-57) (NOT-occupied_pqubit p13 29-0-58) (mapped l0 p12 42-0-84) (none-of-those 43-1-87)
    del: (NOT-initialized p12 4-0-8) (NOT-occupied_pqubit p12 28-0-56) (none-of-those 29-1-59) (none-of-those 42-1-85) (mapped l0 p13 43-0-86)
  (swap-ancilary l0 p2 p1), cost: 1
    pre: (NOT-occupied_pqubit p1 25-0-50) (mapped l0 p2 44-0-88)
    add: (none-of-those 1-1-3) (none-of-those 25-1-51) (NOT-occupied_pqubit p2 30-0-60) (mapped l0 p1 39-0-78) (none-of-those 44-1-89)
    del: (NOT-initialized p1 1-0-2) (NOT-occupied_pqubit p1 25-0-50) (none-of-those 30-1-61) (none-of-those 39-1-79) (mapped l0 p2 44-0-88)
  (swap-ancilary l0 p2 p12), cost: 1
    pre: (NOT-occupied_pqubit p12 28-0-56) (mapped l0 p2 44-0-88)
    add: (none-of-those 4-1-9) (none-of-those 28-1-57) (NOT-occupied_pqubit p2 30-0-60) (mapped l0 p12 42-0-84) (none-of-those 44-1-89)
    del: (NOT-initialized p12 4-0-8) (NOT-occupied_pqubit p12 28-0-56) (none-of-those 30-1-61) (none-of-those 42-1-85) (mapped l0 p2 44-0-88)
  (swap-ancilary l0 p2 p3), cost: 1
    pre: (NOT-occupied_pqubit p3 31-0-62) (mapped l0 p2 44-0-88)
    add: (none-of-those 7-1-15) (NOT-occupied_pqubit p2 30-0-60) (none-of-those 31-1-63) (none-of-those 44-1-89) (mapped l0 p3 45-0-90)
    del: (NOT-initialized p3 7-0-14) (none-of-those 30-1-61) (NOT-occupied_pqubit p3 31-0-62) (mapped l0 p2 44-0-88) (none-of-those 45-1-91)
  (swap-ancilary l0 p3 p11), cost: 1
    pre: (NOT-occupied_pqubit p11 27-0-54) (mapped l0 p3 45-0-90)
    add: (none-of-those 3-1-7) (none-of-those 27-1-55) (NOT-occupied_pqubit p3 31-0-62) (mapped l0 p11 41-0-82) (none-of-those 45-1-91)
    del: (NOT-initialized p11 3-0-6) (NOT-occupied_pqubit p11 27-0-54) (none-of-those 31-1-63) (none-of-those 41-1-83) (mapped l0 p3 45-0-90)
  (swap-ancilary l0 p3 p2), cost: 1
    pre: (NOT-occupied_pqubit p2 30-0-60) (mapped l0 p3 45-0-90)
    add: (none-of-those 6-1-13) (none-of-those 30-1-61) (NOT-occupied_pqubit p3 31-0-62) (mapped l0 p2 44-0-88) (none-of-those 45-1-91)
    del: (NOT-initialized p2 6-0-12) (NOT-occupied_pqubit p2 30-0-60) (none-of-those 31-1-63) (none-of-those 44-1-89) (mapped l0 p3 45-0-90)
  (swap-ancilary l0 p3 p4), cost: 1
    pre: (NOT-occupied_pqubit p4 32-0-64) (mapped l0 p3 45-0-90)
    add: (none-of-those 8-1-17) (NOT-occupied_pqubit p3 31-0-62) (none-of-those 32-1-65) (none-of-those 45-1-91) (mapped l0 p4 46-0-92)
    del: (NOT-initialized p4 8-0-16) (none-of-those 31-1-63) (NOT-occupied_pqubit p4 32-0-64) (mapped l0 p3 45-0-90) (none-of-those 46-1-93)
  (swap-ancilary l0 p4 p10), cost: 1
    pre: (NOT-occupied_pqubit p10 26-0-52) (mapped l0 p4 46-0-92)
    add: (none-of-those 2-1-5) (none-of-those 26-1-53) (NOT-occupied_pqubit p4 32-0-64) (mapped l0 p10 40-0-80) (none-of-those 46-1-93)
    del: (NOT-initialized p10 2-0-4) (NOT-occupied_pqubit p10 26-0-52) (none-of-those 32-1-65) (none-of-those 40-1-81) (mapped l0 p4 46-0-92)
  (swap-ancilary l0 p4 p3), cost: 1
    pre: (NOT-occupied_pqubit p3 31-0-62) (mapped l0 p4 46-0-92)
    add: (none-of-those 7-1-15) (none-of-those 31-1-63) (NOT-occupied_pqubit p4 32-0-64) (mapped l0 p3 45-0-90) (none-of-those 46-1-93)
    del: (NOT-initialized p3 7-0-14) (NOT-occupied_pqubit p3 31-0-62) (none-of-those 32-1-65) (none-of-those 45-1-91) (mapped l0 p4 46-0-92)
  (swap-ancilary l0 p4 p5), cost: 1
    pre: (NOT-occupied_pqubit p5 33-0-66) (mapped l0 p4 46-0-92)
    add: (none-of-those 9-1-19) (NOT-occupied_pqubit p4 32-0-64) (none-of-those 33-1-67) (none-of-those 46-1-93) (mapped l0 p5 47-0-94)
    del: (NOT-initialized p5 9-0-18) (none-of-those 32-1-65) (NOT-occupied_pqubit p5 33-0-66) (mapped l0 p4 46-0-92) (none-of-those 47-1-95)
  (swap-ancilary l0 p5 p4), cost: 1
    pre: (NOT-occupied_pqubit p4 32-0-64) (mapped l0 p5 47-0-94)
    add: (none-of-those 8-1-17) (none-of-those 32-1-65) (NOT-occupied_pqubit p5 33-0-66) (mapped l0 p4 46-0-92) (none-of-those 47-1-95)
    del: (NOT-initialized p4 8-0-16) (NOT-occupied_pqubit p4 32-0-64) (none-of-those 33-1-67) (none-of-those 46-1-93) (mapped l0 p5 47-0-94)
  (swap-ancilary l0 p5 p6), cost: 1
    pre: (NOT-occupied_pqubit p6 34-0-68) (mapped l0 p5 47-0-94)
    add: (none-of-those 10-1-21) (NOT-occupied_pqubit p5 33-0-66) (none-of-those 34-1-69) (none-of-those 47-1-95) (mapped l0 p6 48-0-96)
    del: (NOT-initialized p6 10-0-20) (none-of-those 33-1-67) (NOT-occupied_pqubit p6 34-0-68) (mapped l0 p5 47-0-94) (none-of-those 48-1-97)
  (swap-ancilary l0 p5 p9), cost: 1
    pre: (NOT-occupied_pqubit p9 37-0-74) (mapped l0 p5 47-0-94)
    add: (none-of-those 13-1-27) (NOT-occupied_pqubit p5 33-0-66) (none-of-those 37-1-75) (none-of-those 47-1-95) (mapped l0 p9 51-0-102)
    del: (NOT-initialized p9 13-0-26) (none-of-those 33-1-67) (NOT-occupied_pqubit p9 37-0-74) (mapped l0 p5 47-0-94) (none-of-those 51-1-103)
  (swap-ancilary l0 p6 p5), cost: 1
    pre: (NOT-occupied_pqubit p5 33-0-66) (mapped l0 p6 48-0-96)
    add: (none-of-those 9-1-19) (none-of-those 33-1-67) (NOT-occupied_pqubit p6 34-0-68) (mapped l0 p5 47-0-94) (none-of-those 48-1-97)
    del: (NOT-initialized p5 9-0-18) (NOT-occupied_pqubit p5 33-0-66) (none-of-those 34-1-69) (none-of-those 47-1-95) (mapped l0 p6 48-0-96)
  (swap-ancilary l0 p6 p8), cost: 1
    pre: (NOT-occupied_pqubit p8 36-0-72) (mapped l0 p6 48-0-96)
    add: (none-of-those 12-1-25) (NOT-occupied_pqubit p6 34-0-68) (none-of-those 36-1-73) (none-of-those 48-1-97) (mapped l0 p8 50-0-100)
    del: (NOT-initialized p8 12-0-24) (none-of-those 34-1-69) (NOT-occupied_pqubit p8 36-0-72) (mapped l0 p6 48-0-96) (none-of-those 50-1-101)
  (swap-ancilary l0 p7 p8), cost: 1
    pre: (NOT-occupied_pqubit p8 36-0-72) (mapped l0 p7 49-0-98)
    add: (NOT-occupied_pqubit p7 35-0-70) (none-of-those 36-1-73) (none-of-those 49-1-99) (mapped l0 p8 50-0-100)
    del: (none-of-those 35-1-71) (NOT-occupied_pqubit p8 36-0-72) (mapped l0 p7 49-0-98) (none-of-those 50-1-101)
  (swap-ancilary l0 p8 p6), cost: 1
    pre: (NOT-occupied_pqubit p6 34-0-68) (mapped l0 p8 50-0-100)
    add: (none-of-those 10-1-21) (none-of-those 34-1-69) (NOT-occupied_pqubit p8 36-0-72) (mapped l0 p6 48-0-96) (none-of-those 50-1-101)
    del: (NOT-initialized p6 10-0-20) (NOT-occupied_pqubit p6 34-0-68) (none-of-those 36-1-73) (none-of-those 48-1-97) (mapped l0 p8 50-0-100)
  (swap-ancilary l0 p8 p7), cost: 1
    pre: (NOT-occupied_pqubit p7 35-0-70) (mapped l0 p8 50-0-100)
    add: (none-of-those 11-1-23) (none-of-those 35-1-71) (NOT-occupied_pqubit p8 36-0-72) (mapped l0 p7 49-0-98) (none-of-those 50-1-101)
    del: (NOT-initialized p7 11-0-22) (NOT-occupied_pqubit p7 35-0-70) (none-of-those 36-1-73) (none-of-those 49-1-99) (mapped l0 p8 50-0-100)
  (swap-ancilary l0 p8 p9), cost: 1
    pre: (NOT-occupied_pqubit p9 37-0-74) (mapped l0 p8 50-0-100)
    add: (none-of-those 13-1-27) (NOT-occupied_pqubit p8 36-0-72) (none-of-those 37-1-75) (none-of-those 50-1-101) (mapped l0 p9 51-0-102)
    del: (NOT-initialized p9 13-0-26) (none-of-those 36-1-73) (NOT-occupied_pqubit p9 37-0-74) (mapped l0 p8 50-0-100) (none-of-those 51-1-103)
  (swap-ancilary l0 p9 p10), cost: 1
    pre: (NOT-occupied_pqubit p10 26-0-52) (mapped l0 p9 51-0-102)
    add: (none-of-those 2-1-5) (none-of-those 26-1-53) (NOT-occupied_pqubit p9 37-0-74) (mapped l0 p10 40-0-80) (none-of-those 51-1-103)
    del: (NOT-initialized p10 2-0-4) (NOT-occupied_pqubit p10 26-0-52) (none-of-those 37-1-75) (none-of-those 40-1-81) (mapped l0 p9 51-0-102)
  (swap-ancilary l0 p9 p5), cost: 1
    pre: (NOT-occupied_pqubit p5 33-0-66) (mapped l0 p9 51-0-102)
    add: (none-of-those 9-1-19) (none-of-those 33-1-67) (NOT-occupied_pqubit p9 37-0-74) (mapped l0 p5 47-0-94) (none-of-those 51-1-103)
    del: (NOT-initialized p5 9-0-18) (NOT-occupied_pqubit p5 33-0-66) (none-of-those 37-1-75) (none-of-those 47-1-95) (mapped l0 p9 51-0-102)
  (swap-ancilary l0 p9 p8), cost: 1
    pre: (NOT-occupied_pqubit p8 36-0-72) (mapped l0 p9 51-0-102)
    add: (none-of-those 12-1-25) (none-of-those 36-1-73) (NOT-occupied_pqubit p9 37-0-74) (mapped l0 p8 50-0-100) (none-of-those 51-1-103)
    del: (NOT-initialized p8 12-0-24) (NOT-occupied_pqubit p8 36-0-72) (none-of-those 37-1-75) (none-of-those 50-1-101) (mapped l0 p9 51-0-102)
  (swap-ancilary l1 p0 p1), cost: 1
    pre: (NOT-occupied_pqubit p1 25-0-50) (mapped l1 p0 52-0-104)
    add: (NOT-occupied_pqubit p0 24-0-48) (none-of-those 25-1-51) (none-of-those 52-1-105) (mapped l1 p1 53-0-106)
    del: (none-of-those 24-1-49) (NOT-occupied_pqubit p1 25-0-50) (mapped l1 p0 52-0-104) (none-of-those 53-1-107)
  (swap-ancilary l1 p1 p0), cost: 1
    pre: (NOT-occupied_pqubit p0 24-0-48) (mapped l1 p1 53-0-106)
    add: (none-of-those 0-1-1) (none-of-those 24-1-49) (NOT-occupied_pqubit p1 25-0-50) (mapped l1 p0 52-0-104) (none-of-those 53-1-107)
    del: (NOT-initialized p0 0-0-0) (NOT-occupied_pqubit p0 24-0-48) (none-of-those 25-1-51) (none-of-those 52-1-105) (mapped l1 p1 53-0-106)
  (swap-ancilary l1 p1 p13), cost: 1
    pre: (NOT-occupied_pqubit p13 29-0-58) (mapped l1 p1 53-0-106)
    add: (none-of-those 5-1-11) (NOT-occupied_pqubit p1 25-0-50) (none-of-those 29-1-59) (none-of-those 53-1-107) (mapped l1 p13 57-0-114)
    del: (NOT-initialized p13 5-0-10) (none-of-those 25-1-51) (NOT-occupied_pqubit p13 29-0-58) (mapped l1 p1 53-0-106) (none-of-those 57-1-115)
  (swap-ancilary l1 p1 p2), cost: 1
    pre: (NOT-occupied_pqubit p2 30-0-60) (mapped l1 p1 53-0-106)
    add: (none-of-those 6-1-13) (NOT-occupied_pqubit p1 25-0-50) (none-of-those 30-1-61) (none-of-those 53-1-107) (mapped l1 p2 58-0-116)
    del: (NOT-initialized p2 6-0-12) (none-of-those 25-1-51) (NOT-occupied_pqubit p2 30-0-60) (mapped l1 p1 53-0-106) (none-of-those 58-1-117)
  (swap-ancilary l1 p10 p11), cost: 1
    pre: (NOT-occupied_pqubit p11 27-0-54) (mapped l1 p10 54-0-108)
    add: (none-of-those 3-1-7) (NOT-occupied_pqubit p10 26-0-52) (none-of-those 27-1-55) (none-of-those 54-1-109) (mapped l1 p11 55-0-110)
    del: (NOT-initialized p11 3-0-6) (none-of-those 26-1-53) (NOT-occupied_pqubit p11 27-0-54) (mapped l1 p10 54-0-108) (none-of-those 55-1-111)
  (swap-ancilary l1 p10 p4), cost: 1
    pre: (NOT-occupied_pqubit p4 32-0-64) (mapped l1 p10 54-0-108)
    add: (none-of-those 8-1-17) (NOT-occupied_pqubit p10 26-0-52) (none-of-those 32-1-65) (none-of-those 54-1-109) (mapped l1 p4 60-0-120)
    del: (NOT-initialized p4 8-0-16) (none-of-those 26-1-53) (NOT-occupied_pqubit p4 32-0-64) (mapped l1 p10 54-0-108) (none-of-those 60-1-121)
  (swap-ancilary l1 p10 p9), cost: 1
    pre: (NOT-occupied_pqubit p9 37-0-74) (mapped l1 p10 54-0-108)
    add: (none-of-those 13-1-27) (NOT-occupied_pqubit p10 26-0-52) (none-of-those 37-1-75) (none-of-those 54-1-109) (mapped l1 p9 65-0-130)
    del: (NOT-initialized p9 13-0-26) (none-of-those 26-1-53) (NOT-occupied_pqubit p9 37-0-74) (mapped l1 p10 54-0-108) (none-of-those 65-1-131)
  (swap-ancilary l1 p11 p10), cost: 1
    pre: (NOT-occupied_pqubit p10 26-0-52) (mapped l1 p11 55-0-110)
    add: (none-of-those 2-1-5) (none-of-those 26-1-53) (NOT-occupied_pqubit p11 27-0-54) (mapped l1 p10 54-0-108) (none-of-those 55-1-111)
    del: (NOT-initialized p10 2-0-4) (NOT-occupied_pqubit p10 26-0-52) (none-of-those 27-1-55) (none-of-those 54-1-109) (mapped l1 p11 55-0-110)
  (swap-ancilary l1 p11 p12), cost: 1
    pre: (NOT-occupied_pqubit p12 28-0-56) (mapped l1 p11 55-0-110)
    add: (none-of-those 4-1-9) (NOT-occupied_pqubit p11 27-0-54) (none-of-those 28-1-57) (none-of-those 55-1-111) (mapped l1 p12 56-0-112)
    del: (NOT-initialized p12 4-0-8) (none-of-those 27-1-55) (NOT-occupied_pqubit p12 28-0-56) (mapped l1 p11 55-0-110) (none-of-those 56-1-113)
  (swap-ancilary l1 p11 p3), cost: 1
    pre: (NOT-occupied_pqubit p3 31-0-62) (mapped l1 p11 55-0-110)
    add: (none-of-those 7-1-15) (NOT-occupied_pqubit p11 27-0-54) (none-of-those 31-1-63) (none-of-those 55-1-111) (mapped l1 p3 59-0-118)
    del: (NOT-initialized p3 7-0-14) (none-of-those 27-1-55) (NOT-occupied_pqubit p3 31-0-62) (mapped l1 p11 55-0-110) (none-of-those 59-1-119)
  (swap-ancilary l1 p12 p11), cost: 1
    pre: (NOT-occupied_pqubit p11 27-0-54) (mapped l1 p12 56-0-112)
    add: (none-of-those 3-1-7) (none-of-those 27-1-55) (NOT-occupied_pqubit p12 28-0-56) (mapped l1 p11 55-0-110) (none-of-those 56-1-113)
    del: (NOT-initialized p11 3-0-6) (NOT-occupied_pqubit p11 27-0-54) (none-of-those 28-1-57) (none-of-those 55-1-111) (mapped l1 p12 56-0-112)
  (swap-ancilary l1 p12 p13), cost: 1
    pre: (NOT-occupied_pqubit p13 29-0-58) (mapped l1 p12 56-0-112)
    add: (none-of-those 5-1-11) (NOT-occupied_pqubit p12 28-0-56) (none-of-those 29-1-59) (none-of-those 56-1-113) (mapped l1 p13 57-0-114)
    del: (NOT-initialized p13 5-0-10) (none-of-those 28-1-57) (NOT-occupied_pqubit p13 29-0-58) (mapped l1 p12 56-0-112) (none-of-those 57-1-115)
  (swap-ancilary l1 p12 p2), cost: 1
    pre: (NOT-occupied_pqubit p2 30-0-60) (mapped l1 p12 56-0-112)
    add: (none-of-those 6-1-13) (NOT-occupied_pqubit p12 28-0-56) (none-of-those 30-1-61) (none-of-those 56-1-113) (mapped l1 p2 58-0-116)
    del: (NOT-initialized p2 6-0-12) (none-of-those 28-1-57) (NOT-occupied_pqubit p2 30-0-60) (mapped l1 p12 56-0-112) (none-of-those 58-1-117)
  (swap-ancilary l1 p13 p1), cost: 1
    pre: (NOT-occupied_pqubit p1 25-0-50) (mapped l1 p13 57-0-114)
    add: (none-of-those 1-1-3) (none-of-those 25-1-51) (NOT-occupied_pqubit p13 29-0-58) (mapped l1 p1 53-0-106) (none-of-those 57-1-115)
    del: (NOT-initialized p1 1-0-2) (NOT-occupied_pqubit p1 25-0-50) (none-of-those 29-1-59) (none-of-those 53-1-107) (mapped l1 p13 57-0-114)
  (swap-ancilary l1 p13 p12), cost: 1
    pre: (NOT-occupied_pqubit p12 28-0-56) (mapped l1 p13 57-0-114)
    add: (none-of-those 4-1-9) (none-of-those 28-1-57) (NOT-occupied_pqubit p13 29-0-58) (mapped l1 p12 56-0-112) (none-of-those 57-1-115)
    del: (NOT-initialized p12 4-0-8) (NOT-occupied_pqubit p12 28-0-56) (none-of-those 29-1-59) (none-of-those 56-1-113) (mapped l1 p13 57-0-114)
  (swap-ancilary l1 p2 p1), cost: 1
    pre: (NOT-occupied_pqubit p1 25-0-50) (mapped l1 p2 58-0-116)
    add: (none-of-those 1-1-3) (none-of-those 25-1-51) (NOT-occupied_pqubit p2 30-0-60) (mapped l1 p1 53-0-106) (none-of-those 58-1-117)
    del: (NOT-initialized p1 1-0-2) (NOT-occupied_pqubit p1 25-0-50) (none-of-those 30-1-61) (none-of-those 53-1-107) (mapped l1 p2 58-0-116)
  (swap-ancilary l1 p2 p12), cost: 1
    pre: (NOT-occupied_pqubit p12 28-0-56) (mapped l1 p2 58-0-116)
    add: (none-of-those 4-1-9) (none-of-those 28-1-57) (NOT-occupied_pqubit p2 30-0-60) (mapped l1 p12 56-0-112) (none-of-those 58-1-117)
    del: (NOT-initialized p12 4-0-8) (NOT-occupied_pqubit p12 28-0-56) (none-of-those 30-1-61) (none-of-those 56-1-113) (mapped l1 p2 58-0-116)
  (swap-ancilary l1 p2 p3), cost: 1
    pre: (NOT-occupied_pqubit p3 31-0-62) (mapped l1 p2 58-0-116)
    add: (none-of-those 7-1-15) (NOT-occupied_pqubit p2 30-0-60) (none-of-those 31-1-63) (none-of-those 58-1-117) (mapped l1 p3 59-0-118)
    del: (NOT-initialized p3 7-0-14) (none-of-those 30-1-61) (NOT-occupied_pqubit p3 31-0-62) (mapped l1 p2 58-0-116) (none-of-those 59-1-119)
  (swap-ancilary l1 p3 p11), cost: 1
    pre: (NOT-occupied_pqubit p11 27-0-54) (mapped l1 p3 59-0-118)
    add: (none-of-those 3-1-7) (none-of-those 27-1-55) (NOT-occupied_pqubit p3 31-0-62) (mapped l1 p11 55-0-110) (none-of-those 59-1-119)
    del: (NOT-initialized p11 3-0-6) (NOT-occupied_pqubit p11 27-0-54) (none-of-those 31-1-63) (none-of-those 55-1-111) (mapped l1 p3 59-0-118)
  (swap-ancilary l1 p3 p2), cost: 1
    pre: (NOT-occupied_pqubit p2 30-0-60) (mapped l1 p3 59-0-118)
    add: (none-of-those 6-1-13) (none-of-those 30-1-61) (NOT-occupied_pqubit p3 31-0-62) (mapped l1 p2 58-0-116) (none-of-those 59-1-119)
    del: (NOT-initialized p2 6-0-12) (NOT-occupied_pqubit p2 30-0-60) (none-of-those 31-1-63) (none-of-those 58-1-117) (mapped l1 p3 59-0-118)
  (swap-ancilary l1 p3 p4), cost: 1
    pre: (NOT-occupied_pqubit p4 32-0-64) (mapped l1 p3 59-0-118)
    add: (none-of-those 8-1-17) (NOT-occupied_pqubit p3 31-0-62) (none-of-those 32-1-65) (none-of-those 59-1-119) (mapped l1 p4 60-0-120)
    del: (NOT-initialized p4 8-0-16) (none-of-those 31-1-63) (NOT-occupied_pqubit p4 32-0-64) (mapped l1 p3 59-0-118) (none-of-those 60-1-121)
  (swap-ancilary l1 p4 p10), cost: 1
    pre: (NOT-occupied_pqubit p10 26-0-52) (mapped l1 p4 60-0-120)
    add: (none-of-those 2-1-5) (none-of-those 26-1-53) (NOT-occupied_pqubit p4 32-0-64) (mapped l1 p10 54-0-108) (none-of-those 60-1-121)
    del: (NOT-initialized p10 2-0-4) (NOT-occupied_pqubit p10 26-0-52) (none-of-those 32-1-65) (none-of-those 54-1-109) (mapped l1 p4 60-0-120)
  (swap-ancilary l1 p4 p3), cost: 1
    pre: (NOT-occupied_pqubit p3 31-0-62) (mapped l1 p4 60-0-120)
    add: (none-of-those 7-1-15) (none-of-those 31-1-63) (NOT-occupied_pqubit p4 32-0-64) (mapped l1 p3 59-0-118) (none-of-those 60-1-121)
    del: (NOT-initialized p3 7-0-14) (NOT-occupied_pqubit p3 31-0-62) (none-of-those 32-1-65) (none-of-those 59-1-119) (mapped l1 p4 60-0-120)
  (swap-ancilary l1 p4 p5), cost: 1
    pre: (NOT-occupied_pqubit p5 33-0-66) (mapped l1 p4 60-0-120)
    add: (none-of-those 9-1-19) (NOT-occupied_pqubit p4 32-0-64) (none-of-those 33-1-67) (none-of-those 60-1-121) (mapped l1 p5 61-0-122)
    del: (NOT-initialized p5 9-0-18) (none-of-those 32-1-65) (NOT-occupied_pqubit p5 33-0-66) (mapped l1 p4 60-0-120) (none-of-those 61-1-123)
  (swap-ancilary l1 p5 p4), cost: 1
    pre: (NOT-occupied_pqubit p4 32-0-64) (mapped l1 p5 61-0-122)
    add: (none-of-those 8-1-17) (none-of-those 32-1-65) (NOT-occupied_pqubit p5 33-0-66) (mapped l1 p4 60-0-120) (none-of-those 61-1-123)
    del: (NOT-initialized p4 8-0-16) (NOT-occupied_pqubit p4 32-0-64) (none-of-those 33-1-67) (none-of-those 60-1-121) (mapped l1 p5 61-0-122)
  (swap-ancilary l1 p5 p6), cost: 1
    pre: (NOT-occupied_pqubit p6 34-0-68) (mapped l1 p5 61-0-122)
    add: (none-of-those 10-1-21) (NOT-occupied_pqubit p5 33-0-66) (none-of-those 34-1-69) (none-of-those 61-1-123) (mapped l1 p6 62-0-124)
    del: (NOT-initialized p6 10-0-20) (none-of-those 33-1-67) (NOT-occupied_pqubit p6 34-0-68) (mapped l1 p5 61-0-122) (none-of-those 62-1-125)
  (swap-ancilary l1 p5 p9), cost: 1
    pre: (NOT-occupied_pqubit p9 37-0-74) (mapped l1 p5 61-0-122)
    add: (none-of-those 13-1-27) (NOT-occupied_pqubit p5 33-0-66) (none-of-those 37-1-75) (none-of-those 61-1-123) (mapped l1 p9 65-0-130)
    del: (NOT-initialized p9 13-0-26) (none-of-those 33-1-67) (NOT-occupied_pqubit p9 37-0-74) (mapped l1 p5 61-0-122) (none-of-those 65-1-131)
  (swap-ancilary l1 p6 p5), cost: 1
    pre: (NOT-occupied_pqubit p5 33-0-66) (mapped l1 p6 62-0-124)
    add: (none-of-those 9-1-19) (none-of-those 33-1-67) (NOT-occupied_pqubit p6 34-0-68) (mapped l1 p5 61-0-122) (none-of-those 62-1-125)
    del: (NOT-initialized p5 9-0-18) (NOT-occupied_pqubit p5 33-0-66) (none-of-those 34-1-69) (none-of-those 61-1-123) (mapped l1 p6 62-0-124)
  (swap-ancilary l1 p6 p8), cost: 1
    pre: (NOT-occupied_pqubit p8 36-0-72) (mapped l1 p6 62-0-124)
    add: (none-of-those 12-1-25) (NOT-occupied_pqubit p6 34-0-68) (none-of-those 36-1-73) (none-of-those 62-1-125) (mapped l1 p8 64-0-128)
    del: (NOT-initialized p8 12-0-24) (none-of-those 34-1-69) (NOT-occupied_pqubit p8 36-0-72) (mapped l1 p6 62-0-124) (none-of-those 64-1-129)
  (swap-ancilary l1 p7 p8), cost: 1
    pre: (NOT-occupied_pqubit p8 36-0-72) (mapped l1 p7 63-0-126)
    add: (NOT-occupied_pqubit p7 35-0-70) (none-of-those 36-1-73) (none-of-those 63-1-127) (mapped l1 p8 64-0-128)
    del: (none-of-those 35-1-71) (NOT-occupied_pqubit p8 36-0-72) (mapped l1 p7 63-0-126) (none-of-those 64-1-129)
  (swap-ancilary l1 p8 p6), cost: 1
    pre: (NOT-occupied_pqubit p6 34-0-68) (mapped l1 p8 64-0-128)
    add: (none-of-those 10-1-21) (none-of-those 34-1-69) (NOT-occupied_pqubit p8 36-0-72) (mapped l1 p6 62-0-124) (none-of-those 64-1-129)
    del: (NOT-initialized p6 10-0-20) (NOT-occupied_pqubit p6 34-0-68) (none-of-those 36-1-73) (none-of-those 62-1-125) (mapped l1 p8 64-0-128)
  (swap-ancilary l1 p8 p7), cost: 1
    pre: (NOT-occupied_pqubit p7 35-0-70) (mapped l1 p8 64-0-128)
    add: (none-of-those 11-1-23) (none-of-those 35-1-71) (NOT-occupied_pqubit p8 36-0-72) (mapped l1 p7 63-0-126) (none-of-those 64-1-129)
    del: (NOT-initialized p7 11-0-22) (NOT-occupied_pqubit p7 35-0-70) (none-of-those 36-1-73) (none-of-those 63-1-127) (mapped l1 p8 64-0-128)
  (swap-ancilary l1 p8 p9), cost: 1
    pre: (NOT-occupied_pqubit p9 37-0-74) (mapped l1 p8 64-0-128)
    add: (none-of-those 13-1-27) (NOT-occupied_pqubit p8 36-0-72) (none-of-those 37-1-75) (none-of-those 64-1-129) (mapped l1 p9 65-0-130)
    del: (NOT-initialized p9 13-0-26) (none-of-those 36-1-73) (NOT-occupied_pqubit p9 37-0-74) (mapped l1 p8 64-0-128) (none-of-those 65-1-131)
  (swap-ancilary l1 p9 p10), cost: 1
    pre: (NOT-occupied_pqubit p10 26-0-52) (mapped l1 p9 65-0-130)
    add: (none-of-those 2-1-5) (none-of-those 26-1-53) (NOT-occupied_pqubit p9 37-0-74) (mapped l1 p10 54-0-108) (none-of-those 65-1-131)
    del: (NOT-initialized p10 2-0-4) (NOT-occupied_pqubit p10 26-0-52) (none-of-those 37-1-75) (none-of-those 54-1-109) (mapped l1 p9 65-0-130)
  (swap-ancilary l1 p9 p5), cost: 1
    pre: (NOT-occupied_pqubit p5 33-0-66) (mapped l1 p9 65-0-130)
    add: (none-of-those 9-1-19) (none-of-those 33-1-67) (NOT-occupied_pqubit p9 37-0-74) (mapped l1 p5 61-0-122) (none-of-those 65-1-131)
    del: (NOT-initialized p5 9-0-18) (NOT-occupied_pqubit p5 33-0-66) (none-of-those 37-1-75) (none-of-those 61-1-123) (mapped l1 p9 65-0-130)
  (swap-ancilary l1 p9 p8), cost: 1
    pre: (NOT-occupied_pqubit p8 36-0-72) (mapped l1 p9 65-0-130)
    add: (none-of-those 12-1-25) (none-of-those 36-1-73) (NOT-occupied_pqubit p9 37-0-74) (mapped l1 p8 64-0-128) (none-of-those 65-1-131)
    del: (NOT-initialized p8 12-0-24) (NOT-occupied_pqubit p8 36-0-72) (none-of-those 37-1-75) (none-of-those 64-1-129) (mapped l1 p9 65-0-130)
  (swap-ancilary l2 p0 p1), cost: 1
    pre: (NOT-occupied_pqubit p1 25-0-50) (mapped l2 p0 66-0-132)
    add: (NOT-occupied_pqubit p0 24-0-48) (none-of-those 25-1-51) (none-of-those 66-1-133) (mapped l2 p1 67-0-134)
    del: (none-of-those 24-1-49) (NOT-occupied_pqubit p1 25-0-50) (mapped l2 p0 66-0-132) (none-of-those 67-1-135)
  (swap-ancilary l2 p1 p0), cost: 1
    pre: (NOT-occupied_pqubit p0 24-0-48) (mapped l2 p1 67-0-134)
    add: (none-of-those 0-1-1) (none-of-those 24-1-49) (NOT-occupied_pqubit p1 25-0-50) (mapped l2 p0 66-0-132) (none-of-those 67-1-135)
    del: (NOT-initialized p0 0-0-0) (NOT-occupied_pqubit p0 24-0-48) (none-of-those 25-1-51) (none-of-those 66-1-133) (mapped l2 p1 67-0-134)
  (swap-ancilary l2 p1 p13), cost: 1
    pre: (NOT-occupied_pqubit p13 29-0-58) (mapped l2 p1 67-0-134)
    add: (none-of-those 5-1-11) (NOT-occupied_pqubit p1 25-0-50) (none-of-those 29-1-59) (none-of-those 67-1-135) (mapped l2 p13 71-0-142)
    del: (NOT-initialized p13 5-0-10) (none-of-those 25-1-51) (NOT-occupied_pqubit p13 29-0-58) (mapped l2 p1 67-0-134) (none-of-those 71-1-143)
  (swap-ancilary l2 p1 p2), cost: 1
    pre: (NOT-occupied_pqubit p2 30-0-60) (mapped l2 p1 67-0-134)
    add: (none-of-those 6-1-13) (NOT-occupied_pqubit p1 25-0-50) (none-of-those 30-1-61) (none-of-those 67-1-135) (mapped l2 p2 72-0-144)
    del: (NOT-initialized p2 6-0-12) (none-of-those 25-1-51) (NOT-occupied_pqubit p2 30-0-60) (mapped l2 p1 67-0-134) (none-of-those 72-1-145)
  (swap-ancilary l2 p10 p11), cost: 1
    pre: (NOT-occupied_pqubit p11 27-0-54) (mapped l2 p10 68-0-136)
    add: (none-of-those 3-1-7) (NOT-occupied_pqubit p10 26-0-52) (none-of-those 27-1-55) (none-of-those 68-1-137) (mapped l2 p11 69-0-138)
    del: (NOT-initialized p11 3-0-6) (none-of-those 26-1-53) (NOT-occupied_pqubit p11 27-0-54) (mapped l2 p10 68-0-136) (none-of-those 69-1-139)
  (swap-ancilary l2 p10 p4), cost: 1
    pre: (NOT-occupied_pqubit p4 32-0-64) (mapped l2 p10 68-0-136)
    add: (none-of-those 8-1-17) (NOT-occupied_pqubit p10 26-0-52) (none-of-those 32-1-65) (none-of-those 68-1-137) (mapped l2 p4 74-0-148)
    del: (NOT-initialized p4 8-0-16) (none-of-those 26-1-53) (NOT-occupied_pqubit p4 32-0-64) (mapped l2 p10 68-0-136) (none-of-those 74-1-149)
  (swap-ancilary l2 p10 p9), cost: 1
    pre: (NOT-occupied_pqubit p9 37-0-74) (mapped l2 p10 68-0-136)
    add: (none-of-those 13-1-27) (NOT-occupied_pqubit p10 26-0-52) (none-of-those 37-1-75) (none-of-those 68-1-137) (mapped l2 p9 79-0-158)
    del: (NOT-initialized p9 13-0-26) (none-of-those 26-1-53) (NOT-occupied_pqubit p9 37-0-74) (mapped l2 p10 68-0-136) (none-of-those 79-1-159)
  (swap-ancilary l2 p11 p10), cost: 1
    pre: (NOT-occupied_pqubit p10 26-0-52) (mapped l2 p11 69-0-138)
    add: (none-of-those 2-1-5) (none-of-those 26-1-53) (NOT-occupied_pqubit p11 27-0-54) (mapped l2 p10 68-0-136) (none-of-those 69-1-139)
    del: (NOT-initialized p10 2-0-4) (NOT-occupied_pqubit p10 26-0-52) (none-of-those 27-1-55) (none-of-those 68-1-137) (mapped l2 p11 69-0-138)
  (swap-ancilary l2 p11 p12), cost: 1
    pre: (NOT-occupied_pqubit p12 28-0-56) (mapped l2 p11 69-0-138)
    add: (none-of-those 4-1-9) (NOT-occupied_pqubit p11 27-0-54) (none-of-those 28-1-57) (none-of-those 69-1-139) (mapped l2 p12 70-0-140)
    del: (NOT-initialized p12 4-0-8) (none-of-those 27-1-55) (NOT-occupied_pqubit p12 28-0-56) (mapped l2 p11 69-0-138) (none-of-those 70-1-141)
  (swap-ancilary l2 p11 p3), cost: 1
    pre: (NOT-occupied_pqubit p3 31-0-62) (mapped l2 p11 69-0-138)
    add: (none-of-those 7-1-15) (NOT-occupied_pqubit p11 27-0-54) (none-of-those 31-1-63) (none-of-those 69-1-139) (mapped l2 p3 73-0-146)
    del: (NOT-initialized p3 7-0-14) (none-of-those 27-1-55) (NOT-occupied_pqubit p3 31-0-62) (mapped l2 p11 69-0-138) (none-of-those 73-1-147)
  (swap-ancilary l2 p12 p11), cost: 1
    pre: (NOT-occupied_pqubit p11 27-0-54) (mapped l2 p12 70-0-140)
    add: (none-of-those 3-1-7) (none-of-those 27-1-55) (NOT-occupied_pqubit p12 28-0-56) (mapped l2 p11 69-0-138) (none-of-those 70-1-141)
    del: (NOT-initialized p11 3-0-6) (NOT-occupied_pqubit p11 27-0-54) (none-of-those 28-1-57) (none-of-those 69-1-139) (mapped l2 p12 70-0-140)
  (swap-ancilary l2 p12 p13), cost: 1
    pre: (NOT-occupied_pqubit p13 29-0-58) (mapped l2 p12 70-0-140)
    add: (none-of-those 5-1-11) (NOT-occupied_pqubit p12 28-0-56) (none-of-those 29-1-59) (none-of-those 70-1-141) (mapped l2 p13 71-0-142)
    del: (NOT-initialized p13 5-0-10) (none-of-those 28-1-57) (NOT-occupied_pqubit p13 29-0-58) (mapped l2 p12 70-0-140) (none-of-those 71-1-143)
  (swap-ancilary l2 p12 p2), cost: 1
    pre: (NOT-occupied_pqubit p2 30-0-60) (mapped l2 p12 70-0-140)
    add: (none-of-those 6-1-13) (NOT-occupied_pqubit p12 28-0-56) (none-of-those 30-1-61) (none-of-those 70-1-141) (mapped l2 p2 72-0-144)
    del: (NOT-initialized p2 6-0-12) (none-of-those 28-1-57) (NOT-occupied_pqubit p2 30-0-60) (mapped l2 p12 70-0-140) (none-of-those 72-1-145)
  (swap-ancilary l2 p13 p1), cost: 1
    pre: (NOT-occupied_pqubit p1 25-0-50) (mapped l2 p13 71-0-142)
    add: (none-of-those 1-1-3) (none-of-those 25-1-51) (NOT-occupied_pqubit p13 29-0-58) (mapped l2 p1 67-0-134) (none-of-those 71-1-143)
    del: (NOT-initialized p1 1-0-2) (NOT-occupied_pqubit p1 25-0-50) (none-of-those 29-1-59) (none-of-those 67-1-135) (mapped l2 p13 71-0-142)
  (swap-ancilary l2 p13 p12), cost: 1
    pre: (NOT-occupied_pqubit p12 28-0-56) (mapped l2 p13 71-0-142)
    add: (none-of-those 4-1-9) (none-of-those 28-1-57) (NOT-occupied_pqubit p13 29-0-58) (mapped l2 p12 70-0-140) (none-of-those 71-1-143)
    del: (NOT-initialized p12 4-0-8) (NOT-occupied_pqubit p12 28-0-56) (none-of-those 29-1-59) (none-of-those 70-1-141) (mapped l2 p13 71-0-142)
  (swap-ancilary l2 p2 p1), cost: 1
    pre: (NOT-occupied_pqubit p1 25-0-50) (mapped l2 p2 72-0-144)
    add: (none-of-those 1-1-3) (none-of-those 25-1-51) (NOT-occupied_pqubit p2 30-0-60) (mapped l2 p1 67-0-134) (none-of-those 72-1-145)
    del: (NOT-initialized p1 1-0-2) (NOT-occupied_pqubit p1 25-0-50) (none-of-those 30-1-61) (none-of-those 67-1-135) (mapped l2 p2 72-0-144)
  (swap-ancilary l2 p2 p12), cost: 1
    pre: (NOT-occupied_pqubit p12 28-0-56) (mapped l2 p2 72-0-144)
    add: (none-of-those 4-1-9) (none-of-those 28-1-57) (NOT-occupied_pqubit p2 30-0-60) (mapped l2 p12 70-0-140) (none-of-those 72-1-145)
    del: (NOT-initialized p12 4-0-8) (NOT-occupied_pqubit p12 28-0-56) (none-of-those 30-1-61) (none-of-those 70-1-141) (mapped l2 p2 72-0-144)
  (swap-ancilary l2 p2 p3), cost: 1
    pre: (NOT-occupied_pqubit p3 31-0-62) (mapped l2 p2 72-0-144)
    add: (none-of-those 7-1-15) (NOT-occupied_pqubit p2 30-0-60) (none-of-those 31-1-63) (none-of-those 72-1-145) (mapped l2 p3 73-0-146)
    del: (NOT-initialized p3 7-0-14) (none-of-those 30-1-61) (NOT-occupied_pqubit p3 31-0-62) (mapped l2 p2 72-0-144) (none-of-those 73-1-147)
  (swap-ancilary l2 p3 p11), cost: 1
    pre: (NOT-occupied_pqubit p11 27-0-54) (mapped l2 p3 73-0-146)
    add: (none-of-those 3-1-7) (none-of-those 27-1-55) (NOT-occupied_pqubit p3 31-0-62) (mapped l2 p11 69-0-138) (none-of-those 73-1-147)
    del: (NOT-initialized p11 3-0-6) (NOT-occupied_pqubit p11 27-0-54) (none-of-those 31-1-63) (none-of-those 69-1-139) (mapped l2 p3 73-0-146)
  (swap-ancilary l2 p3 p2), cost: 1
    pre: (NOT-occupied_pqubit p2 30-0-60) (mapped l2 p3 73-0-146)
    add: (none-of-those 6-1-13) (none-of-those 30-1-61) (NOT-occupied_pqubit p3 31-0-62) (mapped l2 p2 72-0-144) (none-of-those 73-1-147)
    del: (NOT-initialized p2 6-0-12) (NOT-occupied_pqubit p2 30-0-60) (none-of-those 31-1-63) (none-of-those 72-1-145) (mapped l2 p3 73-0-146)
  (swap-ancilary l2 p3 p4), cost: 1
    pre: (NOT-occupied_pqubit p4 32-0-64) (mapped l2 p3 73-0-146)
    add: (none-of-those 8-1-17) (NOT-occupied_pqubit p3 31-0-62) (none-of-those 32-1-65) (none-of-those 73-1-147) (mapped l2 p4 74-0-148)
    del: (NOT-initialized p4 8-0-16) (none-of-those 31-1-63) (NOT-occupied_pqubit p4 32-0-64) (mapped l2 p3 73-0-146) (none-of-those 74-1-149)
  (swap-ancilary l2 p4 p10), cost: 1
    pre: (NOT-occupied_pqubit p10 26-0-52) (mapped l2 p4 74-0-148)
    add: (none-of-those 2-1-5) (none-of-those 26-1-53) (NOT-occupied_pqubit p4 32-0-64) (mapped l2 p10 68-0-136) (none-of-those 74-1-149)
    del: (NOT-initialized p10 2-0-4) (NOT-occupied_pqubit p10 26-0-52) (none-of-those 32-1-65) (none-of-those 68-1-137) (mapped l2 p4 74-0-148)
  (swap-ancilary l2 p4 p3), cost: 1
    pre: (NOT-occupied_pqubit p3 31-0-62) (mapped l2 p4 74-0-148)
    add: (none-of-those 7-1-15) (none-of-those 31-1-63) (NOT-occupied_pqubit p4 32-0-64) (mapped l2 p3 73-0-146) (none-of-those 74-1-149)
    del: (NOT-initialized p3 7-0-14) (NOT-occupied_pqubit p3 31-0-62) (none-of-those 32-1-65) (none-of-those 73-1-147) (mapped l2 p4 74-0-148)
  (swap-ancilary l2 p4 p5), cost: 1
    pre: (NOT-occupied_pqubit p5 33-0-66) (mapped l2 p4 74-0-148)
    add: (none-of-those 9-1-19) (NOT-occupied_pqubit p4 32-0-64) (none-of-those 33-1-67) (none-of-those 74-1-149) (mapped l2 p5 75-0-150)
    del: (NOT-initialized p5 9-0-18) (none-of-those 32-1-65) (NOT-occupied_pqubit p5 33-0-66) (mapped l2 p4 74-0-148) (none-of-those 75-1-151)
  (swap-ancilary l2 p5 p4), cost: 1
    pre: (NOT-occupied_pqubit p4 32-0-64) (mapped l2 p5 75-0-150)
    add: (none-of-those 8-1-17) (none-of-those 32-1-65) (NOT-occupied_pqubit p5 33-0-66) (mapped l2 p4 74-0-148) (none-of-those 75-1-151)
    del: (NOT-initialized p4 8-0-16) (NOT-occupied_pqubit p4 32-0-64) (none-of-those 33-1-67) (none-of-those 74-1-149) (mapped l2 p5 75-0-150)
  (swap-ancilary l2 p5 p6), cost: 1
    pre: (NOT-occupied_pqubit p6 34-0-68) (mapped l2 p5 75-0-150)
    add: (none-of-those 10-1-21) (NOT-occupied_pqubit p5 33-0-66) (none-of-those 34-1-69) (none-of-those 75-1-151) (mapped l2 p6 76-0-152)
    del: (NOT-initialized p6 10-0-20) (none-of-those 33-1-67) (NOT-occupied_pqubit p6 34-0-68) (mapped l2 p5 75-0-150) (none-of-those 76-1-153)
  (swap-ancilary l2 p5 p9), cost: 1
    pre: (NOT-occupied_pqubit p9 37-0-74) (mapped l2 p5 75-0-150)
    add: (none-of-those 13-1-27) (NOT-occupied_pqubit p5 33-0-66) (none-of-those 37-1-75) (none-of-those 75-1-151) (mapped l2 p9 79-0-158)
    del: (NOT-initialized p9 13-0-26) (none-of-those 33-1-67) (NOT-occupied_pqubit p9 37-0-74) (mapped l2 p5 75-0-150) (none-of-those 79-1-159)
  (swap-ancilary l2 p6 p5), cost: 1
    pre: (NOT-occupied_pqubit p5 33-0-66) (mapped l2 p6 76-0-152)
    add: (none-of-those 9-1-19) (none-of-those 33-1-67) (NOT-occupied_pqubit p6 34-0-68) (mapped l2 p5 75-0-150) (none-of-those 76-1-153)
    del: (NOT-initialized p5 9-0-18) (NOT-occupied_pqubit p5 33-0-66) (none-of-those 34-1-69) (none-of-those 75-1-151) (mapped l2 p6 76-0-152)
  (swap-ancilary l2 p6 p8), cost: 1
    pre: (NOT-occupied_pqubit p8 36-0-72) (mapped l2 p6 76-0-152)
    add: (none-of-those 12-1-25) (NOT-occupied_pqubit p6 34-0-68) (none-of-those 36-1-73) (none-of-those 76-1-153) (mapped l2 p8 78-0-156)
    del: (NOT-initialized p8 12-0-24) (none-of-those 34-1-69) (NOT-occupied_pqubit p8 36-0-72) (mapped l2 p6 76-0-152) (none-of-those 78-1-157)
  (swap-ancilary l2 p7 p8), cost: 1
    pre: (NOT-occupied_pqubit p8 36-0-72) (mapped l2 p7 77-0-154)
    add: (NOT-occupied_pqubit p7 35-0-70) (none-of-those 36-1-73) (none-of-those 77-1-155) (mapped l2 p8 78-0-156)
    del: (none-of-those 35-1-71) (NOT-occupied_pqubit p8 36-0-72) (mapped l2 p7 77-0-154) (none-of-those 78-1-157)
  (swap-ancilary l2 p8 p6), cost: 1
    pre: (NOT-occupied_pqubit p6 34-0-68) (mapped l2 p8 78-0-156)
    add: (none-of-those 10-1-21) (none-of-those 34-1-69) (NOT-occupied_pqubit p8 36-0-72) (mapped l2 p6 76-0-152) (none-of-those 78-1-157)
    del: (NOT-initialized p6 10-0-20) (NOT-occupied_pqubit p6 34-0-68) (none-of-those 36-1-73) (none-of-those 76-1-153) (mapped l2 p8 78-0-156)
  (swap-ancilary l2 p8 p7), cost: 1
    pre: (NOT-occupied_pqubit p7 35-0-70) (mapped l2 p8 78-0-156)
    add: (none-of-those 11-1-23) (none-of-those 35-1-71) (NOT-occupied_pqubit p8 36-0-72) (mapped l2 p7 77-0-154) (none-of-those 78-1-157)
    del: (NOT-initialized p7 11-0-22) (NOT-occupied_pqubit p7 35-0-70) (none-of-those 36-1-73) (none-of-those 77-1-155) (mapped l2 p8 78-0-156)
  (swap-ancilary l2 p8 p9), cost: 1
    pre: (NOT-occupied_pqubit p9 37-0-74) (mapped l2 p8 78-0-156)
    add: (none-of-those 13-1-27) (NOT-occupied_pqubit p8 36-0-72) (none-of-those 37-1-75) (none-of-those 78-1-157) (mapped l2 p9 79-0-158)
    del: (NOT-initialized p9 13-0-26) (none-of-those 36-1-73) (NOT-occupied_pqubit p9 37-0-74) (mapped l2 p8 78-0-156) (none-of-those 79-1-159)
  (swap-ancilary l2 p9 p10), cost: 1
    pre: (NOT-occupied_pqubit p10 26-0-52) (mapped l2 p9 79-0-158)
    add: (none-of-those 2-1-5) (none-of-those 26-1-53) (NOT-occupied_pqubit p9 37-0-74) (mapped l2 p10 68-0-136) (none-of-those 79-1-159)
    del: (NOT-initialized p10 2-0-4) (NOT-occupied_pqubit p10 26-0-52) (none-of-those 37-1-75) (none-of-those 68-1-137) (mapped l2 p9 79-0-158)
  (swap-ancilary l2 p9 p5), cost: 1
    pre: (NOT-occupied_pqubit p5 33-0-66) (mapped l2 p9 79-0-158)
    add: (none-of-those 9-1-19) (none-of-those 33-1-67) (NOT-occupied_pqubit p9 37-0-74) (mapped l2 p5 75-0-150) (none-of-those 79-1-159)
    del: (NOT-initialized p5 9-0-18) (NOT-occupied_pqubit p5 33-0-66) (none-of-those 37-1-75) (none-of-those 75-1-151) (mapped l2 p9 79-0-158)
  (swap-ancilary l2 p9 p8), cost: 1
    pre: (NOT-occupied_pqubit p8 36-0-72) (mapped l2 p9 79-0-158)
    add: (none-of-those 12-1-25) (none-of-those 36-1-73) (NOT-occupied_pqubit p9 37-0-74) (mapped l2 p8 78-0-156) (none-of-those 79-1-159)
    del: (NOT-initialized p8 12-0-24) (NOT-occupied_pqubit p8 36-0-72) (none-of-those 37-1-75) (none-of-those 78-1-157) (mapped l2 p9 79-0-158)
  (swap-ancilary l3 p0 p1), cost: 1
    pre: (NOT-occupied_pqubit p1 25-0-50) (mapped l3 p0 80-0-160)
    add: (NOT-occupied_pqubit p0 24-0-48) (none-of-those 25-1-51) (none-of-those 80-1-161) (mapped l3 p1 81-0-162)
    del: (none-of-those 24-1-49) (NOT-occupied_pqubit p1 25-0-50) (mapped l3 p0 80-0-160) (none-of-those 81-1-163)
  (swap-ancilary l3 p1 p0), cost: 1
    pre: (NOT-occupied_pqubit p0 24-0-48) (mapped l3 p1 81-0-162)
    add: (none-of-those 0-1-1) (none-of-those 24-1-49) (NOT-occupied_pqubit p1 25-0-50) (mapped l3 p0 80-0-160) (none-of-those 81-1-163)
    del: (NOT-initialized p0 0-0-0) (NOT-occupied_pqubit p0 24-0-48) (none-of-those 25-1-51) (none-of-those 80-1-161) (mapped l3 p1 81-0-162)
  (swap-ancilary l3 p1 p13), cost: 1
    pre: (NOT-occupied_pqubit p13 29-0-58) (mapped l3 p1 81-0-162)
    add: (none-of-those 5-1-11) (NOT-occupied_pqubit p1 25-0-50) (none-of-those 29-1-59) (none-of-those 81-1-163) (mapped l3 p13 85-0-170)
    del: (NOT-initialized p13 5-0-10) (none-of-those 25-1-51) (NOT-occupied_pqubit p13 29-0-58) (mapped l3 p1 81-0-162) (none-of-those 85-1-171)
  (swap-ancilary l3 p1 p2), cost: 1
    pre: (NOT-occupied_pqubit p2 30-0-60) (mapped l3 p1 81-0-162)
    add: (none-of-those 6-1-13) (NOT-occupied_pqubit p1 25-0-50) (none-of-those 30-1-61) (none-of-those 81-1-163) (mapped l3 p2 86-0-172)
    del: (NOT-initialized p2 6-0-12) (none-of-those 25-1-51) (NOT-occupied_pqubit p2 30-0-60) (mapped l3 p1 81-0-162) (none-of-those 86-1-173)
  (swap-ancilary l3 p10 p11), cost: 1
    pre: (NOT-occupied_pqubit p11 27-0-54) (mapped l3 p10 82-0-164)
    add: (none-of-those 3-1-7) (NOT-occupied_pqubit p10 26-0-52) (none-of-those 27-1-55) (none-of-those 82-1-165) (mapped l3 p11 83-0-166)
    del: (NOT-initialized p11 3-0-6) (none-of-those 26-1-53) (NOT-occupied_pqubit p11 27-0-54) (mapped l3 p10 82-0-164) (none-of-those 83-1-167)
  (swap-ancilary l3 p10 p4), cost: 1
    pre: (NOT-occupied_pqubit p4 32-0-64) (mapped l3 p10 82-0-164)
    add: (none-of-those 8-1-17) (NOT-occupied_pqubit p10 26-0-52) (none-of-those 32-1-65) (none-of-those 82-1-165) (mapped l3 p4 88-0-176)
    del: (NOT-initialized p4 8-0-16) (none-of-those 26-1-53) (NOT-occupied_pqubit p4 32-0-64) (mapped l3 p10 82-0-164) (none-of-those 88-1-177)
  (swap-ancilary l3 p10 p9), cost: 1
    pre: (NOT-occupied_pqubit p9 37-0-74) (mapped l3 p10 82-0-164)
    add: (none-of-those 13-1-27) (NOT-occupied_pqubit p10 26-0-52) (none-of-those 37-1-75) (none-of-those 82-1-165) (mapped l3 p9 93-0-186)
    del: (NOT-initialized p9 13-0-26) (none-of-those 26-1-53) (NOT-occupied_pqubit p9 37-0-74) (mapped l3 p10 82-0-164) (none-of-those 93-1-187)
  (swap-ancilary l3 p11 p10), cost: 1
    pre: (NOT-occupied_pqubit p10 26-0-52) (mapped l3 p11 83-0-166)
    add: (none-of-those 2-1-5) (none-of-those 26-1-53) (NOT-occupied_pqubit p11 27-0-54) (mapped l3 p10 82-0-164) (none-of-those 83-1-167)
    del: (NOT-initialized p10 2-0-4) (NOT-occupied_pqubit p10 26-0-52) (none-of-those 27-1-55) (none-of-those 82-1-165) (mapped l3 p11 83-0-166)
  (swap-ancilary l3 p11 p12), cost: 1
    pre: (NOT-occupied_pqubit p12 28-0-56) (mapped l3 p11 83-0-166)
    add: (none-of-those 4-1-9) (NOT-occupied_pqubit p11 27-0-54) (none-of-those 28-1-57) (none-of-those 83-1-167) (mapped l3 p12 84-0-168)
    del: (NOT-initialized p12 4-0-8) (none-of-those 27-1-55) (NOT-occupied_pqubit p12 28-0-56) (mapped l3 p11 83-0-166) (none-of-those 84-1-169)
  (swap-ancilary l3 p11 p3), cost: 1
    pre: (NOT-occupied_pqubit p3 31-0-62) (mapped l3 p11 83-0-166)
    add: (none-of-those 7-1-15) (NOT-occupied_pqubit p11 27-0-54) (none-of-those 31-1-63) (none-of-those 83-1-167) (mapped l3 p3 87-0-174)
    del: (NOT-initialized p3 7-0-14) (none-of-those 27-1-55) (NOT-occupied_pqubit p3 31-0-62) (mapped l3 p11 83-0-166) (none-of-those 87-1-175)
  (swap-ancilary l3 p12 p11), cost: 1
    pre: (NOT-occupied_pqubit p11 27-0-54) (mapped l3 p12 84-0-168)
    add: (none-of-those 3-1-7) (none-of-those 27-1-55) (NOT-occupied_pqubit p12 28-0-56) (mapped l3 p11 83-0-166) (none-of-those 84-1-169)
    del: (NOT-initialized p11 3-0-6) (NOT-occupied_pqubit p11 27-0-54) (none-of-those 28-1-57) (none-of-those 83-1-167) (mapped l3 p12 84-0-168)
  (swap-ancilary l3 p12 p13), cost: 1
    pre: (NOT-occupied_pqubit p13 29-0-58) (mapped l3 p12 84-0-168)
    add: (none-of-those 5-1-11) (NOT-occupied_pqubit p12 28-0-56) (none-of-those 29-1-59) (none-of-those 84-1-169) (mapped l3 p13 85-0-170)
    del: (NOT-initialized p13 5-0-10) (none-of-those 28-1-57) (NOT-occupied_pqubit p13 29-0-58) (mapped l3 p12 84-0-168) (none-of-those 85-1-171)
  (swap-ancilary l3 p12 p2), cost: 1
    pre: (NOT-occupied_pqubit p2 30-0-60) (mapped l3 p12 84-0-168)
    add: (none-of-those 6-1-13) (NOT-occupied_pqubit p12 28-0-56) (none-of-those 30-1-61) (none-of-those 84-1-169) (mapped l3 p2 86-0-172)
    del: (NOT-initialized p2 6-0-12) (none-of-those 28-1-57) (NOT-occupied_pqubit p2 30-0-60) (mapped l3 p12 84-0-168) (none-of-those 86-1-173)
  (swap-ancilary l3 p13 p1), cost: 1
    pre: (NOT-occupied_pqubit p1 25-0-50) (mapped l3 p13 85-0-170)
    add: (none-of-those 1-1-3) (none-of-those 25-1-51) (NOT-occupied_pqubit p13 29-0-58) (mapped l3 p1 81-0-162) (none-of-those 85-1-171)
    del: (NOT-initialized p1 1-0-2) (NOT-occupied_pqubit p1 25-0-50) (none-of-those 29-1-59) (none-of-those 81-1-163) (mapped l3 p13 85-0-170)
  (swap-ancilary l3 p13 p12), cost: 1
    pre: (NOT-occupied_pqubit p12 28-0-56) (mapped l3 p13 85-0-170)
    add: (none-of-those 4-1-9) (none-of-those 28-1-57) (NOT-occupied_pqubit p13 29-0-58) (mapped l3 p12 84-0-168) (none-of-those 85-1-171)
    del: (NOT-initialized p12 4-0-8) (NOT-occupied_pqubit p12 28-0-56) (none-of-those 29-1-59) (none-of-those 84-1-169) (mapped l3 p13 85-0-170)
  (swap-ancilary l3 p2 p1), cost: 1
    pre: (NOT-occupied_pqubit p1 25-0-50) (mapped l3 p2 86-0-172)
    add: (none-of-those 1-1-3) (none-of-those 25-1-51) (NOT-occupied_pqubit p2 30-0-60) (mapped l3 p1 81-0-162) (none-of-those 86-1-173)
    del: (NOT-initialized p1 1-0-2) (NOT-occupied_pqubit p1 25-0-50) (none-of-those 30-1-61) (none-of-those 81-1-163) (mapped l3 p2 86-0-172)
  (swap-ancilary l3 p2 p12), cost: 1
    pre: (NOT-occupied_pqubit p12 28-0-56) (mapped l3 p2 86-0-172)
    add: (none-of-those 4-1-9) (none-of-those 28-1-57) (NOT-occupied_pqubit p2 30-0-60) (mapped l3 p12 84-0-168) (none-of-those 86-1-173)
    del: (NOT-initialized p12 4-0-8) (NOT-occupied_pqubit p12 28-0-56) (none-of-those 30-1-61) (none-of-those 84-1-169) (mapped l3 p2 86-0-172)
  (swap-ancilary l3 p2 p3), cost: 1
    pre: (NOT-occupied_pqubit p3 31-0-62) (mapped l3 p2 86-0-172)
    add: (none-of-those 7-1-15) (NOT-occupied_pqubit p2 30-0-60) (none-of-those 31-1-63) (none-of-those 86-1-173) (mapped l3 p3 87-0-174)
    del: (NOT-initialized p3 7-0-14) (none-of-those 30-1-61) (NOT-occupied_pqubit p3 31-0-62) (mapped l3 p2 86-0-172) (none-of-those 87-1-175)
  (swap-ancilary l3 p3 p11), cost: 1
    pre: (NOT-occupied_pqubit p11 27-0-54) (mapped l3 p3 87-0-174)
    add: (none-of-those 3-1-7) (none-of-those 27-1-55) (NOT-occupied_pqubit p3 31-0-62) (mapped l3 p11 83-0-166) (none-of-those 87-1-175)
    del: (NOT-initialized p11 3-0-6) (NOT-occupied_pqubit p11 27-0-54) (none-of-those 31-1-63) (none-of-those 83-1-167) (mapped l3 p3 87-0-174)
  (swap-ancilary l3 p3 p2), cost: 1
    pre: (NOT-occupied_pqubit p2 30-0-60) (mapped l3 p3 87-0-174)
    add: (none-of-those 6-1-13) (none-of-those 30-1-61) (NOT-occupied_pqubit p3 31-0-62) (mapped l3 p2 86-0-172) (none-of-those 87-1-175)
    del: (NOT-initialized p2 6-0-12) (NOT-occupied_pqubit p2 30-0-60) (none-of-those 31-1-63) (none-of-those 86-1-173) (mapped l3 p3 87-0-174)
  (swap-ancilary l3 p3 p4), cost: 1
    pre: (NOT-occupied_pqubit p4 32-0-64) (mapped l3 p3 87-0-174)
    add: (none-of-those 8-1-17) (NOT-occupied_pqubit p3 31-0-62) (none-of-those 32-1-65) (none-of-those 87-1-175) (mapped l3 p4 88-0-176)
    del: (NOT-initialized p4 8-0-16) (none-of-those 31-1-63) (NOT-occupied_pqubit p4 32-0-64) (mapped l3 p3 87-0-174) (none-of-those 88-1-177)
  (swap-ancilary l3 p4 p10), cost: 1
    pre: (NOT-occupied_pqubit p10 26-0-52) (mapped l3 p4 88-0-176)
    add: (none-of-those 2-1-5) (none-of-those 26-1-53) (NOT-occupied_pqubit p4 32-0-64) (mapped l3 p10 82-0-164) (none-of-those 88-1-177)
    del: (NOT-initialized p10 2-0-4) (NOT-occupied_pqubit p10 26-0-52) (none-of-those 32-1-65) (none-of-those 82-1-165) (mapped l3 p4 88-0-176)
  (swap-ancilary l3 p4 p3), cost: 1
    pre: (NOT-occupied_pqubit p3 31-0-62) (mapped l3 p4 88-0-176)
    add: (none-of-those 7-1-15) (none-of-those 31-1-63) (NOT-occupied_pqubit p4 32-0-64) (mapped l3 p3 87-0-174) (none-of-those 88-1-177)
    del: (NOT-initialized p3 7-0-14) (NOT-occupied_pqubit p3 31-0-62) (none-of-those 32-1-65) (none-of-those 87-1-175) (mapped l3 p4 88-0-176)
  (swap-ancilary l3 p4 p5), cost: 1
    pre: (NOT-occupied_pqubit p5 33-0-66) (mapped l3 p4 88-0-176)
    add: (none-of-those 9-1-19) (NOT-occupied_pqubit p4 32-0-64) (none-of-those 33-1-67) (none-of-those 88-1-177) (mapped l3 p5 89-0-178)
    del: (NOT-initialized p5 9-0-18) (none-of-those 32-1-65) (NOT-occupied_pqubit p5 33-0-66) (mapped l3 p4 88-0-176) (none-of-those 89-1-179)
  (swap-ancilary l3 p5 p4), cost: 1
    pre: (NOT-occupied_pqubit p4 32-0-64) (mapped l3 p5 89-0-178)
    add: (none-of-those 8-1-17) (none-of-those 32-1-65) (NOT-occupied_pqubit p5 33-0-66) (mapped l3 p4 88-0-176) (none-of-those 89-1-179)
    del: (NOT-initialized p4 8-0-16) (NOT-occupied_pqubit p4 32-0-64) (none-of-those 33-1-67) (none-of-those 88-1-177) (mapped l3 p5 89-0-178)
  (swap-ancilary l3 p5 p6), cost: 1
    pre: (NOT-occupied_pqubit p6 34-0-68) (mapped l3 p5 89-0-178)
    add: (none-of-those 10-1-21) (NOT-occupied_pqubit p5 33-0-66) (none-of-those 34-1-69) (none-of-those 89-1-179) (mapped l3 p6 90-0-180)
    del: (NOT-initialized p6 10-0-20) (none-of-those 33-1-67) (NOT-occupied_pqubit p6 34-0-68) (mapped l3 p5 89-0-178) (none-of-those 90-1-181)
  (swap-ancilary l3 p5 p9), cost: 1
    pre: (NOT-occupied_pqubit p9 37-0-74) (mapped l3 p5 89-0-178)
    add: (none-of-those 13-1-27) (NOT-occupied_pqubit p5 33-0-66) (none-of-those 37-1-75) (none-of-those 89-1-179) (mapped l3 p9 93-0-186)
    del: (NOT-initialized p9 13-0-26) (none-of-those 33-1-67) (NOT-occupied_pqubit p9 37-0-74) (mapped l3 p5 89-0-178) (none-of-those 93-1-187)
  (swap-ancilary l3 p6 p5), cost: 1
    pre: (NOT-occupied_pqubit p5 33-0-66) (mapped l3 p6 90-0-180)
    add: (none-of-those 9-1-19) (none-of-those 33-1-67) (NOT-occupied_pqubit p6 34-0-68) (mapped l3 p5 89-0-178) (none-of-those 90-1-181)
    del: (NOT-initialized p5 9-0-18) (NOT-occupied_pqubit p5 33-0-66) (none-of-those 34-1-69) (none-of-those 89-1-179) (mapped l3 p6 90-0-180)
  (swap-ancilary l3 p6 p8), cost: 1
    pre: (NOT-occupied_pqubit p8 36-0-72) (mapped l3 p6 90-0-180)
    add: (none-of-those 12-1-25) (NOT-occupied_pqubit p6 34-0-68) (none-of-those 36-1-73) (none-of-those 90-1-181) (mapped l3 p8 92-0-184)
    del: (NOT-initialized p8 12-0-24) (none-of-those 34-1-69) (NOT-occupied_pqubit p8 36-0-72) (mapped l3 p6 90-0-180) (none-of-those 92-1-185)
  (swap-ancilary l3 p7 p8), cost: 1
    pre: (NOT-occupied_pqubit p8 36-0-72) (mapped l3 p7 91-0-182)
    add: (NOT-occupied_pqubit p7 35-0-70) (none-of-those 36-1-73) (none-of-those 91-1-183) (mapped l3 p8 92-0-184)
    del: (none-of-those 35-1-71) (NOT-occupied_pqubit p8 36-0-72) (mapped l3 p7 91-0-182) (none-of-those 92-1-185)
  (swap-ancilary l3 p8 p6), cost: 1
    pre: (NOT-occupied_pqubit p6 34-0-68) (mapped l3 p8 92-0-184)
    add: (none-of-those 10-1-21) (none-of-those 34-1-69) (NOT-occupied_pqubit p8 36-0-72) (mapped l3 p6 90-0-180) (none-of-those 92-1-185)
    del: (NOT-initialized p6 10-0-20) (NOT-occupied_pqubit p6 34-0-68) (none-of-those 36-1-73) (none-of-those 90-1-181) (mapped l3 p8 92-0-184)
  (swap-ancilary l3 p8 p7), cost: 1
    pre: (NOT-occupied_pqubit p7 35-0-70) (mapped l3 p8 92-0-184)
    add: (none-of-those 11-1-23) (none-of-those 35-1-71) (NOT-occupied_pqubit p8 36-0-72) (mapped l3 p7 91-0-182) (none-of-those 92-1-185)
    del: (NOT-initialized p7 11-0-22) (NOT-occupied_pqubit p7 35-0-70) (none-of-those 36-1-73) (none-of-those 91-1-183) (mapped l3 p8 92-0-184)
  (swap-ancilary l3 p8 p9), cost: 1
    pre: (NOT-occupied_pqubit p9 37-0-74) (mapped l3 p8 92-0-184)
    add: (none-of-those 13-1-27) (NOT-occupied_pqubit p8 36-0-72) (none-of-those 37-1-75) (none-of-those 92-1-185) (mapped l3 p9 93-0-186)
    del: (NOT-initialized p9 13-0-26) (none-of-those 36-1-73) (NOT-occupied_pqubit p9 37-0-74) (mapped l3 p8 92-0-184) (none-of-those 93-1-187)
  (swap-ancilary l3 p9 p10), cost: 1
    pre: (NOT-occupied_pqubit p10 26-0-52) (mapped l3 p9 93-0-186)
    add: (none-of-those 2-1-5) (none-of-those 26-1-53) (NOT-occupied_pqubit p9 37-0-74) (mapped l3 p10 82-0-164) (none-of-those 93-1-187)
    del: (NOT-initialized p10 2-0-4) (NOT-occupied_pqubit p10 26-0-52) (none-of-those 37-1-75) (none-of-those 82-1-165) (mapped l3 p9 93-0-186)
  (swap-ancilary l3 p9 p5), cost: 1
    pre: (NOT-occupied_pqubit p5 33-0-66) (mapped l3 p9 93-0-186)
    add: (none-of-those 9-1-19) (none-of-those 33-1-67) (NOT-occupied_pqubit p9 37-0-74) (mapped l3 p5 89-0-178) (none-of-those 93-1-187)
    del: (NOT-initialized p5 9-0-18) (NOT-occupied_pqubit p5 33-0-66) (none-of-those 37-1-75) (none-of-those 89-1-179) (mapped l3 p9 93-0-186)
  (swap-ancilary l3 p9 p8), cost: 1
    pre: (NOT-occupied_pqubit p8 36-0-72) (mapped l3 p9 93-0-186)
    add: (none-of-those 12-1-25) (none-of-those 36-1-73) (NOT-occupied_pqubit p9 37-0-74) (mapped l3 p8 92-0-184) (none-of-those 93-1-187)
    del: (NOT-initialized p8 12-0-24) (NOT-occupied_pqubit p8 36-0-72) (none-of-those 37-1-75) (none-of-those 92-1-185) (mapped l3 p9 93-0-186)
Init State: (NOT-initialized p0 0-0-0) (NOT-initialized p1 1-0-2) (NOT-initialized p10 2-0-4) (NOT-initialized p11 3-0-6) (NOT-initialized p12 4-0-8) (NOT-initialized p13 5-0-10) (NOT-initialized p2 6-0-12) (NOT-initialized p3 7-0-14) (NOT-initialized p4 8-0-16) (NOT-initialized p5 9-0-18) (NOT-initialized p6 10-0-20) (NOT-initialized p7 11-0-22) (NOT-initialized p8 12-0-24) (NOT-initialized p9 13-0-26) (rcnot l0_l1_i12 14-1-29) (rcnot l0_l1_i15 15-1-31) (rcnot l0_l1_i4 16-1-33) (rcnot l1_l2_i10 17-1-35) (rcnot l2_l3_i16 18-1-37) (rcnot l2_l3_i19 19-1-39) (rcnot l2_l3_i6 20-1-41) (rcnot l2_l3_i9 21-1-43) (rcnot l3_l0_i11 22-1-45) (rcnot l3_l0_i21 23-1-47) (NOT-occupied_pqubit p0 24-0-48) (NOT-occupied_pqubit p1 25-0-50) (NOT-occupied_pqubit p10 26-0-52) (NOT-occupied_pqubit p11 27-0-54) (NOT-occupied_pqubit p12 28-0-56) (NOT-occupied_pqubit p13 29-0-58) (NOT-occupied_pqubit p2 30-0-60) (NOT-occupied_pqubit p3 31-0-62) (NOT-occupied_pqubit p4 32-0-64) (NOT-occupied_pqubit p5 33-0-66) (NOT-occupied_pqubit p6 34-0-68) (NOT-occupied_pqubit p7 35-0-70) (NOT-occupied_pqubit p8 36-0-72) (NOT-occupied_pqubit p9 37-0-74) (none-of-those 38-1-77) (none-of-those 39-1-79) (none-of-those 40-1-81) (none-of-those 41-1-83) (none-of-those 42-1-85) (none-of-those 43-1-87) (none-of-those 44-1-89) (none-of-those 45-1-91) (none-of-those 46-1-93) (none-of-those 47-1-95) (none-of-those 48-1-97) (none-of-those 49-1-99) (none-of-those 50-1-101) (none-of-those 51-1-103) (none-of-those 52-1-105) (none-of-those 53-1-107) (none-of-those 54-1-109) (none-of-those 55-1-111) (none-of-those 56-1-113) (none-of-those 57-1-115) (none-of-those 58-1-117) (none-of-those 59-1-119) (none-of-those 60-1-121) (none-of-those 61-1-123) (none-of-those 62-1-125) (none-of-those 63-1-127) (none-of-those 64-1-129) (none-of-those 65-1-131) (none-of-those 66-1-133) (none-of-those 67-1-135) (none-of-those 68-1-137) (none-of-those 69-1-139) (none-of-those 70-1-141) (none-of-those 71-1-143) (none-of-those 72-1-145) (none-of-those 73-1-147) (none-of-those 74-1-149) (none-of-those 75-1-151) (none-of-those 76-1-153) (none-of-those 77-1-155) (none-of-those 78-1-157) (none-of-those 79-1-159) (none-of-those 80-1-161) (none-of-those 81-1-163) (none-of-those 82-1-165) (none-of-those 83-1-167) (none-of-those 84-1-169) (none-of-those 85-1-171) (none-of-those 86-1-173) (none-of-those 87-1-175) (none-of-those 88-1-177) (none-of-those 89-1-179) (none-of-those 90-1-181) (none-of-those 91-1-183) (none-of-those 92-1-185) (none-of-those 93-1-187)
Goal: (NOT-rcnot l0_l1_i12 14-0-28) (NOT-rcnot l0_l1_i15 15-0-30) (NOT-rcnot l0_l1_i4 16-0-32) (NOT-rcnot l1_l2_i10 17-0-34) (NOT-rcnot l2_l3_i16 18-0-36) (NOT-rcnot l2_l3_i19 19-0-38) (NOT-rcnot l2_l3_i6 20-0-40) (NOT-rcnot l2_l3_i9 21-0-42) (NOT-rcnot l3_l0_i11 22-0-44) (NOT-rcnot l3_l0_i21 23-0-46)
Value: 10
