Fact[120]:
  (clean shot6 0-0-0)
  (contains shot6 cocktail1 0-1-1)
  (contains shot6 cocktail2 0-2-2)
  (contains shot6 cocktail3 0-3-3)
  (contains shot6 cocktail4 0-4-4)
  (contains shot6 cocktail5 0-5-5)
  (used shot6 ingredient1 0-6-6)
  (used shot6 ingredient2 0-7-7)
  (used shot6 ingredient3 0-8-8)
  (none-of-those 0-9-9)
  (handempty left 1-0-10)
  (holding left shaker1 1-1-11)
  (holding left shot1 1-2-12)
  (holding left shot2 1-3-13)
  (holding left shot3 1-4-14)
  (holding left shot4 1-5-15)
  (holding left shot5 1-6-16)
  (holding left shot6 1-7-17)
  (handempty right 2-0-18)
  (holding right shaker1 2-1-19)
  (holding right shot1 2-2-20)
  (holding right shot2 2-3-21)
  (holding right shot3 2-4-22)
  (holding right shot4 2-5-23)
  (holding right shot5 2-6-24)
  (holding right shot6 2-7-25)
  (contains shaker1 cocktail1 3-0-26)
  (contains shaker1 cocktail2 3-1-27)
  (contains shaker1 cocktail3 3-2-28)
  (contains shaker1 cocktail4 3-3-29)
  (contains shaker1 cocktail5 3-4-30)
  (empty shaker1 3-5-31)
  (unshaked shaker1 3-6-32)
  (clean shot1 4-0-33)
  (contains shot1 cocktail1 4-1-34)
  (used shot1 ingredient1 4-2-35)
  (used shot1 ingredient2 4-3-36)
  (used shot1 ingredient3 4-4-37)
  (none-of-those 4-5-38)
  (clean shot2 5-0-39)
  (contains shot2 cocktail5 5-1-40)
  (used shot2 ingredient1 5-2-41)
  (used shot2 ingredient2 5-3-42)
  (used shot2 ingredient3 5-4-43)
  (none-of-those 5-5-44)
  (clean shot3 6-0-45)
  (contains shot3 cocktail4 6-1-46)
  (used shot3 ingredient1 6-2-47)
  (used shot3 ingredient2 6-3-48)
  (used shot3 ingredient3 6-4-49)
  (none-of-those 6-5-50)
  (clean shot4 7-0-51)
  (contains shot4 cocktail2 7-1-52)
  (used shot4 ingredient1 7-2-53)
  (used shot4 ingredient2 7-3-54)
  (used shot4 ingredient3 7-4-55)
  (none-of-those 7-5-56)
  (clean shot5 8-0-57)
  (contains shot5 cocktail3 8-1-58)
  (used shot5 ingredient1 8-2-59)
  (used shot5 ingredient2 8-3-60)
  (used shot5 ingredient3 8-4-61)
  (none-of-those 8-5-62)
  (contains shot1 ingredient1 9-0-63)
  (contains shot1 ingredient2 9-1-64)
  (contains shot1 ingredient3 9-2-65)
  (empty shot1 9-3-66)
  (none-of-those 9-4-67)
  (contains shot2 ingredient1 10-0-68)
  (contains shot2 ingredient2 10-1-69)
  (contains shot2 ingredient3 10-2-70)
  (empty shot2 10-3-71)
  (none-of-those 10-4-72)
  (contains shot3 ingredient1 11-0-73)
  (contains shot3 ingredient2 11-1-74)
  (contains shot3 ingredient3 11-2-75)
  (empty shot3 11-3-76)
  (none-of-those 11-4-77)
  (contains shot4 ingredient1 12-0-78)
  (contains shot4 ingredient2 12-1-79)
  (contains shot4 ingredient3 12-2-80)
  (empty shot4 12-3-81)
  (none-of-those 12-4-82)
  (contains shot5 ingredient1 13-0-83)
  (contains shot5 ingredient2 13-1-84)
  (contains shot5 ingredient3 13-2-85)
  (empty shot5 13-3-86)
  (none-of-those 13-4-87)
  (contains shot6 ingredient1 14-0-88)
  (contains shot6 ingredient2 14-1-89)
  (contains shot6 ingredient3 14-2-90)
  (empty shot6 14-3-91)
  (none-of-those 14-4-92)
  (shaker-level shaker1 l0 15-0-93)
  (shaker-level shaker1 l1 15-1-94)
  (shaker-level shaker1 l2 15-2-95)
  (ontable shaker1 16-0-96)
  (none-of-those 16-1-97)
  (ontable shot1 17-0-98)
  (none-of-those 17-1-99)
  (ontable shot2 18-0-100)
  (none-of-those 18-1-101)
  (ontable shot3 19-0-102)
  (none-of-those 19-1-103)
  (ontable shot4 20-0-104)
  (none-of-those 20-1-105)
  (ontable shot5 21-0-106)
  (none-of-those 21-1-107)
  (ontable shot6 22-0-108)
  (none-of-those 22-1-109)
  (shaked shaker1 23-0-110)
  (none-of-those 23-1-111)
  (clean shaker1 24-0-112)
  (none-of-those 24-1-113)
  (contains shaker1 ingredient1 25-0-114)
  (none-of-those 25-1-115)
  (contains shaker1 ingredient2 26-0-116)
  (none-of-those 26-1-117)
  (contains shaker1 ingredient3 27-0-118)
  (none-of-those 27-1-119)
Op[418]:
  (clean-shaker left right shaker1), cost: 1
    pre: (holding left shaker1 1-1-11) (handempty right 2-0-18) (empty shaker1 3-5-31)
    add: (clean shaker1 24-0-112)
    del: (none-of-those 24-1-113)
  (clean-shaker right left shaker1), cost: 1
    pre: (handempty left 1-0-10) (holding right shaker1 2-1-19) (empty shaker1 3-5-31)
    add: (clean shaker1 24-0-112)
    del: (none-of-those 24-1-113)
  (clean-shot shot1 ingredient1 left right), cost: 1
    pre: (holding left shot1 1-2-12) (handempty right 2-0-18) (used shot1 ingredient1 4-2-35) (empty shot1 9-3-66)
    add: (clean shot1 4-0-33)
    del: (used shot1 ingredient1 4-2-35)
  (clean-shot shot1 ingredient1 right left), cost: 1
    pre: (handempty left 1-0-10) (holding right shot1 2-2-20) (used shot1 ingredient1 4-2-35) (empty shot1 9-3-66)
    add: (clean shot1 4-0-33)
    del: (used shot1 ingredient1 4-2-35)
  (clean-shot shot1 ingredient2 left right), cost: 1
    pre: (holding left shot1 1-2-12) (handempty right 2-0-18) (used shot1 ingredient2 4-3-36) (empty shot1 9-3-66)
    add: (clean shot1 4-0-33)
    del: (used shot1 ingredient2 4-3-36)
  (clean-shot shot1 ingredient2 right left), cost: 1
    pre: (handempty left 1-0-10) (holding right shot1 2-2-20) (used shot1 ingredient2 4-3-36) (empty shot1 9-3-66)
    add: (clean shot1 4-0-33)
    del: (used shot1 ingredient2 4-3-36)
  (clean-shot shot1 ingredient3 left right), cost: 1
    pre: (holding left shot1 1-2-12) (handempty right 2-0-18) (used shot1 ingredient3 4-4-37) (empty shot1 9-3-66)
    add: (clean shot1 4-0-33)
    del: (used shot1 ingredient3 4-4-37)
  (clean-shot shot1 ingredient3 right left), cost: 1
    pre: (handempty left 1-0-10) (holding right shot1 2-2-20) (used shot1 ingredient3 4-4-37) (empty shot1 9-3-66)
    add: (clean shot1 4-0-33)
    del: (used shot1 ingredient3 4-4-37)
  (clean-shot shot2 ingredient1 left right), cost: 1
    pre: (holding left shot2 1-3-13) (handempty right 2-0-18) (used shot2 ingredient1 5-2-41) (empty shot2 10-3-71)
    add: (clean shot2 5-0-39)
    del: (used shot2 ingredient1 5-2-41)
  (clean-shot shot2 ingredient1 right left), cost: 1
    pre: (handempty left 1-0-10) (holding right shot2 2-3-21) (used shot2 ingredient1 5-2-41) (empty shot2 10-3-71)
    add: (clean shot2 5-0-39)
    del: (used shot2 ingredient1 5-2-41)
  (clean-shot shot2 ingredient2 left right), cost: 1
    pre: (holding left shot2 1-3-13) (handempty right 2-0-18) (used shot2 ingredient2 5-3-42) (empty shot2 10-3-71)
    add: (clean shot2 5-0-39)
    del: (used shot2 ingredient2 5-3-42)
  (clean-shot shot2 ingredient2 right left), cost: 1
    pre: (handempty left 1-0-10) (holding right shot2 2-3-21) (used shot2 ingredient2 5-3-42) (empty shot2 10-3-71)
    add: (clean shot2 5-0-39)
    del: (used shot2 ingredient2 5-3-42)
  (clean-shot shot2 ingredient3 left right), cost: 1
    pre: (holding left shot2 1-3-13) (handempty right 2-0-18) (used shot2 ingredient3 5-4-43) (empty shot2 10-3-71)
    add: (clean shot2 5-0-39)
    del: (used shot2 ingredient3 5-4-43)
  (clean-shot shot2 ingredient3 right left), cost: 1
    pre: (handempty left 1-0-10) (holding right shot2 2-3-21) (used shot2 ingredient3 5-4-43) (empty shot2 10-3-71)
    add: (clean shot2 5-0-39)
    del: (used shot2 ingredient3 5-4-43)
  (clean-shot shot3 ingredient1 left right), cost: 1
    pre: (holding left shot3 1-4-14) (handempty right 2-0-18) (used shot3 ingredient1 6-2-47) (empty shot3 11-3-76)
    add: (clean shot3 6-0-45)
    del: (used shot3 ingredient1 6-2-47)
  (clean-shot shot3 ingredient1 right left), cost: 1
    pre: (handempty left 1-0-10) (holding right shot3 2-4-22) (used shot3 ingredient1 6-2-47) (empty shot3 11-3-76)
    add: (clean shot3 6-0-45)
    del: (used shot3 ingredient1 6-2-47)
  (clean-shot shot3 ingredient2 left right), cost: 1
    pre: (holding left shot3 1-4-14) (handempty right 2-0-18) (used shot3 ingredient2 6-3-48) (empty shot3 11-3-76)
    add: (clean shot3 6-0-45)
    del: (used shot3 ingredient2 6-3-48)
  (clean-shot shot3 ingredient2 right left), cost: 1
    pre: (handempty left 1-0-10) (holding right shot3 2-4-22) (used shot3 ingredient2 6-3-48) (empty shot3 11-3-76)
    add: (clean shot3 6-0-45)
    del: (used shot3 ingredient2 6-3-48)
  (clean-shot shot3 ingredient3 left right), cost: 1
    pre: (holding left shot3 1-4-14) (handempty right 2-0-18) (used shot3 ingredient3 6-4-49) (empty shot3 11-3-76)
    add: (clean shot3 6-0-45)
    del: (used shot3 ingredient3 6-4-49)
  (clean-shot shot3 ingredient3 right left), cost: 1
    pre: (handempty left 1-0-10) (holding right shot3 2-4-22) (used shot3 ingredient3 6-4-49) (empty shot3 11-3-76)
    add: (clean shot3 6-0-45)
    del: (used shot3 ingredient3 6-4-49)
  (clean-shot shot4 ingredient1 left right), cost: 1
    pre: (holding left shot4 1-5-15) (handempty right 2-0-18) (used shot4 ingredient1 7-2-53) (empty shot4 12-3-81)
    add: (clean shot4 7-0-51)
    del: (used shot4 ingredient1 7-2-53)
  (clean-shot shot4 ingredient1 right left), cost: 1
    pre: (handempty left 1-0-10) (holding right shot4 2-5-23) (used shot4 ingredient1 7-2-53) (empty shot4 12-3-81)
    add: (clean shot4 7-0-51)
    del: (used shot4 ingredient1 7-2-53)
  (clean-shot shot4 ingredient2 left right), cost: 1
    pre: (holding left shot4 1-5-15) (handempty right 2-0-18) (used shot4 ingredient2 7-3-54) (empty shot4 12-3-81)
    add: (clean shot4 7-0-51)
    del: (used shot4 ingredient2 7-3-54)
  (clean-shot shot4 ingredient2 right left), cost: 1
    pre: (handempty left 1-0-10) (holding right shot4 2-5-23) (used shot4 ingredient2 7-3-54) (empty shot4 12-3-81)
    add: (clean shot4 7-0-51)
    del: (used shot4 ingredient2 7-3-54)
  (clean-shot shot4 ingredient3 left right), cost: 1
    pre: (holding left shot4 1-5-15) (handempty right 2-0-18) (used shot4 ingredient3 7-4-55) (empty shot4 12-3-81)
    add: (clean shot4 7-0-51)
    del: (used shot4 ingredient3 7-4-55)
  (clean-shot shot4 ingredient3 right left), cost: 1
    pre: (handempty left 1-0-10) (holding right shot4 2-5-23) (used shot4 ingredient3 7-4-55) (empty shot4 12-3-81)
    add: (clean shot4 7-0-51)
    del: (used shot4 ingredient3 7-4-55)
  (clean-shot shot5 ingredient1 left right), cost: 1
    pre: (holding left shot5 1-6-16) (handempty right 2-0-18) (used shot5 ingredient1 8-2-59) (empty shot5 13-3-86)
    add: (clean shot5 8-0-57)
    del: (used shot5 ingredient1 8-2-59)
  (clean-shot shot5 ingredient1 right left), cost: 1
    pre: (handempty left 1-0-10) (holding right shot5 2-6-24) (used shot5 ingredient1 8-2-59) (empty shot5 13-3-86)
    add: (clean shot5 8-0-57)
    del: (used shot5 ingredient1 8-2-59)
  (clean-shot shot5 ingredient2 left right), cost: 1
    pre: (holding left shot5 1-6-16) (handempty right 2-0-18) (used shot5 ingredient2 8-3-60) (empty shot5 13-3-86)
    add: (clean shot5 8-0-57)
    del: (used shot5 ingredient2 8-3-60)
  (clean-shot shot5 ingredient2 right left), cost: 1
    pre: (handempty left 1-0-10) (holding right shot5 2-6-24) (used shot5 ingredient2 8-3-60) (empty shot5 13-3-86)
    add: (clean shot5 8-0-57)
    del: (used shot5 ingredient2 8-3-60)
  (clean-shot shot5 ingredient3 left right), cost: 1
    pre: (holding left shot5 1-6-16) (handempty right 2-0-18) (used shot5 ingredient3 8-4-61) (empty shot5 13-3-86)
    add: (clean shot5 8-0-57)
    del: (used shot5 ingredient3 8-4-61)
  (clean-shot shot5 ingredient3 right left), cost: 1
    pre: (handempty left 1-0-10) (holding right shot5 2-6-24) (used shot5 ingredient3 8-4-61) (empty shot5 13-3-86)
    add: (clean shot5 8-0-57)
    del: (used shot5 ingredient3 8-4-61)
  (clean-shot shot6 ingredient1 left right), cost: 1
    pre: (used shot6 ingredient1 0-6-6) (holding left shot6 1-7-17) (handempty right 2-0-18) (empty shot6 14-3-91)
    add: (clean shot6 0-0-0)
    del: (used shot6 ingredient1 0-6-6)
  (clean-shot shot6 ingredient1 right left), cost: 1
    pre: (used shot6 ingredient1 0-6-6) (handempty left 1-0-10) (holding right shot6 2-7-25) (empty shot6 14-3-91)
    add: (clean shot6 0-0-0)
    del: (used shot6 ingredient1 0-6-6)
  (clean-shot shot6 ingredient2 left right), cost: 1
    pre: (used shot6 ingredient2 0-7-7) (holding left shot6 1-7-17) (handempty right 2-0-18) (empty shot6 14-3-91)
    add: (clean shot6 0-0-0)
    del: (used shot6 ingredient2 0-7-7)
  (clean-shot shot6 ingredient2 right left), cost: 1
    pre: (used shot6 ingredient2 0-7-7) (handempty left 1-0-10) (holding right shot6 2-7-25) (empty shot6 14-3-91)
    add: (clean shot6 0-0-0)
    del: (used shot6 ingredient2 0-7-7)
  (clean-shot shot6 ingredient3 left right), cost: 1
    pre: (used shot6 ingredient3 0-8-8) (holding left shot6 1-7-17) (handempty right 2-0-18) (empty shot6 14-3-91)
    add: (clean shot6 0-0-0)
    del: (used shot6 ingredient3 0-8-8)
  (clean-shot shot6 ingredient3 right left), cost: 1
    pre: (used shot6 ingredient3 0-8-8) (handempty left 1-0-10) (holding right shot6 2-7-25) (empty shot6 14-3-91)
    add: (clean shot6 0-0-0)
    del: (used shot6 ingredient3 0-8-8)
  (empty-shaker left shaker1 cocktail1 l0 l0), cost: 1
    pre: (holding left shaker1 1-1-11) (contains shaker1 cocktail1 3-0-26) (shaker-level shaker1 l0 15-0-93) (shaked shaker1 23-0-110)
    add: (empty shaker1 3-5-31) (none-of-those 23-1-111)
    del: (contains shaker1 cocktail1 3-0-26) (shaked shaker1 23-0-110)
  (empty-shaker left shaker1 cocktail1 l1 l0), cost: 1
    pre: (holding left shaker1 1-1-11) (contains shaker1 cocktail1 3-0-26) (shaker-level shaker1 l1 15-1-94) (shaked shaker1 23-0-110)
    add: (empty shaker1 3-5-31) (shaker-level shaker1 l0 15-0-93) (none-of-those 23-1-111)
    del: (contains shaker1 cocktail1 3-0-26) (shaker-level shaker1 l1 15-1-94) (shaked shaker1 23-0-110)
  (empty-shaker left shaker1 cocktail1 l2 l0), cost: 1
    pre: (holding left shaker1 1-1-11) (contains shaker1 cocktail1 3-0-26) (shaker-level shaker1 l2 15-2-95) (shaked shaker1 23-0-110)
    add: (empty shaker1 3-5-31) (shaker-level shaker1 l0 15-0-93) (none-of-those 23-1-111)
    del: (contains shaker1 cocktail1 3-0-26) (shaker-level shaker1 l2 15-2-95) (shaked shaker1 23-0-110)
  (empty-shaker left shaker1 cocktail2 l0 l0), cost: 1
    pre: (holding left shaker1 1-1-11) (contains shaker1 cocktail2 3-1-27) (shaker-level shaker1 l0 15-0-93) (shaked shaker1 23-0-110)
    add: (empty shaker1 3-5-31) (none-of-those 23-1-111)
    del: (contains shaker1 cocktail2 3-1-27) (shaked shaker1 23-0-110)
  (empty-shaker left shaker1 cocktail2 l1 l0), cost: 1
    pre: (holding left shaker1 1-1-11) (contains shaker1 cocktail2 3-1-27) (shaker-level shaker1 l1 15-1-94) (shaked shaker1 23-0-110)
    add: (empty shaker1 3-5-31) (shaker-level shaker1 l0 15-0-93) (none-of-those 23-1-111)
    del: (contains shaker1 cocktail2 3-1-27) (shaker-level shaker1 l1 15-1-94) (shaked shaker1 23-0-110)
  (empty-shaker left shaker1 cocktail2 l2 l0), cost: 1
    pre: (holding left shaker1 1-1-11) (contains shaker1 cocktail2 3-1-27) (shaker-level shaker1 l2 15-2-95) (shaked shaker1 23-0-110)
    add: (empty shaker1 3-5-31) (shaker-level shaker1 l0 15-0-93) (none-of-those 23-1-111)
    del: (contains shaker1 cocktail2 3-1-27) (shaker-level shaker1 l2 15-2-95) (shaked shaker1 23-0-110)
  (empty-shaker left shaker1 cocktail3 l0 l0), cost: 1
    pre: (holding left shaker1 1-1-11) (contains shaker1 cocktail3 3-2-28) (shaker-level shaker1 l0 15-0-93) (shaked shaker1 23-0-110)
    add: (empty shaker1 3-5-31) (none-of-those 23-1-111)
    del: (contains shaker1 cocktail3 3-2-28) (shaked shaker1 23-0-110)
  (empty-shaker left shaker1 cocktail3 l1 l0), cost: 1
    pre: (holding left shaker1 1-1-11) (contains shaker1 cocktail3 3-2-28) (shaker-level shaker1 l1 15-1-94) (shaked shaker1 23-0-110)
    add: (empty shaker1 3-5-31) (shaker-level shaker1 l0 15-0-93) (none-of-those 23-1-111)
    del: (contains shaker1 cocktail3 3-2-28) (shaker-level shaker1 l1 15-1-94) (shaked shaker1 23-0-110)
  (empty-shaker left shaker1 cocktail3 l2 l0), cost: 1
    pre: (holding left shaker1 1-1-11) (contains shaker1 cocktail3 3-2-28) (shaker-level shaker1 l2 15-2-95) (shaked shaker1 23-0-110)
    add: (empty shaker1 3-5-31) (shaker-level shaker1 l0 15-0-93) (none-of-those 23-1-111)
    del: (contains shaker1 cocktail3 3-2-28) (shaker-level shaker1 l2 15-2-95) (shaked shaker1 23-0-110)
  (empty-shaker left shaker1 cocktail4 l0 l0), cost: 1
    pre: (holding left shaker1 1-1-11) (contains shaker1 cocktail4 3-3-29) (shaker-level shaker1 l0 15-0-93) (shaked shaker1 23-0-110)
    add: (empty shaker1 3-5-31) (none-of-those 23-1-111)
    del: (contains shaker1 cocktail4 3-3-29) (shaked shaker1 23-0-110)
  (empty-shaker left shaker1 cocktail4 l1 l0), cost: 1
    pre: (holding left shaker1 1-1-11) (contains shaker1 cocktail4 3-3-29) (shaker-level shaker1 l1 15-1-94) (shaked shaker1 23-0-110)
    add: (empty shaker1 3-5-31) (shaker-level shaker1 l0 15-0-93) (none-of-those 23-1-111)
    del: (contains shaker1 cocktail4 3-3-29) (shaker-level shaker1 l1 15-1-94) (shaked shaker1 23-0-110)
  (empty-shaker left shaker1 cocktail4 l2 l0), cost: 1
    pre: (holding left shaker1 1-1-11) (contains shaker1 cocktail4 3-3-29) (shaker-level shaker1 l2 15-2-95) (shaked shaker1 23-0-110)
    add: (empty shaker1 3-5-31) (shaker-level shaker1 l0 15-0-93) (none-of-those 23-1-111)
    del: (contains shaker1 cocktail4 3-3-29) (shaker-level shaker1 l2 15-2-95) (shaked shaker1 23-0-110)
  (empty-shaker left shaker1 cocktail5 l0 l0), cost: 1
    pre: (holding left shaker1 1-1-11) (contains shaker1 cocktail5 3-4-30) (shaker-level shaker1 l0 15-0-93) (shaked shaker1 23-0-110)
    add: (empty shaker1 3-5-31) (none-of-those 23-1-111)
    del: (contains shaker1 cocktail5 3-4-30) (shaked shaker1 23-0-110)
  (empty-shaker left shaker1 cocktail5 l1 l0), cost: 1
    pre: (holding left shaker1 1-1-11) (contains shaker1 cocktail5 3-4-30) (shaker-level shaker1 l1 15-1-94) (shaked shaker1 23-0-110)
    add: (empty shaker1 3-5-31) (shaker-level shaker1 l0 15-0-93) (none-of-those 23-1-111)
    del: (contains shaker1 cocktail5 3-4-30) (shaker-level shaker1 l1 15-1-94) (shaked shaker1 23-0-110)
  (empty-shaker left shaker1 cocktail5 l2 l0), cost: 1
    pre: (holding left shaker1 1-1-11) (contains shaker1 cocktail5 3-4-30) (shaker-level shaker1 l2 15-2-95) (shaked shaker1 23-0-110)
    add: (empty shaker1 3-5-31) (shaker-level shaker1 l0 15-0-93) (none-of-those 23-1-111)
    del: (contains shaker1 cocktail5 3-4-30) (shaker-level shaker1 l2 15-2-95) (shaked shaker1 23-0-110)
  (empty-shaker right shaker1 cocktail1 l0 l0), cost: 1
    pre: (holding right shaker1 2-1-19) (contains shaker1 cocktail1 3-0-26) (shaker-level shaker1 l0 15-0-93) (shaked shaker1 23-0-110)
    add: (empty shaker1 3-5-31) (none-of-those 23-1-111)
    del: (contains shaker1 cocktail1 3-0-26) (shaked shaker1 23-0-110)
  (empty-shaker right shaker1 cocktail1 l1 l0), cost: 1
    pre: (holding right shaker1 2-1-19) (contains shaker1 cocktail1 3-0-26) (shaker-level shaker1 l1 15-1-94) (shaked shaker1 23-0-110)
    add: (empty shaker1 3-5-31) (shaker-level shaker1 l0 15-0-93) (none-of-those 23-1-111)
    del: (contains shaker1 cocktail1 3-0-26) (shaker-level shaker1 l1 15-1-94) (shaked shaker1 23-0-110)
  (empty-shaker right shaker1 cocktail1 l2 l0), cost: 1
    pre: (holding right shaker1 2-1-19) (contains shaker1 cocktail1 3-0-26) (shaker-level shaker1 l2 15-2-95) (shaked shaker1 23-0-110)
    add: (empty shaker1 3-5-31) (shaker-level shaker1 l0 15-0-93) (none-of-those 23-1-111)
    del: (contains shaker1 cocktail1 3-0-26) (shaker-level shaker1 l2 15-2-95) (shaked shaker1 23-0-110)
  (empty-shaker right shaker1 cocktail2 l0 l0), cost: 1
    pre: (holding right shaker1 2-1-19) (contains shaker1 cocktail2 3-1-27) (shaker-level shaker1 l0 15-0-93) (shaked shaker1 23-0-110)
    add: (empty shaker1 3-5-31) (none-of-those 23-1-111)
    del: (contains shaker1 cocktail2 3-1-27) (shaked shaker1 23-0-110)
  (empty-shaker right shaker1 cocktail2 l1 l0), cost: 1
    pre: (holding right shaker1 2-1-19) (contains shaker1 cocktail2 3-1-27) (shaker-level shaker1 l1 15-1-94) (shaked shaker1 23-0-110)
    add: (empty shaker1 3-5-31) (shaker-level shaker1 l0 15-0-93) (none-of-those 23-1-111)
    del: (contains shaker1 cocktail2 3-1-27) (shaker-level shaker1 l1 15-1-94) (shaked shaker1 23-0-110)
  (empty-shaker right shaker1 cocktail2 l2 l0), cost: 1
    pre: (holding right shaker1 2-1-19) (contains shaker1 cocktail2 3-1-27) (shaker-level shaker1 l2 15-2-95) (shaked shaker1 23-0-110)
    add: (empty shaker1 3-5-31) (shaker-level shaker1 l0 15-0-93) (none-of-those 23-1-111)
    del: (contains shaker1 cocktail2 3-1-27) (shaker-level shaker1 l2 15-2-95) (shaked shaker1 23-0-110)
  (empty-shaker right shaker1 cocktail3 l0 l0), cost: 1
    pre: (holding right shaker1 2-1-19) (contains shaker1 cocktail3 3-2-28) (shaker-level shaker1 l0 15-0-93) (shaked shaker1 23-0-110)
    add: (empty shaker1 3-5-31) (none-of-those 23-1-111)
    del: (contains shaker1 cocktail3 3-2-28) (shaked shaker1 23-0-110)
  (empty-shaker right shaker1 cocktail3 l1 l0), cost: 1
    pre: (holding right shaker1 2-1-19) (contains shaker1 cocktail3 3-2-28) (shaker-level shaker1 l1 15-1-94) (shaked shaker1 23-0-110)
    add: (empty shaker1 3-5-31) (shaker-level shaker1 l0 15-0-93) (none-of-those 23-1-111)
    del: (contains shaker1 cocktail3 3-2-28) (shaker-level shaker1 l1 15-1-94) (shaked shaker1 23-0-110)
  (empty-shaker right shaker1 cocktail3 l2 l0), cost: 1
    pre: (holding right shaker1 2-1-19) (contains shaker1 cocktail3 3-2-28) (shaker-level shaker1 l2 15-2-95) (shaked shaker1 23-0-110)
    add: (empty shaker1 3-5-31) (shaker-level shaker1 l0 15-0-93) (none-of-those 23-1-111)
    del: (contains shaker1 cocktail3 3-2-28) (shaker-level shaker1 l2 15-2-95) (shaked shaker1 23-0-110)
  (empty-shaker right shaker1 cocktail4 l0 l0), cost: 1
    pre: (holding right shaker1 2-1-19) (contains shaker1 cocktail4 3-3-29) (shaker-level shaker1 l0 15-0-93) (shaked shaker1 23-0-110)
    add: (empty shaker1 3-5-31) (none-of-those 23-1-111)
    del: (contains shaker1 cocktail4 3-3-29) (shaked shaker1 23-0-110)
  (empty-shaker right shaker1 cocktail4 l1 l0), cost: 1
    pre: (holding right shaker1 2-1-19) (contains shaker1 cocktail4 3-3-29) (shaker-level shaker1 l1 15-1-94) (shaked shaker1 23-0-110)
    add: (empty shaker1 3-5-31) (shaker-level shaker1 l0 15-0-93) (none-of-those 23-1-111)
    del: (contains shaker1 cocktail4 3-3-29) (shaker-level shaker1 l1 15-1-94) (shaked shaker1 23-0-110)
  (empty-shaker right shaker1 cocktail4 l2 l0), cost: 1
    pre: (holding right shaker1 2-1-19) (contains shaker1 cocktail4 3-3-29) (shaker-level shaker1 l2 15-2-95) (shaked shaker1 23-0-110)
    add: (empty shaker1 3-5-31) (shaker-level shaker1 l0 15-0-93) (none-of-those 23-1-111)
    del: (contains shaker1 cocktail4 3-3-29) (shaker-level shaker1 l2 15-2-95) (shaked shaker1 23-0-110)
  (empty-shaker right shaker1 cocktail5 l0 l0), cost: 1
    pre: (holding right shaker1 2-1-19) (contains shaker1 cocktail5 3-4-30) (shaker-level shaker1 l0 15-0-93) (shaked shaker1 23-0-110)
    add: (empty shaker1 3-5-31) (none-of-those 23-1-111)
    del: (contains shaker1 cocktail5 3-4-30) (shaked shaker1 23-0-110)
  (empty-shaker right shaker1 cocktail5 l1 l0), cost: 1
    pre: (holding right shaker1 2-1-19) (contains shaker1 cocktail5 3-4-30) (shaker-level shaker1 l1 15-1-94) (shaked shaker1 23-0-110)
    add: (empty shaker1 3-5-31) (shaker-level shaker1 l0 15-0-93) (none-of-those 23-1-111)
    del: (contains shaker1 cocktail5 3-4-30) (shaker-level shaker1 l1 15-1-94) (shaked shaker1 23-0-110)
  (empty-shaker right shaker1 cocktail5 l2 l0), cost: 1
    pre: (holding right shaker1 2-1-19) (contains shaker1 cocktail5 3-4-30) (shaker-level shaker1 l2 15-2-95) (shaked shaker1 23-0-110)
    add: (empty shaker1 3-5-31) (shaker-level shaker1 l0 15-0-93) (none-of-those 23-1-111)
    del: (contains shaker1 cocktail5 3-4-30) (shaker-level shaker1 l2 15-2-95) (shaked shaker1 23-0-110)
  (empty-shot left shot1 cocktail1), cost: 1
    pre: (holding left shot1 1-2-12) (contains shot1 cocktail1 4-1-34)
    add: (none-of-those 4-5-38) (empty shot1 9-3-66)
    del: (contains shot1 cocktail1 4-1-34) (contains shot1 ingredient1 9-0-63) (contains shot1 ingredient2 9-1-64) (contains shot1 ingredient3 9-2-65) (none-of-those 9-4-67)
  (empty-shot left shot1 ingredient1), cost: 1
    pre: (holding left shot1 1-2-12) (contains shot1 ingredient1 9-0-63)
    add: (empty shot1 9-3-66)
    del: (contains shot1 ingredient1 9-0-63)
  (empty-shot left shot1 ingredient2), cost: 1
    pre: (holding left shot1 1-2-12) (contains shot1 ingredient2 9-1-64)
    add: (empty shot1 9-3-66)
    del: (contains shot1 ingredient2 9-1-64)
  (empty-shot left shot1 ingredient3), cost: 1
    pre: (holding left shot1 1-2-12) (contains shot1 ingredient3 9-2-65)
    add: (empty shot1 9-3-66)
    del: (contains shot1 ingredient3 9-2-65)
  (empty-shot left shot2 cocktail5), cost: 1
    pre: (holding left shot2 1-3-13) (contains shot2 cocktail5 5-1-40)
    add: (none-of-those 5-5-44) (empty shot2 10-3-71)
    del: (contains shot2 cocktail5 5-1-40) (contains shot2 ingredient1 10-0-68) (contains shot2 ingredient2 10-1-69) (contains shot2 ingredient3 10-2-70) (none-of-those 10-4-72)
  (empty-shot left shot2 ingredient1), cost: 1
    pre: (holding left shot2 1-3-13) (contains shot2 ingredient1 10-0-68)
    add: (empty shot2 10-3-71)
    del: (contains shot2 ingredient1 10-0-68)
  (empty-shot left shot2 ingredient2), cost: 1
    pre: (holding left shot2 1-3-13) (contains shot2 ingredient2 10-1-69)
    add: (empty shot2 10-3-71)
    del: (contains shot2 ingredient2 10-1-69)
  (empty-shot left shot2 ingredient3), cost: 1
    pre: (holding left shot2 1-3-13) (contains shot2 ingredient3 10-2-70)
    add: (empty shot2 10-3-71)
    del: (contains shot2 ingredient3 10-2-70)
  (empty-shot left shot3 cocktail4), cost: 1
    pre: (holding left shot3 1-4-14) (contains shot3 cocktail4 6-1-46)
    add: (none-of-those 6-5-50) (empty shot3 11-3-76)
    del: (contains shot3 cocktail4 6-1-46) (contains shot3 ingredient1 11-0-73) (contains shot3 ingredient2 11-1-74) (contains shot3 ingredient3 11-2-75) (none-of-those 11-4-77)
  (empty-shot left shot3 ingredient1), cost: 1
    pre: (holding left shot3 1-4-14) (contains shot3 ingredient1 11-0-73)
    add: (empty shot3 11-3-76)
    del: (contains shot3 ingredient1 11-0-73)
  (empty-shot left shot3 ingredient2), cost: 1
    pre: (holding left shot3 1-4-14) (contains shot3 ingredient2 11-1-74)
    add: (empty shot3 11-3-76)
    del: (contains shot3 ingredient2 11-1-74)
  (empty-shot left shot3 ingredient3), cost: 1
    pre: (holding left shot3 1-4-14) (contains shot3 ingredient3 11-2-75)
    add: (empty shot3 11-3-76)
    del: (contains shot3 ingredient3 11-2-75)
  (empty-shot left shot4 cocktail2), cost: 1
    pre: (holding left shot4 1-5-15) (contains shot4 cocktail2 7-1-52)
    add: (none-of-those 7-5-56) (empty shot4 12-3-81)
    del: (contains shot4 cocktail2 7-1-52) (contains shot4 ingredient1 12-0-78) (contains shot4 ingredient2 12-1-79) (contains shot4 ingredient3 12-2-80) (none-of-those 12-4-82)
  (empty-shot left shot4 ingredient1), cost: 1
    pre: (holding left shot4 1-5-15) (contains shot4 ingredient1 12-0-78)
    add: (empty shot4 12-3-81)
    del: (contains shot4 ingredient1 12-0-78)
  (empty-shot left shot4 ingredient2), cost: 1
    pre: (holding left shot4 1-5-15) (contains shot4 ingredient2 12-1-79)
    add: (empty shot4 12-3-81)
    del: (contains shot4 ingredient2 12-1-79)
  (empty-shot left shot4 ingredient3), cost: 1
    pre: (holding left shot4 1-5-15) (contains shot4 ingredient3 12-2-80)
    add: (empty shot4 12-3-81)
    del: (contains shot4 ingredient3 12-2-80)
  (empty-shot left shot5 cocktail3), cost: 1
    pre: (holding left shot5 1-6-16) (contains shot5 cocktail3 8-1-58)
    add: (none-of-those 8-5-62) (empty shot5 13-3-86)
    del: (contains shot5 cocktail3 8-1-58) (contains shot5 ingredient1 13-0-83) (contains shot5 ingredient2 13-1-84) (contains shot5 ingredient3 13-2-85) (none-of-those 13-4-87)
  (empty-shot left shot5 ingredient1), cost: 1
    pre: (holding left shot5 1-6-16) (contains shot5 ingredient1 13-0-83)
    add: (empty shot5 13-3-86)
    del: (contains shot5 ingredient1 13-0-83)
  (empty-shot left shot5 ingredient2), cost: 1
    pre: (holding left shot5 1-6-16) (contains shot5 ingredient2 13-1-84)
    add: (empty shot5 13-3-86)
    del: (contains shot5 ingredient2 13-1-84)
  (empty-shot left shot5 ingredient3), cost: 1
    pre: (holding left shot5 1-6-16) (contains shot5 ingredient3 13-2-85)
    add: (empty shot5 13-3-86)
    del: (contains shot5 ingredient3 13-2-85)
  (empty-shot left shot6 cocktail1), cost: 1
    pre: (contains shot6 cocktail1 0-1-1) (holding left shot6 1-7-17)
    add: (none-of-those 0-9-9) (empty shot6 14-3-91)
    del: (contains shot6 cocktail1 0-1-1) (contains shot6 ingredient1 14-0-88) (contains shot6 ingredient2 14-1-89) (contains shot6 ingredient3 14-2-90) (none-of-those 14-4-92)
  (empty-shot left shot6 cocktail2), cost: 1
    pre: (contains shot6 cocktail2 0-2-2) (holding left shot6 1-7-17)
    add: (none-of-those 0-9-9) (empty shot6 14-3-91)
    del: (contains shot6 cocktail2 0-2-2) (contains shot6 ingredient1 14-0-88) (contains shot6 ingredient2 14-1-89) (contains shot6 ingredient3 14-2-90) (none-of-those 14-4-92)
  (empty-shot left shot6 cocktail3), cost: 1
    pre: (contains shot6 cocktail3 0-3-3) (holding left shot6 1-7-17)
    add: (none-of-those 0-9-9) (empty shot6 14-3-91)
    del: (contains shot6 cocktail3 0-3-3) (contains shot6 ingredient1 14-0-88) (contains shot6 ingredient2 14-1-89) (contains shot6 ingredient3 14-2-90) (none-of-those 14-4-92)
  (empty-shot left shot6 cocktail4), cost: 1
    pre: (contains shot6 cocktail4 0-4-4) (holding left shot6 1-7-17)
    add: (none-of-those 0-9-9) (empty shot6 14-3-91)
    del: (contains shot6 cocktail4 0-4-4) (contains shot6 ingredient1 14-0-88) (contains shot6 ingredient2 14-1-89) (contains shot6 ingredient3 14-2-90) (none-of-those 14-4-92)
  (empty-shot left shot6 cocktail5), cost: 1
    pre: (contains shot6 cocktail5 0-5-5) (holding left shot6 1-7-17)
    add: (none-of-those 0-9-9) (empty shot6 14-3-91)
    del: (contains shot6 cocktail5 0-5-5) (contains shot6 ingredient1 14-0-88) (contains shot6 ingredient2 14-1-89) (contains shot6 ingredient3 14-2-90) (none-of-those 14-4-92)
  (empty-shot left shot6 ingredient1), cost: 1
    pre: (holding left shot6 1-7-17) (contains shot6 ingredient1 14-0-88)
    add: (empty shot6 14-3-91)
    del: (contains shot6 ingredient1 14-0-88)
  (empty-shot left shot6 ingredient2), cost: 1
    pre: (holding left shot6 1-7-17) (contains shot6 ingredient2 14-1-89)
    add: (empty shot6 14-3-91)
    del: (contains shot6 ingredient2 14-1-89)
  (empty-shot left shot6 ingredient3), cost: 1
    pre: (holding left shot6 1-7-17) (contains shot6 ingredient3 14-2-90)
    add: (empty shot6 14-3-91)
    del: (contains shot6 ingredient3 14-2-90)
  (empty-shot right shot1 cocktail1), cost: 1
    pre: (holding right shot1 2-2-20) (contains shot1 cocktail1 4-1-34)
    add: (none-of-those 4-5-38) (empty shot1 9-3-66)
    del: (contains shot1 cocktail1 4-1-34) (contains shot1 ingredient1 9-0-63) (contains shot1 ingredient2 9-1-64) (contains shot1 ingredient3 9-2-65) (none-of-those 9-4-67)
  (empty-shot right shot1 ingredient1), cost: 1
    pre: (holding right shot1 2-2-20) (contains shot1 ingredient1 9-0-63)
    add: (empty shot1 9-3-66)
    del: (contains shot1 ingredient1 9-0-63)
  (empty-shot right shot1 ingredient2), cost: 1
    pre: (holding right shot1 2-2-20) (contains shot1 ingredient2 9-1-64)
    add: (empty shot1 9-3-66)
    del: (contains shot1 ingredient2 9-1-64)
  (empty-shot right shot1 ingredient3), cost: 1
    pre: (holding right shot1 2-2-20) (contains shot1 ingredient3 9-2-65)
    add: (empty shot1 9-3-66)
    del: (contains shot1 ingredient3 9-2-65)
  (empty-shot right shot2 cocktail5), cost: 1
    pre: (holding right shot2 2-3-21) (contains shot2 cocktail5 5-1-40)
    add: (none-of-those 5-5-44) (empty shot2 10-3-71)
    del: (contains shot2 cocktail5 5-1-40) (contains shot2 ingredient1 10-0-68) (contains shot2 ingredient2 10-1-69) (contains shot2 ingredient3 10-2-70) (none-of-those 10-4-72)
  (empty-shot right shot2 ingredient1), cost: 1
    pre: (holding right shot2 2-3-21) (contains shot2 ingredient1 10-0-68)
    add: (empty shot2 10-3-71)
    del: (contains shot2 ingredient1 10-0-68)
  (empty-shot right shot2 ingredient2), cost: 1
    pre: (holding right shot2 2-3-21) (contains shot2 ingredient2 10-1-69)
    add: (empty shot2 10-3-71)
    del: (contains shot2 ingredient2 10-1-69)
  (empty-shot right shot2 ingredient3), cost: 1
    pre: (holding right shot2 2-3-21) (contains shot2 ingredient3 10-2-70)
    add: (empty shot2 10-3-71)
    del: (contains shot2 ingredient3 10-2-70)
  (empty-shot right shot3 cocktail4), cost: 1
    pre: (holding right shot3 2-4-22) (contains shot3 cocktail4 6-1-46)
    add: (none-of-those 6-5-50) (empty shot3 11-3-76)
    del: (contains shot3 cocktail4 6-1-46) (contains shot3 ingredient1 11-0-73) (contains shot3 ingredient2 11-1-74) (contains shot3 ingredient3 11-2-75) (none-of-those 11-4-77)
  (empty-shot right shot3 ingredient1), cost: 1
    pre: (holding right shot3 2-4-22) (contains shot3 ingredient1 11-0-73)
    add: (empty shot3 11-3-76)
    del: (contains shot3 ingredient1 11-0-73)
  (empty-shot right shot3 ingredient2), cost: 1
    pre: (holding right shot3 2-4-22) (contains shot3 ingredient2 11-1-74)
    add: (empty shot3 11-3-76)
    del: (contains shot3 ingredient2 11-1-74)
  (empty-shot right shot3 ingredient3), cost: 1
    pre: (holding right shot3 2-4-22) (contains shot3 ingredient3 11-2-75)
    add: (empty shot3 11-3-76)
    del: (contains shot3 ingredient3 11-2-75)
  (empty-shot right shot4 cocktail2), cost: 1
    pre: (holding right shot4 2-5-23) (contains shot4 cocktail2 7-1-52)
    add: (none-of-those 7-5-56) (empty shot4 12-3-81)
    del: (contains shot4 cocktail2 7-1-52) (contains shot4 ingredient1 12-0-78) (contains shot4 ingredient2 12-1-79) (contains shot4 ingredient3 12-2-80) (none-of-those 12-4-82)
  (empty-shot right shot4 ingredient1), cost: 1
    pre: (holding right shot4 2-5-23) (contains shot4 ingredient1 12-0-78)
    add: (empty shot4 12-3-81)
    del: (contains shot4 ingredient1 12-0-78)
  (empty-shot right shot4 ingredient2), cost: 1
    pre: (holding right shot4 2-5-23) (contains shot4 ingredient2 12-1-79)
    add: (empty shot4 12-3-81)
    del: (contains shot4 ingredient2 12-1-79)
  (empty-shot right shot4 ingredient3), cost: 1
    pre: (holding right shot4 2-5-23) (contains shot4 ingredient3 12-2-80)
    add: (empty shot4 12-3-81)
    del: (contains shot4 ingredient3 12-2-80)
  (empty-shot right shot5 cocktail3), cost: 1
    pre: (holding right shot5 2-6-24) (contains shot5 cocktail3 8-1-58)
    add: (none-of-those 8-5-62) (empty shot5 13-3-86)
    del: (contains shot5 cocktail3 8-1-58) (contains shot5 ingredient1 13-0-83) (contains shot5 ingredient2 13-1-84) (contains shot5 ingredient3 13-2-85) (none-of-those 13-4-87)
  (empty-shot right shot5 ingredient1), cost: 1
    pre: (holding right shot5 2-6-24) (contains shot5 ingredient1 13-0-83)
    add: (empty shot5 13-3-86)
    del: (contains shot5 ingredient1 13-0-83)
  (empty-shot right shot5 ingredient2), cost: 1
    pre: (holding right shot5 2-6-24) (contains shot5 ingredient2 13-1-84)
    add: (empty shot5 13-3-86)
    del: (contains shot5 ingredient2 13-1-84)
  (empty-shot right shot5 ingredient3), cost: 1
    pre: (holding right shot5 2-6-24) (contains shot5 ingredient3 13-2-85)
    add: (empty shot5 13-3-86)
    del: (contains shot5 ingredient3 13-2-85)
  (empty-shot right shot6 cocktail1), cost: 1
    pre: (contains shot6 cocktail1 0-1-1) (holding right shot6 2-7-25)
    add: (none-of-those 0-9-9) (empty shot6 14-3-91)
    del: (contains shot6 cocktail1 0-1-1) (contains shot6 ingredient1 14-0-88) (contains shot6 ingredient2 14-1-89) (contains shot6 ingredient3 14-2-90) (none-of-those 14-4-92)
  (empty-shot right shot6 cocktail2), cost: 1
    pre: (contains shot6 cocktail2 0-2-2) (holding right shot6 2-7-25)
    add: (none-of-those 0-9-9) (empty shot6 14-3-91)
    del: (contains shot6 cocktail2 0-2-2) (contains shot6 ingredient1 14-0-88) (contains shot6 ingredient2 14-1-89) (contains shot6 ingredient3 14-2-90) (none-of-those 14-4-92)
  (empty-shot right shot6 cocktail3), cost: 1
    pre: (contains shot6 cocktail3 0-3-3) (holding right shot6 2-7-25)
    add: (none-of-those 0-9-9) (empty shot6 14-3-91)
    del: (contains shot6 cocktail3 0-3-3) (contains shot6 ingredient1 14-0-88) (contains shot6 ingredient2 14-1-89) (contains shot6 ingredient3 14-2-90) (none-of-those 14-4-92)
  (empty-shot right shot6 cocktail4), cost: 1
    pre: (contains shot6 cocktail4 0-4-4) (holding right shot6 2-7-25)
    add: (none-of-those 0-9-9) (empty shot6 14-3-91)
    del: (contains shot6 cocktail4 0-4-4) (contains shot6 ingredient1 14-0-88) (contains shot6 ingredient2 14-1-89) (contains shot6 ingredient3 14-2-90) (none-of-those 14-4-92)
  (empty-shot right shot6 cocktail5), cost: 1
    pre: (contains shot6 cocktail5 0-5-5) (holding right shot6 2-7-25)
    add: (none-of-those 0-9-9) (empty shot6 14-3-91)
    del: (contains shot6 cocktail5 0-5-5) (contains shot6 ingredient1 14-0-88) (contains shot6 ingredient2 14-1-89) (contains shot6 ingredient3 14-2-90) (none-of-those 14-4-92)
  (empty-shot right shot6 ingredient1), cost: 1
    pre: (holding right shot6 2-7-25) (contains shot6 ingredient1 14-0-88)
    add: (empty shot6 14-3-91)
    del: (contains shot6 ingredient1 14-0-88)
  (empty-shot right shot6 ingredient2), cost: 1
    pre: (holding right shot6 2-7-25) (contains shot6 ingredient2 14-1-89)
    add: (empty shot6 14-3-91)
    del: (contains shot6 ingredient2 14-1-89)
  (empty-shot right shot6 ingredient3), cost: 1
    pre: (holding right shot6 2-7-25) (contains shot6 ingredient3 14-2-90)
    add: (empty shot6 14-3-91)
    del: (contains shot6 ingredient3 14-2-90)
  (fill-shot shot1 ingredient1 left right dispenser1), cost: 10
    pre: (holding left shot1 1-2-12) (handempty right 2-0-18) (clean shot1 4-0-33) (empty shot1 9-3-66)
    add: (used shot1 ingredient1 4-2-35) (contains shot1 ingredient1 9-0-63)
    del: (clean shot1 4-0-33) (empty shot1 9-3-66)
  (fill-shot shot1 ingredient1 right left dispenser1), cost: 10
    pre: (handempty left 1-0-10) (holding right shot1 2-2-20) (clean shot1 4-0-33) (empty shot1 9-3-66)
    add: (used shot1 ingredient1 4-2-35) (contains shot1 ingredient1 9-0-63)
    del: (clean shot1 4-0-33) (empty shot1 9-3-66)
  (fill-shot shot1 ingredient2 left right dispenser2), cost: 10
    pre: (holding left shot1 1-2-12) (handempty right 2-0-18) (clean shot1 4-0-33) (empty shot1 9-3-66)
    add: (used shot1 ingredient2 4-3-36) (contains shot1 ingredient2 9-1-64)
    del: (clean shot1 4-0-33) (empty shot1 9-3-66)
  (fill-shot shot1 ingredient2 right left dispenser2), cost: 10
    pre: (handempty left 1-0-10) (holding right shot1 2-2-20) (clean shot1 4-0-33) (empty shot1 9-3-66)
    add: (used shot1 ingredient2 4-3-36) (contains shot1 ingredient2 9-1-64)
    del: (clean shot1 4-0-33) (empty shot1 9-3-66)
  (fill-shot shot1 ingredient3 left right dispenser3), cost: 10
    pre: (holding left shot1 1-2-12) (handempty right 2-0-18) (clean shot1 4-0-33) (empty shot1 9-3-66)
    add: (used shot1 ingredient3 4-4-37) (contains shot1 ingredient3 9-2-65)
    del: (clean shot1 4-0-33) (empty shot1 9-3-66)
  (fill-shot shot1 ingredient3 right left dispenser3), cost: 10
    pre: (handempty left 1-0-10) (holding right shot1 2-2-20) (clean shot1 4-0-33) (empty shot1 9-3-66)
    add: (used shot1 ingredient3 4-4-37) (contains shot1 ingredient3 9-2-65)
    del: (clean shot1 4-0-33) (empty shot1 9-3-66)
  (fill-shot shot2 ingredient1 left right dispenser1), cost: 10
    pre: (holding left shot2 1-3-13) (handempty right 2-0-18) (clean shot2 5-0-39) (empty shot2 10-3-71)
    add: (used shot2 ingredient1 5-2-41) (contains shot2 ingredient1 10-0-68)
    del: (clean shot2 5-0-39) (empty shot2 10-3-71)
  (fill-shot shot2 ingredient1 right left dispenser1), cost: 10
    pre: (handempty left 1-0-10) (holding right shot2 2-3-21) (clean shot2 5-0-39) (empty shot2 10-3-71)
    add: (used shot2 ingredient1 5-2-41) (contains shot2 ingredient1 10-0-68)
    del: (clean shot2 5-0-39) (empty shot2 10-3-71)
  (fill-shot shot2 ingredient2 left right dispenser2), cost: 10
    pre: (holding left shot2 1-3-13) (handempty right 2-0-18) (clean shot2 5-0-39) (empty shot2 10-3-71)
    add: (used shot2 ingredient2 5-3-42) (contains shot2 ingredient2 10-1-69)
    del: (clean shot2 5-0-39) (empty shot2 10-3-71)
  (fill-shot shot2 ingredient2 right left dispenser2), cost: 10
    pre: (handempty left 1-0-10) (holding right shot2 2-3-21) (clean shot2 5-0-39) (empty shot2 10-3-71)
    add: (used shot2 ingredient2 5-3-42) (contains shot2 ingredient2 10-1-69)
    del: (clean shot2 5-0-39) (empty shot2 10-3-71)
  (fill-shot shot2 ingredient3 left right dispenser3), cost: 10
    pre: (holding left shot2 1-3-13) (handempty right 2-0-18) (clean shot2 5-0-39) (empty shot2 10-3-71)
    add: (used shot2 ingredient3 5-4-43) (contains shot2 ingredient3 10-2-70)
    del: (clean shot2 5-0-39) (empty shot2 10-3-71)
  (fill-shot shot2 ingredient3 right left dispenser3), cost: 10
    pre: (handempty left 1-0-10) (holding right shot2 2-3-21) (clean shot2 5-0-39) (empty shot2 10-3-71)
    add: (used shot2 ingredient3 5-4-43) (contains shot2 ingredient3 10-2-70)
    del: (clean shot2 5-0-39) (empty shot2 10-3-71)
  (fill-shot shot3 ingredient1 left right dispenser1), cost: 10
    pre: (holding left shot3 1-4-14) (handempty right 2-0-18) (clean shot3 6-0-45) (empty shot3 11-3-76)
    add: (used shot3 ingredient1 6-2-47) (contains shot3 ingredient1 11-0-73)
    del: (clean shot3 6-0-45) (empty shot3 11-3-76)
  (fill-shot shot3 ingredient1 right left dispenser1), cost: 10
    pre: (handempty left 1-0-10) (holding right shot3 2-4-22) (clean shot3 6-0-45) (empty shot3 11-3-76)
    add: (used shot3 ingredient1 6-2-47) (contains shot3 ingredient1 11-0-73)
    del: (clean shot3 6-0-45) (empty shot3 11-3-76)
  (fill-shot shot3 ingredient2 left right dispenser2), cost: 10
    pre: (holding left shot3 1-4-14) (handempty right 2-0-18) (clean shot3 6-0-45) (empty shot3 11-3-76)
    add: (used shot3 ingredient2 6-3-48) (contains shot3 ingredient2 11-1-74)
    del: (clean shot3 6-0-45) (empty shot3 11-3-76)
  (fill-shot shot3 ingredient2 right left dispenser2), cost: 10
    pre: (handempty left 1-0-10) (holding right shot3 2-4-22) (clean shot3 6-0-45) (empty shot3 11-3-76)
    add: (used shot3 ingredient2 6-3-48) (contains shot3 ingredient2 11-1-74)
    del: (clean shot3 6-0-45) (empty shot3 11-3-76)
  (fill-shot shot3 ingredient3 left right dispenser3), cost: 10
    pre: (holding left shot3 1-4-14) (handempty right 2-0-18) (clean shot3 6-0-45) (empty shot3 11-3-76)
    add: (used shot3 ingredient3 6-4-49) (contains shot3 ingredient3 11-2-75)
    del: (clean shot3 6-0-45) (empty shot3 11-3-76)
  (fill-shot shot3 ingredient3 right left dispenser3), cost: 10
    pre: (handempty left 1-0-10) (holding right shot3 2-4-22) (clean shot3 6-0-45) (empty shot3 11-3-76)
    add: (used shot3 ingredient3 6-4-49) (contains shot3 ingredient3 11-2-75)
    del: (clean shot3 6-0-45) (empty shot3 11-3-76)
  (fill-shot shot4 ingredient1 left right dispenser1), cost: 10
    pre: (holding left shot4 1-5-15) (handempty right 2-0-18) (clean shot4 7-0-51) (empty shot4 12-3-81)
    add: (used shot4 ingredient1 7-2-53) (contains shot4 ingredient1 12-0-78)
    del: (clean shot4 7-0-51) (empty shot4 12-3-81)
  (fill-shot shot4 ingredient1 right left dispenser1), cost: 10
    pre: (handempty left 1-0-10) (holding right shot4 2-5-23) (clean shot4 7-0-51) (empty shot4 12-3-81)
    add: (used shot4 ingredient1 7-2-53) (contains shot4 ingredient1 12-0-78)
    del: (clean shot4 7-0-51) (empty shot4 12-3-81)
  (fill-shot shot4 ingredient2 left right dispenser2), cost: 10
    pre: (holding left shot4 1-5-15) (handempty right 2-0-18) (clean shot4 7-0-51) (empty shot4 12-3-81)
    add: (used shot4 ingredient2 7-3-54) (contains shot4 ingredient2 12-1-79)
    del: (clean shot4 7-0-51) (empty shot4 12-3-81)
  (fill-shot shot4 ingredient2 right left dispenser2), cost: 10
    pre: (handempty left 1-0-10) (holding right shot4 2-5-23) (clean shot4 7-0-51) (empty shot4 12-3-81)
    add: (used shot4 ingredient2 7-3-54) (contains shot4 ingredient2 12-1-79)
    del: (clean shot4 7-0-51) (empty shot4 12-3-81)
  (fill-shot shot4 ingredient3 left right dispenser3), cost: 10
    pre: (holding left shot4 1-5-15) (handempty right 2-0-18) (clean shot4 7-0-51) (empty shot4 12-3-81)
    add: (used shot4 ingredient3 7-4-55) (contains shot4 ingredient3 12-2-80)
    del: (clean shot4 7-0-51) (empty shot4 12-3-81)
  (fill-shot shot4 ingredient3 right left dispenser3), cost: 10
    pre: (handempty left 1-0-10) (holding right shot4 2-5-23) (clean shot4 7-0-51) (empty shot4 12-3-81)
    add: (used shot4 ingredient3 7-4-55) (contains shot4 ingredient3 12-2-80)
    del: (clean shot4 7-0-51) (empty shot4 12-3-81)
  (fill-shot shot5 ingredient1 left right dispenser1), cost: 10
    pre: (holding left shot5 1-6-16) (handempty right 2-0-18) (clean shot5 8-0-57) (empty shot5 13-3-86)
    add: (used shot5 ingredient1 8-2-59) (contains shot5 ingredient1 13-0-83)
    del: (clean shot5 8-0-57) (empty shot5 13-3-86)
  (fill-shot shot5 ingredient1 right left dispenser1), cost: 10
    pre: (handempty left 1-0-10) (holding right shot5 2-6-24) (clean shot5 8-0-57) (empty shot5 13-3-86)
    add: (used shot5 ingredient1 8-2-59) (contains shot5 ingredient1 13-0-83)
    del: (clean shot5 8-0-57) (empty shot5 13-3-86)
  (fill-shot shot5 ingredient2 left right dispenser2), cost: 10
    pre: (holding left shot5 1-6-16) (handempty right 2-0-18) (clean shot5 8-0-57) (empty shot5 13-3-86)
    add: (used shot5 ingredient2 8-3-60) (contains shot5 ingredient2 13-1-84)
    del: (clean shot5 8-0-57) (empty shot5 13-3-86)
  (fill-shot shot5 ingredient2 right left dispenser2), cost: 10
    pre: (handempty left 1-0-10) (holding right shot5 2-6-24) (clean shot5 8-0-57) (empty shot5 13-3-86)
    add: (used shot5 ingredient2 8-3-60) (contains shot5 ingredient2 13-1-84)
    del: (clean shot5 8-0-57) (empty shot5 13-3-86)
  (fill-shot shot5 ingredient3 left right dispenser3), cost: 10
    pre: (holding left shot5 1-6-16) (handempty right 2-0-18) (clean shot5 8-0-57) (empty shot5 13-3-86)
    add: (used shot5 ingredient3 8-4-61) (contains shot5 ingredient3 13-2-85)
    del: (clean shot5 8-0-57) (empty shot5 13-3-86)
  (fill-shot shot5 ingredient3 right left dispenser3), cost: 10
    pre: (handempty left 1-0-10) (holding right shot5 2-6-24) (clean shot5 8-0-57) (empty shot5 13-3-86)
    add: (used shot5 ingredient3 8-4-61) (contains shot5 ingredient3 13-2-85)
    del: (clean shot5 8-0-57) (empty shot5 13-3-86)
  (fill-shot shot6 ingredient1 left right dispenser1), cost: 10
    pre: (clean shot6 0-0-0) (holding left shot6 1-7-17) (handempty right 2-0-18) (empty shot6 14-3-91)
    add: (used shot6 ingredient1 0-6-6) (contains shot6 ingredient1 14-0-88)
    del: (clean shot6 0-0-0) (empty shot6 14-3-91)
  (fill-shot shot6 ingredient1 right left dispenser1), cost: 10
    pre: (clean shot6 0-0-0) (handempty left 1-0-10) (holding right shot6 2-7-25) (empty shot6 14-3-91)
    add: (used shot6 ingredient1 0-6-6) (contains shot6 ingredient1 14-0-88)
    del: (clean shot6 0-0-0) (empty shot6 14-3-91)
  (fill-shot shot6 ingredient2 left right dispenser2), cost: 10
    pre: (clean shot6 0-0-0) (holding left shot6 1-7-17) (handempty right 2-0-18) (empty shot6 14-3-91)
    add: (used shot6 ingredient2 0-7-7) (contains shot6 ingredient2 14-1-89)
    del: (clean shot6 0-0-0) (empty shot6 14-3-91)
  (fill-shot shot6 ingredient2 right left dispenser2), cost: 10
    pre: (clean shot6 0-0-0) (handempty left 1-0-10) (holding right shot6 2-7-25) (empty shot6 14-3-91)
    add: (used shot6 ingredient2 0-7-7) (contains shot6 ingredient2 14-1-89)
    del: (clean shot6 0-0-0) (empty shot6 14-3-91)
  (fill-shot shot6 ingredient3 left right dispenser3), cost: 10
    pre: (clean shot6 0-0-0) (holding left shot6 1-7-17) (handempty right 2-0-18) (empty shot6 14-3-91)
    add: (used shot6 ingredient3 0-8-8) (contains shot6 ingredient3 14-2-90)
    del: (clean shot6 0-0-0) (empty shot6 14-3-91)
  (fill-shot shot6 ingredient3 right left dispenser3), cost: 10
    pre: (clean shot6 0-0-0) (handempty left 1-0-10) (holding right shot6 2-7-25) (empty shot6 14-3-91)
    add: (used shot6 ingredient3 0-8-8) (contains shot6 ingredient3 14-2-90)
    del: (clean shot6 0-0-0) (empty shot6 14-3-91)
  (grasp left shaker1), cost: 1
    pre: (handempty left 1-0-10) (ontable shaker1 16-0-96)
    add: (holding left shaker1 1-1-11) (none-of-those 16-1-97)
    del: (handempty left 1-0-10) (ontable shaker1 16-0-96)
  (grasp left shot1), cost: 1
    pre: (handempty left 1-0-10) (ontable shot1 17-0-98)
    add: (holding left shot1 1-2-12) (none-of-those 17-1-99)
    del: (handempty left 1-0-10) (ontable shot1 17-0-98)
  (grasp left shot2), cost: 1
    pre: (handempty left 1-0-10) (ontable shot2 18-0-100)
    add: (holding left shot2 1-3-13) (none-of-those 18-1-101)
    del: (handempty left 1-0-10) (ontable shot2 18-0-100)
  (grasp left shot3), cost: 1
    pre: (handempty left 1-0-10) (ontable shot3 19-0-102)
    add: (holding left shot3 1-4-14) (none-of-those 19-1-103)
    del: (handempty left 1-0-10) (ontable shot3 19-0-102)
  (grasp left shot4), cost: 1
    pre: (handempty left 1-0-10) (ontable shot4 20-0-104)
    add: (holding left shot4 1-5-15) (none-of-those 20-1-105)
    del: (handempty left 1-0-10) (ontable shot4 20-0-104)
  (grasp left shot5), cost: 1
    pre: (handempty left 1-0-10) (ontable shot5 21-0-106)
    add: (holding left shot5 1-6-16) (none-of-those 21-1-107)
    del: (handempty left 1-0-10) (ontable shot5 21-0-106)
  (grasp left shot6), cost: 1
    pre: (handempty left 1-0-10) (ontable shot6 22-0-108)
    add: (holding left shot6 1-7-17) (none-of-those 22-1-109)
    del: (handempty left 1-0-10) (ontable shot6 22-0-108)
  (grasp right shaker1), cost: 1
    pre: (handempty right 2-0-18) (ontable shaker1 16-0-96)
    add: (holding right shaker1 2-1-19) (none-of-those 16-1-97)
    del: (handempty right 2-0-18) (ontable shaker1 16-0-96)
  (grasp right shot1), cost: 1
    pre: (handempty right 2-0-18) (ontable shot1 17-0-98)
    add: (holding right shot1 2-2-20) (none-of-those 17-1-99)
    del: (handempty right 2-0-18) (ontable shot1 17-0-98)
  (grasp right shot2), cost: 1
    pre: (handempty right 2-0-18) (ontable shot2 18-0-100)
    add: (holding right shot2 2-3-21) (none-of-those 18-1-101)
    del: (handempty right 2-0-18) (ontable shot2 18-0-100)
  (grasp right shot3), cost: 1
    pre: (handempty right 2-0-18) (ontable shot3 19-0-102)
    add: (holding right shot3 2-4-22) (none-of-those 19-1-103)
    del: (handempty right 2-0-18) (ontable shot3 19-0-102)
  (grasp right shot4), cost: 1
    pre: (handempty right 2-0-18) (ontable shot4 20-0-104)
    add: (holding right shot4 2-5-23) (none-of-those 20-1-105)
    del: (handempty right 2-0-18) (ontable shot4 20-0-104)
  (grasp right shot5), cost: 1
    pre: (handempty right 2-0-18) (ontable shot5 21-0-106)
    add: (holding right shot5 2-6-24) (none-of-those 21-1-107)
    del: (handempty right 2-0-18) (ontable shot5 21-0-106)
  (grasp right shot6), cost: 1
    pre: (handempty right 2-0-18) (ontable shot6 22-0-108)
    add: (holding right shot6 2-7-25) (none-of-those 22-1-109)
    del: (handempty right 2-0-18) (ontable shot6 22-0-108)
  (leave left shaker1), cost: 1
    pre: (holding left shaker1 1-1-11)
    add: (handempty left 1-0-10) (ontable shaker1 16-0-96)
    del: (holding left shaker1 1-1-11) (none-of-those 16-1-97)
  (leave left shot1), cost: 1
    pre: (holding left shot1 1-2-12)
    add: (handempty left 1-0-10) (ontable shot1 17-0-98)
    del: (holding left shot1 1-2-12) (none-of-those 17-1-99)
  (leave left shot2), cost: 1
    pre: (holding left shot2 1-3-13)
    add: (handempty left 1-0-10) (ontable shot2 18-0-100)
    del: (holding left shot2 1-3-13) (none-of-those 18-1-101)
  (leave left shot3), cost: 1
    pre: (holding left shot3 1-4-14)
    add: (handempty left 1-0-10) (ontable shot3 19-0-102)
    del: (holding left shot3 1-4-14) (none-of-those 19-1-103)
  (leave left shot4), cost: 1
    pre: (holding left shot4 1-5-15)
    add: (handempty left 1-0-10) (ontable shot4 20-0-104)
    del: (holding left shot4 1-5-15) (none-of-those 20-1-105)
  (leave left shot5), cost: 1
    pre: (holding left shot5 1-6-16)
    add: (handempty left 1-0-10) (ontable shot5 21-0-106)
    del: (holding left shot5 1-6-16) (none-of-those 21-1-107)
  (leave left shot6), cost: 1
    pre: (holding left shot6 1-7-17)
    add: (handempty left 1-0-10) (ontable shot6 22-0-108)
    del: (holding left shot6 1-7-17) (none-of-those 22-1-109)
  (leave right shaker1), cost: 1
    pre: (holding right shaker1 2-1-19)
    add: (handempty right 2-0-18) (ontable shaker1 16-0-96)
    del: (holding right shaker1 2-1-19) (none-of-those 16-1-97)
  (leave right shot1), cost: 1
    pre: (holding right shot1 2-2-20)
    add: (handempty right 2-0-18) (ontable shot1 17-0-98)
    del: (holding right shot1 2-2-20) (none-of-those 17-1-99)
  (leave right shot2), cost: 1
    pre: (holding right shot2 2-3-21)
    add: (handempty right 2-0-18) (ontable shot2 18-0-100)
    del: (holding right shot2 2-3-21) (none-of-those 18-1-101)
  (leave right shot3), cost: 1
    pre: (holding right shot3 2-4-22)
    add: (handempty right 2-0-18) (ontable shot3 19-0-102)
    del: (holding right shot3 2-4-22) (none-of-those 19-1-103)
  (leave right shot4), cost: 1
    pre: (holding right shot4 2-5-23)
    add: (handempty right 2-0-18) (ontable shot4 20-0-104)
    del: (holding right shot4 2-5-23) (none-of-those 20-1-105)
  (leave right shot5), cost: 1
    pre: (holding right shot5 2-6-24)
    add: (handempty right 2-0-18) (ontable shot5 21-0-106)
    del: (holding right shot5 2-6-24) (none-of-those 21-1-107)
  (leave right shot6), cost: 1
    pre: (holding right shot6 2-7-25)
    add: (handempty right 2-0-18) (ontable shot6 22-0-108)
    del: (holding right shot6 2-7-25) (none-of-those 22-1-109)
  (pour-shaker-to-shot cocktail1 shot1 left shaker1 l1 l0), cost: 1
    pre: (holding left shaker1 1-1-11) (contains shaker1 cocktail1 3-0-26) (clean shot1 4-0-33) (empty shot1 9-3-66) (shaker-level shaker1 l1 15-1-94) (shaked shaker1 23-0-110)
    add: (contains shot1 cocktail1 4-1-34) (none-of-those 9-4-67) (shaker-level shaker1 l0 15-0-93)
    del: (clean shot1 4-0-33) (empty shot1 9-3-66) (shaker-level shaker1 l1 15-1-94)
  (pour-shaker-to-shot cocktail1 shot1 left shaker1 l2 l1), cost: 1
    pre: (holding left shaker1 1-1-11) (contains shaker1 cocktail1 3-0-26) (clean shot1 4-0-33) (empty shot1 9-3-66) (shaker-level shaker1 l2 15-2-95) (shaked shaker1 23-0-110)
    add: (contains shot1 cocktail1 4-1-34) (none-of-those 9-4-67) (shaker-level shaker1 l1 15-1-94)
    del: (clean shot1 4-0-33) (empty shot1 9-3-66) (shaker-level shaker1 l2 15-2-95)
  (pour-shaker-to-shot cocktail1 shot1 right shaker1 l1 l0), cost: 1
    pre: (holding right shaker1 2-1-19) (contains shaker1 cocktail1 3-0-26) (clean shot1 4-0-33) (empty shot1 9-3-66) (shaker-level shaker1 l1 15-1-94) (shaked shaker1 23-0-110)
    add: (contains shot1 cocktail1 4-1-34) (none-of-those 9-4-67) (shaker-level shaker1 l0 15-0-93)
    del: (clean shot1 4-0-33) (empty shot1 9-3-66) (shaker-level shaker1 l1 15-1-94)
  (pour-shaker-to-shot cocktail1 shot1 right shaker1 l2 l1), cost: 1
    pre: (holding right shaker1 2-1-19) (contains shaker1 cocktail1 3-0-26) (clean shot1 4-0-33) (empty shot1 9-3-66) (shaker-level shaker1 l2 15-2-95) (shaked shaker1 23-0-110)
    add: (contains shot1 cocktail1 4-1-34) (none-of-those 9-4-67) (shaker-level shaker1 l1 15-1-94)
    del: (clean shot1 4-0-33) (empty shot1 9-3-66) (shaker-level shaker1 l2 15-2-95)
  (pour-shaker-to-shot cocktail1 shot6 left shaker1 l1 l0), cost: 1
    pre: (clean shot6 0-0-0) (holding left shaker1 1-1-11) (contains shaker1 cocktail1 3-0-26) (empty shot6 14-3-91) (shaker-level shaker1 l1 15-1-94) (shaked shaker1 23-0-110)
    add: (contains shot6 cocktail1 0-1-1) (none-of-those 14-4-92) (shaker-level shaker1 l0 15-0-93)
    del: (clean shot6 0-0-0) (empty shot6 14-3-91) (shaker-level shaker1 l1 15-1-94)
  (pour-shaker-to-shot cocktail1 shot6 left shaker1 l2 l1), cost: 1
    pre: (clean shot6 0-0-0) (holding left shaker1 1-1-11) (contains shaker1 cocktail1 3-0-26) (empty shot6 14-3-91) (shaker-level shaker1 l2 15-2-95) (shaked shaker1 23-0-110)
    add: (contains shot6 cocktail1 0-1-1) (none-of-those 14-4-92) (shaker-level shaker1 l1 15-1-94)
    del: (clean shot6 0-0-0) (empty shot6 14-3-91) (shaker-level shaker1 l2 15-2-95)
  (pour-shaker-to-shot cocktail1 shot6 right shaker1 l1 l0), cost: 1
    pre: (clean shot6 0-0-0) (holding right shaker1 2-1-19) (contains shaker1 cocktail1 3-0-26) (empty shot6 14-3-91) (shaker-level shaker1 l1 15-1-94) (shaked shaker1 23-0-110)
    add: (contains shot6 cocktail1 0-1-1) (none-of-those 14-4-92) (shaker-level shaker1 l0 15-0-93)
    del: (clean shot6 0-0-0) (empty shot6 14-3-91) (shaker-level shaker1 l1 15-1-94)
  (pour-shaker-to-shot cocktail1 shot6 right shaker1 l2 l1), cost: 1
    pre: (clean shot6 0-0-0) (holding right shaker1 2-1-19) (contains shaker1 cocktail1 3-0-26) (empty shot6 14-3-91) (shaker-level shaker1 l2 15-2-95) (shaked shaker1 23-0-110)
    add: (contains shot6 cocktail1 0-1-1) (none-of-those 14-4-92) (shaker-level shaker1 l1 15-1-94)
    del: (clean shot6 0-0-0) (empty shot6 14-3-91) (shaker-level shaker1 l2 15-2-95)
  (pour-shaker-to-shot cocktail2 shot4 left shaker1 l1 l0), cost: 1
    pre: (holding left shaker1 1-1-11) (contains shaker1 cocktail2 3-1-27) (clean shot4 7-0-51) (empty shot4 12-3-81) (shaker-level shaker1 l1 15-1-94) (shaked shaker1 23-0-110)
    add: (contains shot4 cocktail2 7-1-52) (none-of-those 12-4-82) (shaker-level shaker1 l0 15-0-93)
    del: (clean shot4 7-0-51) (empty shot4 12-3-81) (shaker-level shaker1 l1 15-1-94)
  (pour-shaker-to-shot cocktail2 shot4 left shaker1 l2 l1), cost: 1
    pre: (holding left shaker1 1-1-11) (contains shaker1 cocktail2 3-1-27) (clean shot4 7-0-51) (empty shot4 12-3-81) (shaker-level shaker1 l2 15-2-95) (shaked shaker1 23-0-110)
    add: (contains shot4 cocktail2 7-1-52) (none-of-those 12-4-82) (shaker-level shaker1 l1 15-1-94)
    del: (clean shot4 7-0-51) (empty shot4 12-3-81) (shaker-level shaker1 l2 15-2-95)
  (pour-shaker-to-shot cocktail2 shot4 right shaker1 l1 l0), cost: 1
    pre: (holding right shaker1 2-1-19) (contains shaker1 cocktail2 3-1-27) (clean shot4 7-0-51) (empty shot4 12-3-81) (shaker-level shaker1 l1 15-1-94) (shaked shaker1 23-0-110)
    add: (contains shot4 cocktail2 7-1-52) (none-of-those 12-4-82) (shaker-level shaker1 l0 15-0-93)
    del: (clean shot4 7-0-51) (empty shot4 12-3-81) (shaker-level shaker1 l1 15-1-94)
  (pour-shaker-to-shot cocktail2 shot4 right shaker1 l2 l1), cost: 1
    pre: (holding right shaker1 2-1-19) (contains shaker1 cocktail2 3-1-27) (clean shot4 7-0-51) (empty shot4 12-3-81) (shaker-level shaker1 l2 15-2-95) (shaked shaker1 23-0-110)
    add: (contains shot4 cocktail2 7-1-52) (none-of-those 12-4-82) (shaker-level shaker1 l1 15-1-94)
    del: (clean shot4 7-0-51) (empty shot4 12-3-81) (shaker-level shaker1 l2 15-2-95)
  (pour-shaker-to-shot cocktail2 shot6 left shaker1 l1 l0), cost: 1
    pre: (clean shot6 0-0-0) (holding left shaker1 1-1-11) (contains shaker1 cocktail2 3-1-27) (empty shot6 14-3-91) (shaker-level shaker1 l1 15-1-94) (shaked shaker1 23-0-110)
    add: (contains shot6 cocktail2 0-2-2) (none-of-those 14-4-92) (shaker-level shaker1 l0 15-0-93)
    del: (clean shot6 0-0-0) (empty shot6 14-3-91) (shaker-level shaker1 l1 15-1-94)
  (pour-shaker-to-shot cocktail2 shot6 left shaker1 l2 l1), cost: 1
    pre: (clean shot6 0-0-0) (holding left shaker1 1-1-11) (contains shaker1 cocktail2 3-1-27) (empty shot6 14-3-91) (shaker-level shaker1 l2 15-2-95) (shaked shaker1 23-0-110)
    add: (contains shot6 cocktail2 0-2-2) (none-of-those 14-4-92) (shaker-level shaker1 l1 15-1-94)
    del: (clean shot6 0-0-0) (empty shot6 14-3-91) (shaker-level shaker1 l2 15-2-95)
  (pour-shaker-to-shot cocktail2 shot6 right shaker1 l1 l0), cost: 1
    pre: (clean shot6 0-0-0) (holding right shaker1 2-1-19) (contains shaker1 cocktail2 3-1-27) (empty shot6 14-3-91) (shaker-level shaker1 l1 15-1-94) (shaked shaker1 23-0-110)
    add: (contains shot6 cocktail2 0-2-2) (none-of-those 14-4-92) (shaker-level shaker1 l0 15-0-93)
    del: (clean shot6 0-0-0) (empty shot6 14-3-91) (shaker-level shaker1 l1 15-1-94)
  (pour-shaker-to-shot cocktail2 shot6 right shaker1 l2 l1), cost: 1
    pre: (clean shot6 0-0-0) (holding right shaker1 2-1-19) (contains shaker1 cocktail2 3-1-27) (empty shot6 14-3-91) (shaker-level shaker1 l2 15-2-95) (shaked shaker1 23-0-110)
    add: (contains shot6 cocktail2 0-2-2) (none-of-those 14-4-92) (shaker-level shaker1 l1 15-1-94)
    del: (clean shot6 0-0-0) (empty shot6 14-3-91) (shaker-level shaker1 l2 15-2-95)
  (pour-shaker-to-shot cocktail3 shot5 left shaker1 l1 l0), cost: 1
    pre: (holding left shaker1 1-1-11) (contains shaker1 cocktail3 3-2-28) (clean shot5 8-0-57) (empty shot5 13-3-86) (shaker-level shaker1 l1 15-1-94) (shaked shaker1 23-0-110)
    add: (contains shot5 cocktail3 8-1-58) (none-of-those 13-4-87) (shaker-level shaker1 l0 15-0-93)
    del: (clean shot5 8-0-57) (empty shot5 13-3-86) (shaker-level shaker1 l1 15-1-94)
  (pour-shaker-to-shot cocktail3 shot5 left shaker1 l2 l1), cost: 1
    pre: (holding left shaker1 1-1-11) (contains shaker1 cocktail3 3-2-28) (clean shot5 8-0-57) (empty shot5 13-3-86) (shaker-level shaker1 l2 15-2-95) (shaked shaker1 23-0-110)
    add: (contains shot5 cocktail3 8-1-58) (none-of-those 13-4-87) (shaker-level shaker1 l1 15-1-94)
    del: (clean shot5 8-0-57) (empty shot5 13-3-86) (shaker-level shaker1 l2 15-2-95)
  (pour-shaker-to-shot cocktail3 shot5 right shaker1 l1 l0), cost: 1
    pre: (holding right shaker1 2-1-19) (contains shaker1 cocktail3 3-2-28) (clean shot5 8-0-57) (empty shot5 13-3-86) (shaker-level shaker1 l1 15-1-94) (shaked shaker1 23-0-110)
    add: (contains shot5 cocktail3 8-1-58) (none-of-those 13-4-87) (shaker-level shaker1 l0 15-0-93)
    del: (clean shot5 8-0-57) (empty shot5 13-3-86) (shaker-level shaker1 l1 15-1-94)
  (pour-shaker-to-shot cocktail3 shot5 right shaker1 l2 l1), cost: 1
    pre: (holding right shaker1 2-1-19) (contains shaker1 cocktail3 3-2-28) (clean shot5 8-0-57) (empty shot5 13-3-86) (shaker-level shaker1 l2 15-2-95) (shaked shaker1 23-0-110)
    add: (contains shot5 cocktail3 8-1-58) (none-of-those 13-4-87) (shaker-level shaker1 l1 15-1-94)
    del: (clean shot5 8-0-57) (empty shot5 13-3-86) (shaker-level shaker1 l2 15-2-95)
  (pour-shaker-to-shot cocktail3 shot6 left shaker1 l1 l0), cost: 1
    pre: (clean shot6 0-0-0) (holding left shaker1 1-1-11) (contains shaker1 cocktail3 3-2-28) (empty shot6 14-3-91) (shaker-level shaker1 l1 15-1-94) (shaked shaker1 23-0-110)
    add: (contains shot6 cocktail3 0-3-3) (none-of-those 14-4-92) (shaker-level shaker1 l0 15-0-93)
    del: (clean shot6 0-0-0) (empty shot6 14-3-91) (shaker-level shaker1 l1 15-1-94)
  (pour-shaker-to-shot cocktail3 shot6 left shaker1 l2 l1), cost: 1
    pre: (clean shot6 0-0-0) (holding left shaker1 1-1-11) (contains shaker1 cocktail3 3-2-28) (empty shot6 14-3-91) (shaker-level shaker1 l2 15-2-95) (shaked shaker1 23-0-110)
    add: (contains shot6 cocktail3 0-3-3) (none-of-those 14-4-92) (shaker-level shaker1 l1 15-1-94)
    del: (clean shot6 0-0-0) (empty shot6 14-3-91) (shaker-level shaker1 l2 15-2-95)
  (pour-shaker-to-shot cocktail3 shot6 right shaker1 l1 l0), cost: 1
    pre: (clean shot6 0-0-0) (holding right shaker1 2-1-19) (contains shaker1 cocktail3 3-2-28) (empty shot6 14-3-91) (shaker-level shaker1 l1 15-1-94) (shaked shaker1 23-0-110)
    add: (contains shot6 cocktail3 0-3-3) (none-of-those 14-4-92) (shaker-level shaker1 l0 15-0-93)
    del: (clean shot6 0-0-0) (empty shot6 14-3-91) (shaker-level shaker1 l1 15-1-94)
  (pour-shaker-to-shot cocktail3 shot6 right shaker1 l2 l1), cost: 1
    pre: (clean shot6 0-0-0) (holding right shaker1 2-1-19) (contains shaker1 cocktail3 3-2-28) (empty shot6 14-3-91) (shaker-level shaker1 l2 15-2-95) (shaked shaker1 23-0-110)
    add: (contains shot6 cocktail3 0-3-3) (none-of-those 14-4-92) (shaker-level shaker1 l1 15-1-94)
    del: (clean shot6 0-0-0) (empty shot6 14-3-91) (shaker-level shaker1 l2 15-2-95)
  (pour-shaker-to-shot cocktail4 shot3 left shaker1 l1 l0), cost: 1
    pre: (holding left shaker1 1-1-11) (contains shaker1 cocktail4 3-3-29) (clean shot3 6-0-45) (empty shot3 11-3-76) (shaker-level shaker1 l1 15-1-94) (shaked shaker1 23-0-110)
    add: (contains shot3 cocktail4 6-1-46) (none-of-those 11-4-77) (shaker-level shaker1 l0 15-0-93)
    del: (clean shot3 6-0-45) (empty shot3 11-3-76) (shaker-level shaker1 l1 15-1-94)
  (pour-shaker-to-shot cocktail4 shot3 left shaker1 l2 l1), cost: 1
    pre: (holding left shaker1 1-1-11) (contains shaker1 cocktail4 3-3-29) (clean shot3 6-0-45) (empty shot3 11-3-76) (shaker-level shaker1 l2 15-2-95) (shaked shaker1 23-0-110)
    add: (contains shot3 cocktail4 6-1-46) (none-of-those 11-4-77) (shaker-level shaker1 l1 15-1-94)
    del: (clean shot3 6-0-45) (empty shot3 11-3-76) (shaker-level shaker1 l2 15-2-95)
  (pour-shaker-to-shot cocktail4 shot3 right shaker1 l1 l0), cost: 1
    pre: (holding right shaker1 2-1-19) (contains shaker1 cocktail4 3-3-29) (clean shot3 6-0-45) (empty shot3 11-3-76) (shaker-level shaker1 l1 15-1-94) (shaked shaker1 23-0-110)
    add: (contains shot3 cocktail4 6-1-46) (none-of-those 11-4-77) (shaker-level shaker1 l0 15-0-93)
    del: (clean shot3 6-0-45) (empty shot3 11-3-76) (shaker-level shaker1 l1 15-1-94)
  (pour-shaker-to-shot cocktail4 shot3 right shaker1 l2 l1), cost: 1
    pre: (holding right shaker1 2-1-19) (contains shaker1 cocktail4 3-3-29) (clean shot3 6-0-45) (empty shot3 11-3-76) (shaker-level shaker1 l2 15-2-95) (shaked shaker1 23-0-110)
    add: (contains shot3 cocktail4 6-1-46) (none-of-those 11-4-77) (shaker-level shaker1 l1 15-1-94)
    del: (clean shot3 6-0-45) (empty shot3 11-3-76) (shaker-level shaker1 l2 15-2-95)
  (pour-shaker-to-shot cocktail4 shot6 left shaker1 l1 l0), cost: 1
    pre: (clean shot6 0-0-0) (holding left shaker1 1-1-11) (contains shaker1 cocktail4 3-3-29) (empty shot6 14-3-91) (shaker-level shaker1 l1 15-1-94) (shaked shaker1 23-0-110)
    add: (contains shot6 cocktail4 0-4-4) (none-of-those 14-4-92) (shaker-level shaker1 l0 15-0-93)
    del: (clean shot6 0-0-0) (empty shot6 14-3-91) (shaker-level shaker1 l1 15-1-94)
  (pour-shaker-to-shot cocktail4 shot6 left shaker1 l2 l1), cost: 1
    pre: (clean shot6 0-0-0) (holding left shaker1 1-1-11) (contains shaker1 cocktail4 3-3-29) (empty shot6 14-3-91) (shaker-level shaker1 l2 15-2-95) (shaked shaker1 23-0-110)
    add: (contains shot6 cocktail4 0-4-4) (none-of-those 14-4-92) (shaker-level shaker1 l1 15-1-94)
    del: (clean shot6 0-0-0) (empty shot6 14-3-91) (shaker-level shaker1 l2 15-2-95)
  (pour-shaker-to-shot cocktail4 shot6 right shaker1 l1 l0), cost: 1
    pre: (clean shot6 0-0-0) (holding right shaker1 2-1-19) (contains shaker1 cocktail4 3-3-29) (empty shot6 14-3-91) (shaker-level shaker1 l1 15-1-94) (shaked shaker1 23-0-110)
    add: (contains shot6 cocktail4 0-4-4) (none-of-those 14-4-92) (shaker-level shaker1 l0 15-0-93)
    del: (clean shot6 0-0-0) (empty shot6 14-3-91) (shaker-level shaker1 l1 15-1-94)
  (pour-shaker-to-shot cocktail4 shot6 right shaker1 l2 l1), cost: 1
    pre: (clean shot6 0-0-0) (holding right shaker1 2-1-19) (contains shaker1 cocktail4 3-3-29) (empty shot6 14-3-91) (shaker-level shaker1 l2 15-2-95) (shaked shaker1 23-0-110)
    add: (contains shot6 cocktail4 0-4-4) (none-of-those 14-4-92) (shaker-level shaker1 l1 15-1-94)
    del: (clean shot6 0-0-0) (empty shot6 14-3-91) (shaker-level shaker1 l2 15-2-95)
  (pour-shaker-to-shot cocktail5 shot2 left shaker1 l1 l0), cost: 1
    pre: (holding left shaker1 1-1-11) (contains shaker1 cocktail5 3-4-30) (clean shot2 5-0-39) (empty shot2 10-3-71) (shaker-level shaker1 l1 15-1-94) (shaked shaker1 23-0-110)
    add: (contains shot2 cocktail5 5-1-40) (none-of-those 10-4-72) (shaker-level shaker1 l0 15-0-93)
    del: (clean shot2 5-0-39) (empty shot2 10-3-71) (shaker-level shaker1 l1 15-1-94)
  (pour-shaker-to-shot cocktail5 shot2 left shaker1 l2 l1), cost: 1
    pre: (holding left shaker1 1-1-11) (contains shaker1 cocktail5 3-4-30) (clean shot2 5-0-39) (empty shot2 10-3-71) (shaker-level shaker1 l2 15-2-95) (shaked shaker1 23-0-110)
    add: (contains shot2 cocktail5 5-1-40) (none-of-those 10-4-72) (shaker-level shaker1 l1 15-1-94)
    del: (clean shot2 5-0-39) (empty shot2 10-3-71) (shaker-level shaker1 l2 15-2-95)
  (pour-shaker-to-shot cocktail5 shot2 right shaker1 l1 l0), cost: 1
    pre: (holding right shaker1 2-1-19) (contains shaker1 cocktail5 3-4-30) (clean shot2 5-0-39) (empty shot2 10-3-71) (shaker-level shaker1 l1 15-1-94) (shaked shaker1 23-0-110)
    add: (contains shot2 cocktail5 5-1-40) (none-of-those 10-4-72) (shaker-level shaker1 l0 15-0-93)
    del: (clean shot2 5-0-39) (empty shot2 10-3-71) (shaker-level shaker1 l1 15-1-94)
  (pour-shaker-to-shot cocktail5 shot2 right shaker1 l2 l1), cost: 1
    pre: (holding right shaker1 2-1-19) (contains shaker1 cocktail5 3-4-30) (clean shot2 5-0-39) (empty shot2 10-3-71) (shaker-level shaker1 l2 15-2-95) (shaked shaker1 23-0-110)
    add: (contains shot2 cocktail5 5-1-40) (none-of-those 10-4-72) (shaker-level shaker1 l1 15-1-94)
    del: (clean shot2 5-0-39) (empty shot2 10-3-71) (shaker-level shaker1 l2 15-2-95)
  (pour-shaker-to-shot cocktail5 shot6 left shaker1 l1 l0), cost: 1
    pre: (clean shot6 0-0-0) (holding left shaker1 1-1-11) (contains shaker1 cocktail5 3-4-30) (empty shot6 14-3-91) (shaker-level shaker1 l1 15-1-94) (shaked shaker1 23-0-110)
    add: (contains shot6 cocktail5 0-5-5) (none-of-those 14-4-92) (shaker-level shaker1 l0 15-0-93)
    del: (clean shot6 0-0-0) (empty shot6 14-3-91) (shaker-level shaker1 l1 15-1-94)
  (pour-shaker-to-shot cocktail5 shot6 left shaker1 l2 l1), cost: 1
    pre: (clean shot6 0-0-0) (holding left shaker1 1-1-11) (contains shaker1 cocktail5 3-4-30) (empty shot6 14-3-91) (shaker-level shaker1 l2 15-2-95) (shaked shaker1 23-0-110)
    add: (contains shot6 cocktail5 0-5-5) (none-of-those 14-4-92) (shaker-level shaker1 l1 15-1-94)
    del: (clean shot6 0-0-0) (empty shot6 14-3-91) (shaker-level shaker1 l2 15-2-95)
  (pour-shaker-to-shot cocktail5 shot6 right shaker1 l1 l0), cost: 1
    pre: (clean shot6 0-0-0) (holding right shaker1 2-1-19) (contains shaker1 cocktail5 3-4-30) (empty shot6 14-3-91) (shaker-level shaker1 l1 15-1-94) (shaked shaker1 23-0-110)
    add: (contains shot6 cocktail5 0-5-5) (none-of-those 14-4-92) (shaker-level shaker1 l0 15-0-93)
    del: (clean shot6 0-0-0) (empty shot6 14-3-91) (shaker-level shaker1 l1 15-1-94)
  (pour-shaker-to-shot cocktail5 shot6 right shaker1 l2 l1), cost: 1
    pre: (clean shot6 0-0-0) (holding right shaker1 2-1-19) (contains shaker1 cocktail5 3-4-30) (empty shot6 14-3-91) (shaker-level shaker1 l2 15-2-95) (shaked shaker1 23-0-110)
    add: (contains shot6 cocktail5 0-5-5) (none-of-those 14-4-92) (shaker-level shaker1 l1 15-1-94)
    del: (clean shot6 0-0-0) (empty shot6 14-3-91) (shaker-level shaker1 l2 15-2-95)
  (pour-shaker-to-shot ingredient1 shot1 left shaker1 l1 l0), cost: 1
    pre: (holding left shaker1 1-1-11) (clean shot1 4-0-33) (empty shot1 9-3-66) (shaker-level shaker1 l1 15-1-94) (shaked shaker1 23-0-110) (contains shaker1 ingredient1 25-0-114)
    add: (none-of-those 4-5-38) (contains shot1 ingredient1 9-0-63) (shaker-level shaker1 l0 15-0-93)
    del: (clean shot1 4-0-33) (empty shot1 9-3-66) (shaker-level shaker1 l1 15-1-94)
  (pour-shaker-to-shot ingredient1 shot1 left shaker1 l2 l1), cost: 1
    pre: (holding left shaker1 1-1-11) (clean shot1 4-0-33) (empty shot1 9-3-66) (shaker-level shaker1 l2 15-2-95) (shaked shaker1 23-0-110) (contains shaker1 ingredient1 25-0-114)
    add: (none-of-those 4-5-38) (contains shot1 ingredient1 9-0-63) (shaker-level shaker1 l1 15-1-94)
    del: (clean shot1 4-0-33) (empty shot1 9-3-66) (shaker-level shaker1 l2 15-2-95)
  (pour-shaker-to-shot ingredient1 shot1 right shaker1 l1 l0), cost: 1
    pre: (holding right shaker1 2-1-19) (clean shot1 4-0-33) (empty shot1 9-3-66) (shaker-level shaker1 l1 15-1-94) (shaked shaker1 23-0-110) (contains shaker1 ingredient1 25-0-114)
    add: (none-of-those 4-5-38) (contains shot1 ingredient1 9-0-63) (shaker-level shaker1 l0 15-0-93)
    del: (clean shot1 4-0-33) (empty shot1 9-3-66) (shaker-level shaker1 l1 15-1-94)
  (pour-shaker-to-shot ingredient1 shot1 right shaker1 l2 l1), cost: 1
    pre: (holding right shaker1 2-1-19) (clean shot1 4-0-33) (empty shot1 9-3-66) (shaker-level shaker1 l2 15-2-95) (shaked shaker1 23-0-110) (contains shaker1 ingredient1 25-0-114)
    add: (none-of-those 4-5-38) (contains shot1 ingredient1 9-0-63) (shaker-level shaker1 l1 15-1-94)
    del: (clean shot1 4-0-33) (empty shot1 9-3-66) (shaker-level shaker1 l2 15-2-95)
  (pour-shaker-to-shot ingredient1 shot2 left shaker1 l1 l0), cost: 1
    pre: (holding left shaker1 1-1-11) (clean shot2 5-0-39) (empty shot2 10-3-71) (shaker-level shaker1 l1 15-1-94) (shaked shaker1 23-0-110) (contains shaker1 ingredient1 25-0-114)
    add: (none-of-those 5-5-44) (contains shot2 ingredient1 10-0-68) (shaker-level shaker1 l0 15-0-93)
    del: (clean shot2 5-0-39) (empty shot2 10-3-71) (shaker-level shaker1 l1 15-1-94)
  (pour-shaker-to-shot ingredient1 shot2 left shaker1 l2 l1), cost: 1
    pre: (holding left shaker1 1-1-11) (clean shot2 5-0-39) (empty shot2 10-3-71) (shaker-level shaker1 l2 15-2-95) (shaked shaker1 23-0-110) (contains shaker1 ingredient1 25-0-114)
    add: (none-of-those 5-5-44) (contains shot2 ingredient1 10-0-68) (shaker-level shaker1 l1 15-1-94)
    del: (clean shot2 5-0-39) (empty shot2 10-3-71) (shaker-level shaker1 l2 15-2-95)
  (pour-shaker-to-shot ingredient1 shot2 right shaker1 l1 l0), cost: 1
    pre: (holding right shaker1 2-1-19) (clean shot2 5-0-39) (empty shot2 10-3-71) (shaker-level shaker1 l1 15-1-94) (shaked shaker1 23-0-110) (contains shaker1 ingredient1 25-0-114)
    add: (none-of-those 5-5-44) (contains shot2 ingredient1 10-0-68) (shaker-level shaker1 l0 15-0-93)
    del: (clean shot2 5-0-39) (empty shot2 10-3-71) (shaker-level shaker1 l1 15-1-94)
  (pour-shaker-to-shot ingredient1 shot2 right shaker1 l2 l1), cost: 1
    pre: (holding right shaker1 2-1-19) (clean shot2 5-0-39) (empty shot2 10-3-71) (shaker-level shaker1 l2 15-2-95) (shaked shaker1 23-0-110) (contains shaker1 ingredient1 25-0-114)
    add: (none-of-those 5-5-44) (contains shot2 ingredient1 10-0-68) (shaker-level shaker1 l1 15-1-94)
    del: (clean shot2 5-0-39) (empty shot2 10-3-71) (shaker-level shaker1 l2 15-2-95)
  (pour-shaker-to-shot ingredient1 shot3 left shaker1 l1 l0), cost: 1
    pre: (holding left shaker1 1-1-11) (clean shot3 6-0-45) (empty shot3 11-3-76) (shaker-level shaker1 l1 15-1-94) (shaked shaker1 23-0-110) (contains shaker1 ingredient1 25-0-114)
    add: (none-of-those 6-5-50) (contains shot3 ingredient1 11-0-73) (shaker-level shaker1 l0 15-0-93)
    del: (clean shot3 6-0-45) (empty shot3 11-3-76) (shaker-level shaker1 l1 15-1-94)
  (pour-shaker-to-shot ingredient1 shot3 left shaker1 l2 l1), cost: 1
    pre: (holding left shaker1 1-1-11) (clean shot3 6-0-45) (empty shot3 11-3-76) (shaker-level shaker1 l2 15-2-95) (shaked shaker1 23-0-110) (contains shaker1 ingredient1 25-0-114)
    add: (none-of-those 6-5-50) (contains shot3 ingredient1 11-0-73) (shaker-level shaker1 l1 15-1-94)
    del: (clean shot3 6-0-45) (empty shot3 11-3-76) (shaker-level shaker1 l2 15-2-95)
  (pour-shaker-to-shot ingredient1 shot3 right shaker1 l1 l0), cost: 1
    pre: (holding right shaker1 2-1-19) (clean shot3 6-0-45) (empty shot3 11-3-76) (shaker-level shaker1 l1 15-1-94) (shaked shaker1 23-0-110) (contains shaker1 ingredient1 25-0-114)
    add: (none-of-those 6-5-50) (contains shot3 ingredient1 11-0-73) (shaker-level shaker1 l0 15-0-93)
    del: (clean shot3 6-0-45) (empty shot3 11-3-76) (shaker-level shaker1 l1 15-1-94)
  (pour-shaker-to-shot ingredient1 shot3 right shaker1 l2 l1), cost: 1
    pre: (holding right shaker1 2-1-19) (clean shot3 6-0-45) (empty shot3 11-3-76) (shaker-level shaker1 l2 15-2-95) (shaked shaker1 23-0-110) (contains shaker1 ingredient1 25-0-114)
    add: (none-of-those 6-5-50) (contains shot3 ingredient1 11-0-73) (shaker-level shaker1 l1 15-1-94)
    del: (clean shot3 6-0-45) (empty shot3 11-3-76) (shaker-level shaker1 l2 15-2-95)
  (pour-shaker-to-shot ingredient1 shot4 left shaker1 l1 l0), cost: 1
    pre: (holding left shaker1 1-1-11) (clean shot4 7-0-51) (empty shot4 12-3-81) (shaker-level shaker1 l1 15-1-94) (shaked shaker1 23-0-110) (contains shaker1 ingredient1 25-0-114)
    add: (none-of-those 7-5-56) (contains shot4 ingredient1 12-0-78) (shaker-level shaker1 l0 15-0-93)
    del: (clean shot4 7-0-51) (empty shot4 12-3-81) (shaker-level shaker1 l1 15-1-94)
  (pour-shaker-to-shot ingredient1 shot4 left shaker1 l2 l1), cost: 1
    pre: (holding left shaker1 1-1-11) (clean shot4 7-0-51) (empty shot4 12-3-81) (shaker-level shaker1 l2 15-2-95) (shaked shaker1 23-0-110) (contains shaker1 ingredient1 25-0-114)
    add: (none-of-those 7-5-56) (contains shot4 ingredient1 12-0-78) (shaker-level shaker1 l1 15-1-94)
    del: (clean shot4 7-0-51) (empty shot4 12-3-81) (shaker-level shaker1 l2 15-2-95)
  (pour-shaker-to-shot ingredient1 shot4 right shaker1 l1 l0), cost: 1
    pre: (holding right shaker1 2-1-19) (clean shot4 7-0-51) (empty shot4 12-3-81) (shaker-level shaker1 l1 15-1-94) (shaked shaker1 23-0-110) (contains shaker1 ingredient1 25-0-114)
    add: (none-of-those 7-5-56) (contains shot4 ingredient1 12-0-78) (shaker-level shaker1 l0 15-0-93)
    del: (clean shot4 7-0-51) (empty shot4 12-3-81) (shaker-level shaker1 l1 15-1-94)
  (pour-shaker-to-shot ingredient1 shot4 right shaker1 l2 l1), cost: 1
    pre: (holding right shaker1 2-1-19) (clean shot4 7-0-51) (empty shot4 12-3-81) (shaker-level shaker1 l2 15-2-95) (shaked shaker1 23-0-110) (contains shaker1 ingredient1 25-0-114)
    add: (none-of-those 7-5-56) (contains shot4 ingredient1 12-0-78) (shaker-level shaker1 l1 15-1-94)
    del: (clean shot4 7-0-51) (empty shot4 12-3-81) (shaker-level shaker1 l2 15-2-95)
  (pour-shaker-to-shot ingredient1 shot5 left shaker1 l1 l0), cost: 1
    pre: (holding left shaker1 1-1-11) (clean shot5 8-0-57) (empty shot5 13-3-86) (shaker-level shaker1 l1 15-1-94) (shaked shaker1 23-0-110) (contains shaker1 ingredient1 25-0-114)
    add: (none-of-those 8-5-62) (contains shot5 ingredient1 13-0-83) (shaker-level shaker1 l0 15-0-93)
    del: (clean shot5 8-0-57) (empty shot5 13-3-86) (shaker-level shaker1 l1 15-1-94)
  (pour-shaker-to-shot ingredient1 shot5 left shaker1 l2 l1), cost: 1
    pre: (holding left shaker1 1-1-11) (clean shot5 8-0-57) (empty shot5 13-3-86) (shaker-level shaker1 l2 15-2-95) (shaked shaker1 23-0-110) (contains shaker1 ingredient1 25-0-114)
    add: (none-of-those 8-5-62) (contains shot5 ingredient1 13-0-83) (shaker-level shaker1 l1 15-1-94)
    del: (clean shot5 8-0-57) (empty shot5 13-3-86) (shaker-level shaker1 l2 15-2-95)
  (pour-shaker-to-shot ingredient1 shot5 right shaker1 l1 l0), cost: 1
    pre: (holding right shaker1 2-1-19) (clean shot5 8-0-57) (empty shot5 13-3-86) (shaker-level shaker1 l1 15-1-94) (shaked shaker1 23-0-110) (contains shaker1 ingredient1 25-0-114)
    add: (none-of-those 8-5-62) (contains shot5 ingredient1 13-0-83) (shaker-level shaker1 l0 15-0-93)
    del: (clean shot5 8-0-57) (empty shot5 13-3-86) (shaker-level shaker1 l1 15-1-94)
  (pour-shaker-to-shot ingredient1 shot5 right shaker1 l2 l1), cost: 1
    pre: (holding right shaker1 2-1-19) (clean shot5 8-0-57) (empty shot5 13-3-86) (shaker-level shaker1 l2 15-2-95) (shaked shaker1 23-0-110) (contains shaker1 ingredient1 25-0-114)
    add: (none-of-those 8-5-62) (contains shot5 ingredient1 13-0-83) (shaker-level shaker1 l1 15-1-94)
    del: (clean shot5 8-0-57) (empty shot5 13-3-86) (shaker-level shaker1 l2 15-2-95)
  (pour-shaker-to-shot ingredient1 shot6 left shaker1 l1 l0), cost: 1
    pre: (clean shot6 0-0-0) (holding left shaker1 1-1-11) (empty shot6 14-3-91) (shaker-level shaker1 l1 15-1-94) (shaked shaker1 23-0-110) (contains shaker1 ingredient1 25-0-114)
    add: (none-of-those 0-9-9) (contains shot6 ingredient1 14-0-88) (shaker-level shaker1 l0 15-0-93)
    del: (clean shot6 0-0-0) (empty shot6 14-3-91) (shaker-level shaker1 l1 15-1-94)
  (pour-shaker-to-shot ingredient1 shot6 left shaker1 l2 l1), cost: 1
    pre: (clean shot6 0-0-0) (holding left shaker1 1-1-11) (empty shot6 14-3-91) (shaker-level shaker1 l2 15-2-95) (shaked shaker1 23-0-110) (contains shaker1 ingredient1 25-0-114)
    add: (none-of-those 0-9-9) (contains shot6 ingredient1 14-0-88) (shaker-level shaker1 l1 15-1-94)
    del: (clean shot6 0-0-0) (empty shot6 14-3-91) (shaker-level shaker1 l2 15-2-95)
  (pour-shaker-to-shot ingredient1 shot6 right shaker1 l1 l0), cost: 1
    pre: (clean shot6 0-0-0) (holding right shaker1 2-1-19) (empty shot6 14-3-91) (shaker-level shaker1 l1 15-1-94) (shaked shaker1 23-0-110) (contains shaker1 ingredient1 25-0-114)
    add: (none-of-those 0-9-9) (contains shot6 ingredient1 14-0-88) (shaker-level shaker1 l0 15-0-93)
    del: (clean shot6 0-0-0) (empty shot6 14-3-91) (shaker-level shaker1 l1 15-1-94)
  (pour-shaker-to-shot ingredient1 shot6 right shaker1 l2 l1), cost: 1
    pre: (clean shot6 0-0-0) (holding right shaker1 2-1-19) (empty shot6 14-3-91) (shaker-level shaker1 l2 15-2-95) (shaked shaker1 23-0-110) (contains shaker1 ingredient1 25-0-114)
    add: (none-of-those 0-9-9) (contains shot6 ingredient1 14-0-88) (shaker-level shaker1 l1 15-1-94)
    del: (clean shot6 0-0-0) (empty shot6 14-3-91) (shaker-level shaker1 l2 15-2-95)
  (pour-shaker-to-shot ingredient2 shot1 left shaker1 l1 l0), cost: 1
    pre: (holding left shaker1 1-1-11) (clean shot1 4-0-33) (empty shot1 9-3-66) (shaker-level shaker1 l1 15-1-94) (shaked shaker1 23-0-110) (contains shaker1 ingredient2 26-0-116)
    add: (none-of-those 4-5-38) (contains shot1 ingredient2 9-1-64) (shaker-level shaker1 l0 15-0-93)
    del: (clean shot1 4-0-33) (empty shot1 9-3-66) (shaker-level shaker1 l1 15-1-94)
  (pour-shaker-to-shot ingredient2 shot1 left shaker1 l2 l1), cost: 1
    pre: (holding left shaker1 1-1-11) (clean shot1 4-0-33) (empty shot1 9-3-66) (shaker-level shaker1 l2 15-2-95) (shaked shaker1 23-0-110) (contains shaker1 ingredient2 26-0-116)
    add: (none-of-those 4-5-38) (contains shot1 ingredient2 9-1-64) (shaker-level shaker1 l1 15-1-94)
    del: (clean shot1 4-0-33) (empty shot1 9-3-66) (shaker-level shaker1 l2 15-2-95)
  (pour-shaker-to-shot ingredient2 shot1 right shaker1 l1 l0), cost: 1
    pre: (holding right shaker1 2-1-19) (clean shot1 4-0-33) (empty shot1 9-3-66) (shaker-level shaker1 l1 15-1-94) (shaked shaker1 23-0-110) (contains shaker1 ingredient2 26-0-116)
    add: (none-of-those 4-5-38) (contains shot1 ingredient2 9-1-64) (shaker-level shaker1 l0 15-0-93)
    del: (clean shot1 4-0-33) (empty shot1 9-3-66) (shaker-level shaker1 l1 15-1-94)
  (pour-shaker-to-shot ingredient2 shot1 right shaker1 l2 l1), cost: 1
    pre: (holding right shaker1 2-1-19) (clean shot1 4-0-33) (empty shot1 9-3-66) (shaker-level shaker1 l2 15-2-95) (shaked shaker1 23-0-110) (contains shaker1 ingredient2 26-0-116)
    add: (none-of-those 4-5-38) (contains shot1 ingredient2 9-1-64) (shaker-level shaker1 l1 15-1-94)
    del: (clean shot1 4-0-33) (empty shot1 9-3-66) (shaker-level shaker1 l2 15-2-95)
  (pour-shaker-to-shot ingredient2 shot2 left shaker1 l1 l0), cost: 1
    pre: (holding left shaker1 1-1-11) (clean shot2 5-0-39) (empty shot2 10-3-71) (shaker-level shaker1 l1 15-1-94) (shaked shaker1 23-0-110) (contains shaker1 ingredient2 26-0-116)
    add: (none-of-those 5-5-44) (contains shot2 ingredient2 10-1-69) (shaker-level shaker1 l0 15-0-93)
    del: (clean shot2 5-0-39) (empty shot2 10-3-71) (shaker-level shaker1 l1 15-1-94)
  (pour-shaker-to-shot ingredient2 shot2 left shaker1 l2 l1), cost: 1
    pre: (holding left shaker1 1-1-11) (clean shot2 5-0-39) (empty shot2 10-3-71) (shaker-level shaker1 l2 15-2-95) (shaked shaker1 23-0-110) (contains shaker1 ingredient2 26-0-116)
    add: (none-of-those 5-5-44) (contains shot2 ingredient2 10-1-69) (shaker-level shaker1 l1 15-1-94)
    del: (clean shot2 5-0-39) (empty shot2 10-3-71) (shaker-level shaker1 l2 15-2-95)
  (pour-shaker-to-shot ingredient2 shot2 right shaker1 l1 l0), cost: 1
    pre: (holding right shaker1 2-1-19) (clean shot2 5-0-39) (empty shot2 10-3-71) (shaker-level shaker1 l1 15-1-94) (shaked shaker1 23-0-110) (contains shaker1 ingredient2 26-0-116)
    add: (none-of-those 5-5-44) (contains shot2 ingredient2 10-1-69) (shaker-level shaker1 l0 15-0-93)
    del: (clean shot2 5-0-39) (empty shot2 10-3-71) (shaker-level shaker1 l1 15-1-94)
  (pour-shaker-to-shot ingredient2 shot2 right shaker1 l2 l1), cost: 1
    pre: (holding right shaker1 2-1-19) (clean shot2 5-0-39) (empty shot2 10-3-71) (shaker-level shaker1 l2 15-2-95) (shaked shaker1 23-0-110) (contains shaker1 ingredient2 26-0-116)
    add: (none-of-those 5-5-44) (contains shot2 ingredient2 10-1-69) (shaker-level shaker1 l1 15-1-94)
    del: (clean shot2 5-0-39) (empty shot2 10-3-71) (shaker-level shaker1 l2 15-2-95)
  (pour-shaker-to-shot ingredient2 shot3 left shaker1 l1 l0), cost: 1
    pre: (holding left shaker1 1-1-11) (clean shot3 6-0-45) (empty shot3 11-3-76) (shaker-level shaker1 l1 15-1-94) (shaked shaker1 23-0-110) (contains shaker1 ingredient2 26-0-116)
    add: (none-of-those 6-5-50) (contains shot3 ingredient2 11-1-74) (shaker-level shaker1 l0 15-0-93)
    del: (clean shot3 6-0-45) (empty shot3 11-3-76) (shaker-level shaker1 l1 15-1-94)
  (pour-shaker-to-shot ingredient2 shot3 left shaker1 l2 l1), cost: 1
    pre: (holding left shaker1 1-1-11) (clean shot3 6-0-45) (empty shot3 11-3-76) (shaker-level shaker1 l2 15-2-95) (shaked shaker1 23-0-110) (contains shaker1 ingredient2 26-0-116)
    add: (none-of-those 6-5-50) (contains shot3 ingredient2 11-1-74) (shaker-level shaker1 l1 15-1-94)
    del: (clean shot3 6-0-45) (empty shot3 11-3-76) (shaker-level shaker1 l2 15-2-95)
  (pour-shaker-to-shot ingredient2 shot3 right shaker1 l1 l0), cost: 1
    pre: (holding right shaker1 2-1-19) (clean shot3 6-0-45) (empty shot3 11-3-76) (shaker-level shaker1 l1 15-1-94) (shaked shaker1 23-0-110) (contains shaker1 ingredient2 26-0-116)
    add: (none-of-those 6-5-50) (contains shot3 ingredient2 11-1-74) (shaker-level shaker1 l0 15-0-93)
    del: (clean shot3 6-0-45) (empty shot3 11-3-76) (shaker-level shaker1 l1 15-1-94)
  (pour-shaker-to-shot ingredient2 shot3 right shaker1 l2 l1), cost: 1
    pre: (holding right shaker1 2-1-19) (clean shot3 6-0-45) (empty shot3 11-3-76) (shaker-level shaker1 l2 15-2-95) (shaked shaker1 23-0-110) (contains shaker1 ingredient2 26-0-116)
    add: (none-of-those 6-5-50) (contains shot3 ingredient2 11-1-74) (shaker-level shaker1 l1 15-1-94)
    del: (clean shot3 6-0-45) (empty shot3 11-3-76) (shaker-level shaker1 l2 15-2-95)
  (pour-shaker-to-shot ingredient2 shot4 left shaker1 l1 l0), cost: 1
    pre: (holding left shaker1 1-1-11) (clean shot4 7-0-51) (empty shot4 12-3-81) (shaker-level shaker1 l1 15-1-94) (shaked shaker1 23-0-110) (contains shaker1 ingredient2 26-0-116)
    add: (none-of-those 7-5-56) (contains shot4 ingredient2 12-1-79) (shaker-level shaker1 l0 15-0-93)
    del: (clean shot4 7-0-51) (empty shot4 12-3-81) (shaker-level shaker1 l1 15-1-94)
  (pour-shaker-to-shot ingredient2 shot4 left shaker1 l2 l1), cost: 1
    pre: (holding left shaker1 1-1-11) (clean shot4 7-0-51) (empty shot4 12-3-81) (shaker-level shaker1 l2 15-2-95) (shaked shaker1 23-0-110) (contains shaker1 ingredient2 26-0-116)
    add: (none-of-those 7-5-56) (contains shot4 ingredient2 12-1-79) (shaker-level shaker1 l1 15-1-94)
    del: (clean shot4 7-0-51) (empty shot4 12-3-81) (shaker-level shaker1 l2 15-2-95)
  (pour-shaker-to-shot ingredient2 shot4 right shaker1 l1 l0), cost: 1
    pre: (holding right shaker1 2-1-19) (clean shot4 7-0-51) (empty shot4 12-3-81) (shaker-level shaker1 l1 15-1-94) (shaked shaker1 23-0-110) (contains shaker1 ingredient2 26-0-116)
    add: (none-of-those 7-5-56) (contains shot4 ingredient2 12-1-79) (shaker-level shaker1 l0 15-0-93)
    del: (clean shot4 7-0-51) (empty shot4 12-3-81) (shaker-level shaker1 l1 15-1-94)
  (pour-shaker-to-shot ingredient2 shot4 right shaker1 l2 l1), cost: 1
    pre: (holding right shaker1 2-1-19) (clean shot4 7-0-51) (empty shot4 12-3-81) (shaker-level shaker1 l2 15-2-95) (shaked shaker1 23-0-110) (contains shaker1 ingredient2 26-0-116)
    add: (none-of-those 7-5-56) (contains shot4 ingredient2 12-1-79) (shaker-level shaker1 l1 15-1-94)
    del: (clean shot4 7-0-51) (empty shot4 12-3-81) (shaker-level shaker1 l2 15-2-95)
  (pour-shaker-to-shot ingredient2 shot5 left shaker1 l1 l0), cost: 1
    pre: (holding left shaker1 1-1-11) (clean shot5 8-0-57) (empty shot5 13-3-86) (shaker-level shaker1 l1 15-1-94) (shaked shaker1 23-0-110) (contains shaker1 ingredient2 26-0-116)
    add: (none-of-those 8-5-62) (contains shot5 ingredient2 13-1-84) (shaker-level shaker1 l0 15-0-93)
    del: (clean shot5 8-0-57) (empty shot5 13-3-86) (shaker-level shaker1 l1 15-1-94)
  (pour-shaker-to-shot ingredient2 shot5 left shaker1 l2 l1), cost: 1
    pre: (holding left shaker1 1-1-11) (clean shot5 8-0-57) (empty shot5 13-3-86) (shaker-level shaker1 l2 15-2-95) (shaked shaker1 23-0-110) (contains shaker1 ingredient2 26-0-116)
    add: (none-of-those 8-5-62) (contains shot5 ingredient2 13-1-84) (shaker-level shaker1 l1 15-1-94)
    del: (clean shot5 8-0-57) (empty shot5 13-3-86) (shaker-level shaker1 l2 15-2-95)
  (pour-shaker-to-shot ingredient2 shot5 right shaker1 l1 l0), cost: 1
    pre: (holding right shaker1 2-1-19) (clean shot5 8-0-57) (empty shot5 13-3-86) (shaker-level shaker1 l1 15-1-94) (shaked shaker1 23-0-110) (contains shaker1 ingredient2 26-0-116)
    add: (none-of-those 8-5-62) (contains shot5 ingredient2 13-1-84) (shaker-level shaker1 l0 15-0-93)
    del: (clean shot5 8-0-57) (empty shot5 13-3-86) (shaker-level shaker1 l1 15-1-94)
  (pour-shaker-to-shot ingredient2 shot5 right shaker1 l2 l1), cost: 1
    pre: (holding right shaker1 2-1-19) (clean shot5 8-0-57) (empty shot5 13-3-86) (shaker-level shaker1 l2 15-2-95) (shaked shaker1 23-0-110) (contains shaker1 ingredient2 26-0-116)
    add: (none-of-those 8-5-62) (contains shot5 ingredient2 13-1-84) (shaker-level shaker1 l1 15-1-94)
    del: (clean shot5 8-0-57) (empty shot5 13-3-86) (shaker-level shaker1 l2 15-2-95)
  (pour-shaker-to-shot ingredient2 shot6 left shaker1 l1 l0), cost: 1
    pre: (clean shot6 0-0-0) (holding left shaker1 1-1-11) (empty shot6 14-3-91) (shaker-level shaker1 l1 15-1-94) (shaked shaker1 23-0-110) (contains shaker1 ingredient2 26-0-116)
    add: (none-of-those 0-9-9) (contains shot6 ingredient2 14-1-89) (shaker-level shaker1 l0 15-0-93)
    del: (clean shot6 0-0-0) (empty shot6 14-3-91) (shaker-level shaker1 l1 15-1-94)
  (pour-shaker-to-shot ingredient2 shot6 left shaker1 l2 l1), cost: 1
    pre: (clean shot6 0-0-0) (holding left shaker1 1-1-11) (empty shot6 14-3-91) (shaker-level shaker1 l2 15-2-95) (shaked shaker1 23-0-110) (contains shaker1 ingredient2 26-0-116)
    add: (none-of-those 0-9-9) (contains shot6 ingredient2 14-1-89) (shaker-level shaker1 l1 15-1-94)
    del: (clean shot6 0-0-0) (empty shot6 14-3-91) (shaker-level shaker1 l2 15-2-95)
  (pour-shaker-to-shot ingredient2 shot6 right shaker1 l1 l0), cost: 1
    pre: (clean shot6 0-0-0) (holding right shaker1 2-1-19) (empty shot6 14-3-91) (shaker-level shaker1 l1 15-1-94) (shaked shaker1 23-0-110) (contains shaker1 ingredient2 26-0-116)
    add: (none-of-those 0-9-9) (contains shot6 ingredient2 14-1-89) (shaker-level shaker1 l0 15-0-93)
    del: (clean shot6 0-0-0) (empty shot6 14-3-91) (shaker-level shaker1 l1 15-1-94)
  (pour-shaker-to-shot ingredient2 shot6 right shaker1 l2 l1), cost: 1
    pre: (clean shot6 0-0-0) (holding right shaker1 2-1-19) (empty shot6 14-3-91) (shaker-level shaker1 l2 15-2-95) (shaked shaker1 23-0-110) (contains shaker1 ingredient2 26-0-116)
    add: (none-of-those 0-9-9) (contains shot6 ingredient2 14-1-89) (shaker-level shaker1 l1 15-1-94)
    del: (clean shot6 0-0-0) (empty shot6 14-3-91) (shaker-level shaker1 l2 15-2-95)
  (pour-shaker-to-shot ingredient3 shot1 left shaker1 l1 l0), cost: 1
    pre: (holding left shaker1 1-1-11) (clean shot1 4-0-33) (empty shot1 9-3-66) (shaker-level shaker1 l1 15-1-94) (shaked shaker1 23-0-110) (contains shaker1 ingredient3 27-0-118)
    add: (none-of-those 4-5-38) (contains shot1 ingredient3 9-2-65) (shaker-level shaker1 l0 15-0-93)
    del: (clean shot1 4-0-33) (empty shot1 9-3-66) (shaker-level shaker1 l1 15-1-94)
  (pour-shaker-to-shot ingredient3 shot1 left shaker1 l2 l1), cost: 1
    pre: (holding left shaker1 1-1-11) (clean shot1 4-0-33) (empty shot1 9-3-66) (shaker-level shaker1 l2 15-2-95) (shaked shaker1 23-0-110) (contains shaker1 ingredient3 27-0-118)
    add: (none-of-those 4-5-38) (contains shot1 ingredient3 9-2-65) (shaker-level shaker1 l1 15-1-94)
    del: (clean shot1 4-0-33) (empty shot1 9-3-66) (shaker-level shaker1 l2 15-2-95)
  (pour-shaker-to-shot ingredient3 shot1 right shaker1 l1 l0), cost: 1
    pre: (holding right shaker1 2-1-19) (clean shot1 4-0-33) (empty shot1 9-3-66) (shaker-level shaker1 l1 15-1-94) (shaked shaker1 23-0-110) (contains shaker1 ingredient3 27-0-118)
    add: (none-of-those 4-5-38) (contains shot1 ingredient3 9-2-65) (shaker-level shaker1 l0 15-0-93)
    del: (clean shot1 4-0-33) (empty shot1 9-3-66) (shaker-level shaker1 l1 15-1-94)
  (pour-shaker-to-shot ingredient3 shot1 right shaker1 l2 l1), cost: 1
    pre: (holding right shaker1 2-1-19) (clean shot1 4-0-33) (empty shot1 9-3-66) (shaker-level shaker1 l2 15-2-95) (shaked shaker1 23-0-110) (contains shaker1 ingredient3 27-0-118)
    add: (none-of-those 4-5-38) (contains shot1 ingredient3 9-2-65) (shaker-level shaker1 l1 15-1-94)
    del: (clean shot1 4-0-33) (empty shot1 9-3-66) (shaker-level shaker1 l2 15-2-95)
  (pour-shaker-to-shot ingredient3 shot2 left shaker1 l1 l0), cost: 1
    pre: (holding left shaker1 1-1-11) (clean shot2 5-0-39) (empty shot2 10-3-71) (shaker-level shaker1 l1 15-1-94) (shaked shaker1 23-0-110) (contains shaker1 ingredient3 27-0-118)
    add: (none-of-those 5-5-44) (contains shot2 ingredient3 10-2-70) (shaker-level shaker1 l0 15-0-93)
    del: (clean shot2 5-0-39) (empty shot2 10-3-71) (shaker-level shaker1 l1 15-1-94)
  (pour-shaker-to-shot ingredient3 shot2 left shaker1 l2 l1), cost: 1
    pre: (holding left shaker1 1-1-11) (clean shot2 5-0-39) (empty shot2 10-3-71) (shaker-level shaker1 l2 15-2-95) (shaked shaker1 23-0-110) (contains shaker1 ingredient3 27-0-118)
    add: (none-of-those 5-5-44) (contains shot2 ingredient3 10-2-70) (shaker-level shaker1 l1 15-1-94)
    del: (clean shot2 5-0-39) (empty shot2 10-3-71) (shaker-level shaker1 l2 15-2-95)
  (pour-shaker-to-shot ingredient3 shot2 right shaker1 l1 l0), cost: 1
    pre: (holding right shaker1 2-1-19) (clean shot2 5-0-39) (empty shot2 10-3-71) (shaker-level shaker1 l1 15-1-94) (shaked shaker1 23-0-110) (contains shaker1 ingredient3 27-0-118)
    add: (none-of-those 5-5-44) (contains shot2 ingredient3 10-2-70) (shaker-level shaker1 l0 15-0-93)
    del: (clean shot2 5-0-39) (empty shot2 10-3-71) (shaker-level shaker1 l1 15-1-94)
  (pour-shaker-to-shot ingredient3 shot2 right shaker1 l2 l1), cost: 1
    pre: (holding right shaker1 2-1-19) (clean shot2 5-0-39) (empty shot2 10-3-71) (shaker-level shaker1 l2 15-2-95) (shaked shaker1 23-0-110) (contains shaker1 ingredient3 27-0-118)
    add: (none-of-those 5-5-44) (contains shot2 ingredient3 10-2-70) (shaker-level shaker1 l1 15-1-94)
    del: (clean shot2 5-0-39) (empty shot2 10-3-71) (shaker-level shaker1 l2 15-2-95)
  (pour-shaker-to-shot ingredient3 shot3 left shaker1 l1 l0), cost: 1
    pre: (holding left shaker1 1-1-11) (clean shot3 6-0-45) (empty shot3 11-3-76) (shaker-level shaker1 l1 15-1-94) (shaked shaker1 23-0-110) (contains shaker1 ingredient3 27-0-118)
    add: (none-of-those 6-5-50) (contains shot3 ingredient3 11-2-75) (shaker-level shaker1 l0 15-0-93)
    del: (clean shot3 6-0-45) (empty shot3 11-3-76) (shaker-level shaker1 l1 15-1-94)
  (pour-shaker-to-shot ingredient3 shot3 left shaker1 l2 l1), cost: 1
    pre: (holding left shaker1 1-1-11) (clean shot3 6-0-45) (empty shot3 11-3-76) (shaker-level shaker1 l2 15-2-95) (shaked shaker1 23-0-110) (contains shaker1 ingredient3 27-0-118)
    add: (none-of-those 6-5-50) (contains shot3 ingredient3 11-2-75) (shaker-level shaker1 l1 15-1-94)
    del: (clean shot3 6-0-45) (empty shot3 11-3-76) (shaker-level shaker1 l2 15-2-95)
  (pour-shaker-to-shot ingredient3 shot3 right shaker1 l1 l0), cost: 1
    pre: (holding right shaker1 2-1-19) (clean shot3 6-0-45) (empty shot3 11-3-76) (shaker-level shaker1 l1 15-1-94) (shaked shaker1 23-0-110) (contains shaker1 ingredient3 27-0-118)
    add: (none-of-those 6-5-50) (contains shot3 ingredient3 11-2-75) (shaker-level shaker1 l0 15-0-93)
    del: (clean shot3 6-0-45) (empty shot3 11-3-76) (shaker-level shaker1 l1 15-1-94)
  (pour-shaker-to-shot ingredient3 shot3 right shaker1 l2 l1), cost: 1
    pre: (holding right shaker1 2-1-19) (clean shot3 6-0-45) (empty shot3 11-3-76) (shaker-level shaker1 l2 15-2-95) (shaked shaker1 23-0-110) (contains shaker1 ingredient3 27-0-118)
    add: (none-of-those 6-5-50) (contains shot3 ingredient3 11-2-75) (shaker-level shaker1 l1 15-1-94)
    del: (clean shot3 6-0-45) (empty shot3 11-3-76) (shaker-level shaker1 l2 15-2-95)
  (pour-shaker-to-shot ingredient3 shot4 left shaker1 l1 l0), cost: 1
    pre: (holding left shaker1 1-1-11) (clean shot4 7-0-51) (empty shot4 12-3-81) (shaker-level shaker1 l1 15-1-94) (shaked shaker1 23-0-110) (contains shaker1 ingredient3 27-0-118)
    add: (none-of-those 7-5-56) (contains shot4 ingredient3 12-2-80) (shaker-level shaker1 l0 15-0-93)
    del: (clean shot4 7-0-51) (empty shot4 12-3-81) (shaker-level shaker1 l1 15-1-94)
  (pour-shaker-to-shot ingredient3 shot4 left shaker1 l2 l1), cost: 1
    pre: (holding left shaker1 1-1-11) (clean shot4 7-0-51) (empty shot4 12-3-81) (shaker-level shaker1 l2 15-2-95) (shaked shaker1 23-0-110) (contains shaker1 ingredient3 27-0-118)
    add: (none-of-those 7-5-56) (contains shot4 ingredient3 12-2-80) (shaker-level shaker1 l1 15-1-94)
    del: (clean shot4 7-0-51) (empty shot4 12-3-81) (shaker-level shaker1 l2 15-2-95)
  (pour-shaker-to-shot ingredient3 shot4 right shaker1 l1 l0), cost: 1
    pre: (holding right shaker1 2-1-19) (clean shot4 7-0-51) (empty shot4 12-3-81) (shaker-level shaker1 l1 15-1-94) (shaked shaker1 23-0-110) (contains shaker1 ingredient3 27-0-118)
    add: (none-of-those 7-5-56) (contains shot4 ingredient3 12-2-80) (shaker-level shaker1 l0 15-0-93)
    del: (clean shot4 7-0-51) (empty shot4 12-3-81) (shaker-level shaker1 l1 15-1-94)
  (pour-shaker-to-shot ingredient3 shot4 right shaker1 l2 l1), cost: 1
    pre: (holding right shaker1 2-1-19) (clean shot4 7-0-51) (empty shot4 12-3-81) (shaker-level shaker1 l2 15-2-95) (shaked shaker1 23-0-110) (contains shaker1 ingredient3 27-0-118)
    add: (none-of-those 7-5-56) (contains shot4 ingredient3 12-2-80) (shaker-level shaker1 l1 15-1-94)
    del: (clean shot4 7-0-51) (empty shot4 12-3-81) (shaker-level shaker1 l2 15-2-95)
  (pour-shaker-to-shot ingredient3 shot5 left shaker1 l1 l0), cost: 1
    pre: (holding left shaker1 1-1-11) (clean shot5 8-0-57) (empty shot5 13-3-86) (shaker-level shaker1 l1 15-1-94) (shaked shaker1 23-0-110) (contains shaker1 ingredient3 27-0-118)
    add: (none-of-those 8-5-62) (contains shot5 ingredient3 13-2-85) (shaker-level shaker1 l0 15-0-93)
    del: (clean shot5 8-0-57) (empty shot5 13-3-86) (shaker-level shaker1 l1 15-1-94)
  (pour-shaker-to-shot ingredient3 shot5 left shaker1 l2 l1), cost: 1
    pre: (holding left shaker1 1-1-11) (clean shot5 8-0-57) (empty shot5 13-3-86) (shaker-level shaker1 l2 15-2-95) (shaked shaker1 23-0-110) (contains shaker1 ingredient3 27-0-118)
    add: (none-of-those 8-5-62) (contains shot5 ingredient3 13-2-85) (shaker-level shaker1 l1 15-1-94)
    del: (clean shot5 8-0-57) (empty shot5 13-3-86) (shaker-level shaker1 l2 15-2-95)
  (pour-shaker-to-shot ingredient3 shot5 right shaker1 l1 l0), cost: 1
    pre: (holding right shaker1 2-1-19) (clean shot5 8-0-57) (empty shot5 13-3-86) (shaker-level shaker1 l1 15-1-94) (shaked shaker1 23-0-110) (contains shaker1 ingredient3 27-0-118)
    add: (none-of-those 8-5-62) (contains shot5 ingredient3 13-2-85) (shaker-level shaker1 l0 15-0-93)
    del: (clean shot5 8-0-57) (empty shot5 13-3-86) (shaker-level shaker1 l1 15-1-94)
  (pour-shaker-to-shot ingredient3 shot5 right shaker1 l2 l1), cost: 1
    pre: (holding right shaker1 2-1-19) (clean shot5 8-0-57) (empty shot5 13-3-86) (shaker-level shaker1 l2 15-2-95) (shaked shaker1 23-0-110) (contains shaker1 ingredient3 27-0-118)
    add: (none-of-those 8-5-62) (contains shot5 ingredient3 13-2-85) (shaker-level shaker1 l1 15-1-94)
    del: (clean shot5 8-0-57) (empty shot5 13-3-86) (shaker-level shaker1 l2 15-2-95)
  (pour-shaker-to-shot ingredient3 shot6 left shaker1 l1 l0), cost: 1
    pre: (clean shot6 0-0-0) (holding left shaker1 1-1-11) (empty shot6 14-3-91) (shaker-level shaker1 l1 15-1-94) (shaked shaker1 23-0-110) (contains shaker1 ingredient3 27-0-118)
    add: (none-of-those 0-9-9) (contains shot6 ingredient3 14-2-90) (shaker-level shaker1 l0 15-0-93)
    del: (clean shot6 0-0-0) (empty shot6 14-3-91) (shaker-level shaker1 l1 15-1-94)
  (pour-shaker-to-shot ingredient3 shot6 left shaker1 l2 l1), cost: 1
    pre: (clean shot6 0-0-0) (holding left shaker1 1-1-11) (empty shot6 14-3-91) (shaker-level shaker1 l2 15-2-95) (shaked shaker1 23-0-110) (contains shaker1 ingredient3 27-0-118)
    add: (none-of-those 0-9-9) (contains shot6 ingredient3 14-2-90) (shaker-level shaker1 l1 15-1-94)
    del: (clean shot6 0-0-0) (empty shot6 14-3-91) (shaker-level shaker1 l2 15-2-95)
  (pour-shaker-to-shot ingredient3 shot6 right shaker1 l1 l0), cost: 1
    pre: (clean shot6 0-0-0) (holding right shaker1 2-1-19) (empty shot6 14-3-91) (shaker-level shaker1 l1 15-1-94) (shaked shaker1 23-0-110) (contains shaker1 ingredient3 27-0-118)
    add: (none-of-those 0-9-9) (contains shot6 ingredient3 14-2-90) (shaker-level shaker1 l0 15-0-93)
    del: (clean shot6 0-0-0) (empty shot6 14-3-91) (shaker-level shaker1 l1 15-1-94)
  (pour-shaker-to-shot ingredient3 shot6 right shaker1 l2 l1), cost: 1
    pre: (clean shot6 0-0-0) (holding right shaker1 2-1-19) (empty shot6 14-3-91) (shaker-level shaker1 l2 15-2-95) (shaked shaker1 23-0-110) (contains shaker1 ingredient3 27-0-118)
    add: (none-of-those 0-9-9) (contains shot6 ingredient3 14-2-90) (shaker-level shaker1 l1 15-1-94)
    del: (clean shot6 0-0-0) (empty shot6 14-3-91) (shaker-level shaker1 l2 15-2-95)
  (pour-shot-to-clean-shaker shot1 ingredient1 shaker1 left l0 l1), cost: 1
    pre: (holding left shot1 1-2-12) (empty shaker1 3-5-31) (contains shot1 ingredient1 9-0-63) (shaker-level shaker1 l0 15-0-93) (clean shaker1 24-0-112)
    add: (unshaked shaker1 3-6-32) (empty shot1 9-3-66) (shaker-level shaker1 l1 15-1-94) (none-of-those 24-1-113) (contains shaker1 ingredient1 25-0-114)
    del: (empty shaker1 3-5-31) (contains shot1 ingredient1 9-0-63) (shaker-level shaker1 l0 15-0-93) (clean shaker1 24-0-112) (none-of-those 25-1-115)
  (pour-shot-to-clean-shaker shot1 ingredient1 shaker1 right l0 l1), cost: 1
    pre: (holding right shot1 2-2-20) (empty shaker1 3-5-31) (contains shot1 ingredient1 9-0-63) (shaker-level shaker1 l0 15-0-93) (clean shaker1 24-0-112)
    add: (unshaked shaker1 3-6-32) (empty shot1 9-3-66) (shaker-level shaker1 l1 15-1-94) (none-of-those 24-1-113) (contains shaker1 ingredient1 25-0-114)
    del: (empty shaker1 3-5-31) (contains shot1 ingredient1 9-0-63) (shaker-level shaker1 l0 15-0-93) (clean shaker1 24-0-112) (none-of-those 25-1-115)
  (pour-shot-to-clean-shaker shot1 ingredient2 shaker1 left l0 l1), cost: 1
    pre: (holding left shot1 1-2-12) (empty shaker1 3-5-31) (contains shot1 ingredient2 9-1-64) (shaker-level shaker1 l0 15-0-93) (clean shaker1 24-0-112)
    add: (unshaked shaker1 3-6-32) (empty shot1 9-3-66) (shaker-level shaker1 l1 15-1-94) (none-of-those 24-1-113) (contains shaker1 ingredient2 26-0-116)
    del: (empty shaker1 3-5-31) (contains shot1 ingredient2 9-1-64) (shaker-level shaker1 l0 15-0-93) (clean shaker1 24-0-112) (none-of-those 26-1-117)
  (pour-shot-to-clean-shaker shot1 ingredient2 shaker1 right l0 l1), cost: 1
    pre: (holding right shot1 2-2-20) (empty shaker1 3-5-31) (contains shot1 ingredient2 9-1-64) (shaker-level shaker1 l0 15-0-93) (clean shaker1 24-0-112)
    add: (unshaked shaker1 3-6-32) (empty shot1 9-3-66) (shaker-level shaker1 l1 15-1-94) (none-of-those 24-1-113) (contains shaker1 ingredient2 26-0-116)
    del: (empty shaker1 3-5-31) (contains shot1 ingredient2 9-1-64) (shaker-level shaker1 l0 15-0-93) (clean shaker1 24-0-112) (none-of-those 26-1-117)
  (pour-shot-to-clean-shaker shot1 ingredient3 shaker1 left l0 l1), cost: 1
    pre: (holding left shot1 1-2-12) (empty shaker1 3-5-31) (contains shot1 ingredient3 9-2-65) (shaker-level shaker1 l0 15-0-93) (clean shaker1 24-0-112)
    add: (unshaked shaker1 3-6-32) (empty shot1 9-3-66) (shaker-level shaker1 l1 15-1-94) (none-of-those 24-1-113) (contains shaker1 ingredient3 27-0-118)
    del: (empty shaker1 3-5-31) (contains shot1 ingredient3 9-2-65) (shaker-level shaker1 l0 15-0-93) (clean shaker1 24-0-112) (none-of-those 27-1-119)
  (pour-shot-to-clean-shaker shot1 ingredient3 shaker1 right l0 l1), cost: 1
    pre: (holding right shot1 2-2-20) (empty shaker1 3-5-31) (contains shot1 ingredient3 9-2-65) (shaker-level shaker1 l0 15-0-93) (clean shaker1 24-0-112)
    add: (unshaked shaker1 3-6-32) (empty shot1 9-3-66) (shaker-level shaker1 l1 15-1-94) (none-of-those 24-1-113) (contains shaker1 ingredient3 27-0-118)
    del: (empty shaker1 3-5-31) (contains shot1 ingredient3 9-2-65) (shaker-level shaker1 l0 15-0-93) (clean shaker1 24-0-112) (none-of-those 27-1-119)
  (pour-shot-to-clean-shaker shot2 ingredient1 shaker1 left l0 l1), cost: 1
    pre: (holding left shot2 1-3-13) (empty shaker1 3-5-31) (contains shot2 ingredient1 10-0-68) (shaker-level shaker1 l0 15-0-93) (clean shaker1 24-0-112)
    add: (unshaked shaker1 3-6-32) (empty shot2 10-3-71) (shaker-level shaker1 l1 15-1-94) (none-of-those 24-1-113) (contains shaker1 ingredient1 25-0-114)
    del: (empty shaker1 3-5-31) (contains shot2 ingredient1 10-0-68) (shaker-level shaker1 l0 15-0-93) (clean shaker1 24-0-112) (none-of-those 25-1-115)
  (pour-shot-to-clean-shaker shot2 ingredient1 shaker1 right l0 l1), cost: 1
    pre: (holding right shot2 2-3-21) (empty shaker1 3-5-31) (contains shot2 ingredient1 10-0-68) (shaker-level shaker1 l0 15-0-93) (clean shaker1 24-0-112)
    add: (unshaked shaker1 3-6-32) (empty shot2 10-3-71) (shaker-level shaker1 l1 15-1-94) (none-of-those 24-1-113) (contains shaker1 ingredient1 25-0-114)
    del: (empty shaker1 3-5-31) (contains shot2 ingredient1 10-0-68) (shaker-level shaker1 l0 15-0-93) (clean shaker1 24-0-112) (none-of-those 25-1-115)
  (pour-shot-to-clean-shaker shot2 ingredient2 shaker1 left l0 l1), cost: 1
    pre: (holding left shot2 1-3-13) (empty shaker1 3-5-31) (contains shot2 ingredient2 10-1-69) (shaker-level shaker1 l0 15-0-93) (clean shaker1 24-0-112)
    add: (unshaked shaker1 3-6-32) (empty shot2 10-3-71) (shaker-level shaker1 l1 15-1-94) (none-of-those 24-1-113) (contains shaker1 ingredient2 26-0-116)
    del: (empty shaker1 3-5-31) (contains shot2 ingredient2 10-1-69) (shaker-level shaker1 l0 15-0-93) (clean shaker1 24-0-112) (none-of-those 26-1-117)
  (pour-shot-to-clean-shaker shot2 ingredient2 shaker1 right l0 l1), cost: 1
    pre: (holding right shot2 2-3-21) (empty shaker1 3-5-31) (contains shot2 ingredient2 10-1-69) (shaker-level shaker1 l0 15-0-93) (clean shaker1 24-0-112)
    add: (unshaked shaker1 3-6-32) (empty shot2 10-3-71) (shaker-level shaker1 l1 15-1-94) (none-of-those 24-1-113) (contains shaker1 ingredient2 26-0-116)
    del: (empty shaker1 3-5-31) (contains shot2 ingredient2 10-1-69) (shaker-level shaker1 l0 15-0-93) (clean shaker1 24-0-112) (none-of-those 26-1-117)
  (pour-shot-to-clean-shaker shot2 ingredient3 shaker1 left l0 l1), cost: 1
    pre: (holding left shot2 1-3-13) (empty shaker1 3-5-31) (contains shot2 ingredient3 10-2-70) (shaker-level shaker1 l0 15-0-93) (clean shaker1 24-0-112)
    add: (unshaked shaker1 3-6-32) (empty shot2 10-3-71) (shaker-level shaker1 l1 15-1-94) (none-of-those 24-1-113) (contains shaker1 ingredient3 27-0-118)
    del: (empty shaker1 3-5-31) (contains shot2 ingredient3 10-2-70) (shaker-level shaker1 l0 15-0-93) (clean shaker1 24-0-112) (none-of-those 27-1-119)
  (pour-shot-to-clean-shaker shot2 ingredient3 shaker1 right l0 l1), cost: 1
    pre: (holding right shot2 2-3-21) (empty shaker1 3-5-31) (contains shot2 ingredient3 10-2-70) (shaker-level shaker1 l0 15-0-93) (clean shaker1 24-0-112)
    add: (unshaked shaker1 3-6-32) (empty shot2 10-3-71) (shaker-level shaker1 l1 15-1-94) (none-of-those 24-1-113) (contains shaker1 ingredient3 27-0-118)
    del: (empty shaker1 3-5-31) (contains shot2 ingredient3 10-2-70) (shaker-level shaker1 l0 15-0-93) (clean shaker1 24-0-112) (none-of-those 27-1-119)
  (pour-shot-to-clean-shaker shot3 ingredient1 shaker1 left l0 l1), cost: 1
    pre: (holding left shot3 1-4-14) (empty shaker1 3-5-31) (contains shot3 ingredient1 11-0-73) (shaker-level shaker1 l0 15-0-93) (clean shaker1 24-0-112)
    add: (unshaked shaker1 3-6-32) (empty shot3 11-3-76) (shaker-level shaker1 l1 15-1-94) (none-of-those 24-1-113) (contains shaker1 ingredient1 25-0-114)
    del: (empty shaker1 3-5-31) (contains shot3 ingredient1 11-0-73) (shaker-level shaker1 l0 15-0-93) (clean shaker1 24-0-112) (none-of-those 25-1-115)
  (pour-shot-to-clean-shaker shot3 ingredient1 shaker1 right l0 l1), cost: 1
    pre: (holding right shot3 2-4-22) (empty shaker1 3-5-31) (contains shot3 ingredient1 11-0-73) (shaker-level shaker1 l0 15-0-93) (clean shaker1 24-0-112)
    add: (unshaked shaker1 3-6-32) (empty shot3 11-3-76) (shaker-level shaker1 l1 15-1-94) (none-of-those 24-1-113) (contains shaker1 ingredient1 25-0-114)
    del: (empty shaker1 3-5-31) (contains shot3 ingredient1 11-0-73) (shaker-level shaker1 l0 15-0-93) (clean shaker1 24-0-112) (none-of-those 25-1-115)
  (pour-shot-to-clean-shaker shot3 ingredient2 shaker1 left l0 l1), cost: 1
    pre: (holding left shot3 1-4-14) (empty shaker1 3-5-31) (contains shot3 ingredient2 11-1-74) (shaker-level shaker1 l0 15-0-93) (clean shaker1 24-0-112)
    add: (unshaked shaker1 3-6-32) (empty shot3 11-3-76) (shaker-level shaker1 l1 15-1-94) (none-of-those 24-1-113) (contains shaker1 ingredient2 26-0-116)
    del: (empty shaker1 3-5-31) (contains shot3 ingredient2 11-1-74) (shaker-level shaker1 l0 15-0-93) (clean shaker1 24-0-112) (none-of-those 26-1-117)
  (pour-shot-to-clean-shaker shot3 ingredient2 shaker1 right l0 l1), cost: 1
    pre: (holding right shot3 2-4-22) (empty shaker1 3-5-31) (contains shot3 ingredient2 11-1-74) (shaker-level shaker1 l0 15-0-93) (clean shaker1 24-0-112)
    add: (unshaked shaker1 3-6-32) (empty shot3 11-3-76) (shaker-level shaker1 l1 15-1-94) (none-of-those 24-1-113) (contains shaker1 ingredient2 26-0-116)
    del: (empty shaker1 3-5-31) (contains shot3 ingredient2 11-1-74) (shaker-level shaker1 l0 15-0-93) (clean shaker1 24-0-112) (none-of-those 26-1-117)
  (pour-shot-to-clean-shaker shot3 ingredient3 shaker1 left l0 l1), cost: 1
    pre: (holding left shot3 1-4-14) (empty shaker1 3-5-31) (contains shot3 ingredient3 11-2-75) (shaker-level shaker1 l0 15-0-93) (clean shaker1 24-0-112)
    add: (unshaked shaker1 3-6-32) (empty shot3 11-3-76) (shaker-level shaker1 l1 15-1-94) (none-of-those 24-1-113) (contains shaker1 ingredient3 27-0-118)
    del: (empty shaker1 3-5-31) (contains shot3 ingredient3 11-2-75) (shaker-level shaker1 l0 15-0-93) (clean shaker1 24-0-112) (none-of-those 27-1-119)
  (pour-shot-to-clean-shaker shot3 ingredient3 shaker1 right l0 l1), cost: 1
    pre: (holding right shot3 2-4-22) (empty shaker1 3-5-31) (contains shot3 ingredient3 11-2-75) (shaker-level shaker1 l0 15-0-93) (clean shaker1 24-0-112)
    add: (unshaked shaker1 3-6-32) (empty shot3 11-3-76) (shaker-level shaker1 l1 15-1-94) (none-of-those 24-1-113) (contains shaker1 ingredient3 27-0-118)
    del: (empty shaker1 3-5-31) (contains shot3 ingredient3 11-2-75) (shaker-level shaker1 l0 15-0-93) (clean shaker1 24-0-112) (none-of-those 27-1-119)
  (pour-shot-to-clean-shaker shot4 ingredient1 shaker1 left l0 l1), cost: 1
    pre: (holding left shot4 1-5-15) (empty shaker1 3-5-31) (contains shot4 ingredient1 12-0-78) (shaker-level shaker1 l0 15-0-93) (clean shaker1 24-0-112)
    add: (unshaked shaker1 3-6-32) (empty shot4 12-3-81) (shaker-level shaker1 l1 15-1-94) (none-of-those 24-1-113) (contains shaker1 ingredient1 25-0-114)
    del: (empty shaker1 3-5-31) (contains shot4 ingredient1 12-0-78) (shaker-level shaker1 l0 15-0-93) (clean shaker1 24-0-112) (none-of-those 25-1-115)
  (pour-shot-to-clean-shaker shot4 ingredient1 shaker1 right l0 l1), cost: 1
    pre: (holding right shot4 2-5-23) (empty shaker1 3-5-31) (contains shot4 ingredient1 12-0-78) (shaker-level shaker1 l0 15-0-93) (clean shaker1 24-0-112)
    add: (unshaked shaker1 3-6-32) (empty shot4 12-3-81) (shaker-level shaker1 l1 15-1-94) (none-of-those 24-1-113) (contains shaker1 ingredient1 25-0-114)
    del: (empty shaker1 3-5-31) (contains shot4 ingredient1 12-0-78) (shaker-level shaker1 l0 15-0-93) (clean shaker1 24-0-112) (none-of-those 25-1-115)
  (pour-shot-to-clean-shaker shot4 ingredient2 shaker1 left l0 l1), cost: 1
    pre: (holding left shot4 1-5-15) (empty shaker1 3-5-31) (contains shot4 ingredient2 12-1-79) (shaker-level shaker1 l0 15-0-93) (clean shaker1 24-0-112)
    add: (unshaked shaker1 3-6-32) (empty shot4 12-3-81) (shaker-level shaker1 l1 15-1-94) (none-of-those 24-1-113) (contains shaker1 ingredient2 26-0-116)
    del: (empty shaker1 3-5-31) (contains shot4 ingredient2 12-1-79) (shaker-level shaker1 l0 15-0-93) (clean shaker1 24-0-112) (none-of-those 26-1-117)
  (pour-shot-to-clean-shaker shot4 ingredient2 shaker1 right l0 l1), cost: 1
    pre: (holding right shot4 2-5-23) (empty shaker1 3-5-31) (contains shot4 ingredient2 12-1-79) (shaker-level shaker1 l0 15-0-93) (clean shaker1 24-0-112)
    add: (unshaked shaker1 3-6-32) (empty shot4 12-3-81) (shaker-level shaker1 l1 15-1-94) (none-of-those 24-1-113) (contains shaker1 ingredient2 26-0-116)
    del: (empty shaker1 3-5-31) (contains shot4 ingredient2 12-1-79) (shaker-level shaker1 l0 15-0-93) (clean shaker1 24-0-112) (none-of-those 26-1-117)
  (pour-shot-to-clean-shaker shot4 ingredient3 shaker1 left l0 l1), cost: 1
    pre: (holding left shot4 1-5-15) (empty shaker1 3-5-31) (contains shot4 ingredient3 12-2-80) (shaker-level shaker1 l0 15-0-93) (clean shaker1 24-0-112)
    add: (unshaked shaker1 3-6-32) (empty shot4 12-3-81) (shaker-level shaker1 l1 15-1-94) (none-of-those 24-1-113) (contains shaker1 ingredient3 27-0-118)
    del: (empty shaker1 3-5-31) (contains shot4 ingredient3 12-2-80) (shaker-level shaker1 l0 15-0-93) (clean shaker1 24-0-112) (none-of-those 27-1-119)
  (pour-shot-to-clean-shaker shot4 ingredient3 shaker1 right l0 l1), cost: 1
    pre: (holding right shot4 2-5-23) (empty shaker1 3-5-31) (contains shot4 ingredient3 12-2-80) (shaker-level shaker1 l0 15-0-93) (clean shaker1 24-0-112)
    add: (unshaked shaker1 3-6-32) (empty shot4 12-3-81) (shaker-level shaker1 l1 15-1-94) (none-of-those 24-1-113) (contains shaker1 ingredient3 27-0-118)
    del: (empty shaker1 3-5-31) (contains shot4 ingredient3 12-2-80) (shaker-level shaker1 l0 15-0-93) (clean shaker1 24-0-112) (none-of-those 27-1-119)
  (pour-shot-to-clean-shaker shot5 ingredient1 shaker1 left l0 l1), cost: 1
    pre: (holding left shot5 1-6-16) (empty shaker1 3-5-31) (contains shot5 ingredient1 13-0-83) (shaker-level shaker1 l0 15-0-93) (clean shaker1 24-0-112)
    add: (unshaked shaker1 3-6-32) (empty shot5 13-3-86) (shaker-level shaker1 l1 15-1-94) (none-of-those 24-1-113) (contains shaker1 ingredient1 25-0-114)
    del: (empty shaker1 3-5-31) (contains shot5 ingredient1 13-0-83) (shaker-level shaker1 l0 15-0-93) (clean shaker1 24-0-112) (none-of-those 25-1-115)
  (pour-shot-to-clean-shaker shot5 ingredient1 shaker1 right l0 l1), cost: 1
    pre: (holding right shot5 2-6-24) (empty shaker1 3-5-31) (contains shot5 ingredient1 13-0-83) (shaker-level shaker1 l0 15-0-93) (clean shaker1 24-0-112)
    add: (unshaked shaker1 3-6-32) (empty shot5 13-3-86) (shaker-level shaker1 l1 15-1-94) (none-of-those 24-1-113) (contains shaker1 ingredient1 25-0-114)
    del: (empty shaker1 3-5-31) (contains shot5 ingredient1 13-0-83) (shaker-level shaker1 l0 15-0-93) (clean shaker1 24-0-112) (none-of-those 25-1-115)
  (pour-shot-to-clean-shaker shot5 ingredient2 shaker1 left l0 l1), cost: 1
    pre: (holding left shot5 1-6-16) (empty shaker1 3-5-31) (contains shot5 ingredient2 13-1-84) (shaker-level shaker1 l0 15-0-93) (clean shaker1 24-0-112)
    add: (unshaked shaker1 3-6-32) (empty shot5 13-3-86) (shaker-level shaker1 l1 15-1-94) (none-of-those 24-1-113) (contains shaker1 ingredient2 26-0-116)
    del: (empty shaker1 3-5-31) (contains shot5 ingredient2 13-1-84) (shaker-level shaker1 l0 15-0-93) (clean shaker1 24-0-112) (none-of-those 26-1-117)
  (pour-shot-to-clean-shaker shot5 ingredient2 shaker1 right l0 l1), cost: 1
    pre: (holding right shot5 2-6-24) (empty shaker1 3-5-31) (contains shot5 ingredient2 13-1-84) (shaker-level shaker1 l0 15-0-93) (clean shaker1 24-0-112)
    add: (unshaked shaker1 3-6-32) (empty shot5 13-3-86) (shaker-level shaker1 l1 15-1-94) (none-of-those 24-1-113) (contains shaker1 ingredient2 26-0-116)
    del: (empty shaker1 3-5-31) (contains shot5 ingredient2 13-1-84) (shaker-level shaker1 l0 15-0-93) (clean shaker1 24-0-112) (none-of-those 26-1-117)
  (pour-shot-to-clean-shaker shot5 ingredient3 shaker1 left l0 l1), cost: 1
    pre: (holding left shot5 1-6-16) (empty shaker1 3-5-31) (contains shot5 ingredient3 13-2-85) (shaker-level shaker1 l0 15-0-93) (clean shaker1 24-0-112)
    add: (unshaked shaker1 3-6-32) (empty shot5 13-3-86) (shaker-level shaker1 l1 15-1-94) (none-of-those 24-1-113) (contains shaker1 ingredient3 27-0-118)
    del: (empty shaker1 3-5-31) (contains shot5 ingredient3 13-2-85) (shaker-level shaker1 l0 15-0-93) (clean shaker1 24-0-112) (none-of-those 27-1-119)
  (pour-shot-to-clean-shaker shot5 ingredient3 shaker1 right l0 l1), cost: 1
    pre: (holding right shot5 2-6-24) (empty shaker1 3-5-31) (contains shot5 ingredient3 13-2-85) (shaker-level shaker1 l0 15-0-93) (clean shaker1 24-0-112)
    add: (unshaked shaker1 3-6-32) (empty shot5 13-3-86) (shaker-level shaker1 l1 15-1-94) (none-of-those 24-1-113) (contains shaker1 ingredient3 27-0-118)
    del: (empty shaker1 3-5-31) (contains shot5 ingredient3 13-2-85) (shaker-level shaker1 l0 15-0-93) (clean shaker1 24-0-112) (none-of-those 27-1-119)
  (pour-shot-to-clean-shaker shot6 ingredient1 shaker1 left l0 l1), cost: 1
    pre: (holding left shot6 1-7-17) (empty shaker1 3-5-31) (contains shot6 ingredient1 14-0-88) (shaker-level shaker1 l0 15-0-93) (clean shaker1 24-0-112)
    add: (unshaked shaker1 3-6-32) (empty shot6 14-3-91) (shaker-level shaker1 l1 15-1-94) (none-of-those 24-1-113) (contains shaker1 ingredient1 25-0-114)
    del: (empty shaker1 3-5-31) (contains shot6 ingredient1 14-0-88) (shaker-level shaker1 l0 15-0-93) (clean shaker1 24-0-112) (none-of-those 25-1-115)
  (pour-shot-to-clean-shaker shot6 ingredient1 shaker1 right l0 l1), cost: 1
    pre: (holding right shot6 2-7-25) (empty shaker1 3-5-31) (contains shot6 ingredient1 14-0-88) (shaker-level shaker1 l0 15-0-93) (clean shaker1 24-0-112)
    add: (unshaked shaker1 3-6-32) (empty shot6 14-3-91) (shaker-level shaker1 l1 15-1-94) (none-of-those 24-1-113) (contains shaker1 ingredient1 25-0-114)
    del: (empty shaker1 3-5-31) (contains shot6 ingredient1 14-0-88) (shaker-level shaker1 l0 15-0-93) (clean shaker1 24-0-112) (none-of-those 25-1-115)
  (pour-shot-to-clean-shaker shot6 ingredient2 shaker1 left l0 l1), cost: 1
    pre: (holding left shot6 1-7-17) (empty shaker1 3-5-31) (contains shot6 ingredient2 14-1-89) (shaker-level shaker1 l0 15-0-93) (clean shaker1 24-0-112)
    add: (unshaked shaker1 3-6-32) (empty shot6 14-3-91) (shaker-level shaker1 l1 15-1-94) (none-of-those 24-1-113) (contains shaker1 ingredient2 26-0-116)
    del: (empty shaker1 3-5-31) (contains shot6 ingredient2 14-1-89) (shaker-level shaker1 l0 15-0-93) (clean shaker1 24-0-112) (none-of-those 26-1-117)
  (pour-shot-to-clean-shaker shot6 ingredient2 shaker1 right l0 l1), cost: 1
    pre: (holding right shot6 2-7-25) (empty shaker1 3-5-31) (contains shot6 ingredient2 14-1-89) (shaker-level shaker1 l0 15-0-93) (clean shaker1 24-0-112)
    add: (unshaked shaker1 3-6-32) (empty shot6 14-3-91) (shaker-level shaker1 l1 15-1-94) (none-of-those 24-1-113) (contains shaker1 ingredient2 26-0-116)
    del: (empty shaker1 3-5-31) (contains shot6 ingredient2 14-1-89) (shaker-level shaker1 l0 15-0-93) (clean shaker1 24-0-112) (none-of-those 26-1-117)
  (pour-shot-to-clean-shaker shot6 ingredient3 shaker1 left l0 l1), cost: 1
    pre: (holding left shot6 1-7-17) (empty shaker1 3-5-31) (contains shot6 ingredient3 14-2-90) (shaker-level shaker1 l0 15-0-93) (clean shaker1 24-0-112)
    add: (unshaked shaker1 3-6-32) (empty shot6 14-3-91) (shaker-level shaker1 l1 15-1-94) (none-of-those 24-1-113) (contains shaker1 ingredient3 27-0-118)
    del: (empty shaker1 3-5-31) (contains shot6 ingredient3 14-2-90) (shaker-level shaker1 l0 15-0-93) (clean shaker1 24-0-112) (none-of-those 27-1-119)
  (pour-shot-to-clean-shaker shot6 ingredient3 shaker1 right l0 l1), cost: 1
    pre: (holding right shot6 2-7-25) (empty shaker1 3-5-31) (contains shot6 ingredient3 14-2-90) (shaker-level shaker1 l0 15-0-93) (clean shaker1 24-0-112)
    add: (unshaked shaker1 3-6-32) (empty shot6 14-3-91) (shaker-level shaker1 l1 15-1-94) (none-of-those 24-1-113) (contains shaker1 ingredient3 27-0-118)
    del: (empty shaker1 3-5-31) (contains shot6 ingredient3 14-2-90) (shaker-level shaker1 l0 15-0-93) (clean shaker1 24-0-112) (none-of-those 27-1-119)
  (pour-shot-to-used-shaker shot1 ingredient1 shaker1 left l1 l2), cost: 1
    pre: (holding left shot1 1-2-12) (unshaked shaker1 3-6-32) (contains shot1 ingredient1 9-0-63) (shaker-level shaker1 l1 15-1-94)
    add: (empty shot1 9-3-66) (shaker-level shaker1 l2 15-2-95) (contains shaker1 ingredient1 25-0-114)
    del: (contains shot1 ingredient1 9-0-63) (shaker-level shaker1 l1 15-1-94) (none-of-those 25-1-115)
  (pour-shot-to-used-shaker shot1 ingredient1 shaker1 right l1 l2), cost: 1
    pre: (holding right shot1 2-2-20) (unshaked shaker1 3-6-32) (contains shot1 ingredient1 9-0-63) (shaker-level shaker1 l1 15-1-94)
    add: (empty shot1 9-3-66) (shaker-level shaker1 l2 15-2-95) (contains shaker1 ingredient1 25-0-114)
    del: (contains shot1 ingredient1 9-0-63) (shaker-level shaker1 l1 15-1-94) (none-of-those 25-1-115)
  (pour-shot-to-used-shaker shot1 ingredient2 shaker1 left l1 l2), cost: 1
    pre: (holding left shot1 1-2-12) (unshaked shaker1 3-6-32) (contains shot1 ingredient2 9-1-64) (shaker-level shaker1 l1 15-1-94)
    add: (empty shot1 9-3-66) (shaker-level shaker1 l2 15-2-95) (contains shaker1 ingredient2 26-0-116)
    del: (contains shot1 ingredient2 9-1-64) (shaker-level shaker1 l1 15-1-94) (none-of-those 26-1-117)
  (pour-shot-to-used-shaker shot1 ingredient2 shaker1 right l1 l2), cost: 1
    pre: (holding right shot1 2-2-20) (unshaked shaker1 3-6-32) (contains shot1 ingredient2 9-1-64) (shaker-level shaker1 l1 15-1-94)
    add: (empty shot1 9-3-66) (shaker-level shaker1 l2 15-2-95) (contains shaker1 ingredient2 26-0-116)
    del: (contains shot1 ingredient2 9-1-64) (shaker-level shaker1 l1 15-1-94) (none-of-those 26-1-117)
  (pour-shot-to-used-shaker shot1 ingredient3 shaker1 left l1 l2), cost: 1
    pre: (holding left shot1 1-2-12) (unshaked shaker1 3-6-32) (contains shot1 ingredient3 9-2-65) (shaker-level shaker1 l1 15-1-94)
    add: (empty shot1 9-3-66) (shaker-level shaker1 l2 15-2-95) (contains shaker1 ingredient3 27-0-118)
    del: (contains shot1 ingredient3 9-2-65) (shaker-level shaker1 l1 15-1-94) (none-of-those 27-1-119)
  (pour-shot-to-used-shaker shot1 ingredient3 shaker1 right l1 l2), cost: 1
    pre: (holding right shot1 2-2-20) (unshaked shaker1 3-6-32) (contains shot1 ingredient3 9-2-65) (shaker-level shaker1 l1 15-1-94)
    add: (empty shot1 9-3-66) (shaker-level shaker1 l2 15-2-95) (contains shaker1 ingredient3 27-0-118)
    del: (contains shot1 ingredient3 9-2-65) (shaker-level shaker1 l1 15-1-94) (none-of-those 27-1-119)
  (pour-shot-to-used-shaker shot2 ingredient1 shaker1 left l1 l2), cost: 1
    pre: (holding left shot2 1-3-13) (unshaked shaker1 3-6-32) (contains shot2 ingredient1 10-0-68) (shaker-level shaker1 l1 15-1-94)
    add: (empty shot2 10-3-71) (shaker-level shaker1 l2 15-2-95) (contains shaker1 ingredient1 25-0-114)
    del: (contains shot2 ingredient1 10-0-68) (shaker-level shaker1 l1 15-1-94) (none-of-those 25-1-115)
  (pour-shot-to-used-shaker shot2 ingredient1 shaker1 right l1 l2), cost: 1
    pre: (holding right shot2 2-3-21) (unshaked shaker1 3-6-32) (contains shot2 ingredient1 10-0-68) (shaker-level shaker1 l1 15-1-94)
    add: (empty shot2 10-3-71) (shaker-level shaker1 l2 15-2-95) (contains shaker1 ingredient1 25-0-114)
    del: (contains shot2 ingredient1 10-0-68) (shaker-level shaker1 l1 15-1-94) (none-of-those 25-1-115)
  (pour-shot-to-used-shaker shot2 ingredient2 shaker1 left l1 l2), cost: 1
    pre: (holding left shot2 1-3-13) (unshaked shaker1 3-6-32) (contains shot2 ingredient2 10-1-69) (shaker-level shaker1 l1 15-1-94)
    add: (empty shot2 10-3-71) (shaker-level shaker1 l2 15-2-95) (contains shaker1 ingredient2 26-0-116)
    del: (contains shot2 ingredient2 10-1-69) (shaker-level shaker1 l1 15-1-94) (none-of-those 26-1-117)
  (pour-shot-to-used-shaker shot2 ingredient2 shaker1 right l1 l2), cost: 1
    pre: (holding right shot2 2-3-21) (unshaked shaker1 3-6-32) (contains shot2 ingredient2 10-1-69) (shaker-level shaker1 l1 15-1-94)
    add: (empty shot2 10-3-71) (shaker-level shaker1 l2 15-2-95) (contains shaker1 ingredient2 26-0-116)
    del: (contains shot2 ingredient2 10-1-69) (shaker-level shaker1 l1 15-1-94) (none-of-those 26-1-117)
  (pour-shot-to-used-shaker shot2 ingredient3 shaker1 left l1 l2), cost: 1
    pre: (holding left shot2 1-3-13) (unshaked shaker1 3-6-32) (contains shot2 ingredient3 10-2-70) (shaker-level shaker1 l1 15-1-94)
    add: (empty shot2 10-3-71) (shaker-level shaker1 l2 15-2-95) (contains shaker1 ingredient3 27-0-118)
    del: (contains shot2 ingredient3 10-2-70) (shaker-level shaker1 l1 15-1-94) (none-of-those 27-1-119)
  (pour-shot-to-used-shaker shot2 ingredient3 shaker1 right l1 l2), cost: 1
    pre: (holding right shot2 2-3-21) (unshaked shaker1 3-6-32) (contains shot2 ingredient3 10-2-70) (shaker-level shaker1 l1 15-1-94)
    add: (empty shot2 10-3-71) (shaker-level shaker1 l2 15-2-95) (contains shaker1 ingredient3 27-0-118)
    del: (contains shot2 ingredient3 10-2-70) (shaker-level shaker1 l1 15-1-94) (none-of-those 27-1-119)
  (pour-shot-to-used-shaker shot3 ingredient1 shaker1 left l1 l2), cost: 1
    pre: (holding left shot3 1-4-14) (unshaked shaker1 3-6-32) (contains shot3 ingredient1 11-0-73) (shaker-level shaker1 l1 15-1-94)
    add: (empty shot3 11-3-76) (shaker-level shaker1 l2 15-2-95) (contains shaker1 ingredient1 25-0-114)
    del: (contains shot3 ingredient1 11-0-73) (shaker-level shaker1 l1 15-1-94) (none-of-those 25-1-115)
  (pour-shot-to-used-shaker shot3 ingredient1 shaker1 right l1 l2), cost: 1
    pre: (holding right shot3 2-4-22) (unshaked shaker1 3-6-32) (contains shot3 ingredient1 11-0-73) (shaker-level shaker1 l1 15-1-94)
    add: (empty shot3 11-3-76) (shaker-level shaker1 l2 15-2-95) (contains shaker1 ingredient1 25-0-114)
    del: (contains shot3 ingredient1 11-0-73) (shaker-level shaker1 l1 15-1-94) (none-of-those 25-1-115)
  (pour-shot-to-used-shaker shot3 ingredient2 shaker1 left l1 l2), cost: 1
    pre: (holding left shot3 1-4-14) (unshaked shaker1 3-6-32) (contains shot3 ingredient2 11-1-74) (shaker-level shaker1 l1 15-1-94)
    add: (empty shot3 11-3-76) (shaker-level shaker1 l2 15-2-95) (contains shaker1 ingredient2 26-0-116)
    del: (contains shot3 ingredient2 11-1-74) (shaker-level shaker1 l1 15-1-94) (none-of-those 26-1-117)
  (pour-shot-to-used-shaker shot3 ingredient2 shaker1 right l1 l2), cost: 1
    pre: (holding right shot3 2-4-22) (unshaked shaker1 3-6-32) (contains shot3 ingredient2 11-1-74) (shaker-level shaker1 l1 15-1-94)
    add: (empty shot3 11-3-76) (shaker-level shaker1 l2 15-2-95) (contains shaker1 ingredient2 26-0-116)
    del: (contains shot3 ingredient2 11-1-74) (shaker-level shaker1 l1 15-1-94) (none-of-those 26-1-117)
  (pour-shot-to-used-shaker shot3 ingredient3 shaker1 left l1 l2), cost: 1
    pre: (holding left shot3 1-4-14) (unshaked shaker1 3-6-32) (contains shot3 ingredient3 11-2-75) (shaker-level shaker1 l1 15-1-94)
    add: (empty shot3 11-3-76) (shaker-level shaker1 l2 15-2-95) (contains shaker1 ingredient3 27-0-118)
    del: (contains shot3 ingredient3 11-2-75) (shaker-level shaker1 l1 15-1-94) (none-of-those 27-1-119)
  (pour-shot-to-used-shaker shot3 ingredient3 shaker1 right l1 l2), cost: 1
    pre: (holding right shot3 2-4-22) (unshaked shaker1 3-6-32) (contains shot3 ingredient3 11-2-75) (shaker-level shaker1 l1 15-1-94)
    add: (empty shot3 11-3-76) (shaker-level shaker1 l2 15-2-95) (contains shaker1 ingredient3 27-0-118)
    del: (contains shot3 ingredient3 11-2-75) (shaker-level shaker1 l1 15-1-94) (none-of-those 27-1-119)
  (pour-shot-to-used-shaker shot4 ingredient1 shaker1 left l1 l2), cost: 1
    pre: (holding left shot4 1-5-15) (unshaked shaker1 3-6-32) (contains shot4 ingredient1 12-0-78) (shaker-level shaker1 l1 15-1-94)
    add: (empty shot4 12-3-81) (shaker-level shaker1 l2 15-2-95) (contains shaker1 ingredient1 25-0-114)
    del: (contains shot4 ingredient1 12-0-78) (shaker-level shaker1 l1 15-1-94) (none-of-those 25-1-115)
  (pour-shot-to-used-shaker shot4 ingredient1 shaker1 right l1 l2), cost: 1
    pre: (holding right shot4 2-5-23) (unshaked shaker1 3-6-32) (contains shot4 ingredient1 12-0-78) (shaker-level shaker1 l1 15-1-94)
    add: (empty shot4 12-3-81) (shaker-level shaker1 l2 15-2-95) (contains shaker1 ingredient1 25-0-114)
    del: (contains shot4 ingredient1 12-0-78) (shaker-level shaker1 l1 15-1-94) (none-of-those 25-1-115)
  (pour-shot-to-used-shaker shot4 ingredient2 shaker1 left l1 l2), cost: 1
    pre: (holding left shot4 1-5-15) (unshaked shaker1 3-6-32) (contains shot4 ingredient2 12-1-79) (shaker-level shaker1 l1 15-1-94)
    add: (empty shot4 12-3-81) (shaker-level shaker1 l2 15-2-95) (contains shaker1 ingredient2 26-0-116)
    del: (contains shot4 ingredient2 12-1-79) (shaker-level shaker1 l1 15-1-94) (none-of-those 26-1-117)
  (pour-shot-to-used-shaker shot4 ingredient2 shaker1 right l1 l2), cost: 1
    pre: (holding right shot4 2-5-23) (unshaked shaker1 3-6-32) (contains shot4 ingredient2 12-1-79) (shaker-level shaker1 l1 15-1-94)
    add: (empty shot4 12-3-81) (shaker-level shaker1 l2 15-2-95) (contains shaker1 ingredient2 26-0-116)
    del: (contains shot4 ingredient2 12-1-79) (shaker-level shaker1 l1 15-1-94) (none-of-those 26-1-117)
  (pour-shot-to-used-shaker shot4 ingredient3 shaker1 left l1 l2), cost: 1
    pre: (holding left shot4 1-5-15) (unshaked shaker1 3-6-32) (contains shot4 ingredient3 12-2-80) (shaker-level shaker1 l1 15-1-94)
    add: (empty shot4 12-3-81) (shaker-level shaker1 l2 15-2-95) (contains shaker1 ingredient3 27-0-118)
    del: (contains shot4 ingredient3 12-2-80) (shaker-level shaker1 l1 15-1-94) (none-of-those 27-1-119)
  (pour-shot-to-used-shaker shot4 ingredient3 shaker1 right l1 l2), cost: 1
    pre: (holding right shot4 2-5-23) (unshaked shaker1 3-6-32) (contains shot4 ingredient3 12-2-80) (shaker-level shaker1 l1 15-1-94)
    add: (empty shot4 12-3-81) (shaker-level shaker1 l2 15-2-95) (contains shaker1 ingredient3 27-0-118)
    del: (contains shot4 ingredient3 12-2-80) (shaker-level shaker1 l1 15-1-94) (none-of-those 27-1-119)
  (pour-shot-to-used-shaker shot5 ingredient1 shaker1 left l1 l2), cost: 1
    pre: (holding left shot5 1-6-16) (unshaked shaker1 3-6-32) (contains shot5 ingredient1 13-0-83) (shaker-level shaker1 l1 15-1-94)
    add: (empty shot5 13-3-86) (shaker-level shaker1 l2 15-2-95) (contains shaker1 ingredient1 25-0-114)
    del: (contains shot5 ingredient1 13-0-83) (shaker-level shaker1 l1 15-1-94) (none-of-those 25-1-115)
  (pour-shot-to-used-shaker shot5 ingredient1 shaker1 right l1 l2), cost: 1
    pre: (holding right shot5 2-6-24) (unshaked shaker1 3-6-32) (contains shot5 ingredient1 13-0-83) (shaker-level shaker1 l1 15-1-94)
    add: (empty shot5 13-3-86) (shaker-level shaker1 l2 15-2-95) (contains shaker1 ingredient1 25-0-114)
    del: (contains shot5 ingredient1 13-0-83) (shaker-level shaker1 l1 15-1-94) (none-of-those 25-1-115)
  (pour-shot-to-used-shaker shot5 ingredient2 shaker1 left l1 l2), cost: 1
    pre: (holding left shot5 1-6-16) (unshaked shaker1 3-6-32) (contains shot5 ingredient2 13-1-84) (shaker-level shaker1 l1 15-1-94)
    add: (empty shot5 13-3-86) (shaker-level shaker1 l2 15-2-95) (contains shaker1 ingredient2 26-0-116)
    del: (contains shot5 ingredient2 13-1-84) (shaker-level shaker1 l1 15-1-94) (none-of-those 26-1-117)
  (pour-shot-to-used-shaker shot5 ingredient2 shaker1 right l1 l2), cost: 1
    pre: (holding right shot5 2-6-24) (unshaked shaker1 3-6-32) (contains shot5 ingredient2 13-1-84) (shaker-level shaker1 l1 15-1-94)
    add: (empty shot5 13-3-86) (shaker-level shaker1 l2 15-2-95) (contains shaker1 ingredient2 26-0-116)
    del: (contains shot5 ingredient2 13-1-84) (shaker-level shaker1 l1 15-1-94) (none-of-those 26-1-117)
  (pour-shot-to-used-shaker shot5 ingredient3 shaker1 left l1 l2), cost: 1
    pre: (holding left shot5 1-6-16) (unshaked shaker1 3-6-32) (contains shot5 ingredient3 13-2-85) (shaker-level shaker1 l1 15-1-94)
    add: (empty shot5 13-3-86) (shaker-level shaker1 l2 15-2-95) (contains shaker1 ingredient3 27-0-118)
    del: (contains shot5 ingredient3 13-2-85) (shaker-level shaker1 l1 15-1-94) (none-of-those 27-1-119)
  (pour-shot-to-used-shaker shot5 ingredient3 shaker1 right l1 l2), cost: 1
    pre: (holding right shot5 2-6-24) (unshaked shaker1 3-6-32) (contains shot5 ingredient3 13-2-85) (shaker-level shaker1 l1 15-1-94)
    add: (empty shot5 13-3-86) (shaker-level shaker1 l2 15-2-95) (contains shaker1 ingredient3 27-0-118)
    del: (contains shot5 ingredient3 13-2-85) (shaker-level shaker1 l1 15-1-94) (none-of-those 27-1-119)
  (pour-shot-to-used-shaker shot6 ingredient1 shaker1 left l1 l2), cost: 1
    pre: (holding left shot6 1-7-17) (unshaked shaker1 3-6-32) (contains shot6 ingredient1 14-0-88) (shaker-level shaker1 l1 15-1-94)
    add: (empty shot6 14-3-91) (shaker-level shaker1 l2 15-2-95) (contains shaker1 ingredient1 25-0-114)
    del: (contains shot6 ingredient1 14-0-88) (shaker-level shaker1 l1 15-1-94) (none-of-those 25-1-115)
  (pour-shot-to-used-shaker shot6 ingredient1 shaker1 right l1 l2), cost: 1
    pre: (holding right shot6 2-7-25) (unshaked shaker1 3-6-32) (contains shot6 ingredient1 14-0-88) (shaker-level shaker1 l1 15-1-94)
    add: (empty shot6 14-3-91) (shaker-level shaker1 l2 15-2-95) (contains shaker1 ingredient1 25-0-114)
    del: (contains shot6 ingredient1 14-0-88) (shaker-level shaker1 l1 15-1-94) (none-of-those 25-1-115)
  (pour-shot-to-used-shaker shot6 ingredient2 shaker1 left l1 l2), cost: 1
    pre: (holding left shot6 1-7-17) (unshaked shaker1 3-6-32) (contains shot6 ingredient2 14-1-89) (shaker-level shaker1 l1 15-1-94)
    add: (empty shot6 14-3-91) (shaker-level shaker1 l2 15-2-95) (contains shaker1 ingredient2 26-0-116)
    del: (contains shot6 ingredient2 14-1-89) (shaker-level shaker1 l1 15-1-94) (none-of-those 26-1-117)
  (pour-shot-to-used-shaker shot6 ingredient2 shaker1 right l1 l2), cost: 1
    pre: (holding right shot6 2-7-25) (unshaked shaker1 3-6-32) (contains shot6 ingredient2 14-1-89) (shaker-level shaker1 l1 15-1-94)
    add: (empty shot6 14-3-91) (shaker-level shaker1 l2 15-2-95) (contains shaker1 ingredient2 26-0-116)
    del: (contains shot6 ingredient2 14-1-89) (shaker-level shaker1 l1 15-1-94) (none-of-those 26-1-117)
  (pour-shot-to-used-shaker shot6 ingredient3 shaker1 left l1 l2), cost: 1
    pre: (holding left shot6 1-7-17) (unshaked shaker1 3-6-32) (contains shot6 ingredient3 14-2-90) (shaker-level shaker1 l1 15-1-94)
    add: (empty shot6 14-3-91) (shaker-level shaker1 l2 15-2-95) (contains shaker1 ingredient3 27-0-118)
    del: (contains shot6 ingredient3 14-2-90) (shaker-level shaker1 l1 15-1-94) (none-of-those 27-1-119)
  (pour-shot-to-used-shaker shot6 ingredient3 shaker1 right l1 l2), cost: 1
    pre: (holding right shot6 2-7-25) (unshaked shaker1 3-6-32) (contains shot6 ingredient3 14-2-90) (shaker-level shaker1 l1 15-1-94)
    add: (empty shot6 14-3-91) (shaker-level shaker1 l2 15-2-95) (contains shaker1 ingredient3 27-0-118)
    del: (contains shot6 ingredient3 14-2-90) (shaker-level shaker1 l1 15-1-94) (none-of-those 27-1-119)
  (refill-shot shot1 ingredient1 left right dispenser1), cost: 10
    pre: (holding left shot1 1-2-12) (handempty right 2-0-18) (used shot1 ingredient1 4-2-35) (empty shot1 9-3-66)
    add: (contains shot1 ingredient1 9-0-63)
    del: (empty shot1 9-3-66)
  (refill-shot shot1 ingredient1 right left dispenser1), cost: 10
    pre: (handempty left 1-0-10) (holding right shot1 2-2-20) (used shot1 ingredient1 4-2-35) (empty shot1 9-3-66)
    add: (contains shot1 ingredient1 9-0-63)
    del: (empty shot1 9-3-66)
  (refill-shot shot1 ingredient2 left right dispenser2), cost: 10
    pre: (holding left shot1 1-2-12) (handempty right 2-0-18) (used shot1 ingredient2 4-3-36) (empty shot1 9-3-66)
    add: (contains shot1 ingredient2 9-1-64)
    del: (empty shot1 9-3-66)
  (refill-shot shot1 ingredient2 right left dispenser2), cost: 10
    pre: (handempty left 1-0-10) (holding right shot1 2-2-20) (used shot1 ingredient2 4-3-36) (empty shot1 9-3-66)
    add: (contains shot1 ingredient2 9-1-64)
    del: (empty shot1 9-3-66)
  (refill-shot shot1 ingredient3 left right dispenser3), cost: 10
    pre: (holding left shot1 1-2-12) (handempty right 2-0-18) (used shot1 ingredient3 4-4-37) (empty shot1 9-3-66)
    add: (contains shot1 ingredient3 9-2-65)
    del: (empty shot1 9-3-66)
  (refill-shot shot1 ingredient3 right left dispenser3), cost: 10
    pre: (handempty left 1-0-10) (holding right shot1 2-2-20) (used shot1 ingredient3 4-4-37) (empty shot1 9-3-66)
    add: (contains shot1 ingredient3 9-2-65)
    del: (empty shot1 9-3-66)
  (refill-shot shot2 ingredient1 left right dispenser1), cost: 10
    pre: (holding left shot2 1-3-13) (handempty right 2-0-18) (used shot2 ingredient1 5-2-41) (empty shot2 10-3-71)
    add: (contains shot2 ingredient1 10-0-68)
    del: (empty shot2 10-3-71)
  (refill-shot shot2 ingredient1 right left dispenser1), cost: 10
    pre: (handempty left 1-0-10) (holding right shot2 2-3-21) (used shot2 ingredient1 5-2-41) (empty shot2 10-3-71)
    add: (contains shot2 ingredient1 10-0-68)
    del: (empty shot2 10-3-71)
  (refill-shot shot2 ingredient2 left right dispenser2), cost: 10
    pre: (holding left shot2 1-3-13) (handempty right 2-0-18) (used shot2 ingredient2 5-3-42) (empty shot2 10-3-71)
    add: (contains shot2 ingredient2 10-1-69)
    del: (empty shot2 10-3-71)
  (refill-shot shot2 ingredient2 right left dispenser2), cost: 10
    pre: (handempty left 1-0-10) (holding right shot2 2-3-21) (used shot2 ingredient2 5-3-42) (empty shot2 10-3-71)
    add: (contains shot2 ingredient2 10-1-69)
    del: (empty shot2 10-3-71)
  (refill-shot shot2 ingredient3 left right dispenser3), cost: 10
    pre: (holding left shot2 1-3-13) (handempty right 2-0-18) (used shot2 ingredient3 5-4-43) (empty shot2 10-3-71)
    add: (contains shot2 ingredient3 10-2-70)
    del: (empty shot2 10-3-71)
  (refill-shot shot2 ingredient3 right left dispenser3), cost: 10
    pre: (handempty left 1-0-10) (holding right shot2 2-3-21) (used shot2 ingredient3 5-4-43) (empty shot2 10-3-71)
    add: (contains shot2 ingredient3 10-2-70)
    del: (empty shot2 10-3-71)
  (refill-shot shot3 ingredient1 left right dispenser1), cost: 10
    pre: (holding left shot3 1-4-14) (handempty right 2-0-18) (used shot3 ingredient1 6-2-47) (empty shot3 11-3-76)
    add: (contains shot3 ingredient1 11-0-73)
    del: (empty shot3 11-3-76)
  (refill-shot shot3 ingredient1 right left dispenser1), cost: 10
    pre: (handempty left 1-0-10) (holding right shot3 2-4-22) (used shot3 ingredient1 6-2-47) (empty shot3 11-3-76)
    add: (contains shot3 ingredient1 11-0-73)
    del: (empty shot3 11-3-76)
  (refill-shot shot3 ingredient2 left right dispenser2), cost: 10
    pre: (holding left shot3 1-4-14) (handempty right 2-0-18) (used shot3 ingredient2 6-3-48) (empty shot3 11-3-76)
    add: (contains shot3 ingredient2 11-1-74)
    del: (empty shot3 11-3-76)
  (refill-shot shot3 ingredient2 right left dispenser2), cost: 10
    pre: (handempty left 1-0-10) (holding right shot3 2-4-22) (used shot3 ingredient2 6-3-48) (empty shot3 11-3-76)
    add: (contains shot3 ingredient2 11-1-74)
    del: (empty shot3 11-3-76)
  (refill-shot shot3 ingredient3 left right dispenser3), cost: 10
    pre: (holding left shot3 1-4-14) (handempty right 2-0-18) (used shot3 ingredient3 6-4-49) (empty shot3 11-3-76)
    add: (contains shot3 ingredient3 11-2-75)
    del: (empty shot3 11-3-76)
  (refill-shot shot3 ingredient3 right left dispenser3), cost: 10
    pre: (handempty left 1-0-10) (holding right shot3 2-4-22) (used shot3 ingredient3 6-4-49) (empty shot3 11-3-76)
    add: (contains shot3 ingredient3 11-2-75)
    del: (empty shot3 11-3-76)
  (refill-shot shot4 ingredient1 left right dispenser1), cost: 10
    pre: (holding left shot4 1-5-15) (handempty right 2-0-18) (used shot4 ingredient1 7-2-53) (empty shot4 12-3-81)
    add: (contains shot4 ingredient1 12-0-78)
    del: (empty shot4 12-3-81)
  (refill-shot shot4 ingredient1 right left dispenser1), cost: 10
    pre: (handempty left 1-0-10) (holding right shot4 2-5-23) (used shot4 ingredient1 7-2-53) (empty shot4 12-3-81)
    add: (contains shot4 ingredient1 12-0-78)
    del: (empty shot4 12-3-81)
  (refill-shot shot4 ingredient2 left right dispenser2), cost: 10
    pre: (holding left shot4 1-5-15) (handempty right 2-0-18) (used shot4 ingredient2 7-3-54) (empty shot4 12-3-81)
    add: (contains shot4 ingredient2 12-1-79)
    del: (empty shot4 12-3-81)
  (refill-shot shot4 ingredient2 right left dispenser2), cost: 10
    pre: (handempty left 1-0-10) (holding right shot4 2-5-23) (used shot4 ingredient2 7-3-54) (empty shot4 12-3-81)
    add: (contains shot4 ingredient2 12-1-79)
    del: (empty shot4 12-3-81)
  (refill-shot shot4 ingredient3 left right dispenser3), cost: 10
    pre: (holding left shot4 1-5-15) (handempty right 2-0-18) (used shot4 ingredient3 7-4-55) (empty shot4 12-3-81)
    add: (contains shot4 ingredient3 12-2-80)
    del: (empty shot4 12-3-81)
  (refill-shot shot4 ingredient3 right left dispenser3), cost: 10
    pre: (handempty left 1-0-10) (holding right shot4 2-5-23) (used shot4 ingredient3 7-4-55) (empty shot4 12-3-81)
    add: (contains shot4 ingredient3 12-2-80)
    del: (empty shot4 12-3-81)
  (refill-shot shot5 ingredient1 left right dispenser1), cost: 10
    pre: (holding left shot5 1-6-16) (handempty right 2-0-18) (used shot5 ingredient1 8-2-59) (empty shot5 13-3-86)
    add: (contains shot5 ingredient1 13-0-83)
    del: (empty shot5 13-3-86)
  (refill-shot shot5 ingredient1 right left dispenser1), cost: 10
    pre: (handempty left 1-0-10) (holding right shot5 2-6-24) (used shot5 ingredient1 8-2-59) (empty shot5 13-3-86)
    add: (contains shot5 ingredient1 13-0-83)
    del: (empty shot5 13-3-86)
  (refill-shot shot5 ingredient2 left right dispenser2), cost: 10
    pre: (holding left shot5 1-6-16) (handempty right 2-0-18) (used shot5 ingredient2 8-3-60) (empty shot5 13-3-86)
    add: (contains shot5 ingredient2 13-1-84)
    del: (empty shot5 13-3-86)
  (refill-shot shot5 ingredient2 right left dispenser2), cost: 10
    pre: (handempty left 1-0-10) (holding right shot5 2-6-24) (used shot5 ingredient2 8-3-60) (empty shot5 13-3-86)
    add: (contains shot5 ingredient2 13-1-84)
    del: (empty shot5 13-3-86)
  (refill-shot shot5 ingredient3 left right dispenser3), cost: 10
    pre: (holding left shot5 1-6-16) (handempty right 2-0-18) (used shot5 ingredient3 8-4-61) (empty shot5 13-3-86)
    add: (contains shot5 ingredient3 13-2-85)
    del: (empty shot5 13-3-86)
  (refill-shot shot5 ingredient3 right left dispenser3), cost: 10
    pre: (handempty left 1-0-10) (holding right shot5 2-6-24) (used shot5 ingredient3 8-4-61) (empty shot5 13-3-86)
    add: (contains shot5 ingredient3 13-2-85)
    del: (empty shot5 13-3-86)
  (refill-shot shot6 ingredient1 left right dispenser1), cost: 10
    pre: (used shot6 ingredient1 0-6-6) (holding left shot6 1-7-17) (handempty right 2-0-18) (empty shot6 14-3-91)
    add: (contains shot6 ingredient1 14-0-88)
    del: (empty shot6 14-3-91)
  (refill-shot shot6 ingredient1 right left dispenser1), cost: 10
    pre: (used shot6 ingredient1 0-6-6) (handempty left 1-0-10) (holding right shot6 2-7-25) (empty shot6 14-3-91)
    add: (contains shot6 ingredient1 14-0-88)
    del: (empty shot6 14-3-91)
  (refill-shot shot6 ingredient2 left right dispenser2), cost: 10
    pre: (used shot6 ingredient2 0-7-7) (holding left shot6 1-7-17) (handempty right 2-0-18) (empty shot6 14-3-91)
    add: (contains shot6 ingredient2 14-1-89)
    del: (empty shot6 14-3-91)
  (refill-shot shot6 ingredient2 right left dispenser2), cost: 10
    pre: (used shot6 ingredient2 0-7-7) (handempty left 1-0-10) (holding right shot6 2-7-25) (empty shot6 14-3-91)
    add: (contains shot6 ingredient2 14-1-89)
    del: (empty shot6 14-3-91)
  (refill-shot shot6 ingredient3 left right dispenser3), cost: 10
    pre: (used shot6 ingredient3 0-8-8) (holding left shot6 1-7-17) (handempty right 2-0-18) (empty shot6 14-3-91)
    add: (contains shot6 ingredient3 14-2-90)
    del: (empty shot6 14-3-91)
  (refill-shot shot6 ingredient3 right left dispenser3), cost: 10
    pre: (used shot6 ingredient3 0-8-8) (handempty left 1-0-10) (holding right shot6 2-7-25) (empty shot6 14-3-91)
    add: (contains shot6 ingredient3 14-2-90)
    del: (empty shot6 14-3-91)
  (shake cocktail1 ingredient2 ingredient3 shaker1 left right), cost: 1
    pre: (holding left shaker1 1-1-11) (handempty right 2-0-18) (unshaked shaker1 3-6-32) (contains shaker1 ingredient2 26-0-116) (contains shaker1 ingredient3 27-0-118)
    add: (contains shaker1 cocktail1 3-0-26) (shaked shaker1 23-0-110) (none-of-those 26-1-117) (none-of-those 27-1-119)
    del: (unshaked shaker1 3-6-32) (none-of-those 23-1-111) (contains shaker1 ingredient2 26-0-116) (contains shaker1 ingredient3 27-0-118)
  (shake cocktail1 ingredient2 ingredient3 shaker1 right left), cost: 1
    pre: (handempty left 1-0-10) (holding right shaker1 2-1-19) (unshaked shaker1 3-6-32) (contains shaker1 ingredient2 26-0-116) (contains shaker1 ingredient3 27-0-118)
    add: (contains shaker1 cocktail1 3-0-26) (shaked shaker1 23-0-110) (none-of-those 26-1-117) (none-of-those 27-1-119)
    del: (unshaked shaker1 3-6-32) (none-of-those 23-1-111) (contains shaker1 ingredient2 26-0-116) (contains shaker1 ingredient3 27-0-118)
  (shake cocktail2 ingredient3 ingredient2 shaker1 left right), cost: 1
    pre: (holding left shaker1 1-1-11) (handempty right 2-0-18) (unshaked shaker1 3-6-32) (contains shaker1 ingredient2 26-0-116) (contains shaker1 ingredient3 27-0-118)
    add: (contains shaker1 cocktail2 3-1-27) (shaked shaker1 23-0-110) (none-of-those 26-1-117) (none-of-those 27-1-119)
    del: (unshaked shaker1 3-6-32) (none-of-those 23-1-111) (contains shaker1 ingredient2 26-0-116) (contains shaker1 ingredient3 27-0-118)
  (shake cocktail2 ingredient3 ingredient2 shaker1 right left), cost: 1
    pre: (handempty left 1-0-10) (holding right shaker1 2-1-19) (unshaked shaker1 3-6-32) (contains shaker1 ingredient2 26-0-116) (contains shaker1 ingredient3 27-0-118)
    add: (contains shaker1 cocktail2 3-1-27) (shaked shaker1 23-0-110) (none-of-those 26-1-117) (none-of-those 27-1-119)
    del: (unshaked shaker1 3-6-32) (none-of-those 23-1-111) (contains shaker1 ingredient2 26-0-116) (contains shaker1 ingredient3 27-0-118)
  (shake cocktail3 ingredient3 ingredient1 shaker1 left right), cost: 1
    pre: (holding left shaker1 1-1-11) (handempty right 2-0-18) (unshaked shaker1 3-6-32) (contains shaker1 ingredient1 25-0-114) (contains shaker1 ingredient3 27-0-118)
    add: (contains shaker1 cocktail3 3-2-28) (shaked shaker1 23-0-110) (none-of-those 25-1-115) (none-of-those 27-1-119)
    del: (unshaked shaker1 3-6-32) (none-of-those 23-1-111) (contains shaker1 ingredient1 25-0-114) (contains shaker1 ingredient3 27-0-118)
  (shake cocktail3 ingredient3 ingredient1 shaker1 right left), cost: 1
    pre: (handempty left 1-0-10) (holding right shaker1 2-1-19) (unshaked shaker1 3-6-32) (contains shaker1 ingredient1 25-0-114) (contains shaker1 ingredient3 27-0-118)
    add: (contains shaker1 cocktail3 3-2-28) (shaked shaker1 23-0-110) (none-of-those 25-1-115) (none-of-those 27-1-119)
    del: (unshaked shaker1 3-6-32) (none-of-those 23-1-111) (contains shaker1 ingredient1 25-0-114) (contains shaker1 ingredient3 27-0-118)
  (shake cocktail4 ingredient1 ingredient3 shaker1 left right), cost: 1
    pre: (holding left shaker1 1-1-11) (handempty right 2-0-18) (unshaked shaker1 3-6-32) (contains shaker1 ingredient1 25-0-114) (contains shaker1 ingredient3 27-0-118)
    add: (contains shaker1 cocktail4 3-3-29) (shaked shaker1 23-0-110) (none-of-those 25-1-115) (none-of-those 27-1-119)
    del: (unshaked shaker1 3-6-32) (none-of-those 23-1-111) (contains shaker1 ingredient1 25-0-114) (contains shaker1 ingredient3 27-0-118)
  (shake cocktail4 ingredient1 ingredient3 shaker1 right left), cost: 1
    pre: (handempty left 1-0-10) (holding right shaker1 2-1-19) (unshaked shaker1 3-6-32) (contains shaker1 ingredient1 25-0-114) (contains shaker1 ingredient3 27-0-118)
    add: (contains shaker1 cocktail4 3-3-29) (shaked shaker1 23-0-110) (none-of-those 25-1-115) (none-of-those 27-1-119)
    del: (unshaked shaker1 3-6-32) (none-of-those 23-1-111) (contains shaker1 ingredient1 25-0-114) (contains shaker1 ingredient3 27-0-118)
  (shake cocktail5 ingredient1 ingredient2 shaker1 left right), cost: 1
    pre: (holding left shaker1 1-1-11) (handempty right 2-0-18) (unshaked shaker1 3-6-32) (contains shaker1 ingredient1 25-0-114) (contains shaker1 ingredient2 26-0-116)
    add: (contains shaker1 cocktail5 3-4-30) (shaked shaker1 23-0-110) (none-of-those 25-1-115) (none-of-those 26-1-117)
    del: (unshaked shaker1 3-6-32) (none-of-those 23-1-111) (contains shaker1 ingredient1 25-0-114) (contains shaker1 ingredient2 26-0-116)
  (shake cocktail5 ingredient1 ingredient2 shaker1 right left), cost: 1
    pre: (handempty left 1-0-10) (holding right shaker1 2-1-19) (unshaked shaker1 3-6-32) (contains shaker1 ingredient1 25-0-114) (contains shaker1 ingredient2 26-0-116)
    add: (contains shaker1 cocktail5 3-4-30) (shaked shaker1 23-0-110) (none-of-those 25-1-115) (none-of-those 26-1-117)
    del: (unshaked shaker1 3-6-32) (none-of-those 23-1-111) (contains shaker1 ingredient1 25-0-114) (contains shaker1 ingredient2 26-0-116)
Init State: (clean shot6 0-0-0) (handempty left 1-0-10) (handempty right 2-0-18) (empty shaker1 3-5-31) (clean shot1 4-0-33) (clean shot2 5-0-39) (clean shot3 6-0-45) (clean shot4 7-0-51) (clean shot5 8-0-57) (empty shot1 9-3-66) (empty shot2 10-3-71) (empty shot3 11-3-76) (empty shot4 12-3-81) (empty shot5 13-3-86) (empty shot6 14-3-91) (shaker-level shaker1 l0 15-0-93) (ontable shaker1 16-0-96) (ontable shot1 17-0-98) (ontable shot2 18-0-100) (ontable shot3 19-0-102) (ontable shot4 20-0-104) (ontable shot5 21-0-106) (ontable shot6 22-0-108) (none-of-those 23-1-111) (clean shaker1 24-0-112) (none-of-those 25-1-115) (none-of-those 26-1-117) (none-of-those 27-1-119)
Goal: (contains shot1 cocktail1 4-1-34) (contains shot2 cocktail5 5-1-40) (contains shot3 cocktail4 6-1-46) (contains shot4 cocktail2 7-1-52) (contains shot5 cocktail3 8-1-58)
Value: 60
